,3
먹다,0.029327848061439832
좋다,0.02647764031136582
오다,0.026428525166750608
졸업식,0.02538799898549158
강의실,0.02538799898549158
생각,0.025356657290825414
자다,0.025278883820823564
사람,0.025153281767935604
받다,0.025047262132356612
맛있다,0.024962659206248957
주다,0.024338496384168434
공부,0.024250705092649903
나오다,0.024206019281513887
꼬미,0.024198313380821266
쓰다,0.02409961415501772
사진,0.024053062500194313
찍다,0.023827761691386486
친구,0.023777653176967572
짜장면,0.0235195562638051
스냅,0.0235195562638051
넘다,0.02338796720873299
사다,0.023196361622259843
이제,0.023096722270989693
나다,0.02305610629093664
존나,0.022970055076278452
해주다,0.022910349366922995
시험,0.022910349366922995
알다,0.02273645447871635
카페,0.02273645447871635
수업,0.02269167893486712
알바,0.022646357334346643
적금,0.022600476193766587
시작,0.02257732144482009
써다,0.022554021524085706
끝나다,0.022435278989065388
버리다,0.022435278989065388
사실,0.022435278989065388
야구,0.022434915168933273
광주,0.022434915168933273
모르다,0.02241106831592265
돼다,0.022312616858280537
맞다,0.022312616858280537
살다,0.022262395483415992
아침,0.022237027977521907
다시,0.022159869665838647
귀엽다,0.022159869665838647
마싯다,0.022146917718269175
보고,0.022133790083838978
이렇다,0.022107526192310482
학교,0.021973348254301906
엠티,0.021930426184712446
밤샘,0.021930426184712446
이백이,0.021930426184712446
만들다,0.02183414377133398
엄마,0.021805666044370245
정말,0.021805666044370245
해보다,0.02174804744549408
저녁,0.0216599091203566
만나다,0.02156962957518273
되어다,0.02156962957518273
재밌다,0.021382212123814356
크다,0.021184838742498994
들어가다,0.021047181331717575
보내다,0.021047181331717575
처음,0.021011955236849598
티빙,0.020979474426200902
레포트,0.020979474426200902
정혁,0.020979474426200902
장지,0.020979474426200902
쿠캣,0.020979474426200902
펌킨리,0.020979474426200902
넥슨,0.020979474426200902
구라,0.020979474426200902
점심,0.020976392045044232
세대,0.02083483994196381
예쁘다,0.020830635121030592
준비,0.020830635121030592
마음,0.020793284804793723
때문,0.020793284804793723
기분,0.020793284804793723
생일,0.020793284804793723
미치다,0.020678927314746694
정도,0.020678927314746694
듣다,0.020640012559343942
출근,0.020600685999942355
두다,0.020600685999942355
힘들다,0.020560938827650987
언니,0.02052076194787418
좋아하다,0.02052076194787418
고민,0.02052076194787418
역시,0.020480145967821124
갈다,0.02039755756492762
남다,0.020355564743172985
지금,0.020355564743172985
넣다,0.020355564743172985
쓸다,0.02031309199306697
읽다,0.020270128217633736
보이다,0.020270128217633736
벌써,0.020226661930512403
차다,0.020226661930512403
말다,0.020182681237523585
운동,0.020182681237523585
놀다,0.02013817381713205
늘다,0.02013817381713205
긱사,0.020016190009911602
반지,0.020016190009911602
따다,0.019954614276609127
싫다,0.019907271914296847
웃기다,0.019907271914296847
한자,0.01988168118690115
한솥,0.01988168118690115
은지,0.01988168118690115
디스,0.01988168118690115
재봉틀,0.01988168118690115
시집,0.01988168118690115
과잠,0.01988168118690115
기출,0.01988168118690115
경이,0.01988168118690115
지민,0.01988168118690115
햇음,0.01988168118690115
지리다,0.01988168118690115
행복하다,0.019859318665949876
어제,0.019859318665949876
괜찮다,0.01981073856001793
생기다,0.01981073856001793
인생,0.01981073856001793
지다,0.01981073856001793
머리,0.019761514990283204
짜다,0.019761514990283204
개강,0.019761514990283204
올리다,0.01971163068178175
내다,0.01971163068178175
느낌,0.01971163068178175
커피,0.01960980718399931
나가다,0.01960980718399931
끄다,0.01960980718399931
프메,0.01956677267321144
졸다,0.01956677267321144
하랑,0.01956677267321144
로번,0.01956677267321144
펜슬,0.01956677267321144
장갑,0.01956677267321144
앞니,0.01956677267321144
먹음,0.019557829760723466
선물,0.01950511504448147
치다,0.019451641817126795
푸다,0.019355600144414523
쉬다,0.01934233025478461
주차,0.019286444612425596
대학생,0.019286444612425596
날씨,0.019286444612425596
카카오,0.01922970572125473
과제,0.01922970572125473
가보다,0.01922970572125473
도착,0.019172087122378563
퇴근,0.0191135611067762
설빙,0.019078228214311013
쌀국수,0.019078228214311013
서다,0.01899366925206722
완전,0.01899366925206722
기다리다,0.01899366925206722
새롭다,0.01893224099095719
교수,0.01893224099095719
추다,0.01893224099095719
뭔가,0.01893224099095719
떨어지다,0.018869780273892845
마지막,0.018869780273892845
이르다,0.018869780273892845
안되다,0.018806251800698844
달다,0.018806251800698844
아주,0.018741618429270544
원래,0.018741618429270544
동생,0.018741618429270544
아쉽다,0.018741618429270544
뜨다,0.018741618429270544
학기,0.01867584104515546
일주일,0.01860887841938348
월급,0.01860887841938348
아프다,0.01860887841938348
노래,0.01860887841938348
팀플,0.018583267370943287
핫팩,0.018583267370943287
아티스트,0.018583267370943287
훠궈,0.018583267370943287
미트,0.018583267370943287
철사,0.018583267370943287
아산,0.018583267370943287
개철,0.018583267370943287
너구리,0.018583267370943287
에스컬레이터,0.018583267370943287
쥬쥬,0.018583267370943287
코샤,0.018583267370943287
합주,0.018583267370943287
랩스,0.018583267370943287
정국,0.018583267370943287
서강대,0.018583267370943287
고름,0.018583267370943287
키티,0.018583267370943287
도토리,0.018583267370943287
두산,0.018583267370943287
인영,0.018583267370943287
브리핑,0.018583267370943287
막걸리,0.018583267370943287
솔지,0.018583267370943287
조명,0.018583267370943287
본디,0.018583267370943287
갈릭,0.018543088306965837
느끼하다,0.018543088306965837
버스,0.018540687053251924
만원,0.018540687053251924
사주다,0.018540687053251924
찾다,0.018540687053251924
금요일,0.018471221008602063
찌다,0.018471221008602063
들어오다,0.018471221008602063
항상,0.018471221008602063
다녀오다,0.018400431721928717
내일,0.018400431721928717
빠지다,0.018400431721928717
학원,0.018400431721928717
돈까스,0.01838477788858725
기억,0.018328267800439006
일어나다,0.018328267800439006
모으다,0.018328267800439006
위해,0.018179594967932353
입다,0.018179594967932353
걸다,0.018179594967932353
아빠,0.018102966991631178
바쁘다,0.018102966991631178
나르다,0.018102966991631178
새벽,0.018102966991631178
덥다,0.018102966991631178
별로,0.018102966991631178
정리,0.01802472567682684
소리,0.01802472567682684
거리,0.01802472567682684
한번,0.01802472567682684
학번,0.017951518584794247
피방,0.017951518584794247
후드,0.017951518584794247
목도리,0.017951518584794247
나쵸,0.017951518584794247
느끼다,0.017944801624758665
나중,0.017944801624758665
죽다,0.017944801624758665
밉다,0.017944801624758665
고기,0.017944801624758665
어이없다,0.017929838601137667
일요일,0.017863120860209806
기다,0.017863120860209806
놓다,0.017863120860209806
걱정,0.01777960442005747
정신,0.01777960442005747
애플,0.01777960442005747
문제,0.01777960442005747
하늘,0.01777960442005747
치킨,0.01777960442005747
채우다,0.01777960442005747
산책,0.01777960442005747
깊다,0.01769416789451822
기간,0.01769416789451822
진심,0.01769416789451822
보기,0.01769416789451822
추천,0.01769416789451822
월요일,0.01769416789451822
마시다,0.01769416789451822
이유,0.01769416789451822
회사,0.01769416789451822
난리,0.017684070684303797
근처,0.017606720914408073
챙기다,0.01751716657660965
여름,0.01751716657660965
걸리다,0.017425400798589064
예정,0.017425400798589064
강의,0.017425400798589064
가격,0.017425400798589064
고맙다,0.017425400798589064
적다,0.017425400798589064
나름,0.017425400798589064
타고,0.017425400798589064
바꾸다,0.017425400798589064
서울,0.017425400798589064
기절,0.017424251445050696
버터,0.017424251445050696
싸다,0.017331311591181335
주말,0.017331311591181335
끝내다,0.017331311591181335
자리,0.017331311591181335
잡다,0.017331311591181335
얼굴,0.017331311591181335
사랑,0.017331311591181335
늦다,0.017331311591181335
통장,0.017331311591181335
축하,0.017331311591181335
서울특별시,0.017331311591181335
강남구,0.017290199899661195
미루다,0.017234778236902417
야무지다,0.017234778236902417
상태,0.017234778236902417
저번,0.017234778236902417
방학,0.017234778236902417
졸업,0.017234778236902417
나서다,0.017234778236902417
제발,0.017234778236902417
그치다,0.017234778236902417
덕분,0.017234778236902417
생각나다,0.017234778236902417
오후,0.017234778236902417
게임,0.01713567035866623
토스,0.01713567035866623
매일,0.01713567035866623
직장인,0.01713567035866623
편하다,0.01713567035866623
자꾸,0.01713567035866623
지나가다,0.01713567035866623
얘기,0.01713567035866623
예전,0.01713567035866623
가장,0.017033846860883797
사고,0.017033846860883797
앉다,0.017033846860883797
라면,0.017033846860883797
제일,0.017033846860883797
피곤하다,0.017033846860883797
구경,0.017033846860883797
수요일,0.017033846860883797
크림,0.017033846860883797
귀찮다,0.017033846860883797
아이패드,0.017033846860883797
종강,0.017033846860883797
알레르기,0.016994137291850637
도림천,0.016994137291850637
퓌발,0.016994137291850637
발매,0.016994137291850637
데넘,0.016994137291850637
엔젤,0.016994137291850637
명수,0.016994137291850637
힘차다,0.016994137291850637
머리색,0.016994137291850637
박하다,0.016994137291850637
끄덕이다,0.016994137291850637
우사기,0.016994137291850637
교행,0.016994137291850637
폭탄,0.016994137291850637
벗기다,0.016994137291850637
슈니,0.016994137291850637
과음,0.016994137291850637
벨벳,0.016994137291850637
소박,0.016994137291850637
글패문,0.016994137291850637
이슬비,0.016994137291850637
도배,0.016994137291850637
빠다,0.016994137291850637
동방,0.016994137291850637
피카츄,0.016994137291850637
꿀잼,0.016994137291850637
후문,0.016994137291850637
고온,0.016994137291850637
경상남도,0.016994137291850637
치열,0.016994137291850637
거지같다,0.016994137291850637
치아바타,0.016994137291850637
올콘,0.016994137291850637
김명수,0.016994137291850637
처참하다,0.016994137291850637
주접,0.016994137291850637
마루,0.016994137291850637
캐럿,0.016994137291850637
제훈,0.016994137291850637
청라,0.016994137291850637
씨방,0.016994137291850637
유닛,0.016994137291850637
셔니,0.016994137291850637
롤러코스터,0.016994137291850637
담양,0.016994137291850637
해리포터,0.016994137291850637
캔두,0.016994137291850637
매화수,0.016994137291850637
개천절,0.016994137291850637
쪽문,0.016994137291850637
무궁,0.016994137291850637
로스,0.016994137291850637
회지,0.016994137291850637
주희,0.016994137291850637
마미,0.016994137291850637
망치다,0.016994137291850637
과방,0.016994137291850637
코엑스몰,0.016994137291850637
군청,0.016994137291850637
상어,0.016994137291850637
크아,0.016994137291850637
테라,0.016994137291850637
신청,0.016929154721365955
오빠,0.016929154721365955
가야,0.016929154721365955
화요일,0.016929154721365955
이쁘다,0.016929154721365955
대충,0.016929154721365955
주문,0.016929154721365955
생활,0.016929154721365955
다가,0.016929154721365955
얼음,0.016855309964695815
모니터,0.016855309964695815
인형,0.016855309964695815
새우,0.016855309964695815
우동,0.016855309964695815
먹기,0.01682142760807088
최고,0.01682142760807088
구매,0.01682142760807088
달라,0.01682142760807088
약속,0.01682142760807088
가지,0.01682142760807088
토요일,0.01682142760807088
중이,0.01682142760807088
살짝,0.01682142760807088
중간,0.01671048428931008
고양이,0.01671048428931008
라떼,0.01671048428931008
울다,0.01671048428931008
끼다,0.01671048428931008
땡기다,0.01671048428931008
배우다,0.01671048428931008
눕다,0.01671048428931008
케이크,0.01671048428931008
야하다,0.01671048428931008
멋지다,0.01671048428931008
그리다,0.01671048428931008
프로,0.016596126799263054
해도,0.016596126799263054
어렵다,0.016596126799263054
다르다,0.016596126799263054
눈물,0.016596126799263054
먼저,0.016596126799263054
붙이다,0.016596126799263054
동기,0.016596126799263054
연락,0.016596126799263054
분위기,0.016596126799263054
간식,0.016596126799263054
크리스마스,0.016596126799263054
가을,0.016596126799263054
음료,0.016596126799263054
주심,0.01654169602443111
과외,0.01654169602443111
담날,0.01654169602443111
기숙사,0.01654169602443111
패드,0.01654169602443111
김치,0.01654169602443111
넷플,0.016540458610499173
가로수길,0.016540458610499173
탕수육,0.016540458610499173
기특하다,0.016540458610499173
어어,0.016540458610499173
칭구,0.016540458610499173
불금,0.016540458610499173
보쌈,0.016540458610499173
환불,0.016540458610499173
뮤직,0.016540458610499173
빼빼로,0.016540458610499173
땅콩,0.016540458610499173
가죽,0.016540458610499173
베베,0.016540458610499173
녹음,0.016540458610499173
머거다,0.016540458610499173
서울시,0.016540458610499173
라멘,0.016540458610499173
넘어지다,0.016540458610499173
스피커,0.016540458610499173
아따,0.016540458610499173
안남다,0.016540458610499173
현질,0.016540458610499173
씹다,0.016540458610499173
마포구,0.016540458610499173
휴학,0.016478138312167344
얼른,0.016478138312167344
뛰다,0.016478138312167344
세상,0.016478138312167344
이후,0.016478138312167344
미리,0.016478138312167344
다음주,0.016478138312167344
스터디,0.016478138312167344
무섭다,0.016478138312167344
계획,0.016478138312167344
일이,0.016478138312167344
인간,0.016478138312167344
도서관,0.016356280667841682
잇다,0.016356280667841682
작다,0.016356280667841682
신기하다,0.016356280667841682
갖다,0.016356280667841682
물어보다,0.016356280667841682
사장,0.016356280667841682
붙다,0.016356280667841682
그거,0.016356280667841682
아무,0.016356280667841682
매우,0.016356280667841682
스벅,0.016356280667841682
오전,0.016356280667841682
쿠키,0.016356280667841682
선생님,0.016356280667841682
이상하다,0.016356280667841682
존맛,0.016356280667841682
담다,0.016356280667841682
이기다,0.016356280667841682
메뉴,0.016356280667841682
목요일,0.016356280667841682
신나다,0.01623029147758333
빠르다,0.01623029147758333
배고프다,0.01623029147758333
영화,0.01623029147758333
행복,0.01623029147758333
건지다,0.01623029147758333
사오다,0.01623029147758333
비싸다,0.01623029147758333
와중,0.01623029147758333
발견,0.01623029147758333
참다,0.01623029147758333
맥주,0.01623029147758333
스카,0.016204830886754513
미용실,0.016204830886754513
김밥,0.016204830886754513
여유,0.016099880722039946
종일,0.016099880722039946
케이스,0.016099880722039946
올해,0.016099880722039946
틀다,0.016099880722039946
찾아보다,0.016099880722039946
목표,0.01596472673013641
안녕,0.01596472673013641
당첨,0.01596472673013641
급하다,0.01596472673013641
음식,0.01596472673013641
식당,0.01596472673013641
바람,0.01596472673013641
요새,0.01596472673013641
겨울,0.01596472673013641
워치,0.01596472673013641
추억,0.01596472673013641
마르다,0.01596472673013641
카드,0.01596472673013641
부르다,0.01596472673013641
누가,0.01596472673013641
해봤다,0.01596472673013641
떠들다,0.01584098882014766
카레,0.01584098882014766
튀다,0.01584098882014766
체고,0.01584098882014766
헌혈,0.01584098882014766
성적,0.01584098882014766
서브웨이,0.01584098882014766
할로윈,0.01584098882014766
공연,0.01584098882014766
모든,0.015824471398813204
영상,0.015824471398813204
학년,0.015824471398813204
궁금하다,0.015824471398813204
제대로,0.015824471398813204
성공하다,0.015824471398813204
때리다,0.015824471398813204
드리다,0.015824471398813204
최애,0.015824471398813204
토익,0.015824471398813204
뻔하다,0.015824471398813204
스티커,0.015824471398813204
유튜브,0.015824471398813204
개다,0.015824471398813204
치즈,0.015824471398813204
추석,0.015824471398813204
학생,0.015824471398813204
전날,0.015824471398813204
내리다,0.015824471398813204
맞추다,0.015824471398813204
교정,0.015824471398813204
카뱅,0.015678714474799564
카톡,0.015678714474799564
지치다,0.015678714474799564
점점,0.015678714474799564
슬프다,0.015678714474799564
부분,0.015678714474799564
절대,0.015678714474799564
작년,0.015678714474799564
다행,0.015678714474799564
따르다,0.015678714474799564
아깝다,0.015678714474799564
깨다,0.015678714474799564
결과,0.015678714474799564
대체,0.015678714474799564
피자,0.015678714474799564
천원,0.015678714474799564
에어팟,0.015678714474799564
빼다,0.015678714474799564
이름,0.015678714474799564
식이,0.015678714474799564
불다,0.015678714474799564
지하철,0.015678714474799564
생선,0.015674945811244
죽음,0.015674945811244
동구,0.015674945811244
재질,0.015674945811244
여름방학,0.015674945811244
이빨,0.015674945811244
창고,0.015674945811244
연비,0.015674945811244
광산구,0.015674945811244
물리,0.015674945811244
모시다,0.015674945811244
기여,0.015674945811244
녹차,0.015674945811244
티셔츠,0.015674945811244
보임,0.015674945811244
실버,0.015674945811244
사귀다,0.015674945811244
우하하,0.015674945811244
을지로,0.015674945811244
공복,0.015674945811244
밀크,0.015674945811244
놀람,0.015674945811244
숙취,0.015674945811244
터미널,0.015674945811244
수박,0.015674945811244
가든,0.015674945811244
엎드리다,0.015674945811244
훔치다,0.015674945811244
음질,0.015674945811244
간지럽다,0.015674945811244
풀다,0.015527006668515666
예약,0.015527006668515666
회의,0.015527006668515666
남기다,0.015527006668515666
깔다,0.015527006668515666
대다,0.015527006668515666
빡치다,0.015527006668515666
기도,0.015527006668515666
돌아오다,0.015527006668515666
스트레스,0.015527006668515666
실습,0.015527006668515666
소비,0.015527006668515666
마무리,0.015527006668515666
확인,0.015527006668515666
필요하다,0.015527006668515666
가족,0.015527006668515666
굽다,0.015527006668515666
사먹다,0.015527006668515666
인스타,0.015527006668515666
개인,0.015527006668515666
즐겁다,0.015527006668515666
자르다,0.015527006668515666
똑같다,0.015527006668515666
피곤,0.015445469975990894
축구,0.015445469975990894
야식,0.015445469975990894
학식,0.015445469975990894
짬뽕,0.015445469975990894
족발,0.015445469975990894
광역시,0.015445469975990894
꼬치,0.015445469975990894
강사,0.015445469975990894
포즈,0.015445469975990894
레슨,0.015445469975990894
국밥,0.015445469975990894
아이스크림,0.01536884130164315
올라가다,0.01536884130164315
교육,0.01536884130164315
여자,0.01536884130164315
뒤지다,0.01536884130164315
대학,0.01536884130164315
나쁘다,0.01536884130164315
꾸다,0.01536884130164315
거지,0.01536884130164315
내용,0.01536884130164315
내년,0.01536884130164315
터지다,0.01536884130164315
중요하다,0.01536884130164315
돌리다,0.01536884130164315
칭찬,0.01536884130164315
조합,0.01536884130164315
개월,0.01536884130164315
수가,0.01536884130164315
떡볶이,0.01536884130164315
일어나서,0.01536884130164315
감성,0.01536884130164315
짧다,0.01536884130164315
날다,0.015203644096941955
은행,0.015203644096941955
쏘다,0.015203644096941955
사라지다,0.015203644096941955
결제,0.015203644096941955
자주,0.015203644096941955
사서,0.015203644096941955
쓰기,0.015203644096941955
다가오다,0.015203644096941955
즐기다,0.015203644096941955
밀리다,0.015203644096941955
새다,0.015203644096941955
지르다,0.015203644096941955
감사하다,0.015203644096941955
멀다,0.015203644096941955
편의점,0.015203644096941955
전화,0.015203644096941955
비다,0.015203644096941955
딸기,0.015203644096941955
콘서트,0.015203644096941955
포장,0.015203644096941955
솔직하다,0.015203644096941955
합격,0.015203644096941955
면접,0.015203644096941955
스럽다,0.015203644096941955
가져가다,0.015030760591292557
뿌듯하다,0.015030760591292557
기쁘다,0.015030760591292557
이틀,0.015030760591292557
할머니,0.015030760591292557
가방,0.015030760591292557
지원,0.015030760591292557
확실하다,0.015030760591292557
병원,0.015030760591292557
걸어가다,0.015030760591292557
타임,0.015030760591292557
모습,0.015030760591292557
재미,0.015030760591292557
직원,0.015030760591292557
당하다,0.015030760591292557
포스팅,0.015030760591292557
당황,0.015030760591292557
켜다,0.015030760591292557
대신,0.015030760591292557
뽑다,0.015030760591292557
사이,0.015030760591292557
꾸준하다,0.015030760591292557
자취,0.015030760591292557
세탁,0.015012228100539678
벗다,0.015012228100539678
환승,0.015012228100539678
고딩,0.015012228100539678
강연,0.015012228100539678
슬리퍼,0.015012228100539678
빵집,0.015012228100539678
모티브,0.015012228100539678
휴학생,0.015012228100539678
화이트,0.015012228100539678
특강,0.015012228100539678
노래방,0.015012228100539678
조지,0.015012228100539678
소품,0.015012228100539678
티켓팅,0.015012228100539678
품절,0.015012228100539678
소주,0.015012228100539678
반찬,0.015012228100539678
죄송하다,0.015012228100539678
양심,0.015012228100539678
정은,0.014945392294039338
댕겨,0.014945392294039338
대피,0.014945392294039338
대타,0.014945392294039338
정자,0.014945392294039338
정치,0.014945392294039338
재무관리,0.014945392294039338
자아,0.014945392294039338
동숲,0.014945392294039338
자두,0.014945392294039338
삐지다,0.014945392294039338
비둘기,0.014945392294039338
작은아씨,0.014945392294039338
투하,0.014945392294039338
태기,0.014945392294039338
태양,0.014945392294039338
가로등,0.014945392294039338
퇴원,0.014945392294039338
전라남도,0.014945392294039338
사월,0.014945392294039338
상남자,0.014945392294039338
가티,0.014945392294039338
휘핑기,0.014945392294039338
불호,0.014945392294039338
삼동,0.014945392294039338
동작구,0.014945392294039338
픽쳘,0.014945392294039338
역전,0.014945392294039338
메이플,0.014945392294039338
엔딩,0.014945392294039338
진창,0.014945392294039338
테런,0.014945392294039338
등분,0.014945392294039338
인터,0.014945392294039338
이재경,0.014945392294039338
이혜,0.014945392294039338
크롭티,0.014945392294039338
키스,0.014945392294039338
트윗,0.014945392294039338
파계,0.014945392294039338
기막히다,0.014945392294039338
쵝오,0.014945392294039338
최유진,0.014945392294039338
바스,0.014945392294039338
전도,0.014945392294039338
박혜원,0.014945392294039338
싸이렌,0.014945392294039338
바이올린,0.014945392294039338
십분,0.014945392294039338
싱겁다,0.014945392294039338
호관,0.014945392294039338
심볼,0.014945392294039338
반사,0.014945392294039338
급행,0.014945392294039338
콩알,0.014945392294039338
석식,0.014945392294039338
덕이,0.014945392294039338
전투,0.014945392294039338
밑그림,0.014945392294039338
먹여주다,0.014945392294039338
누움,0.014945392294039338
수완,0.014945392294039338
수연,0.014945392294039338
카야,0.014945392294039338
맥날,0.014945392294039338
예습,0.014945392294039338
영아,0.014945392294039338
영웅시대,0.014945392294039338
해금,0.014945392294039338
영동대로,0.014945392294039338
어금니,0.014945392294039338
혀키,0.014945392294039338
카스테라,0.014945392294039338
리머,0.014945392294039338
침착,0.014945392294039338
침펄,0.014945392294039338
김남길,0.014945392294039338
영등포구,0.014945392294039338
쥐뿔,0.014945392294039338
즁말,0.014945392294039338
다급하다,0.014945392294039338
말랑이,0.014945392294039338
해바라기,0.014945392294039338
매드,0.014945392294039338
아이캔,0.014945392294039338
채색,0.014945392294039338
참관,0.014945392294039338
찝찝하다,0.014945392294039338
애플펜슬,0.014945392294039338
김보성,0.014945392294039338
도예,0.014945392294039338
근심,0.014945392294039338
탐정,0.014945392294039338
금목서,0.014945392294039338
타구,0.014945392294039338
학생복,0.014945392294039338
임방울,0.014945392294039338
임나,0.014945392294039338
드므,0.014945392294039338
인티,0.014945392294039338
사감,0.014945392294039338
빌어,0.014945392294039338
빠바,0.014945392294039338
반실,0.014945392294039338
헌트,0.014945392294039338
밥버거,0.014945392294039338
노들섬,0.014945392294039338
진해구,0.014945392294039338
관악역,0.014945392294039338
노캔,0.014945392294039338
스탠드,0.014945392294039338
스포티파이,0.014945392294039338
벅벅,0.014945392294039338
화남,0.014945392294039338
쭈글,0.014945392294039338
폐강,0.014945392294039338
짙다,0.014945392294039338
페어,0.014945392294039338
에스테,0.014945392294039338
모교,0.014945392294039338
시크릿,0.014945392294039338
조커,0.014945392294039338
랜드,0.014945392294039338
유경,0.014945392294039338
서대문구,0.014945392294039338
생축,0.014945392294039338
서늘하다,0.014945392294039338
봉리,0.014945392294039338
소견,0.014945392294039338
볼트,0.014945392294039338
셔누,0.014945392294039338
세빛,0.014945392294039338
황인,0.014945392294039338
갈건,0.014945392294039338
서프라이즈,0.014945392294039338
애드,0.014945392294039338
뚱뚱,0.014945392294039338
뛰어오다,0.014945392294039338
랑드,0.014945392294039338
랩노쉬,0.014945392294039338
미카,0.014945392294039338
민지,0.014945392294039338
밍끼,0.014945392294039338
아교,0.014945392294039338
번쩍,0.014945392294039338
스티커사진,0.014945392294039338
담임,0.014945392294039338
젠바,0.014945392294039338
플립,0.014945392294039338
대본,0.014945392294039338
곳곳,0.014945392294039338
황이눅,0.014945392294039338
문지르다,0.014945392294039338
알록달록,0.014945392294039338
몸부림,0.014945392294039338
어캐,0.014945392294039338
커플룩,0.014945392294039338
송아,0.014945392294039338
솝트,0.014945392294039338
보습,0.014945392294039338
소코,0.014945392294039338
마왕,0.014945392294039338
마포,0.014945392294039338
중국집,0.014945392294039338
백예린,0.014945392294039338
츄러스,0.014945392294039338
나찌,0.014945392294039338
조휴일,0.014945392294039338
현선,0.014945392294039338
개총,0.014945392294039338
개기일식,0.014945392294039338
혜영,0.014945392294039338
혜린,0.014945392294039338
공주시,0.014945392294039338
단공,0.014945392294039338
리보,0.014945392294039338
리허설,0.014945392294039338
리턴,0.014945392294039338
경례,0.014945392294039338
마네,0.014945392294039338
마녀사냥,0.014945392294039338
닥터마틴,0.014945392294039338
프라이,0.014945392294039338
미당,0.014945392294039338
빌리다,0.01484944047547355
후회,0.01484944047547355
분명,0.01484944047547355
그게,0.01484944047547355
그림,0.01484944047547355
기프티콘,0.01484944047547355
이벤트,0.01484944047547355
벌다,0.01484944047547355
이해,0.01484944047547355
떨다,0.01484944047547355
나누다,0.01484944047547355
들이다,0.01484944047547355
파다,0.01484944047547355
배부르다,0.01484944047547355
우울하다,0.01484944047547355
다이어트,0.01484944047547355
미안하다,0.01484944047547355
믿다,0.01484944047547355
아끼다,0.01484944047547355
실화,0.01484944047547355
바뀌다,0.01484944047547355
시즌,0.01484944047547355
여행,0.01484944047547355
여기다,0.01484944047547355
망하다,0.01484944047547355
겠다,0.01484944047547355
연습,0.01484944047547355
진행,0.01484944047547355
사이즈,0.01484944047547355
지출,0.01484944047547355
장난,0.01484944047547355
샌드위치,0.01484944047547355
포인트,0.014658817913786901
관리,0.014658817913786901
만기,0.014658817913786901
만난,0.014658817913786901
먹어주다,0.014658817913786901
힘드다,0.014658817913786901
발표,0.014658817913786901
교통비,0.014658817913786901
축제,0.014658817913786901
이기,0.014658817913786901
초코,0.014658817913786901
수도,0.014658817913786901
방문,0.014658817913786901
남자,0.014658817913786901
간단하다,0.014658817913786901
휴대폰,0.014658817913786901
금방,0.014658817913786901
복학,0.014658817913786901
설명,0.014658817913786901
따뜻하다,0.014658817913786901
떠나다,0.014658817913786901
그것,0.014658817913786901
웃다,0.014658817913786901
남자친구,0.014658817913786901
자고,0.014658817913786901
키우다,0.014658817913786901
다행하다,0.014658817913786901
유성,0.014651261444998398
미숫가루,0.014651261444998398
구리다,0.014651261444998398
저건,0.014651261444998398
캐롤,0.014651261444998398
순두부,0.014651261444998398
베이글,0.014651261444998398
그저께,0.014651261444998398
깔깔,0.014651261444998398
코코넛,0.014651261444998398
콜라보,0.014651261444998398
드레스,0.014651261444998398
고마,0.014651261444998398
밤새다,0.014651261444998398
신기,0.014651261444998398
임티,0.014651261444998398
서연,0.014651261444998398
사진관,0.014651261444998398
폴바,0.014651261444998398
왁스,0.014651261444998398
다그치다,0.014651261444998398
명란,0.014651261444998398
열두시,0.014651261444998398
멀쩡하다,0.014651261444998398
낙서,0.014651261444998398
뭉치,0.014651261444998398
개조,0.014651261444998398
아이스티,0.014651261444998398
림프,0.014651261444998398
왕왕,0.014651261444998398
교실,0.014651261444998398
메밀,0.014651261444998398
무지개,0.014651261444998398
모금,0.014651261444998398
명랑,0.014651261444998398
주먹,0.014651261444998398
나빠지다,0.014651261444998398
로션,0.014651261444998398
단발,0.014651261444998398
푸파,0.014651261444998398
지랄,0.014651261444998398
안남,0.014651261444998398
체질,0.014651261444998398
우영,0.014651261444998398
웨어,0.014651261444998398
후식,0.014533301426643792
포토,0.014533301426643792
잘생기다,0.014533301426643792
흔들리다,0.014533301426643792
토스트,0.014533301426643792
수능,0.014533301426643792
추워지다,0.014533301426643792
스콘,0.014533301426643792
칼로리,0.014533301426643792
실내,0.014533301426643792
빨다,0.014533301426643792
해장,0.014533301426643792
해먹,0.014533301426643792
호선,0.014533301426643792
수다,0.014457886537768281
대한,0.014457886537768281
기념,0.014457886537768281
공간,0.014457886537768281
부럽다,0.014457886537768281
가면,0.014457886537768281
느껴지다,0.014457886537768281
상황,0.014457886537768281
집중,0.014457886537768281
노력,0.014457886537768281
연휴,0.014457886537768281
옛날,0.014457886537768281
할인,0.014457886537768281
결혼,0.014457886537768281
지키다,0.014457886537768281
사용,0.014457886537768281
내내,0.014457886537768281
과자,0.014457886537768281
애기,0.014457886537768281
며칠,0.014457886537768281
실패하다,0.014457886537768281
제출,0.014457886537768281
관심,0.014457886537768281
심심하다,0.014457886537768281
소식,0.014457886537768281
춥다,0.014457886537768281
감동,0.014457886537768281
하니,0.014457886537768281
필름,0.014457886537768281
가입,0.014245467284955364
디자인,0.014245467284955364
그대로,0.014245467284955364
쿠폰,0.014245467284955364
지나다,0.014245467284955364
열다,0.014245467284955364
만두,0.014245467284955364
올라오다,0.014245467284955364
완성,0.014245467284955364
포기,0.014245467284955364
해지,0.014245467284955364
돌아가다,0.014245467284955364
작업,0.014245467284955364
도전,0.014245467284955364
버티다,0.014245467284955364
까먹다,0.014245467284955364
드라마,0.014245467284955364
카메라,0.014245467284955364
이면,0.014245467284955364
이자,0.014245467284955364
파티,0.014245467284955364
가능하다,0.014245467284955364
금액,0.014245467284955364
센터,0.014245467284955364
서로,0.014245467284955364
기대,0.014245467284955364
흘리다,0.014245467284955364
최근,0.014245467284955364
끊다,0.014245467284955364
은근,0.014245467284955364
조만간,0.014245467284955364
차로,0.014245467284955364
거임,0.014245467284955364
알차다,0.014245467284955364
업무,0.014245467284955364
자랑,0.014245467284955364
외우다,0.014245467284955364
허다,0.014245467284955364
몰다,0.014245467284955364
무료,0.014245467284955364
오기,0.014245467284955364
하자,0.014020166476147539
제법,0.014020166476147539
전혀,0.014020166476147539
계절,0.014020166476147539
빨갛다,0.014020166476147539
도움,0.014020166476147539
세트,0.014020166476147539
소중하다,0.014020166476147539
들어서다,0.014020166476147539
벚꽃,0.014020166476147539
추가,0.014020166476147539
없어지다,0.014020166476147539
주택,0.014020166476147539
남아,0.014020166476147539
주변,0.014020166476147539
다리,0.014020166476147539
좋아지다,0.014020166476147539
무조건,0.014020166476147539
현실,0.014020166476147539
당연하다,0.014020166476147539
남편,0.014020166476147539
중간고사,0.014020166476147539
표정,0.014020166476147539
멋있다,0.014020166476147539
잊다,0.014020166476147539
돌다,0.014020166476147539
복학생,0.013997906955991521
핸드,0.013997906955991521
등교,0.013997906955991521
녹다,0.013997906955991521
먹이다,0.013997906955991521
노을,0.013997906955991521
마주치다,0.013997906955991521
진정하다,0.013997906955991521
룸메,0.013997906955991521
찔리다,0.013997906955991521
공기,0.013997906955991521
견디다,0.013997906955991521
운동화,0.013997906955991521
끝내주다,0.013997906955991521
도리,0.013997906955991521
상당하다,0.013997906955991521
트럭,0.013997906955991521
글구,0.013997906955991521
장학금,0.013997906955991521
시계,0.013997906955991521
배경화면,0.013997906955991521
배우,0.013997906955991521
묵다,0.013997906955991521
야채,0.013997906955991521
자전거,0.013780320344726165
가게,0.013780320344726165
광고,0.013780320344726165
얻다,0.013780320344726165
어울리다,0.013780320344726165
차갑다,0.013780320344726165
우유,0.013780320344726165
한참,0.013780320344726165
주행,0.013780320344726165
왜냐면,0.013780320344726165
모임,0.013780320344726165
반갑다,0.013780320344726165
청년,0.013780320344726165
나이,0.013780320344726165
청소,0.013780320344726165
꾸미다,0.013780320344726165
파스타,0.013780320344726165
아아,0.013780320344726165
고르다,0.013780320344726165
사르다,0.013780320344726165
장님,0.013780320344726165
쓴다,0.013780320344726165
청약,0.013780320344726165
선배,0.013780320344726165
취향,0.013780320344726165
헤헤,0.013780320344726165
안좋다,0.013780320344726165
런가,0.013780320344726165
끼리,0.013780320344726165
미니,0.013780320344726165
아이폰,0.013780320344726165
처리,0.013780320344726165
참고,0.013780320344726165
책상,0.013780320344726165
예금,0.013780320344726165
겁나다,0.013780320344726165
평일,0.013780320344726165
옮기다,0.013780320344726165
건강,0.013780320344726165
접수,0.013780320344726165
뱅크,0.013780320344726165
지갑,0.013780320344726165
손님,0.013780320344726165
잃어버리다,0.013780320344726165
재미있다,0.013780320344726165
별거,0.013780320344726165
일정,0.013780320344726165
길다,0.013780320344726165
본가,0.01352392039892443
누르다,0.01352392039892443
마리,0.01352392039892443
막히다,0.01352392039892443
오지,0.01352392039892443
마침,0.01352392039892443
과목,0.01352392039892443
검사,0.01352392039892443
한국,0.01352392039892443
의미,0.01352392039892443
대서,0.01352392039892443
눈치,0.01352392039892443
해오다,0.01352392039892443
예상,0.01352392039892443
토끼,0.01352392039892443
동아리,0.01352392039892443
데이트,0.01352392039892443
뿌리다,0.01352392039892443
사기,0.01352392039892443
한강,0.01352392039892443
뜯다,0.01352392039892443
핸드폰,0.01352392039892443
건물,0.01352392039892443
평소,0.01352392039892443
퀴즈,0.01352392039892443
돌아다니다,0.01352392039892443
틀리다,0.01352392039892443
웃기,0.01352392039892443
시원하다,0.01352392039892443
초록,0.01352392039892443
간만,0.01352392039892443
뭐라다,0.01352392039892443
연애,0.01352392039892443
높다,0.01352392039892443
신발,0.01352392039892443
찾아오다,0.01352392039892443
신다,0.01352392039892443
신경,0.01352392039892443
치료,0.01352392039892443
취업,0.01352392039892443
습하다,0.01352392039892443
배달,0.01352392039892443
질리다,0.01352392039892443
엄청나다,0.01352392039892443
줍다,0.01352392039892443
용돈,0.01352392039892443
여성,0.01352392039892443
내주다,0.01352392039892443
어쨌든,0.01352392039892443
무려,0.01352392039892443
지압,0.01339837303769376
피아노,0.01339837303769376
재킷,0.01339837303769376
이용권,0.01339837303769376
뿌듯,0.01339837303769376
이삭,0.01339837303769376
탈락,0.01339837303769376
들깨,0.01339837303769376
환장하다,0.01339837303769376
소정,0.01339837303769376
보건,0.01339837303769376
각도,0.01339837303769376
손바닥,0.01339837303769376
베이컨,0.01339837303769376
김치전,0.01339837303769376
길가,0.01339837303769376
포차,0.01339837303769376
년전,0.01339837303769376
열공,0.01339837303769376
맥스,0.01339837303769376
지현,0.01339837303769376
이론,0.01339837303769376
연남,0.01339837303769376
놀래다,0.01339837303769376
게스트,0.01339837303769376
다가가다,0.01339837303769376
클립,0.01339837303769376
공책,0.01339837303769376
예능,0.01339837303769376
맘터,0.01339837303769376
와사비,0.01339837303769376
오로라,0.01339837303769376
양산,0.01339837303769376
구역,0.01339837303769376
카공,0.01339837303769376
스파이,0.01339837303769376
백퍼,0.01339837303769376
스쿨,0.01339837303769376
쉬는시간,0.01339837303769376
정류장,0.01339837303769376
대전광역시,0.01339837303769376
젊은이,0.01339837303769376
데려오다,0.01339837303769376
인절미,0.01339837303769376
이브닝,0.01339837303769376
젠장,0.01339837303769376
식탁,0.01339837303769376
개맛,0.01339837303769376
에타,0.01339837303769376
낭낭,0.01339837303769376
어그,0.01339837303769376
민초,0.01339837303769376
식장,0.01339837303769376
배터리,0.01339837303769376
강릉,0.01339837303769376
밥상,0.01339837303769376
취뽀,0.01339837303769376
물들다,0.01339837303769376
배드민턴,0.01339837303769376
광명,0.01339837303769376
메시지,0.01339837303769376
멘토,0.01339837303769376
우드,0.01339837303769376
외계인,0.01339837303769376
관절,0.01339837303769376
초밥,0.01339837303769376
학회,0.01339837303769376
뚜레쥬르,0.01339837303769376
조음,0.01339837303769376
달라붙다,0.01339837303769376
조짐,0.01339837303769376
프제,0.01339837303769376
형부,0.01339837303769376
관종,0.01339837303769376
낙엽,0.01339837303769376
낙곱새,0.01339837303769376
런닝,0.01339837303769376
셔틀,0.01339837303769376
효자,0.01339837303769376
탄수화물,0.01339837303769376
브라우니,0.01339837303769376
파랑,0.01339837303769376
티라미수,0.01339837303769376
하이파이브,0.01339837303769376
세미,0.01339837303769376
세로,0.01339837303769376
부러지다,0.01339837303769376
설탕,0.01339837303769376
쿠션,0.01339837303769376
틴트,0.01339837303769376
선언,0.01339837303769376
뒤죽박죽,0.01339837303769376
튀기다,0.01339837303769376
입양,0.01339837303769376
잠기다,0.01339837303769376
자퇴,0.01339837303769376
가사,0.013390926766771104
키트,0.013390926766771104
요나,0.013390926766771104
마늘,0.013390926766771104
숫자,0.013390926766771104
월드컵,0.013390926766771104
통학,0.013390926766771104
초딩,0.013390926766771104
뚜껑,0.013390926766771104
음료수,0.013390926766771104
생신,0.013390926766771104
규칙,0.013390926766771104
구이,0.013390926766771104
하체,0.013390926766771104
만지다,0.013390926766771104
오타쿠,0.013390926766771104
게시,0.013390926766771104
붕어빵,0.013390926766771104
수육,0.013390926766771104
의자,0.013390926766771104
대여,0.013390926766771104
보관,0.013390926766771104
정석,0.013390926766771104
반기다,0.013390926766771104
호박,0.013390926766771104
체험,0.013390926766771104
바닐라,0.013390926766771104
작가,0.013248511075697692
불편하다,0.013248511075697692
기사,0.013248511075697692
헬스장,0.013248511075697692
화면,0.013248511075697692
홍대,0.013248511075697692
어차피,0.013248511075697692
점수,0.013248511075697692
죽이다,0.013248511075697692
사업,0.013248511075697692
사무실,0.013248511075697692
서비스,0.013248511075697692
안나,0.013248511075697692
위치,0.013248511075697692
조용하다,0.013248511075697692
한주,0.013248511075697692
물다,0.013248511075697692
알아보다,0.013248511075697692
방법,0.013248511075697692
스토리,0.013248511075697692
낫다,0.013248511075697692
주의,0.013248511075697692
찍히다,0.013248511075697692
다양하다,0.013248511075697692
인증,0.013248511075697692
지내다,0.013248511075697692
목소리,0.013248511075697692
지각,0.013248511075697692
굳다,0.013248511075697692
인턴,0.013248511075697692
동네,0.013248511075697692
만족,0.013248511075697692
감정,0.013248511075697692
마이,0.013248511075697692
영어,0.013248511075697692
짜증나다,0.013248511075697692
당근,0.013248511075697692
달달,0.013248511075697692
려고,0.013248511075697692
성공,0.013248511075697692
커플,0.013248511075697692
건강하다,0.013248511075697692
안주,0.013248511075697692
바르다,0.013248511075697692
그동안,0.013248511075697692
선택,0.013248511075697692
부족하다,0.012951046345400154
힐링,0.012951046345400154
잘못,0.012951046345400154
두번째,0.012951046345400154
하이,0.012951046345400154
부탁,0.012951046345400154
우산,0.012951046345400154
졸리다,0.012951046345400154
단백질,0.012951046345400154
베다,0.012951046345400154
문자,0.012951046345400154
알람,0.012951046345400154
현재,0.012951046345400154
심하다,0.012951046345400154
씻다,0.012951046345400154
아기,0.012951046345400154
꺼내다,0.012951046345400154
치우다,0.012951046345400154
배송,0.012951046345400154
백수,0.012951046345400154
강아지,0.012951046345400154
근무,0.012951046345400154
근황,0.012951046345400154
금리,0.012951046345400154
컴활,0.012951046345400154
컬러,0.012951046345400154
기차,0.012951046345400154
기대하다,0.012951046345400154
설레다,0.012951046345400154
한잔,0.012951046345400154
로그인,0.012951046345400154
참여,0.012951046345400154
쌓이다,0.012951046345400154
체력,0.012951046345400154
습관,0.012951046345400154
째다,0.012951046345400154
다짐,0.012951046345400154
직접,0.012951046345400154
노트북,0.012951046345400154
연속,0.012951046345400154
학과,0.012951046345400154
떼다,0.012951046345400154
화이팅,0.012951046345400154
대전,0.012951046345400154
응원,0.012951046345400154
여전하다,0.012951046345400154
걷다,0.012951046345400154
편지,0.012951046345400154
차이,0.012951046345400154
엉덩이,0.012951046345400154
모이다,0.012951046345400154
멀리,0.012951046345400154
가성,0.012951046345400154
매장,0.012951046345400154
해결,0.012951046345400154
비용,0.012951046345400154
살리다,0.012951046345400154
옥수수,0.012951046345400154
결혼식,0.012951046345400154
만이,0.012951046345400154
표현,0.012951046345400154
순간,0.012951046345400154
화장실,0.012951046345400154
데리다,0.012951046345400154
저러다,0.012951046345400154
전공,0.012951046345400154
테이,0.012951046345400154
투썸,0.012951046345400154
희다,0.012951046345400154
꽂다,0.012690219562487651
코딩,0.012690219562487651
능력,0.012690219562487651
뻗다,0.012690219562487651
오락실,0.012690219562487651
연주,0.012690219562487651
들르다,0.012690219562487651
화이,0.012690219562487651
마카,0.012690219562487651
타코야끼,0.012690219562487651
멘트,0.012690219562487651
어쩜,0.012690219562487651
문장,0.012690219562487651
짝꿍,0.012690219562487651
상치,0.012690219562487651
님들,0.012690219562487651
지니,0.012690219562487651
뭐임,0.012690219562487651
모자이크,0.012690219562487651
번만,0.012690219562487651
사랑스럽다,0.012690219562487651
아트,0.012690219562487651
게으르다,0.012690219562487651
거치,0.012690219562487651
대고,0.012690219562487651
고리,0.012690219562487651
걸치다,0.012690219562487651
구석,0.012690219562487651
쩔다,0.012690219562487651
프사,0.012690219562487651
마우스,0.012690219562487651
깨지다,0.012690219562487651
생살,0.012690219562487651
범죄,0.012690219562487651
버즈,0.012690219562487651
파우치,0.012690219562487651
막국수,0.012690219562487651
요가,0.012690219562487651
저금,0.012690219562487651
셔츠,0.012690219562487651
광장,0.012690219562487651
사가,0.012690219562487651
밟다,0.012690219562487651
헬스,0.012690219562487651
산업,0.012690219562487651
심해지다,0.012690219562487651
복숭아,0.012690219562487651
의집,0.012690219562487651
이디야,0.012690219562487651
냉면,0.012690219562487651
전골,0.012690219562487651
낭만,0.012690219562487651
전역,0.012690219562487651
무게,0.012690219562487651
용산,0.012690219562487651
시킴,0.012690219562487651
베리,0.012690219562487651
리스,0.012690219562487651
어쩌구,0.012690219562487651
주민,0.012690219562487651
수원,0.012690219562487651
염색,0.012690219562487651
취침,0.012690219562487651
지우다,0.012627683773826441
본인,0.012627683773826441
잖다,0.012627683773826441
성인,0.012627683773826441
마냥,0.012627683773826441
수정,0.012627683773826441
말리다,0.012627683773826441
마치다,0.012627683773826441
갈아타다,0.012627683773826441
고생,0.012627683773826441
마스크,0.012627683773826441
미래,0.012627683773826441
아이돌,0.012627683773826441
완료,0.012627683773826441
야근,0.012627683773826441
차리다,0.012627683773826441
왼쪽,0.012627683773826441
세우다,0.012627683773826441
보여주다,0.012627683773826441
모드,0.012627683773826441
택배,0.012627683773826441
자격증,0.012627683773826441
대화,0.012627683773826441
잔뜩,0.012627683773826441
웃음,0.012627683773826441
자체,0.012627683773826441
어리다,0.012627683773826441
도로,0.012627683773826441
탈출,0.012627683773826441
후다닥,0.012627683773826441
녀석,0.012627683773826441
말씀,0.012627683773826441
점심시간,0.012627683773826441
다방,0.012627683773826441
곱창,0.012627683773826441
커지다,0.012627683773826441
감독,0.012627683773826441
기능,0.012627683773826441
사려,0.012627683773826441
계정,0.012627683773826441
샐러드,0.012627683773826441
계좌,0.012627683773826441
상담,0.012627683773826441
바라다,0.012627683773826441
다이소,0.012627683773826441
고등학교,0.012627683773826441
열리다,0.012627683773826441
사보다,0.012627683773826441
등록,0.012627683773826441
토마토,0.012627683773826441
디저트,0.012627683773826441
오픈,0.012627683773826441
충전,0.012627683773826441
푸드,0.012627683773826441
인사,0.012627683773826441
실기,0.012627683773826441
일지,0.012627683773826441
휴가,0.012627683773826441
가깝다,0.012627683773826441
스타일,0.012627683773826441
굳이,0.012627683773826441
망고,0.012627683773826441
힘내다,0.012627683773826441
아저씨,0.012627683773826441
캡쳐,0.012627683773826441
모양,0.012627683773826441
지나,0.012627683773826441
주신,0.012627683773826441
기상,0.012627683773826441
들어주다,0.012627683773826441
바지,0.012627683773826441
인터넷,0.012627683773826441
트리,0.012627683773826441
계란,0.012627683773826441
계단,0.012627683773826441
풀리다,0.012627683773826441
가득,0.012627683773826441
보지,0.012273480152358037
손가락,0.012273480152358037
수당,0.012273480152358037
장만,0.012273480152358037
도시락,0.012273480152358037
이용,0.012273480152358037
감사,0.012273480152358037
관련,0.012273480152358037
이서,0.012273480152358037
핑크,0.012273480152358037
의지,0.012273480152358037
계산,0.012273480152358037
근로,0.012273480152358037
소소하다,0.012273480152358037
마감,0.012273480152358037
이사,0.012273480152358037
데이,0.012273480152358037
소스,0.012273480152358037
하필,0.012273480152358037
아래,0.012273480152358037
안경,0.012273480152358037
스타벅스,0.012273480152358037
일도,0.012273480152358037
많아지다,0.012273480152358037
버거,0.012273480152358037
만남,0.012273480152358037
호다닥,0.012273480152358037
시기,0.012273480152358037
술집,0.012273480152358037
착하다,0.012273480152358037
벌이다,0.012273480152358037
유명하다,0.012273480152358037
구름,0.012273480152358037
나머지,0.012273480152358037
잡고,0.012273480152358037
만해,0.012273480152358037
멘탈,0.012273480152358037
결정,0.012273480152358037
위로,0.012273480152358037
원하다,0.012273480152358037
월일,0.012273480152358037
안다,0.012273480152358037
평가,0.012273480152358037
넘어서다,0.012273480152358037
출발,0.012273480152358037
충격,0.012273480152358037
시절,0.012273480152358037
페이,0.012273480152358037
넓다,0.012273480152358037
내려오다,0.012273480152358037
여러,0.012273480152358037
나야,0.012273480152358037
살기,0.012273480152358037
첫날,0.012273480152358037
공개,0.012273480152358037
가까이,0.012273480152358037
업다,0.012273480152358037
연말,0.012273480152358037
경기도,0.012273480152358037
피다,0.012273480152358037
주식,0.012273480152358037
귀가,0.012273480152358037
주도,0.012273480152358037
주일,0.012273480152358037
놓치다,0.012273480152358037
지난,0.012273480152358037
모자,0.012273480152358037
달라지다,0.012273480152358037
퇴사,0.012273480152358037
무겁다,0.012273480152358037
양말,0.012273480152358037
완벽하다,0.012273480152358037
가리다,0.012273480152358037
세다,0.012273480152358037
막상,0.012273480152358037
택시,0.012273480152358037
할아버지,0.012273480152358037
와플,0.012273480152358037
가지다,0.012273480152358037
가능,0.012273480152358037
다시다,0.012273480152358037
요일,0.012273480152358037
전화하다,0.012273480152358037
헉스,0.012057848398988822
유발,0.012057848398988822
왓다,0.012057848398988822
겉모습,0.012057848398988822
해설,0.012057848398988822
한강대로,0.012057848398988822
권법,0.012057848398988822
권태기,0.012057848398988822
궁평항,0.012057848398988822
오자,0.012057848398988822
왓음,0.012057848398988822
주호민,0.012057848398988822
철분,0.012057848398988822
유성우,0.012057848398988822
오만원,0.012057848398988822
흉부,0.012057848398988822
가발,0.012057848398988822
오크,0.012057848398988822
어질다,0.012057848398988822
풀림,0.012057848398988822
혁진,0.012057848398988822
레깅스,0.012057848398988822
아카라카,0.012057848398988822
다양,0.012057848398988822
사마귀,0.012057848398988822
개그,0.012057848398988822
사막,0.012057848398988822
주의보,0.012057848398988822
혜서니,0.012057848398988822
미국사,0.012057848398988822
아티,0.012057848398988822
호로,0.012057848398988822
아련하다,0.012057848398988822
테이큰,0.012057848398988822
미추홀,0.012057848398988822
호두까기,0.012057848398988822
뿌옇다,0.012057848398988822
비적,0.012057848398988822
빌런,0.012057848398988822
아가미,0.012057848398988822
청력,0.012057848398988822
만면,0.012057848398988822
괜춘,0.012057848398988822
광주시,0.012057848398988822
사격,0.012057848398988822
포토시,0.012057848398988822
과락,0.012057848398988822
사르르,0.012057848398988822
아스,0.012057848398988822
주더,0.012057848398988822
캔디,0.012057848398988822
차끌,0.012057848398988822
내비,0.012057848398988822
아량,0.012057848398988822
밀지,0.012057848398988822
밀양,0.012057848398988822
아기자기,0.012057848398988822
호강,0.012057848398988822
아메리칸,0.012057848398988822
유니폼,0.012057848398988822
랩실,0.012057848398988822
산딸기,0.012057848398988822
찍움,0.012057848398988822
이러닝,0.012057848398988822
공조,0.012057848398988822
의정부,0.012057848398988822
훌륭,0.012057848398988822
사철,0.012057848398988822
찡찡거리다,0.012057848398988822
라떼아트,0.012057848398988822
다음생,0.012057848398988822
학구,0.012057848398988822
중매,0.012057848398988822
학계,0.012057848398988822
니야,0.012057848398988822
떡값,0.012057848398988822
딸기스무디,0.012057848398988822
구질,0.012057848398988822
비스트,0.012057848398988822
굴다리,0.012057848398988822
비브람,0.012057848398988822
오랭,0.012057848398988822
엇음,0.012057848398988822
오디오,0.012057848398988822
니니,0.012057848398988822
꼬미데리,0.012057848398988822
어우리,0.012057848398988822
프라이데이,0.012057848398988822
프라임,0.012057848398988822
바인더,0.012057848398988822
프라자,0.012057848398988822
늙은이,0.012057848398988822
라이거,0.012057848398988822
궐동,0.012057848398988822
한양대,0.012057848398988822
티격태격,0.012057848398988822
러썸,0.012057848398988822
주물,0.012057848398988822
캉스,0.012057848398988822
찡그리다,0.012057848398988822
똥줄,0.012057848398988822
윤슬,0.012057848398988822
음대,0.012057848398988822
중정,0.012057848398988822
심야식당,0.012057848398988822
공홈,0.012057848398988822
포테이토,0.012057848398988822
구트,0.012057848398988822
산세베리아,0.012057848398988822
유급,0.012057848398988822
레이즈,0.012057848398988822
위증,0.012057848398988822
카와이,0.012057848398988822
칠천원,0.012057848398988822
친화력,0.012057848398988822
꼬들,0.012057848398988822
우취,0.012057848398988822
어무니,0.012057848398988822
김혜진,0.012057848398988822
김해,0.012057848398988822
친자,0.012057848398988822
갱지,0.012057848398988822
치돈,0.012057848398988822
헤이스,0.012057848398988822
몰트,0.012057848398988822
어니언,0.012057848398988822
어지럼증,0.012057848398988822
애옹,0.012057848398988822
막콘,0.012057848398988822
문래,0.012057848398988822
취했다,0.012057848398988822
물만두,0.012057848398988822
물레방아,0.012057848398988822
개임,0.012057848398988822
몰랑이,0.012057848398988822
꼴등,0.012057848398988822
치실,0.012057848398988822
왕관,0.012057848398988822
릴라,0.012057848398988822
마이크,0.012057848398988822
왕뚜껑,0.012057848398988822
한화,0.012057848398988822
마리모,0.012057848398988822
와촌면,0.012057848398988822
취했나봐,0.012057848398988822
난건,0.012057848398988822
우주인,0.012057848398988822
우기다,0.012057848398988822
무웅,0.012057848398988822
무오,0.012057848398988822
무서움,0.012057848398988822
양재천,0.012057848398988822
어물,0.012057848398988822
몬파,0.012057848398988822
무새,0.012057848398988822
무럭이,0.012057848398988822
혀누,0.012057848398988822
난입,0.012057848398988822
괄사,0.012057848398988822
관평동,0.012057848398988822
원전,0.012057848398988822
몽글몽글하다,0.012057848398988822
무례하다,0.012057848398988822
합본,0.012057848398988822
문예지,0.012057848398988822
마가렛,0.012057848398988822
물방울,0.012057848398988822
물임,0.012057848398988822
야심,0.012057848398988822
앙하다,0.012057848398988822
문단속,0.012057848398988822
알바로,0.012057848398988822
루꼴,0.012057848398988822
루나,0.012057848398988822
용용,0.012057848398988822
할라피뇨,0.012057848398988822
난생,0.012057848398988822
나선,0.012057848398988822
파파라치,0.012057848398988822
철길,0.012057848398988822
헛구역질,0.012057848398988822
경인,0.012057848398988822
경제권,0.012057848398988822
웅디,0.012057848398988822
오비,0.012057848398988822
헌화,0.012057848398988822
에그인헬,0.012057848398988822
엣살티,0.012057848398988822
목공,0.012057848398988822
엑스포,0.012057848398988822
멸종,0.012057848398988822
헐레벌떡,0.012057848398988822
척도,0.012057848398988822
엔젤리너스,0.012057848398988822
개킹,0.012057848398988822
건네주다,0.012057848398988822
초록색,0.012057848398988822
나리,0.012057848398988822
게놀,0.012057848398988822
마추,0.012057848398988822
마킹,0.012057848398988822
얼스,0.012057848398988822
얼그레이,0.012057848398988822
치프,0.012057848398988822
양재,0.012057848398988822
아우,0.012057848398988822
미하,0.012057848398988822
미쿠,0.012057848398988822
에스프레소,0.012057848398988822
왼손잡이,0.012057848398988822
용복,0.012057848398988822
압밥,0.012057848398988822
알유,0.012057848398988822
나약하다,0.012057848398988822
로망스,0.012057848398988822
외숙모,0.012057848398988822
악수,0.012057848398988822
마르고,0.012057848398988822
월송동,0.012057848398988822
철판,0.012057848398988822
체면,0.012057848398988822
청파동,0.012057848398988822
로망,0.012057848398988822
경아,0.012057848398988822
미끄럽다,0.012057848398988822
날기,0.012057848398988822
채광,0.012057848398988822
편곡,0.012057848398988822
원툴,0.012057848398988822
모녀,0.012057848398988822
움돈,0.012057848398988822
로컬,0.012057848398988822
우현,0.012057848398988822
행선,0.012057848398988822
얼렁뚱땅,0.012057848398988822
롬앤,0.012057848398988822
루카,0.012057848398988822
루치아,0.012057848398988822
남문,0.012057848398988822
뭐해,0.012057848398988822
룩스,0.012057848398988822
더러워지다,0.012057848398988822
정자역,0.012057848398988822
지느러미,0.012057848398988822
부상,0.012057848398988822
피크,0.012057848398988822
고양,0.012057848398988822
고어,0.012057848398988822
점핑,0.012057848398988822
논픽션,0.012057848398988822
비바람,0.012057848398988822
봉봉,0.012057848398988822
보이즈,0.012057848398988822
속물,0.012057848398988822
타르,0.012057848398988822
덕성여대,0.012057848398988822
전단지,0.012057848398988822
봐줘잉,0.012057848398988822
성원,0.012057848398988822
성윤,0.012057848398988822
농땡,0.012057848398988822
공가,0.012057848398988822
지도자,0.012057848398988822
조직학,0.012057848398988822
담양군,0.012057848398988822
담낭,0.012057848398988822
과티,0.012057848398988822
접선,0.012057848398988822
정현,0.012057848398988822
지적,0.012057848398988822
피트,0.012057848398988822
성탄,0.012057848398988822
세고,0.012057848398988822
성민,0.012057848398988822
글러,0.012057848398988822
성세정,0.012057848398988822
간호학,0.012057848398988822
섭웨,0.012057848398988822
선톡,0.012057848398988822
갈고,0.012057848398988822
부라,0.012057848398988822
놈임,0.012057848398988822
회관,0.012057848398988822
더피,0.012057848398988822
직보,0.012057848398988822
포캠,0.012057848398988822
진국,0.012057848398988822
보성,0.012057848398988822
소울푸드,0.012057848398988822
던킨,0.012057848398988822
회계사,0.012057848398988822
타도,0.012057848398988822
소화기,0.012057848398988822
복각,0.012057848398988822
전리품,0.012057848398988822
뎀스,0.012057848398988822
진지,0.012057848398988822
적분,0.012057848398988822
튀어,0.012057848398988822
전반전,0.012057848398988822
장아찌,0.012057848398988822
필끼,0.012057848398988822
회덮밥,0.012057848398988822
뇌파,0.012057848398988822
진임,0.012057848398988822
농구부,0.012057848398988822
글리터,0.012057848398988822
고함,0.012057848398988822
골다,0.012057848398988822
골목,0.012057848398988822
봄웜,0.012057848398988822
본선,0.012057848398988822
장충,0.012057848398988822
더현,0.012057848398988822
더힐,0.012057848398988822
덤벨,0.012057848398988822
전성기,0.012057848398988822
글라스,0.012057848398988822
소용없다,0.012057848398988822
손재주,0.012057848398988822
데저,0.012057848398988822
데시벨,0.012057848398988822
돈코츠,0.012057848398988822
절편,0.012057848398988822
상도로,0.012057848398988822
프로포즈,0.012057848398988822
죠스,0.012057848398988822
지관,0.012057848398988822
푸릇푸릇,0.012057848398988822
살껄,0.012057848398988822
담양읍,0.012057848398988822
삼총사,0.012057848398988822
후경,0.012057848398988822
정통,0.012057848398988822
해루,0.012057848398988822
연희,0.012057848398988822
머리띠,0.012057848398988822
뷰러,0.012057848398988822
투데이,0.012057848398988822
토롱,0.012057848398988822
열도,0.012057848398988822
머것,0.012057848398988822
나경,0.012057848398988822
해롭다,0.012057848398988822
중어,0.012057848398988822
흐힝,0.012057848398988822
흡사,0.012057848398988822
추리,0.012057848398988822
축구선수,0.012057848398988822
추릅,0.012057848398988822
걸작,0.012057848398988822
흑발,0.012057848398988822
뽀짝,0.012057848398988822
비기다,0.012057848398988822
멀프,0.012057848398988822
눅눅하다,0.012057848398988822
다야,0.012057848398988822
가리비,0.012057848398988822
뻐킹,0.012057848398988822
빙빙,0.012057848398988822
히비스커스,0.012057848398988822
가봉,0.012057848398988822
흥이,0.012057848398988822
가염,0.012057848398988822
멍게,0.012057848398988822
졸업사진,0.012057848398988822
서동현,0.012057848398988822
서시,0.012057848398988822
서신면,0.012057848398988822
대문,0.012057848398988822
피리,0.012057848398988822
눈송이,0.012057848398988822
지베르,0.012057848398988822
부비,0.012057848398988822
염불,0.012057848398988822
정품,0.012057848398988822
대웅,0.012057848398988822
선미,0.012057848398988822
선바위,0.012057848398988822
서윤,0.012057848398988822
그린티,0.012057848398988822
토시,0.012057848398988822
눈알,0.012057848398988822
눈독,0.012057848398988822
정수리,0.012057848398988822
정철원,0.012057848398988822
열시,0.012057848398988822
상회,0.012057848398988822
분극,0.012057848398988822
가일,0.012057848398988822
단추,0.012057848398988822
생기지,0.012057848398988822
생교,0.012057848398988822
생명체,0.012057848398988822
삿어,0.012057848398988822
주경야독,0.012057848398988822
프레즐,0.012057848398988822
불길하다,0.012057848398988822
털썩,0.012057848398988822
대기실,0.012057848398988822
존잘,0.012057848398988822
단짝,0.012057848398988822
주리,0.012057848398988822
단수,0.012057848398988822
주변인,0.012057848398988822
졸작,0.012057848398988822
분위,0.012057848398988822
백업,0.012057848398988822
백설,0.012057848398988822
기껏,0.012057848398988822
틴탑,0.012057848398988822
이탈리안,0.012057848398988822
딥슬립,0.012057848398988822
딩초,0.012057848398988822
디럭스,0.012057848398988822
익몬,0.012057848398988822
장거리,0.012057848398988822
이즘,0.012057848398988822
디펜스,0.012057848398988822
쫀맛탱,0.012057848398988822
경호,0.012057848398988822
쭈아,0.012057848398988822
시험지,0.012057848398988822
발카,0.012057848398988822
신기로,0.012057848398988822
방구,0.012057848398988822
이혜린,0.012057848398988822
퍼옴,0.012057848398988822
매니악,0.012057848398988822
승호,0.012057848398988822
일임,0.012057848398988822
인하대,0.012057848398988822
고막,0.012057848398988822
광명시,0.012057848398988822
펜촉,0.012057848398988822
짱셔요,0.012057848398988822
징징대다,0.012057848398988822
냉증,0.012057848398988822
배추김치,0.012057848398988822
시더,0.012057848398988822
코젤,0.012057848398988822
코젬,0.012057848398988822
인스스,0.012057848398988822
파김치,0.012057848398988822
홍조,0.012057848398988822
감명,0.012057848398988822
뱅쇼,0.012057848398988822
화영,0.012057848398988822
이선,0.012057848398988822
신사,0.012057848398988822
파라,0.012057848398988822
신라면,0.012057848398988822
신길동,0.012057848398988822
식스,0.012057848398988822
긱식,0.012057848398988822
박시은,0.012057848398988822
은규,0.012057848398988822
배때,0.012057848398988822
유자차,0.012057848398988822
유댕,0.012057848398988822
캐랜,0.012057848398988822
한사코,0.012057848398988822
호카,0.012057848398988822
개막전,0.012057848398988822
개멋,0.012057848398988822
실어,0.012057848398988822
박아지,0.012057848398988822
학사모,0.012057848398988822
뚫어지다,0.012057848398988822
켜지다,0.012057848398988822
코쿤,0.012057848398988822
이어팟,0.012057848398988822
학생회,0.012057848398988822
디어,0.012057848398988822
하이브,0.012057848398988822
이우석,0.012057848398988822
이자카야,0.012057848398988822
이석,0.012057848398988822
식전,0.012057848398988822
이니셜,0.012057848398988822
땅땅,0.012057848398988822
냥손,0.012057848398988822
쩔어요,0.012057848398988822
반점,0.012057848398988822
발동,0.012057848398988822
신빙,0.012057848398988822
발언,0.012057848398988822
신조,0.012057848398988822
식성,0.012057848398988822
이끼,0.012057848398988822
수면제,0.012057848398988822
벙어리,0.012057848398988822
콩깍지,0.012057848398988822
크라이,0.012057848398988822
동우,0.012057848398988822
하묘,0.012057848398988822
수포,0.012057848398988822
수아,0.012057848398988822
화이자,0.012057848398988822
오마이갓,0.012057848398988822
진라면,0.012057848398988822
활약,0.012057848398988822
수산시장,0.012057848398988822
수상한,0.012057848398988822
쿵푸,0.012057848398988822
클로즈,0.012057848398988822
키리,0.012057848398988822
기릿,0.012057848398988822
수직,0.012057848398988822
수진,0.012057848398988822
녹아내리다,0.012057848398988822
수족,0.012057848398988822
수평,0.012057848398988822
노미,0.012057848398988822
진출,0.012057848398988822
수경,0.012057848398988822
보들보들하다,0.012057848398988822
장녀,0.012057848398988822
쇼메,0.012057848398988822
별루,0.012057848398988822
동아시아,0.012057848398988822
송탄역,0.012057848398988822
장충동,0.012057848398988822
병찬뷘,0.012057848398988822
구월동,0.012057848398988822
도화,0.012057848398988822
재민,0.012057848398988822
베르테르,0.012057848398988822
변기,0.012057848398988822
순딩,0.012057848398988822
수증기,0.012057848398988822
보직,0.012057848398988822
스트로베리,0.012057848398988822
스트리밍,0.012057848398988822
버럴,0.012057848398988822
과분,0.012057848398988822
동지,0.012057848398988822
하울,0.012057848398988822
핏짜,0.012057848398988822
고냥이,0.012057848398988822
버닝,0.012057848398988822
예기,0.012057848398988822
스티,0.012057848398988822
감나무,0.012057848398988822
스카이,0.012057848398988822
메타세쿼이아,0.012057848398988822
두피,0.012057848398988822
일학년,0.012057848398988822
두리,0.012057848398988822
스톤,0.012057848398988822
허석,0.012057848398988822
뀨라미,0.012057848398988822
스탠다드,0.012057848398988822
예방주사,0.012057848398988822
예수님,0.012057848398988822
영관,0.012057848398988822
역삼역,0.012057848398988822
영의정,0.012057848398988822
교토,0.012057848398988822
촉촉,0.012057848398988822
초코파이,0.012057848398988822
염치,0.012057848398988822
숟가락,0.012057848398988822
자칭,0.012057848398988822
동성로,0.012057848398988822
집사람,0.012057848398988822
집애,0.012057848398988822
네잎클로버,0.012057848398988822
갈대,0.012057848398988822
예이예,0.012057848398988822
예제,0.012057848398988822
강남대로,0.012057848398988822
슈룹,0.012057848398988822
매달다,0.012057848398988822
브레이크,0.011881926214652769
브이,0.011881926214652769
종이,0.011881926214652769
중독,0.011881926214652769
공휴일,0.011881926214652769
휴식,0.011881926214652769
어쩌,0.011881926214652769
꽃다발,0.011881926214652769
무릎,0.011881926214652769
거울,0.011881926214652769
치과,0.011881926214652769
침대,0.011881926214652769
로우,0.011881926214652769
루틴,0.011881926214652769
웨이,0.011881926214652769
참치,0.011881926214652769
아마,0.011881926214652769
긴장,0.011881926214652769
길이,0.011881926214652769
찢어지다,0.011881926214652769
바닥,0.011881926214652769
바다,0.011881926214652769
라이,0.011881926214652769
학점,0.011881926214652769
싫어하다,0.011881926214652769
박스,0.011881926214652769
컨디션,0.011881926214652769
의욕,0.011881926214652769
의사,0.011881926214652769
경험,0.011881926214652769
식단,0.011881926214652769
식사,0.011881926214652769
내놓다,0.011881926214652769
방향,0.011881926214652769
국물,0.011881926214652769
백화점,0.011881926214652769
스스로,0.011881926214652769
기르다,0.011881926214652769
드뎌,0.011881926214652769
하트,0.011881926214652769
잃다,0.011881926214652769
맛없다,0.011881926214652769
메일,0.011881926214652769
몇개,0.011881926214652769
매다,0.011881926214652769
해내다,0.011881926214652769
잠들다,0.011881926214652769
순삭,0.011881926214652769
큰일,0.011881926214652769
돼지,0.011881926214652769
자소,0.011881926214652769
하라,0.011881926214652769
잡채,0.011881926214652769
크게,0.011881926214652769
핑계,0.011881926214652769
저런,0.011881926214652769
금은,0.011881926214652769
필라테스,0.011881926214652769
군대,0.011881926214652769
그립다,0.011881926214652769
볶음밥,0.011881926214652769
특별하다,0.011881926214652769
고프다,0.011881926214652769
누군가,0.011881926214652769
접다,0.011881926214652769
과일,0.011881926214652769
선수,0.011881926214652769
대해,0.011881926214652769
대학교,0.011881926214652769
지난주,0.011881926214652769
당일,0.011881926214652769
생활비,0.011881926214652769
가져오다,0.011881926214652769
대단하다,0.011881926214652769
지구,0.011881926214652769
살이,0.011881926214652769
멈추다,0.011881926214652769
가나,0.011881926214652769
다그,0.011881926214652769
가르치다,0.011881926214652769
가득하다,0.011881926214652769
빙수,0.011881926214652769
햇빛,0.011861458842879669
빵빵,0.011861458842879669
구가,0.011861458842879669
브런치,0.011861458842879669
시르다,0.011861458842879669
배민,0.011861458842879669
고치,0.011861458842879669
교재,0.011861458842879669
발전,0.011861458842879669
따라오다,0.011861458842879669
때매,0.011861458842879669
이즈,0.011861458842879669
코드,0.011861458842879669
발가락,0.011861458842879669
반바지,0.011861458842879669
호주,0.011861458842879669
바질,0.011861458842879669
반전,0.011861458842879669
저걸,0.011861458842879669
개미,0.011861458842879669
진지하다,0.011861458842879669
군데,0.011861458842879669
소서,0.011861458842879669
도넛,0.011861458842879669
응모,0.011861458842879669
보상,0.011861458842879669
떨어뜨리다,0.011861458842879669
바디,0.011861458842879669
뛰어가다,0.011861458842879669
쐬다,0.011861458842879669
싸이,0.011861458842879669
덩이,0.011861458842879669
논문,0.011861458842879669
안과,0.011861458842879669
봉사,0.011861458842879669
칼국수,0.011861458842879669
플로,0.011861458842879669
대학원,0.011861458842879669
오해,0.011861458842879669
테라스,0.011861458842879669
마케팅,0.011861458842879669
모델,0.011861458842879669
엉망,0.011861458842879669
얻어먹다,0.011861458842879669
팔로우,0.011861458842879669
포스,0.011861458842879669
선풍기,0.011861458842879669
더니,0.011861458842879669
세븐,0.011861458842879669
치아,0.011861458842879669
요거트,0.011861458842879669
파우더,0.011861458842879669
패딩,0.011861458842879669
운세,0.011861458842879669
근본,0.011861458842879669
양배추,0.011861458842879669
리본,0.011861458842879669
애가,0.011861458842879669
체육관,0.011861458842879669
마카롱,0.011861458842879669
취득,0.011861458842879669
불쌍하다,0.011861458842879669
답변,0.011861458842879669
태릿,0.011861458842879669
프렌즈,0.011861458842879669
고심,0.011861458842879669
입맛,0.011861458842879669
짓다,0.011861458842879669
중구,0.011861458842879669
휴강,0.011861458842879669
집들이,0.011861458842879669
급발진,0.011861458842879669
햄버거,0.011861458842879669
여우,0.011861458842879669
연결,0.011861458842879669
허벅지,0.011861458842879669
상대,0.011861458842879669
연결하다,0.011861458842879669
존경,0.011861458842879669
훈련,0.011861458842879669
좌석,0.011861458842879669
멍청이,0.011783118949276566
여력,0.011783118949276566
연착,0.011783118949276566
열람,0.011783118949276566
노이즈,0.011783118949276566
중임,0.011783118949276566
사케,0.011783118949276566
산본,0.011783118949276566
통과,0.011783118949276566
가보,0.011783118949276566
토론,0.011783118949276566
팔자,0.011783118949276566
고추,0.011783118949276566
진해,0.011783118949276566
밤새,0.011783118949276566
밥집,0.011783118949276566
가래떡,0.011783118949276566
빵떡,0.011783118949276566
배드,0.011783118949276566
디즈니,0.011783118949276566
기웃,0.011783118949276566
구직,0.011783118949276566
받침,0.011783118949276566
떡갈비,0.011783118949276566
선거,0.011783118949276566
부스,0.011783118949276566
근교,0.011783118949276566
부평,0.011783118949276566
제대,0.011783118949276566
조마조마하다,0.011783118949276566
조물,0.011783118949276566
지윤,0.011783118949276566
조이다,0.011783118949276566
능데,0.011783118949276566
꼬부기,0.011783118949276566
충청남도,0.011783118949276566
마비노기,0.011783118949276566
용산구,0.011783118949276566
루루,0.011783118949276566
교무,0.011783118949276566
패기,0.011783118949276566
북적,0.011783118949276566
친절,0.011783118949276566
낚시,0.011783118949276566
리퍼,0.011783118949276566
우승,0.011783118949276566
얕다,0.011783118949276566
합정,0.011783118949276566
왓챠,0.011783118949276566
청소년,0.011783118949276566
청바지,0.011783118949276566
난이도,0.011783118949276566
마라샹궈,0.011783118949276566
외다,0.011783118949276566
치즈케이크,0.011783118949276566
양보,0.011783118949276566
깻잎,0.011783118949276566
애인,0.011783118949276566
계란말이,0.011783118949276566
따숩,0.011783118949276566
반스,0.011783118949276566
널널,0.011783118949276566
찌그러지다,0.011783118949276566
신청서,0.011783118949276566
실리콘,0.011783118949276566
방석,0.011783118949276566
신의,0.011783118949276566
반숙,0.011783118949276566
보라색,0.011783118949276566
수기,0.011783118949276566
간이,0.011783118949276566
명작,0.011783118949276566
명상,0.011783118949276566
보따리,0.011783118949276566
쿠차,0.011783118949276566
쫄면,0.011783118949276566
모의고사,0.011783118949276566
모먼트,0.011783118949276566
격리,0.011783118949276566
오락가락,0.011783118949276566
만취,0.011783118949276566
오타,0.011783118949276566
조르다,0.011783118949276566
울적하다,0.011783118949276566
할미,0.011783118949276566
세라핌,0.011783118949276566
지락,0.011783118949276566
행벅,0.011783118949276566
마제,0.011783118949276566
갈기,0.011783118949276566
댕댕,0.011783118949276566
피크닉,0.011783118949276566
대가리,0.011783118949276566
조직,0.011783118949276566
대딩,0.011783118949276566
회전초밥,0.011783118949276566
불문,0.011783118949276566
분주하다,0.011783118949276566
헤드셋,0.011783118949276566
젓가락,0.011783118949276566
정차,0.011783118949276566
루미큐브,0.011783118949276566
서약,0.011783118949276566
서초구,0.011783118949276566
선명하다,0.011783118949276566
오산,0.011783118949276566
붉다,0.011783118949276566
레몬,0.011783118949276566
김치볶음밥,0.011783118949276566
담요,0.011783118949276566
플랫,0.011783118949276566
오레오,0.011783118949276566
슬링,0.011783118949276566
손질,0.011783118949276566
깜찍,0.011783118949276566
칠월,0.011783118949276566
파토,0.011783118949276566
루피,0.011783118949276566
독감,0.011783118949276566
땡큐,0.011783118949276566
이도,0.011783118949276566
뜯기다,0.011783118949276566
아보카도,0.011783118949276566
레고,0.011783118949276566
쪽지,0.011783118949276566
한단,0.011783118949276566
윤지,0.011783118949276566
차돌,0.011783118949276566
낭시,0.011783118949276566
악마,0.011783118949276566
속보,0.011783118949276566
타이어,0.011783118949276566
소바,0.011783118949276566
데려가다,0.011783118949276566
데스크,0.011783118949276566
성심당,0.011783118949276566
로길,0.011783118949276566
아쥬,0.011783118949276566
미디어,0.011783118949276566
유서,0.011783118949276566
전화번호,0.011783118949276566
바치다,0.011783118949276566
탈주,0.011783118949276566
꼴찌,0.011783118949276566
마크,0.011783118949276566
엘베,0.011783118949276566
밑반찬,0.011783118949276566
밑줄,0.011783118949276566
파바,0.011783118949276566
심부름,0.011783118949276566
라차,0.011783118949276566
강쥐,0.011783118949276566
허겁지겁,0.011783118949276566
오픽,0.011783118949276566
지하상가,0.011783118949276566
점장님,0.011783118949276566
교내,0.011783118949276566
축축하다,0.011783118949276566
차세대,0.011783118949276566
창원시,0.011783118949276566
차서,0.011783118949276566
정문,0.011783118949276566
정미,0.011783118949276566
밀가루,0.011783118949276566
예준,0.011783118949276566
낑기다,0.011783118949276566
자하,0.011783118949276566
상쾌,0.011783118949276566
상도,0.011783118949276566
년생,0.011783118949276566
자해,0.011783118949276566
값지다,0.011783118949276566
베개,0.011783118949276566
연구실,0.011783118949276566
스리,0.011783118949276566
순천,0.011783118949276566
페이퍼,0.011783118949276566
필카,0.011783118949276566
입히다,0.011783118949276566
넘겨주다,0.011783118949276566
삭막하다,0.011783118949276566
수학,0.011783118949276566
수민,0.011783118949276566
스파,0.011783118949276566
들키다,0.011783118949276566
듬뿍,0.011783118949276566
짜파게티,0.011783118949276566
시리,0.011783118949276566
방한,0.011783118949276566
두시,0.011783118949276566
구함,0.011783118949276566
큐브,0.011783118949276566
시야,0.011783118949276566
개개,0.011783118949276566
시인,0.011783118949276566
호캉스,0.011783118949276566
스탈,0.011783118949276566
일욜,0.011783118949276566
슬랙스,0.011783118949276566
시나,0.011783118949276566
스펙,0.011783118949276566
스타킹,0.011783118949276566
사촌,0.011783118949276566
죙일,0.011783118949276566
종류,0.011444206153032025
종종,0.011444206153032025
졸라,0.011444206153032025
닫다,0.011444206153032025
드림,0.011444206153032025
계시다,0.011444206153032025
시도,0.011444206153032025
냉장고,0.011444206153032025
둘이서,0.011444206153032025
인정,0.011444206153032025
어플,0.011444206153032025
산다,0.011444206153032025
일만,0.011444206153032025
활용,0.011444206153032025
돌아보다,0.011444206153032025
긁다,0.011444206153032025
짜증,0.011444206153032025
감다,0.011444206153032025
벌레,0.011444206153032025
자연,0.011444206153032025
수준,0.011444206153032025
최대한,0.011444206153032025
졸리,0.011444206153032025
가요,0.011444206153032025
플리,0.011444206153032025
아몬드,0.011444206153032025
태어나다,0.011444206153032025
그린,0.011444206153032025
직전,0.011444206153032025
쏟아지다,0.011444206153032025
쓰레기,0.011444206153032025
더욱,0.011444206153032025
절반,0.011444206153032025
절망,0.011444206153032025
미션,0.011444206153032025
본격,0.011444206153032025
직장,0.011444206153032025
저렴하다,0.011444206153032025
개봉,0.011444206153032025
보이,0.011444206153032025
이마트,0.011444206153032025
떨리다,0.011444206153032025
유일하다,0.011444206153032025
알림,0.011444206153032025
파이팅,0.011444206153032025
재료,0.011444206153032025
독서,0.011444206153032025
국수,0.011444206153032025
고치다,0.011444206153032025
필수,0.011444206153032025
고집,0.011444206153032025
소재,0.011444206153032025
장소,0.011444206153032025
고정,0.011444206153032025
겁니다,0.011444206153032025
맞이,0.011444206153032025
망가지다,0.011444206153032025
오버,0.011444206153032025
레전드,0.011444206153032025
레이스,0.011444206153032025
월화,0.011444206153032025
대로,0.011444206153032025
정확하다,0.011444206153032025
회원,0.011444206153032025
분만,0.011444206153032025
행사,0.011444206153032025
부다,0.011444206153032025
워낙,0.011444206153032025
움직이다,0.011444206153032025
부랴부랴,0.011444206153032025
오른쪽,0.011444206153032025
예매,0.011444206153032025
에이,0.011444206153032025
출장,0.011444206153032025
활동,0.011444206153032025
보통,0.011444206153032025
보드,0.011444206153032025
영화관,0.011444206153032025
애매하다,0.011444206153032025
외식,0.011444206153032025
요기,0.011444206153032025
체리,0.011444206153032025
앞두다,0.011444206153032025
묻다,0.011444206153032025
거들다,0.011444206153032025
교양,0.011444206153032025
운전,0.011444206153032025
롯데,0.011444206153032025
우린,0.011444206153032025
취직,0.011444206153032025
깔끔하다,0.011444206153032025
한지,0.011444206153032025
대기,0.011444206153032025
담기다,0.011444206153032025
제목,0.011444206153032025
제로,0.011444206153032025
제외,0.011444206153032025
대면,0.011444206153032025
그녀,0.011444206153032025
털다,0.011444206153032025
젤리,0.011444206153032025
희망,0.011444206153032025
늘리다,0.011444206153032025
달이,0.011444206153032025
무사하다,0.011444206153032025
부모님,0.011444206153032025
서류,0.011444206153032025
타입,0.011444206153032025
기회,0.011444206153032025
이드,0.011444206153032025
싸우다,0.011444206153032025
밝다,0.011444206153032025
가계부,0.011444206153032025
빡세,0.011444206153032025
흐르다,0.011444206153032025
다집,0.011444206153032025
메다,0.011444206153032025
집다,0.011444206153032025
비밀,0.011444206153032025
가버리다,0.011444206153032025
살찌다,0.010947960075808918
상상,0.010947960075808918
여유롭다,0.010947960075808918
걸어오다,0.010947960075808918
걷기,0.010947960075808918
잠도,0.010947960075808918
금지,0.010947960075808918
잠옷,0.010947960075808918
번의,0.010947960075808918
비빔밥,0.010947960075808918
끊기다,0.010947960075808918
다운,0.010947960075808918
데이터,0.010947960075808918
적응,0.010947960075808918
반복,0.010947960075808918
딱하다,0.010947960075808918
이득,0.010947960075808918
기적,0.010947960075808918
고대,0.010947960075808918
익다,0.010947960075808918
케이,0.010947960075808918
내려가다,0.010947960075808918
코스,0.010947960075808918
신고,0.010947960075808918
시청,0.010947960075808918
감자,0.010947960075808918
쇼핑,0.010947960075808918
엄빠,0.010947960075808918
에어컨,0.010947960075808918
출처,0.010947960075808918
모닝,0.010947960075808918
아가,0.010947960075808918
날짜,0.010947960075808918
찾기,0.010947960075808918
냄새,0.010947960075808918
낮잠,0.010947960075808918
음악,0.010947960075808918
의식,0.010947960075808918
복습,0.010947960075808918
속이다,0.010947960075808918
저장,0.010947960075808918
소개,0.010947960075808918
누나,0.010947960075808918
소고기,0.010947960075808918
골드,0.010947960075808918
전체,0.010947960075808918
쓰이다,0.010947960075808918
구입,0.010947960075808918
혼밥,0.010947960075808918
마트,0.010947960075808918
만들기,0.010947960075808918
막다,0.010947960075808918
텀러,0.010947960075808918
새삼,0.010947960075808918
색깔,0.010947960075808918
아르바이트,0.010947960075808918
바나나,0.010947960075808918
패스,0.010947960075808918
비도,0.010947960075808918
단어,0.010947960075808918
조절,0.010947960075808918
답답하다,0.010947960075808918
도와주다,0.010947960075808918
장비,0.010947960075808918
재다,0.010947960075808918
티비,0.010947960075808918
슬슬,0.010947960075808918
익숙해지다,0.010947960075808918
친해지다,0.010947960075808918
결론,0.010947960075808918
효과,0.010947960075808918
눈빛,0.010947960075808918
모름,0.010947960075808918
샤워,0.010947960075808918
섞다,0.010947960075808918
지점,0.010947960075808918
찰떡,0.010947960075808918
거절,0.010947960075808918
안해,0.010947960075808918
출시,0.010947960075808918
쳐다보다,0.010947960075808918
야간,0.010947960075808918
요리,0.010947960075808918
처럼,0.010947960075808918
경기,0.010947960075808918
무기,0.010947960075808918
휴일,0.010947960075808918
가루,0.010947960075808918
공원,0.010947960075808918
프레,0.010947960075808918
퇴근길,0.010947960075808918
프로젝트,0.010947960075808918
왕창,0.010947960075808918
들리다,0.010947960075808918
넘어가다,0.010947960075808918
스토어,0.010947960075808918
스타,0.010947960075808918
금융,0.010947960075808918
인테리어,0.010947960075808918
시끄럽다,0.010947960075808918
최신,0.010847137698331512
해주,0.010847137698331512
통계,0.010847137698331512
해킹,0.010847137698331512
꽈배기,0.010847137698331512
여행가,0.010847137698331512
거치다,0.010847137698331512
브루,0.010847137698331512
새내기,0.010847137698331512
상수,0.010847137698331512
테이프,0.010847137698331512
비실,0.010847137698331512
나가야,0.010847137698331512
멍청하다,0.010847137698331512
용량,0.010847137698331512
치맥,0.010847137698331512
천안,0.010847137698331512
잘알다,0.010847137698331512
잘나오다,0.010847137698331512
장난감,0.010847137698331512
키키,0.010847137698331512
벌리다,0.010847137698331512
숙대,0.010847137698331512
도어,0.010847137698331512
밸런스,0.010847137698331512
키링,0.010847137698331512
수목,0.010847137698331512
마당,0.010847137698331512
무니,0.010847137698331512
어지럽다,0.010847137698331512
외로,0.010847137698331512
어우,0.010847137698331512
목금,0.010847137698331512
지수,0.010847137698331512
오브,0.010847137698331512
오븐,0.010847137698331512
어유,0.010847137698331512
혜진,0.010847137698331512
미소,0.010847137698331512
문서,0.010847137698331512
코스트코,0.010847137698331512
슬픔,0.010847137698331512
승진,0.010847137698331512
장식,0.010847137698331512
스테이크,0.010847137698331512
손해,0.010847137698331512
클래스,0.010847137698331512
보정,0.010847137698331512
수습,0.010847137698331512
식욕,0.010847137698331512
이형,0.010847137698331512
콜드,0.010847137698331512
시럽,0.010847137698331512
손톱,0.010847137698331512
순서,0.010847137698331512
갈리다,0.010847137698331512
집도,0.010847137698331512
찌개,0.010847137698331512
리더,0.010847137698331512
우수,0.010847137698331512
용서,0.010847137698331512
정체,0.010847137698331512
대용,0.010847137698331512
정해진,0.010847137698331512
서구,0.010847137698331512
앞머리,0.010847137698331512
부츠,0.010847137698331512
치즈버거,0.010847137698331512
거만,0.010847137698331512
못자다,0.010847137698331512
팝업,0.010847137698331512
운명,0.010847137698331512
로라,0.010847137698331512
김치찌개,0.010847137698331512
씨유,0.010847137698331512
서재,0.010847137698331512
필드,0.010847137698331512
방식,0.010847137698331512
소맥,0.010847137698331512
보안,0.010847137698331512
바가지,0.010847137698331512
싫어지다,0.010847137698331512
응급실,0.010847137698331512
의상,0.010847137698331512
그릭,0.010847137698331512
보호,0.010847137698331512
호텔,0.010847137698331512
홍보,0.010847137698331512
강추,0.010847137698331512
호수,0.010847137698331512
바이,0.010847137698331512
찢다,0.010847137698331512
정지,0.010847137698331512
타코,0.010847137698331512
부드럽다,0.010847137698331512
차마,0.010847137698331512
설날,0.010847137698331512
눈앞,0.010847137698331512
안쪽,0.010847137698331512
알바생,0.010847137698331512
현상,0.010847137698331512
미스,0.010847137698331512
선정,0.010847137698331512
내열,0.010847137698331512
낯설다,0.010847137698331512
카테고리,0.010847137698331512
김장,0.010847137698331512
라이언,0.010847137698331512
포케,0.010847137698331512
이구,0.010847137698331512
냉동,0.010847137698331512
골뱅이,0.010847137698331512
탈색,0.010847137698331512
부가,0.010847137698331512
학업,0.010847137698331512
라운지,0.010847137698331512
본점,0.010847137698331512
포카,0.010847137698331512
컴백,0.010847137698331512
케잌,0.010847137698331512
볶다,0.010847137698331512
꿀잠,0.010847137698331512
주차장,0.010847137698331512
흥미,0.010847137698331512
뽑기,0.010847137698331512
입력,0.010847137698331512
비비다,0.010847137698331512
입학,0.010847137698331512
벼락치기,0.010847137698331512
번하다,0.010847137698331512
매점,0.010847137698331512
엽떡,0.010847137698331512
자리다,0.010847137698331512
당일치기,0.010847137698331512
당직,0.010847137698331512
달콤하다,0.010847137698331512
텐데,0.010847137698331512
비공개,0.010847137698331512
분컷,0.010847137698331512
끝내,0.010847137698331512
달리기,0.010847137698331512
중도,0.010847137698331512
주인,0.010847137698331512
사과,0.01037508602228464
다년,0.01037508602228464
다나,0.01037508602228464
최종,0.01037508602228464
붙이,0.01037508602228464
살아가다,0.01037508602228464
오리,0.01037508602228464
만족하다,0.01037508602228464
취한,0.01037508602228464
에너지,0.01037508602228464
헐다,0.01037508602228464
달려가다,0.01037508602228464
공모전,0.01037508602228464
지겹다,0.01037508602228464
지고,0.01037508602228464
테크,0.01037508602228464
생기,0.01037508602228464
지급,0.01037508602228464
닮다,0.01037508602228464
당시,0.01037508602228464
맑은,0.01037508602228464
만날,0.01037508602228464
몇번,0.01037508602228464
최악,0.01037508602228464
해치다,0.01037508602228464
영업,0.01037508602228464
고구마,0.01037508602228464
자서,0.01037508602228464
동시,0.01037508602228464
숨다,0.01037508602228464
공주,0.01037508602228464
프로그램,0.01037508602228464
줄다,0.01037508602228464
빨래,0.01037508602228464
비상,0.01037508602228464
브랜드,0.01037508602228464
중인,0.01037508602228464
는걸,0.01037508602228464
중학교,0.01037508602228464
늙다,0.01037508602228464
단골,0.01037508602228464
검색,0.01037508602228464
반응,0.01037508602228464
커버,0.01037508602228464
실력,0.01037508602228464
실제,0.01037508602228464
셀카,0.01037508602228464
소금,0.01037508602228464
세번,0.01037508602228464
미라클,0.01037508602228464
미안,0.01037508602228464
안뇽,0.01037508602228464
적히다,0.01037508602228464
전세,0.01037508602228464
덮다,0.01037508602228464
던지다,0.01037508602228464
유용하다,0.01037508602228464
심장,0.01037508602228464
캡처,0.01037508602228464
박히다,0.01037508602228464
낮다,0.01037508602228464
낳다,0.01037508602228464
유리,0.01037508602228464
깨닫다,0.01037508602228464
안보,0.01037508602228464
갤럭시,0.01037508602228464
부자,0.01037508602228464
부담,0.01037508602228464
월달,0.01037508602228464
월드,0.01037508602228464
울리다,0.01037508602228464
강제,0.01037508602228464
대표,0.01037508602228464
정기,0.01037508602228464
정이,0.01037508602228464
태우다,0.01037508602228464
펴다,0.01037508602228464
시발,0.01037508602228464
화가,0.01037508602228464
내부,0.01037508602228464
차단,0.01037508602228464
편이,0.01037508602228464
읍니,0.01037508602228464
감격,0.01037508602228464
소화,0.01037508602228464
소음,0.01037508602228464
반성,0.01037508602228464
구글,0.01037508602228464
피우다,0.01037508602228464
도대체,0.01037508602228464
전이,0.01037508602228464
놔두다,0.01037508602228464
이루다,0.01037508602228464
날아가다,0.01037508602228464
렌즈,0.01037508602228464
파이,0.01037508602228464
서나,0.01037508602228464
선생,0.01037508602228464
무척,0.01037508602228464
정상,0.01037508602228464
지도,0.01037508602228464
우리나라,0.01037508602228464
리기,0.01037508602228464
리얼,0.01037508602228464
루베,0.01037508602228464
민망하다,0.01037508602228464
아웃,0.01037508602228464
작성,0.01037508602228464
동영상,0.01037508602228464
고요,0.01037508602228464
신세계,0.01037508602228464
찍기,0.01037508602228464
케어,0.01037508602228464
기말고사,0.01037508602228464
장점,0.01037508602228464
보고서,0.01037508602228464
익숙하다,0.01037508602228464
이제야,0.01037508602228464
인기,0.01037508602228464
배다,0.01037508602228464
스윗,0.01037508602228464
문득,0.01037508602228464
묶다,0.01037508602228464
앨범,0.01037508602228464
대망,0.01037508602228464
조각,0.01037508602228464
굿모닝,0.01037508602228464
굶다,0.01037508602228464
가슴,0.01037508602228464
허리,0.01037508602228464
어머님,0.01037508602228464
어른,0.01037508602228464
지루하다,0.01037508602228464
대박,0.01037508602228464
천재,0.01037508602228464
나무,0.01037508602228464
무대,0.01037508602228464
어깨,0.01037508602228464
어딘가,0.01037508602228464
합리화,0.01037508602228464
올리브영,0.01037508602228464
마시기,0.01037508602228464
얼레,0.01037508602228464
헤어지다,0.01037508602228464
행동,0.01037508602228464
출석,0.01037508602228464
일부러,0.01037508602228464
듣기,0.01037508602228464
계약,0.01037508602228464
일반,0.01037508602228464
두부,0.01037508602228464
된거,0.01037508602228464
긍정,0.01037508602228464
수입,0.01037508602228464
수면,0.01037508602228464
진도,0.01037508602228464
시간표,0.01037508602228464
필기,0.01037508602228464
피해,0.01037508602228464
잡히다,0.01037508602228464
쿠팡,0.01037508602228464
쉽다,0.01037508602228464
욕심,0.01037508602228464
까맣다,0.01037508602228464
물건,0.01037508602228464
늘어나다,0.01037508602228464
풍경,0.01037508602228464
달성,0.01037508602228464
튀김,0.01037508602228464
사회,0.01037508602228464
면서,0.01037508602228464
새끼,0.01037508602228464
상관없다,0.01037508602228464
맡기다,0.01037508602228464
맡다,0.01037508602228464
맥북,0.01037508602228464
여기저기,0.01037508602228464
역대,0.01037508602228464
멤버,0.01037508602228464
에어,0.01037508602228464
업로드,0.01037508602228464
빠져나가다,0.01037508602228464
열정,0.01037508602228464
투자,0.01037508602228464
교환,0.01037508602228464
빨르다,0.01037508602228464
끓이다,0.01037508602228464
토크,0.009697519829242524
중고,0.009697519829242524
이나,0.009697519829242524
내버리다,0.009697519829242524
유지,0.009697519829242524
라며,0.009697519829242524
가라,0.009697519829242524
어서,0.009697519829242524
몰리다,0.009697519829242524
라이브,0.009697519829242524
점검,0.009697519829242524
기전,0.009697519829242524
나라,0.009697519829242524
만하,0.009697519829242524
변화,0.009697519829242524
젊다,0.009697519829242524
정성,0.009697519829242524
놀랍다,0.009697519829242524
말로,0.009697519829242524
온라인,0.009697519829242524
순이,0.009697519829242524
변하다,0.009697519829242524
시가,0.009697519829242524
유부,0.009697519829242524
레드,0.009697519829242524
채다,0.009697519829242524
자세하다,0.009697519829242524
다이어리,0.009697519829242524
러버,0.009697519829242524
유저,0.009697519829242524
입어보다,0.009697519829242524
애초,0.009697519829242524
얇다,0.009697519829242524
동일하다,0.009697519829242524
강하다,0.009697519829242524
호호,0.009697519829242524
식다,0.009697519829242524
기준,0.009697519829242524
짧아지다,0.009697519829242524
외출,0.009697519829242524
마을,0.009697519829242524
와인,0.009697519829242524
번호,0.009697519829242524
대출,0.009697519829242524
변경,0.009697519829242524
마법,0.009697519829242524
평생,0.009697519829242524
매력,0.009697519829242524
승리,0.009697519829242524
밝히다,0.009697519829242524
안전,0.009697519829242524
문의,0.009697519829242524
친절하다,0.009697519829242524
깨끗하다,0.009697519829242524
애쓰다,0.009697519829242524
회차,0.009697519829242524
부지런하다,0.009697519829242524
야호,0.009697519829242524
안함,0.009697519829242524
헷갈리다,0.009697519829242524
애정,0.009697519829242524
안타깝다,0.009697519829242524
이모티콘,0.009697519829242524
닦다,0.009697519829242524
상금,0.009697519829242524
픽업,0.009697519829242524
편안하다,0.009697519829242524
상관,0.009697519829242524
후배,0.009697519829242524
이불,0.009697519829242524
해피,0.009697519829242524
패션,0.009697519829242524
머쓱하다,0.009697519829242524
매트,0.009697519829242524
속도,0.009697519829242524
영향,0.009697519829242524
편집,0.009697519829242524
틀어놓다,0.009697519829242524
과정,0.009697519829242524
피부,0.009697519829242524
보충,0.009697519829242524
복귀,0.009697519829242524
속눈썹,0.009697519829242524
신어,0.009697519829242524
신상,0.009697519829242524
지옥,0.009697519829242524
퀄리티,0.009697519829242524
수영,0.009697519829242524
노트,0.009697519829242524
역사,0.009697519829242524
파워,0.009697519829242524
총총,0.009697519829242524
행운,0.009697519829242524
구리,0.009697519829242524
모음,0.009697519829242524
출산,0.009697519829242524
멜론,0.009697519829242524
상품,0.009697519829242524
존버,0.009697519829242524
생사,0.009697519829242524
반납,0.009697519829242524
싸움,0.009697519829242524
박아,0.009697519829242524
식비,0.009697519829242524
직업,0.009697519829242524
속상하다,0.009697519829242524
환영,0.009697519829242524
덕질,0.009697519829242524
수강신청,0.009697519829242524
등장,0.009697519829242524
외롭다,0.009697519829242524
이율,0.009697519829242524
이중,0.009697519829242524
컴퓨터,0.009697519829242524
실패,0.009697519829242524
곱다,0.009697519829242524
보람,0.009697519829242524
수고,0.009697519829242524
아름답다,0.009697519829242524
미국,0.009697519829242524
재단,0.009697519829242524
구르다,0.009697519829242524
찾아가다,0.009697519829242524
그만하다,0.009697519829242524
원장,0.009697519829242524
둘러보다,0.009697519829242524
한식,0.009697519829242524
장마,0.009697519829242524
하우스,0.009697519829242524
일해,0.009697519829242524
최고다,0.009697519829242524
여태,0.009697519829242524
입구,0.009697519829242524
입금,0.009697519829242524
입술,0.009697519829242524
판매,0.009697519829242524
교회,0.009697519829242524
맵다,0.009697519829242524
예민하다,0.009697519829242524
드라이브,0.009697519829242524
일인,0.009697519829242524
그만두다,0.009697519829242524
관계,0.009697519829242524
일부,0.009697519829242524
최소,0.009697519829242524
늘어지다,0.009697519829242524
부끄럽다,0.009697519829242524
답장,0.009697519829242524
혼나다,0.009697519829242524
조심,0.009697519829242524
감기,0.009697519829242524
소원,0.009697519829242524
조건,0.009697519829242524
읽히다,0.009697519829242524
인하다,0.009697519829242524
바보,0.009697519829242524
쓰러지다,0.009697519829242524
먹고다,0.009697519829242524
나타나다,0.009697519829242524
해외,0.009697519829242524
성실하다,0.009697519829242524
조카,0.009697519829242524
부리다,0.009697519829242524
부장,0.009697519829242524
서두르다,0.009697519829242524
재테크,0.009697519829242524
구성,0.009697519829242524
달리,0.009697519829242524
피스,0.009697519829242524
바깥,0.009697519829242524
바퀴,0.009697519829242524
써주다,0.009697519829242524
캐릭터,0.009697519829242524
캐다,0.009697519829242524
고통,0.009697519829242524
아메리카노,0.009697519829242524
부동산,0.009697519829242524
적립,0.009697519829242524
쌀쌀하다,0.009697519829242524
늦잠,0.009697519829242524
우리은행,0.009697519829242524
의문,0.009697519829242524
의견,0.009697519829242524
흐리다,0.009697519829242524
의도,0.009697519829242524
과거,0.009697519829242524
차곡차곡,0.009697519829242524
뜨겁다,0.009697519829242524
강남,0.009697519829242524
갈비,0.009697519829242524
버전,0.009697519829242524
다다,0.009697519829242524
정산,0.009697519829242524
인연,0.009697519829242524
나들이,0.009697519829242524
스위치,0.009697519829242524
감상,0.009697519829242524
비법,0.009697519829242524
주제,0.009697519829242524
네일,0.009697519829242524
취하,0.009697519829242524
삶다,0.009697519829242524
붙잡다,0.009697519829242524
공차,0.009697519829242524
삼겹살,0.009697519829242524
주인공,0.009697519829242524
억지로,0.009697519829242524
몰입,0.009697519829242524
치면,0.009697519829242524
무시,0.009697519829242524
자라다,0.009697519829242524
어색하다,0.009697519829242524
자도,0.009697519829242524
자극,0.009697519829242524
어학,0.009539450304827645
어치,0.009539450304827645
어쩐지,0.009539450304827645
동기부여,0.009539450304827645
무치다,0.009539450304827645
통제,0.009539450304827645
산이,0.009539450304827645
비빔국수,0.009539450304827645
다잡다,0.009539450304827645
주머니,0.009539450304827645
주섬주섬,0.009539450304827645
비빔면,0.009539450304827645
푸딩,0.009539450304827645
넷째,0.009539450304827645
꼴다,0.009539450304827645
오오오,0.009539450304827645
뱅이,0.009539450304827645
고향,0.009539450304827645
스프레이,0.009539450304827645
스포츠,0.009539450304827645
스파게티,0.009539450304827645
기력,0.009539450304827645
줄기,0.009539450304827645
트레이닝,0.009539450304827645
의리,0.009539450304827645
똑똑하다,0.009539450304827645
흡연,0.009539450304827645
응애,0.009539450304827645
빨대,0.009539450304827645
가격표,0.009539450304827645
어스,0.009539450304827645
날로,0.009539450304827645
팔찌,0.009539450304827645
척척,0.009539450304827645
우리동네,0.009539450304827645
룰루,0.009539450304827645
고대로,0.009539450304827645
성분,0.009539450304827645
부단하다,0.009539450304827645
태풍,0.009539450304827645
부로,0.009539450304827645
설문조사,0.009539450304827645
칫솔,0.009539450304827645
피시방,0.009539450304827645
씨발,0.009539450304827645
개운하다,0.009539450304827645
적어지다,0.009539450304827645
진화,0.009539450304827645
진리,0.009539450304827645
진상,0.009539450304827645
아샷추,0.009539450304827645
아부지,0.009539450304827645
파랗다,0.009539450304827645
담달,0.009539450304827645
성큼,0.009539450304827645
봉지,0.009539450304827645
담그다,0.009539450304827645
니트,0.009539450304827645
중요,0.009539450304827645
즉흥,0.009539450304827645
그러하다,0.009539450304827645
연령,0.009539450304827645
향수,0.009539450304827645
멘토링,0.009539450304827645
메이트,0.009539450304827645
먹방,0.009539450304827645
쑤시다,0.009539450304827645
젠틀,0.009539450304827645
회복,0.009539450304827645
특이하다,0.009539450304827645
세븐일레븐,0.009539450304827645
소니,0.009539450304827645
성취,0.009539450304827645
특징,0.009539450304827645
당당하다,0.009539450304827645
멋쟁이,0.009539450304827645
햇살,0.009539450304827645
최초,0.009539450304827645
바이크,0.009539450304827645
하나요,0.009539450304827645
예배,0.009539450304827645
두루,0.009539450304827645
두르다,0.009539450304827645
드러나다,0.009539450304827645
달래다,0.009539450304827645
간판,0.009539450304827645
간절하다,0.009539450304827645
교시,0.009539450304827645
내과,0.009539450304827645
한의원,0.009539450304827645
경영,0.009539450304827645
한해,0.009539450304827645
울면,0.009539450304827645
아일랜드,0.009539450304827645
아무나,0.009539450304827645
도보,0.009539450304827645
반품,0.009539450304827645
코노,0.009539450304827645
틈틈이,0.009539450304827645
한판,0.009539450304827645
요구,0.009539450304827645
딱지,0.009539450304827645
복합,0.009539450304827645
디지다,0.009539450304827645
전국,0.009539450304827645
던데,0.009539450304827645
도록,0.009539450304827645
전과,0.009539450304827645
식빵,0.009539450304827645
직관,0.009539450304827645
그다지,0.009539450304827645
단단하다,0.009539450304827645
공동,0.009539450304827645
단축,0.009539450304827645
좌절,0.009539450304827645
고속,0.009539450304827645
평화,0.009539450304827645
에브리,0.009539450304827645
미용,0.009539450304827645
안고,0.009539450304827645
안개,0.009539450304827645
미사,0.009539450304827645
노량진,0.009539450304827645
형편,0.009539450304827645
안타,0.009539450304827645
깨달음,0.009539450304827645
칠리,0.009539450304827645
여운,0.009539450304827645
여서,0.009539450304827645
엑셀,0.009539450304827645
놀리다,0.009539450304827645
지름,0.009539450304827645
수련,0.009539450304827645
보고오다,0.009539450304827645
국제,0.009539450304827645
군산,0.009539450304827645
제어,0.009539450304827645
금쪽,0.009539450304827645
기한,0.009539450304827645
코난,0.009539450304827645
포장마차,0.009539450304827645
예비,0.009539450304827645
나나,0.009539450304827645
하늘색,0.009539450304827645
불량,0.009539450304827645
한국사,0.009539450304827645
창업,0.009539450304827645
위시,0.009539450304827645
이브,0.009539450304827645
꼭꼭,0.009539450304827645
치약,0.009539450304827645
허전하다,0.009539450304827645
잘쓰다,0.009539450304827645
현미,0.009539450304827645
돌아서다,0.009539450304827645
잠그다,0.009539450304827645
영원하다,0.009539450304827645
시력,0.009539450304827645
짱짱,0.009539450304827645
대한민국,0.009539450304827645
스무디,0.009539450304827645
젖다,0.009539450304827645
막막하다,0.009539450304827645
마심,0.009539450304827645
평균,0.009539450304827645
디엠,0.009539450304827645
외치,0.009539450304827645
나오니,0.009539450304827645
코앞,0.009539450304827645
방이,0.009539450304827645
전문가,0.009539450304827645
관공서,0.009539450304827645
충전기,0.009539450304827645
언박싱,0.009539450304827645
언급,0.009539450304827645
하얗다,0.009539450304827645
얹다,0.009539450304827645
깨알,0.009539450304827645
몰려오다,0.009539450304827645
고시,0.009539450304827645
꾸리다,0.009539450304827645
자본주의,0.009539450304827645
꼬질꼬질,0.009539450304827645
물고기,0.009539450304827645
참외,0.009539450304827645
레벨,0.009539450304827645
한장,0.009539450304827645
유산,0.009539450304827645
찬스,0.009539450304827645
산소,0.009539450304827645
내적,0.009539450304827645
찌르다,0.009539450304827645
이따,0.009539450304827645
기온,0.009539450304827645
코디,0.009539450304827645
시내,0.009539450304827645
시급,0.009539450304827645
시골,0.009539450304827645
만월,0.009539450304827645
말아먹다,0.009539450304827645
게이,0.009539450304827645
막차,0.009539450304827645
올라타다,0.009539450304827645
마자,0.009539450304827645
버섯,0.009539450304827645
벌이,0.009539450304827645
베이스,0.009539450304827645
티켓,0.009539450304827645
망설이다,0.009539450304827645
초당,0.009539450304827645
인치,0.009539450304827645
오라,0.009539450304827645
모집,0.009539450304827645
라디오,0.009539450304827645
투성이,0.009539450304827645
중심,0.009539450304827645
사시,0.009539450304827645
학교생활,0.009539450304827645
다날,0.009539450304827645
사람인,0.009539450304827645
한바탕,0.009539450304827645
편입,0.009539450304827645
흔들다,0.009539450304827645
사냥,0.009539450304827645
뿌앵,0.00950654617572632
희한,0.00950654617572632
빼꼼,0.00950654617572632
가위바위보,0.00950654617572632
빅데이터,0.00950654617572632
힘겹다,0.00950654617572632
히히히,0.00950654617572632
빠져나오다,0.00950654617572632
다오,0.00950654617572632
뻘뻘,0.00950654617572632
은행원,0.00950654617572632
율무,0.00950654617572632
이노,0.00950654617572632
한미,0.00950654617572632
라우스,0.00950654617572632
육회,0.00950654617572632
라이스,0.00950654617572632
은서,0.00950654617572632
육박,0.00950654617572632
라나,0.00950654617572632
흠칫,0.00950654617572632
휴대,0.00950654617572632
충주,0.00950654617572632
어머,0.00950654617572632
주황,0.00950654617572632
주책,0.00950654617572632
프라푸치노,0.00950654617572632
곰돌이,0.00950654617572632
가주,0.00950654617572632
가정학습,0.00950654617572632
무족,0.00950654617572632
묶음,0.00950654617572632
잇몸,0.00950654617572632
동점,0.00950654617572632
두둑하다,0.00950654617572632
출국,0.00950654617572632
건대,0.00950654617572632
진쯔,0.00950654617572632
창가,0.00950654617572632
날임,0.00950654617572632
주님,0.00950654617572632
졸음,0.00950654617572632
존잼,0.00950654617572632
트리오,0.00950654617572632
다정,0.00950654617572632
치키다,0.00950654617572632
유전자,0.00950654617572632
떼잉,0.00950654617572632
또또,0.00950654617572632
이로,0.00950654617572632
학창시절,0.00950654617572632
레오,0.00950654617572632
위험,0.00950654617572632
창밖,0.00950654617572632
벤치,0.00950654617572632
겉옷,0.00950654617572632
마중,0.00950654617572632
와이파이,0.00950654617572632
끝없다,0.00950654617572632
말리,0.00950654617572632
오피스,0.00950654617572632
오름,0.00950654617572632
해변,0.00950654617572632
플레인,0.00950654617572632
절전,0.00950654617572632
시리얼,0.00950654617572632
기증,0.00950654617572632
순수하다,0.00950654617572632
범벅,0.00950654617572632
숙명,0.00950654617572632
들려주다,0.00950654617572632
오우,0.00950654617572632
핫스팟,0.00950654617572632
오미자,0.00950654617572632
해산물,0.00950654617572632
맞은편,0.00950654617572632
교촌,0.00950654617572632
패밀리,0.00950654617572632
스마,0.00950654617572632
콧물,0.00950654617572632
정보라,0.00950654617572632
정의,0.00950654617572632
스벅가,0.00950654617572632
버그,0.00950654617572632
스테이,0.00950654617572632
만석,0.00950654617572632
퍼즐,0.00950654617572632
퍼지다,0.00950654617572632
난이,0.00950654617572632
나우,0.00950654617572632
링클,0.00950654617572632
네스프레소,0.00950654617572632
체지방,0.00950654617572632
나초,0.00950654617572632
밥맛,0.00950654617572632
절로,0.00950654617572632
개구리,0.00950654617572632
시위,0.00950654617572632
밥솥,0.00950654617572632
코치,0.00950654617572632
쿨톤,0.00950654617572632
퍼플,0.00950654617572632
코바,0.00950654617572632
기엽다,0.00950654617572632
기약,0.00950654617572632
전업,0.00950654617572632
전만,0.00950654617572632
전망대,0.00950654617572632
커튼,0.00950654617572632
밥그릇,0.00950654617572632
폭주,0.00950654617572632
폭포,0.00950654617572632
지연,0.00950654617572632
트집,0.00950654617572632
시나몬,0.00950654617572632
피피티,0.00950654617572632
배꼽,0.00950654617572632
코코,0.00950654617572632
보문산,0.00950654617572632
복수,0.00950654617572632
군침,0.00950654617572632
과학,0.00950654617572632
공고,0.00950654617572632
콤달콤,0.00950654617572632
화욜,0.00950654617572632
포르투갈,0.00950654617572632
식후땡,0.00950654617572632
포켓몬스터,0.00950654617572632
보나,0.00950654617572632
제비,0.00950654617572632
조교,0.00950654617572632
제자,0.00950654617572632
금정,0.00950654617572632
보리차,0.00950654617572632
하프,0.00950654617572632
오가다,0.00950654617572632
오메가,0.00950654617572632
오므라이스,0.00950654617572632
예순,0.00950654617572632
머쓱,0.00950654617572632
해대,0.00950654617572632
직구,0.00950654617572632
접영,0.00950654617572632
정돈,0.00950654617572632
대지,0.00950654617572632
대왕,0.00950654617572632
방도,0.00950654617572632
짱귀,0.00950654617572632
짬짬이,0.00950654617572632
하래,0.00950654617572632
이어진,0.00950654617572632
이주,0.00950654617572632
립밤,0.00950654617572632
이티,0.00950654617572632
이씨,0.00950654617572632
합의,0.00950654617572632
함정,0.00950654617572632
외관,0.00950654617572632
반대편,0.00950654617572632
반포,0.00950654617572632
튀어나오다,0.00950654617572632
본관,0.00950654617572632
우도,0.00950654617572632
요것,0.00950654617572632
요양,0.00950654617572632
학생증,0.00950654617572632
신축,0.00950654617572632
발신,0.00950654617572632
개복치,0.00950654617572632
개론,0.00950654617572632
개꿀,0.00950654617572632
홀랑,0.00950654617572632
저물다,0.00950654617572632
전담,0.00950654617572632
간술,0.00950654617572632
지원이,0.00950654617572632
신전,0.00950654617572632
발리,0.00950654617572632
식물원,0.00950654617572632
신비,0.00950654617572632
홀린,0.00950654617572632
홀짝,0.00950654617572632
조립,0.00950654617572632
조마조마,0.00950654617572632
피싱,0.00950654617572632
조식,0.00950654617572632
갈색,0.00950654617572632
세탁기,0.00950654617572632
세탁소,0.00950654617572632
박카스,0.00950654617572632
답사,0.00950654617572632
타격,0.00950654617572632
본식,0.00950654617572632
포레스트,0.00950654617572632
폴리오,0.00950654617572632
본의,0.00950654617572632
구절,0.00950654617572632
세시,0.00950654617572632
판촉,0.00950654617572632
해장국,0.00950654617572632
해하,0.00950654617572632
열기,0.00950654617572632
열차,0.00950654617572632
최강,0.00950654617572632
바게트,0.00950654617572632
답지,0.00950654617572632
요란하다,0.00950654617572632
눈사람,0.00950654617572632
보강,0.00950654617572632
길목,0.00950654617572632
구질구질하다,0.00950654617572632
일당,0.00950654617572632
고무,0.00950654617572632
예방,0.00950654617572632
루지,0.00950654617572632
왼손,0.00950654617572632
마넌,0.00950654617572632
우루과이,0.00950654617572632
처넌,0.00950654617572632
개이득,0.00950654617572632
밍밍,0.00950654617572632
머글,0.00950654617572632
욕먹다,0.00950654617572632
리치,0.00950654617572632
고등,0.00950654617572632
계란후라이,0.00950654617572632
계곡,0.00950654617572632
교복,0.00950654617572632
용의,0.00950654617572632
루투스,0.00950654617572632
호빵,0.00950654617572632
저주,0.00950654617572632
적절하다,0.00950654617572632
캐리어,0.00950654617572632
갇히다,0.00950654617572632
효녀,0.00950654617572632
롤링,0.00950654617572632
우측,0.00950654617572632
김수현,0.00950654617572632
카츠,0.00950654617572632
카스,0.00950654617572632
기침,0.00950654617572632
심란하다,0.00950654617572632
박물관,0.00950654617572632
재환,0.00950654617572632
아바타,0.00950654617572632
부합,0.00950654617572632
그른,0.00950654617572632
탄생,0.00950654617572632
근육통,0.00950654617572632
그대,0.00950654617572632
그라탕,0.00950654617572632
탕발,0.00950654617572632
틀어주다,0.00950654617572632
장마철,0.00950654617572632
니체,0.00950654617572632
프라,0.00950654617572632
타자,0.00950654617572632
부대,0.00950654617572632
부림,0.00950654617572632
서리,0.00950654617572632
샤베트,0.00950654617572632
초코우유,0.00950654617572632
연료,0.00950654617572632
메롱,0.00950654617572632
여동생,0.00950654617572632
도수,0.00950654617572632
재빠르다,0.00950654617572632
데이즈,0.00950654617572632
도화지,0.00950654617572632
열라면,0.00950654617572632
메달,0.00950654617572632
염소,0.00950654617572632
임영웅,0.00950654617572632
임시완,0.00950654617572632
뒷모습,0.00950654617572632
머그,0.00950654617572632
끄덕,0.00950654617572632
이상형,0.00950654617572632
로스트,0.00950654617572632
울트라,0.00950654617572632
울음소리,0.00950654617572632
원본,0.00950654617572632
견과류,0.00950654617572632
로제,0.00950654617572632
롱패딩,0.00950654617572632
도주,0.00950654617572632
장착,0.00950654617572632
개학,0.00950654617572632
민서,0.00950654617572632
믹스,0.00950654617572632
아동,0.00950654617572632
카페라떼,0.00950654617572632
규어,0.00950654617572632
아바,0.00950654617572632
혜화,0.00950654617572632
질병,0.00950654617572632
혜선,0.00950654617572632
미역국,0.00950654617572632
아작,0.00950654617572632
장터,0.00950654617572632
도안,0.00950654617572632
달래,0.00950654617572632
조화,0.00950654617572632
조진,0.00950654617572632
호두,0.00950654617572632
재수강,0.00950654617572632
카라,0.00950654617572632
미지근하다,0.00950654617572632
아련,0.00950654617572632
안사면,0.00950654617572632
파기,0.00950654617572632
아주머니,0.00950654617572632
징그럽다,0.00950654617572632
엘리베이터,0.00950654617572632
엔프피,0.00950654617572632
에센스,0.00950654617572632
몇장,0.00950654617572632
알바몬,0.00950654617572632
알록달록하다,0.00950654617572632
거래처,0.00950654617572632
깍두기,0.00950654617572632
녹이다,0.00950654617572632
노려보다,0.00950654617572632
미련,0.00950654617572632
안떨어지다,0.00950654617572632
간호,0.00950654617572632
후라이드,0.00950654617572632
자감,0.00950654617572632
필통,0.00950654617572632
고안,0.00950654617572632
고서,0.00950654617572632
햄깅,0.00950654617572632
장미꽃,0.00950654617572632
경산시,0.00950654617572632
경상도,0.00950654617572632
경상북도,0.00950654617572632
용산역,0.00950654617572632
책갈피,0.00950654617572632
남도,0.00950654617572632
공대,0.00950654617572632
회독,0.00950654617572632
후임,0.00950654617572632
서양화,0.00950654617572632
생인,0.00950654617572632
분당선,0.00950654617572632
잡아먹다,0.00950654617572632
애쉬,0.00950654617572632
핑크색,0.00950654617572632
알콜,0.00950654617572632
불참,0.00950654617572632
누텔라,0.00950654617572632
서양,0.00950654617572632
석촌호수,0.00950654617572632
달림,0.00950654617572632
풋풋하다,0.00950654617572632
터널,0.00950654617572632
태그,0.00950654617572632
상실,0.00950654617572632
불명,0.00950654617572632
새미,0.00950654617572632
삼키다,0.00950654617572632
종가,0.00950654617572632
귀여웡,0.00950654617572632
태권도,0.00950654617572632
그네,0.00950654617572632
에그타르트,0.00950654617572632
파인애플,0.00950654617572632
출제,0.00950654617572632
면허,0.00950654617572632
잔인하다,0.00950654617572632
잔잔하다,0.00950654617572632
존맛임,0.00950654617572632
족족,0.00950654617572632
생맥,0.00950654617572632
색연필,0.00950654617572632
샌드,0.00950654617572632
상영,0.00950654617572632
산리오,0.00950654617572632
사태,0.00950654617572632
비수,0.00950654617572632
차라,0.00950654617572632
상공회의소,0.00950654617572632
레크레이션,0.00950654617572632
이뿌다,0.00950654617572632
창렬,0.00950654617572632
원데이,0.00950654617572632
원두,0.00950654617572632
워크샵,0.00950654617572632
찾아다니다,0.00950654617572632
거여,0.00950654617572632
약점,0.00950654617572632
다이아,0.00950654617572632
가이즈,0.00950654617572632
가짐,0.00950654617572632
후라이팬,0.00950654617572632
가용,0.00950654617572632
삼성역,0.00950654617572632
침묵,0.00950654617572632
까비,0.00950654617572632
갤럭시탭,0.00950654617572632
애기야,0.00950654617572632
고을,0.00950654617572632
고루,0.00950654617572632
돌려주다,0.00950654617572632
무언,0.00950654617572632
어버이날,0.00950654617572632
흡입,0.00950654617572632
가라앉다,0.00950654617572632
힘주다,0.00950654617572632
빌라,0.00950654617572632
줏대,0.00950654617572632
뿌셔,0.00950654617572632
음향,0.00950654617572632
자만하다,0.00950654617572632
동호,0.00950654617572632
동동,0.00950654617572632
동태,0.00950654617572632
어랏,0.00950654617572632
어둠,0.00950654617572632
어린이날,0.00950654617572632
어쩌겠어,0.00950654617572632
토토,0.00950654617572632
트롤리,0.00950654617572632
비명,0.00950654617572632
어려워지다,0.00950654617572632
치밥,0.00950654617572632
무도,0.00950654617572632
무비,0.00950654617572632
자립,0.00950654617572632
가바,0.00950654617572632
사주면,0.00950654617572632
삼계탕,0.00950654617572632
불쾌,0.00950654617572632
다감,0.00950654617572632
쥬스,0.00950654617572632
다리다,0.00950654617572632
사족,0.00950654617572632
피치,0.00950654617572632
플레,0.00950654617572632
파니,0.00950654617572632
스푼,0.00950654617572632
백반,0.00950654617572632
버티고,0.00950654617572632
화제,0.00950654617572632
번길,0.00950654617572632
기수,0.00950654617572632
구합,0.00950654617572632
급식,0.00950654617572632
스릴,0.00950654617572632
갈래,0.00950654617572632
슉슉,0.00950654617572632
금욜,0.00950654617572632
스샷,0.00950654617572632
다비치,0.00950654617572632
주황색,0.00950654617572632
흑임자,0.00950654617572632
사이버,0.00950654617572632
사이좋다,0.00950654617572632
크로크무슈,0.00950654617572632
기고,0.00950654617572632
기관,0.00950654617572632
의뢰,0.00950654617572632
라가,0.00950654617572632
띄우다,0.00950654617572632
라라,0.00950654617572632
읍읍,0.00950654617572632
음성,0.00950654617572632
음식물,0.00950654617572632
라스,0.00950654617572632
남지,0.00886824582991651
차근차근,0.00886824582991651
어보,0.00886824582991651
어요,0.00886824582991651
주스,0.00886824582991651
주시,0.00886824582991651
래야,0.00886824582991651
가량,0.00886824582991651
뺏다,0.00886824582991651
중앙,0.00886824582991651
이끌다,0.00886824582991651
중국,0.00886824582991651
떠지다,0.00886824582991651
이미지,0.00886824582991651
가시다,0.00886824582991651
불구,0.00886824582991651
불고기,0.00886824582991651
무한,0.00886824582991651
입장,0.00886824582991651
양도,0.00886824582991651
현장,0.00886824582991651
필요,0.00886824582991651
꼬박꼬박,0.00886824582991651
압박,0.00886824582991651
문구,0.00886824582991651
남친,0.00886824582991651
러쉬,0.00886824582991651
꼬셔,0.00886824582991651
치르다,0.00886824582991651
한숨,0.00886824582991651
래서,0.00886824582991651
삭제,0.00886824582991651
주로,0.00886824582991651
다해,0.00886824582991651
다치다,0.00886824582991651
뷔페,0.00886824582991651
비교,0.00886824582991651
차례,0.00886824582991651
월세,0.00886824582991651
떠오르다,0.00886824582991651
단말,0.00886824582991651
주가,0.00886824582991651
로그,0.00886824582991651
유동성,0.00886824582991651
유료,0.00886824582991651
테마,0.00886824582991651
분명하다,0.00886824582991651
분량,0.00886824582991651
플러스,0.00886824582991651
간장,0.00886824582991651
리스트,0.00886824582991651
충실하다,0.00886824582991651
모로,0.00886824582991651
업체,0.00886824582991651
진짜진짜,0.00886824582991651
장면,0.00886824582991651
넘기다,0.00886824582991651
질문,0.00886824582991651
노란색,0.00886824582991651
출퇴근,0.00886824582991651
안쓰럽다,0.00886824582991651
미세먼지,0.00886824582991651
진정,0.00886824582991651
동작,0.00886824582991651
팔다,0.00886824582991651
존재,0.00886824582991651
루프,0.00886824582991651
널다,0.00886824582991651
새해,0.00886824582991651
서도,0.00886824582991651
가정,0.00886824582991651
회식,0.00886824582991651
봉투,0.00886824582991651
부정,0.00886824582991651
털리다,0.00886824582991651
때우다,0.00886824582991651
세월,0.00886824582991651
셀프,0.00886824582991651
독립,0.00886824582991651
돋다,0.00886824582991651
허니,0.00886824582991651
입시,0.00886824582991651
입사,0.00886824582991651
아이디어,0.00886824582991651
갤러리,0.00886824582991651
아예,0.00886824582991651
아이스,0.00886824582991651
안내,0.00886824582991651
꿀맛,0.00886824582991651
알고리즘,0.00886824582991651
친하다,0.00886824582991651
조심하다,0.00886824582991651
근육,0.00886824582991651
근래,0.00886824582991651
이모,0.00886824582991651
우중충하다,0.00886824582991651
성격,0.00886824582991651
요전,0.00886824582991651
달리다,0.00886824582991651
달도,0.00886824582991651
당분간,0.00886824582991651
이웃,0.00886824582991651
용이,0.00886824582991651
보라,0.00886824582991651
적당하다,0.00886824582991651
여러가지,0.00886824582991651
끌리다,0.00886824582991651
거짓말,0.00886824582991651
바라보다,0.00886824582991651
캐시,0.00886824582991651
최대,0.00886824582991651
저축,0.00886824582991651
박다,0.00886824582991651
아들,0.00886824582991651
아악,0.00886824582991651
헤어,0.00886824582991651
엑스,0.00886824582991651
대구,0.00886824582991651
리지,0.00886824582991651
외치다,0.00886824582991651
이직,0.00886824582991651
환경,0.00886824582991651
회계,0.00886824582991651
왜인,0.00886824582991651
마스터,0.00886824582991651
대답,0.00886824582991651
피로,0.00886824582991651
클래식,0.00886824582991651
스물,0.00886824582991651
체중,0.00886824582991651
마인드,0.00886824582991651
화장,0.00886824582991651
평범하다,0.00886824582991651
한텐,0.00886824582991651
클릭,0.00886824582991651
수령,0.00886824582991651
수저,0.00886824582991651
만족스럽다,0.00886824582991651
맑다,0.00886824582991651
지대,0.00886824582991651
지독하다,0.00886824582991651
곳도,0.00886824582991651
팀원,0.00886824582991651
등산,0.00886824582991651
등록금,0.00886824582991651
눈물나다,0.00886824582991651
폭풍,0.00886824582991651
정작,0.00886824582991651
실망하다,0.00886824582991651
최선,0.00886824582991651
교통카드,0.00886824582991651
건조하다,0.00886824582991651
신촌,0.00886824582991651
드럽다,0.00886824582991651
컨셉,0.00886824582991651
실감,0.00886824582991651
반대,0.00886824582991651
재미없다,0.00886824582991651
식물,0.00886824582991651
홈페이지,0.00886824582991651
걸음,0.00886824582991651
아시,0.00886824582991651
아보,0.00886824582991651
도저히,0.00886824582991651
순위,0.00886824582991651
술자리,0.00886824582991651
디데이,0.00886824582991651
이체,0.00886824582991651
대요,0.00886824582991651
이지,0.00886824582991651
이전,0.00886824582991651
이정,0.00886824582991651
올려주다,0.00886824582991651
벌어지다,0.00886824582991651
술술,0.00886824582991651
대부분,0.00886824582991651
시반,0.00886824582991651
해드리다,0.00886824582991651
더위,0.00886824582991651
끼우다,0.00886824582991651
초등학생,0.00886824582991651
넘치다,0.00886824582991651
기존,0.00886824582991651
방금,0.00886824582991651
커서,0.00886824582991651
관람,0.00886824582991651
적응하다,0.00886824582991651
기어,0.00886824582991651
뒤늦다,0.00886824582991651
심각하다,0.00886824582991651
쌓다,0.00886824582991651
적용,0.00886824582991651
고가,0.00886824582991651
등급,0.00886824582991651
인지,0.00886824582991651
인원,0.00886824582991651
스케줄,0.00886824582991651
대비,0.00886824582991651
지인,0.00886824582991651
번개,0.00886824582991651
화려하다,0.00886824582991651
해달라다,0.00886824582991651
짱구,0.00886824582991651
고고,0.00886824582991651
시장,0.00886824582991651
전시,0.00886824582991651
전반,0.00886824582991651
양치,0.00886824582991651
흐름,0.00886824582991651
가까워지다,0.00886824582991651
줄줄,0.00886824582991651
몰래,0.00886824582991651
짜릿하다,0.00886824582991651
어쩌면,0.00886824582991651
동물,0.00886824582991651
공식,0.00886824582991651
깜짝,0.00886824582991651
치이다,0.00886824582991651
꽂히다,0.00886824582991651
라인,0.00886824582991651
사이다,0.00886824582991651
사이드,0.00886824582991651
사유,0.00886824582991651
삼다,0.00886824582991651
유리컵,0.00886824582991651
가볍다,0.00886824582991651
사정,0.00886824582991651
사자,0.00886824582991651
쥐다,0.00886824582991651
뿌리,0.00886824582991651
포함,0.00886824582991651
품다,0.00886824582991651
살아나다,0.00886824582991651
텐션,0.00886824582991651
가세,0.00886824582991651
사라,0.00886824582991651
사도,0.00886824582991651
사비,0.00886824582991651
사면,0.00886824582991651
작고,0.007799125699169127
얌전하다,0.007799125699169127
애교,0.007799125699169127
거실,0.007799125699169127
약하다,0.007799125699169127
야외,0.007799125699169127
건너,0.007799125699169127
얼리다,0.007799125699169127
로거,0.007799125699169127
레스토랑,0.007799125699169127
창문,0.007799125699169127
이상은,0.007799125699169127
주기,0.007799125699169127
트위터,0.007799125699169127
착각,0.007799125699169127
깜빡,0.007799125699169127
날인,0.007799125699169127
경제,0.007799125699169127
살때,0.007799125699169127
상승,0.007799125699169127
다지다,0.007799125699169127
종로구,0.007799125699169127
주년,0.007799125699169127
레이,0.007799125699169127
년도,0.007799125699169127
명의,0.007799125699169127
잘리다,0.007799125699169127
구독,0.007799125699169127
분리,0.007799125699169127
느리다,0.007799125699169127
공무원,0.007799125699169127
처방,0.007799125699169127
배정,0.007799125699169127
방치,0.007799125699169127
기부,0.007799125699169127
농담,0.007799125699169127
시라,0.007799125699169127
절약,0.007799125699169127
절대로,0.007799125699169127
더하다,0.007799125699169127
인지도,0.007799125699169127
일일,0.007799125699169127
둘째,0.007799125699169127
관부,0.007799125699169127
진료,0.007799125699169127
개시,0.007799125699169127
신분,0.007799125699169127
기기,0.007799125699169127
트이다,0.007799125699169127
스시,0.007799125699169127
초과,0.007799125699169127
버튼,0.007799125699169127
확률,0.007799125699169127
스타트,0.007799125699169127
더더,0.007799125699169127
정답,0.007799125699169127
전시회,0.007799125699169127
케익,0.007799125699169127
영혼,0.007799125699169127
예산,0.007799125699169127
매출,0.007799125699169127
국룰,0.007799125699169127
기계,0.007799125699169127
국가,0.007799125699169127
도시,0.007799125699169127
먹히다,0.007799125699169127
메모,0.007799125699169127
데리,0.007799125699169127
개발,0.007799125699169127
파란색,0.007799125699169127
신용카드,0.007799125699169127
놀이,0.007799125699169127
와우,0.007799125699169127
마켓,0.007799125699169127
말씀드리다,0.007799125699169127
초반,0.007799125699169127
결심,0.007799125699169127
드릴,0.007799125699169127
연차,0.007799125699169127
아버지,0.007799125699169127
시리즈,0.007799125699169127
교체,0.007799125699169127
오래오래,0.007799125699169127
격려,0.007799125699169127
슈퍼,0.007799125699169127
대략,0.007799125699169127
정신차리다,0.007799125699169127
스치다,0.007799125699169127
더워지다,0.007799125699169127
끼니,0.007799125699169127
쪼금,0.007799125699169127
인천광역시,0.007799125699169127
인식,0.007799125699169127
나은,0.007799125699169127
누리다,0.007799125699169127
플렉스,0.007799125699169127
쬐다,0.007799125699169127
대기업,0.007799125699169127
조사,0.007799125699169127
제도,0.007799125699169127
소액,0.007799125699169127
글자,0.007799125699169127
글쎄,0.007799125699169127
환자,0.007799125699169127
눈썹,0.007799125699169127
쫄깃,0.007799125699169127
디카,0.007799125699169127
보시,0.007799125699169127
보신,0.007799125699169127
보아,0.007799125699169127
완전하다,0.007799125699169127
체크,0.007799125699169127
올라서다,0.007799125699169127
지속,0.007799125699169127
갈아입다,0.007799125699169127
클리어,0.007799125699169127
클리,0.007799125699169127
수많다,0.007799125699169127
수치,0.007799125699169127
화하다,0.007799125699169127
일로,0.007799125699169127
발급,0.007799125699169127
저리,0.007799125699169127
머신,0.007799125699169127
든든하다,0.007799125699169127
인분,0.007799125699169127
눈뜨다,0.007799125699169127
지역,0.007799125699169127
나날,0.007799125699169127
우대,0.007799125699169127
보태,0.007799125699169127
제공,0.007799125699169127
제이,0.007799125699169127
제작,0.007799125699169127
마련,0.007799125699169127
리조또,0.007799125699169127
심다,0.007799125699169127
심리,0.007799125699169127
쓰리다,0.007799125699169127
씀씀이,0.007799125699169127
쓸데없다,0.007799125699169127
길어지다,0.007799125699169127
적극,0.007799125699169127
꿈꾸다,0.007799125699169127
없애다,0.007799125699169127
파서,0.007799125699169127
추하다,0.007799125699169127
메인,0.007799125699169127
고장,0.007799125699169127
커뮤니티,0.007799125699169127
쎄다,0.007799125699169127
썩다,0.007799125699169127
확정,0.007799125699169127
간격,0.007799125699169127
소설,0.007799125699169127
소름,0.007799125699169127
요청,0.007799125699169127
한편,0.007799125699169127
아쉬움,0.007799125699169127
명동,0.007799125699169127
개설,0.007799125699169127
카페인,0.007799125699169127
칭구들,0.007799125699169127
현금,0.007799125699169127
혜택,0.007799125699169127
미팅,0.007799125699169127
아이디,0.007799125699169127
이의,0.007799125699169127
꺼지다,0.007799125699169127
잔소리,0.007799125699169127
잔치,0.007799125699169127
돌보다,0.007799125699169127
집앞,0.007799125699169127
밀다,0.007799125699169127
밀리,0.007799125699169127
개뿔,0.007799125699169127
그릇,0.007799125699169127
요물,0.007799125699169127
용기,0.007799125699169127
욕구,0.007799125699169127
업데이트,0.007799125699169127
모이,0.007799125699169127
현생,0.007799125699169127
물가,0.007799125699169127
담당,0.007799125699169127
포스트잇,0.007799125699169127
타지,0.007799125699169127
따라가다,0.007799125699169127
설거지,0.007799125699169127
세계,0.007799125699169127
세금,0.007799125699169127
늦어지다,0.007799125699169127
꼬리,0.007799125699169127
아파트,0.007799125699169127
뭐시기,0.007799125699169127
파악,0.007799125699169127
문화,0.007799125699169127
고소하다,0.007799125699169127
평화롭다,0.007799125699169127
노랗다,0.007799125699169127
운동장,0.007799125699169127
너무하다,0.007799125699169127
두껍다,0.007799125699169127
자세,0.007799125699169127
자구,0.007799125699169127
노예,0.007799125699169127
깨우다,0.007799125699169127
굉장하다,0.007799125699169127
상쾌하다,0.007799125699169127
상품권,0.007799125699169127
분석,0.007799125699169127
극악,0.007799125699169127
좀비,0.007799125699169127
좁다,0.007799125699169127
지나치다,0.007799125699169127
운영,0.007799125699169127
고등학생,0.007799125699169127
세이프,0.007799125699169127
복지,0.007799125699169127
볼링,0.007799125699169127
뵈다,0.007799125699169127
성장,0.007799125699169127
서서,0.007799125699169127
서치,0.007799125699169127
다비,0.007799125699169127
중순,0.007799125699169127
줄어들다,0.007799125699169127
가로,0.007799125699169127
라서,0.007799125699169127
라벨,0.007799125699169127
뚫다,0.007799125699169127
뜬금,0.007799125699169127
펼치다,0.007799125699169127
남성,0.007799125699169127
차도,0.007799125699169127
단계,0.007799125699169127
랍니,0.007799125699169127
줄이다,0.007799125699169127
어디가,0.007799125699169127
어느새다,0.007799125699169127
주위,0.007799125699169127
흔하다,0.007799125699169127
빡빡,0.007799125699169127
흔적,0.007799125699169127
라이트,0.007799125699169127
한심하다,0.007799125699169127
이루어지다,0.007799125699169127
괴롭히다,0.007799125699169127
목록,0.007799125699169127
두렵다,0.007799125699169127
월간,0.007799125699169127
생산,0.007799125699169127
상추,0.007799125699169127
상자,0.007799125699169127
원인,0.007799125699169127
원금,0.007799125699169127
노잼,0.007799125699169127
자식,0.007799125699169127
무거워,0.007799125699169127
무난,0.007799125699169127
무너지다,0.007799125699169127
어려움,0.007799125699169127
어마,0.007799125699169127
어린이,0.007799125699169127
유행,0.007799125699169127
뚝딱,0.007799125699169127
비밀번호,0.007799125699169127
훌쩍,0.007799125699169127
공장,0.007799125699169127
주어지다,0.007799125699169127
무언가,0.007799125699169127
양은,0.007799125699169127
통해,0.007799125699169127
살벌하다,0.007799125699169127
다람쥐,0.007799125699169127
다루다,0.007799125699169127
한도,0.007799125699169127
한정,0.007799125699169127
찌들다,0.007799125699169127
이동,0.007799125699169127
사건,0.007799125699169127
비주,0.007799125699169127
사가다,0.007799125699169127
빌딩,0.007799125699169127
살인,0.007799125699169127
가스,0.007799125699169127
사업자,0.007799125699169127
사지,0.007799125699169127
로봇,0.007696368440671505
결산,0.007696368440671505
취해,0.007696368440671505
플레이,0.007696368440671505
로움,0.007696368440671505
밴드,0.007696368440671505
죄책감,0.007696368440671505
결과물,0.007696368440671505
스페셜,0.007696368440671505
스트레칭,0.007696368440671505
고우리,0.007696368440671505
온도,0.007696368440671505
온몸,0.007696368440671505
단위,0.007696368440671505
생략,0.007696368440671505
편지지,0.007696368440671505
만끽,0.007696368440671505
경쟁,0.007696368440671505
전보,0.007696368440671505
월동,0.007696368440671505
소심하다,0.007696368440671505
노랑,0.007696368440671505
원서,0.007696368440671505
질린다,0.007696368440671505
온갖,0.007696368440671505
오시,0.007696368440671505
분식,0.007696368440671505
실사,0.007696368440671505
초면,0.007696368440671505
색상,0.007696368440671505
끝판,0.007696368440671505
경악,0.007696368440671505
하진,0.007696368440671505
곁들이다,0.007696368440671505
계란찜,0.007696368440671505
화성시,0.007696368440671505
샘플,0.007696368440671505
신세,0.007696368440671505
불리,0.007696368440671505
불만,0.007696368440671505
불과,0.007696368440671505
생명,0.007696368440671505
명언,0.007696368440671505
분홍,0.007696368440671505
고작,0.007696368440671505
상이,0.007696368440671505
발리다,0.007696368440671505
엑스레이,0.007696368440671505
무덥다,0.007696368440671505
올리브,0.007696368440671505
온통,0.007696368440671505
페스,0.007696368440671505
오천원,0.007696368440671505
오케이,0.007696368440671505
백원,0.007696368440671505
부탁드리다,0.007696368440671505
오징어,0.007696368440671505
에코,0.007696368440671505
깜놀,0.007696368440671505
내미다,0.007696368440671505
단호박,0.007696368440671505
닫히다,0.007696368440671505
회고,0.007696368440671505
기능사,0.007696368440671505
망나니,0.007696368440671505
국장,0.007696368440671505
이모지,0.007696368440671505
이비인후과,0.007696368440671505
틀림없다,0.007696368440671505
전략,0.007696368440671505
후보,0.007696368440671505
저격,0.007696368440671505
껍데기,0.007696368440671505
후루룩,0.007696368440671505
후원,0.007696368440671505
웨이팅,0.007696368440671505
깎다,0.007696368440671505
오렌지,0.007696368440671505
해물,0.007696368440671505
과식,0.007696368440671505
친정,0.007696368440671505
뱃살,0.007696368440671505
오리고기,0.007696368440671505
구체,0.007696368440671505
확대,0.007696368440671505
오르막,0.007696368440671505
손바느질,0.007696368440671505
로또,0.007696368440671505
원룸,0.007696368440671505
애니메이션,0.007696368440671505
캐리,0.007696368440671505
위드,0.007696368440671505
위대하다,0.007696368440671505
등기,0.007696368440671505
합치,0.007696368440671505
보스,0.007696368440671505
페이지,0.007696368440671505
압도,0.007696368440671505
발걸음,0.007696368440671505
반도,0.007696368440671505
얏호,0.007696368440671505
반면,0.007696368440671505
월초,0.007696368440671505
등록증,0.007696368440671505
상하,0.007696368440671505
창피하다,0.007696368440671505
무지하다,0.007696368440671505
다이로,0.007696368440671505
반절,0.007696368440671505
구도,0.007696368440671505
졸귀,0.007696368440671505
떠올리다,0.007696368440671505
구려,0.007696368440671505
인스턴트,0.007696368440671505
송이,0.007696368440671505
잠실,0.007696368440671505
레이저,0.007696368440671505
턱관절,0.007696368440671505
귀요미,0.007696368440671505
그늘,0.007696368440671505
그다음,0.007696368440671505
무진장,0.007696368440671505
귀신,0.007696368440671505
무제한,0.007696368440671505
메모장,0.007696368440671505
뱉다,0.007696368440671505
이분,0.007696368440671505
찾아내다,0.007696368440671505
지모,0.007696368440671505
내집마련,0.007696368440671505
어휘,0.007696368440671505
억수,0.007696368440671505
지면,0.007696368440671505
피티,0.007696368440671505
방해,0.007696368440671505
립스틱,0.007696368440671505
모토,0.007696368440671505
누적,0.007696368440671505
요정,0.007696368440671505
조정,0.007696368440671505
요한,0.007696368440671505
외국,0.007696368440671505
홍삼,0.007696368440671505
필터,0.007696368440671505
마일,0.007696368440671505
시티,0.007696368440671505
달동,0.007696368440671505
조치,0.007696368440671505
어린이집,0.007696368440671505
슬럼프,0.007696368440671505
당한,0.007696368440671505
만둣국,0.007696368440671505
업그레이드,0.007696368440671505
타협,0.007696368440671505
탁구,0.007696368440671505
방수,0.007696368440671505
모델링,0.007696368440671505
강렬하다,0.007696368440671505
요건,0.007696368440671505
함박스테이크,0.007696368440671505
획득,0.007696368440671505
마디,0.007696368440671505
왕따,0.007696368440671505
컵밥,0.007696368440671505
마사지,0.007696368440671505
동이,0.007696368440671505
출구,0.007696368440671505
팔다리,0.007696368440671505
자시다,0.007696368440671505
효율,0.007696368440671505
판이,0.007696368440671505
승부,0.007696368440671505
선지,0.007696368440671505
시달리다,0.007696368440671505
부대찌개,0.007696368440671505
지식,0.007696368440671505
특판,0.007696368440671505
청주,0.007696368440671505
하여튼,0.007696368440671505
시선,0.007696368440671505
이태원,0.007696368440671505
글귀,0.007696368440671505
따갑다,0.007696368440671505
기용,0.007696368440671505
언니네,0.007696368440671505
지게,0.007696368440671505
누락,0.007696368440671505
누르기,0.007696368440671505
컵라면,0.007696368440671505
마약,0.007696368440671505
시금치,0.007696368440671505
세기,0.007696368440671505
서고,0.007696368440671505
탁하다,0.007696368440671505
신부,0.007696368440671505
균형,0.007696368440671505
서두,0.007696368440671505
거북,0.007696368440671505
허무하다,0.007696368440671505
회상,0.007696368440671505
식구,0.007696368440671505
양파,0.007696368440671505
고사,0.007696368440671505
전주,0.007696368440671505
전쟁,0.007696368440671505
전해,0.007696368440671505
불가,0.007696368440671505
옹졸하다,0.007696368440671505
터치,0.007696368440671505
만렙,0.007696368440671505
전어,0.007696368440671505
데비,0.007696368440671505
만년,0.007696368440671505
우려,0.007696368440671505
신곡,0.007696368440671505
게으름,0.007696368440671505
늘어서다,0.007696368440671505
능소화,0.007696368440671505
포켓몬,0.007696368440671505
에바,0.007696368440671505
간반,0.007696368440671505
후회되다,0.007696368440671505
후자,0.007696368440671505
에스,0.007696368440671505
용법,0.007696368440671505
서버,0.007696368440671505
단기,0.007696368440671505
단기간,0.007696368440671505
방지,0.007696368440671505
따지다,0.007696368440671505
학습,0.007696368440671505
어딨다,0.007696368440671505
단호,0.007696368440671505
이어폰,0.007696368440671505
팬츠,0.007696368440671505
몰아치다,0.007696368440671505
구들,0.007696368440671505
어르다,0.007696368440671505
자몽,0.007696368440671505
자켓,0.007696368440671505
이외,0.007696368440671505
고등어,0.007696368440671505
샹궈,0.007696368440671505
리필,0.007696368440671505
리츠,0.007696368440671505
홈플러스,0.007696368440671505
그림자,0.007696368440671505
코엑스,0.007696368440671505
홀쭉하다,0.007696368440671505
소독,0.007696368440671505
극적,0.007696368440671505
극찬,0.007696368440671505
서운하다,0.007696368440671505
서일,0.007696368440671505
되새기다,0.007696368440671505
자국,0.007696368440671505
노선,0.007696368440671505
라이프스타일,0.007696368440671505
유혹,0.007696368440671505
진로,0.007696368440671505
사인,0.007696368440671505
다분,0.007696368440671505
별명,0.007696368440671505
라운드,0.007696368440671505
형성,0.007696368440671505
퉁퉁,0.007696368440671505
저하,0.007696368440671505
간접,0.007696368440671505
중딩,0.007696368440671505
진단,0.007696368440671505
질도,0.007696368440671505
맥락,0.007696368440671505
다사,0.007696368440671505
매달리다,0.007696368440671505
초콜릿,0.007696368440671505
펼쳐지다,0.007696368440671505
광화문,0.007696368440671505
호떡,0.007696368440671505
호들갑,0.007696368440671505
아침밥,0.007696368440671505
감탄,0.007696368440671505
파이썬,0.007696368440671505
크리스,0.007696368440671505
나기,0.007696368440671505
별일,0.007696368440671505
유익하다,0.007696368440671505
바꿈,0.007696368440671505
사탕,0.007696368440671505
바람막이,0.007696368440671505
알아주다,0.007696368440671505
산지,0.007696368440671505
낭비하다,0.007696368440671505
장보고,0.007696368440671505
둔산,0.007696368440671505
이러하다,0.007696368440671505
버려지다,0.007696368440671505
끼치다,0.007696368440671505
비요뜨,0.007696368440671505
비염,0.007696368440671505
재능,0.007696368440671505
안산,0.007696368440671505
관리자,0.007696368440671505
짤짤,0.007696368440671505
노리다,0.007696368440671505
사주,0.007696368440671505
두유,0.007696368440671505
적기,0.007696368440671505
파킹,0.007696368440671505
박명수,0.007696368440671505
뒷전,0.007696368440671505
머물다,0.007696368440671505
수면시간,0.007696368440671505
콩떡,0.007696368440671505
카운트,0.007696368440671505
민경,0.007696368440671505
응대,0.007696368440671505
의의,0.007696368440671505
민정,0.007696368440671505
빼먹다,0.007696368440671505
뻑뻑,0.007696368440671505
수혈,0.007696368440671505
파이다,0.007696368440671505
초점,0.007696368440671505
가동,0.007696368440671505
미화,0.007696368440671505
아이브,0.007696368440671505
끊어지다,0.007696368440671505
데우다,0.007696368440671505
빼빼로데이,0.007696368440671505
급격하다,0.007696368440671505
해나,0.007696368440671505
포도,0.007696368440671505
도르다,0.007696368440671505
연필,0.007696368440671505
머선,0.007696368440671505
고결,0.007696368440671505
경찰,0.007696368440671505
트러플,0.007696368440671505
범위,0.007696368440671505
뿜뿜,0.007696368440671505
꾸밈,0.007696368440671505
숨기다,0.007696368440671505
뇨끼,0.007696368440671505
호감,0.007696368440671505
버스비,0.007696368440671505
빠꾸,0.007696368440671505
일금,0.007696368440671505
매진,0.007696368440671505
사리,0.007696368440671505
고문,0.007696368440671505
잡지,0.007696368440671505
일산,0.007696368440671505
장인,0.007696368440671505
일석이조,0.007696368440671505
대중,0.007696368440671505
고제,0.007696368440671505
드랍,0.007696368440671505
필사,0.007696368440671505
필링,0.007696368440671505
뜨끈하다,0.007696368440671505
임대,0.007696368440671505
고백,0.007696368440671505
프라이어,0.007696368440671505
싸인,0.007696368440671505
한적,0.007696368440671505
보름,0.007696368440671505
프레임,0.007696368440671505
유튜버,0.007696368440671505
개도,0.007696368440671505
유치하다,0.007696368440671505
짠하다,0.007696368440671505
혼술,0.007696368440671505
굿굿,0.007696368440671505
살살,0.007696368440671505
쇼츠,0.007696368440671505
유독,0.007696368440671505
한가지,0.007696368440671505
여직원,0.007696368440671505
다물다,0.007696368440671505
보답,0.007696368440671505
공지,0.007696368440671505
바삭,0.007696368440671505
송파구,0.007696368440671505
연락처,0.007696368440671505
쇼핑몰,0.007696368440671505
비어,0.007696368440671505
투명하다,0.007696368440671505
물어,0.007696368440671505
쾌적하다,0.007696368440671505
닌텐도,0.007696368440671505
역점,0.007696368440671505
굴러가다,0.007696368440671505
메론,0.007696368440671505
혈압,0.007696368440671505
상세,0.007696368440671505
저녁식사,0.007696368440671505
살수,0.007696368440671505
향상,0.007696368440671505
스케쥴,0.007696368440671505
먼지,0.007696368440671505
토닉,0.007696368440671505
박사,0.007696368440671505
쏟아내다,0.007696368440671505
묻히다,0.007696368440671505
코타,0.007121559506127009
스맨파절크,0.007121559506127009
강밥,0.007121559506127009
크로와상,0.007121559506127009
정상인,0.007121559506127009
대뜸,0.007121559506127009
강대국,0.007121559506127009
스크램,0.007121559506127009
방정,0.007121559506127009
밴쿠버,0.007121559506127009
강동,0.007121559506127009
수합,0.007121559506127009
스도쿠,0.007121559506127009
스카우트,0.007121559506127009
쉄생나,0.007121559506127009
방토맛,0.007121559506127009
스드메,0.007121559506127009
버디,0.007121559506127009
배수로,0.007121559506127009
방지우,0.007121559506127009
스루,0.007121559506127009
슴돠,0.007121559506127009
강수량,0.007121559506127009
강인,0.007121559506127009
숭실대,0.007121559506127009
강유,0.007121559506127009
홈런,0.007121559506127009
숭한,0.007121559506127009
슬품,0.007121559506127009
방침,0.007121559506127009
백룡,0.007121559506127009
기생충,0.007121559506127009
대처,0.007121559506127009
배은진,0.007121559506127009
배재호,0.007121559506127009
화시,0.007121559506127009
스니커즈,0.007121559506127009
화엄,0.007121559506127009
슬러시,0.007121559506127009
스피또맞,0.007121559506127009
승철,0.007121559506127009
스콧,0.007121559506127009
승질,0.007121559506127009
스케이트장,0.007121559506127009
슬리데린,0.007121559506127009
슬금슬금,0.007121559506127009
정해준,0.007121559506127009
슈팅,0.007121559506127009
시공,0.007121559506127009
갈라가,0.007121559506127009
크크뇽안,0.007121559506127009
갈릴,0.007121559506127009
금강산,0.007121559506127009
쉐하,0.007121559506127009
기결,0.007121559506127009
수이,0.007121559506127009
방송국,0.007121559506127009
농또,0.007121559506127009
술임,0.007121559506127009
베가,0.007121559506127009
벚꽃놀이,0.007121559506127009
기울다,0.007121559506127009
코고,0.007121559506127009
술톤,0.007121559506127009
케안,0.007121559506127009
변덕쟁이,0.007121559506127009
벼룩,0.007121559506127009
갓바위,0.007121559506127009
갓길,0.007121559506127009
공갈빵,0.007121559506127009
과학고,0.007121559506127009
슈프림,0.007121559506127009
기사도,0.007121559506127009
콘세,0.007121559506127009
법규,0.007121559506127009
강냉이,0.007121559506127009
수욜날,0.007121559506127009
수원시,0.007121559506127009
코카인,0.007121559506127009
슈페,0.007121559506127009
슴슴함,0.007121559506127009
쿠로,0.007121559506127009
금화,0.007121559506127009
기물,0.007121559506127009
변씨,0.007121559506127009
지헐,0.007121559506127009
지후,0.007121559506127009
쿵쾅,0.007121559506127009
지팡이,0.007121559506127009
큐어,0.007121559506127009
진자,0.007121559506127009
농놀,0.007121559506127009
크램드밀,0.007121559506127009
숙달,0.007121559506127009
기둥,0.007121559506127009
놀러왓엉용,0.007121559506127009
베토벤,0.007121559506127009
베잼,0.007121559506127009
베인,0.007121559506127009
금욜밤,0.007121559506127009
슬로건,0.007121559506127009
수험표,0.007121559506127009
콬씨,0.007121559506127009
트먼트,0.007121559506127009
시급하다,0.007121559506127009
숨은그림,0.007121559506127009
숨언,0.007121559506127009
숨쉪,0.007121559506127009
긍까,0.007121559506127009
화점,0.007121559506127009
배합,0.007121559506127009
큐슈,0.007121559506127009
배척,0.007121559506127009
배위,0.007121559506127009
컷송아,0.007121559506127009
컷트비,0.007121559506127009
급코노,0.007121559506127009
순이익,0.007121559506127009
쉑쉑,0.007121559506127009
기묘하다,0.007121559506127009
순번,0.007121559506127009
정처,0.007121559506127009
놔주엇어,0.007121559506127009
정준,0.007121559506127009
정수,0.007121559506127009
지엄,0.007121559506127009
뱅기,0.007121559506127009
지노,0.007121559506127009
범석,0.007121559506127009
뱅뱅,0.007121559506127009
댈러스,0.007121559506127009
눈동자,0.007121559506127009
댄브,0.007121559506127009
대호,0.007121559506127009
정장,0.007121559506127009
정진,0.007121559506127009
스테이지,0.007121559506127009
정성스럽다,0.007121559506127009
스테인드글라스,0.007121559506127009
기니피그,0.007121559506127009
놈담,0.007121559506127009
스테인드,0.007121559506127009
기시감,0.007121559506127009
화성침공,0.007121559506127009
기씨,0.007121559506127009
화려,0.007121559506127009
특단,0.007121559506127009
강날,0.007121559506127009
슨배님,0.007121559506127009
놀긔,0.007121559506127009
슨배들,0.007121559506127009
스포츠댄스,0.007121559506127009
화끈,0.007121559506127009
정거장,0.007121559506127009
팀버맨,0.007121559506127009
댕동가,0.007121559506127009
지조,0.007121559506127009
정밀,0.007121559506127009
백씨,0.007121559506127009
버스킹,0.007121559506127009
정단,0.007121559506127009
지장사,0.007121559506127009
대상포진,0.007121559506127009
접착,0.007121559506127009
스위칭,0.007121559506127009
스위트박스,0.007121559506127009
더뎀,0.007121559506127009
댐귀,0.007121559506127009
트씨,0.007121559506127009
댕겨온,0.007121559506127009
댐너므,0.007121559506127009
접촉,0.007121559506127009
스트립,0.007121559506127009
정치성향,0.007121559506127009
피토,0.007121559506127009
스퇄,0.007121559506127009
스트,0.007121559506127009
대유,0.007121559506127009
정영훈,0.007121559506127009
정면,0.007121559506127009
백틧,0.007121559506127009
정형외과,0.007121559506127009
점밈,0.007121559506127009
피카소,0.007121559506127009
피자헛,0.007121559506127009
백제고분로,0.007121559506127009
점박이,0.007121559506127009
더맘,0.007121559506127009
지정석,0.007121559506127009
법률용어,0.007121559506127009
법대,0.007121559506127009
점퍼,0.007121559506127009
점합,0.007121559506127009
벅스,0.007121559506127009
곤충,0.007121559506127009
더글,0.007121559506127009
코팅,0.007121559506127009
틴바,0.007121559506127009
곡물,0.007121559506127009
쉽스,0.007121559506127009
곡세,0.007121559506127009
슈웅,0.007121559506127009
화구,0.007121559506127009
버벅거리,0.007121559506127009
화차,0.007121559506127009
슈니들,0.007121559506127009
슈스쉽,0.007121559506127009
쉐딩,0.007121559506127009
대장정,0.007121559506127009
스탑,0.007121559506127009
슈스티즈,0.007121559506127009
슈붕,0.007121559506127009
슈발,0.007121559506127009
점령,0.007121559506127009
벌벌,0.007121559506127009
버겐스,0.007121559506127009
쉬움,0.007121559506127009
번지점프,0.007121559506127009
정민영,0.007121559506127009
긁힌다,0.007121559506127009
순간이동,0.007121559506127009
점특,0.007121559506127009
스케쳐스,0.007121559506127009
스토커,0.007121559506127009
버용,0.007121559506127009
강매,0.007121559506127009
눌려진,0.007121559506127009
눈뎅,0.007121559506127009
스탠드업,0.007121559506127009
스즈매,0.007121559506127009
화방,0.007121559506127009
강민경,0.007121559506127009
스케이트,0.007121559506127009
스벅머쉬룸스프,0.007121559506127009
스벅깊티,0.007121559506127009
국경,0.007121559506127009
버르장머리,0.007121559506127009
화분,0.007121559506127009
기염뽀짝,0.007121559506127009
지지자,0.007121559506127009
피넛버터맛,0.007121559506127009
점웨,0.007121559506127009
점즈님,0.007121559506127009
번내,0.007121559506127009
플룻,0.007121559506127009
번인,0.007121559506127009
틀어막다,0.007121559506127009
대인,0.007121559506127009
슴둘,0.007121559506127009
급생,0.007121559506127009
정임,0.007121559506127009
갑사,0.007121559506127009
갑돌섬,0.007121559506127009
기왕,0.007121559506127009
정설,0.007121559506127009
기염,0.007121559506127009
강간,0.007121559506127009
특몸,0.007121559506127009
싹퉁,0.007121559506127009
박황,0.007121559506127009
박효신,0.007121559506127009
싸이코,0.007121559506127009
바우하우스,0.007121559506127009
쎄굿빠,0.007121559506127009
쏙쏙,0.007121559506127009
바이트,0.007121559506127009
썩힌,0.007121559506127009
바닥재,0.007121559506127009
심보,0.007121559506127009
코아루,0.007121559506127009
심곡,0.007121559506127009
혼마,0.007121559506127009
호홓,0.007121559506127009
바더,0.007121559506127009
쏠리다,0.007121559506127009
념념긋,0.007121559506127009
념념했음,0.007121559506127009
논듯얘드,0.007121559506127009
진진,0.007121559506127009
년판,0.007121559506127009
호환,0.007121559506127009
박치기,0.007121559506127009
썰물,0.007121559506127009
노무,0.007121559506127009
노무사,0.007121559506127009
노빠꾸,0.007121559506127009
념긋,0.007121559506127009
도덕경,0.007121559506127009
도됴스,0.007121559506127009
관악,0.007121559506127009
관방,0.007121559506127009
관사,0.007121559506127009
개심,0.007121559506127009
개애,0.007121559506127009
캣타워,0.007121559506127009
바빸나,0.007121559506127009
써니,0.007121559506127009
써리다,0.007121559506127009
바이럴,0.007121559506127009
곽윤기,0.007121559506127009
박령,0.007121559506127009
밑창,0.007121559506127009
밑바닥,0.007121559506127009
바용,0.007121559506127009
바쇽,0.007121559506127009
바담날,0.007121559506127009
카르,0.007121559506127009
바비큐,0.007121559506127009
카반,0.007121559506127009
김수,0.007121559506127009
데카,0.007121559506127009
전구,0.007121559506127009
던디,0.007121559506127009
전라도,0.007121559506127009
델꼬,0.007121559506127009
델러와,0.007121559506127009
델리,0.007121559506127009
뎁짜이,0.007121559506127009
뎁쳇,0.007121559506127009
심쌤,0.007121559506127009
데미소다,0.007121559506127009
전기자전거,0.007121559506127009
잭슨,0.007121559506127009
잭프루트,0.007121559506127009
심폐소생술,0.007121559506127009
심술,0.007121559506127009
심심,0.007121559506127009
도랏다,0.007121559506127009
필라델피아,0.007121559506127009
도너츠,0.007121559506127009
도니,0.007121559506127009
도다리,0.007121559506127009
데뭐,0.007121559506127009
개꿀잼,0.007121559506127009
개날,0.007121559506127009
개냥,0.007121559506127009
개귀엽쥬,0.007121559506127009
홀드,0.007121559506127009
싱기싱기,0.007121559506127009
파뤼,0.007121559506127009
파르페,0.007121559506127009
홀딱,0.007121559506127009
홀려,0.007121559506127009
혼쭐나,0.007121559506127009
홀그,0.007121559506127009
파라파라,0.007121559506127009
반출,0.007121559506127009
김수지,0.007121559506127009
김승민,0.007121559506127009
쌀판,0.007121559506127009
쌈밥,0.007121559506127009
쌍무지개,0.007121559506127009
티남,0.007121559506127009
티드,0.007121559506127009
티맵,0.007121559506127009
커미션,0.007121559506127009
커넥터,0.007121559506127009
커리어우먼,0.007121559506127009
박차,0.007121559506127009
구심,0.007121559506127009
구씨,0.007121559506127009
구사,0.007121559506127009
구상,0.007121559506127009
카키색,0.007121559506127009
칭호,0.007121559506127009
카네이션,0.007121559506127009
민뚜,0.007121559506127009
아수웠,0.007121559506127009
파이프,0.007121559506127009
구성은,0.007121559506127009
진분홍,0.007121559506127009
아스파라거스,0.007121559506127009
김말이,0.007121559506127009
도강,0.007121559506127009
도고,0.007121559506127009
도미빵,0.007121559506127009
재팡,0.007121559506127009
도의,0.007121559506127009
재청,0.007121559506127009
재촉,0.007121559506127009
재방,0.007121559506127009
고집쟁이,0.007121559506127009
필로,0.007121559506127009
구봉산,0.007121559506127009
아디오스,0.007121559506127009
아리다,0.007121559506127009
아시냐,0.007121559506127009
아시안컵,0.007121559506127009
아따맘마,0.007121559506127009
미행,0.007121559506127009
미쯔맛,0.007121559506127009
미쳣,0.007121559506127009
칸칸이,0.007121559506127009
카풰가,0.007121559506127009
아니엇음,0.007121559506127009
깐궈,0.007121559506127009
아닐꽈,0.007121559506127009
아랑,0.007121559506127009
아숩옆동네,0.007121559506127009
칼림바,0.007121559506127009
김성규,0.007121559506127009
김소연,0.007121559506127009
김떡,0.007121559506127009
민혁,0.007121559506127009
민호,0.007121559506127009
아기자기하다,0.007121559506127009
개비,0.007121559506127009
혓바닥,0.007121559506127009
아닌뒈,0.007121559506127009
캌캌,0.007121559506127009
쓰나미,0.007121559506127009
싶었꼬,0.007121559506127009
싱싱회,0.007121559506127009
싱어,0.007121559506127009
긴급하다,0.007121559506127009
김태형,0.007121559506127009
김다현,0.007121559506127009
파자마파티,0.007121559506127009
파워워킹,0.007121559506127009
김지원,0.007121559506127009
고품,0.007121559506127009
김용희,0.007121559506127009
김이나,0.007121559506127009
칭구칭긔,0.007121559506127009
칭다오,0.007121559506127009
길또,0.007121559506127009
쟁탈전,0.007121559506127009
피슈,0.007121559506127009
적합,0.007121559506127009
개인실,0.007121559506127009
호밀빵,0.007121559506127009
진승민,0.007121559506127009
진희,0.007121559506127009
김진,0.007121559506127009
저널리즘,0.007121559506127009
저녁때,0.007121559506127009
필롱,0.007121559506127009
핀잔,0.007121559506127009
필릭스,0.007121559506127009
재현,0.007121559506127009
재획,0.007121559506127009
고층,0.007121559506127009
아라리,0.007121559506127009
밀물,0.007121559506127009
호드,0.007121559506127009
바나나킥,0.007121559506127009
길고양이,0.007121559506127009
씸플,0.007121559506127009
밀림,0.007121559506127009
캠퍼스,0.007121559506127009
밀접,0.007121559506127009
밀짚모자,0.007121559506127009
바랬기,0.007121559506127009
개웃겻음,0.007121559506127009
개월여,0.007121559506127009
씨야,0.007121559506127009
아랫니,0.007121559506127009
캐캐체,0.007121559506127009
길짝꿍,0.007121559506127009
씨톡,0.007121559506127009
코스모스,0.007121559506127009
코스터,0.007121559506127009
기면,0.007121559506127009
기모,0.007121559506127009
파니니,0.007121559506127009
기형,0.007121559506127009
기화,0.007121559506127009
밥꼭챙,0.007121559506127009
식탐,0.007121559506127009
파라다이스,0.007121559506127009
파라미터,0.007121559506127009
싱싱,0.007121559506127009
커브,0.007121559506127009
더영투,0.007121559506127009
절친,0.007121559506127009
절도,0.007121559506127009
절때,0.007121559506127009
절레절레삼런트,0.007121559506127009
댕길,0.007121559506127009
케찹,0.007121559506127009
케케,0.007121559506127009
발키리,0.007121559506127009
방아깨비,0.007121559506127009
배송지,0.007121559506127009
구구구,0.007121559506127009
절교,0.007121559506127009
전위,0.007121559506127009
데롱데롱,0.007121559506127009
발인,0.007121559506127009
신반포로,0.007121559506127009
식기,0.007121559506127009
식인,0.007121559506127009
반항,0.007121559506127009
신봉,0.007121559506127009
신라,0.007121559506127009
신길로,0.007121559506127009
컨실러,0.007121559506127009
신문지,0.007121559506127009
발언권,0.007121559506127009
발음,0.007121559506127009
파닉스,0.007121559506127009
파동,0.007121559506127009
밥술,0.007121559506127009
밥줘,0.007121559506127009
코칭,0.007121559506127009
케로케,0.007121559506127009
누각,0.007121559506127009
시종,0.007121559506127009
기행,0.007121559506127009
홀릭,0.007121559506127009
누에,0.007121559506127009
지브리,0.007121559506127009
피티쌤,0.007121559506127009
피함,0.007121559506127009
누굴,0.007121559506127009
지쿠,0.007121559506127009
지킴,0.007121559506127009
지지다,0.007121559506127009
방역,0.007121559506127009
시스터,0.007121559506127009
밤송이,0.007121559506127009
배수,0.007121559506127009
시조,0.007121559506127009
시보,0.007121559506127009
시부,0.007121559506127009
승천,0.007121559506127009
승산,0.007121559506127009
승완이,0.007121559506127009
승완이승완,0.007121559506127009
시무,0.007121559506127009
시롸밟,0.007121559506127009
시리다,0.007121559506127009
콘치즈,0.007121559506127009
콘티,0.007121559506127009
밥값임,0.007121559506127009
방대하다,0.007121559506127009
방인,0.007121559506127009
시속,0.007121559506127009
시트콤,0.007121559506127009
갖가지,0.007121559506127009
식스시그마,0.007121559506127009
신관,0.007121559506127009
신기다,0.007121559506127009
신검,0.007121559506127009
신경조직,0.007121559506127009
화공,0.007121559506127009
홍보팀,0.007121559506127009
지리산,0.007121559506127009
호연,0.007121559506127009
개간,0.007121559506127009
혼신,0.007121559506127009
시형,0.007121559506127009
시집가다,0.007121559506127009
배경음,0.007121559506127009
배그,0.007121559506127009
방편,0.007121559506127009
갖힌,0.007121559506127009
강해진,0.007121559506127009
홍홍홓,0.007121559506127009
지지마,0.007121559506127009
호적,0.007121559506127009
실점,0.007121559506127009
반비례,0.007121559506127009
데책,0.007121559506127009
데친,0.007121559506127009
신선,0.007121559506127009
실낱,0.007121559506127009
신형만,0.007121559506127009
실없다,0.007121559506127009
실성하다,0.007121559506127009
진격,0.007121559506127009
직딩,0.007121559506127009
덩안,0.007121559506127009
지원청,0.007121559506127009
직진,0.007121559506127009
직선,0.007121559506127009
직보땜,0.007121559506127009
편풀,0.007121559506127009
던킨도너츠,0.007121559506127009
덜맵,0.007121559506127009
전문점,0.007121559506127009
데프트,0.007121559506127009
저스틴,0.007121559506127009
저승사자,0.007121559506127009
노포,0.007121559506127009
놨네요쩝,0.007121559506127009
개돼지,0.007121559506127009
호랑,0.007121559506127009
혼수,0.007121559506127009
싹둑,0.007121559506127009
싸람,0.007121559506127009
써먹어보쟈,0.007121559506127009
써볼게안눙,0.007121559506127009
박재범,0.007121559506127009
박지윤,0.007121559506127009
컨벤션,0.007121559506127009
커팅식,0.007121559506127009
실타,0.007121559506127009
구찌,0.007121559506127009
신흥,0.007121559506127009
십자수,0.007121559506127009
싯팔이러,0.007121559506127009
싰다,0.007121559506127009
반정,0.007121559506127009
반지원정대,0.007121559506127009
싫넹근데,0.007121559506127009
싫었닼킼,0.007121559506127009
실밥,0.007121559506127009
발끈,0.007121559506127009
실신,0.007121559506127009
컷팅식,0.007121559506127009
신하,0.007121559506127009
발림,0.007121559506127009
발랄,0.007121559506127009
신공,0.007121559506127009
신입생,0.007121559506127009
반송,0.007121559506127009
발도장,0.007121559506127009
발등,0.007121559506127009
신당동,0.007121559506127009
발아,0.007121559506127009
신중동역,0.007121559506127009
컨퍼런스,0.007121559506127009
포카칩,0.007121559506127009
포존맛,0.007121559506127009
발광,0.007121559506127009
식겁,0.007121559506127009
신의한수,0.007121559506127009
덮개,0.007121559506127009
데수,0.007121559506127009
더키,0.007121559506127009
더킹,0.007121559506127009
더움,0.007121559506127009
더샾,0.007121559506127009
신부동,0.007121559506127009
관아,0.007121559506127009
발근,0.007121559506127009
반짝거리다,0.007121559506127009
반짝반짝하다,0.007121559506127009
실랑이,0.007121559506127009
기황후,0.007121559506127009
기함,0.007121559506127009
기찬압,0.007121559506127009
컴공,0.007121559506127009
김나영,0.007121559506127009
길어졋음,0.007121559506127009
틍데,0.007121559506127009
팀별,0.007121559506127009
신호등,0.007121559506127009
코로,0.007121559506127009
코노코노,0.007121559506127009
홀홀,0.007121559506127009
홍태관,0.007121559506127009
밥머,0.007121559506127009
시청역,0.007121559506127009
시체놀이,0.007121559506127009
시초,0.007121559506127009
시축,0.007121559506127009
방과,0.007121559506127009
발병,0.007121559506127009
발사이즈,0.007121559506127009
코레아,0.007121559506127009
휘었다,0.007121559506127009
휘핑치다,0.007121559506127009
불친절,0.007121559506127009
삿습니,0.007121559506127009
좋아밍고,0.007121559506127009
종집,0.007121559506127009
삿음,0.007121559506127009
샀지렁,0.007121559506127009
삼한,0.007121559506127009
삽겹살,0.007121559506127009
상프,0.007121559506127009
주네,0.007121559506127009
대박나다,0.007121559506127009
다이얼,0.007121559506127009
다이온,0.007121559506127009
종도,0.007121559506127009
단양,0.007121559506127009
단군,0.007121559506127009
트리트먼트,0.007121559506127009
죠은,0.007121559506127009
죤나,0.007121559506127009
죤니깜감,0.007121559506127009
존존맛,0.007121559506127009
졸귀탱,0.007121559506127009
주딩,0.007121559506127009
다화,0.007121559506127009
좋것닼,0.007121559506127009
생겻다네,0.007121559506127009
생소,0.007121559506127009
생명보험,0.007121559506127009
생녀,0.007121559506127009
불독,0.007121559506127009
불굴,0.007121559506127009
생뽕,0.007121559506127009
분유,0.007121559506127009
분분,0.007121559506127009
분사,0.007121559506127009
삿대,0.007121559506127009
휘었거든,0.007121559506127009
불쾌하다,0.007121559506127009
상콤,0.007121559506127009
터트려,0.007121559506127009
상징,0.007121559506127009
상음,0.007121559506127009
색실,0.007121559506127009
새치,0.007121559506127009
상심,0.007121559506127009
불쇼,0.007121559506127009
상탈,0.007121559506127009
삿기,0.007121559506127009
휘뚤마뚤,0.007121559506127009
불판,0.007121559506127009
가오리,0.007121559506127009
가안,0.007121559506127009
가지가지,0.007121559506127009
가텨,0.007121559506127009
종은,0.007121559506127009
삼조,0.007121559506127009
삼천원,0.007121559506127009
삼십원,0.007121559506127009
삼월,0.007121559506127009
삼이,0.007121559506127009
삼보,0.007121559506127009
삼립,0.007121559506127009
태극전사,0.007121559506127009
쥰내,0.007121559506127009
뉴트럴,0.007121559506127009
눠무,0.007121559506127009
능곡,0.007121559506127009
늑대,0.007121559506127009
다짜고짜,0.007121559506127009
닌삥,0.007121559506127009
과로,0.007121559506127009
과보,0.007121559506127009
폰카,0.007121559506127009
중환자,0.007121559506127009
중첫,0.007121559506127009
쥬얼,0.007121559506127009
태니,0.007121559506127009
태명,0.007121559506127009
삿다,0.007121559506127009
굿닥터,0.007121559506127009
굿바,0.007121559506127009
튤립,0.007121559506127009
트라히어,0.007121559506127009
귀상어,0.007121559506127009
트렌치코트,0.007121559506127009
트려,0.007121559506127009
붕괴,0.007121559506127009
붐바,0.007121559506127009
가은,0.007121559506127009
브류,0.007121559506127009
테트리스,0.007121559506127009
테린느,0.007121559506127009
비담,0.007121559506127009
비냉,0.007121559506127009
가챠,0.007121559506127009
가짓수,0.007121559506127009
후렴구,0.007121559506127009
상수역,0.007121559506127009
상복,0.007121559506127009
가현,0.007121559506127009
붕경,0.007121559506127009
가위손,0.007121559506127009
브루클린,0.007121559506127009
회포,0.007121559506127009
회삿돈,0.007121559506127009
존대말,0.007121559506127009
달링,0.007121559506127009
달밤,0.007121559506127009
달빛,0.007121559506127009
회용,0.007121559506127009
그거슨,0.007121559506127009
텀러할,0.007121559506127009
턴해,0.007121559506127009
분경,0.007121559506127009
생시,0.007121559506127009
좆댐,0.007121559506127009
생중계,0.007121559506127009
붇기,0.007121559506127009
새까맣다,0.007121559506127009
불남,0.007121559506127009
태용,0.007121559506127009
터링,0.007121559506127009
규너,0.007121559506127009
규년,0.007121559506127009
규또,0.007121559506127009
턱뼈,0.007121559506127009
탈때,0.007121559506127009
탈골,0.007121559506127009
생얼,0.007121559506127009
존윅,0.007121559506127009
품평,0.007121559506127009
지근,0.007121559506127009
샤라,0.007121559506127009
북북,0.007121559506127009
북악,0.007121559506127009
선거날,0.007121559506127009
선경,0.007121559506127009
석지,0.007121559506127009
부악,0.007121559506127009
서터레스,0.007121559506127009
서지원,0.007121559506127009
회차회,0.007121559506127009
부타동,0.007121559506127009
부챗살,0.007121559506127009
부처님,0.007121559506127009
회월,0.007121559506127009
서글퍼지다,0.007121559506127009
서영,0.007121559506127009
서신,0.007121559506127009
샹그리,0.007121559506127009
서래로,0.007121559506127009
서광양,0.007121559506127009
토악,0.007121559506127009
회차갓,0.007121559506127009
서울대,0.007121559506127009
분키,0.007121559506127009
생채기,0.007121559506127009
생츅,0.007121559506127009
북카페,0.007121559506127009
분간,0.007121559506127009
생태,0.007121559506127009
생저,0.007121559506127009
부풀리다,0.007121559506127009
종업원,0.007121559506127009
종강쫑,0.007121559506127009
종결,0.007121559506127009
종근당,0.007121559506127009
탤부,0.007121559506127009
달기,0.007121559506127009
프리드리히,0.007121559506127009
프로도,0.007121559506127009
프로야구,0.007121559506127009
플레이도,0.007121559506127009
죠리퐁,0.007121559506127009
좌천,0.007121559506127009
존맛탱포케,0.007121559506127009
족저근막염,0.007121559506127009
존내,0.007121559506127009
좃그튼,0.007121559506127009
좃됐다,0.007121559506127009
달고나,0.007121559506127009
태평,0.007121559506127009
태평소,0.007121559506127009
탈취,0.007121559506127009
탐구,0.007121559506127009
탐슬해,0.007121559506127009
탈빠,0.007121559506127009
간도,0.007121559506127009
후훙,0.007121559506127009
탬버린,0.007121559506127009
탭댄스,0.007121559506127009
탱탱,0.007121559506127009
샘표,0.007121559506127009
생판,0.007121559506127009
불교,0.007121559506127009
분파,0.007121559506127009
분칠,0.007121559506127009
불매,0.007121559506127009
상팀,0.007121559506127009
상편,0.007121559506127009
샘송,0.007121559506127009
부텅,0.007121559506127009
생활화,0.007121559506127009
분리수거,0.007121559506127009
가젤,0.007121559506127009
가자미,0.007121559506127009
샤대,0.007121559506127009
생면,0.007121559506127009
사뿐하다,0.007121559506127009
사발,0.007121559506127009
사식,0.007121559506127009
사신,0.007121559506127009
비정상,0.007121559506127009
뿌듯암튼,0.007121559506127009
빠레뜨,0.007121559506127009
빠르넹,0.007121559506127009
빠밤,0.007121559506127009
사로잡히다,0.007121559506127009
사룽해,0.007121559506127009
중선,0.007121559506127009
과격하다,0.007121559506127009
풀죽다,0.007121559506127009
푼푼이,0.007121559506127009
풀라,0.007121559506127009
중아,0.007121559506127009
비채,0.007121559506127009
비척비척,0.007121559506127009
줌초,0.007121559506127009
포티,0.007121559506127009
중내,0.007121559506127009
중미,0.007121559506127009
다엿트,0.007121559506127009
다완,0.007121559506127009
중만,0.007121559506127009
중문,0.007121559506127009
테솔,0.007121559506127009
규격,0.007121559506127009
흑석역,0.007121559506127009
흑수,0.007121559506127009
흑쨋,0.007121559506127009
가려움,0.007121559506127009
투픽,0.007121559506127009
투옵,0.007121559506127009
텍스쳐,0.007121559506127009
굳굿쟙,0.007121559506127009
굳은살,0.007121559506127009
비탄,0.007121559506127009
트레져,0.007121559506127009
트램펄린,0.007121559506127009
튜터,0.007121559506127009
사모사,0.007121559506127009
사시나무,0.007121559506127009
뿐머,0.007121559506127009
뿜는,0.007121559506127009
사복,0.007121559506127009
뽁냥,0.007121559506127009
빠져브림,0.007121559506127009
사리다,0.007121559506127009
사래,0.007121559506127009
테임,0.007121559506127009
빌어먹을,0.007121559506127009
빅토리,0.007121559506127009
비행기표,0.007121559506127009
흑픅,0.007121559506127009
가고일,0.007121559506127009
히알루론산,0.007121559506127009
히어로즈,0.007121559506127009
가독성,0.007121559506127009
가관,0.007121559506127009
빨라쪼,0.007121559506127009
힉힉호무리짓,0.007121559506127009
히힛,0.007121559506127009
다씀꿱,0.007121559506127009
빵쟁이,0.007121559506127009
빵점내,0.007121559506127009
빵터지다,0.007121559506127009
빨홀빨프,0.007121559506127009
흑흑흐극,0.007121559506127009
흐트러지,0.007121559506127009
히밍이,0.007121559506127009
다나카,0.007121559506127009
중얼거리다,0.007121559506127009
중병,0.007121559506127009
흐애노,0.007121559506127009
흔쾌하다,0.007121559506127009
희귀,0.007121559506127009
빨때,0.007121559506127009
비쥰나옴,0.007121559506127009
뿌직,0.007121559506127009
뿌시고싶,0.007121559506127009
빠방쓰,0.007121559506127009
빠꾸먹어,0.007121559506127009
빠따,0.007121559506127009
빙콜,0.007121559506127009
중곡역,0.007121559506127009
삐삐,0.007121559506127009
뻥튀기,0.007121559506127009
뻔무,0.007121559506127009
뿌듯스거,0.007121559506127009
빙판,0.007121559506127009
빛번짐,0.007121559506127009
사누키,0.007121559506127009
사과콘마,0.007121559506127009
빠삐입니,0.007121559506127009
빠염,0.007121559506127009
빡셌다,0.007121559506127009
빡쎄,0.007121559506127009
사계절,0.007121559506127009
흉추,0.007121559506127009
흥행,0.007121559506127009
가라앉히다,0.007121559506127009
뿌앵집,0.007121559506127009
뻔뻔,0.007121559506127009
살겅미,0.007121559506127009
퇴실품,0.007121559506127009
투톤,0.007121559506127009
트로피,0.007121559506127009
퇴장,0.007121559506127009
브리즈,0.007121559506127009
님다,0.007121559506127009
쥐똥,0.007121559506127009
살빠지다,0.007121559506127009
살듯,0.007121559506127009
브라질,0.007121559506127009
브러시,0.007121559506127009
줄남찍,0.007121559506127009
주씨,0.007121559506127009
푸렌드,0.007121559506127009
프렌치토스트,0.007121559506127009
공연예술,0.007121559506127009
푸핰,0.007121559506127009
산담,0.007121559506127009
주안역,0.007121559506127009
주상,0.007121559506127009
주서,0.007121559506127009
풰셔,0.007121559506127009
곰아어,0.007121559506127009
주우,0.007121559506127009
산장,0.007121559506127009
공포영화,0.007121559506127009
쥬씨,0.007121559506127009
살바,0.007121559506127009
삼면,0.007121559506127009
주룩,0.007121559506127009
주안,0.007121559506127009
주르륵,0.007121559506127009
는단,0.007121559506127009
비공,0.007121559506127009
살땐,0.007121559506127009
살갗,0.007121559506127009
살거임웜톤,0.007121559506127009
통학러,0.007121559506127009
븅신같,0.007121559506127009
통풍,0.007121559506127009
통일,0.007121559506127009
굴맨,0.007121559506127009
굴삭기,0.007121559506127009
비계,0.007121559506127009
사직서,0.007121559506127009
비옴,0.007121559506127009
토라,0.007121559506127009
토깽,0.007121559506127009
토점,0.007121559506127009
굽남,0.007121559506127009
퇴관,0.007121559506127009
뷰캐넌,0.007121559506127009
튀각,0.007121559506127009
사우나,0.007121559506127009
비등,0.007121559506127009
비룡,0.007121559506127009
훌렁,0.007121559506127009
훔냥,0.007121559506127009
후흐,0.007121559506127009
공생,0.007121559506127009
가약,0.007121559506127009
사육,0.007121559506127009
가복,0.007121559506127009
훈이,0.007121559506127009
주식회사,0.007121559506127009
닉김,0.007121559506127009
니시,0.007121559506127009
중때,0.007121559506127009
다닥,0.007121559506127009
준생,0.007121559506127009
중양,0.007121559506127009
투움바,0.007121559506127009
준형,0.007121559506127009
중교,0.007121559506127009
다사니,0.007121559506127009
다바람,0.007121559506127009
줄기줄기,0.007121559506127009
퉤퉤,0.007121559506127009
삭신,0.007121559506127009
삭이다,0.007121559506127009
사탕수수,0.007121559506127009
사촌언니,0.007121559506127009
산산,0.007121559506127009
산낙지,0.007121559506127009
비스듬,0.007121559506127009
비닐봉지,0.007121559506127009
비스킷,0.007121559506127009
비운,0.007121559506127009
비올,0.007121559506127009
비걸,0.007121559506127009
비강,0.007121559506127009
사절,0.007121559506127009
가정식,0.007121559506127009
훼방,0.007121559506127009
가부,0.007121559506127009
텐데전,0.007121559506127009
텍대,0.007121559506127009
텍스,0.007121559506127009
사인회,0.007121559506127009
사일,0.007121559506127009
사진기,0.007121559506127009
사쥼쓰껄,0.007121559506127009
비금,0.007121559506127009
브릿지,0.007121559506127009
사자성어,0.007121559506127009
보쟈,0.007121559506127009
손담비,0.007121559506127009
손등,0.007121559506127009
속절없다,0.007121559506127009
속지,0.007121559506127009
송유진,0.007121559506127009
대보다,0.007121559506127009
대문자,0.007121559506127009
대루,0.007121559506127009
젭알,0.007121559506127009
송곡,0.007121559506127009
솟구치다,0.007121559506127009
부정행위,0.007121559506127009
손현우,0.007121559506127009
손민수,0.007121559506127009
황구지천,0.007121559506127009
소주잔,0.007121559506127009
보좌,0.007121559506127009
보슬비,0.007121559506127009
보배,0.007121559506127009
금점,0.007121559506127009
크리,0.007121559506127009
군포,0.007121559506127009
국힙,0.007121559506127009
구용,0.007121559506127009
솟대,0.007121559506127009
병과,0.007121559506127009
병들다,0.007121559506127009
제빵,0.007121559506127009
제소,0.007121559506127009
제바,0.007121559506127009
보굥이,0.007121559506127009
병크,0.007121559506127009
보약,0.007121559506127009
별똥별,0.007121559506127009
보그,0.007121559506127009
수국,0.007121559506127009
숑이날,0.007121559506127009
보충수업,0.007121559506127009
병창,0.007121559506127009
병치찜,0.007121559506127009
보렵,0.007121559506127009
숄더백,0.007121559506127009
숏컷,0.007121559506127009
클리오,0.007121559506127009
송은이,0.007121559506127009
쇼유라멘,0.007121559506127009
보름달,0.007121559506127009
보리밥,0.007121559506127009
병임,0.007121559506127009
손흥민,0.007121559506127009
별밤,0.007121559506127009
제리뽀내,0.007121559506127009
조부,0.007121559506127009
조빱,0.007121559506127009
보셈요빠잉,0.007121559506127009
보송보송,0.007121559506127009
손임,0.007121559506127009
손잡이,0.007121559506127009
손주,0.007121559506127009
송도,0.007121559506127009
복담,0.007121559506127009
소울메이트,0.007121559506127009
손거울,0.007121559506127009
국화,0.007121559506127009
손분,0.007121559506127009
손소독제,0.007121559506127009
손말애,0.007121559506127009
보살,0.007121559506127009
손녀,0.007121559506127009
복포,0.007121559506127009
복학러,0.007121559506127009
세면대,0.007121559506127009
세무,0.007121559506127009
타로,0.007121559506127009
타밀,0.007121559506127009
타깃,0.007121559506127009
보케,0.007121559506127009
킨채,0.007121559506127009
키읔,0.007121559506127009
키조개,0.007121559506127009
키쥬,0.007121559506127009
국죽,0.007121559506127009
금천,0.007121559506127009
금태,0.007121559506127009
금토,0.007121559506127009
송장,0.007121559506127009
송송이,0.007121559506127009
송아에오,0.007121559506127009
키슈,0.007121559506127009
제리뽀,0.007121559506127009
킴저,0.007121559506127009
조씨,0.007121559506127009
조앙,0.007121559506127009
플미,0.007121559506127009
피구,0.007121559506127009
제천시,0.007121559506127009
조양,0.007121559506127009
조용조,0.007121559506127009
조복,0.007121559506127009
회랑,0.007121559506127009
피나,0.007121559506127009
피료해,0.007121559506127009
제리,0.007121559506127009
킬포여윽시,0.007121559506127009
기다렷음,0.007121559506127009
수명연장,0.007121559506127009
활발해지다,0.007121559506127009
병리학,0.007121559506127009
병목,0.007121559506127009
병어,0.007121559506127009
감유,0.007121559506127009
환절기,0.007121559506127009
환호,0.007121559506127009
벼볌,0.007121559506127009
화인,0.007121559506127009
수밍,0.007121559506127009
수능시험,0.007121559506127009
수피아,0.007121559506127009
수집광,0.007121559506127009
수란,0.007121559506127009
수명,0.007121559506127009
홧팅이닷,0.007121559506127009
감잠,0.007121559506127009
감정이입,0.007121559506127009
수현,0.007121559506127009
수속,0.007121559506127009
수산물,0.007121559506127009
수미,0.007121559506127009
벼르,0.007121559506127009
수프,0.007121559506127009
지리,0.007121559506127009
느무느무,0.007121559506127009
느지막,0.007121559506127009
포대기,0.007121559506127009
급턴,0.007121559506127009
피난,0.007121559506127009
피넛,0.007121559506127009
곳곳이,0.007121559506127009
곳담,0.007121559506127009
곳밥,0.007121559506127009
곳안,0.007121559506127009
지렁이,0.007121559506127009
티원,0.007121559506127009
콩캉,0.007121559506127009
콩쿨,0.007121559506127009
금집,0.007121559506127009
크툴루,0.007121559506127009
크흐뷰,0.007121559506127009
큭큭반장,0.007121559506127009
콜팝,0.007121559506127009
콤콤,0.007121559506127009
순국선열,0.007121559506127009
베띠,0.007121559506127009
법정감염병,0.007121559506127009
티키타카,0.007121559506127009
티스,0.007121559506127009
콩칩,0.007121559506127009
쿠핔,0.007121559506127009
쿠킹마마,0.007121559506127009
크드,0.007121559506127009
간응,0.007121559506127009
황금주,0.007121559506127009
쿠아,0.007121559506127009
쿠앤,0.007121559506127009
쿠앤크,0.007121559506127009
쿠어,0.007121559506127009
조깥,0.007121559506127009
조깥다,0.007121559506127009
조니워커,0.007121559506127009
지성,0.007121559506127009
조그마하다,0.007121559506127009
졋슴,0.007121559506127009
졍말,0.007121559506127009
곯다,0.007121559506127009
지스,0.007121559506127009
제입,0.007121559506127009
제왕,0.007121559506127009
대식,0.007121559506127009
대야,0.007121559506127009
곳간,0.007121559506127009
프린세스,0.007121559506127009
보노보노,0.007121559506127009
조경,0.007121559506127009
지보,0.007121559506127009
지으니,0.007121559506127009
뇸뇸뇸,0.007121559506127009
감자탕,0.007121559506127009
수성,0.007121559506127009
황비홍,0.007121559506127009
보아오,0.007121559506127009
솔메,0.007121559506127009
쇼꼴,0.007121559506127009
보건소,0.007121559506127009
보결,0.007121559506127009
수업료,0.007121559506127009
쿼카,0.007121559506127009
보굥,0.007121559506127009
크큭날,0.007121559506127009
쿠피,0.007121559506127009
키카,0.007121559506127009
금색,0.007121559506127009
금붕어,0.007121559506127009
금메달,0.007121559506127009
큼직하다,0.007121559506127009
키다,0.007121559506127009
크리스토퍼,0.007121559506127009
크립,0.007121559506127009
금몸,0.007121559506127009
감시,0.007121559506127009
수염,0.007121559506127009
세기말,0.007121559506127009
푸욱,0.007121559506127009
니트로,0.007121559506127009
중장,0.007121559506127009
중온,0.007121559506127009
느뀜,0.007121559506127009
뉴진스편,0.007121559506127009
푹하다,0.007121559506127009
플랙스,0.007121559506127009
공명첩,0.007121559506127009
닝닝,0.007121559506127009
뉘기,0.007121559506127009
튕겨,0.007121559506127009
증맬루다,0.007121559506127009
퓨전,0.007121559506127009
푸아그라,0.007121559506127009
성대,0.007121559506127009
성대모사,0.007121559506127009
성규,0.007121559506127009
성나다,0.007121559506127009
간지나다,0.007121559506127009
플러팅,0.007121559506127009
플러피,0.007121559506127009
플라토닉러브,0.007121559506127009
부여잡다,0.007121559506127009
증량해,0.007121559506127009
선인장,0.007121559506127009
태현,0.007121559506127009
효성,0.007121559506127009
효은,0.007121559506127009
부들대다,0.007121559506127009
섭외,0.007121559506127009
세션,0.007121559506127009
효기,0.007121559506127009
회합,0.007121559506127009
횐님들,0.007121559506127009
후년,0.007121559506127009
선혜,0.007121559506127009
성심,0.007121559506127009
부렁,0.007121559506127009
성종,0.007121559506127009
성찬,0.007121559506127009
부띠,0.007121559506127009
섭웨새,0.007121559506127009
성검사,0.007121559506127009
섭씨,0.007121559506127009
달뒤,0.007121559506127009
달려왓슘,0.007121559506127009
성인병,0.007121559506127009
봉쥐,0.007121559506127009
봉추,0.007121559506127009
설입,0.007121559506127009
탄산,0.007121559506127009
푸리,0.007121559506127009
푸스,0.007121559506127009
푸시업,0.007121559506127009
성루,0.007121559506127009
부리부리몬,0.007121559506127009
서모,0.007121559506127009
서뮤페,0.007121559506127009
단념하다,0.007121559506127009
단당류,0.007121559506127009
존똑,0.007121559506127009
존맛내,0.007121559506127009
부욱,0.007121559506127009
좃됫,0.007121559506127009
단태,0.007121559506127009
단팥빵,0.007121559506127009
단정하다,0.007121559506127009
공문서,0.007121559506127009
공백기,0.007121559506127009
공로,0.007121559506127009
존버타,0.007121559506127009
서현,0.007121559506127009
선보이다,0.007121559506127009
선샤인,0.007121559506127009
부천역,0.007121559506127009
단축키,0.007121559506127009
부시다,0.007121559506127009
회기역,0.007121559506127009
황수진,0.007121559506127009
황인욱,0.007121559506127009
후녹즙,0.007121559506127009
성반,0.007121559506127009
부활절,0.007121559506127009
부회장,0.007121559506127009
북극곰,0.007121559506127009
북로,0.007121559506127009
부평역,0.007121559506127009
서한,0.007121559506127009
부대끼다,0.007121559506127009
샤이보이,0.007121559506127009
근로장려금,0.007121559506127009
그러케,0.007121559506127009
태윤,0.007121559506127009
태윤님,0.007121559506127009
태세,0.007121559506127009
태안,0.007121559506127009
타임랩스,0.007121559506127009
북일고,0.007121559506127009
그럭,0.007121559506127009
그레이드,0.007121559506127009
그람,0.007121559506127009
부슬부슬,0.007121559506127009
부전,0.007121559506127009
줬담땡써랏,0.007121559506127009
쥐구멍,0.007121559506127009
답방,0.007121559506127009
답시고,0.007121559506127009
대디,0.007121559506127009
조거,0.007121559506127009
늦바람,0.007121559506127009
느무,0.007121559506127009
지긋지긋,0.007121559506127009
지긋지긋하다,0.007121559506127009
군단,0.007121559506127009
킹치,0.007121559506127009
틀카,0.007121559506127009
킬킬,0.007121559506127009
탁스,0.007121559506127009
탁자,0.007121559506127009
튜닝,0.007121559506127009
극혐,0.007121559506127009
타이쿤,0.007121559506127009
타이타닉,0.007121559506127009
타슈,0.007121559506127009
복조리,0.007121559506127009
소나기,0.007121559506127009
소곰,0.007121559506127009
봄봄,0.007121559506127009
킬때,0.007121559506127009
회보,0.007121559506127009
회기로,0.007121559506127009
갈옷,0.007121559506127009
갈틱폰,0.007121559506127009
각박하다,0.007121559506127009
소라게,0.007121559506127009
소라색,0.007121559506127009
킹덤,0.007121559506127009
각지,0.007121559506127009
간걸,0.007121559506127009
복강,0.007121559506127009
소식지,0.007121559506127009
쥬비스,0.007121559506127009
본초,0.007121559506127009
감개,0.007121559506127009
젤러시,0.007121559506127009
젤루다,0.007121559506127009
젤뤼,0.007121559506127009
젠틀맨,0.007121559506127009
소방차,0.007121559506127009
소보,0.007121559506127009
소복하다,0.007121559506127009
소만,0.007121559506127009
달자,0.007121559506127009
조으니,0.007121559506127009
쥬금,0.007121559506127009
소비러,0.007121559506127009
당혹스럽다,0.007121559506127009
조직행동론,0.007121559506127009
조잘조잘,0.007121559506127009
달랫더,0.007121559506127009
담석,0.007121559506127009
달튼,0.007121559506127009
포럼,0.007121559506127009
조운,0.007121559506127009
조유영,0.007121559506127009
조디,0.007121559506127009
조명도,0.007121559506127009
닼다,0.007121559506127009
세자,0.007121559506127009
그랜드캐년,0.007121559506127009
그랫던,0.007121559506127009
그랫음,0.007121559506127009
탈뻔,0.007121559506127009
그라인더,0.007121559506127009
탑승,0.007121559506127009
닮은꼴,0.007121559506127009
세잔,0.007121559506127009
타나,0.007121559506127009
글패,0.007121559506127009
근호,0.007121559506127009
킵해놔,0.007121559506127009
특화된,0.007121559506127009
부각,0.007121559506127009
봇전,0.007121559506127009
봉구스,0.007121559506127009
봉헌,0.007121559506127009
소금쟁이,0.007121559506127009
셧답,0.007121559506127009
셤기간,0.007121559506127009
셀털임,0.007121559506127009
셔스,0.007121559506127009
봄앞,0.007121559506127009
봄옆,0.007121559506127009
봉선점,0.007121559506127009
봤슴닷화,0.007121559506127009
본방,0.007121559506127009
세진,0.007121559506127009
센텀호텔,0.007121559506127009
센빠이,0.007121559506127009
성열,0.007121559506127009
뵐게욤,0.007121559506127009
눈귀,0.007121559506127009
폭설,0.007121559506127009
폭넓다,0.007121559506127009
폭닥,0.007121559506127009
퐈이팅,0.007121559506127009
폴링,0.007121559506127009
폭풍눈물,0.007121559506127009
봉인,0.007121559506127009
짝수,0.007121559506127009
쪼오끔,0.007121559506127009
쪽금,0.007121559506127009
쫄뽁,0.007121559506127009
네이마르,0.007121559506127009
평점,0.007121559506127009
청개구리,0.007121559506127009
청곡,0.007121559506127009
이혜진,0.007121559506127009
이혁,0.007121559506127009
이한방,0.007121559506127009
이태윤,0.007121559506127009
안이하다,0.007121559506127009
펑크,0.007121559506127009
퍼왔는키,0.007121559506127009
경보,0.007121559506127009
경기장,0.007121559506127009
청해,0.007121559506127009
청준,0.007121559506127009
마땅찮다,0.007121559506127009
마네킹,0.007121559506127009
완존,0.007121559506127009
완죤,0.007121559506127009
철쭉,0.007121559506127009
천혜향,0.007121559506127009
청순하다,0.007121559506127009
함무라비,0.007121559506127009
함뭐,0.007121559506127009
마랑,0.007121559506127009
나왓,0.007121559506127009
나애,0.007121559506127009
마넌치,0.007121559506127009
마가,0.007121559506127009
마렴내,0.007121559506127009
마뗑킴,0.007121559506127009
마랏당,0.007121559506127009
요드,0.007121559506127009
따숩다,0.007121559506127009
넘어펜슬,0.007121559506127009
한페이,0.007121559506127009
한조,0.007121559506127009
견우직녀,0.007121559506127009
릴렉서,0.007121559506127009
요트,0.007121559506127009
평온,0.007121559506127009
쬑끔,0.007121559506127009
쭈삼,0.007121559506127009
넌지시,0.007121559506127009
내향성,0.007121559506127009
낼름,0.007121559506127009
쭈온내,0.007121559506127009
넝합,0.007121559506127009
링겔,0.007121559506127009
완숙,0.007121559506127009
마오,0.007121559506127009
마법천자문,0.007121559506127009
마르코,0.007121559506127009
마름모,0.007121559506127009
완곡,0.007121559506127009
완춘식이,0.007121559506127009
마시멜로,0.007121559506127009
마싯드,0.007121559506127009
마싰따,0.007121559506127009
나폴레옹,0.007121559506127009
나햇,0.007121559506127009
왓음글,0.007121559506127009
체함,0.007121559506127009
나무늘보,0.007121559506127009
체육대회,0.007121559506127009
체인,0.007121559506127009
마셨닼,0.007121559506127009
왓다걸으,0.007121559506127009
나사,0.007121559506127009
천추,0.007121559506127009
천칠백만이,0.007121559506127009
청초하다,0.007121559506127009
천오백원,0.007121559506127009
낙농,0.007121559506127009
함집,0.007121559506127009
마리나,0.007121559506127009
왓지렁,0.007121559506127009
왕조,0.007121559506127009
왜너,0.007121559506127009
마량,0.007121559506127009
마산,0.007121559506127009
경민이,0.007121559506127009
마땅,0.007121559506127009
왕위계승,0.007121559506127009
왕인,0.007121559506127009
링고,0.007121559506127009
왕만,0.007121559506127009
마쉿,0.007121559506127009
마씨,0.007121559506127009
외갓집,0.007121559506127009
쫠깃쫠깃,0.007121559506127009
마스코트,0.007121559506127009
와인잔,0.007121559506127009
와카,0.007121559506127009
완도,0.007121559506127009
왔다넹,0.007121559506127009
마샬,0.007121559506127009
왕십리역,0.007121559506127009
항항항,0.007121559506127009
항후,0.007121559506127009
항히스타민제,0.007121559506127009
항민,0.007121559506127009
왜집,0.007121559506127009
우시,0.007121559506127009
리코,0.007121559506127009
리틀,0.007121559506127009
용저,0.007121559506127009
용졸예,0.007121559506127009
리잉,0.007121559506127009
욕실,0.007121559506127009
린생,0.007121559506127009
린티제,0.007121559506127009
하차,0.007121559506127009
하이퍼,0.007121559506127009
이은규,0.007121559506127009
요롷,0.007121559506127009
욧츠링,0.007121559506127009
용가리,0.007121559506127009
함왜,0.007121559506127009
함월,0.007121559506127009
함월일,0.007121559506127009
함위,0.007121559506127009
리미티드에디션,0.007121559506127009
리락쿠마,0.007121559506127009
나잇스탠드,0.007121559506127009
용찬,0.007121559506127009
낙지,0.007121559506127009
나엣큥,0.007121559506127009
리플릿,0.007121559506127009
우리섭웨,0.007121559506127009
우루,0.007121559506127009
이성열,0.007121559506127009
따라비,0.007121559506127009
리듬타다,0.007121559506127009
롯마,0.007121559506127009
롤체,0.007121559506127009
롤파옴,0.007121559506127009
우편함,0.007121559506127009
류준열,0.007121559506127009
우하하하,0.007121559506127009
롸공부할,0.007121559506127009
릠짓,0.007121559506127009
우양,0.007121559506127009
우스꽝스럽다,0.007121559506127009
용빵떡,0.007121559506127009
우씨,0.007121559506127009
우선하다,0.007121559506127009
우먼,0.007121559506127009
우면동,0.007121559506127009
리포머,0.007121559506127009
우렁차,0.007121559506127009
루아,0.007121559506127009
리디큘러스,0.007121559506127009
리눅스,0.007121559506127009
리뉴,0.007121559506127009
우암,0.007121559506127009
따발총,0.007121559506127009
이준형,0.007121559506127009
디디,0.007121559506127009
이영화,0.007121559506127009
용병,0.007121559506127009
우두략,0.007121559506127009
용풀,0.007121559506127009
등재,0.007121559506127009
등짝,0.007121559506127009
이영지,0.007121559506127009
리론,0.007121559506127009
리리,0.007121559506127009
철수,0.007121559506127009
외형,0.007121559506127009
외힙,0.007121559506127009
리멤버,0.007121559506127009
요조,0.007121559506127009
왼발,0.007121559506127009
할껀디,0.007121559506127009
함점,0.007121559506127009
퍼컬,0.007121559506127009
난중,0.007121559506127009
난청,0.007121559506127009
천문대,0.007121559506127009
첫방,0.007121559506127009
철판요리,0.007121559506127009
외할아버지,0.007121559506127009
철인,0.007121559506127009
철임,0.007121559506127009
용롯,0.007121559506127009
천사분,0.007121559506127009
천상,0.007121559506127009
철자,0.007121559506127009
나왓써잉,0.007121559506127009
나왔넹,0.007121559506127009
나요나,0.007121559506127009
나츠메,0.007121559506127009
나임,0.007121559506127009
척함,0.007121559506127009
따왓다,0.007121559506127009
우디,0.007121559506127009
우렁,0.007121559506127009
나절,0.007121559506127009
나주시,0.007121559506127009
날셋,0.007121559506127009
이억오천,0.007121559506127009
이십이,0.007121559506127009
이준호,0.007121559506127009
이승엽,0.007121559506127009
이스케이프,0.007121559506127009
학술,0.007121559506127009
이임,0.007121559506127009
이음표,0.007121559506127009
척함담,0.007121559506127009
첫콘,0.007121559506127009
체크아웃,0.007121559506127009
나룡,0.007121559506127009
끝건,0.007121559506127009
끝날런,0.007121559506127009
오디션,0.007121559506127009
오뎅,0.007121559506127009
오동통하다,0.007121559506127009
교육청,0.007121559506127009
팬더,0.007121559506127009
매너손,0.007121559506127009
맛이썽,0.007121559506127009
옴넝담,0.007121559506127009
말때,0.007121559506127009
만쥬,0.007121559506127009
오원,0.007121559506127009
오믈렛,0.007121559506127009
해돋이,0.007121559506127009
오정미,0.007121559506127009
오엠,0.007121559506127009
오리온,0.007121559506127009
오비츠,0.007121559506127009
망령,0.007121559506127009
오르페옹,0.007121559506127009
듯제,0.007121559506127009
오른발,0.007121559506127009
말문,0.007121559506127009
말버릇,0.007121559506127009
인주,0.007121559506127009
인파,0.007121559506127009
인칭,0.007121559506127009
인클라인,0.007121559506127009
인터내셔널,0.007121559506127009
계양구,0.007121559506127009
계장,0.007121559506127009
디비디,0.007121559506127009
등하교,0.007121559506127009
듯년,0.007121559506127009
나왓써용,0.007121559506127009
인지세,0.007121559506127009
등굣길,0.007121559506127009
인간공학,0.007121559506127009
등뼈,0.007121559506127009
나마스떼,0.007121559506127009
철폐,0.007121559506127009
첨가,0.007121559506127009
첨단,0.007121559506127009
나이팅게일,0.007121559506127009
일몰,0.007121559506127009
들엇음딴건,0.007121559506127009
쳌카,0.007121559506127009
나왓다,0.007121559506127009
듯봄,0.007121559506127009
맛남,0.007121559506127009
맛돌,0.007121559506127009
오당,0.007121559506127009
망빙,0.007121559506127009
해부,0.007121559506127009
해분,0.007121559506127009
해산,0.007121559506127009
끼발,0.007121559506127009
끼약,0.007121559506127009
초성,0.007121559506127009
퍼였던,0.007121559506127009
팽팽,0.007121559506127009
등골,0.007121559506127009
나꽤,0.007121559506127009
나꾸다,0.007121559506127009
나라고,0.007121559506127009
나레기,0.007121559506127009
초상권,0.007121559506127009
옙흐,0.007121559506127009
나배,0.007121559506127009
나베,0.007121559506127009
쪠주,0.007121559506127009
옙버요즁말,0.007121559506127009
오분,0.007121559506127009
오목,0.007121559506127009
옙브,0.007121559506127009
팽핑,0.007121559506127009
핫핫핫,0.007121559506127009
겨울왕국,0.007121559506127009
격공,0.007121559506127009
겨드랑쓰꼬순내,0.007121559506127009
짬바,0.007121559506127009
짱개,0.007121559506127009
짤림,0.007121559506127009
광공,0.007121559506127009
쩔드,0.007121559506127009
쫀맛임,0.007121559506127009
핫피,0.007121559506127009
해둘,0.007121559506127009
맛잇옷뜸제껀,0.007121559506127009
광녀,0.007121559506127009
고마버,0.007121559506127009
하프타임,0.007121559506127009
고과,0.007121559506127009
페스티발,0.007121559506127009
망알,0.007121559506127009
맛점,0.007121559506127009
맛쫌,0.007121559506127009
망곰,0.007121559506127009
게콱,0.007121559506127009
겟겟동생,0.007121559506127009
겟다,0.007121559506127009
겟습,0.007121559506127009
해봣,0.007121559506127009
옴태윤,0.007121559506127009
인덕,0.007121559506127009
인덕션,0.007121559506127009
인건비,0.007121559506127009
인경,0.007121559506127009
들보,0.007121559506127009
이케,0.007121559506127009
이크,0.007121559506127009
이춘복,0.007121559506127009
등쌀,0.007121559506127009
등안,0.007121559506127009
인류,0.007121559506127009
말장난,0.007121559506127009
딩시,0.007121559506127009
디오르,0.007121559506127009
디먼,0.007121559506127009
디보,0.007121559506127009
올림픽대로,0.007121559506127009
올려다보다,0.007121559506127009
올려뒀엌,0.007121559506127009
이제껏,0.007121559506127009
디토,0.007121559506127009
딘오,0.007121559506127009
디쟈,0.007121559506127009
이재현,0.007121559506127009
딥숑,0.007121559506127009
와서꼼보,0.007121559506127009
와우산,0.007121559506127009
와이드,0.007121559506127009
마포대교,0.007121559506127009
마호가니,0.007121559506127009
옾챗,0.007121559506127009
옷음,0.007121559506127009
마크툽,0.007121559506127009
옥동자,0.007121559506127009
옥리,0.007121559506127009
만자,0.007121559506127009
함몸,0.007121559506127009
마정,0.007121559506127009
막내아들,0.007121559506127009
옹알,0.007121559506127009
왓따,0.007121559506127009
왓쉐,0.007121559506127009
왓슘다,0.007121559506127009
왓으,0.007121559506127009
옹이,0.007121559506127009
마요,0.007121559506127009
마우스패드,0.007121559506127009
왁자지껄하다,0.007121559506127009
왁킹,0.007121559506127009
옹녕뇽,0.007121559506127009
옴왜,0.007121559506127009
막날,0.007121559506127009
막입,0.007121559506127009
오쭈,0.007121559506127009
말라보,0.007121559506127009
옥돌,0.007121559506127009
오줌,0.007121559506127009
만병통치약,0.007121559506127009
오키,0.007121559506127009
초깜찍,0.007121559506127009
초당대,0.007121559506127009
나씨,0.007121559506127009
나부랭이,0.007121559506127009
나방,0.007121559506127009
만드나,0.007121559506127009
만요,0.007121559506127009
만선,0.007121559506127009
만앗닼,0.007121559506127009
오조오억,0.007121559506127009
오토바이,0.007121559506127009
오톨도톨하다,0.007121559506127009
옥집,0.007121559506127009
온난화,0.007121559506127009
오야,0.007121559506127009
맘스하트,0.007121559506127009
초상화,0.007121559506127009
끗저,0.007121559506127009
만배,0.007121559506127009
맘에듬,0.007121559506127009
마최몇,0.007121559506127009
만만원,0.007121559506127009
핫식스,0.007121559506127009
게업쥬,0.007121559506127009
올리브오일,0.007121559506127009
결합,0.007121559506127009
함밖,0.007121559506127009
함성,0.007121559506127009
함너,0.007121559506127009
함넷,0.007121559506127009
만이구,0.007121559506127009
만이천원,0.007121559506127009
디역,0.007121559506127009
함목,0.007121559506127009
게이고,0.007121559506127009
게라,0.007121559506127009
것왜,0.007121559506127009
함갓생,0.007121559506127009
함강,0.007121559506127009
온화하다,0.007121559506127009
결핍,0.007121559506127009
말모,0.007121559506127009
오천,0.007121559506127009
오천팔백만,0.007121559506127009
인사동,0.007121559506127009
인별,0.007121559506127009
함돠,0.007121559506127009
육감,0.007121559506127009
라이너,0.007121559506127009
라이딩,0.007121559506127009
라이온킹,0.007121559506127009
라이츄,0.007121559506127009
은어,0.007121559506127009
은자,0.007121559506127009
유츄바들,0.007121559506127009
라쟈냐,0.007121559506127009
은시,0.007121559506127009
은데밤,0.007121559506127009
라이트닝,0.007121559506127009
르메르,0.007121559506127009
때밀이,0.007121559506127009
이군,0.007121559506127009
떠다니다,0.007121559506127009
이담,0.007121559506127009
이그,0.007121559506127009
으른같네,0.007121559506127009
윳놀,0.007121559506127009
융뱌꺄비,0.007121559506127009
찍어쥬따,0.007121559506127009
찍을껄,0.007121559506127009
내심,0.007121559506127009
쭈타,0.007121559506127009
으루,0.007121559506127009
을겋,0.007121559506127009
을사조약,0.007121559506127009
학살,0.007121559506127009
학대,0.007121559506127009
학동,0.007121559506127009
뚱샌,0.007121559506127009
괜춘하,0.007121559506127009
광햄,0.007121559506127009
하하호호,0.007121559506127009
하학,0.007121559506127009
의성어,0.007121559506127009
남았슈,0.007121559506127009
으르렁,0.007121559506127009
찡찡대다,0.007121559506127009
편입학,0.007121559506127009
편좀,0.007121559506127009
괜찬다,0.007121559506127009
남색,0.007121559506127009
내리락,0.007121559506127009
라이카,0.007121559506127009
라이터,0.007121559506127009
윤나,0.007121559506127009
육안,0.007121559506127009
라네즈,0.007121559506127009
라야,0.007121559506127009
유틸리티,0.007121559506127009
남우현,0.007121559506127009
유치원교사,0.007121559506127009
유진,0.007121559506127009
학우,0.007121559506127009
유수,0.007121559506127009
런치타임,0.007121559506127009
런할거임,0.007121559506127009
러하,0.007121559506127009
유물,0.007121559506127009
한국영,0.007121559506127009
한국은행,0.007121559506127009
유린,0.007121559506127009
락킹,0.007121559506127009
떼르,0.007121559506127009
란마,0.007121559506127009
란시,0.007121559506127009
유류,0.007121559506127009
낯가림,0.007121559506127009
쪽볼,0.007121559506127009
한빛탑,0.007121559506127009
이간,0.007121559506127009
이거얌,0.007121559506127009
또림,0.007121559506127009
또빔,0.007121559506127009
떼껄룩,0.007121559506127009
윈윈하,0.007121559506127009
윗입술,0.007121559506127009
락페,0.007121559506127009
찡긋,0.007121559506127009
날코롱,0.007121559506127009
낮밤,0.007121559506127009
유야,0.007121559506127009
쭨득,0.007121559506127009
떳길,0.007121559506127009
이둔,0.007121559506127009
냇다,0.007121559506127009
납작만두,0.007121559506127009
래그,0.007121559506127009
랄함,0.007121559506127009
한소리,0.007121559506127009
한웅,0.007121559506127009
겹침,0.007121559506127009
겻다,0.007121559506127009
유월,0.007121559506127009
람보르기니,0.007121559506127009
랍스터,0.007121559506127009
유해진,0.007121559506127009
유행어,0.007121559506127009
유엠,0.007121559506127009
랏잔,0.007121559506127009
랏토핏,0.007121559506127009
육천원,0.007121559506127009
학점교류,0.007121559506127009
겻으,0.007121559506127009
한순간,0.007121559506127009
뻘쭘,0.007121559506127009
뻘쯈쓰,0.007121559506127009
통살,0.007121559506127009
통수,0.007121559506127009
궁금햌알,0.007121559506127009
투턱,0.007121559506127009
궁둥이,0.007121559506127009
권력,0.007121559506127009
통금,0.007121559506127009
빨리,0.007121559506127009
음침하다,0.007121559506127009
응원봉,0.007121559506127009
은혼,0.007121559506127009
의용,0.007121559506127009
라보,0.007121559506127009
라비,0.007121559506127009
뜬눈,0.007121559506127009
띵곡임,0.007121559506127009
띵똥,0.007121559506127009
띵스,0.007121559506127009
응결,0.007121559506127009
의심스럽다,0.007121559506127009
음쥑여주,0.007121559506127009
음청,0.007121559506127009
가망,0.007121559506127009
의탠딩,0.007121559506127009
튜닝할,0.007121559506127009
뻔알,0.007121559506127009
뿌시러,0.007121559506127009
통조림,0.007121559506127009
사갈라,0.007121559506127009
휴양,0.007121559506127009
휴쿠,0.007121559506127009
뽈록,0.007121559506127009
뽀려,0.007121559506127009
뽀로로,0.007121559506127009
휴게실,0.007121559506127009
가늠,0.007121559506127009
뽀드득,0.007121559506127009
뻣습,0.007121559506127009
비티디,0.007121559506127009
뿌에에에엙,0.007121559506127009
가닥,0.007121559506127009
뽀시레기들,0.007121559506127009
가계약,0.007121559506127009
흑석,0.007121559506127009
흐물흐물,0.007121559506127009
흉하다,0.007121559506127009
빠킹,0.007121559506127009
빡공,0.007121559506127009
빡구,0.007121559506127009
휩쓸다,0.007121559506127009
가묘,0.007121559506127009
뚫어브림,0.007121559506127009
라시,0.007121559506127009
라벤더,0.007121559506127009
뚜비,0.007121559506127009
뛰어내리다,0.007121559506127009
뛰어놀다,0.007121559506127009
음색,0.007121559506127009
음개,0.007121559506127009
음귀,0.007121559506127009
뜨뜻하다,0.007121559506127009
윤혜,0.007121559506127009
뛰어오르다,0.007121559506127009
빵속,0.007121559506127009
윤호,0.007121559506127009
윤후,0.007121559506127009
윤열,0.007121559506127009
은메달,0.007121559506127009
으갸갸갹,0.007121559506127009
한명인,0.007121559506127009
한대용,0.007121559506127009
응급,0.007121559506127009
이계철,0.007121559506127009
이곡,0.007121559506127009
고걸,0.007121559506127009
때뭄,0.007121559506127009
은행나무,0.007121559506127009
뚱뚱뚱,0.007121559506127009
띠부깡,0.007121559506127009
뚀니,0.007121559506127009
똘똘뭉,0.007121559506127009
똥강아지,0.007121559506127009
뚜레주르,0.007121559506127009
뽀송뽀송하다,0.007121559506127009
뽀송하다,0.007121559506127009
뼈대,0.007121559506127009
뼈속,0.007121559506127009
뿌듯뿌듯,0.007121559506127009
흡족,0.007121559506127009
흙흙,0.007121559506127009
뚜릅뚜아직,0.007121559506127009
라발,0.007121559506127009
뚱냥님,0.007121559506127009
뚱딴지,0.007121559506127009
뚱땅뚱,0.007121559506127009
뚜쥬,0.007121559506127009
뚜진검,0.007121559506127009
차렌데,0.007121559506127009
차녀,0.007121559506127009
뜨이다,0.007121559506127009
똥색,0.007121559506127009
또켕,0.007121559506127009
음악인,0.007121559506127009
음죽,0.007121559506127009
흠끝,0.007121559506127009
이서연,0.007121559506127009
이이백원,0.007121559506127009
원증,0.007121559506127009
웃음소리,0.007121559506127009
원숭란,0.007121559506127009
원선,0.007121559506127009
월비,0.007121559506127009
움끝맛,0.007121559506127009
경전,0.007121559506127009
웅니,0.007121559506127009
날일렉,0.007121559506127009
채취,0.007121559506127009
윙즈,0.007121559506127009
욱신,0.007121559506127009
운지법,0.007121559506127009
룰라,0.007121559506127009
루룩쨥쨥,0.007121559506127009
경수,0.007121559506127009
한시름,0.007121559506127009
한혜진,0.007121559506127009
결저,0.007121559506127009
울랄라,0.007121559506127009
운영자,0.007121559506127009
루드,0.007121559506127009
욱겼어,0.007121559506127009
채택,0.007121559506127009
웜색,0.007121559506127009
웠던,0.007121559506127009
찬돌이,0.007121559506127009
편맥,0.007121559506127009
편긱사,0.007121559506127009
쭈음,0.007121559506127009
쩔어쥬,0.007121559506127009
쩌겟,0.007121559506127009
쩌눼근데,0.007121559506127009
쩌리,0.007121559506127009
쩍벌,0.007121559506127009
쨍한거,0.007121559506127009
이성종,0.007121559506127009
땅굴,0.007121559506127009
땀남,0.007121559506127009
쪼매,0.007121559506127009
너덜너덜하다,0.007121559506127009
너모귀,0.007121559506127009
냥냥,0.007121559506127009
쫄았음크롭해,0.007121559506127009
쫄진,0.007121559506127009
움데,0.007121559506127009
워셔액,0.007121559506127009
로컿,0.007121559506127009
로코,0.007121559506127009
쫄딱,0.007121559506127009
넌센스,0.007121559506127009
찮아다,0.007121559506127009
팝핑,0.007121559506127009
팥붕,0.007121559506127009
루랙,0.007121559506127009
루레이,0.007121559506127009
워료,0.007121559506127009
책좀,0.007121559506127009
챙기쟈,0.007121559506127009
책방,0.007121559506127009
찰지다,0.007121559506127009
교도소,0.007121559506127009
때여,0.007121559506127009
팝핀,0.007121559506127009
고도영,0.007121559506127009
하쟈,0.007121559506127009
경희,0.007121559506127009
따룽,0.007121559506127009
따따,0.007121559506127009
이사오,0.007121559506127009
때랬어개월,0.007121559506127009
고돌발,0.007121559506127009
땜빵날,0.007121559506127009
땜엨,0.007121559506127009
땡걌던날,0.007121559506127009
루교,0.007121559506127009
르디,0.007121559506127009
때옆,0.007121559506127009
때렷습,0.007121559506127009
따똣,0.007121559506127009
찌월일,0.007121559506127009
찌짐,0.007121559506127009
낫밷,0.007121559506127009
쯔증느,0.007121559506127009
쭈으,0.007121559506127009
용왜,0.007121559506127009
루치,0.007121559506127009
우직하다,0.007121559506127009
우쭈쭈,0.007121559506127009
우투,0.007121559506127009
찬혁,0.007121559506127009
우욱,0.007121559506127009
우웩,0.007121559506127009
팔지마다,0.007121559506127009
관여,0.007121559506127009
관우,0.007121559506127009
페셔널,0.007121559506127009
뤼발,0.007121559506127009
리사,0.007121559506127009
용케,0.007121559506127009
남글,0.007121559506127009
남김,0.007121559506127009
남끼,0.007121559506127009
참김,0.007121559506127009
루킹,0.007121559506127009
광흥창역,0.007121559506127009
괜차,0.007121559506127009
웨메,0.007121559506127009
레이나,0.007121559506127009
위원장,0.007121559506127009
위저,0.007121559506127009
워홀,0.007121559506127009
레토,0.007121559506127009
원격,0.007121559506127009
로란,0.007121559506127009
원만하다,0.007121559506127009
력기,0.007121559506127009
차먄,0.007121559506127009
웠음,0.007121559506127009
랜뚫,0.007121559506127009
래핑,0.007121559506127009
랙독,0.007121559506127009
랙독이랍,0.007121559506127009
랙앤,0.007121559506127009
램프,0.007121559506127009
레어,0.007121559506127009
레버,0.007121559506127009
유노,0.007121559506127009
유감스럽게,0.007121559506127009
유경아,0.007121559506127009
웨왜,0.007121559506127009
럴수,0.007121559506127009
레츠기릿,0.007121559506127009
럽답,0.007121559506127009
럾늠,0.007121559506127009
유광,0.007121559506127009
남구,0.007121559506127009
날줌,0.007121559506127009
찻집,0.007121559506127009
남태령,0.007121559506127009
찰리,0.007121559506127009
찰빵,0.007121559506127009
럭키걸,0.007121559506127009
날카롭다,0.007121559506127009
펄떡이다,0.007121559506127009
찬밍,0.007121559506127009
착즙걸,0.007121559506127009
참마,0.007121559506127009
참가자,0.007121559506127009
차사,0.007121559506127009
날혼밥,0.007121559506127009
남겼드,0.007121559506127009
광봉,0.007121559506127009
광영,0.007121559506127009
러브레터,0.007121559506127009
러비더비,0.007121559506127009
러셔샀음,0.007121559506127009
런너,0.007121559506127009
레코,0.007121559506127009
월또,0.007121559506127009
월곶역,0.007121559506127009
웃는걸,0.007121559506127009
워용,0.007121559506127009
워쩌,0.007121559506127009
워쩌다보,0.007121559506127009
워떻게,0.007121559506127009
원망하다,0.007121559506127009
원딜,0.007121559506127009
레일,0.007121559506127009
렷던,0.007121559506127009
윈드,0.007121559506127009
레샤,0.007121559506127009
레드와인,0.007121559506127009
채비,0.007121559506127009
채영,0.007121559506127009
웃곀따봉,0.007121559506127009
남포,0.007121559506127009
남혁,0.007121559506127009
남원,0.007121559506127009
차슈,0.007121559506127009
채령,0.007121559506127009
날년,0.007121559506127009
창피,0.007121559506127009
떡보,0.007121559506127009
원랜,0.007121559506127009
럭드,0.007121559506127009
윈드브레이커,0.007121559506127009
러드,0.007121559506127009
이백,0.007121559506127009
이백원,0.007121559506127009
땀땀,0.007121559506127009
이득경,0.007121559506127009
떡집,0.007121559506127009
떡함,0.007121559506127009
떨떠름,0.007121559506127009
이뿌니,0.007121559506127009
이뽀,0.007121559506127009
러시아,0.007121559506127009
땡둉,0.007121559506127009
떡준,0.007121559506127009
러즈,0.007121559506127009
위젯,0.007121559506127009
이병,0.007121559506127009
한라,0.007121559506127009
한라봉,0.007121559506127009
한국판,0.007121559506127009
한길,0.007121559506127009
한남,0.007121559506127009
웹캠,0.007121559506127009
위고,0.007121559506127009
러스트,0.007121559506127009
이민,0.007121559506127009
취했길,0.007121559506127009
꼬임,0.007121559506127009
꼬질하,0.007121559506127009
거제,0.007121559506127009
개쫄리,0.007121559506127009
개존버,0.007121559506127009
개죽이,0.007121559506127009
거셨다,0.007121559506127009
거슬러,0.007121559506127009
꼬셨다고기,0.007121559506127009
고래밥,0.007121559506127009
고라파덕,0.007121559506127009
맠다,0.007121559506127009
픽사,0.007121559506127009
픽함,0.007121559506127009
고인,0.007121559506127009
필스너,0.007121559506127009
잠굼,0.007121559506127009
알파벳,0.007121559506127009
물결,0.007121559506127009
물꼬,0.007121559506127009
알제,0.007121559506127009
알쥐,0.007121559506127009
알지바,0.007121559506127009
묵음,0.007121559506127009
핑퐁,0.007121559506127009
고일석,0.007121559506127009
얌마,0.007121559506127009
어겟죠뭐,0.007121559506127009
어근,0.007121559506127009
어글리슈즈,0.007121559506127009
개진,0.007121559506127009
얌미하움,0.007121559506127009
자학,0.007121559506127009
친놈,0.007121559506127009
무교,0.007121559506127009
무뎌졌는,0.007121559506127009
무드등,0.007121559506127009
헌장,0.007121559506127009
양옆,0.007121559506127009
헐크,0.007121559506127009
무시무시하다,0.007121559506127009
층층,0.007121559506127009
꼬셨,0.007121559506127009
친놈임,0.007121559506127009
치킨게임,0.007121559506127009
까득까드득,0.007121559506127009
깜빡이다,0.007121559506127009
칙촉위즐,0.007121559506127009
꼬심,0.007121559506127009
꼬맨틀,0.007121559506127009
치어리딩,0.007121559506127009
무드라,0.007121559506127009
장기알,0.007121559506127009
돌담,0.007121559506127009
야담,0.007121559506127009
앵글,0.007121559506127009
장곡고,0.007121559506127009
잡아가다,0.007121559506127009
잘라먹다,0.007121559506127009
잠기,0.007121559506127009
잠놀,0.007121559506127009
앤지,0.007121559506127009
앞서서,0.007121559506127009
애깅이,0.007121559506127009
무한리필,0.007121559506127009
앞파,0.007121559506127009
문지현,0.007121559506127009
앵콜,0.007121559506127009
야경,0.007121559506127009
물르다,0.007121559506127009
압승,0.007121559506127009
문상훈,0.007121559506127009
앤트맨,0.007121559506127009
앰버,0.007121559506127009
액체,0.007121559506127009
꺄륵옴뇸뇸,0.007121559506127009
애셋,0.007121559506127009
칠레,0.007121559506127009
앞차,0.007121559506127009
얀시뮬,0.007121559506127009
약지,0.007121559506127009
액셀,0.007121559506127009
애착,0.007121559506127009
애케플,0.007121559506127009
애플스토어,0.007121559506127009
문대,0.007121559506127009
약뻘쭘,0.007121559506127009
약사사,0.007121559506127009
약소국,0.007121559506127009
야행,0.007121559506127009
야화,0.007121559506127009
장기동,0.007121559506127009
약효,0.007121559506127009
무파마,0.007121559506127009
무진,0.007121559506127009
야후,0.007121559506127009
야수,0.007121559506127009
앞발,0.007121559506127009
야드,0.007121559506127009
야마,0.007121559506127009
도키,0.007121559506127009
장난꾸러기,0.007121559506127009
돌잡이,0.007121559506127009
돈버는거,0.007121559506127009
돈값,0.007121559506127009
얍얍내,0.007121559506127009
어멋,0.007121559506127009
어몽,0.007121559506127009
어무님,0.007121559506127009
무당벌레,0.007121559506127009
무덤,0.007121559506127009
어바웃타임,0.007121559506127009
어지럽히다,0.007121559506127009
어딕션,0.007121559506127009
어딧,0.007121559506127009
어띠드,0.007121559506127009
치사량,0.007121559506127009
취임식,0.007121559506127009
하객,0.007121559506127009
치얼업,0.007121559506127009
치우치다,0.007121559506127009
치달,0.007121559506127009
몬엑,0.007121559506127009
꼽사리,0.007121559506127009
충혈,0.007121559506127009
췌리엄마,0.007121559506127009
취객,0.007121559506127009
츤그,0.007121559506127009
층간소음,0.007121559506127009
꼬깃,0.007121559506127009
넼내,0.007121559506127009
취켓팅,0.007121559506127009
자릿수,0.007121559506127009
자작,0.007121559506127009
됐슘다,0.007121559506127009
되것늬,0.007121559506127009
되곸이힛,0.007121559506127009
동문,0.007121559506127009
자금난,0.007121559506127009
자중,0.007121559506127009
동명,0.007121559506127009
동명동,0.007121559506127009
진차루,0.007121559506127009
집빱,0.007121559506127009
어쨌듯,0.007121559506127009
집념,0.007121559506127009
짐배,0.007121559506127009
어른스럽다,0.007121559506127009
어리광,0.007121559506127009
집갓,0.007121559506127009
자타공인,0.007121559506127009
자처,0.007121559506127009
자축,0.007121559506127009
잠드럿다,0.007121559506127009
어중간,0.007121559506127009
어쩌겠음,0.007121559506127009
어쩌구벤티,0.007121559506127009
어째선,0.007121559506127009
집꼽,0.007121559506127009
무룐데,0.007121559506127009
무면허,0.007121559506127009
무럭,0.007121559506127009
무령로,0.007121559506127009
양현준,0.007121559506127009
묘수,0.007121559506127009
묘밥,0.007121559506127009
혀왜,0.007121559506127009
혀팀플,0.007121559506127009
헬출근,0.007121559506127009
몽스,0.007121559506127009
뫃러,0.007121559506127009
짜르,0.007121559506127009
몸집,0.007121559506127009
작별인사,0.007121559506127009
동양인,0.007121559506127009
동요,0.007121559506127009
동상,0.007121559506127009
동물학,0.007121559506127009
고웅,0.007121559506127009
고옹,0.007121559506127009
자화상,0.007121559506127009
잔내껀,0.007121559506127009
작작,0.007121559506127009
동대입구역,0.007121559506127009
자화자찬,0.007121559506127009
뫼비우스,0.007121559506127009
넥타이,0.007121559506127009
넷이,0.007121559506127009
층별,0.007121559506127009
몰랏음,0.007121559506127009
몰랐넹,0.007121559506127009
몬스타,0.007121559506127009
집카,0.007121559506127009
집업,0.007121559506127009
집일,0.007121559506127009
노자,0.007121559506127009
노심초사,0.007121559506127009
노안,0.007121559506127009
못정,0.007121559506127009
양임,0.007121559506127009
양장,0.007121559506127009
양송이,0.007121559506127009
양녕로,0.007121559506127009
헌신,0.007121559506127009
무가,0.007121559506127009
몽쉘,0.007121559506127009
몬엑이들,0.007121559506127009
어무튼간,0.007121559506127009
양파링,0.007121559506127009
양초,0.007121559506127009
무고,0.007121559506127009
못내,0.007121559506127009
어거스트,0.007121559506127009
뭍혀,0.007121559506127009
뭐더,0.007121559506127009
안무,0.007121559506127009
아인,0.007121559506127009
아코,0.007121559506127009
혜리,0.007121559506127009
안물안궁,0.007121559506127009
안번,0.007121559506127009
독점,0.007121559506127009
도씨,0.007121559506127009
도아,0.007121559506127009
장판,0.007121559506127009
까딱,0.007121559506127009
도지사,0.007121559506127009
장동우,0.007121559506127009
도웅,0.007121559506127009
장사항,0.007121559506127009
집갔슴용,0.007121559506127009
질의,0.007121559506127009
잡고쪼매,0.007121559506127009
잡곡,0.007121559506127009
돈부리,0.007121559506127009
미요,0.007121559506127009
혜민,0.007121559506127009
미싱,0.007121559506127009
장하,0.007121559506127009
질권,0.007121559506127009
질끈,0.007121559506127009
집냥,0.007121559506127009
안티,0.007121559506127009
아카이브,0.007121559506127009
아케,0.007121559506127009
미트볼,0.007121559506127009
혁민이,0.007121559506127009
혁제,0.007121559506127009
현충사,0.007121559506127009
안국,0.007121559506127009
미러리스,0.007121559506127009
뭉툭,0.007121559506127009
악세다,0.007121559506127009
안양천,0.007121559506127009
안연,0.007121559506127009
투수,0.007121559506127009
악역,0.007121559506127009
악구,0.007121559506127009
안듬,0.007121559506127009
안료,0.007121559506127009
뮤내,0.007121559506127009
안넣옸다,0.007121559506127009
미러볼,0.007121559506127009
뭐쩌구,0.007121559506127009
뭉클,0.007121559506127009
악물다,0.007121559506127009
민감,0.007121559506127009
아이스링크,0.007121559506127009
아이거,0.007121559506127009
미스사이공,0.007121559506127009
미스터,0.007121559506127009
미스터피자,0.007121559506127009
개근,0.007121559506127009
재검사,0.007121559506127009
장학,0.007121559506127009
장혜민,0.007121559506127009
장충단로,0.007121559506127009
미화원,0.007121559506127009
미역냉국,0.007121559506127009
재밌죵,0.007121559506127009
재롱,0.007121559506127009
저딴,0.007121559506127009
도서실,0.007121559506127009
도현이,0.007121559506127009
재방송,0.007121559506127009
뎅뎅뎅,0.007121559506127009
아랑곳,0.007121559506127009
아래쪽,0.007121559506127009
아래턱뼈,0.007121559506127009
독거,0.007121559506127009
도미노피자,0.007121559506127009
도르르,0.007121559506127009
미팅룸,0.007121559506127009
아작이다,0.007121559506127009
잡솨,0.007121559506127009
잡수시다,0.007121559506127009
장안,0.007121559506127009
안국역,0.007121559506127009
안간힘,0.007121559506127009
아포가토,0.007121559506127009
아포칼립스,0.007121559506127009
아쟈쟈,0.007121559506127009
악질,0.007121559506127009
미군,0.007121559506127009
안경점,0.007121559506127009
민미,0.007121559506127009
혁민,0.007121559506127009
개극딜,0.007121559506127009
카훗,0.007121559506127009
김풍,0.007121559506127009
김지,0.007121559506127009
카훼가,0.007121559506127009
혜지니,0.007121559506127009
현관문,0.007121559506127009
현군,0.007121559506127009
미술관,0.007121559506127009
민주,0.007121559506127009
개화산,0.007121559506127009
개풀,0.007121559506127009
현석,0.007121559506127009
안전벨트,0.007121559506127009
안햇,0.007121559506127009
혈육,0.007121559506127009
혈장,0.007121559506127009
현직,0.007121559506127009
알러지,0.007121559506127009
알럽,0.007121559506127009
물체,0.007121559506127009
애완동물,0.007121559506127009
현우,0.007121559506127009
혔는디전,0.007121559506127009
미니빅,0.007121559506127009
질겁,0.007121559506127009
물속,0.007121559506127009
않들엇어,0.007121559506127009
알곤,0.007121559506127009
혈관,0.007121559506127009
알람시계,0.007121559506127009
알랍,0.007121559506127009
앞에껀,0.007121559506127009
앜쨌,0.007121559506127009
앗다,0.007121559506127009
앙녕하딤니카,0.007121559506127009
앙코르,0.007121559506127009
알빠,0.007121559506127009
물음표,0.007121559506127009
깅팀플,0.007121559506127009
알아채다,0.007121559506127009
친언니,0.007121559506127009
꼬드겨,0.007121559506127009
칙칙하다,0.007121559506127009
깊티루,0.007121559506127009
칠판,0.007121559506127009
친필,0.007121559506127009
꼬득,0.007121559506127009
친근하다,0.007121559506127009
물멍,0.007121559506127009
물갈퀴,0.007121559506127009
미개,0.007121559506127009
애드벌룬,0.007121559506127009
꺄올,0.007121559506127009
친밀,0.007121559506127009
도톰하다,0.007121559506127009
장대비,0.007121559506127009
장동,0.007121559506127009
장악,0.007121559506127009
동갑,0.007121559506127009
하교,0.007121559506127009
핑머,0.007121559506127009
핑머인데,0.007121559506127009
미끄러지다,0.007121559506127009
미남,0.007121559506127009
애둘,0.007121559506127009
혈액,0.007121559506127009
안서동,0.007121559506127009
김옽,0.007121559506127009
칠해,0.007121559506127009
침구,0.007121559506127009
앉은키,0.007121559506127009
안삿으니까,0.007121559506127009
구수현,0.007121559506127009
미디움,0.007121559506127009
칠성로,0.007121559506127009
칠칠이,0.007121559506127009
김종완,0.007121559506127009
현쓰,0.007121559506127009
까졋지발,0.007121559506127009
파파존스,0.007121559506127009
파티룸,0.007121559506127009
안젛아지,0.007121559506127009
안젤라,0.007121559506127009
안집,0.007121559506127009
믓쟁,0.007121559506127009
미가,0.007121559506127009
뭔갸,0.007121559506127009
깨비,0.007121559506127009
깜짝선물,0.007121559506127009
질질,0.007121559506127009
짐꾼,0.007121559506127009
김영수,0.007121559506127009
논걸,0.007121559506127009
진수,0.007121559506127009
포진,0.007121559506127009
포스트카드,0.007121559506127009
포비아,0.007121559506127009
녹강,0.007121559506127009
녹을뻖,0.007121559506127009
질적,0.007121559506127009
장작,0.007121559506127009
장문,0.007121559506127009
장래희망,0.007121559506127009
진날,0.007121559506127009
헬스개월,0.007121559506127009
노놉,0.007121559506127009
녹화,0.007121559506127009
뮬란,0.007121559506127009
거랬,0.007121559506127009
거대,0.007121559506127009
헹헹마넌,0.007121559506127009
알아듣다,0.007121559506127009
노도,0.007121559506127009
갸악,0.007121559506127009
미니드레스,0.007121559506127009
미니미,0.007121559506127009
갤탭사려,0.007121559506127009
헤멤암튼,0.007121559506127009
진달,0.007121559506127009
임종,0.007121559506127009
뒷북,0.007121559506127009
잃음쓰껄시,0.007121559506127009
임의동행,0.007121559506127009
맼뭘닁,0.007121559506127009
먀음먀,0.007121559506127009
임개,0.007121559506127009
들것,0.007121559506127009
하츄핑가격,0.007121559506127009
하치,0.007121559506127009
드리우다,0.007121559506127009
인피니트,0.007121559506127009
동동주,0.007121559506127009
먹었숩니,0.007121559506127009
햄찌,0.007121559506127009
멍바멍,0.007121559506127009
멈개,0.007121559506127009
멈쳣,0.007121559506127009
멋대로,0.007121559506127009
연약하다,0.007121559506127009
꿀빵,0.007121559506127009
추웡,0.007121559506127009
추자현,0.007121559506127009
초췌하다,0.007121559506127009
여렇,0.007121559506127009
열대기후,0.007121559506127009
해연,0.007121559506127009
해오,0.007121559506127009
축구화,0.007121559506127009
맨틀,0.007121559506127009
맥임,0.007121559506127009
열세,0.007121559506127009
머쉬룸,0.007121559506127009
해후,0.007121559506127009
먹음탕후루,0.007121559506127009
먹음프랖,0.007121559506127009
먹는모습,0.007121559506127009
머선일,0.007121559506127009
임됴,0.007121559506127009
머리감기,0.007121559506127009
엷다,0.007121559506127009
염병,0.007121559506127009
열심,0.007121559506127009
맨눈,0.007121559506127009
일퀘,0.007121559506127009
임안,0.007121559506127009
임알,0.007121559506127009
임도,0.007121559506127009
임돠,0.007121559506127009
일싱,0.007121559506127009
일욜날,0.007121559506127009
임쥰내,0.007121559506127009
머랭,0.007121559506127009
두발,0.007121559506127009
일출,0.007121559506127009
입생,0.007121559506127009
임현,0.007121559506127009
여의나루,0.007121559506127009
여의동로,0.007121559506127009
연대,0.007121559506127009
임정,0.007121559506127009
드뇨,0.007121559506127009
뒹굴거렸다,0.007121559506127009
듕글구,0.007121559506127009
먼트,0.007121559506127009
여름날,0.007121559506127009
메로,0.007121559506127009
메론빵,0.007121559506127009
메기,0.007121559506127009
메탈,0.007121559506127009
향함그,0.007121559506127009
연랃을넣엇음,0.007121559506127009
멎다,0.007121559506127009
연강,0.007121559506127009
연거푸,0.007121559506127009
메덱스,0.007121559506127009
면술,0.007121559506127009
여비,0.007121559506127009
여사,0.007121559506127009
메뚜기,0.007121559506127009
여대생,0.007121559506127009
최준,0.007121559506127009
초음파,0.007121559506127009
초이스,0.007121559506127009
팬콘,0.007121559506127009
팬티,0.007121559506127009
패킹,0.007121559506127009
초집,0.007121559506127009
추추,0.007121559506127009
거짓,0.007121559506127009
메타세콰이어,0.007121559506127009
나가사키,0.007121559506127009
입버,0.007121559506127009
초초,0.007121559506127009
최혜미,0.007121559506127009
추격자,0.007121559506127009
임진,0.007121559506127009
임오,0.007121559506127009
임완,0.007121559506127009
임왜,0.007121559506127009
검수,0.007121559506127009
햄최,0.007121559506127009
햅뻘떼이,0.007121559506127009
건담,0.007121559506127009
둘걸,0.007121559506127009
두바이,0.007121559506127009
초후,0.007121559506127009
예서,0.007121559506127009
망원경,0.007121559506127009
망원동,0.007121559506127009
매필,0.007121559506127009
엽떡아닌감,0.007121559506127009
맹물,0.007121559506127009
맹수,0.007121559506127009
맹신,0.007121559506127009
맹추,0.007121559506127009
해탈,0.007121559506127009
맵기,0.007121559506127009
예스리,0.007121559506127009
연씨,0.007121559506127009
하내,0.007121559506127009
둥글다,0.007121559506127009
드레스코드,0.007121559506127009
드라큘라,0.007121559506127009
둥다,0.007121559506127009
둥돈,0.007121559506127009
뒤척,0.007121559506127009
하야,0.007121559506127009
일반물리학,0.007121559506127009
하규,0.007121559506127009
일깅,0.007121559506127009
일다,0.007121559506127009
하나회,0.007121559506127009
초여름,0.007121559506127009
나글,0.007121559506127009
냉장,0.007121559506127009
쪼름,0.007121559506127009
쪼만,0.007121559506127009
넘엄넘넘,0.007121559506127009
쪼매나,0.007121559506127009
쪼매날,0.007121559506127009
쪼아,0.007121559506127009
예상외,0.007121559506127009
망헷음,0.007121559506127009
해방일,0.007121559506127009
예뽀,0.007121559506127009
영양가,0.007121559506127009
영문과,0.007121559506127009
영교,0.007121559506127009
핵맛,0.007121559506127009
예은,0.007121559506127009
예인,0.007121559506127009
영화로,0.007121559506127009
영화제,0.007121559506127009
영주,0.007121559506127009
영유,0.007121559506127009
매니큐어,0.007121559506127009
매기,0.007121559506127009
예비신부,0.007121559506127009
영앤뤼치,0.007121559506127009
촵촵,0.007121559506127009
교통상황,0.007121559506127009
퍼마신날,0.007121559506127009
퍼먹는,0.007121559506127009
팬서비스,0.007121559506127009
팬싸,0.007121559506127009
최태성,0.007121559506127009
최버논,0.007121559506127009
뒈지다,0.007121559506127009
둣하,0.007121559506127009
둥가둥,0.007121559506127009
게인,0.007121559506127009
옆쪽,0.007121559506127009
건빵,0.007121559506127009
해피해피,0.007121559506127009
먹겠슴,0.007121559506127009
먹깅,0.007121559506127009
먹꼬,0.007121559506127009
머음,0.007121559506127009
머플러,0.007121559506127009
머핀,0.007121559506127009
먹옸다,0.007121559506127009
연패,0.007121559506127009
머행,0.007121559506127009
연월,0.007121559506127009
연습함,0.007121559506127009
해찌,0.007121559506127009
맵시,0.007121559506127009
맹구,0.007121559506127009
맹글것임,0.007121559506127009
맹꽁이,0.007121559506127009
엽니,0.007121559506127009
예물,0.007121559506127009
하느님,0.007121559506127009
매일유업,0.007121559506127009
영수,0.007121559506127009
예고편,0.007121559506127009
맹해,0.007121559506127009
맺힌,0.007121559506127009
초저녁,0.007121559506127009
열전달,0.007121559506127009
열렬하다,0.007121559506127009
멋딘,0.007121559506127009
머임,0.007121559506127009
햇슴,0.007121559506127009
염전,0.007121559506127009
염치읍,0.007121559506127009
열한시,0.007121559506127009
총균쇠,0.007121559506127009
끝앙녕,0.007121559506127009
해공,0.007121559506127009
해군,0.007121559506127009
최준호,0.007121559506127009
예단,0.007121559506127009
었다,0.007121559506127009
모범생,0.007121559506127009
충무로,0.007121559506127009
모닝퐝파바,0.007121559506127009
엄카썼던,0.007121559506127009
했심둥,0.007121559506127009
햇잔,0.007121559506127009
했다괄사,0.007121559506127009
했닼,0.007121559506127009
얼일,0.007121559506127009
얼리어답터,0.007121559506127009
햐밥,0.007121559506127009
여포,0.007121559506127009
했슈,0.007121559506127009
건반,0.007121559506127009
건배,0.007121559506127009
헤롱헤롱하,0.007121559506127009
얼라이브,0.007121559506127009
언어유희,0.007121559506127009
엄마따라,0.007121559506127009
헤르미온느,0.007121559506127009
헤메,0.007121559506127009
헛짓,0.007121559506127009
얼업,0.007121559506127009
하사,0.007121559506127009
했듬,0.007121559506127009
없넹집,0.007121559506127009
꿀꿀하다,0.007121559506127009
잉어,0.007121559506127009
잉쯧,0.007121559506127009
자볼,0.007121559506127009
두두,0.007121559506127009
됨거렁뱅,0.007121559506127009
됫다,0.007121559506127009
되엇,0.007121559506127009
출시일,0.007121559506127009
동점골,0.007121559506127009
필운대로,0.007121559506127009
엇어,0.007121559506127009
자리야,0.007121559506127009
자스민,0.007121559506127009
충사,0.007121559506127009
춤추다,0.007121559506127009
꼬미가,0.007121559506127009
꼬들꼬들하다,0.007121559506127009
꼬라박,0.007121559506127009
꼬량토닉,0.007121559506127009
꼬르륵,0.007121559506127009
출산휴가,0.007121559506127009
구기,0.007121559506127009
구기다,0.007121559506127009
파우사니아스,0.007121559506127009
하겟듬,0.007121559506127009
언박싱해,0.007121559506127009
모르겡는,0.007121559506127009
교구,0.007121559506127009
괴상하다,0.007121559506127009
출봘,0.007121559506127009
어부,0.007121559506127009
모름지기,0.007121559506127009
목동,0.007121559506127009
어분,0.007121559506127009
몸둘,0.007121559506127009
몰루겟음흠함,0.007121559506127009
무당,0.007121559506127009
하모니카,0.007121559506127009
어쩜조,0.007121559506127009
어카,0.007121559506127009
어쩌냐고,0.007121559506127009
어쩌다가,0.007121559506127009
억해,0.007121559506127009
어탕,0.007121559506127009
목포,0.007121559506127009
목장,0.007121559506127009
목점,0.007121559506127009
묘령,0.007121559506127009
어머님께,0.007121559506127009
목시,0.007121559506127009
어항,0.007121559506127009
어화,0.007121559506127009
고기만,0.007121559506127009
입혔듬옷,0.007121559506127009
목맥힌다,0.007121559506127009
어쩌구엄청,0.007121559506127009
어쩌구저쩌,0.007121559506127009
얼매,0.007121559506127009
자장면,0.007121559506127009
하버,0.007121559506127009
동차,0.007121559506127009
자유로,0.007121559506127009
자연인,0.007121559506127009
동대전로,0.007121559506127009
꿀꿀,0.007121559506127009
꼽는,0.007121559506127009
츠링님,0.007121559506127009
츠천,0.007121559506127009
츠키슈,0.007121559506127009
츄베룹,0.007121559506127009
자양동,0.007121559506127009
팔랑거리다,0.007121559506127009
깨짝깨짝몸,0.007121559506127009
판타지아,0.007121559506127009
팔공산,0.007121559506127009
얹혀살다,0.007121559506127009
축하공연,0.007121559506127009
춘권,0.007121559506127009
꼼짝,0.007121559506127009
업슴,0.007121559506127009
없드,0.007121559506127009
없어스됴르륵,0.007121559506127009
업잔,0.007121559506127009
엣스,0.007121559506127009
엣큥,0.007121559506127009
끝스벅,0.007121559506127009
파스쿠찌,0.007121559506127009
괴테,0.007121559506127009
괴혼,0.007121559506127009
굉장스,0.007121559506127009
팔십,0.007121559506127009
엄따,0.007121559506127009
꽤괜인듯함저,0.007121559506127009
꽃지,0.007121559506127009
꽃처럼,0.007121559506127009
구년,0.007121559506127009
구단,0.007121559506127009
총장,0.007121559506127009
총회,0.007121559506127009
축사,0.007121559506127009
건초,0.007121559506127009
건조기,0.007121559506127009
햄깅이,0.007121559506127009
최동원,0.007121559506127009
명물,0.007121559506127009
여좌동,0.007121559506127009
총대,0.007121559506127009
꿈임,0.007121559506127009
핸들링,0.007121559506127009
여인,0.007121559506127009
여울,0.007121559506127009
여행지,0.007121559506127009
역광,0.007121559506127009
여상,0.007121559506127009
면지,0.007121559506127009
메스,0.007121559506127009
핼러윈,0.007121559506127009
업소,0.007121559506127009
여리다,0.007121559506127009
메이플스토리,0.007121559506127009
메이헴,0.007121559506127009
메우다,0.007121559506127009
햄복했슴,0.007121559506127009
입속,0.007121559506127009
핏자,0.007121559506127009
고교야구,0.007121559506127009
입실,0.007121559506127009
핸딩,0.007121559506127009
핸즈,0.007121559506127009
햇반,0.007121559506127009
메밀국수,0.007121559506127009
핼창쓰,0.007121559506127009
에프킬라,0.007121559506127009
업도,0.007121559506127009
없고패딩,0.007121559506127009
없쥬,0.007121559506127009
엇답,0.007121559506127009
엇러,0.007121559506127009
엇리,0.007121559506127009
엇습니다슬펏,0.007121559506127009
엇습니둥,0.007121559506127009
명령어,0.007121559506127009
에너자이저,0.007121559506127009
에브리데이,0.007121559506127009
촴내,0.007121559506127009
명강,0.007121559506127009
명당,0.007121559506127009
없나봥,0.007121559506127009
모근,0.007121559506127009
모람,0.007121559506127009
험악하다,0.007121559506127009
헐값,0.007121559506127009
에이번,0.007121559506127009
에이스,0.007121559506127009
고섬,0.007121559506127009
펜트하우스,0.007121559506127009
엄써,0.007121559506127009
엄기준,0.007121559506127009
업즁,0.007121559506127009
꾸벅,0.007121559506127009
꽈리,0.007121559506127009
폐업,0.007121559506127009
페이스북,0.007121559506127009
광란,0.007121559506127009
잎새,0.007121559506127009
잉생,0.007121559506127009
잉아,0.007121559506127009
징징거리다,0.007121559506127009
징거,0.007121559506127009
넷플용,0.007121559506127009
고상하다,0.007121559506127009
엔시,0.007121559506127009
펠로,0.007121559506127009
엑소,0.007121559506127009
행주,0.007121559506127009
허니콤,0.007121559506127009
허덕거리다,0.007121559506127009
여니,0.007121559506127009
엣티,0.007121559506127009
징일목,0.007121559506127009
징조,0.007121559506127009
에일리언,0.007121559506127009
에토스,0.007121559506127009
멘티,0.007121559506127009
여근,0.007121559506127009
광맥,0.007121559506127009
회비,0.006292285506800998
흘러가다,0.006292285506800998
화나다,0.006292285506800998
가하다,0.006292285506800998
화장품,0.006292285506800998
흥미롭다,0.006292285506800998
휴지,0.006292285506800998
이내,0.006292285506800998
의원,0.006292285506800998
가구,0.006292285506800998
음주,0.006292285506800998
홀로,0.006292285506800998
딱이다,0.006292285506800998
이슈,0.006292285506800998
가능성,0.006292285506800998
수요,0.006292285506800998
수익,0.006292285506800998
이용자,0.006292285506800998
일과,0.006292285506800998
등원,0.006292285506800998
수록,0.006292285506800998
이하,0.006292285506800998
인바디,0.006292285506800998
수수료,0.006292285506800998
인강,0.006292285506800998
보너스,0.006292285506800998
일주,0.006292285506800998
일으키다,0.006292285506800998
일어나고,0.006292285506800998
인상,0.006292285506800998
인스타그램,0.006292285506800998
수리,0.006292285506800998
수강,0.006292285506800998
인터뷰,0.006292285506800998
인천,0.006292285506800998
변동,0.006292285506800998
수시,0.006292285506800998
두기,0.006292285506800998
자매,0.006292285506800998
유형,0.006292285506800998
유투브,0.006292285506800998
형식,0.006292285506800998
감각,0.006292285506800998
쓰시,0.006292285506800998
빌다,0.006292285506800998
확신,0.006292285506800998
신뢰,0.006292285506800998
믿음,0.006292285506800998
라그,0.006292285506800998
육아,0.006292285506800998
돌이,0.006292285506800998
작품,0.006292285506800998
자존감,0.006292285506800998
된장,0.006292285506800998
입출금,0.006292285506800998
잔고,0.006292285506800998
동료,0.006292285506800998
벗어나다,0.006292285506800998
순식간,0.006292285506800998
유선,0.006292285506800998
동감,0.006292285506800998
도나,0.006292285506800998
적도,0.006292285506800998
도중,0.006292285506800998
도장,0.006292285506800998
덜다,0.006292285506800998
덜덜,0.006292285506800998
장바구니,0.006292285506800998
전철,0.006292285506800998
전환,0.006292285506800998
장창,0.006292285506800998
도우,0.006292285506800998
향기,0.006292285506800998
발라,0.006292285506800998
감히,0.006292285506800998
거저,0.006292285506800998
개수,0.006292285506800998
재고,0.006292285506800998
장어,0.006292285506800998
전의,0.006292285506800998
전용,0.006292285506800998
대회,0.006292285506800998
웬만하다,0.006292285506800998
번은,0.006292285506800998
벅차다,0.006292285506800998
위기,0.006292285506800998
버스정류장,0.006292285506800998
더럽다,0.006292285506800998
로맨틱,0.006292285506800998
점도,0.006292285506800998
워터,0.006292285506800998
대견하다,0.006292285506800998
대강,0.006292285506800998
정보,0.006292285506800998
대접,0.006292285506800998
정식,0.006292285506800998
정비,0.006292285506800998
소통,0.006292285506800998
대가,0.006292285506800998
소득,0.006292285506800998
리셋,0.006292285506800998
용하다,0.006292285506800998
단점,0.006292285506800998
용도,0.006292285506800998
요하,0.006292285506800998
리가,0.006292285506800998
비우다,0.006292285506800998
비타민,0.006292285506800998
해석,0.006292285506800998
합치다,0.006292285506800998
겪다,0.006292285506800998
아무렇다,0.006292285506800998
미술,0.006292285506800998
아씨,0.006292285506800998
제안,0.006292285506800998
룰렛,0.006292285506800998
복잡하다,0.006292285506800998
세포,0.006292285506800998
대리,0.006292285506800998
달이다,0.006292285506800998
단체,0.006292285506800998
닿다,0.006292285506800998
달러,0.006292285506800998
링크,0.006292285506800998
왕복,0.006292285506800998
소박하다,0.006292285506800998
졸업생,0.006292285506800998
좀더,0.006292285506800998
뱃지,0.006292285506800998
중학생,0.006292285506800998
중복,0.006292285506800998
본능,0.006292285506800998
볼륨,0.006292285506800998
요금,0.006292285506800998
증권,0.006292285506800998
증가,0.006292285506800998
주부,0.006292285506800998
주소,0.006292285506800998
주임,0.006292285506800998
다모,0.006292285506800998
발생,0.006292285506800998
허락,0.006292285506800998
거북이,0.006292285506800998
갱신,0.006292285506800998
주지,0.006292285506800998
센스,0.006292285506800998
주먹밥,0.006292285506800998
마찬가지,0.006292285506800998
만들어지다,0.006292285506800998
완벽,0.006292285506800998
마다,0.006292285506800998
마음속,0.006292285506800998
마음먹다,0.006292285506800998
옷장,0.006292285506800998
다기,0.006292285506800998
다다르다,0.006292285506800998
다독이다,0.006292285506800998
스케일링,0.006292285506800998
옥상,0.006292285506800998
증상,0.006292285506800998
지방,0.006292285506800998
농협,0.006292285506800998
쥐꼬리,0.006292285506800998
집착,0.006292285506800998
지정,0.006292285506800998
넷플릭스,0.006292285506800998
지지,0.006292285506800998
뵙다,0.006292285506800998
사진첩,0.006292285506800998
한쪽,0.006292285506800998
안녕하다,0.006292285506800998
성장하다,0.006292285506800998
말투,0.006292285506800998
내야,0.006292285506800998
내지,0.006292285506800998
설치다,0.006292285506800998
성도,0.006292285506800998
내면,0.006292285506800998
진주,0.006292285506800998
집안,0.006292285506800998
매년,0.006292285506800998
매달,0.006292285506800998
집안일,0.006292285506800998
맞춤,0.006292285506800998
차오르다,0.006292285506800998
오래되다,0.006292285506800998
예술,0.006292285506800998
넣기,0.006292285506800998
처분,0.006292285506800998
넉넉하다,0.006292285506800998
내기,0.006292285506800998
차려,0.006292285506800998
낭비,0.006292285506800998
차고,0.006292285506800998
차분하다,0.006292285506800998
쭉쭉,0.006292285506800998
납부,0.006292285506800998
매콤,0.006292285506800998
영수증,0.006292285506800998
백만,0.006292285506800998
스페이스,0.006292285506800998
부담스럽다,0.006292285506800998
영감,0.006292285506800998
영어학원,0.006292285506800998
고수,0.006292285506800998
물놀이,0.006292285506800998
하나로,0.006292285506800998
필요없다,0.006292285506800998
사소하다,0.006292285506800998
참석,0.006292285506800998
끌다,0.006292285506800998
최저,0.006292285506800998
차지,0.006292285506800998
천만,0.006292285506800998
나이키,0.006292285506800998
부어,0.006292285506800998
체감,0.006292285506800998
첫째,0.006292285506800998
천안시,0.006292285506800998
나시,0.006292285506800998
체크카드,0.006292285506800998
역할,0.006292285506800998
나니,0.006292285506800998
나눔,0.006292285506800998
연출,0.006292285506800998
초등학교,0.006292285506800998
초대,0.006292285506800998
맺다,0.006292285506800998
배려,0.006292285506800998
까다롭다,0.006292285506800998
초보,0.006292285506800998
촬영,0.006292285506800998
서면,0.006292285506800998
깜찍하다,0.006292285506800998
플라스틱,0.006292285506800998
피드백,0.006292285506800998
한국인,0.006292285506800998
고객,0.006292285506800998
사전,0.006292285506800998
계시,0.006292285506800998
사이트,0.006292285506800998
연동,0.006292285506800998
추첨,0.006292285506800998
친척,0.006292285506800998
출근길,0.006292285506800998
칠하다,0.006292285506800998
카트,0.006292285506800998
측정,0.006292285506800998
부천,0.006292285506800998
부족,0.006292285506800998
부치다,0.006292285506800998
꼬이다,0.006292285506800998
면제,0.006292285506800998
꺾다,0.006292285506800998
치가,0.006292285506800998
기운,0.006292285506800998
치기,0.006292285506800998
멍청,0.006292285506800998
기름,0.006292285506800998
금전,0.006292285506800998
금주,0.006292285506800998
긋다,0.006292285506800998
기획,0.006292285506800998
기초,0.006292285506800998
커녕,0.006292285506800998
분동,0.006292285506800998
안정,0.006292285506800998
공사,0.006292285506800998
문어,0.006292285506800998
물이,0.006292285506800998
물리다,0.006292285506800998
기억나다,0.006292285506800998
기업,0.006292285506800998
컬리,0.006292285506800998
글씨,0.006292285506800998
분기,0.006292285506800998
색감,0.006292285506800998
새록새록,0.006292285506800998
타이밍,0.006292285506800998
크기,0.006292285506800998
코인,0.006292285506800998
근무시간,0.006292285506800998
모바일,0.006292285506800998
기술,0.006292285506800998
그날,0.006292285506800998
시간대,0.006292285506800998
명절,0.006292285506800998
몇몇,0.006292285506800998
모야,0.006292285506800998
얼다,0.006292285506800998
크루,0.006292285506800998
불가능,0.006292285506800998
그레이,0.006292285506800998
투어,0.006292285506800998
상반기,0.006292285506800998
투표,0.006292285506800998
상큼,0.006292285506800998
무지,0.006292285506800998
사항,0.006292285506800998
사회생활,0.006292285506800998
고해,0.006292285506800998
공인,0.006292285506800998
공짜,0.006292285506800998
폭발,0.006292285506800998
곧바로,0.006292285506800998
골프,0.006292285506800998
귀걸이,0.006292285506800998
톡톡,0.006292285506800998
귀하다,0.006292285506800998
테스트,0.006292285506800998
튼튼하다,0.006292285506800998
몸무게,0.006292285506800998
시네마,0.006292285506800998
시대,0.006292285506800998
목걸이,0.006292285506800998
억울하다,0.006292285506800998
구간,0.006292285506800998
배경,0.006292285506800998
판교,0.006292285506800998
판다,0.006292285506800998
판단,0.006292285506800998
파산하다,0.006292285506800998
구내식당,0.006292285506800998
파일,0.006292285506800998
팔이,0.006292285506800998
구조,0.006292285506800998
국민,0.006292285506800998
어느덧다,0.006292285506800998
괜시리,0.006292285506800998
펑펑,0.006292285506800998
방송,0.006292285506800998
패턴,0.006292285506800998
불필요하다,0.006292285506800998
포스터,0.006292285506800998
풀이,0.006292285506800998
괴롭다,0.006292285506800998
구멍,0.006292285506800998
구청,0.006292285506800998
밥값,0.006292285506800998
어머니,0.006292285506800998
편도,0.006292285506800998
간호사,0.006292285506800998
화목,0.006292285506800998
감당,0.006292285506800998
휴무,0.006292285506800998
뽑히다,0.006292285506800998
후시,0.006292285506800998
가수,0.006292285506800998
실행,0.006292285506800998
가가,0.006292285506800998
훌륭하다,0.006292285506800998
박일,0.006292285506800998
반년,0.006292285506800998
실천,0.006292285506800998
싱숭생숭하다,0.006292285506800998
실망,0.006292285506800998
가집,0.005614719313758881
심화,0.005614719313758881
심야,0.005614719313758881
싸이클,0.005614719313758881
싹뚝,0.005614719313758881
싸가지,0.005614719313758881
신혼집,0.005614719313758881
신식,0.005614719313758881
신선하다,0.005614719313758881
바위,0.005614719313758881
써브웨이,0.005614719313758881
바람개비,0.005614719313758881
바램,0.005614719313758881
바비,0.005614719313758881
바삐,0.005614719313758881
싣다,0.005614719313758881
간극,0.005614719313758881
간김,0.005614719313758881
각인,0.005614719313758881
가맹,0.005614719313758881
빠빠,0.005614719313758881
흘러내리다,0.005614719313758881
뚜렷하다,0.005614719313758881
수트,0.005614719313758881
수학학원,0.005614719313758881
수행평가,0.005614719313758881
베어스,0.005614719313758881
떠돌다,0.005614719313758881
은행동,0.005614719313758881
은은하다,0.005614719313758881
반잔,0.005614719313758881
땡볕,0.005614719313758881
이데일리,0.005614719313758881
의향,0.005614719313758881
따내다,0.005614719313758881
이바,0.005614719313758881
떡밥,0.005614719313758881
똥손,0.005614719313758881
바늘,0.005614719313758881
혼밥러,0.005614719313758881
혼영,0.005614719313758881
호두과자,0.005614719313758881
강철,0.005614719313758881
호르몬,0.005614719313758881
반시,0.005614719313758881
반신,0.005614719313758881
이성,0.005614719313758881
이세,0.005614719313758881
이아,0.005614719313758881
따오다,0.005614719313758881
수험생,0.005614719313758881
베이비,0.005614719313758881
베이지색,0.005614719313758881
바느질,0.005614719313758881
발췌,0.005614719313758881
발짝,0.005614719313758881
시어서커,0.005614719313758881
무화과,0.005614719313758881
문도,0.005614719313758881
앞치마,0.005614719313758881
앞판,0.005614719313758881
애견,0.005614719313758881
어김없다,0.005614719313758881
팅팅,0.005614719313758881
구별,0.005614719313758881
구내,0.005614719313758881
방어기제,0.005614719313758881
방영,0.005614719313758881
시흥,0.005614719313758881
시큼하다,0.005614719313758881
편두통,0.005614719313758881
펀치,0.005614719313758881
산책길,0.005614719313758881
과언,0.005614719313758881
관성,0.005614719313758881
관악구,0.005614719313758881
관악산,0.005614719313758881
무늬,0.005614719313758881
삼겹,0.005614719313758881
삼가다,0.005614719313758881
산책로,0.005614719313758881
산학,0.005614719313758881
살걸,0.005614719313758881
살로,0.005614719313758881
산채,0.005614719313758881
포트,0.005614719313758881
어간,0.005614719313758881
어기,0.005614719313758881
무궁무진,0.005614719313758881
어두워지다,0.005614719313758881
관저동,0.005614719313758881
관점,0.005614719313758881
관할,0.005614719313758881
광경,0.005614719313758881
과탑,0.005614719313758881
밥알,0.005614719313758881
몽땅,0.005614719313758881
어바웃,0.005614719313758881
몰골,0.005614719313758881
무력감,0.005614719313758881
양해,0.005614719313758881
무방,0.005614719313758881
표면,0.005614719313758881
공부량,0.005614719313758881
괴담,0.005614719313758881
패러디,0.005614719313758881
팝송,0.005614719313758881
팬미팅,0.005614719313758881
불합,0.005614719313758881
포샵,0.005614719313758881
문과,0.005614719313758881
애칭,0.005614719313758881
무인,0.005614719313758881
푸른,0.005614719313758881
푹신하다,0.005614719313758881
푸르다,0.005614719313758881
품질,0.005614719313758881
품타,0.005614719313758881
시동,0.005614719313758881
모형,0.005614719313758881
얼얼하다,0.005614719313758881
모조리,0.005614719313758881
시불,0.005614719313758881
어택,0.005614719313758881
목욕,0.005614719313758881
목욜,0.005614719313758881
파스텔,0.005614719313758881
파프리카,0.005614719313758881
삼십분,0.005614719313758881
구구,0.005614719313758881
구만,0.005614719313758881
상대로,0.005614719313758881
교차,0.005614719313758881
교촌치킨,0.005614719313758881
삼일,0.005614719313758881
특수,0.005614719313758881
트러스,0.005614719313758881
트렁크,0.005614719313758881
국비,0.005614719313758881
트레일러,0.005614719313758881
트리스,0.005614719313758881
트레이너,0.005614719313758881
팽이버섯,0.005614719313758881
퍼레이드,0.005614719313758881
구우리,0.005614719313758881
구한,0.005614719313758881
구현,0.005614719313758881
구호,0.005614719313758881
국도,0.005614719313758881
국밥집,0.005614719313758881
공이,0.005614719313758881
폭죽,0.005614719313758881
곤약,0.005614719313758881
폭로,0.005614719313758881
폭염,0.005614719313758881
포켓볼,0.005614719313758881
공카,0.005614719313758881
포켓,0.005614719313758881
어설프다,0.005614719313758881
텀벅,0.005614719313758881
귀여미,0.005614719313758881
귀염,0.005614719313758881
톡톡하다,0.005614719313758881
군인,0.005614719313758881
트라우마,0.005614719313758881
특권,0.005614719313758881
모종,0.005614719313758881
목마,0.005614719313758881
상여금,0.005614719313758881
불행하다,0.005614719313758881
상견례,0.005614719313758881
구인,0.005614719313758881
틱톡,0.005614719313758881
티백,0.005614719313758881
시기상조,0.005614719313758881
시끌벅적하다,0.005614719313758881
어연,0.005614719313758881
어잉,0.005614719313758881
어째,0.005614719313758881
어지간하다,0.005614719313758881
묭실,0.005614719313758881
목격,0.005614719313758881
시국,0.005614719313758881
통통,0.005614719313758881
통틀어,0.005614719313758881
굴레,0.005614719313758881
굴려,0.005614719313758881
굵다,0.005614719313758881
통밀,0.005614719313758881
군생활,0.005614719313758881
국토,0.005614719313758881
불빛,0.005614719313758881
굽네치킨,0.005614719313758881
투입,0.005614719313758881
투자가,0.005614719313758881
통째,0.005614719313758881
상상력,0.005614719313758881
상미,0.005614719313758881
야박하다,0.005614719313758881
앤티앤스,0.005614719313758881
야구장,0.005614719313758881
페인트,0.005614719313758881
펫샵,0.005614719313758881
무죄,0.005614719313758881
액션가면,0.005614719313758881
튜버,0.005614719313758881
프로핏,0.005614719313758881
골격,0.005614719313758881
브로콜리,0.005614719313758881
피아,0.005614719313758881
피어,0.005614719313758881
무선,0.005614719313758881
무스,0.005614719313758881
무안,0.005614719313758881
테헤란로,0.005614719313758881
토리,0.005614719313758881
토너,0.005614719313758881
불끈,0.005614719313758881
불당,0.005614719313758881
불꽃놀이,0.005614719313758881
멸망,0.005614719313758881
명단,0.005614719313758881
궁합,0.005614719313758881
토닥이다,0.005614719313758881
토닥토닥,0.005614719313758881
권한,0.005614719313758881
탑재,0.005614719313758881
탕맛,0.005614719313758881
귀인,0.005614719313758881
토끼다,0.005614719313758881
탄탄,0.005614719313758881
탄탄하다,0.005614719313758881
그야,0.005614719313758881
불가피하다,0.005614719313758881
상팔자,0.005614719313758881
극락,0.005614719313758881
불맛,0.005614719313758881
궁금증,0.005614719313758881
분수,0.005614719313758881
분신,0.005614719313758881
분쟁,0.005614719313758881
분전,0.005614719313758881
색도,0.005614719313758881
턱걸이,0.005614719313758881
규정,0.005614719313758881
그루,0.005614719313758881
콜렉터,0.005614719313758881
기네,0.005614719313758881
코스프레,0.005614719313758881
샌들,0.005614719313758881
글레이,0.005614719313758881
생리학,0.005614719313758881
코미,0.005614719313758881
기선,0.005614719313758881
탕슉,0.005614719313758881
탕진,0.005614719313758881
탕집,0.005614719313758881
모범,0.005614719313758881
엄두,0.005614719313758881
모시,0.005614719313758881
기안,0.005614719313758881
코트,0.005614719313758881
명장,0.005614719313758881
에어드랍,0.005614719313758881
언냐,0.005614719313758881
엄격하다,0.005614719313758881
모나,0.005614719313758881
모라,0.005614719313758881
모루,0.005614719313758881
모말,0.005614719313758881
멸치,0.005614719313758881
시내버스,0.005614719313758881
방바닥,0.005614719313758881
큭큭,0.005614719313758881
금구,0.005614719313758881
업뎃,0.005614719313758881
업보,0.005614719313758881
승리자,0.005614719313758881
풍선,0.005614719313758881
곱창전골,0.005614719313758881
알맹이,0.005614719313758881
알몸,0.005614719313758881
시한,0.005614719313758881
알코올,0.005614719313758881
암울하다,0.005614719313758881
앙증맞다,0.005614719313758881
켤레,0.005614719313758881
기와,0.005614719313758881
코리아,0.005614719313758881
캘리그라피,0.005614719313758881
캠페인,0.005614719313758881
밤낮,0.005614719313758881
밤늦다,0.005614719313758881
공공기관,0.005614719313758881
금발,0.005614719313758881
금물,0.005614719313758881
글루건,0.005614719313758881
클레이,0.005614719313758881
킬러,0.005614719313758881
크림소스,0.005614719313758881
생으로,0.005614719313758881
북촌로,0.005614719313758881
코끼리,0.005614719313758881
코딱지,0.005614719313758881
기숙,0.005614719313758881
크몽,0.005614719313758881
생색,0.005614719313758881
새우다,0.005614719313758881
근량,0.005614719313758881
타워,0.005614719313758881
캐치,0.005614719313758881
생년,0.005614719313758881
기겁,0.005614719313758881
큐알,0.005614719313758881
금토일,0.005614719313758881
치치,0.005614719313758881
치코리타,0.005614719313758881
친가,0.005614719313758881
컵누,0.005614719313758881
캬캬,0.005614719313758881
컴맹,0.005614719313758881
부활,0.005614719313758881
쿠플,0.005614719313758881
생일도,0.005614719313758881
캐릭,0.005614719313758881
캐모마일,0.005614719313758881
살구,0.005614719313758881
살길,0.005614719313758881
산산조각,0.005614719313758881
산수,0.005614719313758881
산적,0.005614719313758881
공허하다,0.005614719313758881
과도,0.005614719313758881
브레드,0.005614719313758881
안부,0.005614719313758881
안양,0.005614719313758881
뮤비,0.005614719313758881
안치,0.005614719313758881
알라,0.005614719313758881
알맞다,0.005614719313758881
공시,0.005614719313758881
불효,0.005614719313758881
역삼,0.005614719313758881
꽃놀이,0.005614719313758881
충청북도,0.005614719313758881
꼬시,0.005614719313758881
꼭대기,0.005614719313758881
꽁꽁,0.005614719313758881
꼴딱,0.005614719313758881
부추,0.005614719313758881
여윳돈,0.005614719313758881
여자아이,0.005614719313758881
메이크,0.005614719313758881
기엽,0.005614719313758881
여고,0.005614719313758881
엠비티아이,0.005614719313758881
멜로디,0.005614719313758881
명령,0.005614719313758881
메들리,0.005614719313758881
메르,0.005614719313758881
연고,0.005614719313758881
여덟시,0.005614719313758881
여명,0.005614719313758881
여실히,0.005614719313758881
메이,0.005614719313758881
메이커,0.005614719313758881
까불다,0.005614719313758881
꼬꼬,0.005614719313758881
치도,0.005614719313758881
김밥천국,0.005614719313758881
방토,0.005614719313758881
방황,0.005614719313758881
멍하니,0.005614719313758881
멍하다,0.005614719313758881
산길,0.005614719313758881
산더미,0.005614719313758881
산발,0.005614719313758881
하이디,0.005614719313758881
피부관리,0.005614719313758881
피부병,0.005614719313758881
피스타치오,0.005614719313758881
고저,0.005614719313758881
출생,0.005614719313758881
출입구,0.005614719313758881
출자,0.005614719313758881
연남동,0.005614719313758881
멍뭉이,0.005614719313758881
꽃잎,0.005614719313758881
꿇다,0.005614719313758881
고앵,0.005614719313758881
꼬마,0.005614719313758881
카라멜,0.005614719313758881
침착하다,0.005614719313758881
김천,0.005614719313758881
김연수,0.005614719313758881
서막,0.005614719313758881
카택,0.005614719313758881
꿀떡,0.005614719313758881
섀도우,0.005614719313758881
샤머,0.005614719313758881
카풀,0.005614719313758881
긴장도,0.005614719313758881
김숙,0.005614719313758881
서기,0.005614719313758881
서너,0.005614719313758881
꽃꽂이,0.005614719313758881
축적,0.005614719313758881
꽃들이,0.005614719313758881
부커상,0.005614719313758881
샤부샤부,0.005614719313758881
샤인,0.005614719313758881
부천시,0.005614719313758881
꼬기,0.005614719313758881
꼬까,0.005614719313758881
추카,0.005614719313758881
서요,0.005614719313758881
서은,0.005614719313758881
서여,0.005614719313758881
부직포,0.005614719313758881
꿰매다,0.005614719313758881
꿈나라,0.005614719313758881
서머,0.005614719313758881
풍부하다,0.005614719313758881
공도,0.005614719313758881
프피,0.005614719313758881
프렌치,0.005614719313758881
프로그래밍,0.005614719313758881
애프터,0.005614719313758881
액션,0.005614719313758881
앞다리,0.005614719313758881
피클,0.005614719313758881
고여,0.005614719313758881
사오,0.005614719313758881
하층,0.005614719313758881
계약서,0.005614719313758881
고갈,0.005614719313758881
학부모,0.005614719313758881
공군,0.005614719313758881
나반,0.005614719313758881
나보이,0.005614719313758881
청설모,0.005614719313758881
청첩장,0.005614719313758881
선글라스,0.005614719313758881
영양,0.005614719313758881
청계천,0.005614719313758881
선발,0.005614719313758881
열의,0.005614719313758881
연세,0.005614719313758881
연세대,0.005614719313758881
연유,0.005614719313758881
먹고살다,0.005614719313758881
연구원,0.005614719313758881
연근,0.005614719313758881
슬램덩크,0.005614719313758881
체온,0.005614719313758881
체육,0.005614719313758881
머리스타일,0.005614719313758881
머스켓,0.005614719313758881
연방,0.005614719313758881
염려,0.005614719313758881
머시,0.005614719313758881
맥심,0.005614719313758881
치마,0.005614719313758881
체인지,0.005614719313758881
나비,0.005614719313758881
초본,0.005614719313758881
초은,0.005614719313758881
초대장,0.005614719313758881
연재,0.005614719313758881
나래,0.005614719313758881
하림,0.005614719313758881
하직,0.005614719313758881
사악하다,0.005614719313758881
결석,0.005614719313758881
한우,0.005614719313758881
견학,0.005614719313758881
결판,0.005614719313758881
결혼식장,0.005614719313758881
날림,0.005614719313758881
날벼락,0.005614719313758881
서하,0.005614719313758881
서해,0.005614719313758881
백도,0.005614719313758881
배틀,0.005614719313758881
스팟,0.005614719313758881
하남시,0.005614719313758881
나능,0.005614719313758881
서빙,0.005614719313758881
부일,0.005614719313758881
서손,0.005614719313758881
서술,0.005614719313758881
끊음,0.005614719313758881
남겨지다,0.005614719313758881
창작,0.005614719313758881
부안,0.005614719313758881
청포도,0.005614719313758881
최적,0.005614719313758881
청담,0.005614719313758881
나와라,0.005614719313758881
천만다행,0.005614719313758881
나이프,0.005614719313758881
첫사랑,0.005614719313758881
영하,0.005614719313758881
예감,0.005614719313758881
예고,0.005614719313758881
영접,0.005614719313758881
배홍,0.005614719313758881
매실,0.005614719313758881
영롱하다,0.005614719313758881
매치,0.005614719313758881
고삼,0.005614719313758881
피하,0.005614719313758881
영웅,0.005614719313758881
남다르다,0.005614719313758881
찹쌀떡,0.005614719313758881
착착,0.005614719313758881
스프,0.005614719313758881
스틸,0.005614719313758881
한산하다,0.005614719313758881
고라,0.005614719313758881
고래,0.005614719313758881
고소,0.005614719313758881
고속버스,0.005614719313758881
피우지,0.005614719313758881
물회,0.005614719313758881
고역,0.005614719313758881
합류,0.005614719313758881
한글날,0.005614719313758881
한다연,0.005614719313758881
한전,0.005614719313758881
겸댕,0.005614719313758881
겹칠,0.005614719313758881
경대,0.005614719313758881
한량,0.005614719313758881
냉큼,0.005614719313758881
징징,0.005614719313758881
짖다,0.005614719313758881
네네,0.005614719313758881
선집,0.005614719313758881
부시,0.005614719313758881
스피드,0.005614719313758881
슬기,0.005614719313758881
쫓아내다,0.005614719313758881
책값,0.005614719313758881
책임감,0.005614719313758881
채집,0.005614719313758881
처량하다,0.005614719313758881
난도,0.005614719313758881
난로,0.005614719313758881
난무,0.005614719313758881
낭패,0.005614719313758881
내겐,0.005614719313758881
차이나,0.005614719313758881
처음처럼,0.005614719313758881
채연,0.005614719313758881
부빙,0.005614719313758881
납치,0.005614719313758881
납품,0.005614719313758881
열매,0.005614719313758881
설다,0.005614719313758881
선사,0.005614719313758881
남양주,0.005614719313758881
차암,0.005614719313758881
차애,0.005614719313758881
차액,0.005614719313758881
내색,0.005614719313758881
진차,0.005614719313758881
노가리,0.005614719313758881
진실,0.005614719313758881
진액,0.005614719313758881
노동시간,0.005614719313758881
쪽팔리다,0.005614719313758881
쫀득,0.005614719313758881
냉동고,0.005614719313758881
질리,0.005614719313758881
집감,0.005614719313758881
노원구,0.005614719313758881
성수동,0.005614719313758881
부끄러움,0.005614719313758881
부과,0.005614719313758881
냉면집,0.005614719313758881
진챠,0.005614719313758881
맞팔,0.005614719313758881
예지,0.005614719313758881
오감,0.005614719313758881
예외,0.005614719313758881
매끈하다,0.005614719313758881
백범로,0.005614719313758881
슨배림,0.005614719313758881
백인,0.005614719313758881
맘스터치,0.005614719313758881
오라버니,0.005614719313758881
오르락,0.005614719313758881
오른손,0.005614719313758881
오메,0.005614719313758881
오냐,0.005614719313758881
예의,0.005614719313758881
맞춤법,0.005614719313758881
아이콘,0.005614719313758881
아집,0.005614719313758881
미나리,0.005614719313758881
미대,0.005614719313758881
미거,0.005614719313758881
비옷,0.005614719313758881
건기,0.005614719313758881
해찬,0.005614719313758881
노화,0.005614719313758881
발렌타인,0.005614719313758881
발사,0.005614719313758881
안드로이드,0.005614719313758881
안마,0.005614719313758881
미미,0.005614719313758881
미미하다,0.005614719313758881
미세,0.005614719313758881
봉사활동,0.005614719313758881
노해로,0.005614719313758881
녹두,0.005614719313758881
논란,0.005614719313758881
노조,0.005614719313758881
말임,0.005614719313758881
지오디,0.005614719313758881
지퍼,0.005614719313758881
선우,0.005614719313758881
쪼가리,0.005614719313758881
짝짝,0.005614719313758881
짝퉁,0.005614719313758881
네오,0.005614719313758881
내자,0.005614719313758881
내장,0.005614719313758881
냄비,0.005614719313758881
녀자,0.005614719313758881
년뒤,0.005614719313758881
네시,0.005614719313758881
넓어지다,0.005614719313758881
집합,0.005614719313758881
넝담,0.005614719313758881
봄날,0.005614719313758881
성의껏,0.005614719313758881
세련되다,0.005614719313758881
성비,0.005614719313758881
네트,0.005614719313758881
지침,0.005614719313758881
놀때,0.005614719313758881
지워지다,0.005614719313758881
지은,0.005614719313758881
지오,0.005614719313758881
하그,0.005614719313758881
하남,0.005614719313758881
사운드,0.005614719313758881
사은,0.005614719313758881
경복궁,0.005614719313758881
한파,0.005614719313758881
직감,0.005614719313758881
지장,0.005614719313758881
건전지,0.005614719313758881
해치,0.005614719313758881
건아,0.005614719313758881
건전하다,0.005614719313758881
미러,0.005614719313758881
하와이,0.005614719313758881
하원,0.005614719313758881
고기랑,0.005614719313758881
백일홍,0.005614719313758881
왓츠,0.005614719313758881
마르지,0.005614719313758881
완죠,0.005614719313758881
니지,0.005614719313758881
다달이,0.005614719313758881
스케치,0.005614719313758881
스코프,0.005614719313758881
말르다,0.005614719313758881
말차,0.005614719313758881
망상,0.005614719313758881
오션,0.005614719313758881
만찬,0.005614719313758881
오백원,0.005614719313758881
만천하,0.005614719313758881
말썽,0.005614719313758881
누드,0.005614719313758881
누설,0.005614719313758881
지구과학,0.005614719313758881
오피,0.005614719313758881
만우절,0.005614719313758881
오열,0.005614719313758881
오오,0.005614719313758881
막창,0.005614719313758881
성적표,0.005614719313758881
지안,0.005614719313758881
지망,0.005614719313758881
지미,0.005614719313758881
증정,0.005614719313758881
느님,0.005614719313758881
지심,0.005614719313758881
누끼,0.005614719313758881
합창,0.005614719313758881
걸이,0.005614719313758881
게으름뱅이,0.005614719313758881
사물함,0.005614719313758881
사라사,0.005614719313758881
갸루,0.005614719313758881
헤드폰,0.005614719313758881
거길,0.005614719313758881
다우,0.005614719313758881
센티,0.005614719313758881
셀럽,0.005614719313758881
센서,0.005614719313758881
본부,0.005614719313758881
본부장,0.005614719313758881
해갈,0.005614719313758881
항아리,0.005614719313758881
스텀,0.005614719313758881
지배,0.005614719313758881
봄옷,0.005614719313758881
마진,0.005614719313758881
마파두부,0.005614719313758881
마요네즈,0.005614719313758881
주얼리,0.005614719313758881
다용,0.005614719313758881
마라톤,0.005614719313758881
마들렌,0.005614719313758881
왈칵,0.005614719313758881
옷값,0.005614719313758881
옷차림,0.005614719313758881
와이셔츠,0.005614719313758881
마상,0.005614719313758881
스톱워치,0.005614719313758881
쥐포,0.005614719313758881
다난하다,0.005614719313758881
다산,0.005614719313758881
중하,0.005614719313758881
중등,0.005614719313758881
버겁다,0.005614719313758881
좋넹,0.005614719313758881
존귀,0.005614719313758881
미국인,0.005614719313758881
미니어처,0.005614719313758881
다재,0.005614719313758881
세무사,0.005614719313758881
늘어놓다,0.005614719313758881
중일,0.005614719313758881
느긋하다,0.005614719313758881
즉석,0.005614719313758881
안도,0.005614719313758881
안머,0.005614719313758881
안감,0.005614719313758881
한다해,0.005614719313758881
경의선,0.005614719313758881
한복,0.005614719313758881
한살림,0.005614719313758881
한가위,0.005614719313758881
허탈하다,0.005614719313758881
해감,0.005614719313758881
헤드,0.005614719313758881
허기지다,0.005614719313758881
헐렁하다,0.005614719313758881
허약하다,0.005614719313758881
사무직,0.005614719313758881
사보,0.005614719313758881
소년,0.005614719313758881
조조,0.005614719313758881
닳다,0.005614719313758881
단조롭다,0.005614719313758881
단종,0.005614719313758881
당하,0.005614719313758881
조형,0.005614719313758881
담소,0.005614719313758881
스쿼트,0.005614719313758881
세종,0.005614719313758881
줌바,0.005614719313758881
죽여주다,0.005614719313758881
링스,0.005614719313758881
왕십리,0.005614719313758881
마땅하다,0.005614719313758881
소가,0.005614719313758881
리즈,0.005614719313758881
외국인,0.005614719313758881
요령,0.005614719313758881
외로움,0.005614719313758881
외로워,0.005614719313758881
외면,0.005614719313758881
외박,0.005614719313758881
마렵다,0.005614719313758881
단정,0.005614719313758881
본체,0.005614719313758881
버드,0.005614719313758881
뱃속,0.005614719313758881
요도,0.005614719313758881
요랑,0.005614719313758881
마나,0.005614719313758881
요행,0.005614719313758881
아이유,0.005614719313758881
미식,0.005614719313758881
아쿠아,0.005614719313758881
아크릴,0.005614719313758881
민준,0.005614719313758881
아슬아슬하다,0.005614719313758881
미지수,0.005614719313758881
미진,0.005614719313758881
제로로,0.005614719313758881
대리점,0.005614719313758881
대머리,0.005614719313758881
대낮,0.005614719313758881
제조,0.005614719313758881
제라,0.005614719313758881
스릉흔드,0.005614719313758881
우승하다,0.005614719313758881
달월,0.005614719313758881
당류,0.005614719313758881
다현,0.005614719313758881
닥스훈트,0.005614719313758881
종아리,0.005614719313758881
소나무,0.005614719313758881
복직,0.005614719313758881
복용,0.005614719313758881
답정너,0.005614719313758881
소변,0.005614719313758881
소면,0.005614719313758881
섹시,0.005614719313758881
주랑,0.005614719313758881
다이브,0.005614719313758881
주드,0.005614719313758881
다카,0.005614719313758881
리액션,0.005614719313758881
스그,0.005614719313758881
존버합니,0.005614719313758881
담백하다,0.005614719313758881
우럭,0.005614719313758881
욕망,0.005614719313758881
욕처,0.005614719313758881
소시지,0.005614719313758881
르륵,0.005614719313758881
롯리,0.005614719313758881
롱아,0.005614719313758881
우왕,0.005614719313758881
스커트,0.005614719313758881
리나,0.005614719313758881
리노,0.005614719313758881
리아,0.005614719313758881
민규,0.005614719313758881
아리,0.005614719313758881
해명,0.005614719313758881
해물찜,0.005614719313758881
해물파전,0.005614719313758881
비애,0.005614719313758881
비야,0.005614719313758881
비원,0.005614719313758881
아산시,0.005614719313758881
미흡하다,0.005614719313758881
미적,0.005614719313758881
강호동,0.005614719313758881
강화,0.005614719313758881
혜정,0.005614719313758881
아메,0.005614719313758881
아버,0.005614719313758881
댕김,0.005614719313758881
전혈,0.005614719313758881
대학동,0.005614719313758881
대학원생,0.005614719313758881
대패,0.005614719313758881
원우,0.005614719313758881
레트로,0.005614719313758881
렉스,0.005614719313758881
볶이,0.005614719313758881
젠몬,0.005614719313758881
제의,0.005614719313758881
제인,0.005614719313758881
제자리,0.005614719313758881
당사자,0.005614719313758881
더미,0.005614719313758881
더부룩하다,0.005614719313758881
정제,0.005614719313758881
정본,0.005614719313758881
정상화,0.005614719313758881
정우,0.005614719313758881
제트,0.005614719313758881
정수기,0.005614719313758881
정민,0.005614719313758881
대자,0.005614719313758881
대딩때,0.005614719313758881
정전,0.005614719313758881
정점,0.005614719313758881
정중하다,0.005614719313758881
대부도,0.005614719313758881
소지품,0.005614719313758881
운동복,0.005614719313758881
보틀,0.005614719313758881
레몬에이드,0.005614719313758881
레알,0.005614719313758881
레이더스,0.005614719313758881
월경,0.005614719313758881
숲길,0.005614719313758881
숲속,0.005614719313758881
원픽,0.005614719313758881
월권,0.005614719313758881
려면,0.005614719313758881
런닝맨,0.005614719313758881
러스크,0.005614719313758881
웨이브,0.005614719313758881
레이아웃,0.005614719313758881
번복,0.005614719313758881
전가,0.005614719313758881
데그,0.005614719313758881
원샷,0.005614719313758881
운전대,0.005614719313758881
운용,0.005614719313758881
로켓,0.005614719313758881
울렁거리다,0.005614719313758881
우육,0.005614719313758881
로시,0.005614719313758881
우쿨렐레,0.005614719313758881
원내,0.005614719313758881
원단,0.005614719313758881
더락,0.005614719313758881
로간,0.005614719313758881
렵니,0.005614719313758881
웃픈,0.005614719313758881
버정,0.005614719313758881
원숭이,0.005614719313758881
감수성,0.005614719313758881
홍합,0.005614719313758881
사골,0.005614719313758881
뿌뿌,0.005614719313758881
뿌시,0.005614719313758881
현수막,0.005614719313758881
헤이즈,0.005614719313758881
호스트,0.005614719313758881
도루,0.005614719313758881
쟁취,0.005614719313758881
전완,0.005614719313758881
개찰구,0.005614719313758881
개판,0.005614719313758881
협상,0.005614719313758881
개막,0.005614719313758881
감수,0.005614719313758881
대중문화,0.005614719313758881
정각,0.005614719313758881
정갈하다,0.005614719313758881
월남쌈,0.005614719313758881
재배,0.005614719313758881
재벌,0.005614719313758881
재주,0.005614719313758881
재계약,0.005614719313758881
원자재,0.005614719313758881
원작,0.005614719313758881
원조,0.005614719313758881
위메프,0.005614719313758881
위반,0.005614719313758881
복부,0.005614719313758881
보존,0.005614719313758881
댄스,0.005614719313758881
데스크탑,0.005614719313758881
저리다,0.005614719313758881
전복,0.005614719313758881
전등,0.005614719313758881
덜렁,0.005614719313758881
보완,0.005614719313758881
도입,0.005614719313758881
도참,0.005614719313758881
도일,0.005614719313758881
덜컥,0.005614719313758881
손수,0.005614719313758881
전학,0.005614719313758881
전형,0.005614719313758881
절거운,0.005614719313758881
절미,0.005614719313758881
데미,0.005614719313758881
건네다,0.005614719313758881
향연,0.005614719313758881
햅삐,0.005614719313758881
사나,0.005614719313758881
발도,0.005614719313758881
식히다,0.005614719313758881
장염,0.005614719313758881
장조림,0.005614719313758881
호황,0.005614719313758881
강단,0.005614719313758881
감흥,0.005614719313758881
혼잣말,0.005614719313758881
홀가분하다,0.005614719313758881
갓생,0.005614719313758881
아홉시,0.005614719313758881
거일,0.005614719313758881
동글동글,0.005614719313758881
동글이,0.005614719313758881
자자하다,0.005614719313758881
자부심,0.005614719313758881
동물병원,0.005614719313758881
돌입,0.005614719313758881
돌잔치,0.005614719313758881
유시,0.005614719313758881
데카당스,0.005614719313758881
재활,0.005614719313758881
도라방스,0.005614719313758881
재미나,0.005614719313758881
재발,0.005614719313758881
데스,0.005614719313758881
저지르다,0.005614719313758881
동공,0.005614719313758881
송편,0.005614719313758881
손편지,0.005614719313758881
저항,0.005614719313758881
손대다,0.005614719313758881
저렴,0.005614719313758881
돈돈,0.005614719313758881
독특하다,0.005614719313758881
잔망,0.005614719313758881
장단,0.005614719313758881
도자기,0.005614719313758881
장가,0.005614719313758881
잡음,0.005614719313758881
독기,0.005614719313758881
잡무,0.005614719313758881
잡수다,0.005614719313758881
돈가스,0.005614719313758881
수금,0.005614719313758881
쇄골,0.005614719313758881
쇼미더머니,0.005614719313758881
동탄,0.005614719313758881
잠실동,0.005614719313758881
입가,0.005614719313758881
입생로랑,0.005614719313758881
임시,0.005614719313758881
유난,0.005614719313758881
위원,0.005614719313758881
랜더,0.005614719313758881
럭키,0.005614719313758881
잇츠,0.005614719313758881
입증,0.005614719313758881
입대,0.005614719313758881
입도,0.005614719313758881
위협,0.005614719313758881
법칙,0.005614719313758881
유죄,0.005614719313758881
유사,0.005614719313758881
장래,0.005614719313758881
독수리,0.005614719313758881
유가족,0.005614719313758881
유교,0.005614719313758881
유학,0.005614719313758881
라인업,0.005614719313758881
라일,0.005614719313758881
벌집,0.005614719313758881
동계,0.005614719313758881
유니버스,0.005614719313758881
락커,0.005614719313758881
유니콘,0.005614719313758881
아늑하다,0.005614719313758881
아령,0.005614719313758881
썸네일,0.005614719313758881
아구찜,0.005614719313758881
씹히다,0.005614719313758881
바리,0.005614719313758881
바리스타,0.005614719313758881
쓰레기봉투,0.005614719313758881
윤희,0.005614719313758881
라스트,0.005614719313758881
숨기,0.005614719313758881
숙면,0.005614719313758881
윤기,0.005614719313758881
라소,0.005614719313758881
신림,0.005614719313758881
밀푀유,0.005614719313758881
자태,0.005614719313758881
작렬,0.005614719313758881
자욱하다,0.005614719313758881
보내오다,0.005614719313758881
송아지,0.005614719313758881
은발,0.005614719313758881
육아휴직,0.005614719313758881
라거,0.005614719313758881
임용,0.005614719313758881
입찰,0.005614719313758881
자정,0.005614719313758881
잘해야,0.005614719313758881
잠잠하다,0.005614719313758881
잘살다,0.005614719313758881
작정,0.005614719313758881
동대문구,0.005614719313758881
육체,0.005614719313758881
유흥,0.005614719313758881
동화,0.005614719313758881
자력,0.005614719313758881
자루,0.005614719313758881
자바,0.005614719313758881
자라나다,0.005614719313758881
자고로,0.005614719313758881
술잔,0.005614719313758881
으쓱,0.005614719313758881
융통성,0.005614719313758881
은밀,0.005614719313758881
유튭,0.005614719313758881
라이온즈,0.005614719313758881
라일락,0.005614719313758881
유한,0.005614719313758881
개그맨,0.005614719313758881
형아,0.005614719313758881
형용,0.005614719313758881
형제,0.005614719313758881
헤이즐넛,0.005614719313758881
개입,0.005614719313758881
개존맛,0.005614719313758881
유쾌하다,0.005614719313758881
씩씩하다,0.005614719313758881
감귤,0.005614719313758881
환가,0.005614719313758881
쓰윽,0.005614719313758881
쓸모없다,0.005614719313758881
쓸쓸하다,0.005614719313758881
개화,0.005614719313758881
개굴,0.005614719313758881
뚱땡이,0.005614719313758881
익산역,0.005614719313758881
등업,0.005614719313758881
이차,0.005614719313758881
이처럼,0.005614719313758881
익선동,0.005614719313758881
듯해,0.005614719313758881
수제비,0.005614719313758881
뒷정리,0.005614719313758881
일진,0.005614719313758881
임보,0.005614719313758881
일원,0.005614719313758881
듯내,0.005614719313758881
들이켜다,0.005614719313758881
인력,0.005614719313758881
인문,0.005614719313758881
인복,0.005614719313758881
들쑥날쑥하다,0.005614719313758881
일전,0.005614719313758881
수분,0.005614719313758881
두부김치,0.005614719313758881
뒤통수,0.005614719313758881
임의,0.005614719313758881
듀오,0.005614719313758881
자공,0.005614719313758881
들여놓다,0.005614719313758881
드립커피,0.005614719313758881
일가,0.005614719313758881
인용,0.005614719313758881
임인,0.005614719313758881
두루미,0.005614719313758881
수상작,0.005614719313758881
신호,0.005614719313758881
힌트,0.005614719313758881
빠이,0.005614719313758881
벡스코,0.005614719313758881
디도,0.005614719313758881
딜레마,0.005614719313758881
디테,0.005614719313758881
딜리,0.005614719313758881
변호사,0.005614719313758881
이웃집,0.005614719313758881
이월,0.005614719313758881
이상하,0.005614719313758881
이력서,0.005614719313758881
땜시,0.005614719313758881
땡땡,0.005614719313758881
히트,0.005614719313758881
별안간,0.005614719313758881
일곱시,0.005614719313758881
드러눕다,0.005614719313758881
일드,0.005614719313758881
벽지,0.005614719313758881
딴딴하다,0.005614719313758881
딸리다,0.005614719313758881
이레,0.005614719313758881
수인,0.005614719313758881
벽화,0.005614719313758881
등판,0.005614719313758881
디비,0.005614719313758881
디스크,0.005614719313758881
디아,0.005614719313758881
수양,0.005614719313758881
병무청,0.005614719313758881
간시,0.005614719313758881
회장,0.005614719313758881
간날,0.005614719313758881
회개,0.005614719313758881
가대,0.005614719313758881
뻔쩍,0.005614719313758881
빠져들다,0.005614719313758881
흑마,0.005614719313758881
심각해지다,0.005614719313758881
가해,0.005614719313758881
후후후,0.005614719313758881
후원자,0.005614719313758881
후루루,0.005614719313758881
가취,0.005614719313758881
힌남노,0.005614719313758881
화로,0.005614719313758881
황당하다,0.005614719313758881
흐뭇하다,0.005614719313758881
휴식시간,0.005614719313758881
화학,0.005614719313758881
갈라,0.005614719313758881
심리학,0.005614719313758881
갈비찜,0.005614719313758881
갈수,0.005614719313758881
띠용,0.005614719313758881
이나고,0.005614719313758881
의외,0.005614719313758881
뼛속,0.005614719313758881
히터,0.005614719313758881
빨렸,0.005614719313758881
흥미진진,0.005614719313758881
흥분,0.005614719313758881
간직,0.005614719313758881
간파,0.005614719313758881
화창하다,0.005614719313758881
평평하다,0.005614719313758881
폐해,0.005614719313758881
패닉,0.005614719313758881
팔근육,0.005614719313758881
팔지,0.005614719313758881
박음질,0.005614719313758881
박제,0.005614719313758881
실실,0.005614719313758881
가위,0.005614719313758881
갈팡질팡,0.005614719313758881
뽐내다,0.005614719313758881
뿌듯뿌,0.005614719313758881
화요,0.005614719313758881
가야금,0.005614719313758881
흐려지다,0.005614719313758881
훈훈하다,0.005614719313758881
훗날,0.005614719313758881
뽀뽀,0.005614719313758881
뽀글이,0.005614719313758881
반듯하다,0.005614719313758881
신지,0.005614719313758881
반개,0.005614719313758881
반석,0.005614719313758881
이승기,0.005614719313758881
가라아게,0.005614719313758881
가드,0.005614719313758881
힝구,0.005614719313758881
흰둥이,0.005614719313758881
휴게소,0.005614719313758881
실종,0.004545599183011495
흰색,0.004545599183011495
가오,0.004545599183011495
가우리,0.004545599183011495
뻗치다,0.004545599183011495
흐릿,0.004545599183011495
후불,0.004545599183011495
실하다,0.004545599183011495
밀고,0.004545599183011495
쓰레기통,0.004545599183011495
쓸모,0.004545599183011495
씌우다,0.004545599183011495
간지,0.004545599183011495
뽐뿌,0.004545599183011495
비행기,0.004545599183011495
확실,0.004545599183011495
호프,0.004545599183011495
호랑이,0.004545599183011495
민망,0.004545599183011495
밀면,0.004545599183011495
아디다스,0.004545599183011495
반죽,0.004545599183011495
반짝,0.004545599183011495
반토막,0.004545599183011495
값어치,0.004545599183011495
홍차,0.004545599183011495
강박,0.004545599183011495
강변,0.004545599183011495
강서구,0.004545599183011495
홀라당,0.004545599183011495
호칭,0.004545599183011495
혼란,0.004545599183011495
호구,0.004545599183011495
협력,0.004545599183011495
협박,0.004545599183011495
개요,0.004545599183011495
객관,0.004545599183011495
현충일,0.004545599183011495
감자전,0.004545599183011495
홈트,0.004545599183011495
띵하다,0.004545599183011495
술값,0.004545599183011495
육개장,0.004545599183011495
육군,0.004545599183011495
라다,0.004545599183011495
육수,0.004545599183011495
유플러스,0.004545599183011495
유치원,0.004545599183011495
두운,0.004545599183011495
뒷받침,0.004545599183011495
일월,0.004545599183011495
일자리,0.004545599183011495
뒤집어지다,0.004545599183011495
일정하다,0.004545599183011495
드로잉,0.004545599183011495
일어나지,0.004545599183011495
인적,0.004545599183011495
인쇼,0.004545599183011495
들뜨다,0.004545599183011495
인성,0.004545599183011495
임원,0.004545599183011495
수량,0.004545599183011495
수산,0.004545599183011495
수거,0.004545599183011495
이집,0.004545599183011495
일대,0.004545599183011495
일러스트,0.004545599183011495
변수,0.004545599183011495
수료,0.004545599183011495
별의별,0.004545599183011495
일반인,0.004545599183011495
드심,0.004545599183011495
유가,0.004545599183011495
위주,0.004545599183011495
보미,0.004545599183011495
손절,0.004545599183011495
보류,0.004545599183011495
장르,0.004545599183011495
장기,0.004545599183011495
잡다하다,0.004545599183011495
유의,0.004545599183011495
유전,0.004545599183011495
유산균,0.004545599183011495
유부초밥,0.004545599183011495
라지,0.004545599183011495
유도,0.004545599183011495
러브,0.004545599183011495
위함,0.004545599183011495
두뇌,0.004545599183011495
잔돈,0.004545599183011495
작아지다,0.004545599183011495
보구,0.004545599183011495
보가,0.004545599183011495
자연스럽다,0.004545599183011495
자랑스럽다,0.004545599183011495
유효,0.004545599183011495
자괴,0.004545599183011495
별것,0.004545599183011495
별다르다,0.004545599183011495
입원,0.004545599183011495
입점,0.004545599183011495
두드리다,0.004545599183011495
입성,0.004545599183011495
되살리다,0.004545599183011495
슈크림,0.004545599183011495
숯불,0.004545599183011495
쉐이크,0.004545599183011495
웰컴,0.004545599183011495
레쉬,0.004545599183011495
월급쟁이,0.004545599183011495
레이어,0.004545599183011495
대흥,0.004545599183011495
전통,0.004545599183011495
전기장판,0.004545599183011495
전기,0.004545599183011495
덧붙이다,0.004545599183011495
덜하다,0.004545599183011495
데뷔,0.004545599183011495
웬걸,0.004545599183011495
번거롭다,0.004545599183011495
도심,0.004545599183011495
장애인,0.004545599183011495
도우미,0.004545599183011495
전자레인지,0.004545599183011495
손길,0.004545599183011495
보수,0.004545599183011495
소희,0.004545599183011495
소프트,0.004545599183011495
돈버,0.004545599183011495
잔디,0.004545599183011495
잘나다,0.004545599183011495
잘맞다,0.004545599183011495
잼민,0.004545599183011495
손발,0.004545599183011495
도달,0.004545599183011495
도망,0.004545599183011495
대림,0.004545599183011495
소진,0.004545599183011495
소파,0.004545599183011495
소세지,0.004545599183011495
소속,0.004545599183011495
소질,0.004545599183011495
소신,0.004545599183011495
정신병,0.004545599183011495
스몰,0.004545599183011495
스무살,0.004545599183011495
버프,0.004545599183011495
쉬엄쉬엄,0.004545599183011495
로고,0.004545599183011495
롤러,0.004545599183011495
울산,0.004545599183011495
정정,0.004545599183011495
정독,0.004545599183011495
점심때,0.004545599183011495
점차,0.004545599183011495
대학로,0.004545599183011495
더디다,0.004545599183011495
젊음,0.004545599183011495
원주,0.004545599183011495
원가,0.004545599183011495
보조,0.004545599183011495
보증금,0.004545599183011495
보채다,0.004545599183011495
소연,0.004545599183011495
소용,0.004545599183011495
소위,0.004545599183011495
소유,0.004545599183011495
접시,0.004545599183011495
리그,0.004545599183011495
용어,0.004545599183011495
용지,0.004545599183011495
존맛탱,0.004545599183011495
담당자,0.004545599183011495
조율,0.004545599183011495
담하다,0.004545599183011495
답답,0.004545599183011495
롯데리아,0.004545599183011495
우여곡절,0.004545599183011495
스캔,0.004545599183011495
번주,0.004545599183011495
스마일,0.004545599183011495
우리엄마,0.004545599183011495
루팡,0.004545599183011495
리뉴얼,0.004545599183011495
제육,0.004545599183011495
대구광역시,0.004545599183011495
대변,0.004545599183011495
제야,0.004545599183011495
정착,0.004545599183011495
정책,0.004545599183011495
정함,0.004545599183011495
제시,0.004545599183011495
대적,0.004545599183011495
대체공휴일,0.004545599183011495
대체로,0.004545599183011495
조리,0.004545599183011495
대감,0.004545599183011495
복권,0.004545599183011495
조그맣다,0.004545599183011495
조개,0.004545599183011495
외적,0.004545599183011495
외부,0.004545599183011495
왕자,0.004545599183011495
다담,0.004545599183011495
다대,0.004545599183011495
죽지,0.004545599183011495
준비물,0.004545599183011495
중개사,0.004545599183011495
단돈,0.004545599183011495
단면,0.004545599183011495
요요,0.004545599183011495
리터,0.004545599183011495
리프,0.004545599183011495
요구르트,0.004545599183011495
버킷리스트,0.004545599183011495
요미,0.004545599183011495
좌우,0.004545599183011495
복판,0.004545599183011495
볶음,0.004545599183011495
다한,0.004545599183011495
닥터,0.004545599183011495
종로,0.004545599183011495
다흐,0.004545599183011495
종잣돈,0.004545599183011495
답례,0.004545599183011495
조아하다,0.004545599183011495
조던,0.004545599183011495
조급하다,0.004545599183011495
당초,0.004545599183011495
주거,0.004545599183011495
주고받다,0.004545599183011495
다큐,0.004545599183011495
막내,0.004545599183011495
오피스텔,0.004545599183011495
높이다,0.004545599183011495
놓이다,0.004545599183011495
세분,0.004545599183011495
볼펜,0.004545599183011495
성의,0.004545599183011495
성준,0.004545599183011495
다라,0.004545599183011495
중대하다,0.004545599183011495
다누,0.004545599183011495
마마,0.004545599183011495
스톡,0.004545599183011495
마음껏,0.004545599183011495
올린다,0.004545599183011495
마일리지,0.004545599183011495
주무르다,0.004545599183011495
주민등록,0.004545599183011495
니나,0.004545599183011495
세미나,0.004545599183011495
능동,0.004545599183011495
늦추다,0.004545599183011495
중립,0.004545599183011495
중식,0.004545599183011495
주제가,0.004545599183011495
세이,0.004545599183011495
셋업,0.004545599183011495
다른사람,0.004545599183011495
주얼,0.004545599183011495
다운동,0.004545599183011495
다지,0.004545599183011495
주마,0.004545599183011495
직설,0.004545599183011495
직하다,0.004545599183011495
직행,0.004545599183011495
직빵,0.004545599183011495
성하다,0.004545599183011495
성실,0.004545599183011495
지하철역,0.004545599183011495
놀이터,0.004545599183011495
오십,0.004545599183011495
만화,0.004545599183011495
오백,0.004545599183011495
맘속,0.004545599183011495
망각,0.004545599183011495
맘스,0.004545599183011495
노릇,0.004545599183011495
진입,0.004545599183011495
만인,0.004545599183011495
만능,0.004545599183011495
만두전골,0.004545599183011495
스틱,0.004545599183011495
스킨,0.004545599183011495
만오천원,0.004545599183011495
오스,0.004545599183011495
오일,0.004545599183011495
지역화폐,0.004545599183011495
지로,0.004545599183011495
지경,0.004545599183011495
지남,0.004545599183011495
눈길,0.004545599183011495
증명서,0.004545599183011495
뉴진스,0.004545599183011495
온건,0.004545599183011495
매니저,0.004545599183011495
차비,0.004545599183011495
차만,0.004545599183011495
차이나다,0.004545599183011495
부디,0.004545599183011495
쭈욱,0.004545599183011495
내보내다,0.004545599183011495
낮아지다,0.004545599183011495
오류,0.004545599183011495
망아지,0.004545599183011495
오른,0.004545599183011495
슬기롭다,0.004545599183011495
맛보다,0.004545599183011495
망정,0.004545599183011495
예보,0.004545599183011495
매너,0.004545599183011495
질감,0.004545599183011495
내용물,0.004545599183011495
쩌구,0.004545599183011495
쩐다,0.004545599183011495
성당,0.004545599183011495
짝궁,0.004545599183011495
냉이,0.004545599183011495
짜장,0.004545599183011495
뇌절,0.004545599183011495
지켜보다,0.004545599183011495
네일아트,0.004545599183011495
부딪히다,0.004545599183011495
년반,0.004545599183011495
집값,0.004545599183011495
집어넣다,0.004545599183011495
노원,0.004545599183011495
서투르다,0.004545599183011495
서점,0.004545599183011495
청춘,0.004545599183011495
나이트,0.004545599183011495
체계,0.004545599183011495
철저하다,0.004545599183011495
나아가다,0.004545599183011495
천하,0.004545599183011495
매수,0.004545599183011495
맥도날드,0.004545599183011495
매머드,0.004545599183011495
백미,0.004545599183011495
스파오,0.004545599183011495
스팸,0.004545599183011495
영등포,0.004545599183011495
선뜻,0.004545599183011495
날아다니다,0.004545599183011495
참사,0.004545599183011495
차차,0.004545599183011495
착잡하다,0.004545599183011495
차별,0.004545599183011495
매매,0.004545599183011495
매각,0.004545599183011495
매물,0.004545599183011495
낯선,0.004545599183011495
쭈꾸미,0.004545599183011495
쫓기다,0.004545599183011495
부수,0.004545599183011495
채팅,0.004545599183011495
책장,0.004545599183011495
날개,0.004545599183011495
창원,0.004545599183011495
출입,0.004545599183011495
추위,0.004545599183011495
서원,0.004545599183011495
추구,0.004545599183011495
최후,0.004545599183011495
끝내기,0.004545599183011495
최대로,0.004545599183011495
최상,0.004545599183011495
연인,0.004545599183011495
연구소,0.004545599183011495
멀미,0.004545599183011495
멀티태스킹,0.004545599183011495
멀티,0.004545599183011495
출신,0.004545599183011495
출첵,0.004545599183011495
출출하다,0.004545599183011495
끊임없다,0.004545599183011495
초라하다,0.004545599183011495
나물,0.004545599183011495
먹이,0.004545599183011495
배신,0.004545599183011495
배움,0.004545599183011495
배차,0.004545599183011495
연어,0.004545599183011495
천사,0.004545599183011495
최적화,0.004545599183011495
나누기,0.004545599183011495
낑낑대다,0.004545599183011495
부유하다,0.004545599183011495
부의,0.004545599183011495
부제,0.004545599183011495
서브,0.004545599183011495
여권,0.004545599183011495
멘토스,0.004545599183011495
기요,0.004545599183011495
기입,0.004545599183011495
기자,0.004545599183011495
기장,0.004545599183011495
생애,0.004545599183011495
컨택,0.004545599183011495
역쉬,0.004545599183011495
연간,0.004545599183011495
여요,0.004545599183011495
습관화,0.004545599183011495
승률,0.004545599183011495
여지,0.004545599183011495
여가,0.004545599183011495
여간,0.004545599183011495
긴장감,0.004545599183011495
서랍,0.004545599183011495
서럽다,0.004545599183011495
생크림,0.004545599183011495
생태계,0.004545599183011495
생파,0.004545599183011495
김포,0.004545599183011495
깊콘,0.004545599183011495
최소한,0.004545599183011495
치열하다,0.004545599183011495
깡패,0.004545599183011495
츄리,0.004545599183011495
샴푸,0.004545599183011495
취지,0.004545599183011495
캡슐,0.004545599183011495
칵테일,0.004545599183011495
방문자,0.004545599183011495
시간제,0.004545599183011495
명함,0.004545599183011495
업자,0.004545599183011495
그간,0.004545599183011495
그려지다,0.004545599183011495
색다르다,0.004545599183011495
상한,0.004545599183011495
타고나다,0.004545599183011495
글씨체,0.004545599183011495
키위,0.004545599183011495
금보,0.004545599183011495
금일,0.004545599183011495
에나,0.004545599183011495
에디터,0.004545599183011495
방면,0.004545599183011495
콘텐츠,0.004545599183011495
기내,0.004545599183011495
코너,0.004545599183011495
그릴,0.004545599183011495
타이,0.004545599183011495
샘솟다,0.004545599183011495
생물,0.004545599183011495
생맥주,0.004545599183011495
컨텐츠,0.004545599183011495
커밍,0.004545599183011495
캐드,0.004545599183011495
크로스,0.004545599183011495
분할,0.004545599183011495
퀘스트,0.004545599183011495
콩나물,0.004545599183011495
콜라겐,0.004545599183011495
통합,0.004545599183011495
억원,0.004545599183011495
어피,0.004545599183011495
시민,0.004545599183011495
목숨,0.004545599183011495
몸소,0.004545599183011495
어젯밤,0.004545599183011495
구축,0.004545599183011495
튜브,0.004545599183011495
투척,0.004545599183011495
군것질,0.004545599183011495
국어,0.004545599183011495
굿바이,0.004545599183011495
투맨,0.004545599183011495
통증,0.004545599183011495
굵직하다,0.004545599183011495
권유,0.004545599183011495
토마,0.004545599183011495
토핑,0.004545599183011495
테이크아웃,0.004545599183011495
털털,0.004545599183011495
귀국,0.004545599183011495
귀염둥이,0.004545599183011495
규모,0.004545599183011495
태산,0.004545599183011495
태도,0.004545599183011495
탈모,0.004545599183011495
탈퇴,0.004545599183011495
극단,0.004545599183011495
타일,0.004545599183011495
통보,0.004545599183011495
궁극,0.004545599183011495
양쪽,0.004545599183011495
무궁화,0.004545599183011495
어가,0.004545599183011495
양고기,0.004545599183011495
무드,0.004545599183011495
무럭무럭,0.004545599183011495
양반,0.004545599183011495
무리하다,0.004545599183011495
구슬,0.004545599183011495
파도,0.004545599183011495
구미,0.004545599183011495
어림,0.004545599183011495
몬스터,0.004545599183011495
밤하늘,0.004545599183011495
어르신,0.004545599183011495
몹시,0.004545599183011495
트렌드,0.004545599183011495
파파,0.004545599183011495
파스,0.004545599183011495
파주,0.004545599183011495
파마,0.004545599183011495
구래,0.004545599183011495
파격,0.004545599183011495
구석구석,0.004545599183011495
티슈,0.004545599183011495
티끌,0.004545599183011495
티나,0.004545599183011495
특유,0.004545599183011495
특수하다,0.004545599183011495
상의,0.004545599183011495
상가,0.004545599183011495
상경,0.004545599183011495
야끼소바,0.004545599183011495
야다,0.004545599183011495
발톱,0.004545599183011495
무적,0.004545599183011495
무의미하다,0.004545599183011495
무의식,0.004545599183011495
묵고,0.004545599183011495
문고,0.004545599183011495
과시,0.004545599183011495
과소,0.004545599183011495
과장,0.004545599183011495
관념,0.004545599183011495
광대,0.004545599183011495
관심사,0.004545599183011495
무었,0.004545599183011495
약해지다,0.004545599183011495
팔면,0.004545599183011495
괴물,0.004545599183011495
팔뚝,0.004545599183011495
팔레트,0.004545599183011495
교보,0.004545599183011495
포션,0.004545599183011495
포착,0.004545599183011495
산타,0.004545599183011495
광안,0.004545599183011495
팽이,0.004545599183011495
불합격,0.004545599183011495
살의,0.004545599183011495
광탈,0.004545599183011495
퍼스,0.004545599183011495
팝콘,0.004545599183011495
교사,0.004545599183011495
피지,0.004545599183011495
비빔,0.004545599183011495
고영,0.004545599183011495
고요한,0.004545599183011495
고용,0.004545599183011495
고전,0.004545599183011495
고차,0.004545599183011495
고찰,0.004545599183011495
문제점,0.004545599183011495
암기,0.004545599183011495
알뜰살뜰,0.004545599183011495
알뜰살뜰하다,0.004545599183011495
압축,0.004545599183011495
문화생활,0.004545599183011495
필수품,0.004545599183011495
고이,0.004545599183011495
플랜,0.004545599183011495
곰곰하다,0.004545599183011495
곱슬,0.004545599183011495
곱씹다,0.004545599183011495
풍요,0.004545599183011495
애니,0.004545599183011495
애용,0.004545599183011495
식량,0.004545599183011495
공용,0.004545599183011495
포트폴리오,0.004545599183011495
포터,0.004545599183011495
곤란하다,0.004545599183011495
피고,0.004545599183011495
프리,0.004545599183011495
프리랜서,0.004545599183011495
플라워,0.004545599183011495
발휘,0.004545599183011495
식권,0.004545599183011495
미달,0.004545599183011495
미드,0.004545599183011495
악세사리,0.004545599183011495
미워하다,0.004545599183011495
아줌마,0.004545599183011495
해진,0.004545599183011495
한몫,0.004545599183011495
경계,0.004545599183011495
한시,0.004545599183011495
안녕하십니까,0.004545599183011495
안목,0.004545599183011495
발령,0.004545599183011495
신규가입,0.004545599183011495
발송,0.004545599183011495
하드,0.004545599183011495
하리보,0.004545599183011495
필요성,0.004545599183011495
비롯,0.004545599183011495
비루하다,0.004545599183011495
사원,0.004545599183011495
비몽,0.004545599183011495
한층,0.004545599183011495
고추장,0.004545599183011495
한국어,0.004545599183011495
계열,0.004545599183011495
하이라이트,0.004545599183011495
하품,0.004545599183011495
고깃집,0.004545599183011495
고다,0.004545599183011495
고모,0.004545599183011495
민트,0.004545599183011495
아모,0.004545599183011495
민감하다,0.004545599183011495
형태,0.004545599183011495
사당,0.004545599183011495
비지,0.004545599183011495
비쥬,0.004545599183011495
개념,0.004545599183011495
행정,0.004545599183011495
아치,0.004545599183011495
아찔하다,0.004545599183011495
아웃백,0.004545599183011495
아토,0.004545599183011495
아이쇼핑,0.004545599183011495
아앙,0.004545599183011495
발레,0.004545599183011495
거대하다,0.004545599183011495
거구,0.004545599183011495
사무,0.004545599183011495
비유,0.004545599183011495
거북목,0.004545599183011495
거주,0.004545599183011495
건드리다,0.004545599183011495
행복감,0.004545599183011495
해안,0.004545599183011495
검다,0.004545599183011495
비웃다,0.004545599183011495
사로자다,0.004545599183011495
비치다,0.004545599183011495
게장,0.004545599183011495
해병대,0.004545599183011495
거꾸로,0.004545599183011495
실리다,0.004545599183011495
싱싱하다,0.004545599183011495
싸매다,0.004545599183011495
십년,0.004545599183011495
바하,0.004545599183011495
반값,0.004545599183011495
심사,0.004545599183011495
실전,0.004545599183011495
각오,0.004545599183011495
간과,0.004545599183011495
홧팅,0.004545599183011495
간전,0.004545599183011495
바닷가,0.004545599183011495
바랑,0.004545599183011495
바사,0.004545599183011495
신앙,0.004545599183011495
후유증,0.004545599183011495
후련하다,0.004545599183011495
뻐근하다,0.004545599183011495
가호,0.004545599183011495
간략하다,0.004545599183011495
회피,0.004545599183011495
회수,0.004545599183011495
회복하다,0.004545599183011495
환율,0.004545599183011495
갈라지다,0.004545599183011495
화끈하다,0.004545599183011495
갈매기,0.004545599183011495
화상,0.004545599183011495
화석,0.004545599183011495
후의,0.004545599183011495
후추,0.004545599183011495
인대,0.004545599183011495
익숙,0.004545599183011495
수제,0.004545599183011495
수술,0.004545599183011495
수액,0.004545599183011495
이참,0.004545599183011495
이징,0.004545599183011495
이진,0.004545599183011495
순대,0.004545599183011495
베이,0.004545599183011495
떠보다,0.004545599183011495
의심,0.004545599183011495
읎드다,0.004545599183011495
을해,0.004545599183011495
음원,0.004545599183011495
인내,0.004545599183011495
가꾸다,0.004545599183011495
디테일,0.004545599183011495
디폴트,0.004545599183011495
따끈따끈하다,0.004545599183011495
따끈하다,0.004545599183011495
이별,0.004545599183011495
이돈,0.004545599183011495
법인,0.004545599183011495
실현,0.004545599183011495
심각,0.004545599183011495
반기,0.004545599183011495
실장,0.004545599183011495
빼놓다,0.004545599183011495
가디건,0.004545599183011495
희미하다,0.004545599183011495
흑화,0.004545599183011495
잔액,0.0037163251836854834
이메일,0.0037163251836854834
산부인과,0.0037163251836854834
때무,0.0037163251836854834
모자라다,0.0037163251836854834
채널,0.0037163251836854834
추후,0.0037163251836854834
감안,0.0037163251836854834
느슨하다,0.0037163251836854834
열흘,0.0037163251836854834
소망,0.0037163251836854834
마취,0.0037163251836854834
채소,0.0037163251836854834
자유롭다,0.0037163251836854834
매직,0.0037163251836854834
채용,0.0037163251836854834
경품,0.0037163251836854834
부숴,0.0037163251836854834
진하다,0.0037163251836854834
반주,0.0037163251836854834
라이프,0.0037163251836854834
매입,0.0037163251836854834
기대다,0.0037163251836854834
라임,0.0037163251836854834
반영,0.0037163251836854834
부모,0.0037163251836854834
거래,0.0037163251836854834
스마트,0.0037163251836854834
정해,0.0037163251836854834
급여,0.0037163251836854834
책임지다,0.0037163251836854834
도파민,0.0037163251836854834
지불,0.0037163251836854834
진작,0.0037163251836854834
장하다,0.0037163251836854834
부족함,0.0037163251836854834
국민은행,0.0037163251836854834
특성,0.0037163251836854834
집밥,0.0037163251836854834
살아오다,0.0037163251836854834
집사,0.0037163251836854834
시설,0.0037163251836854834
스튜디오,0.0037163251836854834
이란,0.0037163251836854834
한가하다,0.0037163251836854834
붐비다,0.0037163251836854834
상사,0.0037163251836854834
잠자다,0.0037163251836854834
안전하다,0.0037163251836854834
붓다,0.0037163251836854834
삼성,0.0037163251836854834
상처,0.0037163251836854834
아두,0.0037163251836854834
한계,0.0037163251836854834
평온하다,0.0037163251836854834
지기,0.0037163251836854834
불안하다,0.0037163251836854834
듯이,0.0037163251836854834
자제력,0.0037163251836854834
자제,0.0037163251836854834
돌파,0.0037163251836854834
즈음,0.0037163251836854834
헤매다,0.0037163251836854834
사느랗다,0.0037163251836854834
드네,0.0037163251836854834
앓다,0.0037163251836854834
검진,0.0037163251836854834
무리,0.0037163251836854834
쏟다,0.0037163251836854834
길거리,0.0037163251836854834
학부,0.0037163251836854834
상기,0.0037163251836854834
총무,0.0037163251836854834
본사,0.0037163251836854834
황금,0.0037163251836854834
머리카락,0.0037163251836854834
연봉,0.0037163251836854834
하므다,0.0037163251836854834
보도,0.0037163251836854834
보더,0.0037163251836854834
전원,0.0037163251836854834
도서,0.0037163251836854834
알뜰,0.0037163251836854834
돌이키다,0.0037163251836854834
자유적금,0.0037163251836854834
우울,0.0037163251836854834
계기,0.0037163251836854834
년월,0.0037163251836854834
부수입,0.0037163251836854834
상식,0.0037163251836854834
목돈,0.0037163251836854834
증액,0.0037163251836854834
유통,0.0037163251836854834
섭섭하다,0.0037163251836854834
쑤다,0.0037163251836854834
고개,0.0037163251836854834
항목,0.0037163251836854834
병행,0.0037163251836854834
감고,0.0037163251836854834
업계,0.0037163251836854834
차량,0.0037163251836854834
통신비,0.0037163251836854834
통한,0.0037163251836854834
분하다,0.0037163251836854834
보험,0.0037163251836854834
따름,0.0037163251836854834
언어,0.0037163251836854834
증명,0.0037163251836854834
얼떨결,0.0037163251836854834
따리,0.0037163251836854834
완독,0.0037163251836854834
일시,0.0037163251836854834
마음가짐,0.0037163251836854834
즐거움,0.0037163251836854834
제한,0.0037163251836854834
아픔,0.0037163251836854834
파란,0.0037163251836854834
방어,0.0037163251836854834
출퇴근길,0.0037163251836854834
보로,0.0037163251836854834
분과,0.0037163251836854834
분노,0.0037163251836854834
틈틈하다,0.0037163251836854834
생생하다,0.0037163251836854834
무사,0.0037163251836854834
한탄,0.0037163251836854834
장단점,0.0037163251836854834
구분,0.0037163251836854834
영광,0.0037163251836854834
마곡,0.0037163251836854834
어리석다,0.0037163251836854834
선선,0.0037163251836854834
합성,0.0037163251836854834
몽롱,0.0037163251836854834
대성공,0.0037163251836854834
기반,0.0037163251836854834
득템,0.0037163251836854834
착용,0.0037163251836854834
꼬박,0.0037163251836854834
경력,0.0037163251836854834
요긴,0.0037163251836854834
장치,0.0037163251836854834
의료,0.0037163251836854834
기쁨,0.0037163251836854834
차장,0.0037163251836854834
껍질,0.0037163251836854834
구나,0.0037163251836854834
보장,0.0037163251836854834
평이,0.0037163251836854834
신규,0.0037163251836854834
들여다보다,0.0037163251836854834
지하,0.0037163251836854834
뚜벅,0.0037163251836854834
갖추다,0.0037163251836854834
기일,0.0037163251836854834
보이지,0.0037163251836854834
차이다,0.0037163251836854834
출하,0.0037163251836854834
사수,0.0037163251836854834
정기예금,0.0037163251836854834
요소,0.0037163251836854834
농구,0.0037163251836854834
듭니,0.0037163251836854834
오니,0.0037163251836854834
정원,0.0037163251836854834
릴스,0.0037163251836854834
부풀다,0.0037163251836854834
보리,0.0037163251836854834
점심식사,0.0037163251836854834
비비,0.0037163251836854834
식대,0.0037163251836854834
또래,0.0037163251836854834
방울,0.0037163251836854834
사본,0.0037163251836854834
출력,0.0037163251836854834
삼각김밥,0.0037163251836854834
갑작스럽다,0.0037163251836854834
일리,0.0037163251836854834
매월,0.0037163251836854834
한창,0.0037163251836854834
더불다,0.0037163251836854834
절절,0.0037163251836854834
뭉치다,0.0037163251836854834
경쟁률,0.0037163251836854834
찰나,0.0037163251836854834
출금,0.0037163251836854834
지혜,0.0037163251836854834
컨트롤,0.0037163251836854834
절실,0.0037163251836854834
발라드,0.0037163251836854834
강도,0.0037163251836854834
선착순,0.0037163251836854834
겨울방학,0.0037163251836854834
파트,0.0037163251836854834
용다,0.0037163251836854834
잡기,0.0037163251836854834
물품,0.0037163251836854834
볼때,0.0037163251836854834
양식,0.0037163251836854834
커피한잔,0.0037163251836854834
섞이다,0.0037163251836854834
출근시간,0.0037163251836854834
대의,0.0037163251836854834
백만원,0.0037163251836854834
대상,0.0037163251836854834
일간,0.0037163251836854834
받아들이다,0.0037163251836854834
특이,0.0037163251836854834
일개,0.0037163251836854834
농장,0.0037163251836854834
영역,0.0037163251836854834
인증샷,0.0037163251836854834
이겠다,0.0037163251836854834
장보기,0.0037163251836854834
날리다,0.0037163251836854834
몸살,0.0037163251836854834
인물,0.0037163251836854834
대사,0.0037163251836854834
띄다,0.0037163251836854834
할부,0.0037163251836854834
목적,0.0037163251836854834
콜라,0.0037163251836854834
정적,0.0037163251836854834
표지,0.0037163251836854834
합리,0.0037163251836854834
아버님,0.0037163251836854834
기구,0.0037163251836854834
요약,0.0037163251836854834
요원,0.0037163251836854834
출연,0.0037163251836854834
이과,0.0037163251836854834
카를,0.0037163251836854834
자가,0.0037163251836854834
메뉴인,0.0037163251836854834
온전,0.0037163251836854834
위험하다,0.0037163251836854834
핵심,0.0037163251836854834
연구,0.0037163251836854834
여자친구,0.0037163251836854834
사치,0.0037163251836854834
유령,0.0037163251836854834
전인,0.0037163251836854834
전달,0.0037163251836854834
불가능하다,0.0037163251836854834
가시,0.0037163251836854834
그땐,0.0037163251836854834
러시,0.0037163251836854834
그닥,0.0037163251836854834
텅텅,0.0037163251836854834
전설,0.0037163251836854834
원일,0.0037163251836854834
자료,0.0037163251836854834
수월하다,0.0037163251836854834
넘어오다,0.0037163251836854834
고급,0.0037163251836854834
연장,0.0037163251836854834
해소,0.0037163251836854834
클럽,0.0037163251836854834
연예인,0.0037163251836854834
두통,0.0037163251836854834
메세지,0.0037163251836854834
클린,0.0037163251836854834
서른,0.0037163251836854834
단순하다,0.0037163251836854834
일치,0.0037163251836854834
닉네임,0.0037163251836854834
가짜,0.0037163251836854834
불리다,0.0037163251836854834
조회,0.0037163251836854834
브리,0.0037163251836854834
나로,0.0037163251836854834
상환,0.0037163251836854834
심정,0.0037163251836854834
일체,0.0037163251836854834
적합하다,0.0037163251836854834
유미,0.0037163251836854834
자잘하다,0.0037163251836854834
원대,0.0037163251836854834
종합,0.0037163251836854834
실적,0.0037163251836854834
러닝,0.0037163251836854834
고춧가루,0.0037163251836854834
버릇,0.0037163251836854834
실컷,0.0037163251836854834
데님,0.0037163251836854834
해주시,0.0037163251836854834
랜덤,0.0037163251836854834
비타,0.0037163251836854834
스마트폰,0.0037163251836854834
솔로,0.0037163251836854834
세이브,0.0037163251836854834
초기,0.0037163251836854834
스킬,0.0037163251836854834
솔솔,0.0037163251836854834
근력,0.0037163251836854834
월말,0.0037163251836854834
수건,0.0037163251836854834
쪼끔,0.0037163251836854834
건강검진,0.0037163251836854834
번갈아,0.0037163251836854834
검정,0.0037163251836854834
별개,0.0037163251836854834
에세이,0.0037163251836854834
메이크업,0.0037163251836854834
다시금,0.0037163251836854834
자격,0.0037163251836854834
자라,0.0037163251836854834
다크,0.0037163251836854834
고스,0.0037163251836854834
친오빠,0.0037163251836854834
식품,0.0037163251836854834
면도,0.0037163251836854834
관찰,0.0037163251836854834
실수,0.0037163251836854834
위안,0.0037163251836854834
위아래,0.0037163251836854834
신체,0.0037163251836854834
다생,0.0037163251836854834
퍼센트,0.0037163251836854834
세운,0.0037163251836854834
실험,0.0037163251836854834
잊어버리다,0.0037163251836854834
종료,0.0037163251836854834
고려,0.0037163251836854834
적립금,0.0037163251836854834
그램,0.0037163251836854834
이연,0.0037163251836854834
모레,0.0037163251836854834
그럴듯하다,0.0037163251836854834
탐방,0.0037163251836854834
회로,0.0037163251836854834
금도,0.0037163251836854834
동참,0.0037163251836854834
동창,0.0037163251836854834
그리기,0.0037163251836854834
두려움,0.0037163251836854834
쫌쫌,0.0037163251836854834
로비,0.0037163251836854834
소문,0.0037163251836854834
로서,0.0037163251836854834
주름,0.0037163251836854834
자책,0.0037163251836854834
적성,0.0037163251836854834
가치,0.0037163251836854834
만료,0.0037163251836854834
자투리,0.0037163251836854834
시점,0.0037163251836854834
실물,0.0037163251836854834
자유,0.0037163251836854834
알뜰하다,0.0037163251836854834
성과,0.0037163251836854834
워드,0.0037163251836854834
신한은행,0.0037163251836854834
여파,0.0037163251836854834
돼지고기,0.0037163251836854834
움직,0.0037163251836854834
작동,0.0037163251836854834
중요성,0.0037163251836854834
일자,0.0037163251836854834
천만원,0.0037163251836854834
끄읏,0.0037163251836854834
조언,0.0037163251836854834
약과,0.0037163251836854834
박살,0.0037163251836854834
알리,0.0037163251836854834
중반,0.0037163251836854834
극복,0.0037163251836854834
끄읕,0.0037163251836854834
주보,0.0037163251836854834
깡통,0.0037163251836854834
오운완,0.0037163251836854834
부위,0.0037163251836854834
마주,0.0037163251836854834
주방,0.0037163251836854834
오신,0.0037163251836854834
설치,0.0037163251836854834
자신감,0.0037163251836854834
원피스,0.0037163251836854834
팔리다,0.0037163251836854834
소개팅,0.0037163251836854834
주사,0.0037163251836854834
다정하다,0.0037163251836854834
페인,0.0037163251836854834
전적,0.0037163251836854834
가평,0.0037163251836854834
초심,0.0037163251836854834
쫄보,0.0037163251836854834
로더,0.0037163251836854834
볼일,0.0037163251836854834
옳다,0.0037163251836854834
탄소,0.0037163251836854834
적자,0.0037163251836854834
선크림,0.0037163251836854834
이어지다,0.0037163251836854834
카나,0.0
친한친구,0.0
꽃날,0.0
꺄악,0.0
꺄우뚱,0.0
친추,0.0
김만,0.0
꺄르륵,0.0
깨작충임,0.0
김미경,0.0
김돈,0.0
깨어나다,0.0
충천,0.0
충주시,0.0
김동희,0.0
취약,0.0
친환경,0.0
깨우침,0.0
충족,0.0
카러,0.0
껀데,0.0
카레라이스,0.0
김나희,0.0
카레덮밥,0.0
취뽀선물로루,0.0
김난도,0.0
꺼불다,0.0
취뽀하,0.0
꺼리다,0.0
김대,0.0
꺄항,0.0
카달,0.0
치한,0.0
칭규,0.0
깊콘들,0.0
깊이,0.0
충청도,0.0
취뽀해,0.0
취득세,0.0
까페,0.0
김민지,0.0
칭따오,0.0
칭해,0.0
껄무새,0.0
껄껄,0.0
취미,0.0
까마득하다,0.0
까르보나라,0.0
치료받다,0.0
치닫다,0.0
샤브,0.0
북악산,0.0
깜쮝,0.0
서곡,0.0
깝깝,0.0
서거,0.0
샷샷,0.0
김자,0.0
샤프,0.0
츠케,0.0
츄츄,0.0
부집,0.0
부케,0.0
김치부침개,0.0
김태리,0.0
부캐,0.0
부축,0.0
부추기다,0.0
샤카,0.0
깠지렁,0.0
치유,0.0
치솟다,0.0
치중,0.0
치노,0.0
깨끗해지다,0.0
깐깐하다,0.0
깔꼼하,0.0
깔리다,0.0
치부,0.0
깔보다,0.0
치명,0.0
까운,0.0
치룰,0.0
깜빠뉴,0.0
깜깜,0.0
까트,0.0
깜박,0.0
츄르,0.0
까칠하다,0.0
깨소금,0.0
까치,0.0
츄리닝,0.0
츄베릅,0.0
깜장,0.0
깔짝이다,0.0
김주식,0.0
김치냉장고,0.0
치홍,0.0
친권자,0.0
츨근,0.0
친목,0.0
측면,0.0
츠쿠요미,0.0
친정엄마,0.0
김헌,0.0
취급,0.0
김얀,0.0
깨나,0.0
깨달,0.0
충치,0.0
김현,0.0
김혜자,0.0
꼬맹이,0.0
꼬리표,0.0
꼬리곰탕,0.0
김호성,0.0
취월,0.0
김희철,0.0
깁스,0.0
췌장염,0.0
김영,0.0
샤샤,0.0
김영상,0.0
샤브샤브,0.0
김예준,0.0
김용건,0.0
김유라,0.0
츠케멘,0.0
부조화,0.0
부처,0.0
부채,0.0
층집,0.0
치즈스틱,0.0
부차,0.0
부찌,0.0
부쩍,0.0
취했던,0.0
치직,0.0
치킨너겟,0.0
치토스,0.0
김윤아,0.0
취합,0.0
취할요령,0.0
취할,0.0
부착,0.0
부역,0.0
부적절하다,0.0
부적,0.0
부재,0.0
초코하임,0.0
초코소라빵,0.0
초코비,0.0
초코렛,0.0
초창,0.0
부실하다,0.0
서툴다,0.0
부유,0.0
최우,0.0
초임,0.0
칠십만,0.0
나년초,0.0
나년,0.0
나냉,0.0
나날이,0.0
초콜렛,0.0
나른하다,0.0
나루,0.0
나레이션,0.0
초무,0.0
초롬,0.0
초로,0.0
초래,0.0
끌레도르,0.0
끌때,0.0
끈질기다,0.0
나노,0.0
촬영장,0.0
촤칼렛,0.0
촤촻화촷,0.0
촤절,0.0
총알,0.0
끝임,0.0
최불암,0.0
뀰맛같,0.0
끝났댜,0.0
끝끝,0.0
끙끙대다,0.0
끗다음날,0.0
끔찍하다,0.0
끓다,0.0
끌어안다,0.0
부옇다,0.0
추악하다,0.0
끈기,0.0
끄트머리,0.0
끄읏이,0.0
끄듀노래,0.0
부작용,0.0
부작,0.0
부인,0.0
서사시,0.0
서사,0.0
서불,0.0
서북구,0.0
서부,0.0
부원장,0.0
부외,0.0
꿈결,0.0
체험판,0.0
체포,0.0
초년,0.0
낄낄,0.0
끼역,0.0
끼어들다,0.0
끼얏,0.0
끼리노,0.0
끼기,0.0
초원,0.0
쳐스,0.0
초때,0.0
초안,0.0
초심자,0.0
총가,0.0
초봉,0.0
초복,0.0
초보자,0.0
나볼,0.0
나본,0.0
체킹,0.0
체지방률,0.0
체중감량,0.0
나스닥,0.0
나스,0.0
나쉬,0.0
나무아미타불,0.0
나무숲,0.0
나무라다,0.0
나모,0.0
초승,0.0
초등,0.0
초동,0.0
초도,0.0
나마,0.0
촘촘해,0.0
촌철,0.0
촌스럽다,0.0
촉촉하다,0.0
촉발,0.0
촉박하다,0.0
초행길,0.0
끌로,0.0
서복,0.0
서양인,0.0
서식,0.0
체험학습,0.0
서서히,0.0
초조하다,0.0
초장,0.0
촛불,0.0
초고,0.0
초경,0.0
초가을,0.0
초가,0.0
나다늬,0.0
나뉘다,0.0
나눠지다,0.0
쳇바퀴,0.0
첼시,0.0
첼로,0.0
첵스,0.0
서수영,0.0
추천사,0.0
추척,0.0
추진,0.0
추정,0.0
추장,0.0
춘하,0.0
춘천,0.0
출애굽기,0.0
출사,0.0
출몰,0.0
출동,0.0
꾹꾹,0.0
꾸릿꾸릿하,0.0
꾸리,0.0
최은영,0.0
출고,0.0
출가,0.0
꽁팸,0.0
꼿꼿하다,0.0
꼽히다,0.0
꼽질,0.0
춘분,0.0
축협,0.0
꿀맛띠,0.0
꿀맛내,0.0
서민,0.0
서무,0.0
서명,0.0
부질없다,0.0
부진,0.0
출납,0.0
꼼쳐놓기,0.0
꼼지락,0.0
꼼장어,0.0
꼼꼼하다,0.0
꼴불견,0.0
꽃길,0.0
꽃게탕,0.0
꽃게,0.0
꼰대,0.0
꼭두새벽,0.0
충실,0.0
충성,0.0
충분하다,0.0
충만,0.0
꼽으,0.0
출원,0.0
충공깽,0.0
출항,0.0
출퇴근시간,0.0
출타,0.0
꼴꼴,0.0
꼰듀,0.0
취사,0.0
꼬투리,0.0
꼬셨다,0.0
꼬비맘,0.0
꼬모,0.0
충돌,0.0
충당,0.0
출체할랬는데봉선,0.0
출중,0.0
꼽았,0.0
추리물,0.0
추락,0.0
춍춍,0.0
최햄,0.0
꿀키,0.0
꿀죽,0.0
꿀잼쇼,0.0
꿀재,0.0
꾸러기,0.0
꾸드뱅,0.0
꾸기다,0.0
꽤괜,0.0
꽈자,0.0
꽃집,0.0
추세,0.0
부지런,0.0
추출,0.0
꽃사진,0.0
꽃바구니,0.0
꽃대,0.0
축의금,0.0
축연,0.0
축생,0.0
꾸러미,0.0
최면,0.0
최다니엘,0.0
최고점,0.0
최고봉,0.0
최최,0.0
최진영,0.0
최정,0.0
추산,0.0
부증,0.0
서자,0.0
서일교,0.0
서인,0.0
서위,0.0
서원대,0.0
부조,0.0
서방,0.0
서민정,0.0
서산,0.0
서울역,0.0
서울숲,0.0
서울대학교,0.0
서예,0.0
서영이,0.0
꿈빛,0.0
서장,0.0
추인,0.0
추월,0.0
축산농협,0.0
축복,0.0
축도,0.0
추측,0.0
서생,0.0
꿀물,0.0
꿀맛회,0.0
꿀맛임글,0.0
꿰기,0.0
꿍얼,0.0
꿋꿋하다,0.0
꿈속,0.0
서열,0.0
크럽,0.0
크레마,0.0
금무,0.0
금밤,0.0
금비,0.0
금빛,0.0
금세,0.0
클라이너,0.0
칸트,0.0
크롭인건,0.0
금연,0.0
큐티,0.0
큐티뽀짝,0.0
크라상,0.0
크라운,0.0
크래커,0.0
금욜남편,0.0
크롭,0.0
기괴하다,0.0
쿠쿠,0.0
쿠키런,0.0
분발,0.0
생전,0.0
생존,0.0
분노하다,0.0
분담,0.0
분무기,0.0
분당구,0.0
분더,0.0
분투,0.0
분해,0.0
색칠,0.0
분류,0.0
분말,0.0
분모,0.0
분당,0.0
키드,0.0
키로,0.0
키즈,0.0
키친,0.0
크리스마스이브,0.0
크리스탈,0.0
키캡,0.0
키킼,0.0
금융정책,0.0
키퍼,0.0
키햐,0.0
키홀,0.0
큰님,0.0
큰뚱,0.0
큰비,0.0
큰손,0.0
큰집,0.0
키토,0.0
금융투자,0.0
금제,0.0
크로스핏,0.0
크로잉,0.0
크롤,0.0
크롬,0.0
금품,0.0
금호,0.0
키기,0.0
급락,0.0
급료,0.0
급매,0.0
크롭탑,0.0
금욕,0.0
킬로,0.0
클스,0.0
큼지막하다,0.0
금호강,0.0
급부,0.0
급습,0.0
콘치,0.0
콘칩,0.0
콘크리트,0.0
콘타,0.0
콘택트렌즈,0.0
기성,0.0
기고만장하다,0.0
기소,0.0
기계공학,0.0
샛강,0.0
생가,0.0
생겨나다,0.0
생계,0.0
생기며,0.0
분집,0.0
기세,0.0
쿄쿄,0.0
콧구멍,0.0
콧노래,0.0
콧소리,0.0
콩고,0.0
급작,0.0
급전,0.0
급제,0.0
급변,0.0
콩우유,0.0
콩쥐,0.0
콰트로,0.0
코카콜라,0.0
코크,0.0
코털,0.0
코피,0.0
쿠사리,0.0
콩세알,0.0
콩불,0.0
기다림,0.0
기두,0.0
기류,0.0
기름값,0.0
쿠키앤크림,0.0
급증,0.0
급체,0.0
분통,0.0
긍지,0.0
긔엽다,0.0
기강,0.0
기건,0.0
분도,0.0
분뒤,0.0
북조,0.0
북촌,0.0
급탕비,0.0
쿠히치,0.0
쿤류,0.0
쿤향,0.0
쿨러,0.0
쿨런트,0.0
쿨쿨,0.0
쿨하다,0.0
쿱스켓,0.0
콩리,0.0
콤보,0.0
쿼리,0.0
퀀시,0.0
퀀트,0.0
퀄팅,0.0
퀵서비스,0.0
퀸즈,0.0
콩눈,0.0
콜센터,0.0
극혐해,0.0
극히,0.0
근거,0.0
근뎈,0.0
타겟,0.0
글감,0.0
근로계약서,0.0
근로자,0.0
클라우드,0.0
근사하다,0.0
근성,0.0
근원,0.0
타이핑,0.0
타일러,0.0
그떄,0.0
그래스,0.0
그래프,0.0
근방,0.0
타산,0.0
타오바오,0.0
타요버스,0.0
타운,0.0
그린카드,0.0
그림판,0.0
그물,0.0
타의,0.0
극한,0.0
타이거,0.0
타이레놀,0.0
타이머,0.0
타래,0.0
타르트,0.0
타박,0.0
근위,0.0
극치,0.0
타이가,0.0
그이,0.0
탄산수,0.0
탄성,0.0
탄지,0.0
택지,0.0
택하거,0.0
태교,0.0
태민,0.0
그래픽,0.0
태연,0.0
태연하다,0.0
태운,0.0
극장,0.0
탄천,0.0
태음인,0.0
태의,0.0
태초,0.0
태생,0.0
탁월하다,0.0
탄로,0.0
탄방동,0.0
근접,0.0
근접하다,0.0
근해,0.0
타이탄,0.0
타이틀,0.0
그을,0.0
그리팅,0.0
그릭스,0.0
타임세일,0.0
타임스퀘어,0.0
타점,0.0
타투,0.0
탁송,0.0
그믐달,0.0
그리움,0.0
글줄,0.0
타국,0.0
타당,0.0
글로벌,0.0
글루타티온,0.0
글리,0.0
글수,0.0
금수,0.0
타부,0.0
금식,0.0
금약,0.0
클라크,0.0
클락,0.0
클래시,0.0
글을님,0.0
클렌저,0.0
클로버,0.0
금순,0.0
크루아상,0.0
크루즈,0.0
금고,0.0
금귤,0.0
금기,0.0
금년,0.0
금린,0.0
큭큭큭,0.0
글일,0.0
글쌈,0.0
글썽,0.0
글쓰기,0.0
글라이드,0.0
글래디에이터,0.0
새우젓,0.0
새하얘지다,0.0
색기,0.0
큰누나,0.0
글렀,0.0
생말,0.0
생머리,0.0
생명수,0.0
생빠,0.0
생산자,0.0
생도,0.0
생때,0.0
클론,0.0
색다로웠으,0.0
새마을,0.0
새마을금고,0.0
새마을로,0.0
새뱃돈,0.0
새벽같이,0.0
새소리,0.0
새송이,0.0
생러,0.0
클리닝,0.0
클밍,0.0
금쇼맘,0.0
글렀다,0.0
글로리,0.0
킬샷,0.0
킴스,0.0
킵해,0.0
글램핑,0.0
킹읍위,0.0
타가,0.0
생리,0.0
생리대,0.0
생리식염수,0.0
생리통,0.0
샌프란시스코,0.0
글램,0.0
킹왕짱,0.0
긴급,0.0
긴머리,0.0
긴축,0.0
길냥이,0.0
길드,0.0
칸안,0.0
김악산,0.0
길들다,0.0
쾌속,0.0
길몽,0.0
길무,0.0
길뷰,0.0
길쪽,0.0
길티,0.0
기혼,0.0
기회비용,0.0
기획서,0.0
길들이다,0.0
서량,0.0
카프,0.0
카프레,0.0
카프리썬,0.0
카피라이터,0.0
칵얌,0.0
캔커피,0.0
캘리,0.0
김경,0.0
칸총,0.0
칸타타,0.0
나머진,0.0
칼날,0.0
칼럼,0.0
칼리지,0.0
칼슘,0.0
카푸치노,0.0
캘린더,0.0
김경훈,0.0
김구라,0.0
캠프,0.0
캡틴,0.0
캐쉬,0.0
캐쉬백,0.0
캐스퍼,0.0
캐시비,0.0
기흥,0.0
캔버스,0.0
컨트롤러,0.0
컬러링,0.0
컬렉터,0.0
컬쳐,0.0
커피잔,0.0
커피집,0.0
커피타임,0.0
캐피톨,0.0
기흥구,0.0
기타등등,0.0
기프,0.0
기프트,0.0
김규림,0.0
김꼬모,0.0
칼칼하다,0.0
칼택,0.0
캐롯,0.0
칼퇴,0.0
기해,0.0
기호,0.0
캔슬는,0.0
칼퇴함,0.0
캄캄하다,0.0
캉캉,0.0
캐나다,0.0
칼텍스,0.0
생활자,0.0
카페모카,0.0
카페테리아,0.0
카푸,0.0
카운팅,0.0
카운팅즉,0.0
카유,0.0
카츠동,0.0
생협,0.0
칩밥,0.0
칩휘,0.0
칫솔질,0.0
칭구덜,0.0
카투사,0.0
카트라이더,0.0
카페나,0.0
카페라테,0.0
카카,0.0
칠팔백,0.0
김덕,0.0
김도영,0.0
김유정,0.0
침봉,0.0
침수,0.0
침실,0.0
침입,0.0
생활용품,0.0
침투,0.0
침팬지,0.0
카카오페이지,0.0
카투,0.0
카렌,0.0
카르니틴,0.0
생활권,0.0
생활수준,0.0
침침하다,0.0
샤크,0.0
카르마,0.0
카베르,0.0
카스텔라,0.0
서러움,0.0
서련,0.0
서론,0.0
서리다,0.0
카나페,0.0
서글프다,0.0
서남,0.0
생활협동조합,0.0
생활환경,0.0
생존권,0.0
생초콜릿,0.0
생필,0.0
생필품,0.0
서교동,0.0
카네기,0.0
카노,0.0
카누,0.0
김하나,0.0
침해,0.0
침회,0.0
칩거,0.0
카요,0.0
샤콘,0.0
김사원,0.0
김생민,0.0
김성,0.0
김소영,0.0
김수미,0.0
김승호,0.0
서대전역,0.0
서든,0.0
카운트다운,0.0
코넬,0.0
코다리,0.0
코랄,0.0
기복,0.0
기브,0.0
기앵,0.0
기어이,0.0
기업가,0.0
커리,0.0
기업인,0.0
코레일,0.0
코리다,0.0
기술자,0.0
케뱅,0.0
기울이다,0.0
기원,0.0
기예,0.0
기업은행,0.0
북부,0.0
북서울꿈의숲,0.0
북스,0.0
부텐,0.0
생소하다,0.0
생손,0.0
생수,0.0
생식,0.0
코기,0.0
기비,0.0
기사단,0.0
기색,0.0
기생,0.0
기만,0.0
기미,0.0
기승,0.0
기아,0.0
생월,0.0
코웃음,0.0
코일,0.0
코지,0.0
코멘트,0.0
코미디,0.0
코바늘,0.0
코보컵,0.0
기버,0.0
기예지,0.0
기범이,0.0
기변,0.0
기별,0.0
코스피지수,0.0
코알라,0.0
코어,0.0
쾌감,0.0
쾌변,0.0
기번,0.0
기오,0.0
코리안,0.0
기압,0.0
콜라주,0.0
콜린,0.0
콜바넴,0.0
코하쿠토,0.0
콕스,0.0
코오롱,0.0
코세,0.0
코스피,0.0
기금,0.0
기내식,0.0
기념관,0.0
기념일,0.0
기념품,0.0
기다렷,0.0
콘도,0.0
커리어,0.0
커리큘럼,0.0
커머스,0.0
커뮤,0.0
기죽다,0.0
기준금리,0.0
기지,0.0
기지개,0.0
북마크,0.0
기이,0.0
북한,0.0
분갈이,0.0
케이준,0.0
케이캐쉬,0.0
케이팝,0.0
켜볼,0.0
기재,0.0
기유,0.0
컴터,0.0
컴퓨터게임,0.0
컴퓨터공학,0.0
컵케이크,0.0
컷던,0.0
컷트,0.0
커뮤니케이션,0.0
커밋,0.0
기합,0.0
캣폴,0.0
캥거루,0.0
캬캬캬,0.0
커널,0.0
커다랗다,0.0
기프트카드,0.0
기피,0.0
기필코,0.0
기차표,0.0
생활관,0.0
기이하다,0.0
기자회견,0.0
컹컹,0.0
케릭,0.0
케미,0.0
케바케,0.0
부토,0.0
기점,0.0
부팅,0.0
부패하다,0.0
부페,0.0
부평구,0.0
생홍,0.0
부품,0.0
부하,0.0
북구,0.0
부트캠프,0.0
기조,0.0
기종은,0.0
커플티,0.0
커피가게,0.0
커피숍,0.0
커피우유,0.0
기지역,0.0
기진,0.0
커팅,0.0
기질,0.0
컨버전,0.0
컨설팅,0.0
컨셉샷,0.0
컨소시엄,0.0
커스터,0.0
커트,0.0
커트라인,0.0
기진맥진하다,0.0
농지,0.0
농촌,0.0
농협카드,0.0
놑북,0.0
지음,0.0
농림,0.0
농림업,0.0
나혼산,0.0
높이,0.0
놓곸,0.0
놨는데,0.0
놨다,0.0
놨더니잘,0.0
농업,0.0
농위,0.0
직불카드,0.0
농민,0.0
봉달,0.0
봉맘,0.0
논현,0.0
논현로,0.0
놀기루,0.0
놀란,0.0
놀러와,0.0
놀수,0.0
지위,0.0
지체,0.0
농부,0.0
농사,0.0
농산물,0.0
농약,0.0
지옥문,0.0
지용성,0.0
지웅,0.0
놀이동산,0.0
지자,0.0
지자체,0.0
지저분하다,0.0
지츄,0.0
지크,0.0
논밭,0.0
논의,0.0
논쟁,0.0
지향,0.0
지존,0.0
지주,0.0
노하우,0.0
직주,0.0
직책,0.0
성숙,0.0
성숙하다,0.0
성신,0.0
지제역,0.0
지현우,0.0
지혈,0.0
지환,0.0
직거래,0.0
직격타,0.0
지절,0.0
직결,0.0
직계,0.0
놨어,0.0
직딩답,0.0
직렬,0.0
직무,0.0
직방,0.0
지주사,0.0
지지리,0.0
지진,0.0
놨던,0.0
직급,0.0
성찰,0.0
성품,0.0
지언,0.0
지에스,0.0
지역별,0.0
지붕,0.0
지붕뚫고하이킥,0.0
지사,0.0
성은,0.0
지선,0.0
지능,0.0
지니다,0.0
지다이,0.0
지도사,0.0
지동,0.0
지라,0.0
지아,0.0
지상,0.0
지난번,0.0
지난해,0.0
느타리,0.0
느타리버섯,0.0
지구온난화,0.0
눈감다,0.0
눈꺼풀,0.0
눈꼽,0.0
성질,0.0
눈누,0.0
지그날,0.0
지금껏,0.0
지수영,0.0
지스트,0.0
지시,0.0
지바,0.0
성전,0.0
눈날,0.0
지방도,0.0
지방선거일,0.0
지방세,0.0
지번,0.0
봉변,0.0
봉별,0.0
세상인심,0.0
세수,0.0
지애,0.0
봄맞이,0.0
봄밥,0.0
봄피,0.0
부내,0.0
성씨,0.0
성악설,0.0
성안길,0.0
성웅,0.0
세실리아,0.0
지레,0.0
지뢰,0.0
지루,0.0
지루함,0.0
지름길,0.0
지름신,0.0
지네,0.0
지누,0.0
볼라,0.0
지마켓,0.0
지만원,0.0
지멘스,0.0
지목,0.0
지문,0.0
높아지다,0.0
봉고,0.0
봉급,0.0
누울,0.0
집뷰,0.0
집사부,0.0
진장,0.0
진접읍,0.0
진짴,0.0
집세,0.0
집약,0.0
성신여대,0.0
집요하다,0.0
집의,0.0
진쫘,0.0
진찰,0.0
진통제,0.0
진팀,0.0
진판델,0.0
진표,0.0
집어치우다,0.0
노르아드레날린,0.0
노리,0.0
노마드,0.0
진솔하다,0.0
진술서,0.0
진아,0.0
진압,0.0
노사,0.0
집밖,0.0
노션,0.0
노소,0.0
노스,0.0
노신,0.0
노련하다,0.0
집계,0.0
집고양이,0.0
집단,0.0
노상,0.0
넴작,0.0
넷플보,0.0
넹년,0.0
녀나,0.0
노동,0.0
노동자,0.0
노량진역,0.0
질색,0.0
노아,0.0
년년,0.0
년대,0.0
집혜,0.0
질주,0.0
질투,0.0
짐쉐발,0.0
짐승,0.0
짐작,0.0
년그,0.0
노은지구,0.0
노년,0.0
진학,0.0
진행중,0.0
진흥,0.0
년실,0.0
년안,0.0
집행,0.0
네페,0.0
섬세하다,0.0
섬유,0.0
섬유질,0.0
섭남,0.0
섭렵,0.0
집회,0.0
짓거리,0.0
네팔,0.0
네이비,0.0
지포스,0.0
지표,0.0
지하가,0.0
지해,0.0
놋담,0.0
직비,0.0
직업병,0.0
직영,0.0
노령,0.0
직작,0.0
직종,0.0
노맛,0.0
노멀,0.0
성형,0.0
세계관,0.0
세계사,0.0
세뇌,0.0
직인,0.0
성동구,0.0
녹초,0.0
논누,0.0
노주현,0.0
노출,0.0
노출하다,0.0
노칸,0.0
노크,0.0
지폐,0.0
농도,0.0
지팩,0.0
지평막걸리,0.0
지평면,0.0
노후,0.0
노희경,0.0
녹지,0.0
지평선,0.0
노통,0.0
세대차이,0.0
진사,0.0
진석,0.0
년제,0.0
년차,0.0
년치,0.0
념념굿,0.0
노곤,0.0
성장기,0.0
진열,0.0
진위,0.0
논리,0.0
진급,0.0
진돈,0.0
진땀,0.0
진미채,0.0
진보,0.0
노규용,0.0
직후,0.0
진거,0.0
진관동,0.0
세도,0.0
세력,0.0
세로토닌,0.0
세면,0.0
세명,0.0
세대주,0.0
성행,0.0
성향,0.0
성명,0.0
성별,0.0
성북로,0.0
성사,0.0
성생넴,0.0
성수,0.0
성해,0.0
죽마,0.0
다데,0.0
다도,0.0
다독,0.0
줌마,0.0
죽빵,0.0
준곳,0.0
지난달,0.0
준법,0.0
준법률행위,0.0
다방면,0.0
다복,0.0
중고서점,0.0
중고차,0.0
준앱,0.0
줄때,0.0
준공,0.0
주짓수,0.0
세입,0.0
셀링,0.0
셋팅,0.0
셔터,0.0
셔틀버스,0.0
셜록,0.0
셜록홈즈,0.0
죽겠슴,0.0
세차,0.0
세차장,0.0
세심,0.0
세안,0.0
세액,0.0
세워지다,0.0
다세,0.0
다세대,0.0
세진이,0.0
니모,0.0
중국인,0.0
중금,0.0
중기,0.0
중기청,0.0
중꼭,0.0
닉넴,0.0
님비,0.0
줄무늬,0.0
다겁,0.0
다공,0.0
다급해지다,0.0
다난,0.0
중과세,0.0
중국어,0.0
중국음식,0.0
다듬다,0.0
중대,0.0
줄줄이,0.0
줄탁,0.0
줌땡,0.0
주점,0.0
주정,0.0
주주,0.0
줏어입,0.0
중개,0.0
니드리나,0.0
중견,0.0
중고나라,0.0
님저,0.0
닙스,0.0
닝짝궁,0.0
다가서다,0.0
다각,0.0
니드,0.0
중개업,0.0
주무관,0.0
주무시다,0.0
다작,0.0
주식시장,0.0
주악,0.0
주어,0.0
주방용품,0.0
주병,0.0
세척제,0.0
다름없다,0.0
다마,0.0
다마고치,0.0
주주총회,0.0
주중,0.0
세종시,0.0
세지,0.0
다문화,0.0
다룰쥴,0.0
주작,0.0
주장,0.0
주재,0.0
다양해지다,0.0
다언,0.0
다예,0.0
다운로드,0.0
다주,0.0
주무,0.0
다채롭,0.0
주르르,0.0
다윗,0.0
다육,0.0
다음카카오,0.0
다음해,0.0
주사기,0.0
주리다,0.0
다중,0.0
다시마,0.0
다시키,0.0
다실,0.0
주체,0.0
주최,0.0
주춤,0.0
주치,0.0
주저,0.0
다미,0.0
주전,0.0
주전부리,0.0
셧다,0.0
센트,0.0
셀러,0.0
셀렉,0.0
셀렘,0.0
세척,0.0
주저앉다,0.0
다반,0.0
다반사,0.0
다발,0.0
주치의,0.0
주택가,0.0
주화,0.0
다애,0.0
주연,0.0
다스리다,0.0
주요,0.0
주욱,0.0
주유,0.0
다머,0.0
다모아,0.0
다윈,0.0
다소곳하다,0.0
다스,0.0
주옥,0.0
증감,0.0
증거,0.0
증권사,0.0
증나,0.0
증량하,0.0
눈코입,0.0
눈팅,0.0
눈화장,0.0
다듬어지다,0.0
눌림,0.0
지내역,0.0
누피,0.0
눅진하다,0.0
증명사진,0.0
증발,0.0
증빙,0.0
증설,0.0
눌려,0.0
느꼇다저,0.0
느낌표,0.0
쥬니어,0.0
쥬디,0.0
쥬시,0.0
쥬시로,0.0
쥬타요,0.0
니껀,0.0
중위,0.0
즉각,0.0
즉사,0.0
즉석밥,0.0
즉슨좀,0.0
즉슨참치,0.0
즐리,0.0
쥬날,0.0
중월,0.0
니넨,0.0
누우,0.0
뇸뇸,0.0
뇸뇸넘,0.0
뇸뇸아직,0.0
누구세요,0.0
누누,0.0
누렁,0.0
지라시,0.0
증손,0.0
지그,0.0
누렁이,0.0
누룩,0.0
누룽지,0.0
누리,0.0
누리꾼,0.0
누수,0.0
지난날,0.0
지국,0.0
증식,0.0
눈믈,0.0
눈부시다,0.0
뉴타운,0.0
증여,0.0
증여세,0.0
증인,0.0
증자,0.0
뉴치케,0.0
증표,0.0
느릿느릿,0.0
느므,0.0
증후군,0.0
눗님,0.0
눗지,0.0
뉴비,0.0
뉴진,0.0
증진,0.0
중화,0.0
중화학공업,0.0
는가,0.0
중소기업,0.0
중앙회,0.0
중더,0.0
중덕,0.0
중략,0.0
느꼇다면허,0.0
늠름하다,0.0
능거,0.0
니옹,0.0
니콘,0.0
니키,0.0
니혼진,0.0
중막콘,0.0
중성,0.0
중량,0.0
다낭,0.0
다녓더,0.0
다닐꼬,0.0
다다다,0.0
중년,0.0
중단,0.0
는바,0.0
중재,0.0
중형견,0.0
볼록하다,0.0
볼리,0.0
볼링장,0.0
세모,0.0
능곡로,0.0
능곡점,0.0
능이,0.0
늦가을,0.0
볼랬,0.0
본연,0.0
본적,0.0
본래,0.0
본론,0.0
본명,0.0
세뱃돈,0.0
세벌,0.0
세법,0.0
중소,0.0
볼드모트,0.0
본분,0.0
본상,0.0
중후,0.0
쥐더,0.0
쥐또,0.0
쥐어박다,0.0
느껴졍,0.0
세부,0.0
중층,0.0
중턱,0.0
중옆,0.0
중옷,0.0
중요시,0.0
중원,0.0
중원구,0.0
본문,0.0
본업,0.0
세자나,0.0
세제,0.0
중점,0.0
중지,0.0
중첩,0.0
중체,0.0
본성,0.0
본안,0.0
본받다,0.0
부부,0.0
부사,0.0
선씨,0.0
선양,0.0
채식,0.0
부스럭,0.0
부스럼,0.0
집게,0.0
부리또,0.0
부리면,0.0
부린다,0.0
서프,0.0
서핑,0.0
서해안,0.0
서행,0.0
서향,0.0
부스트,0.0
책보,0.0
책월,0.0
창창하다,0.0
난하다,0.0
난후,0.0
날눈,0.0
날달걀,0.0
날때,0.0
부문,0.0
창의,0.0
채운,0.0
채원,0.0
날일목,0.0
찾아뵀,0.0
채공,0.0
채권,0.0
채권자,0.0
창업가,0.0
난관,0.0
난닝구,0.0
난리치다,0.0
난발,0.0
처버는거,0.0
낙성대,0.0
낙성대역,0.0
채룡,0.0
부서,0.0
난방,0.0
난시,0.0
난임,0.0
난장판,0.0
난적,0.0
처사,0.0
천국,0.0
나아아,0.0
채무,0.0
부서지다,0.0
챱챱챱,0.0
처가,0.0
처남,0.0
처방전,0.0
나타내다,0.0
나태,0.0
나태하다,0.0
난감하다,0.0
낙오,0.0
낙원,0.0
낙인,0.0
낙하,0.0
낙하산,0.0
책정,0.0
챗봇,0.0
챠감,0.0
나트륨,0.0
찬양,0.0
찬찬하다,0.0
날재택,0.0
날집,0.0
날위,0.0
날뛰다,0.0
날맘스터치,0.0
날배,0.0
책략,0.0
날뻔일,0.0
창조자,0.0
찰스,0.0
참가,0.0
날선,0.0
날수,0.0
날숨,0.0
날씬하다,0.0
날보,0.0
차츰차츰,0.0
차키,0.0
차트,0.0
차홍룸,0.0
차후,0.0
찻잔,0.0
창구,0.0
날집콕,0.0
찬성,0.0
착실하다,0.0
착엿같,0.0
착오,0.0
착지,0.0
찬란하다,0.0
남남남,0.0
남녀,0.0
찬밥,0.0
날토독토독,0.0
석양,0.0
석우,0.0
석유화학,0.0
석조,0.0
서풍,0.0
책임,0.0
채점,0.0
채찍,0.0
날아오다,0.0
채플,0.0
책꽂이,0.0
채무자,0.0
창의성,0.0
창조,0.0
창조력,0.0
창조성,0.0
책다방,0.0
채프먼,0.0
날알,0.0
참내,0.0
참눼,0.0
참새,0.0
남대문,0.0
남동구,0.0
남동생,0.0
남매,0.0
석명권,0.0
참이슬,0.0
참조,0.0
참혹하다,0.0
찹쌀,0.0
참게,0.0
참기름,0.0
참깨,0.0
채선당,0.0
참을성,0.0
첩국,0.0
첫빠따,0.0
청진동,0.0
청문회,0.0
청북레,0.0
청북면,0.0
청비,0.0
청산,0.0
나아지다,0.0
청소부,0.0
선데,0.0
선두,0.0
서후,0.0
서흥,0.0
청어,0.0
청정,0.0
청주시,0.0
청소기,0.0
청키,0.0
청파,0.0
청파로,0.0
청하면,0.0
나위,0.0
나으니,0.0
나이라,0.0
나인,0.0
첨부파일,0.0
체공,0.0
체납,0.0
체내,0.0
청구도,0.0
철학,0.0
철학가,0.0
첨벙,0.0
첨부,0.0
철철,0.0
나대다,0.0
나디,0.0
나락,0.0
나란하다,0.0
나누어지다,0.0
나눙,0.0
나뭇잎,0.0
나미,0.0
청진기,0.0
체불,0.0
체성,0.0
체인점,0.0
체적,0.0
나다니다,0.0
나뵐,0.0
나부,0.0
나비효과,0.0
체리피킹,0.0
선물거래,0.0
선물옙쁘,0.0
선믈,0.0
선박,0.0
선결,0.0
선곡,0.0
선구자,0.0
선납,0.0
나답,0.0
서주,0.0
서칭,0.0
서터레,0.0
서턱할름,0.0
선릉,0.0
선릉역,0.0
선망,0.0
나담주,0.0
서정,0.0
천둥,0.0
천명,0.0
나팔꽃,0.0
나피,0.0
나하,0.0
나혼,0.0
천백원,0.0
천보,0.0
체리슈,0.0
나일,0.0
청록,0.0
청록색,0.0
청명,0.0
첫인상,0.0
청계,0.0
청계천로,0.0
청구,0.0
천생연분,0.0
나앉다,0.0
나연,0.0
나열,0.0
나열하다,0.0
나와슈스,0.0
천박하다,0.0
처절하다,0.0
처지,0.0
천도,0.0
처치,0.0
척추,0.0
척추뼈,0.0
천골,0.0
나잇,0.0
나찬호,0.0
나타,0.0
천년,0.0
처지다,0.0
철로,0.0
철벽,0.0
철창,0.0
천엔,0.0
천은,0.0
천이,0.0
체결,0.0
청솔,0.0
청구권,0.0
부양,0.0
부업,0.0
부엌,0.0
부여,0.0
서적,0.0
체념하다,0.0
체다,0.0
체라,0.0
청양,0.0
낙관,0.0
낙방,0.0
낙비,0.0
천성,0.0
청국장,0.0
청대,0.0
청량리역,0.0
청량하다,0.0
철때매,0.0
천장,0.0
천주산,0.0
천지,0.0
천태만상,0.0
태평하다,0.0
나흘,0.0
낙곱,0.0
철도,0.0
천일,0.0
냐앙,0.0
냥국,0.0
짬날때,0.0
짬짜면,0.0
짭조롬,0.0
짭짤하다,0.0
성교육,0.0
차주,0.0
쩌는데입,0.0
쩌렁,0.0
쩜배,0.0
쩜쩜,0.0
널렸는데그,0.0
성능,0.0
성동,0.0
섭취,0.0
성남,0.0
쨔응,0.0
쪼꼬매,0.0
쪼꼬묘르신,0.0
쪼끄,0.0
쪼끄만,0.0
쪼달려,0.0
쪼들리다,0.0
쪼랩,0.0
냐묜,0.0
짱아찌,0.0
짱짱맨,0.0
짱짱하다,0.0
짜지다,0.0
짝짝이,0.0
짤때,0.0
짤랑거리다,0.0
냉파,0.0
짭쪼롬,0.0
쪼아줘,0.0
쪼은,0.0
쪼이다,0.0
쪼코,0.0
쪽눈,0.0
내려앉다,0.0
내려지다,0.0
내력,0.0
섭취량,0.0
쫀쫀,0.0
내시경,0.0
내신,0.0
내외,0.0
내의,0.0
쪼륵,0.0
쪼리,0.0
냉랭하다,0.0
낸스,0.0
성게,0.0
성과급,0.0
성곽,0.0
선임,0.0
선정릉역,0.0
선진,0.0
선짓국,0.0
성남대로,0.0
선유도,0.0
성년,0.0
성년의날,0.0
쨔잔,0.0
선탠,0.0
선하다,0.0
선호,0.0
섣불리,0.0
설계,0.0
성남시,0.0
부귀,0.0
부근,0.0
부글,0.0
부금,0.0
부끄럼,0.0
봉착,0.0
봉천로,0.0
봉하,0.0
쪼꼬,0.0
부랑,0.0
부러,0.0
부러워하다,0.0
부루마,0.0
설문지,0.0
설상가상,0.0
부고,0.0
너넨,0.0
부란,0.0
노노,0.0
노답,0.0
네트웍,0.0
집장,0.0
집주인,0.0
집차,0.0
집콕,0.0
집콕러,0.0
네트워크,0.0
넛지,0.0
봣음,0.0
봤고흐윽년,0.0
뵹뵹,0.0
부강,0.0
성수역,0.0
네일케어,0.0
네코,0.0
집필,0.0
짜장라면,0.0
짜쟈,0.0
짜조,0.0
넝무,0.0
네로,0.0
네모,0.0
널용,0.0
넓히다,0.0
너머,0.0
넘김,0.0
넘버링,0.0
쩡모,0.0
쩡우,0.0
쪗습,0.0
쪼개다,0.0
쪼그,0.0
쪼까날,0.0
넘겨보다,0.0
너울거리다,0.0
너클,0.0
너프,0.0
넋두리,0.0
냉정하다,0.0
냉털,0.0
널스중,0.0
짓눌리다,0.0
짜이다,0.0
징구,0.0
징수,0.0
징표,0.0
짚다,0.0
너그럽다,0.0
넚어,0.0
짜릿,0.0
짜샤,0.0
징계,0.0
선선해지다,0.0
선승,0.0
부당하다,0.0
부도,0.0
부도덕,0.0
부동,0.0
부들부들,0.0
부등,0.0
쫄깃쫄,0.0
부리고,0.0
부리나케,0.0
선방,0.0
선별,0.0
선비,0.0
선빵,0.0
차례대로,0.0
차례상,0.0
부리,0.0
찌푸리다,0.0
찍어줌슈,0.0
찍찍,0.0
선천,0.0
차곡,0.0
차기,0.0
차내,0.0
차니,0.0
부당이득,0.0
낱개,0.0
내가존버해,0.0
부딪치다,0.0
설기,0.0
설득,0.0
설렁탕,0.0
설립,0.0
설문,0.0
차등,0.0
차우,0.0
차림,0.0
내게로,0.0
찜찜하다,0.0
찜통,0.0
찡얼거리다,0.0
찡얼대다,0.0
차원,0.0
차리기,0.0
창동,0.0
창란젓,0.0
창립,0.0
창민,0.0
창석,0.0
참신하다,0.0
참여자,0.0
참으로,0.0
차이나타운,0.0
낡다,0.0
낡은이,0.0
남고,0.0
남극,0.0
남근,0.0
차보,0.0
차분해지다,0.0
차선,0.0
차야,0.0
남하,0.0
남해,0.0
납골당,0.0
차려입다,0.0
차이점,0.0
차익,0.0
차순,0.0
차안,0.0
남쪽,0.0
납세,0.0
납입,0.0
납입액,0.0
납작,0.0
쫄리,0.0
쫄리긴,0.0
쫄리셨,0.0
쫄앗음,0.0
찌금,0.0
쫑긋,0.0
내딛다,0.0
내러티브,0.0
내려놓다,0.0
쫓다,0.0
쫓아오다,0.0
쫘르륵,0.0
쫙쫙,0.0
쫍쫍대던,0.0
쫄깃쫄깃,0.0
쫄깃한,0.0
내재,0.0
내조,0.0
내직원,0.0
내추럴,0.0
널리,0.0
널린,0.0
납득,0.0
째째하다,0.0
짹짹,0.0
쨍하,0.0
쨔람,0.0
냄네페,0.0
낮추다,0.0
낰낰,0.0
찜질방,0.0
째지다,0.0
남준,0.0
남짓돈,0.0
남바,0.0
남발,0.0
남부,0.0
찜질,0.0
내사,0.0
내시,0.0
쭈굴,0.0
쭐쭐,0.0
남아도,0.0
남아돌다,0.0
남양주시,0.0
납작하다,0.0
쯔보,0.0
쯤음,0.0
찌게,0.0
쭈쭈,0.0
내리막,0.0
내리쬐다,0.0
내막,0.0
내뱉다,0.0
쭈왁,0.0
내공,0.0
내껀,0.0
내다보다,0.0
남인,0.0
남성성,0.0
남아나다,0.0
찡하다,0.0
차감,0.0
선언문,0.0
부르트다,0.0
부릅뜨다,0.0
남용,0.0
남산,0.0
비키니,0.0
비키다,0.0
해쥬,0.0
해천,0.0
해천만,0.0
해체,0.0
거토,0.0
건거,0.0
템플릿,0.0
해피머니,0.0
해피엔딩,0.0
핵폭탄,0.0
건보,0.0
건설,0.0
해조,0.0
건통,0.0
건폐율,0.0
해커스,0.0
비열하다,0.0
비영리,0.0
사십분,0.0
사악,0.0
걸쭉담,0.0
비토스,0.0
비투비,0.0
비오,0.0
비컨티뉴,0.0
비우기,0.0
사업가,0.0
비아,0.0
사례,0.0
사롱,0.0
사료,0.0
사망,0.0
사모님,0.0
비욘,0.0
허가,0.0
허공,0.0
햄토리,0.0
햅쌀,0.0
햇님,0.0
건희,0.0
걷히다,0.0
걸그룹,0.0
건시,0.0
걸렀다,0.0
거참,0.0
거창하다,0.0
거처,0.0
거취,0.0
햄니,0.0
햄복,0.0
햄볶,0.0
걸껄,0.0
건안,0.0
건어,0.0
건우,0.0
건일,0.0
건장하다,0.0
해약,0.0
해이,0.0
해일,0.0
향후,0.0
건조대,0.0
건축,0.0
건축물,0.0
건축학,0.0
걸룡,0.0
핸들,0.0
핸디,0.0
향솥,0.0
향합,0.0
건조,0.0
것셔,0.0
핫케이크,0.0
핫트랙스,0.0
핫플,0.0
핬다,0.0
항거,0.0
항상성,0.0
게리,0.0
비연,0.0
게살,0.0
항전,0.0
항정살,0.0
항체,0.0
핮핮,0.0
것밥,0.0
검정고시,0.0
검정색,0.0
게몇,0.0
겟할수,0.0
겨레,0.0
해보쟈,0.0
해부학,0.0
해빗,0.0
해상,0.0
해선,0.0
해뜰날,0.0
해방,0.0
해만,0.0
항시,0.0
합체,0.0
합치기,0.0
핫도그,0.0
핫돈,0.0
핫딜,0.0
핫초코,0.0
해마,0.0
해면,0.0
해몸,0.0
해경,0.0
해기,0.0
해년,0.0
해놧으니옷입,0.0
해답,0.0
해당,0.0
검증,0.0
검단,0.0
검색어,0.0
검소,0.0
해수욕장,0.0
해시태그,0.0
해야쥬,0.0
비아이,0.0
비약,0.0
걸쭉하다,0.0
검침,0.0
검침원,0.0
걸즈,0.0
겁내,0.0
겁쟁이,0.0
것듀,0.0
것땜,0.0
해저,0.0
검토,0.0
해제,0.0
검은색,0.0
해동,0.0
게쉬,0.0
게이츠,0.0
게이트,0.0
게일,0.0
게임기,0.0
게임학,0.0
해정,0.0
사뭇,0.0
사방,0.0
사백,0.0
사별,0.0
사보텐,0.0
사드,0.0
사들이다,0.0
사람과,0.0
햄스터,0.0
사내,0.0
사내정치,0.0
사념,0.0
헤민,0.0
헤비,0.0
헤세,0.0
개짐,0.0
개쩌,0.0
사나이,0.0
헐겁다,0.0
헐랭방구,0.0
헐렁거려,0.0
헐렁거리,0.0
허씨,0.0
허언,0.0
허영,0.0
사모예드,0.0
사물,0.0
사무소,0.0
사무엘,0.0
사무장,0.0
사문서,0.0
사랑니,0.0
사랑받다,0.0
사다리,0.0
사다리타기,0.0
사무관,0.0
허헣,0.0
거둬들이다,0.0
거듭,0.0
거려,0.0
거렸던,0.0
현황,0.0
혈당,0.0
혐오,0.0
개촉촉,0.0
협동조합,0.0
현승,0.0
현역,0.0
현저,0.0
헤엄,0.0
헤엑,0.0
헤치다,0.0
헤퍼진,0.0
협동,0.0
개최,0.0
헤어스타일,0.0
갤탭,0.0
갯수,0.0
갱생,0.0
걔넨,0.0
헤드뱅잉,0.0
헤라,0.0
허투루,0.0
거르,0.0
거린,0.0
거마,0.0
거가,0.0
거금,0.0
거더,0.0
거두다,0.0
헤어드라이어,0.0
허용,0.0
헤르,0.0
건별,0.0
했다랙,0.0
했돠,0.0
거제도,0.0
거주지,0.0
거중,0.0
했숩니,0.0
했쥬,0.0
헌터,0.0
행관,0.0
행궁동,0.0
행베,0.0
행보,0.0
건년,0.0
허구,0.0
행시,0.0
행업,0.0
행거,0.0
건내다,0.0
건너가다,0.0
건너다,0.0
건너오다,0.0
햇던,0.0
햇볕,0.0
햇수,0.0
햇습니,0.0
건망증,0.0
허송,0.0
거불템,0.0
거사,0.0
거세,0.0
거스름,0.0
거슬리다,0.0
거알,0.0
건더기,0.0
거즈,0.0
험담,0.0
허기,0.0
허덕이다,0.0
허둥대다,0.0
허리띠,0.0
허망,0.0
허브,0.0
헛배,0.0
행위,0.0
거열,0.0
거울셀카,0.0
허비,0.0
허비하다,0.0
허세,0.0
거맙습니,0.0
거부,0.0
거불,0.0
헛수고,0.0
행위능력,0.0
행증,0.0
행진,0.0
행태,0.0
험하다,0.0
헛개수,0.0
헛걸음,0.0
헛되이,0.0
험난하다,0.0
헉슬리,0.0
헌금,0.0
사두,0.0
헛수고였,0.0
헛웃음,0.0
헛헛하,0.0
헝여윽시,0.0
헝헝,0.0
헐벗,0.0
헛똑똑,0.0
고간,0.0
한글,0.0
한남동,0.0
경찰서,0.0
고고싱,0.0
하해,0.0
학군,0.0
학군단,0.0
겟챠할,0.0
학문,0.0
학벌,0.0
경희대,0.0
학비,0.0
학수고대,0.0
학습원,0.0
경직,0.0
경진,0.0
학내,0.0
비니,0.0
비닐,0.0
비닐봉투,0.0
사찰,0.0
비건,0.0
비결,0.0
사욕,0.0
사용설명서,0.0
곗돈,0.0
사용자,0.0
사우디,0.0
비기너,0.0
비꼬다,0.0
비난,0.0
계정은,0.0
계층,0.0
곗날,0.0
사용승인,0.0
계모임,0.0
계발,0.0
계백,0.0
한과,0.0
계비,0.0
학위,0.0
학자금,0.0
학자금대출,0.0
하이닉스,0.0
학적,0.0
한눈,0.0
한다인,0.0
한걸음씩,0.0
한겨울,0.0
한결,0.0
한결같다,0.0
한경,0.0
학장,0.0
하이띵,0.0
경청,0.0
경치,0.0
경향,0.0
경험치,0.0
경화,0.0
계부,0.0
경제력,0.0
계림,0.0
경제위기,0.0
경제적자유,0.0
경조사,0.0
경지,0.0
경원,0.0
한가운데,0.0
계란판,0.0
계란프라이,0.0
계량,0.0
경제성,0.0
하다현,0.0
하단,0.0
하든,0.0
하등,0.0
하디,0.0
하나님,0.0
하이루,0.0
하이마트,0.0
비누,0.0
사의,0.0
사이렌,0.0
사이버스토커,0.0
사이보그,0.0
사연,0.0
계약금,0.0
계약해제,0.0
계양로,0.0
사위,0.0
고무줄,0.0
하기루,0.0
고난,0.0
고뇌,0.0
고단,0.0
고달프다,0.0
고당,0.0
고덕,0.0
하늘만,0.0
하나카드,0.0
하노,0.0
하느리,0.0
고모부,0.0
고무나무,0.0
고무신,0.0
고무장갑,0.0
하는둥,0.0
하나은행,0.0
하이패스,0.0
하이퍼링크,0.0
하임,0.0
하잠,0.0
고도원,0.0
고도화,0.0
고독,0.0
고두심,0.0
하지정맥류,0.0
비공식,0.0
비관,0.0
비급,0.0
사잔,0.0
사적,0.0
하이제,0.0
하이킥,0.0
비너스,0.0
비고,0.0
하찮다,0.0
하천,0.0
하타,0.0
계산기,0.0
하소연,0.0
하수,0.0
하수도,0.0
하시냠,0.0
하반기,0.0
계산서,0.0
계승,0.0
계실,0.0
하얘지다,0.0
하옵다,0.0
하와,0.0
하원시,0.0
하위,0.0
하문,0.0
하시딤,0.0
겨울잠,0.0
겨자,0.0
격의,0.0
격자,0.0
할퀴다,0.0
함그,0.0
함량,0.0
함맥,0.0
겸손,0.0
함부로,0.0
결실,0.0
결의,0.0
함수,0.0
함앞,0.0
함유,0.0
함정임,0.0
함주,0.0
함박,0.0
비방,0.0
비버,0.0
비번,0.0
비비고,0.0
사이사이,0.0
사이언스,0.0
비때매,0.0
사뿐,0.0
할아범,0.0
사색,0.0
사생활,0.0
사시미,0.0
비만,0.0
비망록,0.0
결재,0.0
결집,0.0
결혼기념일,0.0
사상,0.0
겟라,0.0
합반,0.0
합법,0.0
합병,0.0
합산,0.0
겨루기,0.0
겨를,0.0
겨울나기,0.0
함차,0.0
합작,0.0
합창단,0.0
게티,0.0
격주,0.0
격주급,0.0
격차,0.0
격하,0.0
겟챠,0.0
합세,0.0
할애,0.0
할증,0.0
함축,0.0
함큐,0.0
합격자,0.0
합계,0.0
합금,0.0
합당,0.0
겟닼,0.0
함소,0.0
합성동,0.0
합성어,0.0
것좀,0.0
겈배민,0.0
겉잡,0.0
겉절이,0.0
게눈,0.0
겔포스,0.0
함빛,0.0
경영인,0.0
한덕,0.0
한라산,0.0
한밤,0.0
한밭,0.0
경유,0.0
경의,0.0
경인로,0.0
할거얔,0.0
경쟁자,0.0
한부모,0.0
한비,0.0
견적,0.0
사안,0.0
비스름,0.0
비스켓,0.0
비시,0.0
경쟁력,0.0
겸손하다,0.0
겸직,0.0
겸허,0.0
겹겹이,0.0
경감,0.0
한일,0.0
한자리,0.0
한보름,0.0
경성대,0.0
경고,0.0
경공업,0.0
경과,0.0
경락,0.0
경량,0.0
겸사,0.0
경사,0.0
경산,0.0
경건,0.0
한식당,0.0
한양,0.0
한여름,0.0
한영애,0.0
할껄그럼,0.0
경련,0.0
경로,0.0
경매,0.0
비씨,0.0
한종,0.0
함첫,0.0
비례,0.0
비리,0.0
비리다,0.0
사울,0.0
한탄강,0.0
한턱,0.0
경비,0.0
결별,0.0
할당,0.0
할떄,0.0
할랬더,0.0
할랭,0.0
할리스,0.0
견고하다,0.0
한영혜,0.0
한정판,0.0
한인,0.0
견해,0.0
결근,0.0
결단,0.0
결리다,0.0
결말,0.0
한자사전,0.0
한적하다,0.0
한정식,0.0
한의사,0.0
황송,0.0
황시,0.0
황지,0.0
황해,0.0
회고록,0.0
회납,0.0
각성,0.0
각심,0.0
헤프,0.0
회당,0.0
회도,0.0
회복기,0.0
회분,0.0
가지유,0.0
빽빽하다,0.0
뻇기,0.0
뻐빽뜨,0.0
각의,0.0
회집,0.0
회차돈,0.0
회초리,0.0
회하,0.0
회한,0.0
회화,0.0
횟수,0.0
회선,0.0
갈구다,0.0
횡보,0.0
횡보할,0.0
효가,0.0
효도,0.0
효력,0.0
효용,0.0
효진,0.0
회사원,0.0
횡단보도,0.0
회전목마,0.0
회전초밥집,0.0
회주,0.0
간단,0.0
간담,0.0
간밤,0.0
가챠한다,0.0
가처분,0.0
뻔뜩,0.0
후견인,0.0
후덕,0.0
후두,0.0
후려치다,0.0
후루룹,0.0
빙하,0.0
빚었,0.0
빛깔,0.0
가출,0.0
빠잉,0.0
빠충,0.0
빡센,0.0
가츠동,0.0
가치관,0.0
가치투자,0.0
가토,0.0
가트,0.0
회전,0.0
가편,0.0
간병,0.0
간부,0.0
간사,0.0
가평군,0.0
가평읍,0.0
가혹하다,0.0
가화,0.0
회의실,0.0
가파르,0.0
비티,0.0
비파,0.0
비판,0.0
비품,0.0
뿌셨습니,0.0
뿌셨어,0.0
확장,0.0
확행,0.0
간의,0.0
빅마마,0.0
빅맥,0.0
빅사,0.0
뿐거,0.0
뿐글,0.0
비트,0.0
비트코인,0.0
뽀짝뽀짝,0.0
비후,0.0
환전,0.0
환하다,0.0
환회,0.0
화재,0.0
화재경보기,0.0
화집,0.0
화폐,0.0
감지,0.0
확산,0.0
감추다,0.0
화원,0.0
환갑,0.0
환갑잔치,0.0
환경보전,0.0
갉아먹다,0.0
확립,0.0
확보,0.0
감지덕지,0.0
활자,0.0
홧김,0.0
홧탱이자으라찻찻,0.0
간장게장,0.0
간정,0.0
황결,0.0
황결보,0.0
황금비율,0.0
뽈찜,0.0
황도,0.0
간주,0.0
간편,0.0
간편하다,0.0
갈겨쓰다,0.0
황새,0.0
간사하다,0.0
간소화,0.0
황당,0.0
뽈찜근데,0.0
뽕나무,0.0
뽕짝,0.0
비행,0.0
비혼,0.0
비활,0.0
각질,0.0
간간이,0.0
활어회,0.0
간구,0.0
회사채,0.0
각광,0.0
각막,0.0
각생,0.0
황사,0.0
활동량,0.0
활발하다,0.0
활성화,0.0
간결하다,0.0
가모,0.0
힘껏,0.0
힘내쟈,0.0
힘쓰다,0.0
가군,0.0
빳빳,0.0
빵가루,0.0
흩다,0.0
빛나다,0.0
힘줄,0.0
힛양,0.0
흥국생명,0.0
흥덕구,0.0
흥얼거리다,0.0
흥정,0.0
휴대폰결제,0.0
휴먼시아,0.0
흩어지다,0.0
가제,0.0
가압류,0.0
가액,0.0
훗훗훗,0.0
훠훠,0.0
훨씩,0.0
훼손,0.0
휘두르다,0.0
흥청망청,0.0
가구라,0.0
흰자,0.0
히로,0.0
가공,0.0
가계,0.0
히트텍,0.0
히피,0.0
흑백사진,0.0
휘수,0.0
빠이티잉,0.0
빵꾸,0.0
흡족하다,0.0
흥국,0.0
가랑비,0.0
가랑이,0.0
가로수,0.0
가르다,0.0
가연,0.0
가리봉동,0.0
흑역사,0.0
흑우,0.0
흑인,0.0
가소롭다,0.0
가속,0.0
흠뻑,0.0
흠집,0.0
가르침,0.0
가열,0.0
가온,0.0
가운,0.0
가웃,0.0
흩날리다,0.0
빵류,0.0
빵안,0.0
빼곡,0.0
빠순이,0.0
빼바,0.0
빼주,0.0
힐웬,0.0
신한카드,0.0
가명,0.0
빽빽,0.0
빠삐코,0.0
빠삭,0.0
빠샤,0.0
빼기,0.0
빠듯해,0.0
후속,0.0
후욱후,0.0
가스톤루,0.0
가습기,0.0
가시대,0.0
가신,0.0
가십,0.0
훕훕,0.0
후지필름,0.0
후집,0.0
후쳄단들,0.0
후리,0.0
후반,0.0
후반기,0.0
후벼파다,0.0
가정은,0.0
후일담,0.0
뽜이팅,0.0
뽝뽝,0.0
가창,0.0
빠띠,0.0
빠띵,0.0
빠르기,0.0
뿌듯중간,0.0
빗살,0.0
빠듯할,0.0
빙그레,0.0
빙박스,0.0
빡센날,0.0
빡셈,0.0
빡시다,0.0
빤짝,0.0
빠듯,0.0
빠듯하,0.0
빗장,0.0
가분,0.0
휴면,0.0
휴암,0.0
가져다주다,0.0
가족법,0.0
가족사진,0.0
가족영화,0.0
가즈,0.0
후추뽈살,0.0
훈곰,0.0
흉터,0.0
휘핑크림,0.0
가스렌지,0.0
훈곰님,0.0
훈련소,0.0
훈씌,0.0
훑다,0.0
훅훅,0.0
후퇴,0.0
후행,0.0
후훗,0.0
후훗수입,0.0
가을로,0.0
가의,0.0
후루룹어우,0.0
가이거,0.0
가벼워지다,0.0
가이드라인,0.0
가입자,0.0
가전,0.0
가점,0.0
가정교육,0.0
가무,0.0
가물,0.0
가물다,0.0
가뭄,0.0
가이드,0.0
비장,0.0
비정,0.0
비정규직,0.0
비조,0.0
사담,0.0
혜란,0.0
혜연,0.0
비즈,0.0
환술,0.0
비처럼,0.0
비추다,0.0
비축,0.0
비율,0.0
비일,0.0
비임,0.0
빅쇼,0.0
빅토리아,0.0
비책,0.0
개발자,0.0
개방,0.0
협정,0.0
협조,0.0
협회,0.0
개빠,0.0
개새끼,0.0
개선,0.0
비자,0.0
개성시대,0.0
혜원,0.0
혜자,0.0
형벌,0.0
형사,0.0
형상,0.0
형이상학적,0.0
강화하다,0.0
개성,0.0
호동,0.0
호또,0.0
강행,0.0
강현,0.0
강현이,0.0
호른,0.0
호맥,0.0
호박죽,0.0
빅트리,0.0
호세,0.0
같아뿌듯따봉맘,0.0
같잖다,0.0
갚다,0.0
개갓,0.0
강조,0.0
강좌,0.0
강찬,0.0
호사,0.0
빅파,0.0
빌드,0.0
빌드업,0.0
빌리버,0.0
비중,0.0
혼내다,0.0
혼돈,0.0
혼동,0.0
호닥닥,0.0
혼비,0.0
호크,0.0
호홋,0.0
호화롭다,0.0
강적,0.0
강정,0.0
호기,0.0
호기롭,0.0
호기심,0.0
혼미하다,0.0
개중,0.0
형님,0.0
형답,0.0
개업,0.0
개연,0.0
개운,0.0
개월용,0.0
개월차,0.0
개명,0.0
혁명,0.0
현관,0.0
개인기업,0.0
개인정보,0.0
개인주의,0.0
개인화,0.0
개일,0.0
형광,0.0
개월치,0.0
헤프닝,0.0
현행범,0.0
현혹,0.0
헬로,0.0
헬로키티,0.0
헬리코박터균,0.0
헬스같,0.0
헬스폼,0.0
개정,0.0
헬창,0.0
헬프,0.0
개통,0.0
개편,0.0
헷그치,0.0
헷지,0.0
헹굼,0.0
헹궈,0.0
헬요일,0.0
뿜어,0.0
뿡뿡,0.0
쁘이,0.0
삐끗,0.0
개별,0.0
호가,0.0
호건,0.0
개기월식,0.0
현동,0.0
개똥,0.0
개략,0.0
개량,0.0
협소,0.0
협약,0.0
협업,0.0
협업툴,0.0
협의,0.0
개나리,0.0
현명,0.0
현명하다,0.0
현물,0.0
개항,0.0
개행,0.0
갠취,0.0
갤러리아,0.0
현정,0.0
뿜뿜했음,0.0
현찰,0.0
현철,0.0
현충원,0.0
현금영수증,0.0
현금화,0.0
현기증,0.0
형제자매,0.0
형질,0.0
뿔뿔이,0.0
현지,0.0
사골곰탕,0.0
사교,0.0
사궈,0.0
갈증,0.0
화학원소,0.0
화해,0.0
화훼단,0.0
확고하다,0.0
강탈,0.0
갈매,0.0
화장지,0.0
화상회의,0.0
화과자,0.0
화금,0.0
화단,0.0
화도,0.0
갈무리,0.0
갈런,0.0
홍초,0.0
감치,0.0
감태,0.0
감행,0.0
감회,0.0
사기꾼,0.0
삐뚤다,0.0
삐빅,0.0
사고팔다,0.0
삥뽕,0.0
사가정,0.0
사각,0.0
사거리,0.0
뿌셨,0.0
뿌셨다멍스,0.0
사고방식,0.0
사고사,0.0
삐죽다,0.0
뽠쑤,0.0
뿌닌데하,0.0
뿌듯달,0.0
빕스,0.0
빗물,0.0
활기,0.0
활기차다,0.0
환경보호,0.0
갈비뼈,0.0
환급,0.0
환급금,0.0
환대,0.0
환락,0.0
화음,0.0
화의,0.0
화이트데이,0.0
환상,0.0
환국,0.0
갈비탕,0.0
감별,0.0
감상문,0.0
감소,0.0
화물,0.0
화법,0.0
화보,0.0
화비,0.0
확언,0.0
감옥,0.0
감월,0.0
감자칩,0.0
화성,0.0
화성행궁,0.0
화수,0.0
감량,0.0
환매,0.0
환산,0.0
화살,0.0
개개인,0.0
개구,0.0
호수비,0.0
호시,0.0
호신용품,0.0
호야,0.0
호흡,0.0
혹사,0.0
뿐또리,0.0
호옥시,0.0
호우,0.0
호의,0.0
호일,0.0
호재,0.0
뿌얘져,0.0
뿌엥,0.0
뿌제,0.0
혹여,0.0
홈시네마,0.0
강력하다,0.0
강림,0.0
강박증,0.0
강서,0.0
강수,0.0
홀더,0.0
홀리,0.0
호점,0.0
강습,0.0
강압,0.0
강요,0.0
강원도,0.0
강위,0.0
홀리쒯,0.0
홈쇼핑,0.0
호전,0.0
호언,0.0
강독,0.0
강동호,0.0
강력,0.0
혼인,0.0
혼인신고,0.0
혼쭐내,0.0
혼코노,0.0
홈웨어,0.0
뿌듯첫,0.0
홈택스쪽,0.0
홍게,0.0
홍두깨,0.0
홍수,0.0
홍어,0.0
감싸다,0.0
사계,0.0
뿐더러,0.0
홈택스,0.0
뿌듯햇따,0.0
뿌듯허,0.0
뿌링,0.0
뿌링클,0.0
갑강,0.0
갑작스레,0.0
값등,0.0
값로,0.0
강남역,0.0
뿌슈구용,0.0
뿌얘,0.0
혼하,0.0
혼합,0.0
값전,0.0
갓생러,0.0
강강,0.0
강국,0.0
강길만,0.0
홍채,0.0
삽질,0.0
상위,0.0
티격티격,0.0
티글,0.0
구수,0.0
구술,0.0
구애,0.0
파란빛,0.0
하얀색,0.0
티레스,0.0
티를,0.0
티머니,0.0
티몬,0.0
구찮다,0.0
구채,0.0
구체화,0.0
틴티드,0.0
티레,0.0
상원,0.0
상속세,0.0
상속인,0.0
특템,0.0
상응,0.0
상장,0.0
상장폐지,0.0
상점,0.0
삽시간,0.0
상종,0.0
상암동,0.0
상업,0.0
불해,0.0
불행,0.0
불행중,0.0
불현듯,0.0
불확실,0.0
상정,0.0
파바바,0.0
파상풍,0.0
파고들다,0.0
파괴,0.0
구녕,0.0
구대,0.0
구독료,0.0
구동,0.0
티브이,0.0
구렁텅이,0.0
파노라마,0.0
구리시,0.0
구릿빛,0.0
구명조끼,0.0
팁외,0.0
파가,0.0
파견,0.0
구두,0.0
티스토리,0.0
티암,0.0
티엠,0.0
티케팅,0.0
티켁팅,0.0
티디,0.0
특전,0.0
특전사,0.0
구기동,0.0
티타임,0.0
티톡,0.0
티회,0.0
틱틱,0.0
틴데,0.0
구경만,0.0
구글링,0.0
구글맵,0.0
구글플레이,0.0
티타늄,0.0
트레이딩,0.0
트레커,0.0
트렌디,0.0
트롤,0.0
트친분,0.0
특가,0.0
특공,0.0
특근,0.0
상용,0.0
트르,0.0
트리플,0.0
트림,0.0
구유,0.0
구자욱,0.0
구재,0.0
특정,0.0
특정하다,0.0
트루,0.0
국세청,0.0
특별,0.0
특별법,0.0
국민연금,0.0
국민임대,0.0
국민임대주택,0.0
트래킹할,0.0
트랙,0.0
트레이,0.0
트랜스미션,0.0
트러,0.0
트러이,0.0
국부론,0.0
국세,0.0
트링켓,0.0
트웨인,0.0
트위터리안,0.0
트랜스,0.0
국방부,0.0
국방일보,0.0
국가부도,0.0
국가장학금,0.0
국내,0.0
국내외,0.0
국립공원,0.0
특특특,0.0
상거래,0.0
특효임,0.0
틈층,0.0
특식,0.0
특약,0.0
특용,0.0
상업등기,0.0
상업지구,0.0
상온,0.0
특허,0.0
상견,0.0
상공,0.0
구주,0.0
구지,0.0
구지가,0.0
구차하다,0.0
구찮,0.0
구우,0.0
국민카드,0.0
구원,0.0
국립대,0.0
특급,0.0
특기,0.0
특등,0.0
특례,0.0
구해,0.0
구제,0.0
구조도,0.0
구울,0.0
상냥하다,0.0
삼원,0.0
삼위일체,0.0
삼자,0.0
상당,0.0
상대방,0.0
상대성이론,0.0
상도동,0.0
파고,0.0
패파,0.0
팩스,0.0
팩트,0.0
패널,0.0
패러,0.0
패러다임,0.0
패루,0.0
패배,0.0
상록수,0.0
판교로,0.0
교과서,0.0
교관,0.0
교대,0.0
상단,0.0
상담사,0.0
삿포로,0.0
샀숩니,0.0
상남동,0.0
교워,0.0
교육과정,0.0
교육비,0.0
상류층,0.0
상무,0.0
상권,0.0
상급,0.0
상급자,0.0
판매량,0.0
괴리감,0.0
괴리때문,0.0
괴팍,0.0
광합성,0.0
괜스레,0.0
퍼스트,0.0
살인자,0.0
살펴보다,0.0
판치다,0.0
살피다,0.0
삵님,0.0
퍼줬다,0.0
퍼트,0.0
퍼펙트,0.0
퍼포먼스,0.0
광운대,0.0
광저우,0.0
살피,0.0
판타스틱,0.0
팔거냫,0.0
팔고,0.0
팔꿈치,0.0
패스트푸드,0.0
패쓰,0.0
패치,0.0
교감,0.0
팔베개,0.0
팔로잉,0.0
팔목,0.0
팔방,0.0
판월,0.0
판정,0.0
교대근무,0.0
교대역,0.0
교동,0.0
교류,0.0
팔로,0.0
파티션,0.0
파전,0.0
파충류,0.0
파친코,0.0
파카,0.0
파면,0.0
파묻다,0.0
파묻히다,0.0
판결,0.0
파탄,0.0
파투,0.0
파트너,0.0
파생,0.0
파생상품,0.0
파샷츠,0.0
구갈로,0.0
구강,0.0
파밍,0.0
파랑새,0.0
구모,0.0
구박,0.0
구비,0.0
구성원,0.0
파급,0.0
파꽃,0.0
파커,0.0
파티세리,0.0
파타고니아,0.0
파운데이션,0.0
파운드,0.0
파워포인트,0.0
파이낸스데,0.0
파이브가이즈,0.0
파트장,0.0
파트타임,0.0
파크,0.0
굠듕,0.0
굡다,0.0
판매업,0.0
판명,0.0
판문동,0.0
교정지,0.0
파이어,0.0
파이프라인,0.0
파랑색,0.0
구류,0.0
파스퇴르,0.0
파슬리,0.0
파시,0.0
파업,0.0
교육사,0.0
교육인,0.0
팍팍하다,0.0
구로,0.0
파래,0.0
파먹다,0.0
삼청동,0.0
삼촌,0.0
불앞,0.0
불어,0.0
불완전,0.0
삼선,0.0
교훈,0.0
교직,0.0
교직원,0.0
교직이수,0.0
교통,0.0
교통사고,0.0
판도라,0.0
판례,0.0
삼천,0.0
교황,0.0
삼십,0.0
템를,0.0
텄다페이,0.0
텄었었는데,0.0
테두리,0.0
테러,0.0
테러리스트,0.0
턱쪽,0.0
턱턱,0.0
불안정하다,0.0
귀결,0.0
귀띔,0.0
귀로,0.0
귀리,0.0
귀마개,0.0
텁텁쓰왜안달,0.0
텁텁함,0.0
토지,0.0
테리,0.0
턱살,0.0
규율,0.0
규제,0.0
주입,0.0
토글,0.0
토끼띠,0.0
테크놀로지,0.0
테흐,0.0
텔레비전,0.0
텍사스주,0.0
텍스트,0.0
털실,0.0
텀러이거,0.0
텀플러,0.0
텁텁,0.0
텐동,0.0
텔러,0.0
텍사스,0.0
토탈,0.0
토피,0.0
텐데원,0.0
텐데지금,0.0
귓볼,0.0
귓속말,0.0
테리어,0.0
테이크,0.0
토치,0.0
테크노마트,0.0
분홍색,0.0
토마호크,0.0
토뱅,0.0
토뵤,0.0
토스터,0.0
토나오다,0.0
토닝,0.0
테크노,0.0
토큰,0.0
토로,0.0
토르,0.0
불로소득,0.0
불륜,0.0
톡방,0.0
톤루,0.0
톨리,0.0
귀퉁이,0.0
토욜날,0.0
토우,0.0
토익시험,0.0
토일,0.0
귀욤뽀짝,0.0
귀족,0.0
귀중,0.0
귀지,0.0
귀차니즘,0.0
토욜,0.0
그룬트,0.0
그룹,0.0
그르구,0.0
그르면,0.0
분조,0.0
분직,0.0
색색이,0.0
분배,0.0
터트린,0.0
분산,0.0
새옹지마,0.0
새우깡,0.0
상향,0.0
상화,0.0
새기다,0.0
분실,0.0
분야,0.0
분비,0.0
태피스트리,0.0
택일,0.0
탄화수소,0.0
탈바꿈,0.0
탈수,0.0
탈의,0.0
극대,0.0
극명하다,0.0
그로,0.0
탐사,0.0
탐색,0.0
탐스,0.0
탐욕,0.0
탑건,0.0
탕원,0.0
탕웨이,0.0
태고,0.0
극심하다,0.0
택할,0.0
택했다보,0.0
택했더,0.0
탠데,0.0
탤이,0.0
규호,0.0
균등,0.0
균일,0.0
분원,0.0
탱탱하다,0.0
터닝,0.0
터반,0.0
터전,0.0
그나,0.0
그날그날,0.0
그냔,0.0
그니,0.0
그걱,0.0
분임,0.0
그르세,0.0
그르챠,0.0
불가결하다,0.0
불가하다,0.0
불공평,0.0
상통,0.0
상폐,0.0
규범,0.0
탰었,0.0
탱크,0.0
귀산,0.0
귀성,0.0
귀속,0.0
귀신의집,0.0
귀염뽀짝,0.0
규림,0.0
규민,0.0
탭하,0.0
상암,0.0
상병,0.0
트래킹,0.0
국토교통부,0.0
국한,0.0
국화축제,0.0
국회의원,0.0
군데군데,0.0
토대,0.0
군밤,0.0
굽히다,0.0
굿스,0.0
퇴직,0.0
퇴직금,0.0
군번,0.0
군필,0.0
트능,0.0
군도,0.0
통통하다,0.0
통판,0.0
통속,0.0
통신,0.0
통신사,0.0
굴소스,0.0
통행료,0.0
통화,0.0
상신,0.0
퇴고,0.0
굴뚝,0.0
통찰,0.0
통채,0.0
국숫집,0.0
상쇄되,0.0
상습,0.0
상승세,0.0
톺다,0.0
불로,0.0
국외,0.0
국위,0.0
국적,0.0
국채보상로,0.0
상차림,0.0
상체,0.0
불미,0.0
트라,0.0
불법행위,0.0
불변,0.0
불상,0.0
상봉,0.0
상부,0.0
상속,0.0
불안,0.0
불안감,0.0
불법,0.0
투더문,0.0
투덜거리다,0.0
투도어,0.0
투럭,0.0
투럭숏컷,0.0
투룸,0.0
굶주리다,0.0
굽이,0.0
불렛저널,0.0
투폰,0.0
툭툭,0.0
툴툴,0.0
튀랑,0.0
트윅스,0.0
트윈룩,0.0
트친,0.0
불시,0.0
불씨,0.0
국취제,0.0
상주,0.0
상중하,0.0
상증법,0.0
상증통,0.0
불땅,0.0
불러일으키다,0.0
통념,0.0
통렬,0.0
통통이,0.0
굴리,0.0
굴릴,0.0
굴림나,0.0
굴복,0.0
굴비,0.0
굿잡,0.0
굿즈,0.0
굿즌데,0.0
통로,0.0
불광동,0.0
불광역,0.0
불광천,0.0
불규칙,0.0
불규칙하다,0.0
불균형,0.0
불기,0.0
새뀌,0.0
불면증,0.0
불렛,0.0
불꽃,0.0
불나방,0.0
새뜻,0.0
새로고침,0.0
새로이,0.0
불과하다,0.0
불만족,0.0
불럿저널,0.0
귀감,0.0
투린,0.0
투맥,0.0
투명,0.0
투비,0.0
투싼,0.0
투썸플레이스,0.0
퇴화,0.0
굿짹,0.0
통역,0.0
통지,0.0
투여,0.0
투자자,0.0
투잡,0.0
투쟁,0.0
투정,0.0
투리,0.0
투더,0.0
궁상맞다,0.0
톨샷,0.0
통감,0.0
통근,0.0
통상,0.0
권고,0.0
권나,0.0
권리,0.0
궤짝,0.0
권장,0.0
권팀,0.0
굿윌,0.0
토또학로,0.0
토란,0.0
권하다,0.0
권해,0.0
권화,0.0
궤도,0.0
권위,0.0
곱빼기,0.0
곱슬끼,0.0
프레드,0.0
프레임워크,0.0
프렌차이즈,0.0
프로그래머,0.0
곰마옹,0.0
브로커,0.0
광진구,0.0
산쪼메,0.0
프루프,0.0
프리미엄,0.0
프리스타일,0.0
프리저,0.0
프로젝터,0.0
브릭스,0.0
브레이,0.0
산정,0.0
사표,0.0
플래그,0.0
플래툰,0.0
플랫폼,0.0
플랭크,0.0
플러그,0.0
플럭스,0.0
플레르,0.0
곰팡이,0.0
풍파,0.0
퓨저,0.0
프라이드,0.0
프라이머,0.0
프라이팬,0.0
프랜차이즈,0.0
프랜치,0.0
프랭클린,0.0
프린터,0.0
플레이어,0.0
플로우,0.0
플루,0.0
플린트,0.0
고품격,0.0
고하,0.0
고충,0.0
고합,0.0
브레이브,0.0
고해성사,0.0
고행,0.0
고현재,0.0
고호,0.0
플레이보이,0.0
플레이스토어,0.0
피글렛,0.0
피드,0.0
고항,0.0
브레이커,0.0
브레인,0.0
브레인스토밍,0.0
브로,0.0
사치스럽다,0.0
브롯,0.0
브롱스,0.0
브루어,0.0
사촌동생,0.0
브룩클린,0.0
브릅,0.0
사학,0.0
사회인,0.0
비단,0.0
비대,0.0
비덩,0.0
사천,0.0
사체,0.0
브루잉,0.0
풀밭,0.0
풀약,0.0
풀어지다,0.0
풀옵,0.0
풀재택,0.0
풀타임,0.0
품목,0.0
푸행헹,0.0
사파이어,0.0
표준,0.0
품바,0.0
품앗이,0.0
품위,0.0
품일,0.0
풋살,0.0
풍기,0.0
공격,0.0
표시,0.0
산승,0.0
산업부,0.0
푸른색,0.0
푸시,0.0
푸주,0.0
푸켓,0.0
공립,0.0
공매도,0.0
푸른빛,0.0
공문,0.0
푹쉬다,0.0
푼돈,0.0
풀겸,0.0
풀기,0.0
풀드,0.0
풀띠,0.0
푸드파이터,0.0
공모,0.0
공급,0.0
공기놀이,0.0
공기밥,0.0
공백,0.0
공법,0.0
공병,0.0
풍채,0.0
공단,0.0
공격성,0.0
공덕,0.0
공덕역,0.0
프린터기,0.0
프린트,0.0
프티,0.0
플라시보,0.0
프루,0.0
프루티,0.0
공대생,0.0
프로모션,0.0
프로세스,0.0
프로슈토,0.0
곰손,0.0
곰인형,0.0
곰탕,0.0
공기업,0.0
공기청정기,0.0
공교롭,0.0
풍악,0.0
풍요롭,0.0
풍족하다,0.0
풍차,0.0
곳임,0.0
공동체,0.0
공략,0.0
공률,0.0
공과금,0.0
풍기다,0.0
고잉홈휴나,0.0
고물,0.0
고물상,0.0
고민준,0.0
고발,0.0
고배,0.0
고봉,0.0
고비,0.0
곡곡,0.0
피용자,0.0
피임,0.0
피자치즈,0.0
피카,0.0
고사하고,0.0
고성,0.0
고속도로,0.0
필자,0.0
고삐,0.0
사진전,0.0
비사,0.0
비성,0.0
비소,0.0
고자,0.0
피해자,0.0
픽션,0.0
픽스,0.0
필연,0.0
핀트,0.0
고령자,0.0
필기구,0.0
필기체,0.0
필독,0.0
필라프,0.0
필러,0.0
필리핀,0.0
핀인,0.0
필품,0.0
핏줄,0.0
핑거푸드,0.0
고령화,0.0
고르곤졸라,0.0
고릴라,0.0
고립,0.0
고마움,0.0
필테뿌시,0.0
하고퀀텀,0.0
하고프다,0.0
고도,0.0
하윤,0.0
고교,0.0
고구마줄기,0.0
고굼,0.0
고글,0.0
고만하다,0.0
하락,0.0
하란,0.0
하람,0.0
하룻밤,0.0
하리,0.0
하마,0.0
핑구,0.0
핑꿀,0.0
필트,0.0
하고많다,0.0
고슴도치,0.0
고시원,0.0
고액,0.0
필요시,0.0
고디바,0.0
고라니,0.0
고랑,0.0
고래고래,0.0
핑프,0.0
고요하다,0.0
고욤,0.0
피큐레잇,0.0
피로하다,0.0
피복,0.0
피부염,0.0
피셜,0.0
고용노동부,0.0
사쥼,0.0
고원,0.0
고월,0.0
고추가,0.0
고적,0.0
고정관념,0.0
고정문,0.0
고증,0.0
고지,0.0
고운동,0.0
곡임,0.0
곤혹,0.0
곧다,0.0
곧잘,0.0
고학년,0.0
프로파일,0.0
프로폴리스,0.0
프로필,0.0
고오,0.0
프론트단,0.0
프롤로그,0.0
곧장,0.0
골인,0.0
고위,0.0
고유,0.0
고음,0.0
고의,0.0
프론트,0.0
사회학,0.0
사후,0.0
사후관리,0.0
삭도,0.0
삭았,0.0
삭히다,0.0
사이클,0.0
사익,0.0
피땀,0.0
산돈,0.0
산뜻하다,0.0
산림,0.0
산림조합,0.0
산만,0.0
사제,0.0
사조,0.0
사조사,0.0
사임,0.0
피떡,0.0
고취,0.0
고카,0.0
고타,0.0
고통스럽다,0.0
고지서,0.0
고지원,0.0
고질,0.0
산미,0.0
사치하다,0.0
사투리,0.0
피터,0.0
피터지다,0.0
피티샘,0.0
피플,0.0
피어싱,0.0
피요,0.0
산만하다,0.0
고체,0.0
페이도,0.0
페이스,0.0
관세음보살,0.0
평거동,0.0
페이스타임,0.0
페이스트리,0.0
페지,0.0
페트병,0.0
산보,0.0
페퍼로니,0.0
광기,0.0
편성,0.0
페페,0.0
펜디,0.0
펜타포트,0.0
펫페어,0.0
펭귄,0.0
페퍼,0.0
관통,0.0
관해,0.0
괄호,0.0
광고대행사,0.0
광고주,0.0
페리페라,0.0
평단,0.0
평등하다,0.0
페스티벌,0.0
관력,0.0
관리사,0.0
관리소,0.0
관문,0.0
관상,0.0
광년,0.0
광로,0.0
광복절,0.0
평론가,0.0
편안,0.0
편안함,0.0
편월,0.0
편의,0.0
편일,0.0
편임,0.0
관세,0.0
편털,0.0
펭도리,0.0
관객,0.0
관건,0.0
관계도,0.0
관계자,0.0
관광,0.0
폐기,0.0
폐지,0.0
평방,0.0
편평,0.0
편견,0.0
과세,0.0
과실,0.0
과업,0.0
과원,0.0
과인,0.0
평캐,0.0
평탄하다,0.0
편승,0.0
편차,0.0
과잉,0.0
과장하다,0.0
과점,0.0
과중,0.0
과천외고,0.0
과체중,0.0
과카,0.0
관광지,0.0
살꼬,0.0
광안대교,0.0
광어,0.0
광역,0.0
팬심,0.0
퍼더군,0.0
퍼렇다,0.0
퍼붓다,0.0
불타,0.0
페달,0.0
불토,0.0
불투명,0.0
불투명하다,0.0
삼정,0.0
삼창,0.0
퍼어얼,0.0
불티,0.0
불편,0.0
불타다,0.0
광풍,0.0
교생,0.0
교생실습,0.0
교서,0.0
팔탄면,0.0
팔팔,0.0
팔팔하다,0.0
괜츈,0.0
퍼얼,0.0
패배하다,0.0
팜플렛,0.0
팝업창,0.0
팟빵,0.0
팟캐스트,0.0
팟타이,0.0
팥빙수,0.0
교부,0.0
괴리,0.0
편법,0.0
편사,0.0
페디,0.0
페때,0.0
페루,0.0
페리,0.0
퍼프,0.0
퍽살,0.0
불평,0.0
펀드,0.0
페스추리,0.0
관음,0.0
관장,0.0
관조,0.0
관중,0.0
펌프,0.0
펌핑,0.0
퍽퍽,0.0
불하,0.0
불합리,0.0
불입,0.0
불친절하다,0.0
불쾌감,0.0
뷰포,0.0
브드,0.0
브라,0.0
편리하다,0.0
살뻔,0.0
살사소스,0.0
살살하다,0.0
살색,0.0
펀딩,0.0
펀샵,0.0
펄감,0.0
편대,0.0
편리,0.0
브라보콘,0.0
공일,0.0
공적,0.0
표창,0.0
브라우저,0.0
폭락,0.0
공정,0.0
공정하다,0.0
공제,0.0
평상시,0.0
공중,0.0
공중정원,0.0
푸드코트,0.0
폭신,0.0
폭언,0.0
포포,0.0
포폴,0.0
포항,0.0
공존,0.0
곸시,0.0
포털,0.0
포토샵,0.0
공터,0.0
공통,0.0
공통점,0.0
공평하다,0.0
과메기,0.0
공익,0.0
과부,0.0
공학,0.0
공해,0.0
공행,0.0
공헌,0.0
공황,0.0
공업,0.0
공연장,0.0
과민성,0.0
살림살이,0.0
살빼다,0.0
불확실하다,0.0
불황,0.0
불효자,0.0
붐업,0.0
산점,0.0
붓기,0.0
폭격,0.0
붕여되,0.0
붙들다,0.0
붙임성,0.0
뷰업,0.0
브라운,0.0
브랙,0.0
브랜딩,0.0
브러쉬,0.0
붕세권,0.0
폭도,0.0
폭등,0.0
폭폭,0.0
폭행,0.0
폰드,0.0
폰비,0.0
폭망,0.0
폭삭,0.0
뷰티,0.0
폭식증,0.0
푸념,0.0
푸대접,0.0
공약,0.0
퐁당,0.0
푀유,0.0
표기,0.0
표독,0.0
표본,0.0
폭소,0.0
살라,0.0
살롱,0.0
살림,0.0
산행,0.0
산후,0.0
삼룡,0.0
삼만리,0.0
곽어색갸,0.0
공후,0.0
포교,0.0
포근하다,0.0
포도당,0.0
과감,0.0
과금,0.0
과대,0.0
포도주,0.0
포만,0.0
포괄,0.0
평생교육사,0.0
평신도,0.0
평양,0.0
삼각지,0.0
삼각지역,0.0
삼계,0.0
삼김,0.0
살어랏,0.0
살다보면,0.0
평판,0.0
삼만원,0.0
삼만팔천이,0.0
삼박자,0.0
삼봉로,0.0
삼삼하다,0.0
삼색,0.0
삼각근,0.0
평택시,0.0
포커스,0.0
폴더,0.0
폴라로이드,0.0
폴란드,0.0
폴리,0.0
폴스,0.0
폴킴,0.0
폭우,0.0
포밍뿌,0.0
공포,0.0
포케하,0.0
포켓몬빵,0.0
포크,0.0
포키,0.0
포탈,0.0
폰트,0.0
폴댄스,0.0
폭음,0.0
포바강,0.0
포부,0.0
포비,0.0
과태료,0.0
과테말라,0.0
포커싱,0.0
포스코,0.0
포스트,0.0
포커,0.0
포식,0.0
포에버,0.0
포옹,0.0
포지션,0.0
평잔,0.0
포천,0.0
포춘,0.0
포츠,0.0
포카리,0.0
포승,0.0
영사,0.0
영상통화,0.0
영상편집,0.0
영생,0.0
영석이,0.0
엽서,0.0
엿보다,0.0
였넹,0.0
종각,0.0
영약,0.0
매스컴,0.0
매운탕,0.0
매일반,0.0
영리하다,0.0
영문,0.0
영원,0.0
영위,0.0
매칭,0.0
맹글었어,0.0
맹맹하다,0.0
맹목,0.0
옆팀,0.0
영정사진,0.0
영종도,0.0
영진,0.0
영통,0.0
옆태,0.0
영향력,0.0
영화인,0.0
영등포역,0.0
영롱,0.0
옅다,0.0
옆구리,0.0
옆면,0.0
옆집,0.0
영풍문고,0.0
슬으슬,0.0
영양소,0.0
영양학,0.0
스펀지밥,0.0
스포,0.0
스폭,0.0
스풀,0.0
스팀,0.0
매크로,0.0
맞닿다,0.0
맞대다,0.0
맞먹다,0.0
맞벌이,0.0
맞서다,0.0
맞장구,0.0
예정작,0.0
망언,0.0
스팅,0.0
매트리스,0.0
매틱,0.0
매표소,0.0
매화,0.0
영양사,0.0
배팅,0.0
배포,0.0
배회,0.0
슬립오버,0.0
백년,0.0
배제,0.0
배지,0.0
스파이스,0.0
스파클링,0.0
백도어,0.0
슬림,0.0
슬립,0.0
백끄읏,0.0
먹쟈,0.0
연전,0.0
연중,0.0
연진,0.0
배당금,0.0
배럴,0.0
배롱나무,0.0
습득,0.0
맴돈다,0.0
연하,0.0
연하다,0.0
연한,0.0
배분,0.0
배송비,0.0
배식,0.0
배앓이,0.0
배김,0.0
습디,0.0
연발,0.0
연배,0.0
머리칼,0.0
머릿,0.0
머릿속,0.0
머무르다,0.0
연상연하,0.0
연수,0.0
먹잇감,0.0
연습장,0.0
멍스,0.0
연마,0.0
연말정산,0.0
연명,0.0
연합,0.0
연합인포맥스,0.0
연회,0.0
연습생,0.0
염두,0.0
염증,0.0
머슬,0.0
열량,0.0
열린음악회,0.0
엽기,0.0
맥시,0.0
맥시멀,0.0
배내,0.0
맥윙,0.0
맥주잔,0.0
맥쥬,0.0
열중,0.0
연초,0.0
맥진,0.0
맨밥,0.0
맴도,0.0
맥아,0.0
배너,0.0
배당,0.0
슬로,0.0
슬로우,0.0
슬리,0.0
배웅,0.0
배율,0.0
배밥,0.0
염도,0.0
배부,0.0
열반,0.0
열쇠,0.0
열씨,0.0
매정,0.0
매체,0.0
매치다,0.0
열풍,0.0
배변,0.0
맙습,0.0
맙시,0.0
오색,0.0
오들오들,0.0
오디,0.0
오디오북,0.0
오따꾸,0.0
오또케올,0.0
예금자보호법,0.0
맛술,0.0
맛임,0.0
오만,0.0
오만하다,0.0
오락,0.0
오란고교,0.0
오랑우탄,0.0
오랸,0.0
맛살,0.0
스트리머,0.0
백배,0.0
백병원,0.0
스픽,0.0
슨상님,0.0
옌마드,0.0
옌마드님,0.0
백신,0.0
맘큐,0.0
백오피스,0.0
백월,0.0
백이,0.0
스트라이프,0.0
맛있긔,0.0
맛캔털,0.0
맛탱,0.0
맘씨,0.0
백오이,0.0
만터우,0.0
만포,0.0
만화책,0.0
만회,0.0
많넹그치,0.0
말걸,0.0
말복,0.0
말수,0.0
오류동,0.0
말일,0.0
오묘하다,0.0
오백만,0.0
오백이십만,0.0
오봉,0.0
오설록,0.0
말캉하다,0.0
말풍선,0.0
말이냠,0.0
망신,0.0
오곡,0.0
맞쥬,0.0
매가,0.0
예측,0.0
예치,0.0
오르트구름,0.0
오리엔테이션,0.0
오브젝트,0.0
오월,0.0
오이,0.0
오일도,0.0
만주,0.0
만천원,0.0
오심,0.0
오싹하다,0.0
오봉산,0.0
오리역,0.0
매버릭,0.0
매사,0.0
예산안,0.0
매뉴얼,0.0
매니,0.0
맛보기,0.0
오공,0.0
오금,0.0
스트렝쓰너,0.0
오노,0.0
오느르,0.0
오도,0.0
예시,0.0
예야쿠,0.0
오두막,0.0
오드,0.0
맛깡,0.0
오금동,0.0
예대율,0.0
예리,0.0
예복,0.0
예뻐잉,0.0
예사,0.0
망쥬엄마,0.0
망치,0.0
매니아,0.0
매미,0.0
매라,0.0
매가리,0.0
매개,0.0
매그,0.0
매너리즘,0.0
예금계약,0.0
영양성분,0.0
매몰,0.0
매도,0.0
스피어,0.0
스팸메일,0.0
스팸처리,0.0
옙쁘,0.0
옛말,0.0
옛스럽다,0.0
오거,0.0
슨생,0.0
맛내,0.0
슬라이드,0.0
스프레드,0.0
스프레드시트,0.0
스프링,0.0
스플,0.0
스피닝,0.0
스트래스,0.0
스트랩,0.0
슨생님이,0.0
맛동산,0.0
맛배,0.0
예정마케터,0.0
예정묭실,0.0
예정자,0.0
예수금,0.0
예술가,0.0
예술인,0.0
스피아,0.0
예스,0.0
망원,0.0
망원렌즈,0.0
망원역,0.0
망은,0.0
망조,0.0
예약금,0.0
예절,0.0
예절샷,0.0
예술제,0.0
명목,0.0
명문,0.0
명반,0.0
멱살,0.0
면담,0.0
면류,0.0
면밀하다,0.0
에펀딩,0.0
머그컵,0.0
에피소드,0.0
엑스틴,0.0
명도,0.0
명료하다,0.0
명륜,0.0
명명,0.0
엔지니어,0.0
엔진,0.0
에프,0.0
에뛰드,0.0
에러,0.0
에르,0.0
면책,0.0
면포,0.0
면허증,0.0
면화,0.0
면회,0.0
에인졀,0.0
에비앙,0.0
멸망하다,0.0
명감,0.0
명곡,0.0
명과,0.0
명대사,0.0
명덕,0.0
에이전트,0.0
에부리띵,0.0
여신,0.0
여야,0.0
여왕,0.0
엠제트,0.0
엠지임,0.0
엥겔계수,0.0
여개,0.0
메박,0.0
엔터테인먼트,0.0
메신저,0.0
멜팅컷티차,0.0
멤버십,0.0
여건,0.0
여겨지다,0.0
여고생,0.0
여누,0.0
여느,0.0
메쉬,0.0
엔트리,0.0
명복,0.0
에일,0.0
에전,0.0
에투,0.0
엠넷,0.0
엠마,0.0
엠브레인,0.0
여섯시,0.0
엔나,0.0
엔데믹,0.0
엔도르핀,0.0
엔돌핀,0.0
메이드,0.0
메이린,0.0
여보,0.0
여분,0.0
엠비셔스,0.0
모래,0.0
명품,0.0
명확하다,0.0
업함,0.0
모래사장,0.0
모래성,0.0
모르거나,0.0
모리,0.0
에딩입니,0.0
모눈종이,0.0
명심,0.0
엊그제,0.0
엎진데,0.0
에고,0.0
에그드랍,0.0
에노,0.0
에두,0.0
엄지손가락,0.0
승화,0.0
시가총액,0.0
시간관리,0.0
시경,0.0
배열,0.0
모공,0.0
모기,0.0
모나미,0.0
모듈,0.0
명예욕,0.0
명인,0.0
명중,0.0
명칭,0.0
모니터링,0.0
모다모다,0.0
모던,0.0
모되,0.0
명예,0.0
승용차요일제,0.0
승원,0.0
승인,0.0
방배동,0.0
방법론,0.0
에르그,0.0
에르메스,0.0
에린,0.0
에듀,0.0
엔화,0.0
엘레베이터,0.0
엘리펀트,0.0
엘프,0.0
에소,0.0
에스티,0.0
에쓰,0.0
에이미,0.0
에버랜드,0.0
시들하다,0.0
시렁,0.0
방망이,0.0
시나리오,0.0
명분,0.0
명색,0.0
명세서,0.0
명시,0.0
승연,0.0
방사,0.0
방서,0.0
시드,0.0
시드니,0.0
시드머니,0.0
시들다,0.0
시들시들하다,0.0
배우자,0.0
승무원,0.0
방비,0.0
메추리,0.0
메타,0.0
멘붕,0.0
여유도,0.0
메리,0.0
메리야스,0.0
메리제인,0.0
메리트,0.0
엠엔티,0.0
연어초밥,0.0
연연하다,0.0
연이율,0.0
연장전,0.0
연빠,0.0
연기,0.0
연기론,0.0
머엿짘,0.0
먹었넴제,0.0
멀티탭,0.0
멈머,0.0
멈일때,0.0
멈칫,0.0
메롱이,0.0
연결고리,0.0
멍텅,0.0
메가박스,0.0
메로나,0.0
역월,0.0
역정,0.0
역행,0.0
연골,0.0
연관,0.0
메꿀,0.0
메뉴판,0.0
메뚝,0.0
메가패스,0.0
먾아,0.0
연기자,0.0
머념,0.0
연필깎이,0.0
배참,0.0
배추,0.0
배출,0.0
배치,0.0
머진,0.0
슬랙,0.0
머뭇거리다,0.0
머스타드,0.0
연희동,0.0
열광하다,0.0
열대야,0.0
열등감,0.0
먀미,0.0
배탈,0.0
머치,0.0
먹거리,0.0
먹는둥,0.0
먹물,0.0
연꽃,0.0
연내,0.0
연달,0.0
연대기,0.0
먼슬리,0.0
연구기관,0.0
연금,0.0
연금복권,0.0
연두,0.0
연등,0.0
연때,0.0
먹통,0.0
먼산,0.0
연도,0.0
역설,0.0
역설계,0.0
여즘,0.0
여쭈다,0.0
여친,0.0
면역,0.0
면연,0.0
면적,0.0
멀어지다,0.0
면질,0.0
여담,0.0
역다,0.0
역량,0.0
메모리,0.0
여드름,0.0
여량,0.0
여럿,0.0
면전,0.0
면보,0.0
면세점,0.0
면소,0.0
멜라토닌,0.0
멜랑꼴리,0.0
멜로,0.0
멜버른,0.0
멜팅컷티,0.0
역서,0.0
여하튼,0.0
역경,0.0
여윽시,0.0
여의도,0.0
습량,0.0
습보,0.0
역모,0.0
역삼동,0.0
여태껏,0.0
방충,0.0
방탄,0.0
방탄소년단,0.0
방탕하다,0.0
방패,0.0
방향성,0.0
습제,0.0
승급,0.0
여로,0.0
슬펏습니,0.0
슬푸,0.0
슴셋,0.0
슴슴,0.0
습격,0.0
역효과,0.0
엮어,0.0
연가,0.0
승낙,0.0
여론,0.0
여름밤,0.0
여름철,0.0
승진도,0.0
승차권,0.0
여의사,0.0
여자애,0.0
여정,0.0
습니,0.0
시계열,0.0
시공간,0.0
시공사,0.0
방저,0.0
방전,0.0
방정식,0.0
방청,0.0
방출,0.0
습기,0.0
여주,0.0
리도,0.0
리드,0.0
리딩,0.0
리라,0.0
우물,0.0
우물쭈물,0.0
용역,0.0
용이하다,0.0
말함,0.0
용적,0.0
리스닝,0.0
리스크,0.0
리언,0.0
리얼리,0.0
용품,0.0
용한,0.0
용해,0.0
용인시,0.0
리서치,0.0
리세,0.0
리셀,0.0
용도구역,0.0
용도지구,0.0
용도지역,0.0
용두사미,0.0
용면,0.0
리더십,0.0
리기수,0.0
리넨,0.0
리다,0.0
리더스,0.0
르귄,0.0
르기,0.0
르신,0.0
리우,0.0
우비,0.0
루테,0.0
우마,0.0
류진,0.0
루트,0.0
루하,0.0
룬트,0.0
룰스,0.0
룸카페,0.0
용호,0.0
륵연초,0.0
른민,0.0
리가토니,0.0
우리네,0.0
우리말,0.0
우리카드,0.0
우릴,0.0
우림,0.0
룽먹,0.0
우근,0.0
리움,0.0
용비,0.0
용수,0.0
우승자,0.0
스데,0.0
스듀,0.0
스따뚜,0.0
루타,0.0
번재,0.0
번지,0.0
루스,0.0
루썌,0.0
루안,0.0
루이,0.0
루제,0.0
루키,0.0
번장,0.0
버터스,0.0
버터크림,0.0
요점,0.0
요즈음,0.0
요즌,0.0
리밸런싱해,0.0
리벨런싱,0.0
리브,0.0
용개,0.0
리빙,0.0
요코,0.0
요플레,0.0
리자,0.0
리제,0.0
요원하다,0.0
요인,0.0
리추얼,0.0
리브로,0.0
버거킹,0.0
스쿼시,0.0
외할머니,0.0
외향,0.0
버너,0.0
버는,0.0
버는거,0.0
버는건,0.0
버킷,0.0
버둥거리,0.0
스크린,0.0
뱅그르르,0.0
스왑,0.0
버지니아,0.0
버츄,0.0
버츄오,0.0
버클,0.0
버는데,0.0
우량,0.0
우르,0.0
용평,0.0
용답,0.0
요호,0.0
요화,0.0
욕설,0.0
욕조,0.0
리카,0.0
욜로,0.0
리러,0.0
리모컨,0.0
리미,0.0
욜시,0.0
욥민,0.0
욥토,0.0
욧머쓱,0.0
욕함,0.0
리캡,0.0
리포트,0.0
리폼,0.0
요지,0.0
요지경,0.0
요천,0.0
마그넷,0.0
리해,0.0
우두커니,0.0
린데,0.0
린스,0.0
린저,0.0
린져스,0.0
리차,0.0
우기,0.0
우대금리,0.0
우동우,0.0
우두머리,0.0
린다,0.0
로그아웃,0.0
로나,0.0
로노,0.0
워킹맘,0.0
워킹홀리데이,0.0
워터파크,0.0
울림,0.0
로동,0.0
우삼겹,0.0
로드맵,0.0
로디,0.0
로리,0.0
로만,0.0
로버,0.0
움년전,0.0
움무,0.0
로프,0.0
로드,0.0
웅덩이,0.0
웅앵,0.0
웅앵웅,0.0
운전면허,0.0
운전자,0.0
운정,0.0
운지,0.0
울곸숨죽,0.0
령액,0.0
우회,0.0
우후,0.0
울금,0.0
울릉도,0.0
로보,0.0
로봇청소기,0.0
로스쿨,0.0
운수,0.0
우호,0.0
버팀목,0.0
버허버,0.0
원영,0.0
원리,0.0
원만,0.0
원망,0.0
원문,0.0
원불렛,0.0
로프트,0.0
원상회복청구권,0.0
워크숍,0.0
워크플로,0.0
워킹,0.0
원소,0.0
원수,0.0
원술,0.0
원아,0.0
원상,0.0
로현지,0.0
록스,0.0
록키,0.0
론데왜,0.0
웁니,0.0
웂기따문에그,0.0
웃어요,0.0
울보,0.0
슐리,0.0
울타리,0.0
울프,0.0
울화통,0.0
원색,0.0
원년,0.0
원님,0.0
슈펜,0.0
슌슝,0.0
울창,0.0
스웨터,0.0
스윕,0.0
스윙,0.0
스윽,0.0
스읍,0.0
스껄스껄,0.0
스껄하,0.0
스냅샷,0.0
웅녀,0.0
스카프,0.0
스캔들,0.0
스캣,0.0
스케,0.0
우윳빛깔,0.0
우정,0.0
로운,0.0
로이,0.0
스카이라이프,0.0
우성,0.0
우세,0.0
우수수,0.0
우수하다,0.0
우숩다,0.0
우스갯소리,0.0
롯키,0.0
스주,0.0
스웨덴,0.0
스벅왔다,0.0
우시군,0.0
우아하다,0.0
우연,0.0
우열,0.0
우산도,0.0
스케일,0.0
스월링,0.0
스벅와,0.0
롱런,0.0
롱패딩입,0.0
롱패팅,0.0
루미,0.0
루밍,0.0
우편물,0.0
우헤헹,0.0
웅장,0.0
로조,0.0
워밍업,0.0
움애,0.0
움직임,0.0
움핫핫,0.0
우후죽순,0.0
우히히,0.0
욱김,0.0
운송,0.0
워리어,0.0
로즈메리,0.0
로직,0.0
로퍼,0.0
우체국택배,0.0
우파,0.0
우편,0.0
류비,0.0
우울증,0.0
롱랙,0.0
우웨엑,0.0
롤렉스,0.0
롤케이크,0.0
롤파,0.0
롯드,0.0
우주,0.0
우즈,0.0
우지,0.0
우체국,0.0
우울함,0.0
만금,0.0
만기일,0.0
만나이,0.0
만년필,0.0
만도,0.0
만두국,0.0
마지노선,0.0
마차,0.0
버거운,0.0
옹비,0.0
와드,0.0
와디,0.0
와삭,0.0
만듭니,0.0
올려놓다,0.0
올리고당,0.0
올리브유,0.0
마차도,0.0
막간,0.0
온누리,0.0
온당,0.0
온닼,0.0
온대,0.0
온라인과,0.0
만장일치,0.0
만전,0.0
오지랖,0.0
온라인쇼핑,0.0
온상,0.0
온종일,0.0
올드보이,0.0
막장,0.0
막판,0.0
옥션,0.0
오졋다,0.0
만점,0.0
완비,0.0
완뽕,0.0
완수,0.0
마케,0.0
마케터,0.0
스퀘어,0.0
스크럽,0.0
완연,0.0
올림픽,0.0
마오리,0.0
마운트,0.0
완료스벅,0.0
완룤,0.0
막대그래프,0.0
막둥이,0.0
막바지,0.0
막방,0.0
완전제곱식,0.0
마일벌스,0.0
마테,0.0
올바르다,0.0
올빼미,0.0
올빼미족,0.0
올인,0.0
올인원,0.0
올챙이,0.0
완벽주의자,0.0
막대,0.0
옳쥬,0.0
옴겨,0.0
옴뇸뇸,0.0
옴니버스,0.0
옴또,0.0
마크로,0.0
마타하리,0.0
올케,0.0
오차,0.0
오케스트라,0.0
만반,0.0
만발,0.0
만세,0.0
만수,0.0
만엔,0.0
만연하다,0.0
마흔,0.0
오아시스,0.0
오예,0.0
오왓,0.0
오성,0.0
오션스,0.0
오스카,0.0
오스틴,0.0
오슬로,0.0
오프,0.0
맑음,0.0
맘마,0.0
오산시,0.0
말미,0.0
스탠,0.0
스탠스,0.0
스탬프,0.0
스터먹무엇,0.0
만물,0.0
스턴,0.0
스크린샷,0.0
스크립트,0.0
오프라인,0.0
오픈마켓,0.0
오픈소스,0.0
만만찮,0.0
만만하다,0.0
스터커,0.0
백일이,0.0
백저,0.0
백전,0.0
백정현,0.0
스크릿샷,0.0
스키,0.0
스킨십,0.0
스킵,0.0
오토캐드,0.0
백질,0.0
백치,0.0
만족감,0.0
만족도,0.0
오필완,0.0
마통,0.0
마패,0.0
마한,0.0
백지연,0.0
오트,0.0
오트밀,0.0
말걸뭐,0.0
말경,0.0
말기,0.0
말나,0.0
말라가,0.0
백종원,0.0
스티브,0.0
백지,0.0
백색소음,0.0
백숙,0.0
오코노미야끼,0.0
오코노미야키,0.0
오토,0.0
백팔십,0.0
스트리트,0.0
스트릿,0.0
백주년,0.0
왕뿌듯,0.0
왕성,0.0
왕소,0.0
왕징,0.0
왜냠,0.0
마땅치,0.0
마라도,0.0
마라샹궈쭈,0.0
막연하다,0.0
왜진,0.0
왜캐,0.0
왠만하다,0.0
외계,0.0
요량,0.0
요런,0.0
마기,0.0
스불재내,0.0
왜적,0.0
린현,0.0
릴러말즈,0.0
립글로스,0.0
링거,0.0
링메,0.0
외외,0.0
외적인,0.0
왜월,0.0
마는,0.0
마소,0.0
마쇼,0.0
마수,0.0
마스,0.0
왕국,0.0
왕리,0.0
마녀,0.0
마눤,0.0
마샸다발레,0.0
외전,0.0
외주,0.0
외침,0.0
외투,0.0
외대,0.0
외도,0.0
외력,0.0
외모,0.0
스샥장기,0.0
링투,0.0
링티,0.0
마개,0.0
마구,0.0
마구로,0.0
마구잡이,0.0
뱅글,0.0
뱅킹,0.0
요뇌,0.0
스승,0.0
스압,0.0
스와치,0.0
요술,0.0
요시,0.0
요안,0.0
요닝,0.0
요다음,0.0
요셉,0.0
요란,0.0
마로,0.0
마로니에,0.0
외과,0.0
외곽,0.0
외국어,0.0
외근,0.0
요말통,0.0
요동치다,0.0
스테비,0.0
스테픈,0.0
스텔라,0.0
스템,0.0
스텝,0.0
스토,0.0
스타트업,0.0
스태프,0.0
마리아,0.0
스토브,0.0
스토퍼,0.0
스톤헨지,0.0
스투,0.0
스튜,0.0
스테,0.0
스크롤,0.0
스크루,0.0
스쿨버스,0.0
옴짝,0.0
옴총,0.0
옴트,0.0
와썹,0.0
와이어,0.0
마일리,0.0
옵티마,0.0
옷가게,0.0
마취제,0.0
옷방,0.0
옷살때,0.0
와이프,0.0
와퍼,0.0
와퍼주니어,0.0
왁싱,0.0
완강,0.0
완납,0.0
옷등,0.0
완투,0.0
완판너무,0.0
마반,0.0
마보이,0.0
마비,0.0
마빡,0.0
완화,0.0
왈렛,0.0
스크류바,0.0
왔슴둥방,0.0
마츠다,0.0
마치니,0.0
마침내,0.0
마침표,0.0
마카로니,0.0
마커펜,0.0
마리네이드,0.0
왓다갔다,0.0
밴디지,0.0
스케줄러,0.0
스케줄링,0.0
스켈링,0.0
스콜,0.0
마음상태,0.0
마음씨,0.0
마음잡다,0.0
완크기,0.0
마이크로소프트,0.0
완전채,0.0
완전체,0.0
마등,0.0
왕가탕후루,0.0
완조,0.0
완죤스,0.0
완주,0.0
완초,0.0
마이너스,0.0
민주당,0.0
민증,0.0
민첩하다,0.0
민박,0.0
민법,0.0
민병철,0.0
민쁨,0.0
미슐랭,0.0
에디,0.0
아이라이너,0.0
신기루,0.0
발란스,0.0
발랄하다,0.0
식혜,0.0
미역,0.0
미열,0.0
미용사,0.0
아유미,0.0
미쯔,0.0
아리수,0.0
아리아리,0.0
아마존,0.0
아멘,0.0
미처,0.0
미카엘,0.0
미코,0.0
민족,0.0
민소매,0.0
민속촌,0.0
민아,0.0
아물다,0.0
아미,0.0
민건,0.0
민들레,0.0
아리만,0.0
미혼,0.0
아베리,0.0
아이맥스,0.0
아이비,0.0
아이스박스,0.0
아이스커피,0.0
아영,0.0
아옵트,0.0
아용이,0.0
아이스크,0.0
받엇읍니,0.0
받치다,0.0
발가벗다,0.0
발각,0.0
발굴,0.0
신문,0.0
신발장,0.0
아이러니,0.0
아우르다,0.0
아이언,0.0
미숙,0.0
미술품,0.0
미쉐린,0.0
아부,0.0
아비,0.0
아비케,0.0
아뿔싸,0.0
민폐,0.0
미스트,0.0
미시,0.0
미약,0.0
아세틸콜린,0.0
아숩,0.0
아숩다,0.0
아슬아슬,0.0
아안,0.0
미스터리,0.0
신임,0.0
씨리얼,0.0
신림역,0.0
신맛,0.0
반장,0.0
반증,0.0
반지하,0.0
반짝이다,0.0
미주,0.0
신분당선,0.0
신분증,0.0
신비하다,0.0
반택,0.0
신데렐라,0.0
신도림,0.0
신도시,0.0
신랑,0.0
반쪽,0.0
쓴소리,0.0
쓸리다,0.0
씁쓸하다,0.0
씌였던,0.0
쑥떡,0.0
씨몽키,0.0
씨익,0.0
씨제이,0.0
신용정보,0.0
밑천,0.0
바간,0.0
바구니,0.0
바글거려,0.0
신중하다,0.0
반수,0.0
반올림,0.0
반의,0.0
씩씩거리다,0.0
아드레이,0.0
아득해지다,0.0
아들러,0.0
바나,0.0
바다로,0.0
아라라,0.0
아라시,0.0
아르기닌,0.0
밀집,0.0
아르헨티나,0.0
아른거리다,0.0
미혼모,0.0
민간,0.0
민간인,0.0
미적분,0.0
미적분학,0.0
미정,0.0
아르바이트생,0.0
밀치다,0.0
밀크셰이크,0.0
밀크쉐이크,0.0
밈들,0.0
민영,0.0
민원,0.0
민원사무,0.0
밋밋하다,0.0
아드레날린,0.0
아뇨서핑,0.0
아누,0.0
아니냬,0.0
아닠,0.0
아담,0.0
밀접하다,0.0
아담하다,0.0
아더,0.0
아둥바둥,0.0
아뇨,0.0
안꼬,0.0
밝혀지다,0.0
밟으묜,0.0
발사믹,0.0
발색,0.0
발안,0.0
신기하,0.0
신년,0.0
발끝,0.0
식기세척기,0.0
식당가,0.0
발판,0.0
발포,0.0
발품,0.0
발행,0.0
발효,0.0
안농,0.0
발레학원,0.0
미비하다,0.0
미란,0.0
미래엔,0.0
미레티님,0.0
안내면,0.0
안내받다,0.0
안내서,0.0
미개하다,0.0
안기다,0.0
악하다,0.0
악화,0.0
안거,0.0
발로레,0.0
발목,0.0
발뮤,0.0
발바닥,0.0
발볼,0.0
악플달다,0.0
안무영상,0.0
안방,0.0
안배,0.0
안거르,0.0
안검,0.0
안경근,0.0
뭐길,0.0
뭐볼,0.0
안뇸,0.0
뭐철,0.0
뭐합,0.0
묽다,0.0
뭉게뭉게,0.0
뭉게진,0.0
뭉그러지다,0.0
뭉그적,0.0
물음,0.0
뭐살,0.0
안당,0.0
안대,0.0
안정감,0.0
안정화,0.0
안중,0.0
안쥬,0.0
뭉클하다,0.0
안동,0.0
안무가,0.0
안드네,0.0
안들껄욯,0.0
안락사,0.0
미띤,0.0
안년,0.0
뭔갈,0.0
뭣하,0.0
뮤르,0.0
안되겠니,0.0
악의,0.0
악재,0.0
악플,0.0
미만,0.0
아전,0.0
아지,0.0
미우다,0.0
미움,0.0
미방,0.0
아이컨택,0.0
아이클라우드,0.0
아이템,0.0
아츄,0.0
아침식사,0.0
아침햇살,0.0
아카드,0.0
아이티엑스,0.0
미인,0.0
발다,0.0
발단,0.0
발달,0.0
신사임당,0.0
반하다,0.0
반환,0.0
식후,0.0
신가,0.0
악용,0.0
신건,0.0
신경안,0.0
신경치료,0.0
발기,0.0
발꿈치,0.0
미사리,0.0
미성,0.0
미성년,0.0
신간,0.0
미락,0.0
미니카,0.0
미니홈피,0.0
미덕,0.0
미디,0.0
미금역,0.0
미로,0.0
미르,0.0
아인슈타인,0.0
미림,0.0
악덕,0.0
악몽,0.0
악보,0.0
악성,0.0
미모,0.0
미묘하다,0.0
미물,0.0
미리보기,0.0
아인슈페너,0.0
아임이,0.0
아울렛,0.0
아유,0.0
아톰,0.0
아틀란타,0.0
아팟어,0.0
아현,0.0
미라,0.0
미기,0.0
미끄럼틀,0.0
미납,0.0
미니미니,0.0
안계,0.0
안구건조증,0.0
밤바람,0.0
식겁하다,0.0
악순환,0.0
악기,0.0
실토,0.0
실핀,0.0
실존,0.0
실직,0.0
박찬호,0.0
박탈,0.0
실험실,0.0
박성진,0.0
밑잔,0.0
박스터,0.0
실컨여유,0.0
실시,0.0
실액,0.0
실업,0.0
박정희,0.0
박지르다,0.0
박진,0.0
박수,0.0
신헌,0.0
신협,0.0
신혼,0.0
신혼부부,0.0
반추,0.0
반칙,0.0
신짱,0.0
신차,0.0
실탄,0.0
실책,0.0
심지,0.0
심취,0.0
심쿵하다,0.0
심판,0.0
심플,0.0
심해,0.0
실크,0.0
실질,0.0
심몇,0.0
심박수,0.0
심속,0.0
심신,0.0
박하,0.0
박해,0.0
심형래,0.0
심용,0.0
박찬욱,0.0
심이지,0.0
심임티,0.0
심전도,0.0
심즈,0.0
쌍수,0.0
싸이언,0.0
싸이월드,0.0
싸지르다,0.0
심의,0.0
박람회,0.0
박모,0.0
박병석,0.0
바짓,0.0
바짝,0.0
바케워니렁,0.0
바코드,0.0
바쿠,0.0
심리학자,0.0
반감,0.0
심금,0.0
심난하다,0.0
바펠,0.0
바품,0.0
바흐,0.0
박남푠,0.0
심란,0.0
박희,0.0
뻠핑감,0.0
뼈찜,0.0
뽀개기,0.0
빨간색,0.0
빨강,0.0
가율,0.0
휠체어,0.0
휩싸이다,0.0
반발,0.0
뽀려온,0.0
뽀송뽀쏭하,0.0
뽀얗다,0.0
뽀인트,0.0
뻘거,0.0
뻘소리,0.0
뻘하,0.0
가비,0.0
뽀라,0.0
힝힝,0.0
가글,0.0
가난,0.0
가난하다,0.0
가내,0.0
가대인,0.0
가두다,0.0
희박하다,0.0
흑두루미,0.0
희한하다,0.0
흑하,0.0
가디,0.0
가뜩이나,0.0
가락,0.0
가람,0.0
흐안,0.0
흐흑나중,0.0
희생,0.0
실생활,0.0
실소,0.0
실손,0.0
반상,0.0
반도체,0.0
반등,0.0
반딧불,0.0
반려견,0.0
가뿐하다,0.0
반말,0.0
반모,0.0
신체검사,0.0
신탁,0.0
반문,0.0
반미,0.0
반박,0.0
반반하다,0.0
반려동물,0.0
가쁜,0.0
가산,0.0
가산디지털단지역,0.0
가상,0.0
가상공간,0.0
뽀갤,0.0
휴업,0.0
휴지통,0.0
반대쪽,0.0
가원,0.0
가쇼,0.0
흐릿해,0.0
흐물탱,0.0
가분수,0.0
실외,0.0
실용,0.0
반경,0.0
반나절,0.0
휴직,0.0
씨드,0.0
밍쨩,0.0
밍키,0.0
밑거름,0.0
밑단,0.0
쏜살같다,0.0
쏠다,0.0
쏠쏠하다,0.0
싸하다,0.0
썬크림,0.0
썰다,0.0
썰렁하다,0.0
바라지,0.0
바란,0.0
바람나다,0.0
바람소리,0.0
썻는데,0.0
썩이다,0.0
실린더,0.0
실링,0.0
실무,0.0
실비,0.0
신혼여행,0.0
신화,0.0
신후,0.0
신조어,0.0
썻는,0.0
신속하다,0.0
신시,0.0
신아,0.0
신애,0.0
신용,0.0
실리,0.0
썰리다,0.0
썸머,0.0
신종,0.0
쑥갓,0.0
아내,0.0
민하,0.0
믿어지다,0.0
밀도,0.0
밀레,0.0
밀려오다,0.0
씰룩거리다,0.0
썻던,0.0
쒸익쉬익,0.0
쓱쓱,0.0
바로잡다,0.0
바롬,0.0
바바더,0.0
쑤욱,0.0
밑독,0.0
밑바탕,0.0
쑥향,0.0
썻어,0.0
쏜다,0.0
바람직하다,0.0
바래다주다,0.0
바랬고신,0.0
바랬는데,0.0
바로가기,0.0
바로미터,0.0
신변,0.0
바둑,0.0
아가리,0.0
아귀,0.0
아그라,0.0
아난,0.0
아날로그,0.0
바다색,0.0
씨름,0.0
바닥나다,0.0
십자가,0.0
바크,0.0
바탕,0.0
바토,0.0
싱글,0.0
싱글즈,0.0
싱기,0.0
싱숭생숭,0.0
바베큐,0.0
바야흐로,0.0
바오,0.0
바웃,0.0
바박,0.0
신입,0.0
신입사원,0.0
신자,0.0
신작,0.0
바일,0.0
싹싹,0.0
싶돠,0.0
싸견,0.0
싱그럽다,0.0
쌀랑하다,0.0
쌀롱,0.0
쌀밥,0.0
쌈장,0.0
십일만,0.0
쌍둥이,0.0
쌍별,0.0
바잉,0.0
바지런하다,0.0
십대,0.0
십만,0.0
십만원,0.0
십억이,0.0
쌈짓돈,0.0
싸리,0.0
박삭,0.0
싱싱뽈락회,0.0
쌍안경,0.0
쌍욕,0.0
쌓아보쟙,0.0
쌔리,0.0
쌩돈,0.0
써야딩,0.0
써머,0.0
써보기루,0.0
실거베,0.0
실과,0.0
실루엣,0.0
신한,0.0
바밤바,0.0
바밤바밤,0.0
쌩뚱,0.0
써쟈,0.0
썩세스,0.0
썩소,0.0
바삭거렸,0.0
바샷추아샷추,0.0
바싹,0.0
바알,0.0
싱싱황제,0.0
싸랑,0.0
싱하,0.0
싶댜,0.0
바이닐,0.0
바이바이,0.0
바이브,0.0
바이오,0.0
싸구려,0.0
싸나이,0.0
싸다니다,0.0
싱크로,0.0
밥좀,0.0
밥차,0.0
방가,0.0
방감,0.0
방개,0.0
방과후,0.0
방관,0.0
시마,0.0
물정,0.0
시무룩하다,0.0
시뮬레이션,0.0
방세,0.0
방안,0.0
방앗간,0.0
몽탄,0.0
뫼시,0.0
묘미,0.0
시멘트,0.0
양호,0.0
무보정,0.0
어너더,0.0
어댑터,0.0
어도,0.0
어둔,0.0
무기한,0.0
무너,0.0
시전,0.0
무능력자,0.0
밤잠,0.0
밤줏,0.0
밥날,0.0
밥말,0.0
밥무러,0.0
밥밥,0.0
시재,0.0
무능,0.0
무능력하다,0.0
무단,0.0
어버이,0.0
몬스탁,0.0
몬스탁스,0.0
몰두하다,0.0
몰루,0.0
몰리,0.0
어중간하다,0.0
어플리케이션,0.0
목월,0.0
목자,0.0
목적의식,0.0
목적지,0.0
목차,0.0
몸뚱이,0.0
몸속,0.0
어캐사누,0.0
어진,0.0
어질어질하다,0.0
어쨋,0.0
어쨌던,0.0
어린왕자,0.0
어림없다,0.0
어마어마하다,0.0
몽상가,0.0
묘일,0.0
몽키,0.0
어메이징,0.0
어무,0.0
어무이,0.0
어묵,0.0
어미견,0.0
어바웃샤브,0.0
묘사,0.0
몽진환,0.0
어감,0.0
어기다,0.0
무감각,0.0
양궁,0.0
양념,0.0
양념감자,0.0
양념장,0.0
양념치킨,0.0
양하다,0.0
무과,0.0
무관,0.0
양면,0.0
양반전,0.0
양봉,0.0
양분,0.0
양산도,0.0
양성,0.0
양도소득세,0.0
무심코,0.0
무안하다,0.0
양감,0.0
무산,0.0
무상,0.0
무어,0.0
무역영어,0.0
무용,0.0
얘길,0.0
무음,0.0
무의도,0.0
양갱,0.0
무소득,0.0
무관심,0.0
무궁화호,0.0
무권대리,0.0
무기력증,0.0
무월,0.0
몽당연필,0.0
몽둥이,0.0
어둡다,0.0
어드,0.0
어떠하다,0.0
무브먼트,0.0
양제,0.0
양조장,0.0
양곡,0.0
양질,0.0
몸피,0.0
못구,0.0
무결,0.0
양치질,0.0
양평,0.0
양품,0.0
양하,0.0
양지,0.0
무명,0.0
무모하다,0.0
무무,0.0
양양,0.0
양으로,0.0
무드임저기,0.0
무뚝뚝하다,0.0
무량,0.0
몽글하다,0.0
어랏만원,0.0
어록,0.0
어류,0.0
어깨춤,0.0
어나더,0.0
시로,0.0
시루떡,0.0
못지않다,0.0
못키,0.0
어떢함,0.0
언양,0.0
목구멍,0.0
목눈,0.0
목도,0.0
목뒤,0.0
언넝,0.0
얼룩,0.0
얼룩지다,0.0
목캔디,0.0
언더클럭,0.0
언덕,0.0
언뜻,0.0
언론,0.0
언빡싱,0.0
얼핏들으,0.0
얽매,0.0
엄그런,0.0
언더우드관,0.0
시상식,0.0
배급사,0.0
배기,0.0
시그널,0.0
시세,0.0
시술,0.0
시스,0.0
시스템,0.0
언성,0.0
언더볼팅,0.0
모어,0.0
모여들다,0.0
모의,0.0
모의투자,0.0
모임미댜,0.0
모낭,0.0
모노,0.0
시시,0.0
모밀,0.0
모반,0.0
모발,0.0
모방,0.0
엄니,0.0
엄마빠,0.0
엄살,0.0
모눈,0.0
얹히다,0.0
모서리,0.0
모션,0.0
모순,0.0
모씨,0.0
모양새,0.0
모면,0.0
명쾌하다,0.0
에드,0.0
모색,0.0
얻지,0.0
얼렁,0.0
엇다,0.0
엇죠,0.0
었었,0.0
엉거주춤,0.0
엄카찬스,0.0
업글,0.0
모모,0.0
엄써용,0.0
엄연하다,0.0
엄외,0.0
엄지,0.0
없넹,0.0
없다뉴짹,0.0
없름다,0.0
엇니,0.0
업유,0.0
어조,0.0
어비스,0.0
모카,0.0
모태,0.0
억이,0.0
억제,0.0
시너지,0.0
시니어,0.0
시사,0.0
배구,0.0
모현동,0.0
모호하다,0.0
목격담,0.0
모진,0.0
모집단,0.0
모짜렐라,0.0
모처럼,0.0
시댁,0.0
몫돈,0.0
몬듀,0.0
몬드,0.0
몬베베,0.0
어색,0.0
어수선하다,0.0
어슐러,0.0
어썸,0.0
어저구,0.0
몰스킨,0.0
몰카,0.0
몸뚱,0.0
어쩌겟어,0.0
어우러지다,0.0
어울림,0.0
어원,0.0
어음,0.0
어엄청,0.0
억만원,0.0
억억,0.0
얼어붙다,0.0
얼추,0.0
얼큰하다,0.0
방울토마토,0.0
시련,0.0
억지,0.0
모츠,0.0
억천원,0.0
억천이,0.0
시시하다,0.0
시식,0.0
시어머니,0.0
시미,0.0
시민기자,0.0
시부모,0.0
억천,0.0
어쩌겠어월,0.0
어쩌고하튼,0.0
어쩌구저쩌구임,0.0
어쩌냐,0.0
목또,0.0
목련,0.0
모하,0.0
모해,0.0
억대,0.0
목별,0.0
목사,0.0
목살,0.0
목수,0.0
목었당,0.0
어쩌겠,0.0
어쩌겠는,0.0
어회,0.0
어후내,0.0
목말,0.0
문어체,0.0
문외한,0.0
문이당,0.0
문재인,0.0
문제기,0.0
앞서다,0.0
문뜩,0.0
시퍼렇다,0.0
무식하다,0.0
문짝,0.0
문체,0.0
문턱,0.0
문학,0.0
문학상,0.0
앞장,0.0
문안,0.0
알아차리다,0.0
문진,0.0
압축파일,0.0
앗뇽,0.0
앙상하다,0.0
물냉면,0.0
물논,0.0
알라딘,0.0
알려지다,0.0
알력,0.0
시청자,0.0
뭉그적거리다,0.0
시편,0.0
시프트,0.0
시피,0.0
시행,0.0
방광염,0.0
시차,0.0
시청률,0.0
알리다,0.0
문명인,0.0
문방구,0.0
문법,0.0
문성남,0.0
식품의약품안전처,0.0
식품의약품안전청,0.0
식해,0.0
식도,0.0
알알이,0.0
식료품,0.0
식물성,0.0
시카고,0.0
시켜줭,0.0
시켯다,0.0
시크,0.0
식이섬유,0.0
식임,0.0
식도염,0.0
알짜,0.0
알짝,0.0
알츠하이머,0.0
알콜중독,0.0
알탕,0.0
문제해결,0.0
문신,0.0
앞가림,0.0
문맥,0.0
앞당기다,0.0
앞뒤,0.0
앞마당,0.0
앞산,0.0
앞서,0.0
식방,0.0
식상하다,0.0
식약청,0.0
앞날,0.0
안원,0.0
안이,0.0
안일하다,0.0
안장,0.0
안전교육,0.0
물렁하다,0.0
물류,0.0
물리치료,0.0
압류,0.0
문헌정보학,0.0
문화재,0.0
물가상승률,0.0
물구나무,0.0
앉은자리,0.0
앉히다,0.0
알겐,0.0
알끌,0.0
문항,0.0
안약,0.0
뮬리,0.0
므너므,0.0
미각,0.0
미감,0.0
안볼랭,0.0
안성,0.0
물티슈,0.0
안토디,0.0
안성맞춤,0.0
안성시,0.0
안성천,0.0
안수진,0.0
안심,0.0
안암,0.0
안지,0.0
안창순,0.0
안전성,0.0
압니,0.0
압력,0.0
알트,0.0
알파카,0.0
알프레드,0.0
암살,0.0
암시,0.0
앙이다,0.0
알도,0.0
암탉,0.0
암턴,0.0
암턴넘,0.0
암호,0.0
압구정,0.0
압구정역,0.0
알딸딸,0.0
알뜰폰,0.0
앙탈,0.0
물든,0.0
물때,0.0
물량,0.0
물복파,0.0
물새,0.0
물색,0.0
물씬,0.0
물욕,0.0
물복,0.0
안필수,0.0
안혯더,0.0
물주,0.0
물질,0.0
물총,0.0
물컹하다,0.0
물통,0.0
물물교환,0.0
물병,0.0
안퍽퍽,0.0
밤일,0.0
시업,0.0
시에나,0.0
시엘,0.0
시원,0.0
무직자,0.0
무채,0.0
무턴,0.0
식초,0.0
무패,0.0
야돈,0.0
야만,0.0
야망,0.0
약물,0.0
야매,0.0
야비하다,0.0
야사,0.0
무통,0.0
시험관,0.0
시흥시,0.0
식감,0.0
발자국,0.0
발전소,0.0
발주,0.0
시트,0.0
시원시원하다,0.0
밤시,0.0
시장조사,0.0
발찌,0.0
발취,0.0
발치,0.0
발컨,0.0
발톱깎이,0.0
시중,0.0
시지,0.0
시월,0.0
얄루,0.0
얄밉다,0.0
얍얍,0.0
양가,0.0
무릅쓰,0.0
무릉,0.0
무리다,0.0
무상증자,0.0
야생동물,0.0
무생채,0.0
무성,0.0
약혼,0.0
약화,0.0
얀해,0.0
얄궂,0.0
무소식,0.0
무시시,0.0
무색,0.0
야속,0.0
야시장,0.0
야심하다,0.0
약학,0.0
야야,0.0
야오,0.0
야옹이,0.0
야우리,0.0
약품,0.0
약국,0.0
앱임,0.0
앱태,0.0
약밥,0.0
약사,0.0
약소,0.0
약재,0.0
약정,0.0
야쿠쇼,0.0
애증,0.0
애플리케이션,0.0
애플파이,0.0
애덜,0.0
애리조나,0.0
애매,0.0
애사,0.0
애호박,0.0
시행착오,0.0
애효,0.0
액땜,0.0
액면가,0.0
액상과당,0.0
액세서리,0.0
애자,0.0
무인양품,0.0
무자,0.0
애환,0.0
식코,0.0
문구점,0.0
문단,0.0
액팅,0.0
액팅플랜,0.0
앤드,0.0
앤드류,0.0
묵은지,0.0
애잔하다,0.0
애색,0.0
애송이,0.0
애슐리,0.0
앞장서다,0.0
앞쪽,0.0
앞태,0.0
앟는다왜,0.0
애국심,0.0
묵직하다,0.0
무한도전,0.0
묵힌,0.0
묶여서,0.0
묶이다,0.0
묶인,0.0
문건,0.0
무효,0.0
묵묵하다,0.0
무작정,0.0
앵무,0.0
야단,0.0
야도란,0.0
앤씨아,0.0
앤탈,0.0
앰플,0.0
앱스토어,0.0
앱안,0.0
묵방골,0.0
무장,0.0
앳웍스,0.0
앵겔,0.0
시조새,0.0
무행,0.0
무형,0.0
무점,0.0
무제,0.0
액정,0.0
무증상,0.0
무지랭이,0.0
무직,0.0
묵살,0.0
묵상,0.0
묵시,0.0
액수,0.0
액자,0.0
액젓,0.0
무조,0.0
데좀,0.0
데통,0.0
데페,0.0
데헷,0.0
저렇다,0.0
저력,0.0
데시,0.0
재첩국,0.0
원안,0.0
재탕하다,0.0
재태크,0.0
재택,0.0
재택근무,0.0
데이트비용,0.0
데일,0.0
저렁,0.0
도료,0.0
재치,0.0
도스,0.0
손상,0.0
보탰어,0.0
보통예금,0.0
보통주,0.0
속초,0.0
속편,0.0
속풀이,0.0
데자뷰,0.0
데쓰,0.0
데이브,0.0
데이브레이크,0.0
데이타,0.0
저가,0.0
손맛,0.0
손목,0.0
손목시계,0.0
손가락질,0.0
솔트,0.0
손글씨,0.0
솔티오,0.0
솜사탕,0.0
솜씨,0.0
솟다,0.0
송강호,0.0
송계,0.0
잽싸다,0.0
저만큼,0.0
저서,0.0
저수지,0.0
저스트,0.0
데스노트,0.0
전과자,0.0
전관,0.0
전광판,0.0
송금,0.0
쟁반,0.0
쟁여놓,0.0
쟁여두,0.0
쟁였다,0.0
쟁임,0.0
솔티,0.0
손지현,0.0
손큰횐님들,0.0
솔직,0.0
저녁밥,0.0
저느녕,0.0
저따위,0.0
저러코롬,0.0
송년회,0.0
솔드아웃,0.0
솔바,0.0
솔이,0.0
저급하다,0.0
재무,0.0
재무제표,0.0
재작년,0.0
재적,0.0
재정,0.0
재정상,0.0
재즈,0.0
재직,0.0
도세,0.0
재산,0.0
장학재단,0.0
장해,0.0
장현,0.0
장화,0.0
잦다,0.0
재개,0.0
재임,0.0
재사용,0.0
장전,0.0
도시가스,0.0
도약,0.0
장애,0.0
장연,0.0
장담,0.0
도제,0.0
도챡,0.0
재원,0.0
도어슬램,0.0
도영,0.0
도운,0.0
재산권,0.0
재산세,0.0
재삼,0.0
재수,0.0
재우다,0.0
장통,0.0
도끼,0.0
도돌이표,0.0
도둑,0.0
재택하,0.0
재력,0.0
재린,0.0
도드라지다,0.0
도딱,0.0
도마도,0.0
도라에몽,0.0
도랏맨,0.0
도려내다,0.0
재무회계,0.0
재물,0.0
도산대로,0.0
도색,0.0
도생,0.0
도라방스돈,0.0
재개발,0.0
재건,0.0
재건축,0.0
재결,0.0
재곱,0.0
재기,0.0
장표,0.0
재택한다,0.0
도규,0.0
재학생,0.0
재형,0.0
재활용,0.0
도가니,0.0
재차,0.0
재채기,0.0
도로로,0.0
도개,0.0
도구,0.0
재학,0.0
전전,0.0
전전긍긍,0.0
전제,0.0
전무,0.0
전무하다,0.0
전문,0.0
전문성,0.0
전집,0.0
저자,0.0
전치,0.0
전파,0.0
전북,0.0
전사,0.0
전산,0.0
전상,0.0
덧칠,0.0
덩생,0.0
전체샷,0.0
전당,0.0
전대,0.0
전도사,0.0
전두엽,0.0
전량,0.0
전력,0.0
전기요금,0.0
전진,0.0
전작,0.0
소히,0.0
속결,0.0
속새,0.0
속성,0.0
속세,0.0
전하,0.0
전자서명,0.0
전자책,0.0
전일,0.0
보석,0.0
보심,0.0
보얗다,0.0
보온병,0.0
손수건,0.0
손쉽다,0.0
소풍,0.0
소프트웨어,0.0
덩어리,0.0
소형,0.0
소홀,0.0
소홀하다,0.0
소화기관,0.0
보부상,0.0
전향,0.0
전화영,0.0
절감,0.0
소한,0.0
전망,0.0
전자기기,0.0
전자담배,0.0
전자문서,0.0
전용진,0.0
전우,0.0
전월,0.0
전월세,0.0
보샤,0.0
손웅정,0.0
보민,0.0
보보,0.0
보복,0.0
손꼽다,0.0
전임,0.0
전입,0.0
보살피다,0.0
손실,0.0
적적하다,0.0
저축은행,0.0
덤탱이,0.0
덤핑,0.0
덥석,0.0
덧신,0.0
덕철,0.0
덕택,0.0
전답,0.0
던지미,0.0
적정하다,0.0
적지,0.0
적축,0.0
전개,0.0
전격,0.0
덤덤하다,0.0
덤비다,0.0
덕후,0.0
저작권,0.0
저절로,0.0
저지,0.0
저체중,0.0
덴더,0.0
덴트,0.0
뎁쇼,0.0
저학년,0.0
적임,0.0
적격,0.0
적고임팩드,0.0
적금샷,0.0
적나라하다,0.0
저열,0.0
저으,0.0
적당,0.0
적산,0.0
저해,0.0
전문직,0.0
전복장,0.0
전봇대,0.0
전스벅,0.0
전신,0.0
전액,0.0
전여자친구,0.0
전여친,0.0
전공자,0.0
전선,0.0
전남친,0.0
전남편,0.0
전념,0.0
전달자,0.0
전수,0.0
전숙,0.0
전술,0.0
전생,0.0
덩크,0.0
덮이다,0.0
덮친격,0.0
데기,0.0
데돈,0.0
적정,0.0
전교,0.0
데드,0.0
전송,0.0
데드리프트,0.0
데리야끼,0.0
데마,0.0
데모,0.0
데볼,0.0
전세계,0.0
전세계약,0.0
전세기,0.0
전셋집,0.0
데드라인,0.0
동고동락,0.0
동굴,0.0
자유도,0.0
잔걸,0.0
송진,0.0
송추불,0.0
보넹,0.0
보되,0.0
장일,0.0
돕다,0.0
돌맹,0.0
돌멩이,0.0
돌발,0.0
돌뼈,0.0
돌솥밥,0.0
돌싱,0.0
동도,0.0
돕기,0.0
자하문로,0.0
자원,0.0
자월,0.0
작도,0.0
작별,0.0
작살,0.0
작성자,0.0
작성중,0.0
동결,0.0
자의,0.0
자이언트,0.0
자임,0.0
자양,0.0
자연환경,0.0
자외선,0.0
자우림,0.0
자전,0.0
자율,0.0
작전,0.0
병인,0.0
병장,0.0
병점,0.0
쇼쇼쇼,0.0
쇼아,0.0
잔글,0.0
잔금,0.0
동떨어지다,0.0
보금자리,0.0
보급,0.0
보냉,0.0
쇼파,0.0
쇼퍼,0.0
쇼핑원,0.0
숄더,0.0
송달,0.0
보글거림,0.0
동록,0.0
동무,0.0
돌체,0.0
돌탑,0.0
돌하르방,0.0
자존,0.0
자존심,0.0
자지,0.0
작자,0.0
자차톨비,0.0
동대문,0.0
잔나비,0.0
돌려막기,0.0
돌리지,0.0
작심삼일,0.0
작업실,0.0
작용,0.0
자차,0.0
되뇌었던,0.0
되돌리기,0.0
되돌리다,0.0
되돌아보다,0.0
자그맣다,0.0
자량,0.0
자로,0.0
자기계발,0.0
자포자기,0.0
자기애,0.0
자기야,0.0
자꾸만,0.0
자갈,0.0
자립하다,0.0
자만,0.0
자모,0.0
자물쇠,0.0
자기만족,0.0
쇼트,0.0
송혜교,0.0
솥밥,0.0
솨솨솩,0.0
솰라솰,0.0
쇠고기,0.0
쇼쇼,0.0
별내,0.0
자띠롱띠롱,0.0
자기개발,0.0
자기개발서,0.0
동양,0.0
동음,0.0
동의,0.0
동일,0.0
동일시,0.0
자녀,0.0
자금,0.0
동심,0.0
자사,0.0
자산,0.0
자상하다,0.0
자생,0.0
자수,0.0
자시,0.0
자알,0.0
자미산성,0.0
동방신기,0.0
동백,0.0
동병상련,0.0
동분서주,0.0
작심,0.0
자치,0.0
자칫,0.0
자판기,0.0
동반,0.0
자바스크립트,0.0
자락,0.0
자비롭다,0.0
동권,0.0
동그라미,0.0
동그랗다,0.0
동남,0.0
동년배,0.0
동선,0.0
동물복지,0.0
동물원,0.0
자반,0.0
자발,0.0
자본,0.0
자본가,0.0
자부,0.0
자비,0.0
동사무소,0.0
동대구로,0.0
장기전,0.0
장기하,0.0
장날,0.0
도청,0.0
잡췌,0.0
잡티,0.0
장려,0.0
장려상,0.0
송리단길,0.0
독보,0.0
독신,0.0
독어,0.0
독어권,0.0
보렵니,0.0
보령,0.0
보료,0.0
송정해수욕장,0.0
장례식,0.0
손해배상청구권,0.0
장수,0.0
장승,0.0
장시간,0.0
장신구,0.0
장모님,0.0
장미,0.0
장밋빛,0.0
장기로,0.0
잡혀가다,0.0
잡화,0.0
장공,0.0
장구,0.0
장본,0.0
장사,0.0
장사치,0.0
장기간,0.0
장벽,0.0
도박,0.0
도비,0.0
재난,0.0
재는,0.0
도리기,0.0
도리어,0.0
도림,0.0
장옷,0.0
송중기,0.0
장의,0.0
도망가다,0.0
도망치다,0.0
도메인,0.0
도모,0.0
도미,0.0
도울,0.0
장이지,0.0
장원영,0.0
장땡,0.0
장량,0.0
보망찌,0.0
보물섬,0.0
송파,0.0
보드게임,0.0
보듬다,0.0
보랑,0.0
도민,0.0
솔깃하다,0.0
보유,0.0
보육,0.0
보은,0.0
손익,0.0
손자,0.0
손잡다,0.0
보루,0.0
보련,0.0
잔민,0.0
잔반,0.0
돈벌이,0.0
잠듬,0.0
잠만보,0.0
잠바,0.0
잠시간,0.0
잔업,0.0
손해배상,0.0
잔치국수,0.0
잔티젠,0.0
잠식,0.0
잠실야구장,0.0
잠실역,0.0
잠자코,0.0
잠재우다,0.0
잘생겻으,0.0
잔재,0.0
송별,0.0
송씨,0.0
송월동,0.0
송이버섯,0.0
송정역,0.0
병호,0.0
돈볼,0.0
돈좀,0.0
동거,0.0
돋보이다,0.0
돋아나다,0.0
잡아당기다,0.0
잡아먹히다,0.0
돈나,0.0
잘나가다,0.0
잘만,0.0
돗자리,0.0
돈향,0.0
잡비,0.0
독왕,0.0
독자,0.0
돈독하다,0.0
돈마,0.0
돈맥,0.0
돈못버,0.0
돈버는데,0.0
잘해주다,0.0
독하다,0.0
독학,0.0
장병,0.0
장보,0.0
장대,0.0
장도,0.0
손품,0.0
손품팔,0.0
독파,0.0
도촬,0.0
도출,0.0
도태,0.0
도토리묵,0.0
도통,0.0
도트,0.0
도트노트,0.0
장군,0.0
잡념,0.0
도포,0.0
도피,0.0
도하,0.0
독강임투,0.0
독도,0.0
도촌,0.0
독해,0.0
돈길,0.0
돈까츠,0.0
도티,0.0
조선시대,0.0
조성,0.0
조신,0.0
조심스럽다,0.0
조합원,0.0
조화롭다,0.0
답안,0.0
조여,0.0
더록,0.0
담장,0.0
담청,0.0
조미료,0.0
조부모,0.0
담대,0.0
담배,0.0
달인,0.0
달전,0.0
담보,0.0
조직검사,0.0
조청,0.0
조퇴,0.0
담금질,0.0
소녀,0.0
소년단,0.0
소담,0.0
소도,0.0
조선,0.0
달라스,0.0
달랑,0.0
달려들다,0.0
조이,0.0
조인,0.0
조정은,0.0
조직개편,0.0
조비,0.0
달또,0.0
복싱,0.0
셧으,0.0
셨다,0.0
셰프,0.0
소각,0.0
소감,0.0
소관,0.0
달싹,0.0
달짜,0.0
단명,0.0
단무지,0.0
단백,0.0
단번,0.0
단복,0.0
단비,0.0
존경심,0.0
존맛맛,0.0
조황,0.0
달짝지근하다,0.0
달치,0.0
달콤,0.0
소명,0.0
소모,0.0
소모품,0.0
소문나다,0.0
소란,0.0
소멸,0.0
담담하다,0.0
소문내기,0.0
소방,0.0
소방관,0.0
소보로빵,0.0
소비대차,0.0
소비자,0.0
소매,0.0
소량,0.0
제테크,0.0
보험료,0.0
보험사,0.0
소수,0.0
소수점,0.0
제하,0.0
제해,0.0
제호,0.0
당오전,0.0
복대,0.0
보파,0.0
보편화,0.0
보풀,0.0
보합,0.0
보험금,0.0
소듕,0.0
소득공제,0.0
복날,0.0
조근,0.0
젤다,0.0
젤라,0.0
제천,0.0
대개,0.0
대게,0.0
대결,0.0
제유,0.0
제태크,0.0
제작사,0.0
제적,0.0
제화,0.0
제휴,0.0
대동소이하다,0.0
대두,0.0
대들다,0.0
제철,0.0
제임스,0.0
당구,0.0
당기다,0.0
당케,0.0
당케임,0.0
조로,0.0
당면,0.0
당무,0.0
당번,0.0
소득세,0.0
당사,0.0
제파,0.0
닿헤,0.0
대갈,0.0
조리사,0.0
조림,0.0
조문,0.0
당산,0.0
당분,0.0
보호대,0.0
보호자,0.0
복구,0.0
복근,0.0
복기,0.0
당내,0.0
당뇨,0.0
달아오르다,0.0
조례,0.0
담화,0.0
답글,0.0
답로,0.0
답변서,0.0
조기,0.0
조기교육,0.0
조끼,0.0
조력자,0.0
조련,0.0
달용,0.0
복전,0.0
복종,0.0
소규모,0.0
죄송스럽다,0.0
죄인,0.0
볼날,0.0
볼넷,0.0
복지관,0.0
달려오다,0.0
복지사,0.0
복통,0.0
복호,0.0
복완,0.0
세팅할,0.0
세현,0.0
섹녀,0.0
본질,0.0
복지로,0.0
단순화,0.0
단시간,0.0
종족,0.0
종지,0.0
종착역,0.0
종말,0.0
종사,0.0
종소리,0.0
복장,0.0
좌좌,0.0
좌지우지,0.0
좌추,0.0
좌충우돌,0.0
좌측,0.0
좌회전,0.0
복원,0.0
복은,0.0
다코야끼,0.0
죠오,0.0
다자,0.0
주니어,0.0
주량,0.0
다이나믹,0.0
다이렉트,0.0
다이빙,0.0
주거지역,0.0
본캐,0.0
좔좔,0.0
다이슨,0.0
다이아몬드,0.0
다이어터,0.0
다이어트식단,0.0
다이지,0.0
다인,0.0
다임,0.0
주관,0.0
볼거리,0.0
볼걸,0.0
볼겸,0.0
죠죠,0.0
죤마탱,0.0
죤맛,0.0
주거지,0.0
주사약,0.0
단가,0.0
주선,0.0
주소지,0.0
주구,0.0
주급,0.0
주꾸미,0.0
주눅,0.0
주니,0.0
닥터후,0.0
주사위,0.0
존예,0.0
존웃날,0.0
좋다꼬모,0.0
좋드,0.0
좌담,0.0
좌락좌락,0.0
좌수,0.0
종이컵,0.0
단순,0.0
종자,0.0
단편,0.0
단풍,0.0
달걀,0.0
달구다,0.0
존재도,0.0
존중,0.0
종합병원,0.0
종잇장,0.0
달력,0.0
달렷,0.0
달린다,0.0
달마,0.0
달서구,0.0
단언,0.0
단연,0.0
단잠,0.0
존버해,0.0
족쇄,0.0
족었던,0.0
족욕,0.0
달후,0.0
닯기,0.0
단절,0.0
단주,0.0
단체사진,0.0
족구,0.0
다혜,0.0
다혜찌,0.0
좽일,0.0
죄송,0.0
세팅,0.0
단식,0.0
종량제,0.0
닥스,0.0
종합소득세,0.0
닥치고,0.0
닥치다,0.0
닥터페퍼,0.0
다투다,0.0
종신,0.0
종알종알,0.0
종용,0.0
단속,0.0
닥치,0.0
졸업장,0.0
졸이다,0.0
졸잼,0.0
좀처럼,0.0
좁쌀,0.0
좁히다,0.0
흡수,0.0
단타,0.0
다합,0.0
종각역,0.0
단독,0.0
단독주택,0.0
단독행위,0.0
단둘,0.0
단말기,0.0
단맛,0.0
다툼,0.0
다트,0.0
단상,0.0
접사,0.0
대차다,0.0
대창,0.0
대출받다,0.0
보전,0.0
소화도,0.0
소환,0.0
접전,0.0
조그만,0.0
접종,0.0
정가,0.0
보컬,0.0
보탤,0.0
보탬,0.0
속옷,0.0
보이스,0.0
보일러,0.0
접점,0.0
점성,0.0
점심밥,0.0
점안,0.0
점앞,0.0
정기권,0.0
정기적금,0.0
점원,0.0
점유,0.0
접목,0.0
점프,0.0
점화,0.0
접근,0.0
점바점,0.0
점방,0.0
댈님,0.0
접대,0.0
접두어,0.0
점진,0.0
정리정돈,0.0
정립,0.0
정여니,0.0
정여닝,0.0
정연,0.0
정명훈,0.0
정모,0.0
정반대,0.0
보자기,0.0
대입,0.0
정뚝,0.0
정량,0.0
정력,0.0
대치,0.0
대치동,0.0
대장,0.0
대저,0.0
정보공,0.0
복리,0.0
복무,0.0
복받치다,0.0
복비,0.0
복선전철,0.0
복슬뢰브,0.0
보조개,0.0
보증,0.0
정릉,0.0
정우성,0.0
정월,0.0
정시,0.0
정신건강,0.0
정신과,0.0
정신차려라,0.0
정렬,0.0
정령,0.0
정예,0.0
더티,0.0
절기,0.0
더하기,0.0
더헬스,0.0
덕구,0.0
덕만,0.0
절대평가,0.0
절레절레,0.0
정교하다,0.0
더욱이,0.0
대형,0.0
대형견,0.0
접근성,0.0
대포,0.0
대폭,0.0
대하,0.0
대학가,0.0
절세,0.0
더링,0.0
더반,0.0
더볼팅,0.0
더부,0.0
더뷰,0.0
더빚,0.0
더샘,0.0
더스토리,0.0
더치커피,0.0
더없이,0.0
더오픈,0.0
전함,0.0
더워죽겄다,0.0
더원,0.0
더유,0.0
더존,0.0
더치,0.0
더스트백,0.0
점내,0.0
점등,0.0
정권,0.0
정규,0.0
정규직,0.0
정글,0.0
접속,0.0
소요,0.0
점옆,0.0
소유권,0.0
정길,0.0
정녕,0.0
정다운,0.0
정당화,0.0
정감,0.0
정곡,0.0
정관,0.0
소울,0.0
절정,0.0
절제,0.0
절차,0.0
대학병원,0.0
대학시절,0.0
대학입학,0.0
대항,0.0
대행,0.0
절판,0.0
댕글,0.0
댕기,0.0
절식,0.0
절약러,0.0
절임,0.0
더나인,0.0
더랬,0.0
더럽히다,0.0
더럿,0.0
댑싸리,0.0
대론,0.0
대리권,0.0
대관,0.0
대관절,0.0
대교,0.0
대국,0.0
대규모,0.0
대금,0.0
대접받다,0.0
제책,0.0
대년,0.0
대뇌,0.0
대니,0.0
대다수,0.0
대대,0.0
대도,0.0
대도시,0.0
제전,0.0
정채,0.0
정치자금,0.0
정평,0.0
제습기,0.0
제아,0.0
대리인,0.0
정해지다,0.0
정형,0.0
대량,0.0
정화,0.0
정확,0.0
제각각,0.0
대마,0.0
대명동,0.0
대문짝만하다,0.0
대미,0.0
대란,0.0
정혜신,0.0
소리내다,0.0
소릴,0.0
볶이다,0.0
본권,0.0
소동,0.0
젤라또,0.0
젤로,0.0
젤루,0.0
대동,0.0
져지,0.0
제파트,0.0
제페토,0.0
소룡포,0.0
조감도,0.0
조계지,0.0
조광일,0.0
조권,0.0
젬병,0.0
제라늄,0.0
대바늘,0.0
대별,0.0
제겐,0.0
제격,0.0
제곱미터,0.0
제관,0.0
제구실,0.0
소름끼치다,0.0
제사,0.0
제국,0.0
제나,0.0
제네럴,0.0
제노,0.0
제니퍼,0.0
제때,0.0
소르음뭐,0.0
제부도,0.0
대파,0.0
정보보호,0.0
정보처리기사,0.0
정복,0.0
대시보드,0.0
대아,0.0
정액,0.0
정부,0.0
정직하다,0.0
정선,0.0
정성껏,0.0
정성은,0.0
정세,0.0
대통,0.0
정육점,0.0
정읍,0.0
정읍역,0.0
정서,0.0
대조,0.0
대중교통,0.0
정맥,0.0
대상자,0.0
대세,0.0
대소문자,0.0
대수,0.0
대수롭다,0.0
대통령령,0.0
소스케,0.0
대안,0.0
대왕판교로,0.0
대우,0.0
대운,0.0
대응,0.0
대산,0.0
대통령,0.0
정졔,0.0
소심,0.0
소비자보호,0.0
소설가,0.0
소세키,0.0
소셜,0.0
소속사,0.0
소송,0.0
제약,0.0
정재영,0.0
제어판,0.0
제멋대로,0.0
제모,0.0
제방,0.0
제보,0.0
제본,0.0
제거,0.0
정직,0.0
제약회사,0.0
대리행위,0.0
대림역,0.0
소자본,0.0
소장,0.0
소지,0.0
소염제,0.0
소외,0.0
정종,0.0
소스코드,0.0
대부,0.0
소진하,0.0
소집,0.0
소집해제,0.0
소크라테스,0.0
소포,0.0
소유리,0.0
소유자,0.0
소의,0.0
정중,0.0
띵곡임암튼,0.0
술례,0.0
순서대로,0.0
순수,0.0
율니,0.0
율량동,0.0
율율,0.0
윰세환연,0.0
수도꼭지,0.0
숨바꼭질,0.0
숨소리,0.0
순탄,0.0
순항,0.0
순화궁,0.0
순환,0.0
순환로,0.0
순회,0.0
융놀,0.0
은생,0.0
은실,0.0
융합,0.0
육아툰,0.0
육연,0.0
육전,0.0
육천,0.0
유후,0.0
윤주,0.0
육교,0.0
육두문자,0.0
라식,0.0
윤미래,0.0
윤민,0.0
윤석열,0.0
윤소희,0.0
윤정,0.0
유희,0.0
은쌤,0.0
은월,0.0
은제,0.0
은주,0.0
은쪽,0.0
띠링,0.0
띠바,0.0
띠부띠부씰,0.0
수확,0.0
은평구,0.0
은행가,0.0
뜨개질,0.0
뜯겻다,0.0
뚜빡,0.0
뚝섬역,0.0
뚞딲,0.0
뚠뚠,0.0
은평,0.0
숙란,0.0
숙련,0.0
숙모,0.0
술안주,0.0
술찌,0.0
술취해,0.0
숨막히다,0.0
은천,0.0
뜻함,0.0
또일,0.0
똑똑,0.0
똑똑이,0.0
똑띠,0.0
똔느,0.0
똘똘,0.0
뜻밖,0.0
뜻임,0.0
은퇴,0.0
범람,0.0
범로,0.0
범용,0.0
범인,0.0
범잡,0.0
라섹,0.0
라섹수술,0.0
육하원칙,0.0
은색,0.0
라남,0.0
라돈,0.0
라따뚜이,0.0
라마,0.0
유타,0.0
유툽,0.0
라면내가,0.0
라모,0.0
윤과,0.0
쉐낏,0.0
쉐도,0.0
유우,0.0
유유,0.0
유의사항,0.0
유이,0.0
유인,0.0
쉬바,0.0
범고래,0.0
번화가,0.0
벌겋다,0.0
벌금,0.0
벌꿀,0.0
벌떡,0.0
벌린다,0.0
베뉴,0.0
베딩,0.0
번천,0.0
숙지,0.0
순간접착제,0.0
수협,0.0
수혜자,0.0
수호,0.0
으른,0.0
으른된,0.0
으름,0.0
라미,0.0
은미,0.0
윤지성,0.0
윤하,0.0
숙원,0.0
육성,0.0
은별,0.0
은병,0.0
은비,0.0
은공,0.0
라바,0.0
라볶이,0.0
유튜,0.0
유튜버들,0.0
유튭보,0.0
유트,0.0
유품,0.0
유하,0.0
숙주나물,0.0
유쾌,0.0
라종일,0.0
라식수술,0.0
라오,0.0
라우,0.0
라운딩,0.0
라이벌,0.0
숙이다,0.0
숙제,0.0
유치권,0.0
떨치다,0.0
떳떳하다,0.0
떴따꺄,0.0
떵떵거렸기에제,0.0
떄총,0.0
이개,0.0
이결,0.0
이공주,0.0
띄어쓰기,0.0
이권,0.0
순백,0.0
범죄자,0.0
법도,0.0
숙성,0.0
숙성하다,0.0
이다지,0.0
이대,0.0
이구미,0.0
떤다,0.0
떨구다,0.0
떨기,0.0
이동성,0.0
떙겨,0.0
떠나가다,0.0
떼굴떼굴,0.0
의아,0.0
떨이,0.0
의왕,0.0
의장대,0.0
의적,0.0
의존,0.0
떡떡,0.0
또띠아,0.0
의지력,0.0
떨어트린,0.0
의연하다,0.0
땅값,0.0
땅바닥,0.0
땅불,0.0
때깔,0.0
때년,0.0
이마,0.0
이만,0.0
때메,0.0
떄문에늘,0.0
이두,0.0
이또,0.0
때손,0.0
때월,0.0
때은,0.0
때저,0.0
때제,0.0
이롭다,0.0
이동해,0.0
법무사,0.0
법시,0.0
법원,0.0
법적,0.0
순대볶음,0.0
순도,0.0
순두부찌개,0.0
순발력,0.0
이력,0.0
수택동,0.0
수퍼,0.0
수표,0.0
수행,0.0
법률,0.0
법률관계,0.0
법률행위,0.0
이래봬,0.0
수치화,0.0
뛰지맙시,0.0
읊으,0.0
음가,0.0
음달,0.0
음량,0.0
뚫리다,0.0
뚱냥이,0.0
똘망똘망,0.0
떡케이크,0.0
음번,0.0
음보,0.0
음식사진,0.0
음식점,0.0
음악당,0.0
음음,0.0
의학과,0.0
떼낼,0.0
똥깡,0.0
띠띠,0.0
띠롱띠롱,0.0
의사소통,0.0
의사표시,0.0
의소,0.0
의식주,0.0
응답,0.0
응또,0.0
뛰어들다,0.0
응암동,0.0
뚱하다,0.0
뛰어나가다,0.0
뛰어나오다,0.0
뛰어넘다,0.0
뛰어다니다,0.0
의류,0.0
의무,0.0
응시,0.0
뚜들기다,0.0
응암역,0.0
의기,0.0
의기양양하다,0.0
뚜린,0.0
뚜벅초,0.0
음중,0.0
음층,0.0
떼움,0.0
떠들썩하다,0.0
떠벌리다,0.0
떡국,0.0
베란다,0.0
베레모,0.0
베스트,0.0
베스트셀러,0.0
떡뽁,0.0
떠나오다,0.0
떼웠어욤근데,0.0
떼이다,0.0
떼창,0.0
또기,0.0
또담,0.0
뚜뚜,0.0
또르,0.0
또르르,0.0
똥집,0.0
또리,0.0
또박또박,0.0
의하다,0.0
음화,0.0
음흉하다,0.0
읍내,0.0
똥꿈,0.0
똥망,0.0
똥옵직작,0.0
또륵,0.0
월남,0.0
월년,0.0
월드콘,0.0
월루,0.0
원함,0.0
원형,0.0
원화,0.0
웰빙,0.0
벌스,0.0
웨스트,0.0
웨에엥,0.0
쉐어,0.0
쉘겸,0.0
쉬게,0.0
번진,0.0
웹에디터,0.0
위란,0.0
웰스,0.0
레버리지,0.0
월잇프피,0.0
원칙,0.0
원카드,0.0
레비,0.0
레소토,0.0
레시,0.0
레오타드,0.0
월금,0.0
원활하다,0.0
원흉,0.0
월곡,0.0
렌더,0.0
렌즈삽입술,0.0
렌탈료,0.0
원츄,0.0
원치않다,0.0
레옹,0.0
월회,0.0
웜볼,0.0
월성동,0.0
웨더,0.0
웨딩,0.0
웨딩드레스,0.0
웨딩촬영,0.0
웨딩피치,0.0
위새,0.0
런데,0.0
런데이,0.0
번그,0.0
번꼴,0.0
슈즈,0.0
웨이즈,0.0
웨이코,0.0
웨지우드,0.0
웨딩홀,0.0
위생,0.0
웬만큼,0.0
웬수,0.0
웬일,0.0
웬즈데이,0.0
월송리,0.0
월수,0.0
월영,0.0
월평동,0.0
월욜,0.0
월월,0.0
월월월,0.0
웹사이트,0.0
월전,0.0
월주,0.0
월차,0.0
월치,0.0
월요병,0.0
스미스,0.0
스노우,0.0
스님,0.0
원더,0.0
원도,0.0
버렦,0.0
버릭,0.0
버버리,0.0
레무스,0.0
스맨파,0.0
스며들다,0.0
쉬익,0.0
쉼표,0.0
쉽사리,0.0
슈가,0.0
슈놈,0.0
슈는복받응,0.0
버셈,0.0
렌트,0.0
려니,0.0
렴봄,0.0
워시,0.0
워진,0.0
워캐,0.0
워커,0.0
워커홀릭,0.0
스미다,0.0
원딜때,0.0
워후,0.0
웍스,0.0
원개,0.0
원격지원,0.0
원고,0.0
원교,0.0
스무고개,0.0
원동력,0.0
레츠고,0.0
레터,0.0
원중,0.0
원지,0.0
레토르트,0.0
레투,0.0
레티나,0.0
레퍼런스,0.0
슈주,0.0
렉켄,0.0
레인부츠,0.0
레인저,0.0
레놀라,0.0
레다,0.0
레더,0.0
레드윙,0.0
레모네이드,0.0
렉시,0.0
버들,0.0
월목,0.0
월미도,0.0
월반,0.0
월배,0.0
월별,0.0
월보,0.0
월부,0.0
레쮸,0.0
원천,0.0
레이크,0.0
레인,0.0
원예,0.0
원점,0.0
원정,0.0
레저,0.0
레진,0.0
레쭈,0.0
원질,0.0
유니,0.0
유니세프,0.0
유니온,0.0
락앤락,0.0
락토스,0.0
유망,0.0
유머,0.0
유니크,0.0
웨하스,0.0
유닉스,0.0
유다,0.0
유대인,0.0
유덕,0.0
순응,0.0
순전하다,0.0
순조,0.0
순천시,0.0
유니클로,0.0
라쿤,0.0
라테,0.0
라포,0.0
유상증자,0.0
유성원,0.0
유수진,0.0
유스,0.0
란쟈응,0.0
러셔,0.0
람사,0.0
람지,0.0
랏쏘오랜,0.0
유아,0.0
라즈베리,0.0
라카룸,0.0
러닝머신,0.0
러브스토리,0.0
란치,0.0
유인촌,0.0
유심,0.0
유씨,0.0
유뷰,0.0
유뷰트,0.0
유비,0.0
유사하다,0.0
유산소운동,0.0
법정,0.0
랑귀,0.0
래미,0.0
유아차,0.0
유알모,0.0
유언,0.0
유연근무제,0.0
유연제,0.0
유연탄,0.0
유지비,0.0
법카,0.0
벗겨지다,0.0
벚나무,0.0
유일,0.0
유입,0.0
유자,0.0
유재석,0.0
유종,0.0
유치,0.0
유예,0.0
순위도,0.0
유채꽃,0.0
유청,0.0
유쳔,0.0
유쳔가서,0.0
유추,0.0
유춘식,0.0
유연하다,0.0
랜디드,0.0
랜마,0.0
랜선,0.0
램지,0.0
위중,0.0
위즈,0.0
위성,0.0
위스키,0.0
라켓,0.0
위염,0.0
러신,0.0
러프,0.0
런닝머신,0.0
위임,0.0
위임장,0.0
위장,0.0
위장염,0.0
위암,0.0
레이드,0.0
번번하다,0.0
번식,0.0
번외,0.0
번잡,0.0
벅차오르다,0.0
번가,0.0
번감,0.0
랙홀,0.0
숨쉬기,0.0
숨쉬다,0.0
숨통,0.0
숩니,0.0
숭늉,0.0
번다,0.0
번듯하다,0.0
위원회,0.0
번쨰,0.0
유보,0.0
윗몸일으키기,0.0
윙크,0.0
유격,0.0
유과,0.0
레고랜드,0.0
위탁,0.0
위텍스,0.0
위조,0.0
유기농,0.0
유기묘,0.0
유나,0.0
래일,0.0
래지,0.0
랙쿠선,0.0
랙티,0.0
윈윈,0.0
위통,0.0
런치,0.0
런칭가,0.0
런해,0.0
럴수럴수,0.0
렀습,0.0
렁거려,0.0
위키,0.0
유복하다,0.0
유목민,0.0
유동,0.0
유라,0.0
유러,0.0
유리창,0.0
유리하다,0.0
위피,0.0
유명,0.0
유명인,0.0
유모차,0.0
유부녀,0.0
둥탁이,0.0
뒤로,0.0
뒤범벅,0.0
뒤월,0.0
뒤쪽,0.0
일절,0.0
일분,0.0
일비,0.0
이루,0.0
일생,0.0
일석,0.0
일수,0.0
일식,0.0
드래곤,0.0
드러내다,0.0
일쑤,0.0
일어,0.0
일사천리,0.0
변론,0.0
변명,0.0
변비,0.0
변색,0.0
변신,0.0
변칙,0.0
벼르던,0.0
벼슬,0.0
둥지,0.0
수료식,0.0
별표,0.0
병동,0.0
병문안,0.0
병신,0.0
병역,0.0
변두리,0.0
둥이,0.0
수로,0.0
임대료,0.0
임대주택,0.0
임대차,0.0
임마,0.0
임무,0.0
임뭐,0.0
임박,0.0
일화,0.0
뒹구르르,0.0
일어난다,0.0
일어서다,0.0
일오,0.0
일요,0.0
일용,0.0
일위,0.0
일제,0.0
일조,0.0
일장일단,0.0
뒹글,0.0
듀얼,0.0
드론,0.0
드롭,0.0
드높이다,0.0
드니,0.0
드디,0.0
드라마틱하다,0.0
일직선,0.0
드라이버,0.0
일확천금,0.0
일환,0.0
일회용품,0.0
일흐기,0.0
임금,0.0
임기,0.0
임날,0.0
드라이기,0.0
인턴십,0.0
인텔,0.0
인정받다,0.0
인정이,0.0
인제,0.0
인조,0.0
인종,0.0
인중,0.0
일개미,0.0
일명,0.0
일목요연,0.0
일꾼,0.0
일당백,0.0
수레바퀴,0.0
수렴,0.0
일별,0.0
일보,0.0
일링,0.0
드컷너,0.0
드콘,0.0
득실,0.0
득점,0.0
드루,0.0
드릅,0.0
들고나다,0.0
들기름,0.0
인접,0.0
인환,0.0
드비,0.0
인증서,0.0
듯맘스,0.0
인싸력,0.0
인의,0.0
인장,0.0
인재,0.0
들꽃,0.0
인플루엔자,0.0
인피니티,0.0
일거리,0.0
일경조,0.0
일괄,0.0
일구다,0.0
일급,0.0
드럼,0.0
일복,0.0
드로우,0.0
벽돌,0.0
벽면,0.0
변곡점,0.0
수신,0.0
일동,0.0
일등,0.0
일러스트레이터,0.0
드레싱,0.0
일부분,0.0
일렁,0.0
일련,0.0
일론,0.0
일루,0.0
인하,0.0
인헌,0.0
인화,0.0
인플레이션,0.0
드롱기,0.0
일목요연하다,0.0
일무,0.0
일방,0.0
드릉드릉,0.0
드림파크,0.0
드림하이,0.0
드립,0.0
드물다,0.0
드롭할말,0.0
된장찌개,0.0
됨술취,0.0
두계,0.0
두고두고,0.0
두근거리다,0.0
동창회,0.0
자건,0.0
자게,0.0
일종,0.0
쇼츠같,0.0
쇼코,0.0
쇼크,0.0
쇼타,0.0
돼지갈비,0.0
동작역,0.0
동전,0.0
동조,0.0
쇼은,0.0
입덕,0.0
있는뎈,0.0
있슴요왜,0.0
있었더랬다,0.0
있엌내,0.0
잉여인간,0.0
잉잉,0.0
입버릇,0.0
된장국,0.0
입안,0.0
되돌아오다,0.0
되짘,0.0
임피,0.0
입고갔닼,0.0
입국,0.0
두드러지다,0.0
되찾다,0.0
입소,0.0
잌아닌뎈,0.0
잎사귀,0.0
자가용,0.0
자가진단,0.0
수동,0.0
수두,0.0
수라,0.0
변환,0.0
동질감,0.0
자결,0.0
별다방,0.0
별도,0.0
별미,0.0
별반,0.0
별별,0.0
별빛,0.0
수도권,0.0
수권행위,0.0
입욕,0.0
입자,0.0
입장권,0.0
동파,0.0
동해,0.0
동행,0.0
동현,0.0
동호회,0.0
잊힌,0.0
입지,0.0
입차,0.0
입체,0.0
입추,0.0
입춤,0.0
입영,0.0
자궁,0.0
잊혀지다,0.0
있넼,0.0
두서,0.0
두텁다,0.0
뒷걸음질,0.0
뒷쪽,0.0
뒹구는,0.0
둔감하다,0.0
둘둘,0.0
둘러스다,0.0
입당,0.0
임차,0.0
일초,0.0
일컫다,0.0
일터,0.0
일품,0.0
뒤척거리다,0.0
뒤축,0.0
임비,0.0
둘리,0.0
둘톡,0.0
둥실둥실,0.0
일일이,0.0
일일일,0.0
일일일이,0.0
두툼,0.0
임자,0.0
임젼,0.0
두상,0.0
수긍,0.0
수난,0.0
수납,0.0
수년,0.0
임차료,0.0
임차보증금,0.0
임창정,0.0
두부과자,0.0
수급,0.0
수린,0.0
수립,0.0
수만,0.0
수단,0.0
숏패팅,0.0
수간,0.0
수강생,0.0
수공업,0.0
임삶,0.0
수상하다,0.0
잉크,0.0
입틀막,0.0
입하,0.0
입학식,0.0
입회,0.0
잇따르다,0.0
잇었엌,0.0
수분크림,0.0
임쌤,0.0
두꺼비,0.0
두둑,0.0
두둥,0.0
두둥넘,0.0
두둥를,0.0
수바,0.0
수백만,0.0
수리검,0.0
임즉,0.0
두루뭉술함,0.0
두루치기,0.0
두류역,0.0
두리번거리다,0.0
수서,0.0
수석,0.0
수선,0.0
수룸날,0.0
수락,0.0
벤처기업,0.0
벤틀리,0.0
수위,0.0
수은,0.0
수의,0.0
변태,0.0
변화무쌍하다,0.0
수영복,0.0
드질거,0.0
이의신청,0.0
이이,0.0
이이경,0.0
이이이,0.0
이이일,0.0
디너,0.0
디디다,0.0
디딤돌,0.0
수영장,0.0
따스하다,0.0
따윈,0.0
따윈악,0.0
딱딱하다,0.0
벨라,0.0
베이직,0.0
베이커리,0.0
베일,0.0
벤쓰님들,0.0
베터,0.0
베테,0.0
수험,0.0
수욜,0.0
수용,0.0
베풀다,0.0
벤님,0.0
벤님들,0.0
베짱이,0.0
딤쟈응,0.0
딤채,0.0
딥빡,0.0
딩고,0.0
딩굴댕굴,0.0
이해도,0.0
이해해,0.0
이해해조,0.0
이일천,0.0
이향,0.0
이클립스,0.0
이키,0.0
이태,0.0
이정재,0.0
이제일,0.0
이준기,0.0
이중인격,0.0
이행,0.0
이자보,0.0
이자율,0.0
디자이너,0.0
디지탈,0.0
이윤,0.0
이윤정,0.0
이음,0.0
딩딩,0.0
딤님,0.0
딛다,0.0
딜러,0.0
딜로,0.0
이익,0.0
이인,0.0
이일,0.0
이스,0.0
이스트,0.0
디지털,0.0
이민성,0.0
이민용,0.0
이발소,0.0
이벤,0.0
따님,0.0
땀방울,0.0
땃쥐,0.0
이병헌,0.0
이십분,0.0
이보람,0.0
이부,0.0
딴지,0.0
딸내미,0.0
때둘,0.0
때또,0.0
때로는,0.0
딸도,0.0
이보,0.0
이뤄지다,0.0
때집,0.0
때팀,0.0
땐데,0.0
땡베감,0.0
땡스기빙,0.0
때뭉입니,0.0
때부텀,0.0
이목구비,0.0
따땃,0.0
따라다니다,0.0
따릉,0.0
따릉이,0.0
따분하다,0.0
이수,0.0
떄문,0.0
이모션,0.0
때뼈,0.0
이쁜이,0.0
이산가족상봉,0.0
이삼만원,0.0
이삿날,0.0
이삿짐,0.0
이상만,0.0
이수증,0.0
이순신,0.0
딸램,0.0
이상보,0.0
이상인,0.0
이상향,0.0
이선균,0.0
이세진,0.0
이식,0.0
이신,0.0
이십만,0.0
이쉐기,0.0
딸생,0.0
딸아이,0.0
땀내,0.0
이여기,0.0
이영현,0.0
이예,0.0
이예린,0.0
이슬,0.0
때마침,0.0
수원화성,0.0
이예진,0.0
이온,0.0
이왕이면,0.0
이원,0.0
이유나,0.0
이안,0.0
이어도,0.0
때론,0.0
이슬아,0.0
인곳,0.0
인공,0.0
인공수정,0.0
인과,0.0
인구,0.0
인권,0.0
익절,0.0
인근,0.0
이지나,0.0
인내심,0.0
인덩,0.0
인덱스,0.0
인도,0.0
인격,0.0
이혼,0.0
이화,0.0
이흰둥,0.0
인남,0.0
수첩,0.0
수십,0.0
수여,0.0
벨루,0.0
벼락,0.0
수성구,0.0
수세미,0.0
수송,0.0
인계,0.0
익히다,0.0
인간관계,0.0
인감도장,0.0
인감증명서,0.0
인갱,0.0
인걸,0.0
들이밀다,0.0
들쭉날쭉,0.0
수송동,0.0
인팤,0.0
인편,0.0
들어맞다,0.0
인쇄,0.0
인쇄물,0.0
인수,0.0
인수분해,0.0
인보,0.0
익명,0.0
들추다,0.0
듯나,0.0
듯날,0.0
들락날락,0.0
들려오다,0.0
들먹이다,0.0
들숨,0.0
드세다,0.0
인부,0.0
인드라,0.0
인디고,0.0
인맥,0.0
인문학,0.0
인풋,0.0
인프라,0.0
인프피,0.0
인플레,0.0
인팟,0.0
인친,0.0
인터스텔라,0.0
인터파크,0.0
인사말,0.0
인사이트,0.0
인삼,0.0
인색하다,0.0
인티제,0.0
인척,0.0
이지마,0.0
등기우편,0.0
등나,0.0
등대,0.0
등더,0.0
등돈,0.0
등등하다,0.0
등록면허세,0.0
수채화,0.0
등반,0.0
등본,0.0
등사,0.0
등수,0.0
등심,0.0
익스트림,0.0
익일,0.0
등기부,0.0
익살스럽다,0.0
이하이,0.0
이하임,0.0
이해관계,0.0
이지성,0.0
이지은,0.0
이지혜,0.0
이지훈,0.0
이진상,0.0
등함,0.0
이재,0.0
이점,0.0
디벨,0.0
등왜,0.0
등의컨설팅,0.0
등자,0.0
등저,0.0
등총,0.0
이자인,0.0
이현우,0.0
이현지,0.0
이형주,0.0
수치사,0.0
수치심,0.0
수익금,0.0
수일,0.0
수임,0.0
이치,0.0
수정체,0.0
수용체,0.0
수수하다,0.0
수술실,0.0
수중,0.0
수지,0.0
수지구,0.0
수집,0.0
수자원,0.0
이치란,0.0
이캐뿌고잉,0.0
이케아,0.0
디에트르,0.0
이쯤,0.0
이창섭,0.0
이처,0.0
이태리,0.0
이현,0.0
이특,0.0
이하원,0.0
이천,0.0
이천이,0.0
이충동,0.0
이츠미,0.0
수원역,0.0
듯저,0.0
듯함,0.0
이토,0.0
