video_id,comment_id,author,text,like_count,published_at
F37MHn7fMyE,UgydcMFcR7D2yz23_E14AaABAg,@kunho3337,전부 잘 보고있다가 냉장고보고 빵떠졌습니다 ㅋㅋ 아니 냉장고안에 물건들이 너어무 많으신대요.. ㅋㅋ,9,2025-10-11
F37MHn7fMyE,UgyhRsgEbFko6u0ZUvx4AaABAg,@떼껄룩-f9x,"린클 저는 너무 잘 쓰고 있는데 조금 번거로우실순 있으시지만 몇가지만 지키면 정말 편합니다..! 냄새도 안 나서 저는 1인가구라 음식물 양이 적은 점도 있지한 구매한지 2~3년 넘었는데도 필터 한번도 안 갈았습니다.

1. 남은 음식물 싱크대 채반에서 물로 한번 헹궈서 넣기
2. 부피 큰 음식물은(수박 밑동) 칼이나 손으로 좀 조각 나눠서 버리기
3. (당연하지만) 음식물쓰레기에 버리면 안되는 것 넣지말기(뼈, 가시, 흙대파 뿌리, 양파껍데기, 딱딱한 껍데기, 된장, 고추장 등등 일반쓰레기로 버려야 하는 것들)",3,2026-02-11
F37MHn7fMyE,Ugy2KtECNBCFk_ZR4vF4AaABAg,@뽀시-h9d,음처기같은경우는 미생물식 뿐만아니라 건조가열식도 양념같은건 다 물로 헹궈 써야합니다 건조가열식은 그냥쓰면 내솥코팅 금방 다 벗겨져서 떡짐 진짜 음처기는 어떻게 쓰냐의 차이인듯,6,2025-10-05
F37MHn7fMyE,Ugwd5GvevtEK7RMvhT14AaABAg,@Juu_0412,음식물처리기 건조분쇄식도 문제인게 내솥 코팅 벗겨지면 새로사야함ㅎ안바꾸면 음쓰가 떡져서 답도없음 세척 개힘듬 내솥도 6만원씩함 결론 아직 음식물처리기는 기술발전이 더필요...나중에 사자,3,2026-02-08
F37MHn7fMyE,UgxnYorO33Xs6itz2jR4AaABAg,@박뚱땅-c7m,에어컨은 어떤거 사용하시는지 궁금합니다.!!,3,2025-08-20
F37MHn7fMyE,UgzvvlbFvcCdmp8Qdet4AaABAg,@백산수-u1g,ㅜㅜ내일 견적받으러가는데 언제 올려주시나요,6,2025-07-29
F37MHn7fMyE,UgxK9F2ddrDtnqEJ0KZ4AaABAg,@도비둡둡,알림신청합니다아앙,0,2026-01-26
F37MHn7fMyE,UgzqP8x2a3Ai2JbmI2V4AaABAg,@Landload-x9g,알찬 정보인데 마지막 조언을 듣고 언쳐버렸어요. TV를 사지 말라니... 응;;,0,2026-05-15
F37MHn7fMyE,UgyN8fOqivXCvBgeHsF4AaABAg,@유투브-e8w,돈관리는 어떻게 하고 계신지 궁금해요!!,0,2025-10-02
F37MHn7fMyE,UgytQWvDLlcg0J6G1oh4AaABAg,@넹글-x4y,세탁기 모델명 알 수 있을까요??,0,2025-08-20
F37MHn7fMyE,Ugwk8QIhNZ9yjPRDqUR4AaABAg,@lovely-pudding,린클은 어떻게 버리고 관리하냐에... 그냥 씻어서 버리면 잘되여 전 4년 넘게 잘씀,0,2026-01-13
F37MHn7fMyE,UgzoeYyok7xNeLYs0xZ4AaABAg,@나는돌떵이,내가 산 가전 최고 템이 린클 음식물 처리기임 ...제대로 쓸 줄 몰라서 그런거에요,1,2026-04-27
F37MHn7fMyE,UgxE2ASsfXNq1EBbt6F4AaABAg,@ejk2514,"린클 처음 와디즈 펀딩할때부터 사서 5년 넘게 쓰고있는데… 전 만족해서 엄마집, 오빠집에도 사줬거든요.
다들 만족하면서 잘쓰긴하는데 이상하게 엄마집 미생물만 항상 악취가 나면서 질퍽해지길래 (그 문제때문에 매년 미생물 새로 사고 as도 보내심)
왜그러나싶었더만
최근에 제가 이유를 알았어요.
전 5년 동안 필터 교체한 적 없을 정도로 냄새 1도 없었는데
최근에 다이어트한다고 사놓은 야채들 엄청 버릴때랑, 수박껍질 많이 버릴때
이러면 2-4주정도 냄새가 많이 나더라구요.
생각해보니 엄마집도 오래된 김치나 야채같은거 위주로 엄청 버리심…
미생물이 탄수화물을 가장 좋아하는 거 같고,
저탄고지 식단 몇년 하면서 단백질+지방만 버릴때도 상태 멀쩡했는데
섬유질이 최악인 거 같더라구요.
여행간다고 10일씩 집 비워도 미생물 죽은 적 없어요.
섬유질 같은 것만 너무 많이 나오면 따로 버리는 걸 추천합니다.",26,2025-09-04
F37MHn7fMyE,UgzJLTDXkCFORGhwAAh4AaABAg,@박미진-x9y,"본가에서 저 세탁기 쓰고, 신혼집에서 지금 25년 신형 워시타워 쓰고 있는데 후회한적 1도 없음ㅎㅎ우선 세탁시간도 신형이 더 적어요 그리고 자세투는 진짜 너무너무 잘쓰고 있음. 나는  다음 세탁기도 자세투는 있는거 쓰고싶음ㅠㅠ본가에서도 보통은 캡슐세제넣는데, 빨랫감 한두개일때는 어쩔수없이 일반 액체세제 써야했음. 본인이 평소에 세제나 섬유유연제에 관심많고, 넣는 양도 잘 지킬수 있고 그런 꼼꼼한 사람이면 전자가 확실히 나은 선택일듯. 근데 저같이 집안일에 무심한 성격이면 무조건 자세투 쓰세요ㅋㅋ세상 편하고 세제값도 덜나감ㅋㅋ",4,2025-12-22
F37MHn7fMyE,Ugw0CskNybqw3AF-L3F4AaABAg,@user-ts7tn2hv5n,"컨버터블 냉장냉동김냉사서 잘사용중이에요~
4도어도사용해봤는데 오히려 정리안하니
더지저분해지고 키가작다보니 안쪽은 사용이안되서 크게의미가없는거같아요~ 각자라이프스타일이맞겠지만 저는  두개다써본결과  후자쪽이훨씬만족스럽습니다ㅠ",6,2025-08-05
F37MHn7fMyE,UgwsyAyP8-ogDA1OCDd4AaABAg,@기미중-h1v,"LG 베스트샵에서 저 항목을 다샀는데 1200도 안들었다구요 ?? 
ㅎㄷㄷ ;;;",0,2026-05-19
F37MHn7fMyE,UgzI73jj_0tTmfrZ1Hp4AaABAg,@기미중-h1v,"LG 베스트샵에서 저 항목을 다샀는데 1200도 안들었다구요 ?? 
ㅎㄷㄷ ;;;
LG타워, 포도어냉장고 빌트인, 뷰5 투인원 에어컨, 5벌용 기본 스타일러만 사도 1천가까이 나오던데",0,2026-05-19
F37MHn7fMyE,UgxQs0jc4FGJYFJ9V9F4AaABAg,@bubblee._,"📌영상 타임라인
0:00 인트로
1:00 혼수가전 구매 리스트 & 총금액
3:04 LG전자로 통일한 이유
5:44 설치&배송 만족도
7:52 1년 실사용 장단점
22:09 마무리

🧾 구매한 가전 리스트
LG 컨버터블 냉장고·냉동고
https://www.lge.co.kr/convertible-ref...

LG 트롬 FX25WJNS (세탁기) RD20WJNS (건조기)
https://www.lge.co.kr/wash-tower/w20wan

LG 트롬 스타일러 (고압 스티머/제습 기능)
https://link.coupang.com/a/cFyTV9

LG전자 디오스 오브제컬렉션 빌트인 식기세척기 14인용
https://link.coupang.com/a/cFyUqa

LG 휘센 에어컨
https://www.lge.co.kr/air-conditioner...

LG전자 디오스 오브제컬렉션 광파 오븐 방문설치
https://link.coupang.com/a/cFyRfi

샤크 에보 파워 시스템 무선 청소기 ADV CS601
https://link.coupang.com/a/cFyQtM

린클 그래비티 음식물 처리기 제로 베이지
https://link.coupang.com/a/cFyQPG

*24년형 제품 중 검색되지 않는 제품은 25년형으로 대체해서 넣어두었습니다
(쿠팡 링크 구매를 통해 발생하는 소정의 수수료는 채널 운영에 활용됩니다 🙇🏻‍♀)

영상 속 내용이나 관련해서 추가로 궁금하신 점 있으시면 댓글로 남겨주세요! 빠르게 답글로 알려드리겠습니다 😃",12,2025-07-18
F37MHn7fMyE,Ugz5dvYKgM_0TDqI94N4AaABAg,@뺘뺩-o2z,혹시 냉장고 옆 세탁실 가리개?? 저거 어디서 구매하셨는지 알 수 있을까요? 저희집이랑 구조가 똑같아서요!,3,2025-09-20
F37MHn7fMyE,UgweL71zDQsczQlyMcp4AaABAg,@bca7222,"부지런하신분 같네요..ㅎㅎ

그리고 매니저님이 영업능력이 좋으시다..😂 딱 듣고싶은 이야기를 해주시는거같은...!


자동세제투입, 무선청소기 먼지비움 스테이션 이런거 진짜 편한데...

린클은 저는 마라탕버려도 괜찮은데.. 과일채소 많이드시는분하고는 안맞나보네요..😢",1,2026-02-13
F37MHn7fMyE,UgzAzcFgPK-EnmjNMAl4AaABAg,@Iphonegalaxy80,잘봤습니다!,2,2025-07-20
F37MHn7fMyE,UgzH6Zbygx9sdAtSwNd4AaABAg,@briteJK,똑띡이 부부시네용~,1,2025-09-29
F37MHn7fMyE,UgwGynCFJEhSDQ3yA7x4AaABAg,@user-ee4ov6qj8e,"혼수가전같은경우  직접가서사는거랑 쿠팡같은데서 사는거랑 어디가 더나을까요?
결혼준비예정인데   혼수가전은 세트로하면 할인이된다고하던데...",0,2025-09-10
F37MHn7fMyE,Ugweh3OVP-7FQBd5D4B4AaABAg,@전예슬-l9q,와! 진짜 유용한 영상이었어요🥹🥹감사합니다~!,2,2025-12-07
F37MHn7fMyE,Ugzkn4rOi65doD7RphZ4AaABAg,@songineers,린클 1년넘게잘쓰고있습니다,1,2026-04-04
F37MHn7fMyE,UgzWhRHCtqQ7d0Ce4dp4AaABAg,@phronesis6955,"야무지세요 진짜🥹 리뷰 도움 많이 됐습니다.
저희도 2인 가구에 자녀 계획 없어서 비슷한 사이즈 냉장고로 구매할 예정이었거든요. 말려주셔서 감사해요.
혹시 냉장고 용량이 몇인지, 또 다시 사신다면 몇리터를 사고 싶은지 알 수 있을까요?",8,2025-07-20
F37MHn7fMyE,Ugy3U827Y9Qw8BDGTl94AaABAg,@하꾸나마타타-z4l,잘 봤습니당😆 냉장고.. 큰거.. 메모..,4,2025-07-18
F37MHn7fMyE,UgzLDBDu7cl-Ym4lOL54AaABAg,@poi33557,13:06,0,2026-06-12
F37MHn7fMyE,Ugykgt5_AEFI5ykri8F4AaABAg,@포카포카,"김냉 약 150
세탁기 약 300 
식세기 약 200 
썻는데 음 ... 세탁기 자동투입이 전부 안돼는거였내 ?? 야발 ;;",0,2025-11-24
F37MHn7fMyE,Ugz3sjuqrnWB3kVAYox4AaABAg,@날아너는이미,"정리를 잘해주셨네요 LG전자 베스트샵 판매 대명장입니다. 자려고하던중 우연히 알고리즘에떠서 보고 글남깁니다.

제가 혼수상담할때 말씀드리는 그부분 딱 집어주셨네요.

냉장고 특히 컨버터블의 장점은 디자인 하나고 그외 모든게 단점입니다. 공간도 공간이지만 설치할때 따로 시공도 필요한경우가 대부분이고 가장큰문제는 용량을 떠나 냉각방식이 직냉입니다.

나중에 벽면에…얼음이 ㅎㅎ 국내생산도 아니고 보통 용량이 1개에 300L급인데 4도어 일반 모델이 870L정도로 난꼭 컨버트블을 사야겠어 하면 냉장 냉동 김치 다사야 좀더 큰거죠. 

또 문제는 다품목할인 제외품목이라는 점이죠. 할인율이 점프하는 구간대에 맞았다면 상관없지만 애매하게 모자랄때는
할인율차이가 크거든요

난꼭 튀어나오는게 싫다? 그러면 세미빌트인 냉장고(600L정도) 가시고 분명 추후에 부족하실때 김치냉장고를 추가 구매하시면 됩니다.

요즘 김냉은 다용도냉장고로 냉동/육류/야채/과일 전용모드가 있을정도로 다목적이고 술장고로쓰기도 좋습니다. 일반냉장고 대비 정온유지 기능이 월등해서 가격은 비싸지만 그만큼 문열고닫을때의 온도차로 재료변질도 적죠.

추가적으로 세탁건조의 경우 맞는말씀이지만 곧 출시예정인 워시타워 말고 워시콤보(세탁+건조 일체형) 이 대폭 업그레이드가 되니 해당모델+미니워시 조합을 추천드려요 저도 애기가 생기다 보니 생각보다 소량빨래할때 필요하더라구요.

마지막으로 식세기는 꼭 열풍건조 있는 모델을 사셔야합니다. 다른건 그렇다쳐도 열풍있고없고의 차이는 큽니다.

매장의 경우 일반 오픈매장보다는 리뉴얼, 신규오픈매장이 보통 본사(담당) 지원으로 사은품이 하나라도 더 나오니 추천드리고 굳이 오픈점이 아니더라도 왠만하면 직영매장에서 사은품은 다 맞춰줍니다(지점장님 승인 받아서…지점판촉비 녹아내리죠)

할인된 결제가 기준 300/600/1200/1500/2000순으로 금액구간대 할인추가, 큰 판촉은 월단위로 바뀌고 세부 판촉은 주단위 변경이고 품목은 3.6.9 기억하시면 좋습니다 보통 그 개수에서 점프합니다만 모든제품이 적용은 아닙니다(ex. 전자렌지, 밥솥 제외 처럼)

주말판촉의 경우 금~월요일 적용이니 평일보다는  해당일 방문이 좋습니다. 

더말씀드리고 싶은부분이 많지만 이만 마치겠습니다.",148,2025-07-29
F37MHn7fMyE,UgyaFw1BJTRpMh50QCp4AaABAg,@MJ-sq7gm,14:03 그럼 판매했는데 저거하시지 그러셨어요 할까유 ㅋㅋ 립서비스죠,19,2025-10-17
F37MHn7fMyE,Ugx_NDPnTqVqX9mcgbl4AaABAg,@보람찬-i6,감사해요 저도 티비구매안하려구요 ㅎㅎ,0,2026-05-13
F37MHn7fMyE,UgzJiKFLHopvIyvyODd4AaABAg,@WwzzPp,린클이 저 정도 되려면... 음식물을 하루 권장량 이상 넣으신듯합니다.. 기름진것도 다 때려넣으신것같고..,65,2025-08-05
F37MHn7fMyE,UgwD0lurktLJar8q7p54AaABAg,@thetruth9272,"1. Lg를 사면서 가성비를 생각한다면 삼성을 가야함
2. 세제 자동투입이 없는건 세탁기가 아님 차원이 다름
3. 엘지삼성 청소기를 사는 이유는 바닥닦이 기능까지 같이 있어서임.(로청으로 닦아도 안되는 부분까지 잘닦임)
4. 린클은 사용법을 잘 알면 최고(as도 겁나 잘해줌) 
5. 백화점이 더 싸고 조건이 더 심플하며 내부재질이 더 좋은 경우가 다수. 상조, 렌탈할부 등 강요. X 
6. 34평 이상의 집에서는 의류관리기와 건조기의 제습기 무쓸모. 기능도 많이 좋지 않을뿐더러 큰집에 효율이 안좋음. 그냥 제습기 들이는 게 좋음.
7. 가장 중요한게 아기가 생기면 1분이라도 내 시간을 줄여주는 아이템이 중요함. 몇십을 더 주더라도 옵션있는 가전 할걸 하는 생각 할듯...",37,2025-10-09
F37MHn7fMyE,UgxoxBZqeDHekL_-Jzt4AaABAg,@Vitamin-C-j,저 세탁기 모델명 좀 알려주세요!,0,2026-03-22
F37MHn7fMyE,UgzSXs92RF0IUWmTYaB4AaABAg,@silver__jjung,워시타워 자동세제 수출기능인데 진짜 편해요 이것때문에 일부러 프리미엄 모델 샀어요. 세제랑 유연제 그냥 한번 넣어두고 알아서 해주니까 좋아요 매번 얼마 넣지 번거롭지 않아서 좋아요. 그리고 코드 청소기 엘지꺼 좋아요 청소기야 말로 저는 제일 자주쓰는 도구이기 때문에 좋은거 사야 한다 생각했고 샤크 모델과 다르게 먼지통 비우기가 자동으로 있고 스팀 물걸레질도 같이 할 수 있어서 좋습니다. 요 두개는 저랑 다른 의견이라 남겨봅니다~~~,6,2025-10-22
F37MHn7fMyE,UgyWpfAGIekuBvmvGIt4AaABAg,@Sweetlime1,음식물쓰레기는 제때 밖에 있는 음식물쓰레기통에 버리는게 제일 좋다고 생각합니다..!,0,2025-09-18
F37MHn7fMyE,UgzY1M9amurN3F-UTwR4AaABAg,@자유의날개-g5k,그냥 인터넷 최저가 검색해서  맘에 드는 년식 모델 사는게 가장 저렴 합니다,0,2026-01-30
F37MHn7fMyE,UgzXxCaHzAOs-nBUEKl4AaABAg,@rinus-q7p7n,불닭도 소화하는 린클인데 뭘 얼마나 때려박은 거임,0,2026-03-01
F37MHn7fMyE,Ugz_pNkhKSLZhGfmv754AaABAg,@sg-jl6xm,"Lg냉장고 4도어 아이스크래프트기능 있는거 절대사지마세요 
고장많아요 곰팡이냄새 이슈도있고
아이스크래프트 고장 유튭에 검색해보시고 구매결정하세요
예전 LG아니에요 
저의 착각이었습니다",0,2026-05-20
F37MHn7fMyE,UgyBxW7ChRkLsRhPMIB4AaABAg,@다람쥐주인,"린클 2년 넘게 엄청 잘 사용중입니다. 밖에서 음식 먹는일이 많아서 린클을 거의 한달 가까이 굶겨도 봤고, 2년 넘게 쓰면서 아직 필터 한번도 안 갈아봤어요(제조사 필터 권장주기가 냄새나면 갈아주라고 하는데 냄새가 안 남) 저는 설거지할때 씽크대 계수대에 음쓰를 다 버리고 설거지 하면서 음식물 양념같은건 자연스레 씻기도록 둡니다. 그리고 설거지 마지막에 린클에 계수구멍 비우면서 마무리를 하고 있어요. 맵고 짠거 저도 물론 먹지만 설거지물에 씻겨나가서 그런지 미생물 나빠져본적도 없네요.",30,2025-07-21
F37MHn7fMyE,Ugzlk7aqT1c-C59RG954AaABAg,@홍정현-f7e,전 컨버터블 잘 쓰고 있어요 깊지 않아서 안쪽까지 잘 보이고 냉동이 커서 좋더라구요 젤 중요한 톡튀하는 뚱땡이 냉장고도 아니구요,4,2025-07-24
F37MHn7fMyE,UgxgHRhY9A3lYxtd_HR4AaABAg,@오잉또읭,화면에 머리카락 붙은줄알고 닦았네요ㅋㅋ,1,2025-10-17
F37MHn7fMyE,UgwDxAdhYZ1L8oqNtot4AaABAg,@홍홍-n6l1f,"닷컴용은 매장서 안팔기도하고.. 원하는 기능이 들어간 제품을 사려고하니 묶음할인이라해도 엘지닷컴이 더쌈
베스트샵 세군데 견적받아봤는데 느낀게 그럼.. 제품수만 맞추려면 오프라인도ㅈ괜찮을지언정 제품마다 내가 원하는옵션 있는 제품 찾으면 오프라인은 아무리 혜택 때려넣어줘도 닷컴은 못이김",3,2025-08-03
F37MHn7fMyE,UgyfZYrJjKFxW80qjGR4AaABAg,@브컴,잘 몰라서 그러는데 5개월 카드 할부로 결제한거면 부부가 같이 혼수를 장만한건가요??,2,2025-09-27
F37MHn7fMyE,UgySO0ImlbnGHROUYax4AaABAg,@SonminYu,"제일
비싼 품목이 에어컨이랑 티비인데
에어컨은? 어떻게 하셔ㅛ어요?",1,2025-08-11
F37MHn7fMyE,UgxCoqavosThjMHENWl4AaABAg,@MJ-sq7gm,lg는 세탁가전같은경우 스팀들어가면 엄청 비싸짐. 삼성제품은 자동세제투입기본이고 도어오토오픈기능있어서 좋음. 그냥 엘지 좋아해서 엘지 샀다규 하셔요,4,2025-10-17
F37MHn7fMyE,Ugz0m2zxF8zM2f3hPud4AaABAg,@박선정-k4g,저희도 2인가구고 지금 6년이상 린클 써왔는데 미생물 죽은적 한번도 없는데....필터도 6개월에서 1년주기로 갈아주라고 하지만 저는 냄새도 별로 안나고 해서 여태 한번인가밖에 안갈아줘도 냄새 별로 안나고 좋더라구요. 오히려 분쇄형식이 냄새도 더 나고 필터를 더 자주 갈아줘야 한다던데....린클 저는 너무 잘쓰고있어서 강추템인데 안타까워요. 왜 그렇지?,23,2025-07-21
F37MHn7fMyE,UgxgdRC1EVd0ESBsdc14AaABAg,@i_am__houwjs,시용하는 가성비 세탁기 건조기 정보좀요ㅠㅠ,0,2025-10-08
F37MHn7fMyE,UgyRcDmeSiJZfcw_0AF4AaABAg,@이대로-s5d,린클 뭔가 잘못 사용하신듯. 저는 두개 제품을 몇년 썼는데 어주 만조괍니다,0,2025-11-12
F37MHn7fMyE,UgyLbzGCjT1-LqteIGx4AaABAg,@눈덩이-q4p,저도 린클 사고 후회중입니다 ㅠㅠ,0,2025-09-12
F37MHn7fMyE,UgxN0Pvwfr9sHq0m5sJ4AaABAg,@오아아앙-g8u,결국엔 다 지자랑인거같은데..그리고 린클 잘만 쓰는데 ..무슨..린클에 음식물 넣지 말라는것도 막 넣어도 잘만 된다..; 얼마나 관리를 못하면; 단점을 얘기 거의 안하고 자기가 선택한게 다 잘한거마냥 영상 올려놨누 시간아깝네,5,2025-10-04
F37MHn7fMyE,UgxQ5OAqO8omB5P3t1h4AaABAg,@abs2664,헬지 를 샀다구요????????,0,2025-09-08
F37MHn7fMyE,UgzXxIxM9xKH58edcZt4AaABAg,@으잇-f7y,"베스트샵에서 견적받고 할인받았다고 자기위안하는거 겁나웃김 ㅋㅋ
애초에 가격 비싸게 올려놓고 후려치는건데 ㅋㅋㅋ
이런걸 컨텐츠라고… 여러분들은 온라인으로 할인받고 필요한것만 합리적으로 사세요. 
이 영상은 가성비고 뭐고 욕심 그득하게 살거 다 사고 , 돈 낼거 다낸거임",5,2025-12-15
F37MHn7fMyE,UgxR6AUBIqq8F4r-8Q54AaABAg,@꾹몬,티비는 어떻게 하셨는지요,1,2025-08-03
F37MHn7fMyE,Ugy_ITLNM7tlWfFeXNp4AaABAg,@대중-i6m,잘봤습니다!,0,2026-06-01
9S3M7Vi0tqo,UgzO8O85Kkqw58BVNcJ4AaABAg,@_m_m3171,감사합니다.,65,2022-11-24
9S3M7Vi0tqo,UgwmF1L_TkaOeLJIr8t4AaABAg,@withraeo4865,무료로 보는게 미안해질정도의 퀄리티.. 감사하다!,168,2023-02-05
9S3M7Vi0tqo,UgwCLiTyVsZv9gZHPLt4AaABAg,@polarstar7777,재품 보다 비교 분석이 더 놀랍다,58,2022-08-10
9S3M7Vi0tqo,UgxA7mNhwxMvuDBZ7vd4AaABAg,@Erica0200,아직 살 생각이 없는 데도 이 영상을 보고 있는 나....이런 실험은 왠지 해당 회사들에서도 안해서 이 영상 참고할 듯 ㅋㅋ,13,2022-11-11
9S3M7Vi0tqo,UgwXpTpiAQUGjY7q3PV4AaABAg,@팔보쿠,노써치 만한 채널이 없네,192,2022-04-09
9S3M7Vi0tqo,UgwAg-cNBXEtqmzMOnB4AaABAg,@luxorbeer8744,큐커사려다가 삼성직화오븐으로 마음이 기울던 참이었는데 영상이 너무 도움이 됐어요!식세기세제리뷰 보다가 이 영상까지 보게 됐는데 이런 고퀄리티의 수고로운 영상 위주의 채널이네요~! 구독합니다🙂,109,2022-04-15
9S3M7Vi0tqo,Ugw49LHTJojNn6oPDsp4AaABAg,@Wisdom316,"와~~박수드립니다~👍👍👍
리서치 수준이 최고입니다~♡♡",11,2022-11-15
9S3M7Vi0tqo,Ugy1emarzSpJIutxfZ94AaABAg,@인내와감사,우와~~ 정말 깔끔하고  결정 내리기 쉽도록 모든 제품의 성능과 사용성과 빈도와 불편성과 세척까지~~~ 너무 자세하게 설명해주셔서 보기 편하도록 깔끔하게 알려주셔서  감사합니다~  많은 도움 되었습니다~^^,9,2023-10-22
9S3M7Vi0tqo,UgyELfQTHAPVhflr9sd4AaABAg,@나무늘보-q8h,"정말 애써서 만들어주셨네요
구매에 도움되네요",20,2022-07-04
9S3M7Vi0tqo,UgxvT1GwFraa_9Zr5Op4AaABAg,@ddo2home,"진심 대단하십니다.
이렇게 많은 수고와 노력이 들어간 찐 제품리뷰에 감사드립니다",75,2023-03-14
9S3M7Vi0tqo,Ugw53j4vBqPFYWBVO_p4AaABAg,@잇히-h5n,퀄리티가...논문으로 쓰셔도 될 정도네요ㄷㄷ,10,2023-01-29
9S3M7Vi0tqo,UgwC3y5eOP-BOgkYcxV4AaABAg,@sosozzang8689,"자취생인데 영상에 sk멀티플렉스 잘 쓰고있습니다. 자취생에겐 가성비 최고.
냉동밥 데우기. 핫도그나 미니붕어빵 데워먹기도 좋고, 스테이크도 잘 구워서 먹어요. 크로와상도 해보려고 사뒀는데 아직 못해봤네요. 영상처럼 잘 나오기를 ㅋㅋㅋ",20,2022-04-24
9S3M7Vi0tqo,UgxNj2JP_RUL4_1mhTZ4AaABAg,@GorzeJin,와 너무 전문적이게 잘 비교 해주셨네요,7,2022-11-08
9S3M7Vi0tqo,UgwpnjQuZmOqPXFRqS14AaABAg,@mnbvbnmz,엄청 전문적인 리뷰 감사합니다!,12,2022-10-26
9S3M7Vi0tqo,UgyYcMwkcwwp8CqahEZ4AaABAg,@user-xt5sn1il1t,sk매직 제품 1년넘게 쓰고있는데 특별히 문제는 없이 만족하고 쓰고있지만  외부 발열이 심하긴 합니다. 그래서 에프모드 돌릴때는 혹시 불안해서 다른 전자제품이랑 떨어뜨려야 하는 번거로움이 있습니다.,36,2022-04-08
9S3M7Vi0tqo,UgxfGE2wvsBZ7onJIdt4AaABAg,@jmy3480,영상제작 고생많으셨습니다!! 덕분에 구매에 큰도움 됬어요^^,3,2023-08-24
9S3M7Vi0tqo,UgzUfHvttOFpQwvyhml4AaABAg,@S_toon,항상 잘 보고 있습니다.,4,2022-04-08
9S3M7Vi0tqo,UgzAZFPIAHPYOdmi8Lp4AaABAg,@nonamejye,우와 광파오븐 알아보는 중인데 자세히 비교해주셔서 도움 많이 되었습니다. 감사합니다 ^^,3,2024-08-18
9S3M7Vi0tqo,UgxG6Q-UY7bs4Q7jQth4AaABAg,@삨삐,완전 도움됐어요 고퀄리티 자료 너무 감사드립니다!!!,0,2024-07-08
9S3M7Vi0tqo,Ugxpzz2wvt_s5SKVygN4AaABAg,@swpark77,내돈내산은 추천이죠. 정성스런 리뷰 잘 봤습니다. ,1,2022-09-03
9S3M7Vi0tqo,Ugweax04p4x1STtpFgN4AaABAg,@jellyppi96,정말 감사합니다 ㅎㅅㅎ 큐커 장단점 잘 적어주셨네요,1,2024-05-06
9S3M7Vi0tqo,UgxM38Zr8YL-VQ3k_LV4AaABAg,@냠냠먹자-q3s,와 진짜 정성이 정성이.. 대단하신 거 같아요 정말 너무 감사합니다 ㅅ구독!!!,1,2024-02-04
9S3M7Vi0tqo,UgxY7RyxV6MSYJ_zTHh4AaABAg,@kryzmn,6:56 정말 궁금했던 부분이었는데 너무 잘 비교해 주셨네요. 도움 많이 받고 갑니다.,1,2025-04-06
9S3M7Vi0tqo,UgzDeapsuODAryQTJhx4AaABAg,@subakpepe7073,이거보고 저 삼성 직화오븐 주문했는뎅 제발 맘에 들었으면 좋겠어요 ㅋㅋ,11,2022-05-03
9S3M7Vi0tqo,UgzBKj98AmhBSgyqpvR4AaABAg,@mmmmmm-ug5pt,감사합니다. 큰 삼성큐커 직화오븐 주문하려고하는데 큰 도움 받았습니다~!,0,2024-10-18
9S3M7Vi0tqo,UgwXn0J82xFvnT6QeIp4AaABAg,@M31-g3w,고민을 한방에 날리네요..고민해결 감사합니다..최고의 리뷰입니다.,1,2023-08-05
9S3M7Vi0tqo,Ugy9YCkd8h4n2Gh7DLp4AaABAg,@sugarsugar9486,"삼성직화오븐 쓰고 있는데요, 사용자가 가장 자주 쓰는 메뉴가 맨 앞으로 오게 되어 있어서, 하루만 지나면 전자레인지가 제일 앞으로 와요. 세탁기 건조기 모두 제일 자주 쓰는 메뉴가 맨 앞으로 오게 되어 있어요.",40,2022-04-16
9S3M7Vi0tqo,UgzRAgFVoV74feYsen54AaABAg,@꼬순정,감사합니다. 고민이 많았는데 결정하는데 큰 도움이 되었습니다,0,2024-03-24
9S3M7Vi0tqo,Ugzc6UwP7MP9RLnrAKd4AaABAg,@rhakdnj-r5k,와…정말 짱이에요 노서치 👏👏👏,0,2023-01-28
9S3M7Vi0tqo,Ugzye1ftTRX8I2H056l4AaABAg,@뚜비두밥-k9d,안그래도 요즘 눈에 많이들어와서 관심갔는데!! 잘 봤습니다~,5,2022-04-08
9S3M7Vi0tqo,UgzBmtp_-w2HsWDVZK14AaABAg,@kim37261,광파오븐이 도대체 레인지 기능이 동시에 되는지 한참을 찾았는데... 여기서 확실하게 알고 가네요... 감사합니다.,5,2022-10-24
9S3M7Vi0tqo,UgyAEg6DOjbdz_CnSf54AaABAg,@알타리-q6q,많은 도움이 됐습니다. 감사합니다.,2,2023-09-12
9S3M7Vi0tqo,Ugxp5xipDx3aNJE7odl4AaABAg,@yyy-dk7vd,정리 미쳤다 도움받고갑니다❤,0,2024-07-21
9S3M7Vi0tqo,Ugw8-BEJfzbQKUDrszR4AaABAg,@haewoongj8204,너무 좋은 정보 얻고 갑니다. 고맙습니다.,8,2022-04-27
9S3M7Vi0tqo,UgymC2OVPcZgab_h7ax4AaABAg,@gniggid1234,"와 광고가 아닌 제대로 된 리뷰네요. 바로 구독, 좋아요 눌렀습니다!",42,2023-02-01
9S3M7Vi0tqo,Ugyp4abT7dcS20LReMp4AaABAg,@thomasa8327,오브제 사용중인데 자동메뉴가 여러가지 설정되어있는것도 장점인거같아요 음식재료넣고 몇분설정해야하나 고민할필요가없어요 예를들면 냉동피자면 냉동피자를 다이얼로 선택하면자동으로 조리시간을 알아서 맞춰주는데 거의 정확하게 맞더라구요,28,2022-04-08
9S3M7Vi0tqo,UgwW7nJMTm72-qus4UV4AaABAg,@긍정확신,와... 고민중이었는데 바로 해결.. 저는 베이킹을 하고싶었던거라 삼성 직화오븐이나 sk매직 가면 되겠네요 ㄷㄷ,0,2023-10-20
9S3M7Vi0tqo,UgwMej_xViqBa7CYjnd4AaABAg,@yrrhh-g7b,감사합니다 큰 도움 되었습니다,0,2023-08-14
9S3M7Vi0tqo,UgxUPmFn-Bncf32IerJ4AaABAg,@yeonjunkim-qf3kp,이런 자세한 비교가 있다니 감삼다,1,2024-03-28
9S3M7Vi0tqo,UgxPL0d0btzpJ05ZdHF4AaABAg,@antoinail6116,너무 도움이 되었어요 감사합니다!!👏👏,1,2023-05-17
9S3M7Vi0tqo,UgyAF1VuUpYoP3fzc9l4AaABAg,@Ppd73833,영상 퀄리티 말도안된다,2,2025-02-18
9S3M7Vi0tqo,UgyXAxgHzM2xF9pAPAN4AaABAg,@evvyseo,헉 감사합니다! 덕분에 비교가 잘 되었어요!! 엄마께도 보여드려서 사려구용 오브제가 제일 좋아보이긴 하네요...!,3,2022-11-06
9S3M7Vi0tqo,UgzUaxsxe3c05DfEELt4AaABAg,@김소현-i4l,"감사합니다
LG오브제 쓰는데 대만족입니다
비교분석해주셔서 감사합니다",1,2024-02-15
9S3M7Vi0tqo,Ugw5ogizX5PXLOxnWKV4AaABAg,@랭킹나라2,전문포스가 느껴지는 퀄러티입니다😊,0,2024-03-10
9S3M7Vi0tqo,Ugzmyz8DWpRkHEWUywt4AaABAg,@플러그라이프,대박 리뷰!!,1,2023-12-04
9S3M7Vi0tqo,UgyhSZFI-YiWkzs6Zct4AaABAg,@6ton454,퀄리티높은 영상이네요 도움 많이 되었습니다 감사합니다,5,2023-03-10
9S3M7Vi0tqo,UgxjipohTg701-NCxI14AaABAg,@유-o4u,이렇게 자세하게 설명해주셔서 감사합니다 대학과제 트리플에스작같네요,10,2023-05-09
9S3M7Vi0tqo,UgzZCvO85yTdntYeuAp4AaABAg,@activeaging3272,"감탄이 절로 나는 정보, 감사합니다. 구독이 절로 눌러집니다",1,2023-12-26
9S3M7Vi0tqo,UgzolL6HzvFb4CvlUUt4AaABAg,@pikongee,"삼성 비스포크 직화오븐 사용중인데 진짜 너무 맘에들고, 만족스럽습니다. 게다가 요리 끝난후 냉각상태로 적당히 식혀주기 때문에 너무 두꺼운 장갑 말고 행주로 그릇 잡아도 그릇이 엄청 뜨겁지 않아요. 음식은 뜨겁지만요.",30,2022-08-11
9S3M7Vi0tqo,Ugz-0RIroLVwdMEz05R4AaABAg,@hanapark3150,와 ㅇ영상 퀄리티 미쳣네요,0,2024-03-07
9S3M7Vi0tqo,UgwsENClhNykv8Eq6Q14AaABAg,@skysummerkorea,SK매직거 사용중인데 저렴한 가격+낮은 전력소모량으로 매우 만족합니다. 전자렌지 위주로 사용하다 가끔 냉동피자나 냉동생지로 베이킹 하는 용도로는 아주 좋은 것 같습니다. 다만 전력소모량이 낮은 만큼 실제 시간이 좀 더 걸리기 때문에 몇 번의 시행착오를 통해 적절한 시간을 찾는 게 중요합니다. 참고로 냉동피자의 경우 자동조리기능+낮은 석쇠 사용하면 어지간한 냉동피자는 문제없이 구워지고 두꺼운 냉동피자는 해동을 많이 하면 역시 문제가 없습니다. 에어프라이어 기능은 상대적으로 좀 떨어지더군요.,59,2022-04-18
9S3M7Vi0tqo,UgwqoneemLUutHlANrN4AaABAg,@chlejrcns,삼성 비스포크 직화오븐 사용중인데 너무 만족스러워요! 특히 탈취기능이…! 냄새 잡아줘서 너무 좋아요!ㅋㅋ,44,2022-04-25
9S3M7Vi0tqo,UgxSgInayaXkDKwsJgJ4AaABAg,@참외-b4u,자세한리뷰감사합니다,1,2022-10-04
9S3M7Vi0tqo,UgxyQjKtuoiqg_LGrwV4AaABAg,@지니-l6f3v,리뷰 감사합니다~ 삼성큐커랑 삼성직화오픈이랑 진짜 고민된다..,2,2023-05-12
9S3M7Vi0tqo,UgwYxwC8YCe3xE95_3d4AaABAg,@copland6268,미친 디테일. 추천 합니다. 엄청나네요.,1,2024-09-09
9S3M7Vi0tqo,UgxDYrggoqZ4GX_uLjp4AaABAg,@CAT-pq4mt,완전도움되서 구매하러갑니다,3,2022-06-04
9S3M7Vi0tqo,UgyiDaHyP0Bm8Jz6xj14AaABAg,@박주연-u1k,정말 감사합니다!!,0,2025-10-11
9S3M7Vi0tqo,Ugy0jqMyxAC_EB31RpJ4AaABAg,@yuikim1031,이전에는 있던 찜기능 때문에 이번 삼성오븐 어쩌지 하고 있었는데 그냥 사도 되겠네요^^,0,2025-10-01
9S3M7Vi0tqo,UgzlPd5sGjzU_g5UMb54AaABAg,@isayasong,대단하십니다 대단해요...멋집니다❤,6,2023-04-12
9S3M7Vi0tqo,UgyArTwprd9lL1L0Rop4AaABAg,@희희-c6h,진짜 감사합니다…최고!!!!,0,2024-05-10
9S3M7Vi0tqo,Ugwv8insH6XH5DqnSt94AaABAg,@토트넘짱짱맨,"사장님 혹시 천재십니까
너무 잘 보고 갑니다. 아무생각없이 왓다가 감동받고 갑니다",25,2022-06-30
9S3M7Vi0tqo,Ugzjz8eRxAgbchjnACd4AaABAg,@ALICE-qg9df,"디자인때문에 큐커사려다가 SK매직이 가격대비 보급형으로 괜찮아 보여서 고민하던 중이었는데, 영상보니 또 오브제를 사야하나...ㅋㅋㅋ아무튼 세심한 비교 감사합니다.",18,2022-04-18
9S3M7Vi0tqo,Ugz8S9XJHK588BMQOIN4AaABAg,@green3530,"오븐 바꿀때가 되어 고민이 되었는데
다양한 제품 상세한 정보로 도움 주셔서  감사합니다.🙏",8,2022-08-30
9S3M7Vi0tqo,UgzAWmax9z2ytvKfjJN4AaABAg,@Intheroom-0618,이 채널 찐이다,0,2023-08-03
9S3M7Vi0tqo,UgzEPjZ8CC4nVNi7q2h4AaABAg,@kangjoo1111,이 채널 좋다 ㅋㅋㅋ,1,2023-03-08
9S3M7Vi0tqo,Ugz2wKhmrUID9QVJwxZ4AaABAg,@앨리스-s7z,"진짜 감사합니다 ❤
👍👍👍👍👍👍👍",0,2024-01-02
9S3M7Vi0tqo,Ugwio4KsftMTWFHVZCF4AaABAg,@박혜진-y6w,바로 구독햇어용 대박이다,2,2023-03-30
9S3M7Vi0tqo,UgyfTPRnCznlZ7Zp9s94AaABAg,@leerakyum687,최고네요 !!,0,2025-07-05
9S3M7Vi0tqo,UgwqTr8KvzDSJYus_kt4AaABAg,@IiIiIIiiiiiIIiIi-c1l,최고네여 감사합니다,0,2025-10-26
9S3M7Vi0tqo,Ugz6WQp9hyrXNmtFcHd4AaABAg,@초코사자,엄청난 정성이다 ㅎㄷㄷ,17,2022-07-03
9S3M7Vi0tqo,UgwLKEOSJIYwMe8b5BB4AaABAg,@pigletyumi8100,와우… 이렇게 체계적이고 정성스러운 리뷰는 첨보네요. 도움이 많이 되었어요 감사합니다~!!,6,2023-07-18
9S3M7Vi0tqo,UgyRPmHmLu2Fz8J5crB4AaABAg,@ayul6156,오브제 사용중인데 구매할때 다른것보다 청소 중심으로 여러제품과비교해봤어용 ㅎㅎㅎ역시 오브제가 최고에요 오겹구이해먹어도 멀티클린기능에서 골라서 청소해서 넘져아여😊,38,2022-04-24
9S3M7Vi0tqo,UgwGPtJzhIZeBxV_6xx4AaABAg,@HaileySPark,제 경우 이전 세대 복합오븐을 경험해보니 전자렌지 사용비율이 압도적으로 높아서 영상의 LG디오스를 구입해서 사용 중인데 노써치 결론에 크게 동의합니다. 전자렌지 성능은 전용 전자렌지보다도 뛰어난 반면 오븐/그릴 기능이 많이 아쉬워요. 저는 발뮤다 토스터를 병행해 사용하고 있는데 이렇게 미니 토스터 오븐을 같이 쓰시면 궁합이 좋습니다.,33,2022-08-11
9S3M7Vi0tqo,UgxOaEcc5sJuCE4-DEl4AaABAg,@빵빵햇님,고맙습니다 👍🏻👍🏻👍🏻👍🏻👍🏻,0,2025-12-23
9S3M7Vi0tqo,Ugw4R0c9P1Ed3pcxIbN4AaABAg,@eunlight6835,"삼성직화오븐 1년 넘게 쓰고있는데, 이게 모델명마다 상이할수있어서 잘 봐야되더라구요.
스팀기능있는 건 줄 알았는데 아니였어오.
제가 쓰는 모델은 전자레인지가 ㅣ번이라 편하게 쓰고있습니다.
에프나 오븐 사용할때, 초반에 그냥 턴테이블 위에만 놓고 썼는데 확실히 올려두는 거 하고 올려두면 확실히 나아요!
LG랑 고민하다가, 삼성을 저렴하게 살 수 있어서 정했는데 저는 후회없이 잘 쓰고 있습니다.
공간만 있으면 각각 쓰는게 나이스하지만, 저는 공간이 없어 복합오븐 선택했는데 후회하지않아요!",0,2024-10-26
9S3M7Vi0tqo,UgxEitSgT1IXFvFXDVF4AaABAg,@bizarrebroom4013,"터치식이 디자인적으로 깔끔하고 편리할순있는데, 고장확률이 높더라구요. 50만원대제품인데 2년정도쓴제품 터치가안먹혀 서비스부르니 문짝을 통째로 갈아야해서 30만원든다고 하더라는",28,2022-04-21
9S3M7Vi0tqo,UgyO-BRMVxdFzjoE3CV4AaABAg,@이진저-e5q,정리 진짜 너무 잘해주셔서 감사합니다 구매하는데 도움이 됐어요🎉,0,2024-03-24
9S3M7Vi0tqo,Ugz8-wx5R7mu78UThMF4AaABAg,@kyoung1559,구독 좋아요하고 친구들과 공유하고갑니다,0,2024-01-30
9S3M7Vi0tqo,UgxwzO7HRUJX6Ug10RF4AaABAg,@celiney2145,삼성 직화오븐 사야겠네용 ㅎㅎ,7,2022-04-10
9S3M7Vi0tqo,UgzSw5owbqI3m56Gtc94AaABAg,@zeiss9280,"진짜 고생했겠다...
좋은정보 감사합니다👍👍👍",17,2023-02-22
9S3M7Vi0tqo,UgzNVsnsynbGHZSSRzt4AaABAg,@noouu4719,대단하네요 노써치 GOOD,4,2022-04-18
9S3M7Vi0tqo,Ugx_4eATNHGdEmXO3UF4AaABAg,@buzz8120,플랫형태가 안돌아가니까 빵이 골구로 안익네요 공간이 쫍더라도 턴테이블방식으로 꿉는게 좋을거같아요,2,2023-04-02
9S3M7Vi0tqo,UgyvADTFasGLwregzqV4AaABAg,@지욤-e5m,신형도 나왔는데 또 리뷰 부탁드려요ㅠㅠㅠㅠㅠㅠ,2,2024-09-23
9S3M7Vi0tqo,UgywTVc5UF-VCsBrIcN4AaABAg,@yawnsand,"삼성비스코프로 구매했는데 완전 만족입니다 이렇게 비교 영상을 보니 더욱 만족스럽네요 
렌지 사용 만큼 오븐 사용도 많다 보니 진짜 좋아요 
사용후 바로바로 청소하는 습관을 들이면 불편함 잘 모릅니다^^",5,2023-09-16
9S3M7Vi0tqo,UgzoabGfFaZadTuuvhV4AaABAg,@Thomas_HVE,"안녕하세요. 항상 가전보는데 도움을 받고 이써요 좋은영상 항상 감사합니다. 

궁금한 것이 있는데요 혹시, 대기업외에  쿠팡이나, 인스타 등 인기있는 기타 브랜드도 비교 소갸 해주시면 가성비를 찾는 분들도 좋아하실것 같은데 가능할까요?^^",0,2025-11-05
9S3M7Vi0tqo,Ugz9OK94QUQOSnVDYSl4AaABAg,@wonida7,"초등 1 2 4학년 딸셋아빠입니다
정 말 많은 도움됐네요 감사합니다
구독과 좋아요 박았습니다^^",0,2026-03-07
9S3M7Vi0tqo,Ugw7ET48s4J1huQn08t4AaABAg,@멜론모스코,디게 전문적이네요,9,2022-04-08
9S3M7Vi0tqo,Ugy__PQzdh4oWwS2-LV4AaABAg,@황경자-r9b,"빵 한번씩 굽고
전자레인지  겸용  사용할려면  어느제품 사야 합니까?",0,2025-07-14
9S3M7Vi0tqo,Ugx4GveXkT7UOLJhLY14AaABAg,@Andrew0010-b8w,"LG 디오스 광파오븐과 LG 오브제 광파오븐은 외관(전면 유리판)을 제외한 내부 공간 및 모든 부분이 같습니다. 꼭 오브제 콜렉션 색상 디자인을 사야 하는 것이 아니리면, 대략 10만원 이상 저렴한 LG 디오스 광파오븐을 추천드립니다. 오브제 로고 및 색상을 제외한 모든 것이 똑같다는게 LG전자 설명입니다. 참고 하세요~(영상에 나오는 LG디오스 광파오븐은 다른 제품입니다)-오브제는 단순 외관 판넬입니다. 심지어 추가 요금 지급시 기존 디오스의 판넬을 뜯어 변경 가능합니다.",153,2022-04-16
9S3M7Vi0tqo,UgxQDrso3Ayx9LYQwZd4AaABAg,@goldbaby-u6s,디테일한 다양한 실험 엄청 도움이 되었습니다 감사합니다,1,2023-02-21
9S3M7Vi0tqo,UgyA2lCBZpWtBD1Y1sN4AaABAg,@jadek9350,오븐과 큐커를 살지 고민하고 있었습니다...  좋은정보 감사합니다👍,4,2023-10-09
9S3M7Vi0tqo,UgywPHR03aCaCFuhZFp4AaABAg,@qol071,쇠고기스테이크와 연어스테이크. 또한 데피는 전자레인지 기능. 이 목적만이라면 뭐가 좋을지 꼭꼭 답글 부탁드립니다,0,2024-01-11
9S3M7Vi0tqo,UgyARINe2Ah-NvP3aZJ4AaABAg,@김수현-i6r6e,"오브제를 디오스라인으로 쓰고 있는데요.(똑같아요)
스팀세척은 음식조리시 후, 매번 하지 않으시면 눌러붙어요. 그게 반복되면 그땐 헬입니다.
세척이 정말 힘들어요. 매직블럭으로 30분 이상은 문질러야 청소가능할 정도...ㅠㅠ
그리고, 2가지 용기가 양옆에 스크래치를 발생합니다.ㅠ
충격에 매우 약합니다. 한번 떨어트리면 새로 사야될 정도로 휘어지고 코팅 까져요.
(안 떨어지는 곳에 보관하세요)
턴테이블이 아니기에 음식 골고루 안되는 건 맞아요.
다만, 냉동피자 조리시 정말 맛있어요. 스팀으로 분사하면서 조리하기에 음식이 딱딱하지 않으면서 구워지기 때문에 맛이 좋아요.

장점 : 스팀, 레인지 빠름. 구이요리 좋음. 구이요리 냄새 적게남. 각종 요리 설명 충실(앱으로 필요한 부분 보충)
단점 : 용기의 내구성, 청소자주 안하면 오히려 불편. 요리 설명이 때론 힘듬.(냉동 에어프라이어 요리는 몇도 몇분 설명이 끝인데, 그 모드를 에어프라이어로 몇분 몇도 설정하는 기능이 없음. 앱에 냉동제품 등록되어 있으면 다행이고 그거 아니면 모드로 대충 비슷한거 맞춰서 중간에 한두번 열어서 상태봐야함)

복합전자레인지를 이용하여 각종요리를 자주 한다고 하시면 추천 드리나, 그게 아니라면
불편함은 감안하셔야 되요~ ( 요리할때 가끔가다 전자레인지 잠깐 써야하는데 오븐돌아가고 있으면 어떻게 할 수 없잖아요...ㅠㅠ )

노써치 잘 보고 있어요^^ 가전 비교 리뷰는 정말 여기가 꼼꼼하고 편파없이 좋은것 같아요.",104,2022-04-10
9S3M7Vi0tqo,UgwRESt6o3udUf_tMgN4AaABAg,@garykim6474,에어프레셔304 리뷰해주세용~ 압력이용한 에어프라이어라는데 개궁금해용~!!!,3,2022-05-10
9S3M7Vi0tqo,UgwYATLsx11Y4QOjTiZ4AaABAg,@독거맨,비데도 해주세요~,1,2022-04-17
9S3M7Vi0tqo,UgwtIToo0dRbxT3JZaZ4AaABAg,@yjKyo,"지금 쓰는 전자레인지와 서랍식 에어프라이기가 있어요. 낡았지만 쓸만하고요. 이사를 해서 새걸로 바꾸고 싶어서 삼성 직화오븐이나 큐커오븐 보고 있는데 혼란이 오네요.
사실 전자레인지와 에어프라이기 기능을 제일 많이 쓰는데 큐커가 제대로 활용이 될지 의문도 들고, 그냥 전자레인지를 한대 더 사고 에어프라이기 큰거를 사야 되나 고민이 되네요 ㅎㅎ",5,2024-03-11
9S3M7Vi0tqo,UgwzOlX_RjofS8n2l6p4AaABAg,@나인-l6w,🎉❤❤감사함다,0,2024-07-14
9S3M7Vi0tqo,UgzXCRWS49LQ8DJiCWh4AaABAg,@스마일hs,"저는 lg광파오븐  10년차인데... 요즘 자꾸 조리중 꺼지내요 ㅠㅠ 
바꿔볼까싶어서 보고잇어요
Lg오브제 로  하고싶은데.. 고민이되네요",2,2024-08-29
9S3M7Vi0tqo,Ugy_JxudQmVctUkZbL54AaABAg,@망울망울,"안녕하세요! 앱까지 사용하고 있는 구독자입니당! 정말 여기는 100만 가야합니다ㅠㅠㅠ
파이팅!  ❤❤
아 그리고 여기 추천하신  sk매직 광파오븐이랑 노써치앱에서 프리미엄 붙은 삼성 MG23T5018CP 이랑 고민중인데... 뭐가 좋을까유? 
자취생에 1인인데 두개 가격도 비슷한데 결정장애가 왔습니다. 살려주세여 ㅋㅋㅋ",4,2023-04-02
9S3M7Vi0tqo,Ugy-2E-WK_agWxcEc9N4AaABAg,@ytk28738,구독 박고 갑네다,1,2022-11-30
p5GdzTy0UsQ,Ugys4JiHM2Wy6aJIMDh4AaABAg,@mingmu6285,억 집이 너무 예쁘네요. 저도 참 예쁘게 잘 꾸미고 살고 싶은 욕구가 뿜뿜!! 러그가 너무 예쁜데 제품정보 알 수 있을까요??,0,2021-01-18
p5GdzTy0UsQ,Ugzlpsk7pmKzThqVx-t4AaABAg,@AngelaHaeunLee,와 집 너무 예뻐요!! 양문형 냉장고는 수납공간이 작아서 별로라고 생각했는데 영상 속 냉장고는 엄청 좋네요!!👍🏻👍🏻,1,2020-01-23
p5GdzTy0UsQ,Ugwql3jIrePr9Tj6-0p4AaABAg,@SuperBenmoon,집 인테리어 넘 이쁘네요~! 신혼집 준비하시는 분들에게 가전 리뷰 넘 도움될거 같아요:-),0,2020-01-25
p5GdzTy0UsQ,UgzUAmuQqsdbvA3eVnd4AaABAg,@yuri_ny,오오 진짜 집 볼수록 너무 예뻐요 😍 냉장구 너무 좋아보여요!! 우유 거품기는 진짜 사랑이죠 ❣ 저두 미국오고나서 열심히 신혼가구들 사구있는데 고르는것두 사는것도 정리하는것두 정말 오래걸리더라구요🤣,0,2020-01-23
p5GdzTy0UsQ,UgxtWivK1tILpAN4S8J4AaABAg,@김연일-j2c,11:00,0,2020-11-06
p5GdzTy0UsQ,UgxYhZQJFYH41OvhL954AaABAg,@큰괭이,"이전에도 가끔 집 내부 영상으로 비춰실때 느겼던 거지만  이렇게 다시보니 역시 엄청 깔끔하신 분이시군요.. 
집도 이쁘고 커튼도 이쁩니다. 


원두분쇄기랑 도자기 커피포트는 정말 탐납니다. 
궁금한게 하나 있는데요.  제가 직장에서 커피 끓여먹기 땜에 , 막쓰는 용도로 이마트표 싸구려 전동 그라인더 가져다 놓고 쓰고 있습니다.   이게 커피넣는통의 뚜껑이 닫혀있어야만 작동되다 보니 , 막상 그라인딩 시작하면 진동으로 뚜껑이 열려서 중간에 멈추어버리더군요.  그래서 뚜껑 위에다 두꺼운 책같은거 올려놓거나 손으로 뚜껑 누르고 있어야 해서 불편하더군요.  무지 시끄럽기도 하구요. (무슨 전기톱같은 소리납니다)   드롱기는 그런 부작용(?) 은 없나요. ?
너무 막쓰다 보니 3년되었는데 이미 너덜너덜 합니다.  
 
쿠쿠는 복불복인가 봅니다. 저희집에 쿠쿠 비슷한 모델  (앞 모양을 보니 아마도 동일한게 아닐까 싶네요 ) 쓰는데 고장한번도 안났어요. 오히려 쿠쿠 구형 쓰다가 자주 고장나서 지금걸로 바꾼 거구요. 

저희도 광파오븐 쓰고는 있는데,  데우는 용도 외에는 거의 안쓰다 보니  활용도가 많이 떨어집니다. 청소도 귀찮구요.",0,2020-01-23
p5GdzTy0UsQ,UgyiHD9EUYQ3ZmjimJd4AaABAg,@빽엑브이로그힙나무,원두 분쇄기 진짜 득템하셨네요 ㅎㅎㅎ 도자기커피포트 예쁘당 커튼 예뻐요 ㅎ마르코 저장 ㅎ,1,2020-01-24
p5GdzTy0UsQ,UgxLGxuDNp3WqNMwTBx4AaABAg,@뭉게구름-g2t,이 중에서 유료 광고에 해당하는 제품 좀 알려주세요,0,2021-04-18
p5GdzTy0UsQ,UgzH6BBHPqlx7C260Ud4AaABAg,@hoho.fam.,"안녕 여러분 반갑습니다! 오늘도 행복한 오늘입니다 :)
오늘은 1년간 신혼집에서 사용해본 가전제품에 대한 리뷰를 들고왔어요!
영상이 너무 길어져 주방편 / 주방 외 편으로 나누어 업로드 예정입니다:)
설 명절 잘 보내시고 새해복 많이 받으세요!


영상재미있게 봐주시고 좋아요+구독 부탁드립니다 :)
궁금한 사항은 댓글 남겨주세요 댓글로 답변해드릴게요! 오늘도 함께해주셔서 감사합니다 :)

 ➡️ INSTAGRAM / todaisy_s2
 ➡️ EMAIL / crazydaisy0816@gmail.com

** 이번에 노트북을 맥북 15로 바꾸면서 그래픽문제인지 랜더링을 7번을 해도 깨지는 현상이 발생하더라고요 ㅠㅠ... 빠른시일내로  A/S받아야 하는데.. 그 전까지는 양해부탁드립니다 ㅠ0ㅠ!",1,2020-01-23
VZAJMUdv4Zc,Ugx2INpNNf-zHn3ujUd4AaABAg,@abcdef11223,"내부 천장이랑 궁금했는데 이렇게 자세히보니
좋네요 😁👍",3,2022-08-07
VZAJMUdv4Zc,UgxQkzjnf2eRJYSssYF4AaABAg,@bboo060,안녕하세요! 제가 똑같은 제품으로 쿠키 구우려고 낮은석쇠위에 발열판 올리고 오븐 모드로 돌렸는데 중간에 스파크 나면서 발열판밑에 고무들이 불 붙어 탔는데 혹시 발열판을 위에두면 안 되는 걸까요???,2,2021-12-10
zQS3FWOkePo,UgzSzcFPx6hIXRWjOlh4AaABAg,@리뷰머신,"⭐ 리뷰머신 공동구매 제품 보러가기 👉 https://link.inpock.co.kr/reviewland

⭐⭐⭐⭐ 리뷰머신 X 엔오오엔 식탁 공동구매 OPEN⭐⭐⭐⭐
✅엔오오엔 우디 원목 *확장형 식탁 
링크 : https://mkt.shopping.naver.com/link/69a300bcb62c9114c9c53a47
🔶할인가 : 319,000원 (정가 : 729,000원)
사이즈 : 1200/1600 (확장형)
상판 : 포세린 통세라믹 12T 
⭐⭐⭐⭐⭐⭐⭐⭐⭐⭐⭐⭐⭐⭐⭐⭐

[🛋거실]
✅TV - TCL 4K QLED Google TV
링크 : https://link.coupang.com/a/cIxnoo
가격 : 989,100원
패널 : QLED
사이즈 : 75인치
해상도 : 4K

✅에어컨 - 삼성 AI 홈멀티형 에어컨 (6월 구매 추천)
링크 : https://link.coupang.com/a/cIxpyJ
가격 : 1,748,930원
평형 : 56.9㎡(17.2평) + 18.7㎡(5.7평)

✅소파 - 한샘몰 Pick 눕 데일리 / 홈리 / 1인소파
🔶한샘몰 Pick 눕 데일리 시그니처 모듈 소파 
링크 : https://ozip.me/wUSI95W?af
가격 : 756,900원
사이즈 : 4인용
소재 : 직조 패브릭 (생활 발수), E0등급 목재
🔶홈리 모먼트 구스 소파
링크 : https://ozip.me/XuzxJzV?af
가격 : 279,000원
사이즈 : 3인용
소재 : DAVIS 패브릭 (생활 발수), E0등급 목재
🔶위드홈 1인 원목 소파
링크 : https://ozip.me/zgYSeYs?af
가격 : 108,800원
소재 : 오코텍스 패브릭 (생활 발수)

✅거실 스탠드 조명
🔶스피아노 스윙 장스탠드
링크 : https://ozip.me/EdfFTXL?af
가격 : 83,900원
🔶이케아 텔뷘
링크 : https://ozip.me/qyt0oDV?af
가격 : 169,000원

[🍳주방]
✅냉장고 - 삼성전자 Bespoke 905L AI 4도어 냉장고
링크 : https://link.coupang.com/a/cIybVB
가격 : 1,928,420원

✅식탁테이블
🔶베스트리빙 스칸디 통 세라믹 원목 식탁테이블
링크 : https://ozip.me/CgJrdtE?af
가격 : 114,080원~
🔶올쏘퍼니처 진저 포세린 원목 식탁 원형테이블
링크 : https://ozip.me/JNqJmqx?af
가격 : 139,000원~

✅전자레인지 겸 오븐 - LG전자 디오스 오브제컬렉션 광파오븐
링크 : https://link.coupang.com/a/cIyd6r
오늘의집 링크 : https://ozip.me/Wh1lHt7?af
가격 : 359,000원

✅음식물처리기 - 아이닉
링크 : https://link.coupang.com/a/cJj6M0
오늘의집 링크 : https://ozip.me/a10Ivao?af
가격 : 298,150원

✅펜던트 조명
🔶이케아 뉘모네 
링크 : https://ozip.me/sDXbZm8?af
가격 : 85,900원
🔶히트조명 렌토 펜던트 식탁등 (루이스폴센 st)
링크 : https://ozip.me/Ocj8VzX?af
가격 : 53,100원
🔶히트조명 우드함 (우드)
링크 : https://ozip.me/s3gpm3j?af
가격 : 45,450원

[🧺베란다]
✅세탁기 + 건조기 - 삼성전자 비스포크 그랑데 AI
링크 : https://link.coupang.com/a/cIygo1
가격 : 1,711,010원
용량 : 21kg+17kg
에너지등급 : 1등급

✅청소기 - 캐치웰 CX PRO 매직타워 N 
링크 : https://link.coupang.com/a/cIyg9J
오늘의집 링크 : https://ozip.me/l9gOc3N?af
가격 : 350,000원
편의기능 : 자동먼지비움, 스테이션 유선흡입, 키트 포함

[🛏안방]
✅매트리스 & 프레임
🔶레이어페이브 매트리스
링크 : https://ozip.me/lyiG59j?af
가격 : 712,000원~
🔶레스팅홈 루디 평상형 프레임
링크 : https://ozip.me/5fIs76d?af
가격 : 258,000원~

✅수납장 + 화장대
🔶룸앤디 모노 서랍장
링크 : https://ozip.me/IflBIf2?af
가격 : 98,900원
🔶원형 거울
링크 : https://ozip.me/oPpths8?af
가격 : 27,900원

✅이동형 TV - 와이드뷰 4K UHD QLED 43인치
링크 : https://link.coupang.com/a/cIyjRH
가격 : 382,000원

✅조명-패브릭 조합
🔶올루미 코니 장스탠드
링크 : https://ozip.me/WJ0BQRS?af
가격 : 32,000원
🔶이케아 오르스티드 단스탠드
링크 : https://ozip.me/hKwoK7u?af
가격 : 37,900원

✅조명-유리 조합
🔶이케아 텔뷘 장스탠드
링크 : https://ozip.me/Bfr3nuz?af
가격 : 169,000원
🔶일광전구 스노우맨 
링크 : https://ozip.me/SYVngV3?af
가격 : 36,000원

[👕옷방]
✅왕자행거
링크 : https://ozip.me/Z7g3QLm?af
가격 : 78,320원~

✅수납장 - 이안가구 프롬
링크 : https://ozip.me/Q7U7Mw0?af
가격 : 99,000원

✅전신거울 - 오트밀하우스 라운드 전신거울
링크 : https://ozip.me/5MPHWsi?af
가격  :64,170원

[🖥재택방]
✅사무용 책상 
🔶두닷 콰트로
링크 : https://ozip.me/lx3WcdI?af
가격 : 65,600원
🔶 올쏘퍼니처 (우드)
링크 : https://ozip.me/i7qelSx?af
가격 : 169,000원

✅사무용 의자 - 시디즈 T50 컴퓨터 책상 의자(HLDA)
링크 : https://ozip.me/BS2NQC5?af
가격 : 369,000원

✅장농 - 룩코어 옷장
링크 : https://ozip.me/LeoEARC?af
가격 : 149,000원

✅공기청정기 - 위닉스 타워 프라임 공기청정기
링크 : https://link.coupang.com/a/cIysSe
오늘의집 링크 : https://ozip.me/YX6Q99t?af
가격 : 291,420원

✅손님용 매트리스 - 자미오다 3단 접이식
링크 : https://smartstore.naver.com/zamioda/products/10499131295
가격 : 329,000원

*쿠팡 파트너스, 오늘의집 큐레이터 활동의 일환으로 링크를 통해 구매시 일정액의 수수료를 지급받습니다.",10,2025-08-04
zQS3FWOkePo,UgyO4o-hiWO8rsVQze14AaABAg,@0hmygot,아니엄청 동안이시네요 ㅋㅋㅋ 저도 혼수고를때 생각나네요. 이제 애둘의 아빠.. 화이팅입니다!,3,2025-08-26
zQS3FWOkePo,UgxIwOB9uDCNkCbE4gN4AaABAg,@백산수-u1g,믿고 삽니다....!!!!!!!! 찾기 귀찮았는데 편안,0,2025-08-08
zQS3FWOkePo,UgzlsG0PT1jZTRMl97F4AaABAg,@Hodununna,보고 바로 구독했어요 감사해용,0,2025-08-26
zQS3FWOkePo,UgyhnnJZMZ74DrYHYVR4AaABAg,@NVDA_BTC,좋은추천감사합니다,2,2025-08-18
zQS3FWOkePo,UgxcfwAiPj_2cbnKW_d4AaABAg,@초록-p5j,"와 오늘 첨 구독하고 보는중인데 
진짜 현실적인 가격으로 정리해주시니까 너무 도움이 많이됩니다 👍👍👍감사합니다",7,2025-08-18
zQS3FWOkePo,UgwrTWId2B5yZZXi3B54AaABAg,@신현기-i5w,이번에 결혼하면서 제주에서 육지로 이사를 가게되었는데 혼수가전 이것저것 알아보다가 리뷰머신님 영상을 접하게되어서 이것저것 참고하면서보는데 아직 감이 잘 안와서 모르겠어요😢 저도 혹시 혼수가전 컨설팅 한번 받을수있을까요?!,1,2026-02-05
zQS3FWOkePo,UgxsdBJLKXVyCej8FxR4AaABAg,@kiconan13,"이벤트 또 안 하시나요 창원 25평 입주 예정인 신혼부부입니다..!
항상 여러 영상 보면서 많이 참고하고 있습니다ㅎㅎ",0,2026-04-15
zQS3FWOkePo,Ugzx43zFJ1-k8c6Ea0Z4AaABAg,@sunajoe3782,레스팅홈 침대프레임 추천해주신 형태가 딱 제가 원하는 모양인데 단종됐는지 보이질 않네요 유사 가성비 제품이 있을까요?,0,2025-11-05
zQS3FWOkePo,UgwsMY6_v7qTZ_cFczB4AaABAg,@두굴이-b4t,6분4초에나오는 갈색소파정보좀 부탁드립니다,2,2025-10-24
zQS3FWOkePo,UgzLChM83wfCW6Qildt4AaABAg,@김소연-s7m,아우.. 이걸 보고 샀어야했는데😅,0,2025-09-05
zQS3FWOkePo,UgxLXLMCFTX4ECR6oDd4AaABAg,@hoooooodidu-z8b,레스팅홈 없어진거 같는데 다른 프레임은 추천해주실 수 있나요?,0,2026-03-25
zQS3FWOkePo,Ugz0aBuegSawu5jA1Xl4AaABAg,@Vitamin-C-j,로봇청소기랑 식세기는 빼셨네용?!,0,2026-03-22
zQS3FWOkePo,UgzpkhQeDoMFoKJntp94AaABAg,@연승필승,3d 가상공간으로 보는거 혹시 어디서 볼 수 있는지 알 수 있나요??,1,2025-11-24
zQS3FWOkePo,UgzHCabyCNBUGUM7xeN4AaABAg,@우1동-r3d,에어컨 종사자지만 에어컨은 엘지가 훠얼씬 좋습니다.에바두께만봐도 엘지가 두껍고 튼튼하고 실외기 스마트링크 인버터pcb불량 허다하게 다옵니다,22,2025-11-17
zQS3FWOkePo,UgySqtDfZzoExBijXZ94AaABAg,@gimbapmaru,Tcl oled는 오타인 것 같아요~,0,2025-08-08
zQS3FWOkePo,UgzeIE-YRm_djCFObg94AaABAg,@4.8-8_5,쓰고 계신 소파 정보는요!?!,0,2026-05-20
zQS3FWOkePo,Ugz4td9s21OmYZgJnRV4AaABAg,@박보람-w9q,3월말에 신축 신혼집 입주를 하는데 가전 가구는 언제 주문??결정?을 해야하나용..,1,2026-01-23
zQS3FWOkePo,UgwzItmdDFAQF1k5p9J4AaABAg,@류-f5e,일빠~~~😊,0,2025-08-08
zQS3FWOkePo,UgyfsHFOJIse649-wBF4AaABAg,@allday1111,저도 이번에 혼수가전 준비하는데 천 초반에 티비 세건 냉장고 스탠바이미 공청 로청 스틱청소기 다 햇네용 엘쥐로,5,2025-08-19
zQS3FWOkePo,UgxUqL_lRXlhEZBnVy54AaABAg,@kangky0331,싸는 사는법?,0,2025-08-20
zQS3FWOkePo,UgwpptIgXVsl3DkBk8R4AaABAg,@songineers,"TV하면 거거익선 나대는사람들역겨운데 집크기에맞는 현실사이즈추천해주는거에서 너무신뢰가고 맘에듭니다.후련합니다
저도 33평 거실넓은집인데도 75인치티비너무충분합니다 TV좌우로도장식도놓거든요.",2,2026-04-09
zQS3FWOkePo,UgxyXX3z24_RX5qyh2p4AaABAg,@dgdgsdgwghh,"리뷰머신님 안녕하세요! 
이번 신혼 혼수템 이벤트에 당첨된 신혼부부 왔습니다!!
사실 결혼 준비하며 한국에 적응한다고 정신없이 지내다 보니, 
영상을 한 달이나 늦게 확인하고 이제야 감사 인사를 남기게 됐네요🙏

저희 예산과 이사 갈 집 구조에 딱 맞게 TV부터 조명까지(심지어 저희가 놓친 많은것들까지) 꼼꼼하게 추천해주셔서 정말 큰 도움이 됐어요. 
진짜 이렇게 하나하나 세세하게 저희를 위한 설계라니... 너무나 완벽해서 진짜 무한감동이었습니다. 
영상 보면서 ‘우리를 위해 이렇게 설계해주셨구나’ 하는 마음에 또 한 번 감사했어요.

특히 제가 리뷰머신님 영상들 하나하나 보면서 공부도 많이 했는데, 
이번 영상에서는 무릎을 탁! 치며 리뷰머신님의 센스에 또한번 반했네요👏 
저희가 미처 생각하지 못했던 부분들을 정확하게 짚어주셔서, 정말 가성비 최고의 길을 갈 수 있게 되었습니다.

진심으로 감사드리고, 
추천해주신 제품들로 알뜰하면서도 행복한 신혼살림 차려가겠습니다 
추천해주신거로 싹! 장만할 예정~💕",2,2025-09-28
zQS3FWOkePo,Ugxh3Pi02ljjxq7fTmR4AaABAg,@kysong794,업무용방에 모션데스크 추천드려요 사용해보니 너무좋더라구요 (30만대쯤),1,2025-08-17
zQS3FWOkePo,UgxOPBIwPJzddpZfkC54AaABAg,@bluerain-n1y,가구 조명은 다 촌스럽..,0,2026-05-02
zQS3FWOkePo,Ugwsyj96pusmcHBOwwF4AaABAg,@TK-yk3iq,"경남 창원 이케아 설치, 배송 서비스 다 됩니다~",5,2025-08-08
zQS3FWOkePo,Ugzuhtrm9KehJDRxEn54AaABAg,@jangtboy366,집에  있는 쇼파가 탐나네요 어디껀가요,0,2025-08-28
zQS3FWOkePo,UgzydH9F3Ap7c_8V8Y54AaABAg,@가나다라-e9u,Tcl  화질 구리다는데 괜찮나요?,0,2026-01-29
mAa3y20kNhQ,UgydCxVcP9ohlrr8EBF4AaABAg,@아정당,"[365일 24시간 상담 가능! 1833-3504]
🎁 쇼핑하면서 최대 20% 포인트 적립 받자!
https://ajd.kr/rrEEC

🚀 2025년 TOP3 오븐! 최대 30만원 법으로 정해진 지원금 받고 공짜로 쓰자!
https://ajd.kr/mqtYL

🚀 인터넷TV 최대 48만원, 법으로 정해진 비밀 지원금 확인 하기!
https://ajd.kr/MFQaa

🚀 최신 폰도 공짜로 개통하고, 추가 현금까지 받자!
(기기와 조건에 따라 상이함)
https://ajd.kr/VRuEF

🚀 이사 중 파손 최대 1,000만원 보상! 무료 견적, 체크리스트 챙기자!(보상 금액 및 범위는 소비자 보호원 지침에 따름)
https://ajd.kr/bqsMb

📌 100% 환불은 보장이사 이용 고객에 한하여 진행됩니다.
📌 100% 환불의 조건은 다음과 같습니다.
① 견적서상 도착지연
② 견적서상 작업인원 불일치
③ 견적서상 화물차량의 톤수 및 댓수 불일치
④ 견적서상 작업지연
⑤ 견적서상 고객 요청사항 미이행
⑥ 이사자재 청결 및 위생상태 불량
⑦ 화물자동차운송주선허가증 미보유
⑧ 영업배상책임보험(실손보험) 미가입
⑨ 추가비용 요구(단, 고객 추가 요청에 따른 비용은 예외)
⑩ 파손물품에 대한 현장보상 불이행(고객 협의 예외)
⑪ 현금영수증 미발행
⑫ 고객 청소용품 등 고객물품 사용
⑬ 음주, 식대요구
⑭ 재활용 쓰레기 봉투, 음료 등 고객 구매권유
⑮ 현장직원 서비스 마인드 부족
(예: 직원간 비속어 사용, 금연공간 흡연행위 등)
🚨 위 사항 중 하나라도 위반할 경우 고객님은 환불을 요구하실 수 있습니다.

이사 중 파손 시 100% 보장은 소비자 보호원에 따라 최대 1,000만 원 보상됩니다.",4,2025-02-12
mAa3y20kNhQ,UgyqCcTOXdy3N4K3lNh4AaABAg,@azure397,진짜 설명은 아정당이 최고야 ㅎㅎㅎ,2,2025-08-29
mAa3y20kNhQ,UgzQY-dNVEj3RNVdKM54AaABAg,@조항겸-t8x,오늘도 좋은 정보 너무 감사합니다.,0,2025-02-12
mAa3y20kNhQ,UgzM5CjHoHinyyIfW_p4AaABAg,@Chobabee_,와 이사갈 때 사볼까 했는데 정리 깔끔하게 됐네요 ㄷㄷ.. 감사합니당,0,2025-02-12
mAa3y20kNhQ,Ugxy03Nt2VFYoFHjaXV4AaABAg,@Tggg-z8e,최고의 설명이었습니디!,0,2026-01-05
mAa3y20kNhQ,UgzERz10gmDC9_PvNTl4AaABAg,@경호아빠-p1z,"내가 왜 이걸보고있지?
오븐살것도 아닌데 두번째 보고있음.",4,2025-02-13
mAa3y20kNhQ,Ugw8aoVEVs8lSf9X-zx4AaABAg,@Eat_Lemon_Bird,에프살지 오븐살지 고민중에...! 감사합니다😊,0,2025-02-12
mAa3y20kNhQ,UgzSZVwvrIF42DUjUsV4AaABAg,@백마탄환자-e,역시 아정당 전자제품 리뷰는 원탑입니다,0,2026-04-29
mAa3y20kNhQ,Ugyct4p5bnhqyDFa54V4AaABAg,@lucky-e4k1,it리뷰 1등 ㅇㅈㄷ,0,2025-02-13
mAa3y20kNhQ,UgwjfQJuj97ElKOToGV4AaABAg,@a6d8f5c2e,발음이 너무 좋다,2,2025-02-13
mAa3y20kNhQ,UgxFAevSuSqjMgYxB6V4AaABAg,@다시-j6z,5000w가 왜 2000w보다 전기세가 싼거죠?,0,2025-03-30
mAa3y20kNhQ,Ugz7XhfrSWWG0fOS3bJ4AaABAg,@euk3347,똑같은 내용인데 여성이 하네요. 남성도 오래전에 영상 있던데,3,2025-04-01
mAa3y20kNhQ,UgyBBwX_psTSP4HzPjh4AaABAg,@추자도박부장,"오븐 종류가 이렇게 다양하구나,,,용량만 차이날 줄",4,2025-02-12
mAa3y20kNhQ,UgwEwhvTcwCEXfmQe8Z4AaABAg,@시샤모는고양이,오븐도 이벤트 상품으로 주세요,0,2025-02-12
1tSQMFRS0yU,UgwpJqgoqcKYhKO7HG94AaABAg,@married_rim,"✅ 오픈했어요! 유부림 유튜브 게시글에 구매링크 있으며 지금 바로 구매가능합니다 💛 

✨ 공구오픈 7/11일(금) 오전 10시
🔔 알림신청 원하시면 댓글에 [알림] 달아주세요 

-

아니..
저만 속았어요?
복합오븐사면 전자렌지, 에어프라이어 다된다하더니
결국 따로 써야하더라구요🥹

기존에 쓰던 에프는
용량 작아서 피자한판도 잘라서 넣어야하고
일단 청소가 너~무 힘들..어서

이번에 새로 나왔다는
쿠진아트 신상! 스팀에어프라이어를 들였습니다

아 근데 이게 대박이예요
스팀기능, 있어봤자 잘쓸까 했는데
일단‼️ 청소걱정 끝났습니다
스팀청소 버튼만 눌러주면
각종 찌든때 싹 녹아내려
세제 필요없이 그냥 끝났어요

거기다
찜요리하려면 찜기 꺼내야하고
넓은 찜기 없어서 여러번 나눠서 쪘는데

이거 그냥 재료넣으면
생선, 꽃게, 만두, 야채 할것없이 그냥 끝이예요

에어프라이기능에
스팀까지 더해지니
좀 건조해지던 겉면이 촉촉하게 조리가능!

아 에프는,, 무조건 이거예요 ‼️
요리하는데 관심없는 저도
요건 인정 🙂‍↕️👌🏻",22,2025-07-09
1tSQMFRS0yU,Ugx8MTAX6Tw72Pu-4h94AaABAg,@앵규리,저는 다 잘되던데.. 너무 만족하면서 사용중이예요. 사용법을 모르시나ㅜㅜ,51,2025-11-29
1tSQMFRS0yU,UgxhQh07NBW_6zungBV4AaABAg,@점점-h4o,"ㅋㅋㅋ 에어프라이어가 열풍조리인데ㅋㅋㅋㅋㅋ
오븐에 선풍기 달린거라 차이 없어요",18,2025-09-05
1tSQMFRS0yU,Ugw8Lxb-9JirhGjwDGh4AaABAg,@새댕계정,냉동밥 몇분 돌리면 맛있게 먹을 수 있던가요? ㅎㅎ,0,2025-12-28
1tSQMFRS0yU,UgxD7NlslavhcmdJ7294AaABAg,@멋진나-q8f,헉! 예전 에프 우리집꺼랑 똑같아서 깜놀,2,2026-02-08
1tSQMFRS0yU,UgxpqC8J0-qGJMFqpxp4AaABAg,@버섯-i6b,같은 제품 막 샀는데 전저렌지 온도 몇도 정도로 사용 하시나요ㅠㅠ? 전혀 모르겠어서 전자렌지 버리려던거 어직 못버리고 안고 있어요ㅠㅠ😂😂😂😂,2,2025-07-20
1tSQMFRS0yU,UgwxFG2e6_BpCRmo4EN4AaABAg,@아빠-h1z,머라는겨 엘지 오브제 광파오븐렌지 샀더니 다 되더구만 스팀기능도 그릴도 에프도 전자렌지도 갓벽한 엘지 사랑해요,13,2026-01-06
1tSQMFRS0yU,UgzB-HembVcTqSqh7Bp4AaABAg,@bwasj73,스팀안나오게 해서도 사용할수있는거죠?,0,2026-06-08
1tSQMFRS0yU,UgwaGG0nF8lqThOtuWx4AaABAg,@박현숙-m8s,알림 신청합니다!,0,2025-07-09
1tSQMFRS0yU,UgyTB3YeM-V4ASB5u454AaABAg,@hyeramkim6639,알림신청합니다~!,0,2025-07-10
1tSQMFRS0yU,UgxEEyEDEpPFSwNnLAV4AaABAg,@메지지_l,전자레인지도 되는건가요~!!??,0,2025-12-17
1tSQMFRS0yU,UgwHnskJSSTVFpKeIkh4AaABAg,@Oo1212oO-h6z,구매링크 안뜨던데 없어졌나요?? 제품명이 궁금해요 ㅠ,1,2025-11-12
1tSQMFRS0yU,Ugx2tDg9-TOLDJ_5y_Z4AaABAg,@lovel-young,전자렌지 기능이 있는건가요~,2,2025-09-30
1tSQMFRS0yU,Ugwysl_MBuCIBsj_nKF4AaABAg,@편한인생-k5f,알람신창합니다❤,0,2025-07-10
1tSQMFRS0yU,UgxYs6QxqGrS3y3ojF14AaABAg,@creamcheese6358,알림 신청해요!,0,2025-07-09
1tSQMFRS0yU,UgwORIpgh54wvzcnUXV4AaABAg,@Yumibecca,알람이요❤,0,2025-07-09
1tSQMFRS0yU,Ugwl_pu-pgHiVOrLNR94AaABAg,@랄라오후,알림신청이요 😊,1,2025-07-13
1tSQMFRS0yU,Ugy1Pyrt5fWxCmonap14AaABAg,@momolivia4009,이건 청소 잘되나요,0,2025-11-18
1tSQMFRS0yU,Ugy_QqD0zmCEu51AUft4AaABAg,@곽은미-d6g,알림신청해요~,0,2025-07-10
1tSQMFRS0yU,UgxclCAOq8i70_Nm0uh4AaABAg,@류희선-u9s,알림 신청이요~,0,2025-07-09
1tSQMFRS0yU,Ugz0BpM74t6mkTRmxP54AaABAg,@동짜몽-j2y,❤알림신청이요,0,2025-07-18
1tSQMFRS0yU,Ugzg6rhkc-qdoK_MwTF4AaABAg,@ahshade,알람신청합니다,0,2025-07-09
1tSQMFRS0yU,UgyWPOutRusy6BbwnmN4AaABAg,@야옹이-m1l,스팀하면 저렇게 저절로 청소되는건가요?  안 닦아내도 ? 진짜라면 혹~하네요~,0,2025-07-11
1tSQMFRS0yU,UgzIFXK0-A22DMnSezF4AaABAg,@룡맘,알람신청 ~~,2,2025-07-09
1tSQMFRS0yU,UgxpOKG3njdthVJqex94AaABAg,@DohyoonKIM-h7z,알림이요 ❤,0,2025-07-11
1tSQMFRS0yU,Ugy8FjkXrc09bK1m3Px4AaABAg,@아들부자-k2r,❤,0,2025-09-01
1tSQMFRS0yU,UgxZhUlrRndEaGCYCep4AaABAg,@박정희-v9p,알림 신청합니다,0,2025-07-09
1tSQMFRS0yU,UgzDP-HNQqSM58e00DR4AaABAg,@정승훈-v2b,알람 신청요❤,0,2026-05-12
1tSQMFRS0yU,UgzUNb1dzhkhvK09Zsd4AaABAg,@럽아이니,알림신청이요!,0,2025-07-09
1tSQMFRS0yU,UgwX2PL7cTdi5mrSVm94AaABAg,@황선영-o1w,알림신청 부탁드려요❤,0,2025-07-10
1tSQMFRS0yU,UgyxNbLKw9dC5Dtpu7J4AaABAg,@박은미-w2v,알림신청합니다,0,2025-07-09
1tSQMFRS0yU,UgzTC1_v31HJS0vsE354AaABAg,@스트로베리러블리,알림신청 합니다,0,2025-07-09
1tSQMFRS0yU,UgxdwUaI2NSlysR7O014AaABAg,@오리꽥꽥-i1g,알림이요❤,0,2025-07-10
1tSQMFRS0yU,UgzDJ2wBuqW38qq7fmt4AaABAg,@increase_yeon,알림 신청이용 ~,0,2025-07-10
1tSQMFRS0yU,UgxaDEpmWlLrQmibIFB4AaABAg,@별주부8922,공구알람신청,2,2025-09-18
1tSQMFRS0yU,Ugz5bwp3XldMAUWw4lJ4AaABAg,@windjoeng,"다 잘되는데, 안되긴ㅋㅋㅋㅋㅋㅋ",0,2026-02-05
1tSQMFRS0yU,UgzqJ50fbqD0Ks0TQa94AaABAg,@김도연-z3e8d,"엘지 광파오븐 전 잘 쓰고 있는데...
연식이 오래된거라 그런가???",1,2025-07-10
1tSQMFRS0yU,Ugx6Z2TYzo_PVrHrw1t4AaABAg,@인터라켄-l2t,"단점돨려주세요
치킨은 작은거몆마리들어가요?",0,2025-07-11
1tSQMFRS0yU,UgwDGblWUbiWg3rOqX14AaABAg,@hohoho6058,천장 청소는 어떻게 하는거죠...,3,2025-09-11
1tSQMFRS0yU,UgyR9DVthEXGZMxAeHt4AaABAg,@랄락향기,"잘만되는구먼
먼소리야",0,2026-05-29
1tSQMFRS0yU,UgyBZ95DdiiUaKMCuS54AaABAg,@장문숙-j9n,알림 신청이요.,0,2025-07-10
1tSQMFRS0yU,UgwSoJE2m_aP5mG3y3p4AaABAg,@린린_스마일,알림신청❤,0,2025-07-09
1tSQMFRS0yU,UgyNR7n4zbE4kZZCgyN4AaABAg,@지현공-i3i,알림신청해요,0,2025-07-10
1tSQMFRS0yU,UgxdZHkCrVIBp_vm3zN4AaABAg,@종둥-r3l,공구맘ㅋㅋㅋ,0,2026-04-02
1tSQMFRS0yU,UgycWmMrjkK7YvT-CKl4AaABAg,@사랑이제일-o7i,알림이요~,0,2025-07-10
1tSQMFRS0yU,Ugx_dbjmDf2-sI9YHlh4AaABAg,@denyseo6725,"올스텐레스 정말 부지런하게 관리 안하시면 비추요
몇일만 사용하면 누렇게 변색 시작됩니다",10,2025-11-16
1tSQMFRS0yU,UgxLSg__f4t16Cse5px4AaABAg,@bkwldrw5,잘 쓰고 있는뎅 ^^;;; 오븐이랑 전자렌지 있는것,3,2025-07-09
1tSQMFRS0yU,UgxvoXG58hBN03TxoRx4AaABAg,@오늘의치킨-k7q,바스켓 은 피자안되는게 제일 최악 ㅠㅠ,0,2026-05-02
1tSQMFRS0yU,UgyfD-Z9GGQfdEQwCVJ4AaABAg,@lsu6017,알람신청요,0,2025-07-09
1tSQMFRS0yU,UgzlnrTRpmk5U5cPgq54AaABAg,@onnieesther5475,신세계🎉 가곅이 50만원,1,2025-07-14
1tSQMFRS0yU,UgzBn_YHPXa8UNv6R0N4AaABAg,@CSG-f9r,삼성 큐커 쓰는데 잘만됨. 단점이 에프 돌리면저 전자렌지 안되는거 말고는 없음.,8,2025-11-06
1tSQMFRS0yU,UgwemzISFlusgH6Zb1J4AaABAg,@난나야-u4t,"엘지꺼 같은거 쓰는데 다 되는데요 ?? 오븐 전자레인지 에어프라이 되는데 
뭐가 안된다는거죠 ?",123,2025-09-06
1tSQMFRS0yU,Ugy2zTxh7ug0P76S_a54AaABAg,@돈복-q8y,알람이요,0,2025-07-09
1tSQMFRS0yU,Ugw05uilSp3S0P6Thnl4AaABAg,@도르륵해,피자는 어떻게 조리해요??,0,2025-09-16
1tSQMFRS0yU,Ugz8WUtW4JIbNuj9AVR4AaABAg,@정금-t6w,알림❤,0,2025-07-09
1tSQMFRS0yU,UgxiKsj1dscenIJZTel4AaABAg,@또용-r8s,빌트인 진짜 극악..lg 내부 원형이라 오븐으로도 최악,0,2025-07-11
1tSQMFRS0yU,UgwxhFrVCrSZqXny-vR4AaABAg,@고양이-r4l,알림 신청합니다~,0,2025-07-09
1tSQMFRS0yU,Ugzb85Ix1Tekv1Btidt4AaABAg,@그레이스-d4f,알림요~,0,2025-07-10
1tSQMFRS0yU,UgyyUHPhjTu8JFPGsqp4AaABAg,@만들기하는예준이,알림신청🎉,0,2025-07-10
1tSQMFRS0yU,UgzYjagXUBw9fTqOJfh4AaABAg,@미김-k9p,신청이요,0,2025-07-10
1tSQMFRS0yU,UgxP41_u77G7KHn28i94AaABAg,@hjyun9709,알람신청,0,2025-07-10
1tSQMFRS0yU,Ugy9iA4ZHWzABozbsL54AaABAg,@오미듬,"오븐이 대형에프인거 아닌가요.
저는 에프보다 큼직해서 좋던데요.
열풍세기도 훨.좋고요.",16,2025-11-02
1tSQMFRS0yU,UgzH7EQg_XzZBXF9dv54AaABAg,@성이름-h9b-p9f,전자렌지 오븐 에어프라이어 3개 다되는건가요?,2,2025-07-09
1tSQMFRS0yU,Ugy1udMyD4-qmjTvep94AaABAg,@이은미-w8z,알림신청이요,0,2025-07-09
1tSQMFRS0yU,Ugyt03VCHo3KSk9dLZR4AaABAg,@러블리윤0402,전자.에어프라이어 단된다는말인가요?,0,2025-07-11
1tSQMFRS0yU,UgyyMNfpc88ezB-mcNx4AaABAg,@뚠뚠이-u1k,엘지꺼 광파오븐이 전자렌지도 되고 오븐기능도 에어프라이 기능도 되는데요?,26,2025-07-12
1tSQMFRS0yU,Ugxjipz9wcT1d27tNrx4AaABAg,@chacha-nail,삼성꺼는 스팀 에프 전자렌지 오븐 발효 다 잘되는데..;;;; 사서 3년째 발효빵까지 잘 해먹습니다,6,2025-11-09
1tSQMFRS0yU,UgyGBtJ0X-QcV23Rq7x4AaABAg,@hbymlover,잘안들려....,0,2026-02-08
1tSQMFRS0yU,UgyrqoBj_HKtD007mGV4AaABAg,@miranda-kt9qp,삼성껀 잘됨,1,2025-12-11
1tSQMFRS0yU,UgycRrAXWCsPxhumgcR4AaABAg,@jinwoo6087,알림 신청,0,2025-07-10
1tSQMFRS0yU,UgxkfGHFecs3noMj6Nh4AaABAg,@곰비-z9b,뭐가 안된다는 말임?,1,2026-03-29
1tSQMFRS0yU,Ugzox-wTXMOduylvYpZ4AaABAg,@hyejungsk,알림신청,0,2025-07-09
1tSQMFRS0yU,Ugyqmce8IDcS-6LFBrF4AaABAg,@미경-ee,알림신청요,0,2025-07-10
1tSQMFRS0yU,UgzGDHVjwV_bsLOFePV4AaABAg,@최유진-x7z,알림이요,0,2025-07-09
1tSQMFRS0yU,Ugyyoinp_lrFaxff9zZ4AaABAg,@김칵,잉 개잘되던데 ㅋㅋㅋㅋㅋㅋㅋㅋㅋ걍 물건팔이 하려는 수작질아님?,0,2026-03-04
1tSQMFRS0yU,UgzvVMNLfTHrrAAY0O54AaABAg,@young9344,"음악소리...
집중이 안되네요",0,2026-03-11
1tSQMFRS0yU,UgxGtgfEbeEI9gCQxqd4AaABAg,@밍쥐-t4m,알림요,0,2025-07-09
1tSQMFRS0yU,UgxlIzFeAVGBXW4X5fB4AaABAg,@ddugiddugi,🩷알림 신청합니다🩷,0,2025-07-09
1tSQMFRS0yU,UgyxDaG9lfSZLQk48PF4AaABAg,@꼬미꼬미-l5n,🙉🙉🙉,0,2025-07-10
1tSQMFRS0yU,Ugw0RfYJXJbGuxNpV3t4AaABAg,@망나뇽-p3u,냉동밥도 되는건 전자레인지 대용으로도 가능한건가요?!,0,2025-07-09
1tSQMFRS0yU,UgyclUWP_A1WJSPY5ch4AaABAg,@rosana5875,알링신청,0,2025-07-12
1tSQMFRS0yU,Ugyd61SyYT3HwpAbaYl4AaABAg,@Joowoni-c9u,그니까 뭐때매 안됀다는건데요? 무작정 공구질만하지말고..,0,2026-04-06
1tSQMFRS0yU,UgyZCBN2m11ImYodhz14AaABAg,@munju83,알람신청이요 ❤,0,2025-07-09
1tSQMFRS0yU,UgySGzkhdl4ZHSMgmbZ4AaABAg,@ahaha-yuna,알림,0,2025-07-09
1tSQMFRS0yU,Ugxdf1_d-QuKhsJvNOp4AaABAg,@user-iooii0oi00o,엘지걸 놓고이걸산다고??,1,2025-11-30
1tSQMFRS0yU,UgxKCwaqWGeGPF5fc8t4AaABAg,@ragdoll-runy,알람,0,2025-07-09
1tSQMFRS0yU,Ugwd5KakgvMnuBeacul4AaABAg,@Fre6778fr,걍 무조건 안된다캐뿌네,1,2025-12-21
1tSQMFRS0yU,Ugwt_mfVT8GD-ubaQrF4AaABAg,@user-te4ui2kl9s,안사요~😊,0,2026-05-07
1tSQMFRS0yU,UgwGzBMkp1TcUWCr2K54AaABAg,@밀크레오,"엘지 올인원 나도 쓰는데, 댓글 중에 다 된다는 사람은 에프 안 써본 건가......
나는 엘지 거는 전자렌지로 제일 많이 쓰고 진짜 가끔 큰 맘 먹고 오븐 기능 씀.
에프 기능은 진짜 쓰면서 이게 아닌데 싶더라.
처음에 비싼 돈 주고 샀을 때는 나도 이거 저거 다 들이고 주방 복잡하게 사는 것보다 비싼 거 하나 들이고 모든 기능 이용하자는 맘으로 샀음.
곁다리로 보태는 말이지만, 오븐 닦기 진짜 귀찮은데, 제빵 아닌 오븐 기능은 제 아무리 노오오오력해도 오븐으로 쓰고 나면 전체 닦는 거 필수다.
게다가 에프 기능은 진짜 몇만원짜리 바스켓형보다 못 한 게 사실임.
다른 에프와 시간 같게 설정하면, 눅눅함.
음식 뒤집어줘야 하는 건 기본이고..... 저 기계에 맞는 시간을 따로 체득해야 해서 짜증남.
설명서대로 하면 절대 제대로 익지 않거나 오버쿡이 됨.
덕분에 에프 유목민으로 산 지 좀 됐다.
바스켓형 쓰다가 용량도 작고 코팅 까지는 거 짜증나서 더 크고 기능 많은 오븐형 올스텐 에프로 갈아타서 한참 잘 썼는데 청소가 많이 힘들더라.
그래도 그런 부분은 참고 썼음.
나는 본래 스텐, 무쇠 팬 사용하는지라 어느 정도 익숙했으니까.
근데 쓰다가 전기 누전이 되는 고장이 나서 AS 신청했더니, 서비스가 개판이라서 중도에 AS 포기하고 그냥 버림.(몇만원짜리도 아니고 30만원 가까이 줬는데 한 이년 쓰고 폐기 엔딩이 맞음? ㅈ소는 AS 빡센 게 큰 문제야.)
현재는 닌자 쓰는데, 얘는 그릴 기능이나 에프 기능은 그럭저럭 괜찮은데 모든 부위의 코팅이 케이크 표면 설탕 코팅마냥 연약하고 허접해서 매우 불만임.
이것도 30만원 넘게 주고 샀는데, 코팅이 왜 이따위지?
진짜 맘에 딱 맞는 에프 찾기 너무 힘들다.",0,2026-01-29
1tSQMFRS0yU,UgwYEUHjylB-FZudyxV4AaABAg,@냐오옹-o6z,알람신청 합니다,0,2025-07-10
1tSQMFRS0yU,UgxyvwX6rdhHn9_59kR4AaABAg,@치김-g1s,뭐라거 쫑알대는거야?,0,2026-02-22
1tSQMFRS0yU,UgyyeSrsqsn_BAvgz1R4AaABAg,@빡센가족,ㅇㄹ,0,2025-07-10
1tSQMFRS0yU,UgxsNu4UattY91op_Cx4AaABAg,@randy2509,먼 개소리임,0,2026-03-19
1tSQMFRS0yU,Ugwts3BrWty1TF7DN_B4AaABAg,@이상한나라-l9c,그냥 광고네,2,2025-12-02
1tSQMFRS0yU,UgzW-NOsw-Zmq9922TB4AaABAg,@그러다사람치겠다,음악   독약이되는구나    뭔소리하는거야?,0,2026-02-14
1tSQMFRS0yU,Ugz8__BAAGxqGPA3RQh4AaABAg,@Doyulhavetime,알람신청이요❤,0,2025-07-13
1tSQMFRS0yU,UgzkJUlH4i2vt1Tjtz54AaABAg,@진우-y2h,알림 신청이요!,0,2025-07-09
1tSQMFRS0yU,Ugy1wZ02SS9OMB-_sJ54AaABAg,@파란희망-y5u,알람신청합니다,0,2025-07-09
1tSQMFRS0yU,UgxzjdyzyE5X3EKShwN4AaABAg,@다연55,알림신청이요😊,0,2025-07-10
1tSQMFRS0yU,UgxiXjtqvhwhJxQAC6l4AaABAg,@떠영떠진,알림 신청합니다,0,2025-07-09
QjXJZh5_qAk,Ugzaa7NTO1VBZf3ndTt4AaABAg,@김민정-g3g5f,"모델명이 없네요
몇리터짜리인지 그것도 없고",4,2021-04-01
QjXJZh5_qAk,Ugx9vU1i5Bp-zZLfFTV4AaABAg,@gisong1972,광파 오픈 하나 있으면 요리하기에 좋은걸요. 완전 멋지네요,3,2021-01-12
QjXJZh5_qAk,UgzcgEnqiH61nCWiaGB4AaABAg,@허엘레나,요린이들에게도 유용하게 쓰일 광파오븐이네유,2,2021-01-12
QjXJZh5_qAk,Ugz0zq-XrjGIFoLEPMJ4AaABAg,@DKLEE-gr2jg,"상세한 제품 설명 잘 들었어요~
구매에 큰 도움이 될듯 합니다!",2,2021-01-12
QjXJZh5_qAk,UgzXC80n43DCR_-cNvF4AaABAg,@wawahit4178,으아 스테이크 맛있어 보이네요,2,2021-01-12
QjXJZh5_qAk,Ugwh-pzgzBOBwzVwoJ94AaABAg,@usmonkhonniyazkhanov1803,이 오븐 wifi 비밀번호를 어떻게 알수 있어요?,1,2023-04-16
QjXJZh5_qAk,UgzLsC0Dv87UdYUyqpN4AaABAg,@ssessessehiyotop8501,윤기가 자르르르르,2,2021-01-12
QjXJZh5_qAk,UgwiwHZLcCFdRWGWwk94AaABAg,@음경미-i7o,"상세설면 감사합니다
가격과 사이즈 부탁드려요",1,2021-07-16
QjXJZh5_qAk,UgwSOfSLKtwfhucH8Ld4AaABAg,@soonimyang6170,"사이즈 가로,세로,높이.",1,2021-03-03
QjXJZh5_qAk,UgxdXA2rPI0cLymxYbB4AaABAg,@yunm2414,"겉과 속을 따로 익혀주는 기술이라니 완전 신기하네요. 
겉바속촉의 신기원이군요!!",2,2021-01-12
QjXJZh5_qAk,UgwIgB9_dzVbDKimEOp4AaABAg,@djs6687,..에고,1,2024-06-20
QjXJZh5_qAk,UgxMnEPgukD5M1Q-fRt4AaABAg,@jujurain,"인공지능 쿡이라는 기능 너무 신기하네요
저같은 요린이들에게 꼭 필요한 기능같아요 ㅋㅋ
더불어 소음이 거의 없다는 것도 확실한 장점 같아요
앞으로 주방가전 시장에 대세가 될 듯..",2,2021-01-12
QjXJZh5_qAk,UgxTwvQ340sAgm60mbt4AaABAg,@xcvbnmlkj99,저도 가면 요리 해주시나요???,2,2021-01-12
QjXJZh5_qAk,UgzH0cxzVeYJfuwrosh4AaABAg,@scortjung9715,영문 디스플레이는 없나요?,2,2021-08-05
QjXJZh5_qAk,UgxyakYdFYkfyOeFFMB4AaABAg,@네메시스86,오븐 특장점보다는 어플을 더 광고하는 느낌 ㅠㅠ,1,2024-08-11
QjXJZh5_qAk,UgzaK_h6Jgcm7MpdJQt4AaABAg,@곽복임-w4c,저는광파오븐인데사용하기가 어려워렌지용으로만사용하고있어요,1,2021-04-20
QjXJZh5_qAk,UgwbNeCQLcXDT2n1YAF4AaABAg,@bae5794,에어프라이에 생선 구우면 맛이 너무 없어 못먹고 버리게  됩니다.닭도 맛없어 에어프리이어 잘사용 안하고 자리만 차지하고 있는데 .광고에 속았어요.,1,2021-04-29
QjXJZh5_qAk,Ugz3_tbF279pmVeggv54AaABAg,@won509,우와 갖고싶어요... 많이 비싸겠죠?ㅜㅜ,1,2021-01-21
QjXJZh5_qAk,Ugxrhke9W67HfGQrnCF4AaABAg,@단빼중로,바코드 큐알 찍는거 진짜 싫어요..그냥 기계에 다 있었으면 좋겟음,2,2021-04-09
JT507BU-0c4,UgwfqooyBdgl0MXcFUV4AaABAg,@seingrup,"❤❤❤우리집에 필요한! 광파오븐 꿀템 소개해요❤❤❤

[00:06]
10위. #삼성전자 BESPOKE 직화오븐 35L 방문설치, MC35A8599LC(글램 차콜)   [576,450원]
❤구매링크👉https://link.coupang.com/a/Mxr1z

[00:11]
9위. #삼성전자 BESPOKE 직화오븐 35L 방문설치, MC35A8599LE(글램 화이트)   [576,450원]
❤구매링크👉https://link.coupang.com/a/Mxr2H

[00:17]
8위. #삼성전자 BESPOKE 멀티 오븐 큐커 방문설치 22L, MO22A7797CWR(글램 화이트)   [369,000원]
❤구매링크👉https://link.coupang.com/a/Mxr3F

[00:22]
7위. #트루리빙 멀티 할로겐 광파오븐 12L 세트 자가설치, TL-OV120   [42,000원]
❤구매링크👉https://link.coupang.com/a/Mxr4Y

[00:28]
6위. #신일 광파오븐 12L, SOV-U120KP   [50,190원]
❤구매링크👉https://link.coupang.com/a/Mxr5T

[00:33]
5위. #SK매직 All in One 광파 오븐, EON-CP3A   [249,600원]
❤구매링크👉https://link.coupang.com/a/Mxr68

[00:39]
4위. #키친아트 라이트 웨이브 광파 전기 오븐 12L, KO-121MT   [42,610원]
❤구매링크👉https://link.coupang.com/a/Mxr8i

[00:44]
3위. #LG전자 디오스 광파오븐 방문설치, ML39BW   [317,100원]
❤구매링크👉https://link.coupang.com/a/Mxr9s

[00:50]
2위. #키친아트 광파오븐 12L, KWS-2612L   [54,000원]
❤구매링크👉https://link.coupang.com/a/Mxsaj

[00:55]
1위. #SK매직 복합 광파오븐 레인지, EON-C200F   [164,430원]
❤구매링크👉https://link.coupang.com/a/Mxsbn


❤상품품절시 구매링크👉https://link.coupang.com/a/MxrXo




이 포스팅은 쿠팡파트너스 활동의 일환으로, 이에 따른 일정액의 수수료를 제공받습니다.",0,2023-01-18
XZwdNv6u8KI,UgycTCfVCgsGiELNNld4AaABAg,@gyomaii,냉장고색상 여쭤봐도될까요?😊,1,2025-12-30
AAyHoTtBoHc,UgyFccCZqDRfkG_jBdZ4AaABAg,@Firstbite_foryou,"레시피🫠

1) 레몬 버터 소스 만들기
버터 두조각 + 양파찹찹 + 간마늘 2알 + 꿀1.5스푼 + 마요네즈 1스푼+ 레몬즙 1스푼

2) 연어 스테이크
- 연어는 물기 제거해주고 밀가루 얇게 발라주기 (소금후추간)
- 올리브오일에 잘 구워주기 (앞뒤로 1분30초씩)",26,2024-01-03
AAyHoTtBoHc,UgxdiXLUIs1HHKH3D-F4AaABAg,@쪼경,해먹었는데 맛있어요~~,1,2026-06-01
AAyHoTtBoHc,UgwhHfjZU4W6Cg9EaRB4AaABAg,@강아지-h3n,버터 양파 마늘 마요네즈 레몬즙 꿀,5,2025-10-16
AAyHoTtBoHc,UgwRt1CkC92hDLSiyYR4AaABAg,@eunhyelee708,"생연어만 선호하는 남편이 깜짝놀라더라구요. 너무 맛있다구~
자주 자주해달래요",5,2025-06-06
AAyHoTtBoHc,Ugyh7CwhQRy78hpWBsN4AaABAg,@hg05194,지금 먹고있는 중인데 소스 많이 만들걸!!!!!!!! 저는 감자 없어서 연어에 소스만 먹고있는데 상큼레몬 아삭양파 킥이네요 연어를 크게썰었더니 소스가 부족해요ㅜㅠ 남은 조각은 소스 왕창 만들어서 먹을거에요!!! 감사합니다,3,2025-10-17
AAyHoTtBoHc,UgwjLH2OSoyKLOpJLJx4AaABAg,@최정윤-s3v,오늘 해먹어봤는데 까다로운딸이 너무 맛있다고 잘 먹었어요~감사합니다 ^^,2,2025-03-15
AAyHoTtBoHc,Ugw71hsHyhCPZHxSB8t4AaABAg,@영-d1l5r,가족들 모두 너무 맛있다며 잘 먹었어요. 특히 소스가 정말 맛있다며 맛난 레시피 감사합니다👍😄,1,2025-08-23
AAyHoTtBoHc,UgwgkhcpQRcCP4JQ8H54AaABAg,@ycbzz,지금 했는데 넘맛있어요!레시피 감사합니다~!!,1,2025-11-08
AAyHoTtBoHc,UgwjALPP47-3w0wUYfZ4AaABAg,@불불불-c5l,너무 맛있어보여요 꼭 해먹어볼게요 !!,4,2025-01-18
AAyHoTtBoHc,UgzvRn0TXi0oM96YCLd4AaABAg,@계란빵붕어빵,연어 제품 어디꺼 쓰세요???,0,2025-08-14
AAyHoTtBoHc,UgxO6_sc9D2-DKNb4QJ4AaABAg,@yummlog1138,오늘 해먹었는데 진짜 소스가 맛있네요 ㅋㅋㅋㅋㅋ댓글안다는데 넘 감사합니다🍀❤,1,2026-01-22
AAyHoTtBoHc,UgzDef706oFrsoA7TGJ4AaABAg,@user-vn7xu7gi1h,와 따라했는데 간단하고 무지맛있음!!,1,2026-02-15
AAyHoTtBoHc,UgztNRp09FeMkxywhB54AaABAg,@휜느,소스에 들어간 가루 무슨 가루인까요?,0,2025-09-12
AAyHoTtBoHc,Ugze9ttbtLIYIWgspXN4AaABAg,@suminkim6972,진짜맛있어오,1,2026-02-10
AAyHoTtBoHc,UgzjR_s3pfwiyvwL3x54AaABAg,@foreveronly-d6v,"꿀, 버터줄이기",0,2026-04-25
AAyHoTtBoHc,Ugw8cgWBz1NaXoMajMB4AaABAg,@원숭이말랭이,무슨 허브인가요? 그리구 연어 구울 때 불세기는 강/중/약 중 뭔가요?🥹,2,2025-07-19
AAyHoTtBoHc,Ugz3GFJxmFBWhcpo0Hh4AaABAg,@시롱이28,혹시 꿀을 못 구하면 뭐로 대체할 수 있을까요?ㅠㅠ,1,2025-06-21
AAyHoTtBoHc,UgxHflsHVPzgSrVcLrx4AaABAg,@Mrloveswim,꿀은 익히면 독성이 생긴다고 하던데요.맞나요?,0,2025-06-23
AAyHoTtBoHc,Ugwn6bk_CUKmB_ndmh94AaABAg,@Kowjsi,레몬즙 없어두 되나요ㅠㅠ?,2,2025-03-29
AAyHoTtBoHc,UgxCGg4VMQIJ66VobXF4AaABAg,@jaehyunlee5282,연어 밑간하실 때 뿌리신 허브는 뭣인가요.,0,2026-02-18
AAyHoTtBoHc,UgyIs9zz5gObR9onT9d4AaABAg,@kubra873,버터는 무염 쓰셨어요 가염 쓰셨어요?,2,2025-06-07
AAyHoTtBoHc,UgzqVIWAbpIqTkaClv54AaABAg,@beluga9820,맛도리,1,2025-08-05
AAyHoTtBoHc,Ugy3SXnsvn0akT5NPuJ4AaABAg,@김지연-k5q6r,혹시 연어 아래 까신건 감자일까요?,1,2025-09-16
3Z4HNcosc4w,Ugxy7RZxKDhWrYcS3t54AaABAg,@쇼핑의신,"🔰광파오븐 TOP5🔰

5위 SK매직 All in One 광파 오븐
268,950원
구매링크✅ https://link.coupang.com/a/voOIi
품절 시
구매링크✅ https://link.coupang.com/a/voTQu


4위 보글리아 광파오븐 12L
49,900원
구매링크✅ https://link.coupang.com/a/voPaE
품절 시
구매링크✅ https://link.coupang.com/a/voTT1


3위 LG전자 DIOS 광파오븐 ML32BW1
555,000원
구매링크✅ https://link.coupang.com/a/voO2w
품절 시
구매링크✅ https://link.coupang.com/a/voTYX


2위 키친아트 광파오븐 12L
46,540원
구매링크✅ https://link.coupang.com/a/voOAt
품절 시
구매링크✅ https://link.coupang.com/a/voT3S


1위 SK매직 복합 광파오븐 레인지 EON-C200F
189,000원
구매링크✅ https://link.coupang.com/a/voOsg
품절 시
구매링크✅ https://link.coupang.com/a/voT8q



🔰 가격은 구매일에 따라 다를 수 있습니다.

AD / 제휴마케팅 수수료를 지급받을 수 있습니다.
구매링크 수익은 채널 운영에 많은 도움이 됩니다. 감사합니다. ^^",1,2022-08-11
iALsUCGM8No,UgwDBWy4lJ5pWqcrjiF4AaABAg,@누구-s2r,동일제품 사용하는데 강추 청소 너무 시워요,0,2024-07-18
iALsUCGM8No,Ugz8-tbG8aCTR7r8AIF4AaABAg,@체리향기9,"저는 에어프라이와 오븐 겸용을 갖고 있는데 위 아래 열선이 있어 청소가 좀 어렵고 구이김 펄럭거리죠~ㅋ
요 제품은 내부 청소하기 좋고 스팀 기능까지 있음 식품이 촉촉하겠네요~  하나의 제품으로 여러 기능 해내면 전자레인지 따로 안사서 자리  자치도 덜 되고 괜찮은것같아요~👍
테스트까지 재미있게 보고갑니다~ㅎ",1,2022-02-20
iALsUCGM8No,Ugwr9r60st48fGXCkgB4AaABAg,@nanyoung3636,스마트 오븐 생각중인데 sk 매직오븐 제품 리뷰 잘 봤습니다,2,2022-02-27
ge5KDxQzZvE,UgyvSqTPYY7TRdOmsW14AaABAg,@언초,청소가 불편해도 풀스텐이 안심이죠.,2,2025-12-15
ge5KDxQzZvE,UgzIoAn_eGyQZAhTUjh4AaABAg,@NENA-nq6zv,요즘은 유리로된거가 좋은거 아닌가요?,1,2026-01-13
ge5KDxQzZvE,UgxaP4fEaQlQmDGuyCJ4AaABAg,@CHj-wv2dd,오븐형은 전체 닦기 힘듦 ㅠ,0,2026-05-31
Elt37Hptjp8,Ugxu1pOApEnwbzjuUbR4AaABAg,@zuyoni1,"여러분 즐거운 연휴 보내시고, 제품 정보는 아래 링크 참고하세요~🙌

찬 우유거품까지 4가지 기능 탑재 우유 거품기
https://link.coupang.com/a/cU94ug

버티컬 멀티탭
https://link.coupang.com/a/cVaZTl

원격제어 스마트 플러그
https://link.coupang.com/a/cU9499

욕실 온풍&제습기
https://link.coupang.com/a/cU95Li

초슬림 연속배수 제습기
https://link.coupang.com/a/cU950y

닌자 블라스트 무선블렌더
https://link.coupang.com/a/cU965o

항온유지 온도조절 펠로우 스태그 커피포트
https://link.coupang.com/a/cU97Pg

삼성 비스포크 큐커
https://link.coupang.com/a/cU98aK

돌체구스토 네오 커피머신
https://link.coupang.com/a/cU98ph

미닉스 더 플렌더 프로
https://link.coupang.com/a/cU98B7

LG 시네빔 큐브
https://link.coupang.com/a/cU98NP

필립스 휴 컬러 앰비언트 전구
https://link.coupang.com/a/cU99km

렉손 미나 미니 램프
https://link.coupang.com/a/cVaa5e

커스텀 타공 철제 커피장
https://ozip.me/d40Z8EI?af

거실 둥근 화이트 테이블 지름 1000mm
https://link.coupang.com/a/cVs915

-위 쿠팡, 오늘의집 링크로 제품을 구매하면 소정의 수수료를 받아 채널 운영에 도움이 됩니다

거실 인테리어템은 아래 영상 참고하세요!
https://youtu.be/18bGShj9erU?si=n1sPdM_Ej8nazx5W",83,2025-10-07
Elt37Hptjp8,UgxCTvU39UWFRfESDfZ4AaABAg,@LEEHIGHR,uv 행주건조대가 제일 괜찮아 보이는데 정작 이 링크가 없네,55,2025-10-23
Elt37Hptjp8,UgwoLnDFxZLL4ofaS7N4AaABAg,@d__acts,"물론 여러 기기들 소개도 잘 들었지만, 주연님이 팀원분들과 일적인 관계를 넘어 정말 좋은 관계를 맺고 있다는게 느껴져서 마음 한 켠이 따스해졌어요😊 늘 좋은 영상 감사합니다~",39,2025-10-07
Elt37Hptjp8,UgypIEyHRgOtQnru7kR4AaABAg,@podium-gsb,"할머니 모먼트 진짜 사람냄새나고 좋음 ..ㅋㅋㅋ
주연님이랑 일하면 매일이 명절같겠어요",99,2025-10-07
Elt37Hptjp8,UgzODgbdLuJHqhbGib54AaABAg,@캬시오페아,브이로그 개좋아 ㄹㅇ 조명앞일때보다 훨씬좋아 자연스러운촬영 피디와의 티키타카 개좋아 더줘요 더줘,84,2025-10-07
Elt37Hptjp8,UgyNddI9CFQIPFh31Nd4AaABAg,@seungchanchoi8197,어쩌다보니 추석 연휴 솔플 중인데 영상 트니까 시끌벅적해졌어!😁,19,2025-10-07
Elt37Hptjp8,UgycDhYpaYMS3gMlaqN4AaABAg,@청주고양이집사,"예쁜 주연님 영상 잘 봤습니다 
남은 연휴 잘 보내시고 굿밤되세요",16,2025-10-07
Elt37Hptjp8,Ugw095yQ7-m_XS9lvbh4AaABAg,@WolFFloW_KR,"행주살균기 보자마자 바로 사려고했는데 단종됐나봐요 ㅠ 어디에도 없네요 ㅠ 진짜 꿀템 같은데...
그리구 빔 300만원대 쓰고있는 사람으로서 티비 크기 대비 가성비 꿀템이라는거 완전 공감합니다!
집들이 영상 너무 재밌었어요!
다음 2탄은 오늘 못나온 마계가 된 방 특집 부탁드려요😄",9,2025-10-08
Elt37Hptjp8,UgwSvi-MSPCLhYnJM-p4AaABAg,@andrew_lifetour,"테크 유류바 ㅋㅋㅋ ㄷㄷ
오늘 리얼 한영상 잘봤어요~ 또 해주세요 나중에 ㅎㅎ  즐거운 추석 보내세요~~ ㅎㅎ",18,2025-10-07
Elt37Hptjp8,UgzTZOxx0JImMtsqaK54AaABAg,@흑우나라,"이런거 소개하는 컨텐츠 뻔하거나 불필요한게 많은데, 이번 영상은 뻔하지 않고 진짜 유용한거 투성이인 알짜 콘텐츠였네요!
꿀템 공유해주셔서 감사합니다~!",7,2025-10-09
Elt37Hptjp8,Ugy0GjGc8nUc-SdoEUN4AaABAg,@gahithegeneral,주연님 이런 영상도 좋네요. 직원?님 목소리 듣고 어디서 많이 들었다 했는데 빽곰님을 여기서 뵙네요!,19,2025-10-07
Elt37Hptjp8,Ugx_Esmns9k-BQZJlop4AaABAg,@리아집착남,자꾸 뭐 내려드려요? 끓여들여요? 너무 ㄱㅇㅇ,9,2025-10-07
Elt37Hptjp8,UgwBnSoIsVREKTdN_jp4AaABAg,@qudwns8202o,즐겁게 봤습니다 ㅎㅎㅎ 이런 영상 무한 환영 🤗,7,2025-10-07
Elt37Hptjp8,Ugwo-mg18LLYD9uGEWR4AaABAg,@jwj6670,심심한 연휴에 영상 고마워요ㅋㅋㅋ재밌게 보고 가겠습니다ㅋ,5,2025-10-07
Elt37Hptjp8,UgyyJ0OWv-5gzobcRFx4AaABAg,@대한민국흔남,커피에 진심이고 빠져본 사람들은 알죠. 그냥 우유를 데워서 만드는 라떼보다 거품이 제대로 올라온 우유를 넣는게 얼마나 중요한지. 그리고 그런 밀크 폼을 잘 쉽게 만드는 제품이 얼마나 편리하고 좋은 건지를. 보통 집에서도 그렇고 카페에서 조차 아이스라떼는 우유 거품을 안내는 경우도 많은데 찬 우유로도 거품을 내준다니 퀄리티 좋은 아이스라떼를 마실 수 있어 좋겠네요,4,2025-10-08
Elt37Hptjp8,UgySDdCdh8iGmyZj8VR4AaABAg,@Triomphe01,주방템부터가 다 미쳤다 30대 1인 가정 참고할만한 거 너무 많음 감사감사,2,2025-10-07
Elt37Hptjp8,UgytuLd9SEkTDXFG9x94AaABAg,@hitithitit,콘센트 타워는 진짜... 알리에서도 무려 3만원 주고 샀는데... 돈이 아깝지 않음요. 12구 + pd 2구 + 고속A 2구. 모든 전원을 해결. 별명이 한전.,22,2025-10-07
Elt37Hptjp8,Ugy_e6O-UtwZ69XL09F4AaABAg,@dizzynow01,완전 잘봤습니다 진짜 막 이사해서 이것저것 보고 있는데 유용하네요 ㅎㅎ,2,2025-10-07
Elt37Hptjp8,UgxQbsy6qQfbTXUT4J54AaABAg,@신동민-w4z,"주연님 덕분에 좋은 아이템 체크하고 갑니다~
조만간 사러 가야겠어요~주연님 , 주연님 가족분들 복 많이 받으시고 명절 잘 보내시고 항상 건강하시고
좋은일 가득하길 소망하겠습니다~
항상 주연님 채널 잘 보고 있습니다~",1,2025-10-11
Elt37Hptjp8,Ugx_HVCbWhN3AIV5MYt4AaABAg,@도서관-x2e,"진짜 좋은 영상 감사합니다👍🏻👍🏻
즐거운 연휴 되세요👋🏻👋🏻",0,2025-10-09
Elt37Hptjp8,UgyIyE8qrhODaCRFRUp4AaABAg,@알바상,집 공개라니 기대가 됩니다! 인테리어 따라해야지! 😊,1,2025-10-07
Elt37Hptjp8,Ugx-wrrFTPgffM3PMvZ4AaABAg,@윤동구-j4x,주연님 진짜 좋은 꿀팁 아이템이 많네유 가격이 좀 나가긴 하는 제품들도 있지만 진짜 좋은 제품들이 많네유,1,2025-10-07
Elt37Hptjp8,Ugz2RKnEegHDOnQRCK14AaABAg,@heehee96,지금까지 봤던 영상중에 오늘이 제일 유익했던것같아요! 이런 꿀템들 많이 소개해주세요 :),1,2025-10-07
Elt37Hptjp8,UgyYdldOgjyKXYbMY-J4AaABAg,@이승민-m8s4t,요즘 자취템 계속 알아보고 있는데 저번 선반소개 영상부터 이런 영상들 너무 재밌어요!! 많이많이 올려주세요~~!!,0,2025-10-08
Elt37Hptjp8,UgyJODVRe0UFLU-e83p4AaABAg,@jump_lee,"명절 마무리 잘 할 것 같네요 ㅋㅋㅋ 주연님 영상보고 자취하고 싶어짐,,",0,2025-10-08
Elt37Hptjp8,Ugy32EmdZyzUb6dJvEl4AaABAg,@김찬영-n5x,주연님 집에 안왔음 어쩔뻔했어요? ㅎㅎㅎ 평소 리뷰보다 더 활기차고 자연스럽고 ㅎㅎ 귀에 딱딱들어와요 ㅎㅎㅎ,1,2025-10-09
Elt37Hptjp8,UgwcBe7SN8TtXsapMDJ4AaABAg,@우주컴퓨터,"추석 잘보내고 있지~
주연의 집리뷰 좋아",0,2025-10-07
Elt37Hptjp8,UgxaVqqgCROW7DLYjq94AaABAg,@이시열-x2p,"시작의 시작. 노래 잘 들었습니다. 너무나. 좋으네요  늘 아침에 듣고 하루하루 시작합니다
늘 행복만가득한 날만 가득하시길 바래요 화이팅 🎉🎉🎉",0,2025-10-10
Elt37Hptjp8,UgywzoIcMGwkjVtBZr54AaABAg,@doublekh,이번에 이사 가는데 참고하기 너무 좋는 아이템들이 많네요 ㅎㅎ 저장해두고 이사가서 구매 좀 하겠습니다 ㅎㅎ,0,2025-11-02
Elt37Hptjp8,UgylSkOiXxp7LU_2P7F4AaABAg,@Jay-yi,"와…조명이랑 캠 셋팅됐을때도 좋은데
이번 촬영에서의 매력이 미쳤네요 ㅋㅋㅋ
왜 더 예쁜데다 아담하게 보여서 졸귀다…",0,2025-12-29
Elt37Hptjp8,UgxDICkM51rdtfnKXoh4AaABAg,@겸-t5g,댓글 잘 안남기는데..이번 영상 너무 좋은데요? 꿀템들 진짜 다 사보고 싶게..추천 잘해주시네요ㅠ지갑 어떡하지..이런영상 너무 좋습니다~ 원래 끝까지 잘못보고 넘겨버리는데 보다보니 다 봐버렸으요ㅋㅋㅋ 😂,0,2025-10-07
Elt37Hptjp8,Ugyv4nKYu6ydt2SdGG14AaABAg,@hapii_tigger,아 팀원분들 티키타카까지 너무 재밌게 봤어요 ㅋㅋ,2,2025-10-07
Elt37Hptjp8,Ugz6UqU-9XaRDtCEsp14AaABAg,@eeeeee325eyyyg,남자 피디님 키가 되게 크신가보네 카메라 구도가 ㅋㅋㅋㅋㅋ,32,2025-10-07
Elt37Hptjp8,Ugzw_6-16I4VDceZZQp4AaABAg,@플두씨-d5q,덕후 얼리어답터이시네.. 신기한 제품이 다 집안에 있으셔~역시 가전은 주연님이야~,0,2025-10-07
Elt37Hptjp8,UgwKnkdllYcLtUUkwsJ4AaABAg,@FLIMSTUDIOAI,주연님 너무 아름다우시고 말씀도 잘 하시고 가성비 좋은 제품도 많이 소개해주셔서 감사드립니다. 구독과 좋아요 클릭 합니다. 행복하고 즐거운 추석 연휴 되세요^^*,0,2025-10-08
Elt37Hptjp8,Ugzfm7sDzhcGQG8tNA14AaABAg,@Gyeongcheol,"와 보는 내내 다 사고 싶은 물건 뿐임 ㅋㅋㅋㅋㅋㅋㅋㅋㅋㅋ
살면서 겪었던 문제들을 어떻게 이렇게 간지러운 부분을 긁어주는 템들을 싹 가지고 계시네요",0,2025-10-10
Elt37Hptjp8,Ugyvnx5-Lu4O5nW3_0t4AaABAg,@hendrix7438,"버티탭,  맘에 드네요.  덕분에 좋은 제품을 알게 됐네요.",0,2025-10-07
Elt37Hptjp8,UgxUW-5GImRdehdNgmd4AaABAg,@kbbongnip,비스포크 큐커 구매 하려고 링크 타고 들어 가니까 한달 기다리라고 하네요ㄷㄷ 좋은 제품 알려줘서 감사해요,0,2025-10-07
Elt37Hptjp8,UgxBTP_4u5SCMoUxh5l4AaABAg,@hjc2889,"주연님 주방가전에서 리뷰가 정말 마음에 들었어요❤
확실히 사용편의하고 가격의 타협점을 제대로 잡으신 것 같아요. 저도 좀 새롭게 장만해야겠습니다.
리뷰 감사합니다.😊",0,2025-12-03
Elt37Hptjp8,UgwviL_xv7lvKqLqTAZ4AaABAg,@kx9x935,와우 너무 재미있게 봤어요~!!!,1,2025-10-08
Elt37Hptjp8,UgzNYZxQeKnY35LuKkh4AaABAg,@장프리-e7x,스튜디오에서 리뷰 하던것보다 재밌었어요~ 직원분 말대로 관찰예능 스타일로 추진해보시죠 ㅎㅎ,0,2025-10-11
Elt37Hptjp8,Ugx4B4wAfEFSMhFJexJ4AaABAg,@sparrow82463,진짜 꿀템들 많네요! 저 멀티탭 저도 살까 말까 고민 많이 하고 있는 제품인데 생각보다 가격대가 좀 있어서 ㅠㅠ.. 시네빔 큐브는 진짜 저도 잘 쓰고 있어요! 홈 바도 만들고 싶은데 주방이 좁아서 ㅠㅠ,0,2025-10-07
Elt37Hptjp8,Ugz0vDoF4wuaYiQ64rd4AaABAg,@jeial_jr,"좋은 꿀템들 소개 감사합니다.
허나 큐커는 추천 반대 입니다.
자취하면서 3년째 쓴 결과! 
너무 무거워 대청소 할때 옯기기 힘들고, 
밑판이 안돌아가서 골고루 따듯하게 안되고,
에어플라이어 할때 위로 다 튀기는데 위에 그물이나 열선이 분해가 안되어 청소를 못하기에,
사용 할때마다 저 판대기 위에 요리 놓고 기름종이 덮어야 합니다.
그리고 이상하게 아무것도 안해도 청소도 잘하며 사용하고 잘닦아놔도 고장이 나서 고치는데 삼성꺼라 비용이 꽤 나옵니다.
아마 몇년안에 삼성에서 큐커2라던지 해서 개선품이 나오리라 봅니다.
장점은 통삼겸살 구우면 진짜 맛있게 잘 나옵니다.
그리고 스텝분 40만원대도 싸다 하셨는데 전자렌지와 에어플라이어 따로 사면 20만원에 사서 저는 비싸다고 생각되지만?
당근에 잘 찾아보면 신혼부부가 삼성플라자 같은곳에서 전자제품 사고 사은품으로 받은 큐커를 20~30만원대에 내놓은경우가 있으니 잘 찾아보시길 바랍니다.
물론 사러 가실때 리어카 필수입니다.
남자 혼자 못듭니다 ㅎㅎㅎ
잘 보다가 큐커보니 발끈해서 이상한 댓글 달았네요.
삼성이란 이름 달고 나온제품이 불만이 많아 그랬던거 같아요 ㅜㅜ
영상 늘 잘보고 있습니다.
메리 추석되세요 ^^",37,2025-10-07
Elt37Hptjp8,UgwQn-NKFTGyBDR6sA94AaABAg,@MungGae,이렇게 알찬 꿀템영상 오랫만이에요,0,2025-10-07
Elt37Hptjp8,Ugwq1uTEug9P5VDmA8R4AaABAg,@배찰스-t6m,와... 평상시 자연 스러운 모습이 너무 아름다워요. 스튜디오에서 보다.,0,2025-10-08
Elt37Hptjp8,Ugxra8PvSZ-yl8BvNDx4AaABAg,@baewww,재밌게 잘 봤습니다~! 일단 3개 주문 했네요 ㅎㅎ,0,2025-10-07
Elt37Hptjp8,Ugy2Q-0TZ88FS4nv6sx4AaABAg,@messiah2014,"더이상 이뻐질래야 이뻐질수가 없는 단계인데..
계속 이뻐지고 있음 😍😍😍",1,2025-10-11
Elt37Hptjp8,Ugw90iFYsOe9w6_ftZR4AaABAg,@겨울-r2s7x,댓글 잘 안다는데 주연님. 너무 예쁘고 똑소리나고..어쩜그래요?,0,2025-10-19
Elt37Hptjp8,UgyDJ4G34rElC5UTY7h4AaABAg,@dareunsigak,오 거품기와~~~ 콘센트는 대박~~~ 역시 찾아 봐야겠다,0,2025-10-08
Elt37Hptjp8,UgzU9pt_VHvZjO0n1-F4AaABAg,@노송균-i9e,아니 영상 2년전에 올려줬으면 ㅠㅠㅠ 진짜 가성비 지리네요 기존있는거 쳐내고 사도 될 정도네,0,2025-10-08
Elt37Hptjp8,Ugyl2qDZPE6JwBEvbZZ4AaABAg,@메롱-w3x,주연님 전신거울 정보 줄 수 있나요? 그리고 더 소개해주세요! 책상터는거랑 방 터는 영상 재밌녜요,0,2025-10-07
Elt37Hptjp8,UgxbvY8KuTxgjQ2BxXB4AaABAg,@bolbbalganAPC,10년 쓴 전자렌지 맛탱이가 갔는데 이번에 큐커 장만해야겠어요 잘보고갑니다~:^),0,2025-10-07
Elt37Hptjp8,Ugx1rgXGI8YXr4EiXr14AaABAg,@KissOnlyOneLady522,요니요니 주요니는 정말 너무너무너무~ 너무너무너무~ 너무너무너무너무 좋다❤,1,2025-10-08
Elt37Hptjp8,UgwbRNuaQI7PAsYvzr14AaABAg,@데로롱,언제나 봐도 주연님 너무 이쁘셔…😊,0,2025-10-07
Elt37Hptjp8,Ugxo56t4yLCfftLc9Ht4AaABAg,@aisecretary761,넘커엽고 유익한꿀템 잘봤어요😊😊,0,2025-10-08
Elt37Hptjp8,Ugy5c0NfpofInMD8fXV4AaABAg,@안정미-b5o,남은 추석연휴 즐겁게 보내시고 영상 재밌게 잘 볼께요 화이팅 😊❤,6,2025-10-07
Elt37Hptjp8,UgxKUM1ctf7Yu6OjriV4AaABAg,@Jaekwan.lee9254,"연주님은 정말 팔방미인이셔요.

주방가전까지 모르는게 없으시고 다양하게 사용 활용도 하시고 정말 멋지시네요.
인덕선이는 언제부터 사용하셨는지요?",0,2025-10-07
Elt37Hptjp8,UgwIfzWQySUnTY75q7R4AaABAg,@하라o,"쓰리룸인데 침대를 거실에 두고 생활하시네요 ㅎㅎ 

그나저나 멀티탭 제 용도에는 과분한데 되게 가지고 싶어지네요 ㅋㅋㅋㅋ",0,2025-10-11
Elt37Hptjp8,Ugx0MBuI2pRkiOGB0Y14AaABAg,@JjSsWww_81,미니멀리즘은 그저 재밌게 보고 갑니다...,0,2025-10-08
Elt37Hptjp8,UgyIZ9Ujq3qEplmGHm94AaABAg,@홀리쉣-e3q,요즘따라 깁자기 주저씨가 보고싶습니다 😂,0,2025-10-07
Elt37Hptjp8,UgyOINgoBXxUoCLVs-F4AaABAg,@yo__i__gi,새 집으로 이사 준비 중인데 정말 도움 많이 됐어요! 좋아요 구독 박고 갑니다~,0,2025-10-08
Elt37Hptjp8,UgxfuIvz61qLOQZnEL54AaABAg,@최민겸-w6k,이제 봤는데 주방템들에서 천국을 느끼고 갑니다,0,2025-11-12
Elt37Hptjp8,Ugz7Wz40LtG1mn1jW2h4AaABAg,@qjawns215,너무 좋습니다!!ㅎㅎ,0,2025-10-07
Elt37Hptjp8,UgxqoZiBX1yqSMQ15g14AaABAg,@VeniceE04,욕실 온풍기가 젤 끌리네요. 전 써큘레이터로 바람 불어주고 제습기로 말려주는데ㅋㅋㅋ 한시간 돌려도 바닥에 물기가 남아있더라구요.,0,2025-10-11
Elt37Hptjp8,Ugxs78bvZzgDfNvKVOJ4AaABAg,@Nadiskyoyo,좋은 소개 감사합니다!,0,2025-10-07
Elt37Hptjp8,Ugw8TCvIrARhN4CA0y54AaABAg,@박지연-y4u,왜캐 재밌지 ㅋㅋㅋㅋㅋㅋㅋ 꿀템 ㅇㅈㅇㅈ,1,2025-10-07
Elt37Hptjp8,UgyrHZcp_ABqTWhTaal4AaABAg,@달려간다-q7h,버티탭 강추ㅋㅋ 한번 써보면  넘 편해요 주방이 깔끔해져요🩵 반갑네요~~!,0,2025-10-07
Elt37Hptjp8,Ugy4WPmsKwQydIj0kEJ4AaABAg,@since_1987,이거지... 일상과 업무가 믹스된 이게 너무 좋다,0,2025-10-09
Elt37Hptjp8,Ugza228nFN8Vjx-qBLF4AaABAg,@skrillexpark5584,너무 귀여웡 주연님 ㅜㅜㅜㅜㅜㅜㅜ,1,2025-11-09
Elt37Hptjp8,UgxKqq3oY3uF3Q8eOEZ4AaABAg,@iu8682,역시 테크 유루바라 그런가 작은공간에 어마어마한 물건들이 빼곡하게 있네요 ㅋㅋㅋㅋㅋㅋㅋ 살맛 나실 듯 합니다.,0,2025-10-08
Elt37Hptjp8,Ugz3N40o23aUFJXY0Gh4AaABAg,@UPTOWN_John,1호 PD님 제 스타일입니다. 그냥 그렇다구요.,0,2025-10-07
Elt37Hptjp8,UgwVjjmzLEnuSds4lAV4AaABAg,@Mireu_,삼성 쿠커는 진짜 꿀탬인데요? 연휴 끝나면 함 매장 가봐야겠네요,0,2025-10-07
Elt37Hptjp8,Ugy-jJczlgA8dKsGX_54AaABAg,@noseelongtime1044,와 하나하나 ㄹㅇ 꿀템 인정합니다,0,2025-10-07
Elt37Hptjp8,UgyoDbC87w6PzqSKHKp4AaABAg,@albatirx9,커피를 좋아하고 드리퍼도 있고 펠로우 드립포트도 있으면 펠로우 오드2도 가시죠!!,0,2025-10-07
Elt37Hptjp8,Ugw5kR6nX---ut05lF94AaABAg,@블루-g2p,즐추석 !,1,2025-10-07
Elt37Hptjp8,UgyW37Uf8n0WVzGws1N4AaABAg,@hoopoe5057,귀엽고 사랑스런 주연님 ㅎㅎㅎ,0,2025-10-13
Elt37Hptjp8,UgwBGL5t08Gqq85kVJt4AaABAg,@souslome,역시 테크 유류바.. 저도 자취러로서 몇가지 손민수 하겠습니다. ㅎㅎ,0,2025-10-07
Elt37Hptjp8,UgxL6Y-oEDqDLNXFxnx4AaABAg,@류승원-v5k,와 쌈박한거많네요 잘보고가요,0,2025-11-23
Elt37Hptjp8,Ugyh8N5gwnGiIkyW5ZN4AaABAg,@sagesalt41,"08:23 펠로우 드립포트 쓰시는 거 보니 커피잘알 인정. 카페 박람회 가면 대략적으로 바리스타들 중 요즘 60% 정도는 펠로우, 40% 정도는 브뤼스타 씀. 다만 커피랑 차에 최적화돼있는 주전자이니 다용도로 아무렇게나 쓸 사람들은 그냥 싼 거 사시면 됩니다~",12,2025-10-07
Elt37Hptjp8,Ugy9Sd511LvsqdpSYON4AaABAg,@chubby_silverfish,테끄 유루바 주연행님 집이 테끄널러지아~ 하네유,0,2025-10-09
Elt37Hptjp8,UgxG1OFXn0rbQgZ5XLx4AaABAg,@m7ai2040,"근데 보다보니까 진짜 찐으로 좋은템들이 많네요
추천해주셔서 감사합니다❤

특히 행주살균기 미쳤네요",4,2025-10-07
Elt37Hptjp8,Ugxf_euDRrC35JSYQp94AaABAg,@user-om5ud7mc2r,폼 생성기 탐난다 차가운 폼🤍,1,2025-10-11
Elt37Hptjp8,Ugx_nrt51_2m-HR99ht4AaABAg,@kenshin8615,저도 헤이홈 콘센트 5개정도 사용중입니다 구글홈 연동으로 거실 주방 방 등 켜고 끄는 용도로,0,2025-10-07
Elt37Hptjp8,UgwGeVkmFXQJDCHwHgx4AaABAg,@naramaum,선리플후감상 중!,0,2025-10-07
Elt37Hptjp8,UgwHUaLEb6Zm1xytbuR4AaABAg,@쾌도남마-h3z,사랑스러운 그녀 ~,0,2025-10-07
Elt37Hptjp8,UgwojdMcMPuxyGlt6HZ4AaABAg,@ing-mon,"욕실 제습하는거 꿀템같은데 이미 콘센트 2구를 다 사용중이라..ㅋㅋ
저거 말고는 행주 건조대 땡기네요 함 찾아봐야지ㅋㅋ",0,2025-10-07
Elt37Hptjp8,Ugxn_jTI4T4jWOYJ3LB4AaABAg,@Starpandarong,재미지다요~,0,2025-10-07
Elt37Hptjp8,Ugy_9MaJdeY_fXG152R4AaABAg,@머하지-77,6:48 대나무 행주 대나무 행주~,2,2025-10-07
Elt37Hptjp8,UgzwgYH_8GM6LmMDo2B4AaABAg,@D1gg2r-n9q,"라떼거품기는 ㄹㅇ사야겠다 
맨날 아메리카노만 마셨는데 좋은거품기추천 감사합니다",0,2025-10-07
Elt37Hptjp8,Ugzbb71J4YYXCGZWg794AaABAg,@ttukkhho-_-턱호,2호기 피디님 너무 웃기셔욬ㅋㅋㅋㅋㅋㅌㅋㅋㅋㅋㅋㅋㅋㅋ,0,2025-10-07
Elt37Hptjp8,UgztW4uorGSC3-bhymx4AaABAg,@dlwlrma612,"난 주연님만 있었으면...


















저 꿀템들이 다 내꺼잖아!? 개꿀",0,2025-10-07
Elt37Hptjp8,UgyVhpTJAwDdGe6nzRR4AaABAg,@이준석-m3j,역시 테크 유튜버는 다르다,0,2025-10-07
Elt37Hptjp8,UgwxbsCYVvJmAaJNISB4AaABAg,@hyok,씨네빔 큐브 잘쓰고 있지만 날씨가 좋은 낮에는 안보여서 암막 필요함. 날이 비올 것 같은 흐린날이라면 낮에도 나쁘진 않음.,0,2025-10-10
Elt37Hptjp8,UgwFu9uOTGBD6Zz4fXx4AaABAg,@dpwls611,자취템 감사해용,0,2025-10-23
Elt37Hptjp8,UgwdJDIDxmB0kpjraYB4AaABAg,@hiruko32,"8:41 잇섭님을 이기려면 평범한거로는 안됨ㅋㅋ
최소 일리부터ㅋㅋㅋㅋㅋ",0,2025-10-10
Elt37Hptjp8,UgykFf2ohREZHINWLTd4AaABAg,@siwureaid6878,7:29 이거 뒤에 페그보드 뭐예요? 활용성 좋아보이네요. 벽걸이는 아닌것 같은데...,3,2025-10-07
Elt37Hptjp8,Ugwe6rgMzIM_FMix8wl4AaABAg,@RickyAHNN,닌자블렌더 어떻게 드시는지 레시피좀알려주세여,9,2025-10-09
Elt37Hptjp8,UgzFtoONlG84f4DCDDh4AaABAg,@investcho777,주연님 유튜브는 한 5년만에 보는거 같은데 더 이뻐지셨네,0,2025-12-29
Elt37Hptjp8,UgxWhzeuEgFtH4nfPCh4AaABAg,@kimtaegyun9475,구독합니다~ 언젠가는 1인가구가 될 것같은 1인,0,2025-10-08
Elt37Hptjp8,Ugy0wYvBmyQwGfNxlFV4AaABAg,@ltk108,"아... 이렇게 추석연휴에 혼자 사는 젊은 처자의 집을 이렇게 적나라하게 보아도 되는 것이였던 것 인지??ㅋㅋㅋ 우유거품 내주는거 괜찮아 보이는군요... 라떼
맹글어 먹기에 좋아 보이네요...",0,2025-10-07
MfdEiw5S3CE,Ugzy-LAZM9AvlFXH9N54AaABAg,@작누댁,"신혼집 몇개월 살아보니 찐만족템과 살짝 후회되는 템들이 있더라구요! 여러분의 잘산템&후회템은?!

✨미닉스 미니 김치냉장고 한정 특가 링크✨
➡️https://m.site.naver.com/27PoD

[작누댁x미닉스] 미니 김치냉장고 ""더 시프트"" 댓글 이벤트
🔗참여링크: https://m.site.naver.com/27Ppt

Step1. 영상 끝까지 시청 후 자유 댓글 달기 (미닉스 언급시 당첨 확률 🆙 ) (좋아요 필수!)
Step2. 본인 댓글 캡쳐하고 구글폼 제출하면 끝!

※ 경품: 미닉스 미니 김치냉장고 더 시프트 본품 (총 1명)
※ 당첨자 연락은 익월 15일 내 진행 (문자 안내)",13,2026-05-17
MfdEiw5S3CE,UgwkpdASOctvjfH2EZB4AaABAg,@이선경-p8o,큰누 작누 넘 야무지게 잘하고 있어 보기 좋네요😊,7,2026-05-17
MfdEiw5S3CE,UgyImtwyp5_VxlCNR4Z4AaABAg,@이선주-f7i,"오 ~ 담주부터 딸래미  집들어갈 준비해야되는데 너무 유익한영상이네요
참고해야겠어요. 감사해요",5,2026-05-17
MfdEiw5S3CE,UgyBVjzqWli5OWUqHkF4AaABAg,@healthygirl-b7d,스타일러 너무 좋던데~~,7,2026-05-17
MfdEiw5S3CE,UgyNzRAU5Ox21oxcPO54AaABAg,@lo-b6x5s,"곧 신혼집 입주라 작누님 영상 열심히 보고 있었는데 오늘 추천 비추천템 영상도 너무 좋네요 ㅎㅎㅎ 미닉스 음쓰처리기나 미니 김냉이나 소형 가전 잘하는 회사인 것 같아 눈여겨보고있었는데 오늘 영상도 너무 유용하네요 ㅎㅎ
미니 김냉 써보고 싶아요~",3,2026-05-17
MfdEiw5S3CE,Ugzwg2eIWzy6Gmbgofp4AaABAg,@MaLee1212,"미닉스 너무 멋져요~!!
보는 동안 감탄이 굿굿!!
영상이 잘 구성되서 좋네요.
앞으로도 유익한 영상 플리즈~!
파이팅!!",1,2026-05-17
MfdEiw5S3CE,UgyjjNClgFLhfxvKCfR4AaABAg,@쭌쓰맘-k9z,미닉스가 선물용으로도 아주 좋겠어요! 기능과 더불어 심플하고 세련된 디자인으로 호불호가 없을 것 같아요!^^,3,2026-05-17
MfdEiw5S3CE,UgzL8mZ7uTJnXtlApER4AaABAg,@월남쌈-k7l,"딸 11월 결혼이예요
여러가지로 작누댁 거누파파채널 많이 참고하고 도움받고 있어요
신혼추천템 미니김치냉장고 너무 공감되네요",2,2026-05-17
MfdEiw5S3CE,UgwwIAfxQVS6m8AZ7W54AaABAg,@kimminson315,미닉스 신제품 더 시프트 기대되네요 슬림형 디자인으로 김치보관하기 좋아보여요,3,2026-05-17
MfdEiw5S3CE,Ugz6b5AocoxpGFsj9414AaABAg,@아리쪼롱,"일요일에 작누댁 영상 넘 귀하다..❤❤이래저래 너무 공감해요! 식세기 필수!! 
집들이선물 남겨놓고 사기..이것도 공감이요..  혼수하면서 소형가전까지 모조리 묶어서 다 사버리니까 주변 지인들이 집들이올때 선물 사준다고 그래도 정말 사달라고 할게 없더라구요,, 한참 고민하다가 결국 잘 쓰지도 않는걸 사달라고 했어용🥹🥹",2,2026-05-17
MfdEiw5S3CE,UgxtU91YILlLS_ZIzAZ4AaABAg,@Miminggggg,미닉스 미니김치냉장고 안그래도 얼마전에 친구랑 가지고싶다고 얘기했었어요!! 1인가구도 김치를 맛있게 먹고싶다면서 미닉스 더시프트 얼마냐고 막 찾아봤었어욬ㅋㅋㅋㅋ 진짜 가지고싶네요😂😂,2,2026-05-17
MfdEiw5S3CE,UgzteMdkih2G1zlStmt4AaABAg,@Kitieee,"예비부부입니다💘 35년 캥거루족 탈출(?)하고 신혼 시작하는데 작누댁 미닉스 예전부터보고 저건사야지 하고있었거든요 미닉스 보면 볼수록 예쁘고 실용적이라 눈에 아른거려요 🥹
예비부부 첫 살림에 꼭 함께했으면 좋겠습니다.
당첨되면 매일 “잘 뽑았다” 소리 들을 자신 있어요 🤍",1,2026-05-18
MfdEiw5S3CE,UgyMU_rXifjavV4cyaF4AaABAg,@Jujuu_right,"우왓....! 이번편도 너므 유익하잖아요...♡ 저는 6개월차 유부라 그런지 이번 영상은 폭풍공감 되더라고요ㅋㅋㅋㅋ! 이케아 조명 저거 너무 좋아요ㅠㅠㅜ완전 디자인도 이쁘고 조립도 쉽구....밤에 조명 하나만 켜도 완전 은은...♡ 로청이도 식세기도 사기 전에는 돈 아깝다고 신랑한테 샤우팅 했는데ㅋㅋㅋㅋㅋ동생이랑 남편네 누나가 선물로 주시고 써보니ㅋㅋㅋ진짜 너무 좋고 싸울일 줄어서 더 좋아요😂😂!!! 초기 비용이 비싸긴 하지만 진쯔....드레스, 스튜디오에서 추가비용 아껴서 이모님들 꼭 뫼시는거 강츄!!!!! 미닉스 음식물처리기 더 플랜더PRO를 거누파파네에서 봤었는데!!! 이번에도 미닉스에서 한 건 했네요!!!!!!! 디자인도 너무 깔끔하고🥹 좁아서 김치냉장고 생각도 못했던...우리집.....슬림형이라 더 좋아요ㅠ.ㅠ!! 저희집 부엌으로 와주기만 하면 될거 같아요🤣🤣 미닉스가 확실히 디자인도 깔끔하고  슬림형으로 제품을 잘 만들어내네요!! 그렇다고 기능이 떨어지는것도 아니고!!! 말해뭐해!!! 김장의 김자도 모르는...6개월차 유부는....양가에서 김치 받아와도ㅋㅋㅋ김치냉장고가 없어서...냉장고 냉장실에 두다가...매번 신김치로...그리고 하얀 유산균으로  덮인 트라우마가 있어요....ㅜ.ㅠ한국인이라 김치를 안먹고 살 수도 없고...후... 살려주세요오....",0,2026-05-18
MfdEiw5S3CE,UgxxEhiaPSxwkaPCDUl4AaABAg,@옴뇸뇸-z7u,와 기다렸어요 이내용!,0,2026-05-18
MfdEiw5S3CE,Ugx7jn5F_cxuB6xnBQp4AaABAg,@현경eee,"안녕하세요 작누 영상 너무 기다렸어요…!! 잘산템 후회템 리뷰라니 너무 공감요!! 특히 식탁… 저희엄마가 이번에 동생 이사 시키면서 식탁 세라믹 너무 좋다고 하더라구요..!!
김치냉장고… 저도 사고싶은데 자리가 마땅치 않고 또 혼자 사는데 필요한가 싶지만 김치맛 때문에 사고 싶더라고… 미닉스 정말 디자인, 사이즈 뭐 하나 버릴게 없어보여요!! 그런 의미에서 손 살짝 들어봅니다…!!
앞으로도 좋은 영상 기대해요~^^",0,2026-05-17
MfdEiw5S3CE,UgzR-Lk6MuUS2QEYTWR4AaABAg,@까망베를,"제 자취방 냉장고는 이미 꽉 찼는데 울 엄마는 왜 자꾸 김치랑 반찬을 바리바리 싸오시는 걸까여..ㅋㅋ 
진짜 넣을 데가 업어서 발만 동동 구르고 있었거든여!
근데 영상에 나온 미닉스 김치냉장고 진짜 룸테리어 직격템 아니냐구여! 
디자인도 넘 예쁘고 책상 및에 쏙 들어가는 거 보고 완전 반했어여.
저도 책상 밑에 맥쭈랑 제로콜라 시원하게 채워놓고 싶어여. 
유튭 보다가 미닉스에서 한 캔 딱 꺼내 마시면.. 캬~ 생각만 해도 넘 행복할 듯여!",1,2026-05-18
MfdEiw5S3CE,Ugxb8fo40FpBYXyL-LB4AaABAg,@21소린이,"가계부(?) 영상 재밌게 보고 있었는데 너무 공감 가는 영상이에요. 
저는 하나 더 추가한다면 건조기/제습기 필수로 추천해요~ 
저도 로청 식세기 음처기 다 사는 건 투머치라고 생각했는데 지금 다 있는 입장에서 절대 포기 못해요. 두명이라 설거지 거리 안 나올 것 같아서 식세기 안 샀다가 신혼 2개월만에 식세기 산 사람 나야나ㅎㅎㅎ 
1.5륨에서 신혼 생활 하는 저희인데 김치냉장고도 너무 탐나요! 미닉스 음처기 쓰고 있는데 귀여운 김냉도 있었네요?! 신혼부부가 사용하기 너무 좋을 것 같어요.
추가로 신혼부부에게 이불 좋은 거 사라고 추천하고 싶어요! 신혼 때 아니면 언제 사보겠어요ㅎㅎ",1,2026-05-17
MfdEiw5S3CE,UgzihPo3QtZ7Lyo5TwN4AaABAg,@Jjjj-hh,"신혼집에 가전을 천천히 들이고 있는데, 식세기. 로청은 살거야!합니다 현재는 가장만족은 오븐쿠커예요ㅎㅎㅎ 근데 저는 생김치 예랑은 신김치파니 취향이 달라서 김치냉장고들이고 싶은데, 집이 작아서.. 고민이커요  미니믹이 작고 리터도 크니 진짜 갖고싶은 품목중에 하나인데 예랑은 별 생각이없어보이는 그..

결국 신혼부부 예산초과로 못사는데 댓글이벤트가있어 신청해요

지난번에도 떨어지긴했지만 재도전!!

저희 진짜
미니믹 김치냉장고 꼭 받고 싶어요❤️❤️❤️❤️",3,2026-05-17
MfdEiw5S3CE,UgzGuUCwkyenHRhshSR4AaABAg,@_mongsil2,안녕하세요 올해 예식 앞둔 예신이예요 >< 요즘 신혼집에 채워넣을 가전보느라 이곳저곳 서치중에 작누댁 채널을 알게되었어요! 특히나 가전제품 발품파는영상으로 큰도움 받고있습니다 ❤❤ 예산도 부족하고 저희 신혼집이 그리 크지않아 소형가전 위주로 보고있는데 이번에 알게된 미닉스 더시프트가 김치냉장고 겸 술장고 로 아주 유용하게 쓰일거 같아 기대하는 마음으로 댓글 남겨봅니다 ><,1,2026-05-22
MfdEiw5S3CE,Ugx6G1xuPyzxtKq-PsN4AaABAg,@yujin-y7x,"미닉스 더 시프트 보는데 “작지만 강하다”는 말이 딱이네요❄️  
요즘 자취방이나 신혼집은 공간 활용이 진짜 중요한데 36cm 슬림폭인데도 용량 넉넉한 점이 너무 마음에 들어요!  
김치뿐만 아니라 주류나 간식 보관용으로도 활용 가능하다는 게 완전 실용적✨  
거기다 소음이 도서관 수준이라니… 침실 근처에 둬도 부담 없을 것 같아서 더 탐납니다ㅋㅋ  
작누댁님 영상 보니까 괜히 집에 하나 들여놓고 싶어졌어요🙌",0,2026-05-18
MfdEiw5S3CE,Ugz1N6A4FNsRaWeP6qp4AaABAg,@Wild_Achillea,"미닉스 더 시프트 소개 영상을 보는데 신혼살림 현실 팁들이 술술 풀려서 재미있었어요😊 식탁 소재 얘기부터 자잘한 소형가전 선택 기준까지 따라가다 보니 집 꾸리는 과정이 눈앞에 그려지는 기분이 들었고, 공간이 좁을수록 무엇을 먼저 들여야 할지 망설이던 제 상황에도 딱 맞는 내용이 많았어요. 특히 김치냉장고는 포기해야 하나 고민하던 찰나에 더 시프트가 등장하는 순간 눈이 동그래졌어요😮 폭이 슬림해서 아일랜드 옆이나 작은 틈에도 쏙 들어가고, 조용하게 돌아간다고 하니 생활 동선에 부담이 없을 것 같았어요. 김치 보관은 물론이고 캔 음료나 간식까지 따로 시원하게 챙겨둘 수 있다는 점도 마음을 흔들었고, 주방 인테리어에 자연스럽게 어울리는 디자인이라서 두고 볼 때마다 흐뭇해질 것 같은 느낌이 들었어요. 신혼집에서 더 시프트를 쓰게 된다면 출근 준비하면서 맥주 캔 하나 꺼내는 상상까지 해봤고, 주말엔 김치 쉬지 않도록 든든하게 맡겨둘 수 있을 거라 기대돼요❄ 영상 올려주신 덕분에 선택의 기준도 세워지고 현실적인 도움도 받아서 감사한 마음이에요. 앞으로도 생활에 숨결을 넣어주는 영상 기대하면서 응원 보낼게요🥰",0,2026-05-19
MfdEiw5S3CE,UgxRRoiy877y5ltouZN4AaABAg,@정귀염둥,로봇청소기 추천!! 딸이 선물해줘서 어풀깔고 편리하게 잘사용하고 있어요😊,1,2026-06-03
MfdEiw5S3CE,UgxwAuK4RS0KOulFXsd4AaABAg,@아름-e4l,#미닉스 예비신혼부부인데 이제 준비해야할게많아서 시간가는줄 모르고 봤어요! 처음에 신혼집 준비하실때 본영상에 나온 제품들 다 좋겠다 싶었는데 오늘영상에서 장단점 알려주셔서 도움이 될것같아요!,0,2026-05-24
MfdEiw5S3CE,UgyuwZBUaW6uxAhMrDp4AaABAg,@허하하하나,미닉스 김치냉장고라는 존재 자체를 처음알게된게 거누파파네였어요 저희도 2인가구르 그때도 너무 갖고싶어서 벼르다가 잊어버렸는데 오늘 작누댁으로 또한번 접하게되네요 추천을 너무 맛깔스럽게 해주셔서 구매욕구 뿜뿜이네요ㅋ 불경기인 요즘 가전은 쉽게.. 구매가  어려운게 아쉽지만 저에게도 혹시나하는 행운이 오길🙏🏼🙏🏼💌 늘 애청하고있습니다❤,0,2026-05-19
MfdEiw5S3CE,UgwuKSbjhFhiHmpzQzp4AaABAg,@Plokijuh-098,"우와 미닉스 김치냉장고 설명듣자마자 저는 바퀴 먼저 생각햇거든여👏👏👏
왜냐면 뭔가 김치냉장고이긴하지만
안방에 가지고 들어가서 맥주 넣어놓구 밤에 영화볼때 쓸수도 잇지 않을까 싶어서😙😙😙 근데 역시나네요!!!!
크기도 크지 않아서 더 부담없구
저처럼 신혼가정에 딱이에영🙆🏻‍♀️🥨",0,2026-05-20
MfdEiw5S3CE,UgxuMCZZs2vZEBZNHiB4AaABAg,@이여사-f7p,쇼파쿠션 넘 이뻐여^^ 정보좀??,0,2026-05-17
MfdEiw5S3CE,UgyasEJAQ5S3fuX6_R94AaABAg,@uuuuuuuuuuii,"미닉스 소개주신거는 운명인가봐요😮!!♥️

안그래도 6월초 신혼집 들어가는데 가전중에 김냉을 못샀고든요..(집이 좁아서요😢)
그냥 냉장고에서 김치냄새 나야겠다 ㅠㅠㅠ 하고 있었는데🥺 이런 미니 김냉이 있는지 몰랐어요!!! 기술력 무엇🫶🏻

당첨되게 된다면 홈페이지에서 배치주신 것처럼 아일랜드 옆에 놓고 쓸래요💖 인테리어도 해치지않고 너무 이쁜데 실용적이네요♥️♥️♥️",0,2026-05-18
MfdEiw5S3CE,Ugzgz6Ii_FM1yUpZzZF4AaABAg,@희희-v8t,아이들이 김치가 쉬면 안먹어서 이젠 김치냉장고를 사야하나 고민중이였는데.. 미닉스에서 이렇게 미니미 하지만 김치를 계속 맛있게 먹을수 있는김치냉장고가 있다니!!! 바로 달려갑니다ㅋㅋㅋㅋㅋㅋㅋ,0,2026-05-17
MfdEiw5S3CE,Ugwo6ccMKcax15nwFYx4AaABAg,@Js-uw,곧 신혼집 입주하는 신랑입니다~ 말씀해 주셨던 가전제품 혼수 꿀팁 영상도 보면서 도움 많이 가졌습니다. 김치냉장고도 구비하고 싶었지만 집이 좁아 마땅히 놓을 곳이 없어서 포기했네요... 미닉스 미니 김치냉장고 기회가 된다면 사용해 보고 싶습니다😊 살얼음 직전에 시원한 맥주도 와이프랑 같이 먹는 상상까지 하게 됐네요. 오늘도 영상 보고 꿀팁 잘 얻어 가요~ 항상 감사합니다!,0,2026-05-17
MfdEiw5S3CE,UgyJ3IBs4BHhO_jhX0N4AaABAg,@lilliasophia1004,"결혼 생활을 시작하면서 겪는 현실적인 조언들이 가득해서 무척 유익했습니다. 수많은 살림 정보 중에서 가장 와닿았던 순간은 미니 김치냉장고의 다용도 활용성을 짚어준 5분 29초 언저리였습니다. 보통 신혼 가전을 장만할 때 부피가 큰 대형 제품만 떠올리기 마련인데, 공간을 적게 차지하면서도 음료나 김장 김치를 효율적으로 보관할 수 있다는 점이 무척 실용적으로 다가왔습니다. 주거 공간의 한계를 극복하면서 경제성까지 챙길 수 있다는 점이 신선한 자극이 되었습니다.
전체적으로 화려한 인테리어 소품 위주가 아니라, 실제 거주하며 터득한 정직한 경험담을 나누어 주어 신뢰감이 생겼습니다. 무조건 비싼 물건을 들이기보다 구성원의 생활 양식에 맞추어 선택하는 안목이 돋보였습니다. 살림살이를 준비하는 이들에게 든든한 길잡이가 되어주는 훌륭한 조언입니다.",1,2026-05-18
MfdEiw5S3CE,UgxgHxc4iderdFHbvYR4AaABAg,@정은-s7t,울 둘째 직장따라 타지로 갔는데 김치없인 못살아 1인으로 미닉스김냉 정말 생각해봐야 겠어요😅,0,2026-05-17
MfdEiw5S3CE,UgzJKN5-ormpDp4wGel4AaABAg,@eun._.ng2,"미닉스 김치냉장고 궁금한데 김치를 좋아해서 항상 엄마, 이모 김치 쟁여놓는걸 좋아해서 큰 용량의 김치냉장고랑 항상 고민이 되더라고요. 추천하시는거 보니 더 가지고 싶어요😍",0,2026-05-17
MfdEiw5S3CE,Ugy4itAjAfxSd1jWBl54AaABAg,@손지영-q8o,"안녕하세요 작누님😊  
저는 거누파파 때부터 시작해서 지금은 작누댁까지 꾸준히 보고 있는 구독자입니다!!

저도 작년 12월에 결혼한 신혼부부라 작누님 영상 보면서 같이 준비하는 느낌으로 정말 많이 참고했어요🧡

저희도 신혼부부답게 김치냉장고를 따로 장만하지 않았더니 김치 맛이 금방 변해서 늘 아쉽더라고요ㅠㅠ  
게다가 친정이랑 시댁이 둘 다 2시간 거리라 한 번 다녀오면 김치를 많이 받아오는데, 항상 마지막엔 맛이 변해버려서 고민이 많았습니다🥹

그러던 와중에 미닉스 미니 김치냉장고 이벤트를 보게 되어 참여하게 되었어요!!  
미닉스는 음식물처리기로 유명해서 원래 알고 있었는데, 이번 미니 김치냉장고 보니까 디자인도 너무 깔끔하고 컴팩트해서 주방 어디에 두어도 잘 어울릴 것 같더라고요✨

이번 기회로 미닉스 미니 김치냉장고 꼭 사용해보고 싶습니당!!  
작누님도 항상 행복한 신혼생활 보내세용🧡",0,2026-05-18
MfdEiw5S3CE,UgxFak4Cdneq5ynC-sJ4AaABAg,@부족한사람끼리모-f5s,결혼한지 1년 넘었는데 김냉 계속 사고싶었는데 이제 진짜 놓을 자리가 없어서 아쉬워만 하고 있었는데 완전 운명같아요 좋은 제품 소개해주셔서 감사해요😍 미닉스 음식물처리기 더플렌더 쓰고있었는데 김냉이 있는지는 이번에 처음 알았어요 이번 기회에 새로운 미닉스 들일까봐요..❤,0,2026-05-19
MfdEiw5S3CE,UgzLtVFQKJi04tWpfZp4AaABAg,@ongpiggy,거누파파님 댁과 작누님 댁을 보면서 언젠가 신혼집을 꾸밀 때 꼭 구매해야겠다고 생각했던 미닉스 음식물 처리기가 있었습니다. 마침 구매하려고 했을 때 운 좋게 신제품이 출시되어 바로 구매하게 되었습니다! 그리고 김치를 좋아하지만 냉장고에 냄새가 배는 것을 싫어하는 제가 친구들에게 축의금은 받지 않을 테니 미닉스 김치냉장고를 사주면 좋겠다고 이야기했지만.. 신랑이 반대합니다 😂 너무나 탐나는것..,0,2026-05-17
MfdEiw5S3CE,UgzsUczsBkyoTox719R4AaABAg,@하이01,"안그래도 저 신혼집 들어가기 전이라 지금 가전을 알아보는 중이거든요ㅜ친구들한테 김치냉장고 샀냐고 물어봤는데…!!!! 다들 집이 작아서 안 샀다 살 거면 작은 거 사 했는데 딱 이 영상을 봤네요 대박 신기해 
작누처럼 쇼파 옆에 김치 좀 넣고 맥주 넣으면 짱 좋을 거 같네요 ㅎㅎ",0,2026-05-20
MfdEiw5S3CE,UgzpN_bTMZirA2JTjhZ4AaABAg,@sss__sss7,와 저도 좀 있으면 신혼 집 들어가는데 식기세척기 이모님 고민 중입니다 해야되나ㅠㅠㅠ 두분 말씀 들어보니 솔깃합니다...ㅎㅎ 미닉스 음식물 쓰레기 처리기도 쓰고 있는데 미니 김치냉장고 차아아아암 탐납니다ㅎㅎㅎ 신혼 집에 하나 장만해두고 싶네요!!!,0,2026-05-17
MfdEiw5S3CE,UgzcjPyFXH5LvFmpGFJ4AaABAg,@chlii1027,"4:02 영상 넘 잘 보고 있어요 거누파파도..❤ 

집이 크지 않으면 가전제품 들일 때 고민이 진짜 많이 되죠 😂 부피도 성능도 다 정말 중요하잖아요.. 저도 김치냉장고 넣을 자리는 없는데 그렇다고 아무거나 사자니 ㅠㅠ 소중한 김장김치들이 잘못될까봐 걱정되기도ㅜ하고😢 미닉스 미니 김치냉장고 처음 들어보는데 너무 좋은 것 같아요! 음료들도 같이 보관하고 미닉스니까 성능은 뭐 말모😂  저도 한번 꼭 써보고 싶네요",0,2026-05-17
MfdEiw5S3CE,UgwefowBBvdqWLWYfIh4AaABAg,@삐니삐니-u5g,8월 결혼을 앞두고 신혼집 살림 채우기에 아주 바쁜 나날을 보내고 있습니다 ㅎㅎ 김치를 워낙 좋아하다보니 김냉을 갖고싶지만 들어갈 자리도 없고 예산도 초과에요 ㅠㅠ 미닉스 김치냉장고가 사이즈도 아담하니 신혼가구에 딱일 것 같네요 ㅎㅎㅎ 갖고싶습니당 🤍,0,2026-05-17
MfdEiw5S3CE,Ugze-DWk4xrdvzUqZ_p4AaABAg,@elevenJ,새채널을 추가하셨군요ㅎ,0,2026-05-17
MfdEiw5S3CE,UgwVVq2LYRmh56bphYZ4AaABAg,@최감자-i3z,3년차 신혼입니다~ 작누 말씀이 맞아요~ 숟가락은 많이 사셔야 해요. 특히 가족이 많다면 수저 세트 10인 정도 해놓는 것도 좋아요~ 자리 차지도 별로 안하니까요! 꿀팁: 엄마집 가면 엄마가 어디에선가 사거나 받아놓고 안쓴 새 숟가락 젓가락 세트 있다.,0,2026-06-04
MfdEiw5S3CE,UgwDOp6Wovl0zd2Lz7F4AaABAg,@9.reum-heedong,"저도 큰누처럼 출산하고 친정 근처로 이사했어요 친정 쵝오😊😊 그런데 주방이 좁아 김치냉장고 둘 곳이 없어서.. 이전에 파파님께 술장고 선물해드리는 영상보고 오호 이런 제품이 있었군!? 하고 솔깃했네요 ㅎㅎ 미닉스 미니 김치냉장고 다용도실에 두기에도 딱 좋고, 저도 육퇴 후 미친 시원함의 맥주 마시고 싶네요!! ㅎㅎ👍👍👏",0,2026-05-21
MfdEiw5S3CE,UgynobLVsUfX-n1Rhst4AaABAg,@윰-i6f,살얼음 맥주😆 저는 10개월 아기 키우고 있어요. 밤에 육퇴 후 금방 잠들겠지하고 맥주 냉동고에 얼려 놓으면 타이밍 안 맞아서 얼어버릴 때도 있고 애기가 너무 보채는 날은 우리 부부도 뻗어서 잊을 때도 있어요. 오늘 하루도 무사히 보냈다는 마무리의 한 잔을 술장고가 딱 맞춰준다면 좋을텐데 부러워요!!!😂,0,2026-05-17
MfdEiw5S3CE,UgxEarE7s_p-ptZLscZ4AaABAg,@saemmyy,"신혼집 이사온지 1주일 되었는데 작누님이 말해주신 1,2위 식세기 로청 돈아끼려고 안샀는데 후회중이에요🥲🥲  미닉스는 음식물 처리기 잘쓰고잇는데 더 시프트 제품은 예전 거누파파네 영상에서 술장고로 나온거보고 눈독들이고 있었는데 부모님께 김치 받아오면 써보고싶어요~~~❤",0,2026-05-18
MfdEiw5S3CE,UgztVKsTnjnyGPPmyYt4AaABAg,@syc-13,"언니가 신혼가구로 미닉스 음식물 처리기 사용해보고 좋다고 엄마한테도 선물해줘서 쓰고있는데 너무 편하더라구요~
이번에 미닉스에서 미니 김치냉장고 더 시프트가 나왔다니!
미닉스라면 믿고 구매 할 수 있을 것 같아요~
안그래도 집에 뚜껑 김치냉장고가 너무 공간 차지를 많이해서 이번에 이사갈때 버리고 가야되나? 그러면 김치냉장고를 또 사야되나 고민했는데 미닉스 미니 김치냉장고는 크기가 컴팩트해서 어디든 배치하기 좋을 것 같아요❤",0,2026-05-17
MfdEiw5S3CE,UgxwT__FqJPq5eBpf-14AaABAg,@이루비-g7n,"[이벤트 참여] 신혼 생활을 시작하면서 가장 크게 느낀 게 가전가구 선택이 생각보다 훨씬 어렵다는 점이었어요! 🧑🏻‍🦲🫶🏻 단순히 예쁜 것보다도 실제 생활 동선이나 수납, 소음, 전기세까지 고려해야 하다 보니 하나하나 고를 때마다 고민이 정말 많아지더라고요! :) 그래서 이번 영상에서처럼 실제 신혼 7개월 차 선배의 현실적인 추천과 비추천 정리는 정말 도움이 많이 됐습니다! 🥹🤍

특히 미닉스 더 시프트처럼 좁은 공간에서도 효율적으로 사용할 수 있는 제품은 신혼집이나 원룸, 소형 주거 공간에 정말 필요한 가전이라는 생각이 들었어요!

김치냉장고는 꼭 큰 제품이어야 한다는 편견이 있었는데, 슬림한 디자인에 용량까지 확보된 점이 인상적이었고, 무엇보다 생활 소음이나 전기세까지 고려한 부분이 현실적으로 느껴졌습니다. 이런 디테일이 실제 사용 만족도를 크게 좌우할 것 같아요! 🧻👏👏

앞으로도 가전은 단순히 스펙보다 우리 집에 맞는가?가 더 중요하다는 걸 다시 느끼게 된 영상이었습니다! 신혼을 준비하는 입장에서 이런 현실적인 리뷰와 경험 공유가 정말 큰 도움이 되는 것 같아요! 🍚🖤",0,2026-05-23
MfdEiw5S3CE,UgxwSRM7V84WOfdF1MR4AaABAg,@oohzyunni,"#미닉스❤️ 안녕하세요 저는 본가가 광주인데 현재는 서울 거주하고 있습니다~ 올해 11월에 결혼해서 가전제품을 찾아보고 있는데 우선 요리하는 것을 너~무 좋아해서 미닉스 음식물처리기는 구매해서 너무너무 잘쓰고 있습니다👍🏻 삶의 질이 달라졌어요,,,❤
그리고 김치냉장고 큰 걸 구매하기에는 자리를 너무 많이 차지하고,,, 구매안하자니 일반 냉장고에서 김치 냄새가 너무 많이 나고 고향에서 온 맛있는 김치가 너무 빨리 상하고 물러지고 맛도 없어져서 아깝게 버리게 되는 경우가 많아서 공간 차지도 없고 용량도 넉넉한 미닉스 김치냉장고 너무 사용해보고 싶습니다 ㅠㅠ🍀💚🧡",0,2026-05-19
MfdEiw5S3CE,UgwuuWIildJdMWCsdGd4AaABAg,@lucklae,"저희 신혼집은 1.5룸 오피스텔인데요,,, 사고싶은 미닉스 김치냉장고를 여기서 또 보네요! 미니 김냉중에서 소음도 적고 전력효율도 좋다고 해서 너무 좋을거 같아요😊 김치도 많이 먹는편이 아니라 크기도 적당하구요 ㅎㅎㅎ 요즘 신혼가구에 어울리는 제품인거같아요:)",0,2026-05-21
MfdEiw5S3CE,UgzkQNI5gj6vlkECysd4AaABAg,@닐리-z5w,"저도 로청 완전 뽕뽑템! 커튼도 아기방 완전암막으로 바꾸면서 커튼업체 또 불러야하나 했는데 진짜로 작누댁보고 직접시공했는데 완전 만족!진짜 셀프 가능하다!!
미닉스 음쓰처리기도 주변에서도 엄청 많이쓰는데 진짜 만족도 👍
요즘 미닉스 핫해핫해 오늘 트레이더스에도 김치냉장고 앞자리에서 판매하던데 괜시리 반갑더라고요:) 신혼, 2인가구에 완전 용이한 아이템",0,2026-05-17
MfdEiw5S3CE,UgzA-Ew8B0v5jQoTX_l4AaABAg,@그레이스-u5b,작누언니~토보코 선크림 이벤트 한번 더 해주세요~ 선크림 그것만 쓰게 되요,0,2026-05-23
MfdEiw5S3CE,UgzcOlaHHapDy9gTNbt4AaABAg,@키인터-z1n,미닉스 음쓰처리기 너무 잘쓰고 있는데 영상보니까 냉장고도 궁금하네용,0,2026-05-18
MfdEiw5S3CE,Ugx6wN9J6KkNYTF-VU54AaABAg,@호시탐탐-v6c,김치를 좋아하는데 김치냉장고를 넣을 공간은 없어서ㅜ 김치가 빨리 익어서 아쉬웠는데 미닉스 김치냉장고가 있으면 맛있는 김치룰 오래 먹을 수 있을것 같아요❤,0,2026-05-21
MfdEiw5S3CE,Ugx92sPneXzGWWDxU1J4AaABAg,@garuu8412,다음달 신혼집 들어가는데... 본가에 있던 냉장고를 가져가로했어요.. ( 부모님은 다른집에 있던거 가져오시고 ㅋㅋ )  기존 본가 김치냉장고도 가져가려니 2인가구가 쓰기엔 너무 거.대. 해서... 속상했는데 미닉스미니김냉이면 넘 좋을것같아요 ❤,0,2026-05-17
MfdEiw5S3CE,UgxkCALB1_YxIQ3Nk5R4AaABAg,@노농-h4r,"다음 달 신혼 집 입주를 준비하고 있는 예신이에요. 24평 구축 아파트이다 보니 수납 공간도 넉넉 하지 않고 김치냉장고는 아예 생각도 못하고 있었어요. 더군다나 요새 유행따라 키친 핏 냉장고를 사버려서 냉장고 자체의 용량도 뚱냉보다 적다고 하더라구요.ㅠㅠ 미닉스 미니 김치냉장고 추천 많이 들어 봤는데 공간도 크게 차지 안하고, 이런 상황의 저희한테 딱 필요한 물건일 것 같아요.전체적으로 신혼템 꿀템 비추템 추천 감사드려요🥰",0,2026-05-17
MfdEiw5S3CE,Ugy1a0n5VZ-D5O665cF4AaABAg,@woo-0-kk,"와 저도 김치 귀신 시원한 맥주 귀신이라서 위시리스트인 김치냉장고 마음에만 두고 있었는데 보니까 또 탐나네요.. 
김치냉장고에 보관한 맥주는 무시 못 하게 더 맛있더라구요 !!!!!!
작은곳에서 잠깐 신혼을 시작하느라 김치냉장고는 부피만 차지하니 꿈의 냉장고였어요 ㅠㅠ 
야채칸 크기의 김치냉장고 기능이 있는 냉장고를 사용하지만 확실히 김치냉장고의 역할까지는 못 하는거 같아서 너무 아쉽더라구요..
그러다 미닉스를 출시했을때부터 너무 가지고 싶었는데 바로 운이 좋게도 이사 온 지 얼마 지나지 않아 큰집으로 이사 준비를 하고 있어서 드디어 미닉스를 들일수 있는 기회가 생겼어요!!!!!
가격도 합리적이라 남편도 꼼꼼히 찾아보더니 정말 좋다고 하더라구요.
이사가는 집에 김치 냉장고장에 문이 따로 있던데 굳이 숨기지 않고 거실 한켠에 두어도 인테리어를 전혀 해치지 않을 것 같아서 마구 자랑하고 싶은 비주얼이네요 :) 
미닉스 김치냉장고에 보관한 아삭한 김치와 라면 그리고 시원한 캔맥주로 육퇴를 꿈꾸며 시원하게 한 잔 꿈꾸고 있는 올해 출산 예정인 예비맘입니다 ㅎㅎ
가격도 착한 미닉스 김치 냉장고와 함께라면 끄떡 없는 육아가 될 것 같아요 ..🖤🖤",0,2026-05-18
MfdEiw5S3CE,UgwMHuQJtNgUGjuakTJ4AaABAg,@healthygirl-b7d,그릇 한꺼번에 많이 사는것 반대 공감해요,0,2026-05-17
MfdEiw5S3CE,UgxUvnsaq7CJbdoGocd4AaABAg,@sogoozz,"1년된 신혼부부예요!
영상 처음부터 끝까지 하나하나 다 공감되네요 ㅋㅋㅋㅋ
특히 가전, 가구, 식기류 처음부터 왕창 들이지 말고 살아가면서 하나씩 들여도 괜찮다...!
근데 막상 신혼집 입주 앞두고 있으면 옆에서 이런 말 해도 잘 안 들리죠...ㅎㅎ😅

혼자 살 때는 김치도 잘 안 먹고, 술도 잘 안 마셨는데
남편과 함께 사니까 김치, 술 모두 자주 먹게 되어서 ""미닉스 미니 김치냉장고 더 시프트"" 있으면 김치도 보관하고 술장고로 쓰기에도 너무 좋을 것 같아요!

신혼집이 좁은 편이라 공간 많이 차지하는 가전가구는 부담스러운데, ""더 시프트""는 공간 많이 차지하지 않고, 용량은 넉넉해서 꼭 써보고 싶습니다!",0,2026-05-18
MfdEiw5S3CE,Ugwd4kXgyFZuN5boNz94AaABAg,@user-yi9gf2pp3i,"저도 6개월된 신혼인데 결혼식도 안하고 알뜰살뜰 작은 집에서 필수가전만 사고 살고 있는데 냉장고에 부모님이 주신 감사한 김치가 있는데 작은냉장고라 냄새가 너무 나서 다른거를 넣기가 두려워요!😢😢
미닉스 김치 냉장고에서 소중한 김치 잘 보관하고싶어요!!😂😂😂",0,2026-05-17
MfdEiw5S3CE,UgzaaHsA7TwlpGewsZt4AaABAg,@jeohyeon4546,자취한지 얼마 안됐는데 어떤 걸 먼저 사야 할지 기준이 잘 안 서서 답답했는데 영상 보니까 좀 정리가 됐어요~! 식기세척기는 주방이모라고 ㅋㅋ 주변에서도 다들 좋다좋다 추천하던데 정말 삶의 질이 수직 상승한다는 말이 깊게 와닿네요. 김치냉장고도 사실 둘이 살면 큰 걸 놓을 자리가 마땅치 않아서 포기해야 하나 싶었거든요. 그런데 미닉스 더 시프트처럼 슬림하게 나오면 공간 차지도 별로 안 하고 인테리어도 깔끔해서 좋을 것 같습니다. 김치뿐만 아니라 평소에 즐겨 마시는 맥주나 자주 꺼내는 반찬들을 따로 보관하기에도 딱인 것 같아 진짜로 실용적인 것 같아요~!!,2,2026-05-17
MfdEiw5S3CE,UgxBrKN-sX0y7rnGcFV4AaABAg,@다혜-b8c,"결혼한 지 이제 1년 된 신혼부부인데요 집이 크지 않다 보니 냉장고 공간이 항상 부족해서 정리할 때마다 스트레스에요 ㅠㅠ 특히 김치나 과일, 반찬들 넣다 보면 금방 꽉 차더라구요🥲 그래서 미니 냉장고를 하나 따로 들여야 하나 고민 중이었는데, 미닉스 신제품 소식 듣고 너무 관심이 갔어요! 미닉스 미니 김치냉장고가 있으면 김치도 따로 깔끔하게 보관하고, 기존 냉장고 자리도 여유가 생길 것 같아서 신혼집에 정말 딱일 것 같네요 💛 과일이나 간식 보관용으로도 너무 유용할 듯해서 꼭 써보고 싶어요! 🥺",0,2026-05-17
MfdEiw5S3CE,UgwKxQCTt5GHaU5V-dJ4AaABAg,@쑥쑥-f8v,티비도 끌고다니는거가 좋고 쇼파도 모둘형을 사면 이리저리 자리도 옮기고 좋더라구요,0,2026-05-17
MfdEiw5S3CE,UgyWc5w8OwWHlH2dNwF4AaABAg,@sung4240,"전 hpl 인지 hpm 인지 호마이카 작은 원형 테이블 있는데 손 소독제로 닦으면 정말 잘 닦여요. 매직폼은 코팅을 벗기기 때문에
의외로 안되는 재질이 많더라구요 ~~",0,2026-05-17
MfdEiw5S3CE,UgxRWy6JDBZzCBa0vgJ4AaABAg,@투잡탈출기,식탁이나 주방상판은 무조건 최상급으로 해야되요 업무보는 책상도  마찬가지구요,0,2026-06-06
MfdEiw5S3CE,UgyBbegjYW_dqbyQlGJ4AaABAg,@지이잉-h1w,수저는 각자 가족들 모였을때 부족하지 않을 수량으로 구매하는게 편해요^^,0,2026-05-21
MfdEiw5S3CE,UgxNXDAM9Pc514Krslx4AaABAg,@스위스베른,얼음 정수기에 얼음은 금방 녹는 얼음이라  별로구..얼음정수기 냉장고 구매하시는게 좋은데~ 정말 얼음이 꽝꽝 얼어서 아이스 커피 먹기 너무 좋아요ㅋ 근데 냉장고를 산지 얼마 안되셨을거니 바꿀순 없겠네요~~😂 그리고 저는 혼사녀인데 김치냉장고  사고싶지만 크기와 비용부담이 되서 못사고 있는데~~~ 미닉스는 작아서 저에겐 딱이겠네요ㅋ당첨되면 너무 기쁠것 같아요!!하하~~; 😆 김냉에서 음식재료들 보관하면 확실히 오래가서 매우  탐납니다😁,0,2026-05-17
MfdEiw5S3CE,Ugx-cHDQimt40IiAep94AaABAg,@노농-h4r,전동커튼 개별 구매처 궁금해용,1,2026-05-17
MfdEiw5S3CE,Ugy7sqTmkO5WPpG8xNl4AaABAg,@hoeun-l1v,전동커튼 정보 부탁드로요,0,2026-05-27
MfdEiw5S3CE,UgzdvfPOd64pk-ldgrl4AaABAg,@user-st4yt1oo9e,정수기는 어디 제품인가용?,0,2026-05-25
MfdEiw5S3CE,UgwA4q44rOcAOeJ4gvF4AaABAg,@연년생쌍둥이,"결혼 8년차 연년생 쌍둥이(26개월 아들 12개월 남매쌍둥이) 입니다. 애들 식재료 보관용 냉장고로 쓰고 싶어요!!!
둥이들 밥막기시작하고 식재료양이 어마어마해요.",0,2026-05-19
MfdEiw5S3CE,UgyG0iBIF6EkGs1_c4J4AaABAg,@delfi_um,"저는 작누랑 비슷 하게 결혼한 새댁인데요~ 정말 사람마다 다른것 같아요 저희는 정말 기본으로 하고 결혼했는데 식기세척기, 냉온 정수기, 로봇청소기, 음식물처리기 정말 다 없지만 딱히 불편한건 못느끼고 있어요. (혼자산지 10년동안 적응된걸 수도 있구요ㅎㅎ)
사람마다 정말 필요한게 다 다르구나 하고 신기해하며 지나갑니다.
아 그리고 저는 위에 5개는 안했지만 옷이 많은 편이라 스타일러는 꼭 필요하다 생각해서 구매했는데 스타일러는 진짜 잘 사용하고 있답니다!ㅎㅎ
식기세척기는 아기가 생기면 그때는 구매할까 고민하고 있어요. 정말 다들 삶의질이 올라간다고 하더라구요.
12:40 ㅋㅋㅋㅋㅋ 리클라이너는 저도 고민하다가 옆으로만 누울것같아 목은 바칠수 있는 쿠션은 있으면서 자리차지 안하는 세로짧은 쇼파로 구매했는데 리클라이너 보니까 또 그걸 사야했나 싶은ㅎㅎ!! 
김치냉장고는 정말 할말이 많은데요. 김치냉장고는 김치만 저장하는게 아니라 온도를 일정하게 유지해주기때문에 냉장고 뿐만아니라 꼭 필요한 살림 가전이라고 생각하는데 요즘 집값은 올라가니 집은 작아져서 덩치있는 큰 김치냉장고 까지 두기가 너무 부담스러워 구매를 망설였어요.
김치도 친정엄마한테 받아서 1~2통 받거나 구매해 먹는데 이게 냉장고에 보관을 하면 어쩔 수없이 일정하게 보관되는게 아니니까 금방 익는걸 넘어 쉬어버리는듯해요. 
미닉스 김치냉장고 나왔을때부터 눈여겨 봤는데 있으면 너무 좋을것 같아요!! (자취할때도 건조기 잘 사용했었어요) 김치도 신선하게 먹고 맥주 막걸리도 딱 적정하게 시원해지면 신랑도 일다녀와서 너무 좋아할것 같아요~~
요즘 시댁에 안좋은 일이 너무 많아서 신랑이 기가 팍 죽어있는데 생일선물로 꼭 선물해주고 싶어요!!
아 그리고 작누템들 잘 보고 있어요 자주 올려주세요~~!!❤",0,2026-05-17
MfdEiw5S3CE,Ugysnu_e83Jo7tvEx_94AaABAg,@시댁에서독립하고싶다,저희 처음으로 독립해서 곧 이사가는데 커튼 구매처 알려주실수 있을까요?,0,2026-05-21
MfdEiw5S3CE,UgyRAiJi2RhUUbQg5D54AaABAg,@ksyangela11114,사이즈도 컴팩트한게 딱 좁은집에 필요해요,0,2026-05-18
MfdEiw5S3CE,UgyfDjJ0sGGUrWYa4BV4AaABAg,@연뚜기-s9o,"안녕하세요, 올해 9월 결혼하는 예신입니다~ 저희는 1.5룸에서 시작하려고 해서 6월 말에 이사해요!! 작은 김치냉장고 고민중인데 이번에 미닉스 더 시프트 당첨 되면 좋을 것 같아요 ㅎㅎ 작은 집에서도 활용하기 너무 좋을 것 같아요! 미닉스 당첨되면 블로그에 후기도 남겨보려구요 세화님께도 사진 후기 남길께요 ㅎㅎ 당첨되라 얍!!! 🍀 #미닉스 #미니김치냉장고",0,2026-05-17
MfdEiw5S3CE,Ugz0iTwq_jyABW6hFVh4AaABAg,@윤영실-n4d,이사갈집이 30평대라서 티비 몇인치 할지 엄청 고민이에요 85인치 햇다가 75인치로 바꿧는데 이게 맞나싶어요,0,2026-05-23
MfdEiw5S3CE,UgzW8E3E687_gpQ90Wl4AaABAg,@귤귤이-m2e,"남자친구와 남자친구아버지랑 같이살고있는데,
남자친구랑 집에서 술을 자주먹고있어서 술냉장고로도 하고,
반찬을 즐겨해서 반찬도넣고 하는 방에넣는 냉장고가 필요해요 ㅠㅠㅠ
두달정도뒤에 이사를 가는데 저만의 냉장고를 갖고싶습니다 ㅠㅠㅠ😢❤❤",0,2026-05-19
MfdEiw5S3CE,UgwBTrwbvn3QzWchGMJ4AaABAg,@총춍총춍,커튼 자동되는거 어디서 보나요 ㅠ?,0,2026-05-25
MfdEiw5S3CE,UgxXf8091xTaKPvkk_x4AaABAg,@gloriakim-c7u,"나의힐링녀
최세화양",0,2026-05-17
MfdEiw5S3CE,Ugzn6etgi3xSZaAuCvh4AaABAg,@이진옥-d8x,냉장고와티비추천해주세요,0,2026-05-17
MfdEiw5S3CE,UgyGyq9IEAK3-gx2KJV4AaABAg,@엠지.맘,식세기❤❤❤남표니가절대설거지안하게됨 저는삼성,0,2026-05-17
MfdEiw5S3CE,UgzfLeCxNKRc53ebT9N4AaABAg,@칸초오,"미닉스 더 시프트 진짜 편하구 좋을 거 같아요 !
디자인도 예쁘고 너무 실용적이어서 쓰기 
편해보여용 !! 용량도 딱 쓰기 넉넉하구 냄새걱정없이 
김치 맛있게 먹을 수 있을 고 같아용 ㅎㅎ",0,2026-05-18
MfdEiw5S3CE,Ugw0S-EjrF_LgfU_1XN4AaABAg,@gloriakim-c7u,고양이맘잇음 딱이네,0,2026-05-17
MfdEiw5S3CE,Ugy1ROfsWrYwlVrWOvx4AaABAg,@HJP-m4i,혼자산지 5년차인데 김치를 본가에서 가져와서 냉장고에 넣어두면 너무빨리익더라구요😢 김치는 확실히 김냉에 보관해야 맛있는거 같아요! 미닉스 미니 김치냉장고는 1-2인용 가구에 맞게 용량이 나와서 너무좋은거같아요~ 자취방 냉장고가 작은데 김냉에 음료나 맥주도 같이 보관하면 딱일거같아요❤❤,0,2026-05-17
MfdEiw5S3CE,UgyQqKDVx7Efl-IoIzN4AaABAg,@gloriakim-c7u,쿠쿠 식새 비추,0,2026-05-17
MfdEiw5S3CE,Ugz9CjseJQ2jMFt86r14AaABAg,@YeonHunKim,"살림은 살아보면서 필요한 걸 채워가는 거라는 말에 정말 공감했어요. 신혼집 들어오고 나니까 공간은 한정적인데 보관해야 할 건 점점 많아지더라고요. 그래서 김치냉장고는 거의 포기 상태였는데 미닉스 더 시프트 보면서 ‘이 정도면 우리 집에도 가능하겠다’ 싶었어요. 폭이 슬림해서 자리 부담이 적은데도 생각보다 수납이 넉넉해 보여서 놀랐고, 김치 냄새 걱정 덜 수 있다는 점도 너무 매력적이었습니다. 작은 집일수록 이런 실용적인 가전 하나가 생활 만족도를 진짜 많이 바꿔주는 것 같아요. 괜히 인기 있는 게 아니라는 생각 들었고, 신혼부부나 자취하는 분들한테 특히 잘 어울리는 제품 같았습니다.",0,2026-05-22
MfdEiw5S3CE,Ugw26_ro3z3rtComdSt4AaABAg,@hamankim,"신혼 준비하면서 가장 고민됐던 게 큰 가전보다 ‘좁은 공간을 어떻게 편하게 쓰느냐’였는데 미닉스 더 시프트 보고 생각이 완전 달라졌어요. 김치냉장고는 꼭 필요하지만 자리 차지 때문에 늘 망설였거든요. 그런데 슬림한 크기로 공간 부담은 줄이고 김치, 반찬, 음료까지 알차게 보관되는 모습 보니까 진짜 현실 신혼템 같다는 생각이 들었어요. 특히 디자인이 너무 깔끔해서 거실 한쪽이나 주방 틈새에 둬도 인테리어 분위기를 전혀 안 깨는 점이 마음에 들었습니다. 부모님이 싸주신 김치 오래 맛있게 보관해두고 밤에는 시원한 맥주 한 캔 꺼내 마시는 소소한 루틴 상상하게 되네요. 작누댁 추천이라 더 믿음 가는 제품이었어요.",0,2026-05-23
MfdEiw5S3CE,Ugx4IVs_m_J6jRm-JU14AaABAg,@김과자-k1p,김치냉장고 미닉스  친정거 다시  가져온거 아니시죠?,0,2026-05-17
MfdEiw5S3CE,UgwTeldP-2To4IrzRpZ4AaABAg,@soul_maker1004,전동커튼 모델 알려주세요!!,0,2026-05-27
1wZQKej6SXs,UgxU90CqsqYtV5lp8cR4AaABAg,@smartkjubu,"[영상 속 제품 할인 구매링크]
아래 링크로 구매 시 쿠팡/오늘의집/네이버 파트너스 활동으로 수수료를 받아 내돈내산 리뷰제작에 도움이 됩니다. 

1. 멀티오븐 큐커 
https://link.coupang.com/a/dVRYky
https://ozip.me/ma3orIU?af

2-1. 물걸레 되는 로봇청소기 
https://link.coupang.com/a/diqgc2
https://ozip.me/AwgHNsY?af

2-2. 가벼운 무선 청소기
https://naver.me/IGZbU54a
https://link.coupang.com/a/dNuvEI

3. 김치냉장고 되는 4도어 냉장고
https://link.coupang.com/a/dNuEp6

4. 이동식TV
https://naver.me/5eDqbAxi
https://link.coupang.com/a/dNuxAH

5. 14인용 식기세척기 
https://link.coupang.com/a/dVR2z0
https://ozip.me/QOgZAxl?af

6-1. 음식물 처리기 (미생물형) 
https://link.coupang.com/a/dGocXe
https://ozip.me/5xJgIKI?af

6-2. 음식물처리기 (건조분쇄형)
https://naver.me/IMZelj92
https://link.coupang.com/a/dVR4If",0,2026-03-04
1wZQKej6SXs,UgwVyNu7bNJeGlTG5rZ4AaABAg,@smartkjubu,"[보기 쉬운 타임라인] 
00:00 Intro
00:16 멀티 오븐, 좁은 주방의 치트키
00:47 청소기, 비싼 거 하나보다 이 조합
01:22 김치냉장고 대신 이 냉장고
01:51 이사 걱정 없는 TV
02:24 집안일로 안싸우는 비결
02:52 날파리 안생기는 필수템",0,2026-03-04
1wZQKej6SXs,UgyzlSmcYRCOpZ6G0pN4AaABAg,@happycalli,저 tv 사고싶어지네요 ㅋㅋㅋ,0,2026-03-08
1wZQKej6SXs,Ugzx4TwU-RXpcDVfPux4AaABAg,@문희-ck23,와 요즘 냉장고는 모드도 설정할 수 있네요…대박,2,2026-03-05
1wZQKej6SXs,UgzpGwRIdOYmnZi3U8d4AaABAg,@honghongkhhong,"와~~!!!,   똑소리나는   선택들이네요,   TV 사고  싶어요~~^^",0,2026-03-15
1wZQKej6SXs,Ugw2LxsbpuFI6jNAJDt4AaABAg,@ABC707-e7d,냉장고모델명이뭔가요?!,0,2026-03-09
1wZQKej6SXs,UgxrUt_0ce8IYy7devN4AaABAg,@laemido4178,오오 냉장고 그러네요. 냄새는 실제로 어떤가요?,3,2026-03-04
1wZQKej6SXs,UgzltYrNKdcInS2Z_7J4AaABAg,@이히리히후,어ㄹ음 많이 나오나요?,0,2026-03-04
yZKHjoEd1tY,UgyRw2i3ab_GcJLzrvF4AaABAg,@엽기남,밤에는 전열교환기를 사용하세요. 공기청정기와 비슷한효과를 내요. 전열교환기+공기청정기 조합. 야간에는 공청 off,2,2024-07-13
yZKHjoEd1tY,Ugy6tjIZw_2wyQxZVrt4AaABAg,@해삐리나,신혼가전템 신혼아니더라도 가전제품 교체시 참고가 되겠어요❤ 영상 잘봤습니다,2,2024-06-22
yZKHjoEd1tY,UgzzUxrGT5-K1vAqcMd4AaABAg,@nameno7144,영상 퀄리티가 너무 좋아용,0,2024-10-28
yZKHjoEd1tY,UgxNkagQNnyslLezLKB4AaABAg,@다이에나의게임3TB,"오오 LG 코드제로 진짜 후기 감사해요! 그 앞엔 좋은 말씀만 하셔서 아~ 역시 좋게 말하나 했는데
여기서 바로 신뢰도 급상승

저도 다이슨이랑 LG 코드제로 먼지통이랑 어쩌구 엄청 고민하다가 결국 다이슨 V12 2.2kg으로 확정했어요

말씀하신 부분도 알게 돼서 좋고 실사용 안 하면 절대 모르는 것들

특히 먼지봉투가 별도로 계속 나가는 비용이라 호환용으로 사람들이 많이 사용하던데

아무튼 이 금액에 무게 맞나? 싶었거든요",0,2025-06-10
yZKHjoEd1tY,UgzC-amGi3YDkc3hkqp4AaABAg,@민지오-r5y,"좋은 정보 감사합니댜! 참고가 많이 되었어요. 공기청정기, 미생물 등등 계속 켜두어야 하는데 혹시 전기세는 어느정도인지 궁금해요. 😮",2,2024-08-17
yZKHjoEd1tY,Ugy80HbQZWVpKLykzsB4AaABAg,@Jun-oc5xx,에어컨 같은모델인데 혹시 처음 켜면 두두둑 거리는 소음 안나시나요? ㅠㅠ as신청해봤는데 정상이라는데 넘 거슬림,1,2024-06-21
yZKHjoEd1tY,Ugz6_6iYLffakIln1YR4AaABAg,@cleaningfrog,"안녕하세요 170cm님!
국내 1위 창문 로봇 청소기 대여서비스 '청소개구리' 입니다🐸
협찬 제안 건으로 연락드리고 싶은데 메일 주소 댓글로 남겨주시면 감사드리겠습니다😊",2,2024-09-25
yZKHjoEd1tY,UgyWogs9Va0k55U7XdV4AaABAg,@봉길이마스터,sk매직 식기세척기사업 철수했습니다,1,2024-08-20
yZKHjoEd1tY,UgxSXErh2ZHaERFYOf94AaABAg,@Runrungogo,식세기는 2인가족이어도 활용도가 높나요?,1,2024-09-29
yZKHjoEd1tY,Ugyol4xI9dOIlUPZFHJ4AaABAg,@자부자,에어컨은 시스템 에어컨이 좋아요.. 스탠드는 추천하는 게 아닙니다.......,7,2024-07-07
BgSXY5jKIl4,UgxotL4VndCDX3HPF3t4AaABAg,@nosearch_official,"안녕하세요, 써친 여러분!
노써치에서 특별한 이벤트를 준비했습니다.

바로 총 상금 100만원의 쇼핑리스트 공모전인데요.💰
이번에 노써치는 혼수 쇼핑리스트, 자취 쇼핑리스트 등 
구매 예정 제품을 쉽게 등록하고 한눈에 볼 수 있는 ‘쇼핑리스트’ 서비스를 런칭했습니다.👋
이 ‘쇼핑리스트’ 서비스를 이용해 써친 여러분의 멋진 리스트를 선보여 주세요!

🥇1등(1명): 50만원의 혼수/자취 지원금(상품권)
🥈2등(10명): 3만원 배달의민족 상품권
🥉3등(20명): 1만원 스타벅스 기프티콘

참가 방법
1. 노써치에서 나만의 쇼핑리스트 생성
2. 쇼핑리스트 제목에 “공모전” 포함(ex. [공모전] 나의 혼수리스트)
3. 공개 설정 후 공유하기 기능을 이용해 주변에 공유하기
4. 노써치 팀의 검수 후, 리스트의 짜임새, 조회수, 공유 정도 등 여러가지 요소를 판단해 순위 산정

🎰당첨 확률을 높이는 팁📢
혼수, 자취, 육아 등 다양한 주제로 실제로 도움이 될 만한 쇼핑리스트를 구성해 보세요.
또한, 친구들과 공유하면서 공감을 얻을수록 당첨 가능성이 커진답니다.
마지막으로 쇼핑리스트에 관련된 정보와 팁들을 쇼핑 구매 노트에 상세히 적어주시면 좋은 평가를 받을 수 있어요!

이벤트 기간은 오늘부터 8월 31일까지입니다.⏰늦기 전에 참여해 보세요!
당첨자 이메일과 닉네임은 9월 중에 커뮤니티에 공지될 예정이니 참고 부탁드립니다.📅
써친 여러분의 창의적이고 유용한 쇼핑리스트를 기대하고 있겠습니다. 
노써치와 함께 뜻깊은 공모전을 경험해 보시기 바랍니다.

참여 링크
👉https://bit.ly/4ccN8hX

* 1등 당첨자에게 지급되는 상품권의 경우 제세공과금(22%)은 노써치에서 부담하며, 기타 소득 신고 및 제세공과금 처리를 위해 당첨자의 개인정보 및 증빙자료 수납 관련 개별 연락 드릴 예정입니다.
* 기한 내 개인정보 및 증빙자료 미 제출 시 당첨이 취소되며, 미제출로 인한 당첨 취소와 오기재로 인한 오지급은 노써치에서 책임지지 않습니다.
* 아직 부족한 점이 많습니다. 사이트 하단 의견보내기를 이용해 피드백 주시면 최대한 빠르게 대응하겠습니다.",24,2024-07-31
BgSXY5jKIl4,UgyAWrxjJTFdTFFz-qh4AaABAg,@PSHWitcher,"돈 많으면 비싼거 사고, 아니면 걍 가성비 좋은 전년도 모델 사면 됩니다. 
10년 쓸거라고 최신품 산다고 무조건 10년 쓰는 것도 아니고 전년도 물건 샀다고 9년 쓰는거 아니거든요.",49,2024-07-23
BgSXY5jKIl4,UgxKrwW2sYqtOgLQIfV4AaABAg,@kevinshin9107,혼수가전 마트 로드샵 백화점 통틀어 12번 방문해봤는데 할인률은 다 비슷하고 중요한건 어느직급의 누가 해주느냐가 큰거같아여 근데 결국 결제편하고 상품권에 브아피까지 경험해볼수있는 백화점이 짱인거같아요,36,2024-07-23
BgSXY5jKIl4,Ugx7jL7adcCFDFGaI714AaABAg,@bongcrew7,와~ 담에 결혼할때 진짜 노써치 정주행해야지 😂,27,2024-07-23
BgSXY5jKIl4,UgwRkg6R8JakqNbw4th4AaABAg,@무케-e3b,"와이프가 가전제품 덕후라 웬만한건 다 있는데 의류관리기,스팀청소기 이 두개는 진짜 안씀..필요없을 정도이고
티비 (클수록 좋음),건조기,식세기,전기오븐(삼성큐커) 은 진짜 필수템인듯. 삶의질 상승 합니다",10,2024-07-24
BgSXY5jKIl4,UgysTglqKaS6K3ujZyB4AaABAg,@동해바다-q3x,"준비중인데, 그냥 말그대로 막연하고 막막해서 뭐부터해야할지 싶었는데, 틀이 잡히는것 같아 좋아요! 추천",7,2024-07-23
BgSXY5jKIl4,Ugx8jJlXzI8MA8lj7jJ4AaABAg,@홍-d3k,진짜 제일고민되는게 엘지vs삼성임 ㅋㅋㅋㅋㅋ,26,2025-04-07
BgSXY5jKIl4,UgzjS_fKQ5hMKtnbWih4AaABAg,@오애옹-c3b,이 채널 짱이당...,8,2024-09-13
BgSXY5jKIl4,UgzFbB0G8cLr3OLNhlh4AaABAg,@siashin8363,"좋네요..! 작년4월에 결혼해서 지금까지 원룸에 살아서 아직 가전제품 장만은 안했는데, 올해 아파트로 이사가는게 목표거든요! 도움이 될것같습니당😍😍
침대,청소기,전자렌지 빼고는 다 사야해요😂😂😂😂",8,2024-07-26
BgSXY5jKIl4,UgwPbczSQPUzXHaqQGV4AaABAg,@AIN1220,혼수 장만하실때 정말 돈이 없어 어쩔수 없이 할부를 해야하는 경우가 아니라면 쓰지않는 카드가입 또는 상조(보험) 가입 등등 할인혜택을 준다는식으로 유혹 많이 하는데요~ 절대절대 꼼꼼히 계산 비교 다 해보시고 사세요~ 막상 상조보험서비스 등등은 장기적으로 보았을때 이득이 아닐수도 있어요! 여기저기 견적 다 받아보고 가장 싼곳에서 현금박치기가 젤 싸답니다 ㅠㅠㅠㅠㅠ 현금이 그만큼 있어야 하는 일이지만요!,23,2024-07-23
BgSXY5jKIl4,UgySghbEibFlzRtCfCF4AaABAg,@현햄,5월에 결혼하고 다음주에 새집으로 이사가면서 가전 구매알아보는데 정말 노써치님 영상보면서 베스트픽으로 구매 잘했습니다 ^_^ ㅎㅎ,3,2024-07-29
BgSXY5jKIl4,UgxMgwvxe86eBhuwXg54AaABAg,@pupu_k,어디서부터 어떻게 준비를 시작해야할지 막막했는데 정말 고맙습니다!,2,2024-08-21
BgSXY5jKIl4,UgxjxBI4gSiu3fuqqkF4AaABAg,@화이트골등,그냥 온라인으로 하나씩 사려구영ㅋㅋ 머리아프네여..ㅠㅠ 영상 감사합니다,2,2025-03-16
BgSXY5jKIl4,Ugyx-Mwl0uc2NDekQJp4AaABAg,@jhl-t8c,진짜 영상 퀄리티 최고네요 너무 감사합니다,0,2026-02-13
BgSXY5jKIl4,Ugy_HFzfuOgs73QEzHl4AaABAg,@귀여운게최고야-f3h,"노써치님 픽 보고 산 제품들 잘 쓰고 있어요 ㅎㅎㅎ 저는 노써치님 픽,  실제 사용후기 전부 찾아보고 샀는데 삼성이랑 lg 짬뽕이 되었답니다 ㅋㅋㅋㅋㅋㅋㅋㅋㅋㅋ!!!! 근데 건조기만 하이마트에서 사고 나머지는 다 공식 온라인몰에서 샀거든요...?! 근데 하이마트에서 산 건조기가 lg건데 얘만 말썽이었어요...ㅠㅠ 그 뒤로는 하이마트에서 안 사는.. ㅠㅠㅠㅠㅠ 
물론 뽑기운이겠지만?! ㅠㅠㅠ
가전 살 때 도움 정말 많이 받았습니다 ㅎㅎㅎ 조금씩 사모으는 것도 넘 재밌어요 다음엔 스타일러를 사려고요!!!",3,2024-08-02
BgSXY5jKIl4,Ugxa_xduYwm54ColBQJ4AaABAg,@zzzzzzzo3o,가전가구 준비해야해서 알아보는 참이였는데 어떤식으로 알아봐야할지 감을 잡을 수 있게되었어요 실용적인 영상 만들어주셔서 감사합니다^^ 잘 참고해서 골라볼게요!,0,2026-06-07
BgSXY5jKIl4,UgxnGLB3TDX8xpWkuRh4AaABAg,@프루프루-d9o,노써치 사랑합니다,1,2025-03-12
BgSXY5jKIl4,UgwDmybtDx_S2LNYXFB4AaABAg,@꾸꾸까까-e4n,"10가지정도 풀셋이면 백화점이 할인깔끔하고 제일 저렴합니다 
인터넷으로 싼거 산거보다 훨씬싸요",3,2024-07-27
BgSXY5jKIl4,UgwwEXfBXNDLE6XVvbh4AaABAg,@m83-b7m,3-4품목해도 온라인이 훨씬 싸던데,6,2024-12-09
BgSXY5jKIl4,UgzUEcPx-tMf9yDx0MR4AaABAg,@수컷-y8d,이거보고 한번 더하기로 결심했습니다,5,2024-07-29
BgSXY5jKIl4,Ugwf2innPIIp8rpT3c54AaABAg,@rmihome-92k,전자레인지 검색중이였는데 2년전 영상뿐이더라구요ㅠㅠ위에 리스트에 추천해주신 엘지12만원짜리가 제일 괜찮을까요 노써치님?,0,2024-07-28
BgSXY5jKIl4,UgyTUm0VVsBK-A_aMTp4AaABAg,@Pray_Listen_Obey,영상 너뮤 잘 봤어요!! 근데 저는 저렴한거 5품목 정도만 구매하고 싶은데 오프라인 방문하면 고가의.제품 다품목 할인이 크게 들어가는 것들만 추천해 주며 이게 할인율이 크다고 저렴한 제품 즉 할인율이 적거나 다품목 혜택에 안들어가는 것들 이라고 오히려 고가의 제품 사는게 이득이다 라고 유도를 하는데.. 그래서 실제 견적도 고가의 제품으로만 해주시고 인터넷에서 찾아보고 간  저렴한 모델은 아예 앖다고 견적도 안내쥬는데 이 말이 맞는걸까요?? 비싼거 사는게 정말 크게 이득일까요...??,0,2024-08-11
BgSXY5jKIl4,Ugw6Ud_pqAUrk7XDwXp4AaABAg,@끼룩얼씨구,"경험상 제일 좋은건

1.오프라인 매장에서 상담받아보고 최신제품들은 어떤어떤기능들이 있는 지 설명 들어보고 모델 추리기

2. 무조건 가성비파> 인터넷최저가 검색 공식홈 강추 (무지성 최저가보다는 정식설치 중에서 최저가만 구매해야 입주일 맞추기 편함)

3. 혼수니깐 가성비보다는 어느정도 최신기능 > 대형 백화점에서 상담받고 계약해놓고 행사 좋아지면 연락달라고하기
 (전 여러 패키지랑 사은품들까지 고려하면 인터넷 최저가합친것보다 쌌고 사은품등은 다 당근했습니다)",33,2024-07-24
BgSXY5jKIl4,UgyZN4Zlzig5un1sImx4AaABAg,@aeyaaaa,제습제 영상도 올려주세요!!!🙏🙏🙏🙏🙏🙏,0,2024-07-28
BgSXY5jKIl4,Ugz6b4xHUxhyv-H_NsJ4AaABAg,@Baby-gumiho_haerin,"좋다 좋다 하면서 보다가 ""노써치 쇼핑리스트"" 보고 박수침 ㅋㅋㅋ 와 너무 좋다 진짜 ㅋㅋㅋ",12,2024-07-23
BgSXY5jKIl4,UgxSDf6gbH6k8Qk9vFZ4AaABAg,@뀨르뀨르뀨,"롯데하이마트에서 샀는데 다필없고 그냥 신규오픈매장이 짱임 신혼조건으로 300이상을깍아줌 아닌곳은 이만큼못깍아줌 
무조건 신규오픈매장에서사세요
엘지 삼성 브랜드관도 다 신규오픈매장이짱",10,2025-06-10
BgSXY5jKIl4,Ugy9Sr1WO1exJhzRCLJ4AaABAg,@위즈덤라이프-v2q,"저도ㅠ가성비충이라 극공감요.
겨울철 신혼부부 전기장판은 반반온열매트가 갑입니다😂",0,2025-10-31
BgSXY5jKIl4,UgyiyNQ0h_PkyrBjJ6N4AaABAg,@Norestem,"7:22 이번에 이사하고 새출발 하는 느낌으로 가전 싹 갈고 싶어서 어디서 할까 고민하다 백화점 스토어 오픈행사 운 좋게 맞물려서 내가 원하던대로 LG 24년 제품으로 12~13개 품목 사다보니 이거 개찰떡이다 싶어서 그대로 결제 했는데 진짜 표에 적힌 내용 그대로임
상품권으로 캐시백이 와서 좀 아쉽긴 한데 거의 천만원돈 캐시백이라 퉁치고 넘어가는중",1,2024-07-25
BgSXY5jKIl4,UgwURigSjTVAsFmOCix4AaABAg,@NeNemNe32,베스트샵은 견적받을 라니깐 구독 권유만하고 제품마다 카드만들어야 할인된다하고 별로더라구요,8,2024-07-25
BgSXY5jKIl4,UgyP6YhNY1O7es_Vtgl4AaABAg,@DHLEE-tx1dw,와 지금 알아보고있는데 딱뜨네..쵝오!!,2,2024-07-23
BgSXY5jKIl4,UgwtL1IhPnYkqWCV8hl4AaABAg,@patraschu,노써치님들... 면도기 영상 오매불망 기다리고 있는데 언제쯤 올라올까요 😢😢,2,2024-07-23
BgSXY5jKIl4,Ugziz7eHOyaczRaevmR4AaABAg,@towspick-xh7fy,노써치는 진짜 사랑입니다.. 가전 구매에 큰 도움 항상 감사합니다!,0,2024-07-23
BgSXY5jKIl4,UgzsP42vv5O0Vour4W14AaABAg,@gege2830,진짜 떠먹여주네 ㅋㅋㅋ,2,2024-07-24
BgSXY5jKIl4,UgzsP5kD1sXHi-_GEpZ4AaABAg,@soul_park,"좋아요 100개 누르고 싶어여 ㅠㅠ
안그래도 노써치 베스트픽으로 혼수준비중이었는데 넘나 친절....🥹
당신은 한줄기 빛🫶 2탄도 기대하고 있을게요",5,2024-07-23
BgSXY5jKIl4,UgzYXce9bwbFwJAitj14AaABAg,@박s필름,콘텐츠 즥이너,1,2024-11-25
BgSXY5jKIl4,Ugz0l6G2t-y_iyBsYRd4AaABAg,@Min-bf5cj,제가 혼자 계획짜면서 생각한거랑 비슷하게 설명하는게 많네요 ㅋㅋ,0,2026-05-30
BgSXY5jKIl4,Ugz5b-53NQ58SH81T5F4AaABAg,@수영윤-q1h,혹시 캐리어는 영상 안 올라올까요 ㅠㅎ,0,2024-07-28
BgSXY5jKIl4,Ugxq1FVPchIg1ee3AaR4AaABAg,@띠로링-c8i,"저도 이번에 결혼 준비하면서 노써치님 영상으로 도움 많이 받았습니다.
풀로 맞추면 대략 1500정도라고 들었는데 저희는 일부만 필요했거든요. 매장을 가보니 냉장고 세탁기는 왜이리 비싼지... 품목이 적어 할인도 적은데 인터넷에서 파는 100만원대랑 무슨 차이인지 물어도 자세한 설명은 안해주더라구요.
고민하다 노써치님 영상 접하게되어 온라인으로 개별구매했습니다. 덕분에 필요없는 옵션 빼고 가성비있게 잘 샀어요! 앞으로 필요할때마다 노써치 사이트도 애용하려고 합니다. 너무 감사합니다 ㅎㅎㅎ",2,2024-07-26
BgSXY5jKIl4,UgxqGqJCje9cDEIQ4kR4AaABAg,@모든날들나,집 리모델링시 다 살꺼임.한을 풀어야지.,1,2024-07-27
BgSXY5jKIl4,UgwppqCXWdnfGAUYZ7l4AaABAg,@djbliss178,"작년에 결혼했는데 노써치님 영상들이 많은 도움이 되었습니다. NEO QLED 코스트코, LG타워 에어컨 지마켓 LG공식대리점(설치비 정찰제, 카드결제가능), 나머지 냉장고, 세탁기, 건조기, 청소기, 얼음정수기, 밥솥 등 쿠팡 로켓설치로 했는데 만족하고 사용 중입니다. 노써치님이 영상에서 커맨트하듯이 너무 스트레스 받지말고 필요한 물품이 뭔지 어떤 등급에 원하는 사양 확인하고 디자인 확인하고 구매하면 문제없을거에요. 감사합니다!",23,2024-07-24
BgSXY5jKIl4,UgxeAc8yBiH3Aa7t7ct4AaABAg,@younggonkim1342,쇼핑리스트를 자취용으로 써도 상관 없는거졍?ㅎㅎ,1,2024-07-24
BgSXY5jKIl4,Ugx4JnlyXcPUm9pJeAF4AaABAg,@zwanshou1636,백화점 포인트나 vip등급등 생각하면 백화점이 좋음. 게다가 전 LG 컴퓨터 티비 신제품 사자마자 2주일 정도되서 고장났는데 새제품 안바꿔주고 환불안되고 안에 부품만 바꿔준다고해서 생난리 치고 본사 높은 서비스담당이랑 싸우고 전액환불받고난뒤로 절대 LG안삼,11,2025-01-13
BgSXY5jKIl4,UgwSObwDjVmbAA8uBuV4AaABAg,@암쏘매드,이번 인생에서는 볼필요 없는 영상 😢,3,2024-07-23
BgSXY5jKIl4,Ugy_kwiq1-Fl8svOSXd4AaABAg,@김세엣-f3i,와우,0,2025-07-13
BgSXY5jKIl4,UgzVQjvukicvljhg8s54AaABAg,@abc-fy9ed,리메이크 해주시나요?,0,2025-08-26
BgSXY5jKIl4,UgyErVpPp7W1ct2sNth4AaABAg,@sintanjin-bear,"근데 진짜 싸게하고프면 하이마트에서 젤싼걸로만 골라서 사는게 베스트인듯...

우린 베스트샵 냉장고, 광파오븐, 티비, 에어컨, 워시타워, 공청기, 정수기 총 결제 1500에 할인, 페이백 400에 군인+웨딩으로 포인트 170만 받아서 5년치 정수기, 공청기 구독료 해결",0,2025-10-10
BgSXY5jKIl4,Ugy7YU5bHImOlqYn8f14AaABAg,@론프리,아... ㅠ. ㅠ 조금만 더 늦게 결혼할걸... ㅠ. ㅠ,104,2024-07-23
BgSXY5jKIl4,Ugzdi3l9CNJYE_3-tAN4AaABAg,@초코맛-y1w,1인가구 때 기존에 쓰던거 있어서 김냉 건조기만 샀는데 공무원도 lg 제휴된다길레 임직원몰로 샀는데 본 lg직원만큼 싼지는 몰것음..,0,2025-12-01
BgSXY5jKIl4,Ugz7RCqAImGc1Q9T01h4AaABAg,@madol91,미친 영상이다,0,2024-07-29
BgSXY5jKIl4,UgzDzDSw8FkL5fm8VXd4AaABAg,@오오오오오옹옹,요즘 삼성 엘지 둘다 오픈매장 조회가 가능해서 오픈매장 가는게 가장 좋음 백화점 입점 오픈 재오픈 매장가는게 가장 깔끔함,3,2024-09-22
BgSXY5jKIl4,Ugwe8xg1s1w_YB1VlH94AaABAg,@Min-bf5cj,1인가구 이사때문에 가전 알아보니 중저가로 800정도들더라구요,0,2026-05-30
BgSXY5jKIl4,UgxH5SsFsPqqpupgMTN4AaABAg,@goodlen,"엘지도 요새 대부분 중국 제조임.
그리고 가전은 엘지라고 하지만 그것도 이제는 옛말임. 삼성도 가전 퀄리티 많이 올라가서 굳이 엘지만 고수할 필요 전혀 없음.
또한, as 생각하면 오히려 엘지가 더 불편하고 더 비쌈. 
전자제품이야 케바케라서 뽑기가 존재해서 엘지, 삼성 무조건 다 좋다고 할 순없음.",1,2026-01-28
BgSXY5jKIl4,Ugwo6IsBNhqoS3cZ-BJ4AaABAg,@신신-o3w,크흠.. 엘지도 앵간한거 다 중국제조던데 국내생산이 많다고되있네..,0,2024-09-15
BgSXY5jKIl4,UgxUyGSj-kRnTYq226x4AaABAg,@Neraizeel,"아는 동생 결혼 예정 있어서 영상 공유는 해줬는데 사이트가서 리스트 찾아보는데 없는게 많네요
거의 정가에 사야하는것도 많고...",0,2024-07-23
BgSXY5jKIl4,Ugw4peHCN4lw3qZGOqd4AaABAg,@프루프루-d9o,신축 아파트에 꽤 고급 오븐이 빌트인 되있는데 지인이 전자렌지를 선물했습니다 렌지 치곤 고급으로 몇십짜리를 했어요 오븐에 렌지기능 도 다 있는데.. 당근도 못해요 ㅠㅠ 걍 써야지,3,2025-03-12
BgSXY5jKIl4,UgyTAFo7EPdVfw2jWQZ4AaABAg,@귤-z4g,정 마 알.. 감사합ㄴ ㅣ다...,0,2024-10-06
BgSXY5jKIl4,UgydQnos_hcD59FKOtt4AaABAg,@다이에나의게임3TB,"8:55 여기가 제일 웃겨요ㅋㅋ 그래서 그냥 가전제품은 로켓 설치도 있고해서 그냥 심플하게 돈 더 주는 호구가 되더라도 이게 좀 맘에 가더라고요
그럼에도 쿠팡이 가성비로 최고인 걸 알고

이 장점을 다 깨부시는 오프라인이 있다면 당연히 매니저와 액션물 찍을만 할 것 같네요",2,2025-06-04
BgSXY5jKIl4,Ugy06Rnx1G642BVGwod4AaABAg,@DANARIRANG,굳굳,1,2024-07-23
BgSXY5jKIl4,UgypweIYKv0y5d7ZCKp4AaABAg,@fiento,"최근에 결정했는데
백화점이 추천 많았는데
백화점이 최악이었음
유사 다단계 권유함 ㅋㅋ",3,2024-07-23
BgSXY5jKIl4,Ugy4BEfniC_hXN7QDxZ4AaABAg,@8kyu,제일비싼거로사세요. 한번사면 최소10년쓰는데 나중에 백퍼후회합니다,1,2024-07-23
BgSXY5jKIl4,Ugy1dDtiYNl4i-QQy4h4AaABAg,@bongjunechoi718,"이번에 결혼하고 가전 준비 하면서 그간에 비교해놓으신 영상이 많은 도움되었습니다.
노써치님, 귀곰님 영상 강추!!

저희는 구축 집이 한 채 있어서 샤시제외 전체 리모델링비 부가세포함 2900만원

반지, 스몰웨딩, 신혼여행, 가전제품, 가구 전체 포함 2300만원(기존예산 2000만원) 들었네요",3,2024-07-26
BgSXY5jKIl4,UgxZltXoWGp3UnsZPyJ4AaABAg,@pamir1946,"국제결혼하면 혼수 300에도 가능해요. 
왜냐구요? 결혼이 연애의 종착점이 아니라 연애의 시작이거든요.",0,2024-07-23
BgSXY5jKIl4,UgyFfsS2oPmfIwvV1fl4AaABAg,@아하그렿구나,딱 혼수가전중인데 믿고 보는 노써치.. 너무 감사합니다,1,2024-07-23
HLH-663suq0,Ugwr7UpqY4U4yXEH5u94AaABAg,@griddesign_re,꿀정보❤ +너무재미있어요😂😂,2,2026-02-25
HLH-663suq0,Ugy9_LPRiolcZaI1GeF4AaABAg,@speed1742,무풍에어컨 노인이나 아기 있는집은 절대쓰지 마세요 주인장님 설명대로 결로 바로 생기면서 안쪽에 곰팡이 엄청생깁니다.중간에 망사이 틈틈마다 곰팡이가 끼어서 청소하기도 엄청 번거로워요  차라리 바람 방향을 다른데로 돌리고 쓰는게 나아요 그리고 원웨이 시스템 에어컨이 결로로 인한 곰팡이가 가장 적음,3,2026-02-22
HLH-663suq0,UgwdUZ1FhVSWEd3w4Ax4AaABAg,@미니-b7q,제목만 봐도 너무 재밌을 것 같아요:),1,2026-02-22
HLH-663suq0,UgynySUl8lbuLVklzkh4AaABAg,@호두16,티비는 100인치,1,2026-02-23
HLH-663suq0,UgzBwaoHnKcyOeyXmSB4AaABAg,@로져클레멘스-x6p,"아니 로청이 왜 없나요?..와인냉장고는 쓰는 집안이 쓰는집이 많이 없는데 로청은 요즘 거의 필수인데 직수입키트 되는 로청은 설치 가능하면 거의 쓰는데 ...식세기,건조기,로청은 진짜 필수인데 ..로청에 대한 언급을 안하다니..",1,2026-02-23
_iT7k-xEdIs,UgxLUmjOwzCepNyvPDJ4AaABAg,@침알노_mattresspick,"신혼침대 제발 후회하지 마세요! 가성비 침대 잘 고르는 법
👉https://youtu.be/Jn5tQRSed_w?si=Ykedfcp949nXgA7L

🔻영상 속 제품 정보 모음
bit.ly/4oT9Mmf

이 포스팅은 오늘의집 큐레이터 및 쿠팡 파트너스
네이버 브랜드 커넥트 활동 일환으로
이에 따른 일정액의 수수료를 제공받습니다.",0,2026-02-12
_iT7k-xEdIs,Ugz3bOhDygMt7QRmfTd4AaABAg,@자부자,"돈 쓴거 치곤 인테리어가 너무,별로네 ...",0,2026-03-05
wwr939cXUnc,UgzUHumpflgtE-3df_14AaABAg,@리뷰머신,"⭐혼수템 추천! 리뷰머신 공동구매 제품 보러가기 👉 https://link.inpock.co.kr/reviewland


[2025 혼수가전 구매 꿀팁]
✅가전 우선순위 정하기
1.필수가전 - TV, 냉장고, 세탁건조기
2.서브가전 - 전자레인지, 청소기, 전기밥솥
3.편의성 올려주는 가전 - 로봇청소기, 음식물쓰레기 처리기, 식기세척기
4.계절가전 - 가습기, 공기청정기, 제습기, 에어컨

✅저렴하게 구매하는 방법
쿠팡 활용하기
와우멤버십- 포인트 1%씩 쌓임. 쿠팡내에서 사용 가능
와우 카드- 할인가 + 1~4% 쿠팡캐시 적립, 다품목 할인 (품목에 따라 다름)

[추천제품]
🔥TV
✅1.TCL 4K (가성비 Pick)
가격 : 761,000원
링크 : https://link.coupang.com/a/cpDebo
해상도 : 4K UHD
패널 : QLED
사이즈 : 65인치

✅2.삼성 QLED 75인치 (국산 브랜드 Pick)
가격 1,635,600원
링크 : https://link.coupang.com/a/cpDeik
해상도 : 4K UHD
패널 : QLED
사이즈 : 75인치

🔥냉장고
✅1.삼성 비스포크 905L 메탈 4도어 (가성비 Pick)
가격 : 1,349,000원
링크 : https://link.coupang.com/a/cpDepI
에너지 등급 : 2등급

✅2. 삼성 비스포크 글래스 4도어 (활용도 갑 Pick)
가격 1,990,000원
링크 : https://link.coupang.com/a/cpDf6z
에너지 등급 : 2등급
*특징 : 우측 하단 수납공간 김치보관, 와인보관 모드 변경 가능.

🔥세탁건조기
✅1.삼성 비스포크 그랑데 ai 세탁건조기 (분리형)
가격 : 1,638,750원 
링크 : https://link.coupang.com/a/cpDgiA
세탁용량 : 21kg
건조용량 : 17kg

✅2-1.로보락 H1 Lite (일체형 패널형)
가격 : 1,199,000원
링크 : https://link.coupang.com/a/cpDgvr
세탁 : 10kg
건조 : 6kg

✅2-2.로보락 H1 (일체형 터치스크린 형)
가격 : 1,599,000원
링크 : https://link.coupang.com/a/cpDgOL
세탁 : 10kg
건조 : 6kg

[가성비 서브가전 추천]
✅아이닉 i50 itower 무선청소기
가격 : 279,000원
링크 : https://i-nic.co.kr/product/detail.html?product_no=141
흡입력 : 45,000Pa (520W)
스테이션 : 자동충전, 자동 먼지비움

✅아이닉 음식물 처리기
리뷰영상 : https://youtu.be/cOCp1F9C1dQ
가격 : 339,000원
제품링크 : https://link.coupang.com/a/cpDg1G

✅에어메이드 제습기
리뷰영상 : https://youtu.be/jIhNbLLyTME
가격 : 339,000원
제품링크 : https://link.coupang.com/a/cpDg7U

✅미닉스 식기세척기
리뷰영상 : https://youtu.be/XTksBuBK_J0
가격 : 323,980원
제품링크 : https://link.coupang.com/a/cpDhc3

✅쿠쿠 공기청정기
가격 : 219,000원
제품링크 : https://link.coupang.com/a/cpDhis

이 영상은 쿠팡 파트너스 활동의 일환으로 일정액의 수수료를 제공받습니다",22,2025-04-21
wwr939cXUnc,Ugwf9GoXmkevi7J9nVJ4AaABAg,@hyongl5962,"자녀계획이 바로있으시다면
TV도 천천히 사도된다는게 개인경험상 의견입니다ㅎ",7,2025-08-12
wwr939cXUnc,UgwnCfVJSs0rGjXNN5p4AaABAg,@MUERBOA,이번에 입주하게되면서 뭘 사야되나 어떻게 해야되나 고민 엄청 많았는데 이 영상 하나로 고민 대부분 해결되네요 👍,3,2025-06-28
wwr939cXUnc,UgxjbEjUVBlcbIQ3h-V4AaABAg,@kkukkuluv,에어드레서도 추천 해주세요오오오옹,2,2025-04-27
wwr939cXUnc,UgxmHWhYS1yL1--HrI54AaABAg,@qwerty02113,"리뷰머신님 영상 너무너무 잘봤습니다!! 그대로 따라 사고싶은데 품절이... ㅠㅠㅠ
요거 최신버전 2026 버전 또 찍어주시면 안되나요 😢😢",0,2026-05-25
wwr939cXUnc,Ugz0EEaj4a_P21rYwBR4AaABAg,@갓도어,김치냉장고 기능 되는 냉장고는 이제 안파나요?ㅠㅠ 대체할 만한게 있을까요?,3,2026-01-27
wwr939cXUnc,UgyBflHFbJjF1pALrS14AaABAg,@정상현-c2e,이번에 신혼혼수를 준비하는 사람이 질문 있습니다!! 오프라인 매장에서 필수가전을 구입하는게 좋을까요? 아니면 온라인에서 따로 구입하는게 좋을까요?? (Tv 세탁건조기 냉장고),0,2025-10-26
wwr939cXUnc,UgxIPM9al30NW6CvPXJ4AaABAg,@TheYlianism,비스포크 4도어 김냉 되는거 모델명이 어케 되나요?,2,2025-08-29
wwr939cXUnc,Ugy82Onbvb4cICaERYZ4AaABAg,@지욱-f7d,개인정보유출 전에 올리신거져?ㅜㅜ 이러지도 저러지도 못하겠는심정,0,2026-04-22
wwr939cXUnc,UgwvNTabNrBKhzQVlyx4AaABAg,@정신차리자-m2,"RF90DG90124W
이제품 25년식 프리스탠딩이랑 비교해서 옵션차이 없겟죵",0,2025-07-16
wwr939cXUnc,Ugxhfqd_DpgwUZUz2WB4AaABAg,@sisi9911,7:15 소파는 어디걸까요?,3,2025-10-06
wwr939cXUnc,Ugyinr9HXXS0IlqSWZl4AaABAg,@석진-y5q,헐...,0,2025-04-22
wwr939cXUnc,UgwKPp6rGIGjDHfAhrF4AaABAg,@정소율-c8y,진짜 키친핏이 용량은 적은데 더 비싸다니... 상술이네...ㅜ,4,2025-07-06
wwr939cXUnc,UgwOBmljaXQ74UbPu0R4AaABAg,@석진-y5q,🤫,0,2025-04-22
wwr939cXUnc,UgyhufePq1PHERGAjeB4AaABAg,@happy_palnet-n5n,"안녕하세요 영상 잘 보고 가구 관련 영상들도 잘 봤습니다! 다름이 아니라 신혼 가전으로 냉장고,tv,에어컨,밥솥,세탁건조기,정수기 이렇게 6개 정도 생각중인데 세탁건조기는 하나로 보나요? 가성비로 찾는데 추천 영상의 제품들이 지금은 없는 것도 있더라구요ㅜㅜ 그리고 많은 제품을 사면 따로 쿠팡으로 사는것 보다 같은 제품으로 베스트샵이나 매장에 발품파는게 더 가격이 좋을까요?",0,2025-09-03
wwr939cXUnc,UgxeWqXQY6owtVTRh1F4AaABAg,@Jrufqn,넘 필요했던 영상이네요!! 에어컨도 알려주세요!!ㅜㅜ,1,2025-05-10
wwr939cXUnc,UgzoChWF-6Cp34P_SJ54AaABAg,@seon-q6l,티비설명하실때나오는 리클라이너 소파 어디껀지 알수있을까요?😊,4,2025-04-28
wwr939cXUnc,Ugz1_DFU9nnWdde2QfN4AaABAg,@뚜부뚭-g3r,신혼 가전 준비하는 데 큰 도움이 됬어요! 영살 잘 보고 갑니다:),0,2025-12-25
wwr939cXUnc,Ugw5wK83LikuXHmGi-Z4AaABAg,@halo-e6u,냉장고.. 얼마 전에 부모님과 같이 오프라인으로 샀는데요😂 198만원에 사서 괜히 아쉽네요😢,0,2025-04-26
wwr939cXUnc,UgzDwHDrgUbP6zKTnmp4AaABAg,@맛있는인자기,리뷰머신님 이제 대학생됐는데 노트북 뭐살지 고민중입니다..혹시 좀 여쭤봐도될까요,3,2025-04-22
wwr939cXUnc,Ugw_IXody0V_HBBK8eF4AaABAg,@man777_,여기나오는 티비랑 냉장고 얼마전에 다 구입했는데 진짜 삼성스토어에는 비치도안해놓은 가성비제품임ㅋㅋ 근데 솔찍히 청소기랑 에어컨은 필수가전으로 넣어야되지않을까요ㅋㅋ,47,2025-04-24
wwr939cXUnc,UgwjnPA7HKf1JK8j6uh4AaABAg,@가리겟겟-q1b,"티비 냉장고 세탁기 건조기 등 대형가전은 이미 구매하였고 혼수용품으로 소형가전(청소기, 가습기, 제습기, 음쓰처리기) 등만 남아있는 상태인데 이건 인터넷이 더 쌀까요?",1,2025-06-01
wwr939cXUnc,UgzqXaMW-_V7uT6rITd4AaABAg,@뀨르뀨르뀨,근데 온라인에서 구매하면 고장이잦고 안좋다 이런말은 왜 나온걸까요..? 계속 주위에서 또래나 어른들 가끔씩 이런소리해서요 이슈가있았나..,3,2025-05-05
wwr939cXUnc,UgxTnK5WkwZ_g0BXTxp4AaABAg,@leesasa1,냉장고 가격 50만원 올랐어요 흑흑,3,2025-08-25
wwr939cXUnc,UgyeWK7VERcQRsnJK714AaABAg,@CJYu-hz8rg,쿠팡에 짭이 많다는데 가전은 괜찮은걸까요?,0,2025-10-08
wwr939cXUnc,UgzAthk8s5_P9piLSfB4AaABAg,@까나리남,삼성티비 가격 더 떨어졌네요.. 150!!,4,2025-04-22
wwr939cXUnc,Ugz4dgzJLjJJetBhnQd4AaABAg,@박두천-p5w,삼성 lg사세요 몇년 지나면 후화합니다,1,2025-12-29
xhm8SKRYJsc,UgyKyJss4YgK0n8p4s54AaABAg,@별주부-h6z,"안녕하세요, (구) 소비요정, (현) 별주부 입니다!
제가 딱 2년 전 이맘때 열심히 돌아다니면서 신혼집을 계약하고
가전, 가구 들을 장만하느라 엄청 고민했었는데요.

벌써 계약기간이 끝나 이제 이 집을 이사가게 됐는데
이 집을 꾸밀 때 첫 신혼 혼수 가전 가구이니 어떻게 꾸밀지 엄청 고민했었거든요 !
정말 30군데 넘게 가구단지, 편집샵, 백화점 등등 돌아다녔어요

그래서 다른 분들도 많이 고민 되시지 않을까 하고 영상 준비해봤어요
혼수준비하는데 많은 도움되시길 바래요!

그럼 이사가기전 그동안 사용하면서 정말 만족했던 신혼 가전 가구 추천템과
아쉬웠던 비추천템 소개해볼게요.

추가로 저희 부부 취향은 감성있는 인테리어는 포기못하지만 그래도 실용적일 것, 또 제가 자취할 때 사용했던 것들을 최대한 활용해서 약간은 절약하는 방향으로 진행한 점 참고해주세요ㅎㅎ


✨별주부 구독자를 위한 이벤트
✨별주부 X 파르르맨션 공동구매✨

📌 공동구매 기간: 공구마감
📌 별주부의 다른 공구가 궁금하다면 ? 공구 알림신청: https://bit.ly/3Nu9FjO
✅링크에는 제일 큰 사이즈로 노출되고 사이즈별로 금액이 달라 옵션 선택해주세요!


📎먼지없는 러그 (슬럽사 러그)
컬러: 블루, 그레이, 베이지, 화이트
(100x150/150x200/180x230/200x270)
기능:  
1. 부드러운 촉감: 슬라브원사를 사용, 두께감이 있고 부드러우며 보온성이 뛰어난 원단
2. 330g/㎡의 밀도로 탄탄한 두께감
3.세탁편의성
- 가정에서 물세탁 가능(세탁기 사용 가능)

📎방수러그
컬러: 그레이, 베이지
(100x150/150x200/180x230/200x270)
기능: 
1. 생활방수 기능
2. 먼지 관리 용이성
3.세탁편의성 
- 가정에서 물세탁 가능(세탁기 사용 가능)
4. 안전성
- 유해물질테스트 완료, 뒷면 논슬립 미끄럼방지 도트 처리로 밀림 방지• 아이들이나 반려동물이 뛰어도 안전하게 사용 가능",8,2026-01-15
xhm8SKRYJsc,Ugx8vMXoJMoyrflifdR4AaABAg,@김연지-j4j,도시탐구인줄 알았는데 아니네요? 이름이 똑같당,11,2026-01-19
xhm8SKRYJsc,Ugz_f4e0dhqpvpxhZ0N4AaABAg,@misu1234-j8p,"우리딸 또래같은데 너무 똑부러지는 살림솜씨에 주부경력많은 제게도 놀랍네요~~
침구나 러그. 로봇청소기 고만중였는데 좋은 추천템으로 결정하게되어 너무 고마워요^^
구독누르고 꾸준히 시청할게요😊",0,2026-03-01
xhm8SKRYJsc,UgyJZUtFOYQ2zxOqc-t4AaABAg,@뇽뇽-x5w,넘 잘봤습니다!! 침대프레임 컬러는 까사 블랙이신걸까요?? 다크그레이랑 차콜블랙도 꽤나 비슷해보여서요!,0,2026-06-09
xhm8SKRYJsc,UgzxUAbiEBErwJXJpAN4AaABAg,@nuoyy,09:32 에 나오는 거실 책장 정보 궁금합니다! 책장 우측에 책 거치해둔 책 거치대(거울 앞에 있는)도요✨,0,2026-05-12
xhm8SKRYJsc,UgxcBnFUV5IWAP2SBVd4AaABAg,@왕왕다시마,"3개월뒤 신혼집 입주라 가전 가구 고민이 많아서 떠돌아다니다가 왔는데...
자취방에서 이미 쓰고 있는 로청이 있는데도 신혼집이랍시고 당연히 비싼 무선청소기를 사려고 생각하고 있었거든요
근데 영상 보고 머리 한대 꽝 맞은거같았어요!!! 지금도 로청덕분에 일반청소기 자주 안쓰는데 왜 결혼한다는 이유로 그 비싼걸 굳이 사려고했지?ㅜㅜ
덕분에 매트리스 정보, 청소기도 가성비 좋게 잘 알아갑니다 감사해요❤❤❤
영상 보니 요리 영상도 많던데 구독 박고 닮은 신혼라이프 살고싶네요 ㅎㅎ",1,2026-03-30
xhm8SKRYJsc,Ugy0ww-6HhBvWBChzwZ4AaABAg,@b0ram,"3개월 뒤 신혼집 입주라 너무 잘 봤어요!!
영상이랑은 무관하지만,, 립제품 정보 공유 가능할까요..? 반짝반짝 너무 이뻐요,,,,,",0,2026-03-28
xhm8SKRYJsc,UgwUJk8t6d49SzgdUF94AaABAg,@강지오-n3h,안녕하세요 소파 공홈보니 색상이 다양하던데 어떤 색상 구입하셨을까요?😢,0,2026-02-13
xhm8SKRYJsc,UgzhmGNFxrByHfIhjl94AaABAg,@annakang3566,빨간 조명 궁금해요😊,0,2026-01-18
xhm8SKRYJsc,UgzO0QXQDF3Y9G867Ot4AaABAg,@김현진-t9z,침대프레임 어디껀지 알 수 있을까요?,0,2026-03-10
xhm8SKRYJsc,UgwqlnhMtCLYiInuEAl4AaABAg,@kimyenak,침대 프레임은 어디껀가요??,0,2026-02-12
xhm8SKRYJsc,UgzL0PZBxclaKQwkMIx4AaABAg,@러브쑤lovesue,거실 테이블 저런 빈티지 원목 느낌 식탁 너무 예쁜데요오! 혹시 구매처 알 수 있을까요^^,1,2026-02-14
xhm8SKRYJsc,Ugwa3Xai-vPdwDD-CoN4AaABAg,@soys5246,이불 어디꺼에요?,0,2026-03-26
xhm8SKRYJsc,Ugw5y-CMX0MO19zwS4x4AaABAg,@user-nl9pv5xk9w,너무 히여멀겋지 않아서 좋네요,17,2026-01-17
xhm8SKRYJsc,UgxVrjpqdzLBflcUV-94AaABAg,@bominkim3017,소파는 어디 껀가요?,0,2026-02-17
xhm8SKRYJsc,UgyECYcNMNPhn7dmZpV4AaABAg,@담비꼬야-f6d,웨딩 드레스가 너무예뻐서 그러는데 어디껀지 알 수 있을까요?🥹,0,2026-01-22
xhm8SKRYJsc,UgwHBzaun_pXVOktKeJ4AaABAg,@sendcjqd-k2h7i,쇼파랑 침대넘이뻐요,1,2026-01-20
xhm8SKRYJsc,UgwSJD4IhIetbPfF9FN4AaABAg,@user-thswyss,😊 11:55 어디껀가유 ㅜㅜㅜㅜ,0,2026-03-14
xhm8SKRYJsc,UgyVsfnad8LkrlkBLHd4AaABAg,@caamm-v9p,아낄땐 아끼고 취향인데는 투자하고 집도 예쁘고 너무 이상적인 집이네요,2,2026-01-21
xhm8SKRYJsc,UgwpJDiEFrxe97t949F4AaABAg,@purinnnee,침대 프레임 사이즈 LK인가요?,0,2026-05-24
Nt1qOQEroc4,UgwdXtilJRxTG976rGJ4AaABAg,@꿀맛살림,"🩷제품이 궁금하다면🩷
☝🏻영상 속 제품 배너 터치☝🏻

1.침대프레임 (41만원)
스칸디아 데이 호텔 수납침대 LK 사이즈, 화이트

2.매트리스 (240만원)
템퍼, 오프라인 매장에서 신혼부부 할인으로 구매.
백화점에서 받은 견적보다 70만원 저렴하게 구매했어요.

3.냉장고 (150만원)
삼성 비스포크 프리스탠딩 875L, 코타화이트

4.카페장(35만원)
메이트 프로스트 카페장 비스코프 오브제 주방수납장, 포그그레이

5.정수기(38만원)
파라곤 무타공 정수기

6.테이블(72만원)
2UC 하프테이블

7.의자(5만원대)
영가구 레이븐 빈티지 원목 인테리어 의자, 블랙/쿠션버전

8.소파(52만원)
버즈가구 루멜 2인 카우치 패브릭 소파

9.티비(37만원)
와이드뷰 4K 스마트tv

10.수납장(37만원)
이케아 에케트 수납장+도어2 / 선반1

🩷참고해주세요🩷",67,2025-09-10
Nt1qOQEroc4,UgwkWcbMG2PfEnt_Ul54AaABAg,@nomnomchew1918,"본인을 굳이 흙수저라고 하는 이유는?
그냥 알뜰한 우리 부부의 가성비 혼수 라고 해도 괜찮은데...",522,2025-09-27
Nt1qOQEroc4,UgwpgJ6l6oF1Y58xtMR4AaABAg,@전생검신레전드웹소설,민심 곱창났네 ㅋㅋㅋㅋㅋㅋㅋㅋㅋㅋㅋㅋㅋㅋㅋㅋㅋㅋ,60,2025-10-23
Nt1qOQEroc4,UgwgPVwpiJCbZw3AKK14AaABAg,@bori_0609,흙수저가 뭔지 모름 이분,198,2025-09-20
Nt1qOQEroc4,UgyGOOwR2Nzvh01z-yt4AaABAg,@illliiIlIllllliiilliliIl,"흙수저가 뭔지 모르는 거 같으니 검색해보시길 
이러니까 빼앗긴가난같은 말이 생기지",494,2025-09-19
Nt1qOQEroc4,Ugx2FyLlhMmmtXb9X8d4AaABAg,@두팔v,"흙수저는 아니신듯..
이게 흙수저면 저는 ㅈ어야될듯ㅠㅠ",69,2025-09-23
Nt1qOQEroc4,Ugxbr9meJ1MI7w2heLp4AaABAg,@pooh233you,뭐가 흙수저이죠?,161,2025-09-13
Nt1qOQEroc4,Ugz9FvzRk4TqiUcVW0x4AaABAg,@이선옥-t7i,"걍 지나가려다 남겨요 흙수저라는 표현이 불편해요 평범한 신혼부부인것같은데 왜그러시는지 
진짜 흙수저는 매트리스 240만원짜리 못사요 소파놓을공간도 없구요",1110,2025-09-13
Nt1qOQEroc4,Ugw6Qa6EKBMylXL4YcV4AaABAg,@록산존버,세상이 갈수록 미쳐가는구나 영상 내리세요,59,2025-09-20
Nt1qOQEroc4,UgyJwgvJAEVvd0eHzW94AaABAg,@안돼그만사,이제 흙수저도 도둑질하네..,42,2025-09-24
Nt1qOQEroc4,Ugwp7bBi6H7Tk6ZPF7t4AaABAg,@참께드레싱,흙수저 호소호소인 😂😅,126,2025-09-23
Nt1qOQEroc4,UgzptdX4cowSs3mU1OV4AaABAg,@조코비치-y8p,"카페장이 무슨 빌트인인줄 알까요 저게..ㅋㅋㅋㅋㅋ
누가봐도 허접..",22,2025-10-01
Nt1qOQEroc4,UgywPdVfFZRt_GImQ2N4AaABAg,@sdkzz23,흑수저가 뭔지 모르시는거 같은데 진짜 흑수저 함 돼보세요 ㅋㅋㅋ인터넷에 집 구경시키고 싶은 마음이 드나 ㅋㅋㅋㅋ,9,2026-03-24
Nt1qOQEroc4,Ugwek5TaxyMmuX7QYVF4AaABAg,@naru-po6tt,240만원 메트리스를 흙수저가 쓴다고요? 어그로 진짜 쯧,11,2025-10-19
Nt1qOQEroc4,Ugw_sXphtmUfmpoXeFR4AaABAg,@haven309,빼앗긴 가난..... 흑흑,24,2025-09-17
Nt1qOQEroc4,UgxBeDOsUHN3KWXSpV54AaABAg,@비아-z8b,집 인테리어 싹하고 들어갔는데 뭐가 흙수저임?,84,2025-09-25
Nt1qOQEroc4,UgwSbqJfpuORQTjFx8x4AaABAg,@폴511,흙수저? ..?,31,2025-09-14
Nt1qOQEroc4,UgwsOtBfwtrEnMfxucN4AaABAg,@꿀단지-g6o,"흙수러란 표현
어이없네
욕나온다",93,2025-09-13
Nt1qOQEroc4,UgwveqRWrZCL0rE0KLx4AaABAg,@김미숙-r1i9z,저게 흙수져?,17,2025-09-20
Nt1qOQEroc4,UgylVATErItZYg7ZhLZ4AaABAg,@IIIIIIIII-y2q,애매한게 흙수저라고 깝치네😂,8,2025-10-27
Nt1qOQEroc4,UgyLUtOKeI-KrnCapuN4AaABAg,@구구콘-t7t,영상 열심히 만들어도 단어 하나 잘못해서 나락 가는거에요,8,2025-10-15
Nt1qOQEroc4,UgzThEcZcQCUOH5WnYF4AaABAg,@romikim4548,"너무 똘똘하고 이쁘게 합리적으로 잘 하셨네요. 
나이도 어리신 것 같은데 도움되는 정보가
많습니다. 감사해요.",3,2025-09-28
Nt1qOQEroc4,UgwvhQTAcXrSuJ0XHPR4AaABAg,@불타는고구마-5959,본인스스로 흙수저라고 ...;; 저런표현은 좀 아닌듯합니다만...??,12,2025-09-22
Nt1qOQEroc4,Ugz7F7CjSykZ3-sykXZ4AaABAg,@알약-z8h,"수납장 위 검정색 탁상 시계 정보가 궁금해요!
예쁜 제품 많이 소개해주셔서 감사합니다😊",0,2025-10-07
Nt1qOQEroc4,Ugxwo4w3i-FjOWbPx4V4AaABAg,@삼삼치치,댓글쳐봤으면 달아라,9,2025-10-21
Nt1qOQEroc4,Ugw2xFD1P6I_QrPx7X94AaABAg,@Hamster-hodu,제목 불편하네요😢,63,2025-09-14
Nt1qOQEroc4,Ugxfg0ax6IZgBCQT2ch4AaABAg,@김상만-l1k,흙수저 조롱이지 이건,4,2026-03-17
Nt1qOQEroc4,UgyNjNcS01MwqimLXYh4AaABAg,@모르는개산책-e4y,이제 하다하다 흙수저도 빼앗아 가네;;; 훔친 흙수저,7,2025-10-21
Nt1qOQEroc4,Ugyvpd2kveRngOI1anF4AaABAg,@user-DhAkuJl54ak,집 자체가 흙수저가 아닌데ㅋㅋ,5,2025-10-08
Nt1qOQEroc4,UgwWvGT8qfKgC6WVIi54AaABAg,@화이팅-u9s,정수기 설명하실때 나오는 흰색초밥그릇은 어디건가요?? 딱 저런 접시를  오래전부터 사고싶었어요❤,0,2025-10-19
Nt1qOQEroc4,UgyBpi-9O1Y-b2aagpN4AaABAg,@아웅이-i8d,침대머리. 쿠션 따로 구입하신건가요? 정보좀 알 수 있을까요?,0,2025-09-14
Nt1qOQEroc4,UgzJAVxjTYQZ3-svENl4AaABAg,@Lololofik,흙수저라기엔 충분히 비싼데..하나하나 보는데 와 진짜 싸게샀다 싶은건 거의 없네 짭탠바이미 정도,2,2026-02-18
Nt1qOQEroc4,UgzrgQAqEtFU6lkhRkh4AaABAg,@mooyaho-v5z,흙수저는 전세집도 없습니다,4,2026-03-12
Nt1qOQEroc4,Ugy94cAsGnD2VdyIFVR4AaABAg,@피쉬본-r9g,흙수저 커트라인 높네 원룸에서 시작하는 신혼부부는 뭐라 불러야 함?,1,2026-03-11
Nt1qOQEroc4,UgzXQLdOF_5X6p9PSGp4AaABAg,@오늘도행복하기-e7e,흙수저의 기준이 지금 홍보 하는제품이 내돈내산이 아니라는거?,4,2025-09-25
Nt1qOQEroc4,Ugxyrwgz7eW-8LpIsex4AaABAg,@위즈덤라이프-v2q,전기장판 가성비 최고는 반반온열매트 추천요 좌우 분리난방 기능때문에 잘때 온도 안맞아서 싸우는게 덜해요!,0,2025-10-31
Nt1qOQEroc4,Ugyo5VXriEEZQPHaOz94AaABAg,@leelee1598,흙수저라고 해서 클릭했는데 ㅋㅋ 얼척 없네 ㅋㅋㅋㅋㅋ,0,2026-04-25
Nt1qOQEroc4,UgyLsyaY0G2_lI5PRpZ4AaABAg,@lllil219,흙수저는 대부분 태어난 환경을 말하는데 요즘은 부모도움없이도 하는데 굳이 왜 그런말을 하심 부모님 슬프시게,3,2025-11-01
Nt1qOQEroc4,UgzlpgchFFJSJj4sdAl4AaABAg,@흥해라-i4q,까페장은 어디에서 구입하셨나요? 너무 예뻐요,0,2025-10-23
Nt1qOQEroc4,UgymDv1ZMR28-b0lszp4AaABAg,@hkh852,냉장고 궁금해요. 빠르게 지나가서 잘안보여서요. 냉장고장에서 튀어나오게 쓰고 계신건지요?,0,2026-06-10
Nt1qOQEroc4,UgzRSK2HQvDTGbyH9nJ4AaABAg,@페퍼로니-z8o,흙수저가 뭔지 모르시나;;;;,3,2025-10-19
Nt1qOQEroc4,UgwOk6ueoFJJHfAE-HN4AaABAg,@포레스트좋아요,우드로된 웨이브 파티션 정보알고싶어용,1,2025-09-14
Nt1qOQEroc4,UgwjE643YfprBnNiAGB4AaABAg,@Matric0623,"광고를 할거면 안티를 만들면 안됩니다 ㅜㅜ 
흙수저 금수저 이런 말들 다들 공공연히 보는 유튜브라는 공간에서는 조심해서 써야돼요. 
나쁜 의도야 없겠지만 흙수저로 비유되는 것들이 누군가에게는 충분히 소중하고 바라는 것들일 수 있답니다.",2,2026-02-28
Nt1qOQEroc4,Ugy5_pbhd0Ga1w9BmsF4AaABAg,@ddonglie6783,무타공정수기랑 폭포수전을 같이 놓는건 어렵겠죠??,0,2026-05-25
Nt1qOQEroc4,UgzE2ExaXRbDDbvvZ0Z4AaABAg,@푸르른나무-q1l,어휴 살림 잘하네. 물건 다 좋네요.,1,2026-05-01
Nt1qOQEroc4,Ugz9Pfa8rqmte3fn0QZ4AaABAg,@보숭-x7y,정말 힘든 사람들도 있습니다 😮,0,2026-03-27
Nt1qOQEroc4,Ugx_uLxsxLO_Fshf6Ct4AaABAg,@ggobukking,진짜 흙수저라 개긁히고 기분이 더러움 ;;;,1,2025-11-23
Nt1qOQEroc4,UgwH_o7oUMyj9A4UBOt4AaABAg,@케로로-q5e,그래서 비용은요?,2,2025-10-17
Nt1qOQEroc4,UgyRZLZK6Ep7dhCVJaN4AaABAg,@abcefghiklmnop,주방에 블라인드 정보 알수있을까요??,0,2025-09-28
Nt1qOQEroc4,UgzXixWRVejwa9XwlN54AaABAg,@banana_lotti,흙수저가 비스포크 ㅋㅋ,2,2026-03-22
Nt1qOQEroc4,UgzmKm7YpQ6Ypfb9ETx4AaABAg,@짱구는목말러-k5b,카페장이랑 정수기 좋아요,0,2025-09-22
Nt1qOQEroc4,UgyO1sj8fWJECcM3u2d4AaABAg,@나지금-p2b,"침대는 다리있는거로 사야돼요
칭대밑에 먼지 엄청 쌓입니다!!!",0,2025-10-08
Nt1qOQEroc4,UgxM9HED3uqRhtoXxF54AaABAg,@brave_yeonwoo,비스포크 냉장고 냉동실을 김치냉장고로 쓸 수 있나요?,0,2026-02-25
Nt1qOQEroc4,Ugy_OF3uyg8elEYtfGt4AaABAg,@맘속에새긴너,"이야 저정도가 흙수저이면.,, 난 그냥 죽어야겠네.",0,2026-03-14
Nt1qOQEroc4,Ugx-gNKdGXgiXhPD4M14AaABAg,@송꽃경,냉장고 모델명 궁금해요,0,2026-02-04
Nt1qOQEroc4,Ugx9m-4CwLp_YvlPLpt4AaABAg,@어흥-c8x,흙수저마저 도둑 맞아버렸네....이제 미세먼지수저라 불려야하는구먼...,1,2026-02-25
Nt1qOQEroc4,Ugw5-P-n6GUy6K3ap5Z4AaABAg,@엌엌-y1e,태어날때부터 흙수저처지라 취업해서 돈모으고 국가혜택받을 생각 못하는 사람들이 한트럭이네ㅋㅋㅋㅋㅋㅋㅋㅋㅋㅋㅋ,1,2026-03-24
Nt1qOQEroc4,UgyQL5F58Hi6oU4V0tp4AaABAg,@이다은-p4p3t,안녕하세요 :) 혹시 협업 문의는 어디로 드리면 될까요??,0,2025-10-22
Nt1qOQEroc4,UgwDJzkbBM_LqE-L5Wt4AaABAg,@구구콘-t7t,가난 코스프레ㅋㅋㅋ,4,2025-10-15
Nt1qOQEroc4,Ugznug1ZCA8e3_3iYpN4AaABAg,@Bjkikjbbsskkfjj573,흙수저가  쓰는 조명  아르떼미데ㅋㅋㅋㅋ,0,2026-04-29
Nt1qOQEroc4,UgxenZS860bsJe8j9zd4AaABAg,@ghlim592,"근데 요새 혼수가 워낙 비싸서 싸게한건 맞음
흙수저까지 붙일일인가 싶긴하지만",0,2026-05-31
Nt1qOQEroc4,UgzWCwoYTYf8pCvBNbN4AaABAg,@지수강-q7s,흙수저... ㅎㅎ 진짜 흙수저가 보고 배아프라고 만들었나,0,2026-05-20
Nt1qOQEroc4,UgyHHfBryuxiNCGEpIN4AaABAg,@운빨존많겜재밌네,"집부터 흙수저가 아닌데요?
왜 흙수저라고 하지",2,2025-10-18
Nt1qOQEroc4,UgyerqPuqD74Vi6kdsh4AaABAg,@musicQ-y6i,뭐가 흙수저라는지도 모르겠고 걍 신혼 가전가구라고 히면될걸 흙수저는 왜 갖다붙인건지..,2,2026-01-05
Nt1qOQEroc4,UgxKsRj99HqfWWjAae14AaABAg,@희봉-z7u,"저도 항상 풍족하지 못했던 부모님께 지원없이 학자금대출, 알바하면서 대학졸덥하고 칼취직해서 평범한 신혼부부처럼 살고있어요. 저도 제가 흙수저라고 생각해요. 저분들 나름대로는 시작은 흙수저라고 생각할 수도 있는거죠. 뭘 그렇게 불편해 합니까?",1,2026-04-03
Nt1qOQEroc4,UgzSqQWl1EM9fExGaU14AaABAg,@연어포케aa,흙수저??!!!!,1,2026-03-12
Nt1qOQEroc4,UgxmTu_ywjC8O26k0vR4AaABAg,@뽀로롱-q7i,결혼할때 매트리스 오늘의집에서 10만원대 샀는데 .. 나는.. ㅎ ㅎ 잘쓰는중^^,0,2026-02-05
Nt1qOQEroc4,UgxFP2X6J0fSLmuBOtF4AaABAg,@Lelebaybay1,존나비싸요 어그로 오지네,3,2025-10-06
Nt1qOQEroc4,Ugynk7ZiR3ghksRYXxZ4AaABAg,@다래이-e3k,진짜 흙수저는 원룸에서 살고 있음. 어떻게 원룸에서 살아? 하면 그러니까 흙수저인 거,8,2025-10-04
Nt1qOQEroc4,UgzCRQgI0OmKxqz5FN14AaABAg,@junyoungchung7016,흙수저가 엑스트라킹 침대? ㅋㅋㅋㅋㅋㅋ,0,2026-04-30
Nt1qOQEroc4,UgxYe7cGlkXuMBl7hjV4AaABAg,@생선대가리를-u1d,한심하네,6,2025-09-19
Nt1qOQEroc4,Ugxbk9H4P3orW7rbvo14AaABAg,@Song-sg6vr,별;;;; 바로 구독취소갈김…,147,2025-09-16
Nt1qOQEroc4,UgyS3ambR7St4T4Ez-d4AaABAg,@왕구리구리,"흙수저는 돈벌어서 저런것도 못사나요?? 저축안하고오늘내일 욜로랑 흙수저랑 구별을하셔야지
가성비있는 제품들이고만",2,2025-10-12
Nt1qOQEroc4,UgxXicVTGenmUwrj3w14AaABAg,@SUNJI4707,흙수저는 240만원짜리 매트리스 안삼..,1,2026-02-19
Nt1qOQEroc4,Ugw8-GZeDCO140cwgIZ4AaABAg,@sharbb296,흙수저면 그냥 당근서 맞춤대요,0,2026-04-23
Nt1qOQEroc4,Ugy0uRSKLyiUTB0LXU54AaABAg,@보통집-g1m,맨 마지막에 거울앞에 있는 식물은 뭔가요?,1,2026-05-08
Nt1qOQEroc4,Ugws8PbBXiNG6qWJoXR4AaABAg,@망고사장님,프레임 41만원에 매트리스가 240만원인데 흙수저라니.. 이젠 흙수저도 도둑맞았네 ㅠㅠ,0,2026-05-06
Nt1qOQEroc4,UgweP89mkwf4WFHI7iJ4AaABAg,@gomaemi,...?,4,2025-09-16
Nt1qOQEroc4,UgxpIrN9A4caW6ttL8N4AaABAg,@user-ut6fi7xo1o,도둑 맞은 가난.,1,2026-03-12
Nt1qOQEroc4,UgyNesrI2ADn4prIZwV4AaABAg,@shindy3963,흙수저가 개당 5만원짜리 의자를 사냐 ㅋㅋㅋㅋㅋㅋㅋ,0,2025-11-20
Nt1qOQEroc4,Ugy6WLsol7o5wIOeRmh4AaABAg,@jeeee8555,심지어 평수도 넓어보이는데요?,0,2026-05-11
Nt1qOQEroc4,Ugx-gWfRlwdT4z8FRIR4AaABAg,@Adads4754,저정도면 흙수저 아닌데.. 테이블 가격이 엄청난대,1,2026-04-04
Nt1qOQEroc4,UgwyltQnLCMF_uaaeBR4AaABAg,@서종희-seo,그때는 대부분 다 흙수저야 ㅎ,0,2025-11-15
Nt1qOQEroc4,Ugzx9owl5U2Bq-WgT1x4AaABAg,@냥냥츄,ㅎ.. 내용은 나쁘지않은데 본인과 본인 집안을 내리깎는 흙수저라는 표현을 쓰지않으셨으면 합니다 ㅠㅠ 부모님이 보시면 슬퍼요..,2,2025-10-15
Nt1qOQEroc4,Ugy1XucspRnYERHuuSJ4AaABAg,@The-zv8oc,장난하나? 참나...,3,2025-09-29
Nt1qOQEroc4,UgwqEd-ELDqZgZ3jjlV4AaABAg,@spicepandalee1995,흙수저... 참네...,1,2026-04-07
Nt1qOQEroc4,UgyadB5vSPPklpZ2GmZ4AaABAg,@Nayeonmom,어그로끌려고 흙수저 붙여놨네,1,2025-10-14
Nt1qOQEroc4,UgyRixP9SrsicB55Z-N4AaABAg,@뚜비니네,뭘 흙수저니 아니니 남이 판단하는지... 이짧은 영상에 한가족의 삶이 전부 보여진다고 생각하는지... 좋은 영상 고맙습니다,1,2025-10-30
Nt1qOQEroc4,UgwdaGmE-EXYQU2evQJ4AaABAg,@hyun91015,ㅋㅋㅋㅋㅋ 아파트에 사는데 흙? ㅋㅋㅋㅋㅋㅋ,0,2026-02-19
Nt1qOQEroc4,Ugz0A4IfZfvsLuttBHN4AaABAg,@노네임-u2e,매트리스 템퍼 어디매장에서 사셨는지 알수있을까요?  가격이 넘 매력적이여서요,1,2025-09-10
Nt1qOQEroc4,Ugzuy8ke6Ol0zlV6kNZ4AaABAg,@제이유나,흙수저인데 매트리가 240만원이야..?,0,2026-03-10
Nt1qOQEroc4,UgzfQ6mqecuOnBchDAJ4AaABAg,@도레시시,지하 월세로 시작해서 가구포함 100만원에 해결해야지 난 그렇게 시작했다,0,2026-03-08
Nt1qOQEroc4,UgwyhfWh4I8XGFY373p4AaABAg,@chollang2,"흙수저가무슨 아파트같은곳에
4도어 냉장고냐..

진자 흙수저들 비하하는거노 ㅠ",1,2026-03-22
Nt1qOQEroc4,Ugyjbob--JUD_kDts2Z4AaABAg,@이채리-j8f,"48평 방4개 대장아파트 자가에 인테리어완료
이 정도는 되어야 흙수저아님? 어이가 없네ㅋㅋㅋㅋㅋㅋㅋ
허리안좋은 우리부부 매트리스는 진짜 좋은거 사자 했는데도 시몬스 100만원언더로 샀어요ㅠ우리 신혼때는  이 분들에 비하면 수저도 없는 수준...",1,2026-04-11
Nt1qOQEroc4,UgwLuF5kgF3FALbZt-F4AaABAg,@shark3358,흙수저가 아니고 그냥 뇌에 흙이 들으신거같은데요 ㅋ,0,2026-04-27
Nt1qOQEroc4,UgzNwkN2cCK7_-EHm-p4AaABAg,@열심열매,쇼파 옆에 두신 파티션 ㅠㅠ 어디제품일까요 공간분리파티션이요,1,2025-09-15
Nt1qOQEroc4,UgwnXv_HKsTIKJSDyjB4AaABAg,@kwang1126,머리가 나쁜쪽 같은데...,1,2026-02-26
Nt1qOQEroc4,Ugw_QLpMpOG3TEgEsA94AaABAg,@HyejinKim-t7t,밑에 집 불쌍하다 가구를 저렇게 끌고 닫고,0,2026-05-10
Nt1qOQEroc4,Ugz0kIxXMeVV2mMnLBh4AaABAg,@보보-b6f7l,어그로끌기 성공~!,0,2025-11-15
Nt1qOQEroc4,Ugx2NxL6hUMpRFV_dUN4AaABAg,@centerliner,순자산 10억 흙수저 신혼부부 쿠팡 10만원테이블쓰네요 ㅠㅠ,0,2026-05-04
il45pgmEidM,Ugxv3vp7VDatIflKnpR4AaABAg,@리뷰머신,"📆리뷰머신 공동구매 캘린더 보러가기 👉https://link.inpock.co.kr/reviewland

*이 영상은 오늘의집, 네이버, 쿠팡 파트너스 활동의 일환으로 일정액의 수수료를 지급받습니다☺

📁오늘의집 신혼부부 추천템 .ZIP 👉  https://ozip.me/83tnzN9?af
📁오늘의집 식기, 냄비 세트. ZIP 👉 https://ozip.me/moiyGsx?af
📁오늘의집 공간활용 정리템. ZIP 👉 https://ozip.me/hXyzX9y?af
-------------------------------------------------------------------------------------------------------------------

⭐⭐⭐⭐ 리뷰머신 X 엔오오엔 식탁 공동구매 OPEN⭐⭐⭐⭐
✅엔오오엔 우디 원목 *확장형 식탁 
링크 : https://mkt.shopping.naver.com/link/69a300bcb62c9114c9c53a47
🔶할인가 : 319,000원 (정가 : 729,000원)
사이즈 : 1200/1600 (확장형)
상판 : 포세린 통세라믹 12T 
⭐⭐⭐⭐⭐⭐⭐⭐⭐⭐⭐⭐⭐⭐⭐⭐

🛋거실
✅식탁 - 데일리리빙 멜로우 세라믹 식탁 테이블
링크  : https://ozip.me/8DDUb47?af
가격 : 389,000원

✅소파 - 보니애가구 크루저 블리넌 패브릭 슬라이드 소파 
링크 : https://ozip.me/eN4WPlI?af
가격 : 899,000원

✅TV - 삼성전자 4K UHD Neo QLED 75인치 / 85인치
링크 : https://link.coupang.com/a/dajOpJ (스탠드형)
오늘의집 링크 : https://ozip.me/ir2ShQM?af
가격 : 2,790,000원 *변동가능성 있음

✅TV - LG 4K UHD QNED TV 86인치
링크 : https://link.coupang.com/a/dajSjh (벽걸이형)
오늘의집 : https://ozip.me/5Z79ptu?af
가격 : 2,646,840원 *변동가능성 있음

✅스피커 - JLB BAR 1000 사운드바 돌비애트모스 홈시어터
링크 : https://ozip.me/u1Q6hVw?af
가격 : 689,000원
-------------------------------------------------------------------------------------------------------------------
🧑‍🍳주방
✅식탁 - 베스트리빙 콘 원뿔 원형 원목 세라믹 테이블
링크 : https://ozip.me/n9tuwoE?af
가격 : 199,000원

✅냉장고 - 삼성전자 Bespoke AI 640L 4도어 키친핏냉장고 (사이즈 확인 필수)
링크 : https://link.coupang.com/a/dakiUX
오늘의집 링크 : https://ozip.me/m9hhkkB?af
가격 : 2,315,700원 *변동 가능성 있음

✅김치냉장고 - 삼성전자 비스포크 1도어 김치냉장고 1등급 348리터 오토도어 키친핏 (사이즈 확인 필수)
링크 : https://ozip.me/0xj7oNI?af
가격 : 1,228,992원

✅식기세척기 - 쿠쿠 UV케어 고온살균 프리미엄 식기세척기 6인용
링크 : https://link.coupang.com/a/dakskN
오늘의집 링크 : https://ozip.me/utUusGL?af
가격 : 416,370원

✅식기세척기 - LG전자 디오스 오브제컬렉션 빌트인 식기세척기 12인용 
링크 : https://link.coupang.com/a/dakBlq
가격 : 681,270원

✅음식물처리기 - 에어메이드 듀얼 히팅 음식물처리기 THE BRIX 4L
링크 : https://link.coupang.com/a/dakEBG
오늘의집 링크 : https://ozip.me/nmrM0g5?af
가격 : 369,000원
-------------------------------------------------------------------------------------------------------------------
🪠가전
✅공기청정기 - 쿠쿠 W8300 공기청정기
링크 : https://link.coupang.com/a/dalgmB

가격 : 221,690원

✅청소기 - 샤크 에보파워 시스템 NEO+ 무선청소기
링크 : https://link.coupang.com/a/daljt9
오늘의집 링크 : https://ozip.me/TKgm5AJ?af
가격 : 687,000원

✅청소기 - 샤크 에보파워 시스템 부스트+ 스틱청소기
링크 : https://link.coupang.com/a/dalkZc
오늘의집 링크 : https://ozip.me/hTTpB5P?af
가격 : 859,000원

✅로봇청소기 - 로보락 Qrevo EdgeC
링크 : https://link.coupang.com/a/daln6N
오늘의집 링크 : https://ozip.me/7h01yXE?af
가격 : 948,000원
-------------------------------------------------------------------------------------------------------------------
🛌안방 
✅침대 - 레이어 페이브 매트리스 
링크 : https://ozip.me/NY1m5tN?af
가격 : 890,000원 (ss기준)

✅매트리스 - 코어슬립 시그마 블랙 미디움 하드
링크 : https://smartstore.naver.com/zamioda/products/10499224967
가격 : 400,000원 (ss기준)

✅침대 프레임 - 모모드 원스테이 고무나무 SEO 원목 침대 프레임
링크 : https://ozip.me/kWK7m5R?af
가격 : 353,000원 (ss기준)

*이 영상은 쿠팡파트너스 활동, 오늘의집 큐레이터 활동의 일환으로 일정액의 수수료를 지급받습니다.
리뷰문의 👉 biz@tlabcorp.com",0,2025-12-03
il45pgmEidM,UgwPCKGkDs3NBtbMylt4AaABAg,@TangerineAndHamster,20평대도 있음 부탁드려요~~~,9,2025-12-03
il45pgmEidM,Ugy2ijHpH3ibyfSrRpd4AaABAg,@CCPOUT1,"와. 리뷰머신님 지금까지 이런 콘텐츠도 하시는지 몰랐어요 !! 
가전 가구 리뷰만 확인했었다는….!",0,2026-04-14
il45pgmEidM,UgxKgzRBZiMyKj_SQc94AaABAg,@pon04016,모션배드 같은 메트릭스는 신혼가구로 어떤지 궁금합니다!,0,2026-01-11
il45pgmEidM,UgxtKXugNi9izrzIqUx4AaABAg,@서귀중,"안녕하세요, 2월 말 신혼집 입주를 앞두고 있는 20대 후반 맞벌이 신혼 부부입니다.
신혼집 가구, 가전 견적 신청을 위해 아래와 같이 정보 공유드립니다!

1) 신혼집 구조
- 25평, 방 3개, 화장실 1개 (구축아파트로 베란다 확장은 안 한 상태입니다)

2) 신혼집 계획
- 입주 일정 : 26년 2월 말
- 5년 내 출산 및 더 큰 평형수로 이사 희망

3) 신청 계기
- 리뷰 머신님의 영상을 많이 참고하여 예산 준비를 진행하고 있으나, 저희와 같은 20평대 신혼부부를 위한 가전, 가구 추천 영상은 없어 신청

4) 희망 예산
- 적을수록 좋으며, 가전/가구 합하여 800만원 내외 희망

5) 필수 가전/가구
- 가전 : 세탁기, 건조기, 냉장고, 에어컨, 스타일러, 공기청정기, 청소기
- 가구 : 화장대, 소파, 침대, 책상, 의자, 교자상

6) 고민 및 리뷰 머신님의 의견
- 식기세척기, 로봇청소기 구매 여부
- 전자레인지 VS 광파오븐)
- 정수기 VS 생수

저희 부부를 위해 가구, 가전 견적을 해주시면 많은 신혼부부들에게도 큰 도움이 될 것입니다! 부탁드립니다! 감사합니다!",3,2026-01-28
il45pgmEidM,UgzKqp9RKC3L3k7yaJF4AaABAg,@초토화애요,샤크 청소기 재공구는 언제쯤 예정있을까요?ㅠㅠㅠㅠㅠㅠ,1,2025-12-04
il45pgmEidM,UgxJejv1THNoHTX8gjB4AaABAg,@먹디,로보락 직배수되는건 추천안하시나요~?,0,2026-02-04
il45pgmEidM,Ugw89h563ETmP5r9bAd4AaABAg,@mr-cj1hs,20평대도 부탁드려요!!!,0,2026-03-02
il45pgmEidM,UgwoZxfLinRgJyzMlY94AaABAg,@태성유-d1t,세탁기 건조기 병렬로 넣을수있는 공간이 있으면 병렬로 넣는게 좋을까요? 허리가 안좋아서 높이올려서 위로 올리면 편할꺼같아서요,0,2025-12-31
il45pgmEidM,UgwBDohiGSr3s44CLq94AaABAg,@yurixi7556,1,1,2025-12-03
0IJZqFLR5Y4,Ugx3_7a-K9nZwyQIrkV4AaABAg,@리뷰머신,"📆리뷰머신 공동구매 캘린더 보러가기 👉https://link.inpock.co.kr/reviewland

⭐⭐⭐ LG전자 X 네이버 X 리뷰머신 콜라보 공동구매 📌종료되었습니다⭐⭐⭐
📌제품 스펙 상세페이지 확인
📌배송 일정 문의는👉 [네이버 톡톡, Q&A] 
--------------------------------------------
[세탁 건조기]
✅LG전자 트롬 오브제컬렉션 세탁건조기세트 FX23GNR-ENE 23kg + 20kg(분리형) 1등급
🎁FX23GNR-ENE 세탁건조기 구매자 전원 [*네이버 포인트 쿠폰 5만원권] 증정
링크 : https://naver.me/FiPHhFtk
할인가 : 2,342,920원 (일반가 : 4,000,000원)
💳카드할인 적용시 최대 할인가 : 🔸2,155,480원
➕기본적립 : 23,429원➕맴버십 추가적립 : 20,000원 

✅LG 워시타워 W21GEAM 세탁기24kg 건조기21kg (일체형)
링크 : https://naver.me/GJZFf8DW
가격 : 2,966,000원
--------------------------------------------
[에어컨]
✅LG 휘센 오브제컬렉션 쿨 에어컨 2in1 FQ17GC3EC2 (커버 분리가능)
링크 : https://naver.me/FwGAJpJn
가격 : 2,479,000원

✅LG 휘센 오브제컬렉션 위너 에어컨 2in1 FQ17HDWHP2 
링크 : https://naver.me/xAfPbEn7
할인가 : 1,872,980원 (일반가 : 3,000,000원)
💳카드할인 적용시 최대할인가 : 🔸1,722,900원
➕기본적립 : 18,729원 ➕맴버십 추가적립 : 18,729원
--------------------------------------------
[TV]
✅LG OLED TV AI 55인치 OLED55B5ENA
링크 : https://naver.me/5zUoQtOL
가격 : 1,544,000원

✅LG UHD TV 4K 43UA7500ENA (43인치)
링크 : https://naver.me/F2LYzItK
가격 : 669,000원
--------------------------------------------
[냉장고]
✅LG 디오스 오브제컬렉션 STEM 얼음정수 냉장고
링크 : https://naver.me/FgEvhe8M
가격 : 2,699,000원

✅LG 디오스 오브제컬렉션 김치톡톡 김치냉장고 Z408MEEF23
링크 : https://naver.me/5nh6S8Cf 
할인가 : 1,655,280원 (일반가 : 2,500,000원)
💳카드할인 적용시 최대 할인가 : 🔸1,522,850원
➕기본적립 : 16,552원➕맴버십 추가적립 : 16,552원
--------------------------------------------
[청소기]
✅LG 코드제로 AI 오브제컬렉션 A9 올인원타워 무선청소기 AI927WA (물걸레 포함)
링크 : https://naver.me/FlBhsS4U
할인가 : 948,480원 (일반가 : 1,330,000원)
💳카드할인 적용시 최대할인가 : 🔸872,600원
➕기본적립 : 9,484원➕맴버십 추가적립 : 9,484원
--------------------------------------------
[스타일러]
✅LG 오브제컬렉션 스타일러 SC3GTE5E
링크 : https://naver.me/5T03tSi0
가격 : 1,545,000원
--------------------------------------------
[공기청정기]
✅퓨리케어 오브제컬렉션 AI 360도 공기청정기 AS335NSAC
링크 : https://naver.me/GuC039cD
가격 : 1,311,000원
--------------------------------------------
✅ LG 통돌이 18kg DD모터 인공지능 세탁기 T18MX7A
링크 : https://naver.me/xnOnLEju
가격 : 696,000원
--------------------------------------------
[광파오븐]
✅LG 디오스 광파오븐 오브제컬렉션 오븐 32L
링크 : https://naver.me/xuFCjf4s
가격 : 759,000원
--------------------------------------------
[제습기]
✅ LG 휘센 오브제컬렉션 13L 제습기 DQ134MWEC
링크 : https://naver.me/FgEMe9HW
할인가 : 362,970원 (일반가 : 1,000,000원)
💳카드할인 적용시 최대 할인가 : 🔸333,930원
➕기본적립 : 3,639원➕맴버십 추가적립 : 3,639원",11,2026-03-19
0IJZqFLR5Y4,Ugx9sz936_rnERBdKD54AaABAg,@천둥벌거성e,"ㅜㅠㅠㅠ 너무너무 좋은 기회인데..
8월에 신혼집 들어가는데 그때 되면 좋겠는데 안될거 같네요ㅠㅠ
7,8월에 한번 더 해주세요ㅠㅠㅠㅠㅠㅠㅠㅠㅠㅠㅠ
리뷰해주신 침대랑 소파도 구매예정인데ㅠㅠ 너무 좋은 기회인데 아쉽습니다..!",4,2026-03-24
0IJZqFLR5Y4,UgwrvqlUka_7iC5dI-h4AaABAg,@seonghwanim2054,5월에 한번 더 해주세요 ㅠㅠㅠㅜㅜ,3,2026-03-28
0IJZqFLR5Y4,UgwhzdSqxXT7vG6fsIl4AaABAg,@billymartin-k4x,우와~ 이런 좋은 기회가~~,0,2026-03-19
0IJZqFLR5Y4,UgxYlsFY5kb3xhbBwsx4AaABAg,@최인석-v6p,"이사와서 에어컨이 없길래 3년뒤쯤 다시 이사갈 예정이라 렌탈해야되나 고민했었는데, 바로 구매했습니다~!!! 항상 감사합니다^^",0,2026-03-22
0IJZqFLR5Y4,UgzxssMfg8WvT4YOWI54AaABAg,@산들바람-z9p,식세기 사야하는데 식기세척기 비교리뷰 부탁드려요~^^,0,2026-03-19
0IJZqFLR5Y4,UgxqLYsTavmgU7Uck_h4AaABAg,@임세현-b9r,헐...!! 에어컨 고민하다가 결제하려고 하니 품절이라니 4월이나 5월 중으로 제에발 다시한번 공동구매해주시면 안되나용??ㅠㅠㅠ,0,2026-03-31
0IJZqFLR5Y4,UgzhTqfv47MvG30KAEB4AaABAg,@헬리코박터-m5r,혹시 조기마감이 될 수 있는건가요? 26일이나 27일쯤 구매 가능할거같아서요,0,2026-03-20
0IJZqFLR5Y4,UgxhqR_daCmM1sWkEyR4AaABAg,@CCPOUT1,와^^^^^ 이걸 또 놓쳤네…. ㅠㅠ,0,2026-04-14
0IJZqFLR5Y4,UgxtqgsyhCre-0dr2bZ4AaABAg,@cbmem1,하 아쉽다 10월 11월에하지 지금사서 쟁여놀수도 없고 ㅜ,0,2026-03-23
0IJZqFLR5Y4,UgyRggkdkbKH-7ZypJt4AaABAg,@taesunback,안녕하세요 ~ㄱ갑자기 세탁기가 안되네요.지금도 세탁기.건조기 구매 가능할까요?,0,2026-04-16
0IJZqFLR5Y4,UgymxktDTB-dtXFoa_h4AaABAg,@billymartin-k4x,"배송일자 문의는 구매희망
제품 페이지 내 Q&A에
문의 해 주시면 답변드리도록
하겠습니다~",0,2026-03-20
0IJZqFLR5Y4,Ugx2UcZdoRL1dVR-8_p4AaABAg,@Dini-sb6jr,건조기 단일만은 안파는건가요?,0,2026-03-20
0IJZqFLR5Y4,UgxykmZLWLbILIArrrt4AaABAg,@Tsl_1000,한번더해주세요 제발 ㅡㅜㅠ특히 에어컨이요 ㅠㅠ 품절 ㅠㅠㅠㅠ,0,2026-03-30
0IJZqFLR5Y4,Ugy0sfOJMH-CWC_5vQx4AaABAg,@혜련이-q2q,6월배송맏는건 불가한가요,0,2026-03-20
0IJZqFLR5Y4,Ugx6jB3clNf4LViwApV4AaABAg,@woowahan77,"너무 좋은 이벤트네요! 혹시 배송일을 5월로 선택이 가능할까요? 세탁기건조기, 냉장고, 제습기를 사려고 합니다!",0,2026-03-19
0IJZqFLR5Y4,UgzHMkQHSWMLeY8hgNF4AaABAg,@WHJ-k5r,배송일자는 선택가능거에서 선택해야하죠? ㅜㅜ 6~7월로 선택이 불가능한가요,0,2026-03-19
0IJZqFLR5Y4,Ugyfq6k0e1PEBsMIBJR4AaABAg,@쿠쿠-b1e,신혼가전 준비중인데 여기서 할인된 제품사는게 신혼할인보다 싸겟죠?,0,2026-03-28
0IJZqFLR5Y4,UgyPvPG61Lmxb1TWmXV4AaABAg,@민트치약국밥,쿠폰이 어딨나요?? 들어가서 보면 올랴주신 금액이랑 달라요ㅠㅜ,0,2026-03-25
0IJZqFLR5Y4,UgzoPzBaxtgO2m_a4od4AaABAg,@june994,일단 너무 감사해요. 배송일 5월로 받을 수 있을까요??,0,2026-03-19
5CiIVzOYihE,UgxfLMerD7XSVppXjJt4AaABAg,@youboonam,"앰버서더 기념 이벤트입니당!!

현재 사용 중인 매트리스의 불편함이나 바꾸고 싶은 이유를 댓글로 써주세요.
총 7분을 선정하여 2분께는 엠마 매트리스, 5분께는 엠마 베개를 선물로 보내드리겠습니다. (~12.31)
*자세한건 설명란을 참고해주세요",26,2025-12-17
5CiIVzOYihE,Ugy3ZoY97StNrqLBYup4AaABAg,@zerotop-s7i,"대문 비밀번호는 교체하시길 추천합니다. 지난 영상들속에서 추정이 가능한 개인사를 공개하시면 위험합니다.
아무리 안전한 나라라고 해도 피할수 있는 위험은 피하는게 좋지요.",518,2025-12-17
5CiIVzOYihE,UgwlLMBygKMcjGmr3n14AaABAg,@hjae7288,자분과 제왕은 아기가 결정한다고 합니다 😂😂,84,2025-12-17
5CiIVzOYihE,Ugz1jZLuTv7YzHYPBtp4AaABAg,@user-dulgi,소정님 너무 웃기심ㅋㅋㅋㅋ 상여자 중에 상여자ㅋㅋㅋㅋ😂,53,2025-12-17
5CiIVzOYihE,UgzXL-zTYWeMPdoVkA94AaABAg,@datgreen1448,확신의 아들맘...,143,2025-12-17
5CiIVzOYihE,UgxvolWpx2aIjtz3P9V4AaABAg,@미나리-d5h,"젖병 꼭 사세요..혼합수유해야되요!
엄마아파서 약먹어야하거나 그럴때 3일정도 모유버리고 그동안 분유먹어야하는데  모유만먹으면 젖병거부해요..유튜브찾아보세요..젖병거부 종종있어요..모유수유하면 엄마 어디가서놀다가도 애밥주러 집에가야함..",65,2025-12-17
5CiIVzOYihE,Ugy-v8Z8RxRS8mO29Fl4AaABAg,@orocymom,"테토녀의 향기가나요 ㅎㅎ 엄마가 씩씩해보여도 아기 태어나면 체력적으로 정신적으로 무너지는 순간이와요 
저는 육아휴직하는 기간에 신랑퇴근시간되면 눈물이 그냥막 흘렀답니다(?) 
소정님 많이 아껴주시고 케어해주세요👍 임신 출산 육아 3콤보 같이살아가면서 그때 기억이 뇌리에 박히거든욥ㅋㅋ 전 아직도 서운한게 뇌리에 박혀있답니닼 
지금은 둘째도 이번에 출산해서 애둘맘 입니다 가장작은방에 토퍼깔고 애들없을때 편하게 눕고싶네요 😂",12,2025-12-19
5CiIVzOYihE,Ugy5ypNIlOL37hqFLaF4AaABAg,@건물주세은-f6h,11:39 육아종합지원센터에 구비된 물품 확인하시고 대여할건 대여하십쇼😊,23,2025-12-17
5CiIVzOYihE,UgyQz1f3Tw5Z1XE8RIV4AaABAg,@지수강-q7s,1:35 부르면 쳐다를 봐 ... ㅋㅋㅋㅋ 왜 이렇게 웃겨요 ㅋㅋㅋㅋㅋ,14,2025-12-19
5CiIVzOYihE,UgyRFa34iF4HnYDuyUp4AaABAg,@Nagne5,"ㅋㅋㅋㅋ산고 ㅋㅋㅋㅋ ㅠㅠ
제 친구도 호기심 가득한 눈으로 반짝반짝 하면서 첫째 낳고, 고통을 아니까 더 무섭다며 벌벌떨면서 둘째 낳고…
그래도 다행히 둘 다 자연분만으로 순산 했네요.
테토맘을 여기서 또 보다니 ㅠㅠㅠㅠㅋㅋㅋㅋㅋ",8,2025-12-17
5CiIVzOYihE,Ugwdw6ipBhl5oPL6Jnd4AaABAg,@anigraegajigu,"헉 자연분만과 제왕절개를 모두 하시겠다니.....
보통의 비범함이 아니다....
근데 제가 요근래 어쩌다보니 분만관련 브이로그를 많이 봤는데요
각각 단점들이 너무 명확해서 소정님 몸을 위해서라도 하나만 하시길 부탁드려요
자연분만과 제왕절개의 단점을 모두 가지게 되면 나중에 소정님이 너무 힘드실듯요....",7,2025-12-17
5CiIVzOYihE,Ugy-xT6WQkRKLN3ewkl4AaABAg,@theFNBP,ㅋㅋㅋ 끝까지 앉지 않는 캐롤… 앰버서더 축하드려요!!,7,2025-12-17
5CiIVzOYihE,UgzzmDFLoXG9u7eWrbh4AaABAg,@축복의리리,"첫째둘째 자연분만+모유수유성공맘인데 자연분만진통은 아프지만 나올때그느낌은 잊지못합니다!! 8개월셋째품고있어요
아내분 마인드 공감하면서 글써보아요^^",8,2025-12-17
5CiIVzOYihE,Ugzlls7l1SihrtCphep4AaABAg,@gyeongjecho7520,"안녕하세요, 임신 26주차의 와이프가 침대가 너무 푹신푹신해서 일어나기 너무 힘들어 합니다.
한번에 푹 꺼지지 않고 탄탄하게 허리를 잡아주는 엠마 매트리스, 기대됩니다. 
순산 하시고, 자연분만 후기 기대하겠습니다! 건강하세요 ~",2,2025-12-18
5CiIVzOYihE,UgyTRxEBZRDcp3bRh_N4AaABAg,@kyonghibbler4666,ㅋㅋ 유부남님…. 임자만나신거 같아요!😂 소정님! 홧팅!!! 입니다 ~~~🎉❤,6,2025-12-18
5CiIVzOYihE,Ugx6WPqHP2vHr5GH_U94AaABAg,@LizKwon,어라.... ㅋㅋㅋ 유부남님네도 아내분이 운전하시나요... 저희집도요...ㅋㅋ,13,2025-12-17
5CiIVzOYihE,Ugx07ncBTfVE-Ex_I6F4AaABAg,@shinnnnneeeeee883,순산하세요 ㅎㅎ 축하드려요!!,8,2025-12-17
5CiIVzOYihE,UgwkHLqPqlky41lK2lx4AaABAg,@shine..2018,"자연분만 꼬옥 성공하시길요.♡
❤❤❤
행복하세요.♡",7,2025-12-17
5CiIVzOYihE,UgwYCA5fFbQabTgLKVt4AaABAg,@W_ocean,9:48 ㅋㅋㅋㅋㅋㅋㅋㅋㅋ맑눈광ㅋㅋㅋㅋㅋㅋㅋㅋㅋㅋ,13,2025-12-18
5CiIVzOYihE,UgzVCxhMynGNcH5TnoN4AaABAg,@chloe-b3p,27주 임산부입니다~! 유부남님네랑 비슷한 시기에 임신하게돼서 뭔가 내적친밀감이 들어요 ㅋㅋ 최근 남편이 야근도 잦아 피곤하고 저도 화장실 들락거리느라 수면의질이 뚝뚝떨어지는데 새 매트리스로 바꿔서 꿀잠자고싶어요😂 태어날 애기랑도 같이 잘 매트리스라 신청해봅니다~!👍🏻,4,2025-12-17
5CiIVzOYihE,Ugzf2DGLQF-LlXkusVN4AaABAg,@floras1044,"겁쟁이라 자연분만 못 할줄 알았는데 어쩌다보니 무통도 없이 자분했어요. 생각보다 할 만 했어요(???) ㅋㅋㅋㅋㅋㅋ  여기가 독일이라 41주까지 기다렸는데 그래서 그런지 자연스러운 출산이 됐던 것 같아요. 
동생은 37주에 유도했는데 실패했거든요. 최대한 자연 진통 기다리거나 유도하더라고 늦게 하면   순산할 확률이 높아지는 거 같아요.
순산 기원드려요♡",6,2025-12-17
5CiIVzOYihE,Ugwaj_-U80Gbf4NsCPd4AaABAg,@이단비쓴비짠비,"기다렸어요ㅠㅠㅠㅠㅠ
너무너무 힐링되는 브이로그ㅠㅠㅠ",4,2025-12-17
5CiIVzOYihE,UgxactVbMpeloVU1SK14AaABAg,@정재홍-o3n,"먼저 소정님의 순산을 기원하겠습니다!ㅋㅋ
저는 교대근무를 하는 유부남입니다. 요즘 수면패턴이 무너져서인지 잠을 많이 설칩니다. 그러다보니 자주 뒤척이게 되고 옆에 있는 아내도 저때문에 자꾸 깨게 되더라구요!
매트리스를 바꿔야하나 생각하는 와중에 좋은 이벤트가 있어 참여하게 됐습니다!
유부남님 내년에도 새해 복 많이 받으시고 재밌고 알찬 영상 올려주세요^^!",3,2025-12-17
5CiIVzOYihE,Ugy21hBlcFqXHlodXLp4AaABAg,@kcmjyj,"항상 잘보고있습니다. 출산까지 힘내시고!!
 3년전 자취남신청해서 나왔었는데 이제 저도 결혼하고 유부남이 되었네요 ㅎㅎ 유부남도 꼭 신청한번 하겠습니다 :)",3,2025-12-19
5CiIVzOYihE,UgxFsTxp5EQG67V7KjJ4AaABAg,@장성욱-m5z,5개월 아이를 키우고 있는 아빠입니다. 육아템은 인기템들보다 베이비 페어나 주변 분들에게 물어보고 구매하세요. 사놓고 활용 못 하는 것들이 상당히 많아요.,2,2025-12-17
5CiIVzOYihE,UgyRN0jU07oPHzfi71F4AaABAg,@룡룡-f2d,안그래도 며칠전 남편이랑 브이로그는 왜 안올라오나 얘기햇엇는뎅ㅋㅋㅋㅋ 저는 곧 쌍둥이 출산앞두고 잇어용! 너무 힘들어서 몇주째 침대에 눕눕 생활만 하고 있는데 매트 흔들림이 가장 불편하더라구요ㅜㅠㅠ 배가 나오고 컨디션이 떨어지니 확 체감중이에요,4,2025-12-19
5CiIVzOYihE,Ugz3UGNQZiYodcF-91Z4AaABAg,@Rie_ah,자연분만 두 번으로 아들만 둘이기는 하지만 소정 님 정말 테토시네요🥹 고통의 크기가 커서 뇌에서 기억을 지워버리는 거 같아요.. 고통을 잘 참는 편이라고 생각했지만 그것보다 레벨이 높아 무통주사를 빠르게 찾았던 기억만 있어요...! 그래도 뭔가 잘 씩씩하고 건강하게 하시기를 기원합니다~!,51,2025-12-17
5CiIVzOYihE,UgxzOSmsDnK3PDRTZ8l4AaABAg,@심프리2802,저 브이로그 기다렸다는요?ㅎㅎ소정씨도 아기도 잘 컸나 궁금하고~역시나 이번영상도 기대를 져버리지않는 테토미ㅎㅎ너무 매력있으세요! 순산하실꺼예요! (24시간 진통 후 제왕한 최악 당첨으로 둘다 경험한 사람입니다ㅎㅎ제가 정해바야 소용없었네요ㅋㅋ),2,2025-12-17
5CiIVzOYihE,UgwcrZ9xnhZrAcu3YNl4AaABAg,@박지연-u7c9j,도어락 제품은 어떤 제품인가요!,5,2025-12-18
5CiIVzOYihE,UgxyctJPFYx6yO3QX1p4AaABAg,@와와-wawa1,"우와!! 안녕하세요 저도 28주 임산부입니다 
비슷한 시기 말띠맘에다 일산 살고 있어용! 신기해요~~!! 저도 저 고통을 느끼고 싶어 가능하다면 자분을 원해요!!어떻게 될진 나중가봐야 알겠지만…😊
저는 현직 소방관인데요 원래 구급대원으로 일하다 지금은 행정직에서 일하고 있습니다  야간근무와 불규칙한 생활로 몸의 피로가 쉽게 쌓이는데, 임신 후에는 계속 앉아있고 배도 불러오니 허리·골반 통증과 수면의 질 저하가 더 크게 느껴지고 있어요 ㅠㅠㅠ
화재와 구조 현장에서 시민의 안전을 지키는 일도 중요하지만, 이제는 태어날 아이를 위해 제 몸을 제대로 회복시키는 잠자리가 무엇보다 필요하다는 걸 절실히 느끼는 시기인것 같아요..😂
지금 사용 중인 매트리스는 오래되어 뒤척임이 많고, 아침마다 허리 통증으로 하루를 시작하게 됩니다. 임산부에게 가장 중요한 ‘깊은 수면과 바른 자세’를 위해 이번 기회에 꼭 매트리스를 바꾸고 싶습니다.
시민의 생명을 지키는 소방관이자, 곧 한 생명을 품고 있는 엄마로서 이번 매트리스가 제 몸과 아이 모두에게 안전한 쉼터가 되어주길 소망해요~~~~ 이 소중한 기회에 꼭 함께하고 싶습니당🩷💙순산하시길 바라용><",11,2025-12-17
5CiIVzOYihE,UgwuvrvSSfYeQ5MwjEZ4AaABAg,@딩가샤넬집사,"양배추팩 들고 이거 하고 싶다고 하시는 장면에서....... 너무 재밌었네요..
왜 남자들은 아무 관심이 없는걸까요 저희 남편이랑 똑같으세용 ㅋㅋㅋ 걍 실전박치기로 보면 알게되고 그전엔 전혀 안 찾아보는 ㅋㅋ",5,2025-12-18
5CiIVzOYihE,Ugz0LzwOq1r5XxmihoJ4AaABAg,@confiseri2,"순산 기원합니다
연말 잘 보내세요",4,2025-12-17
5CiIVzOYihE,UgwdN3N8Rc8YLaQ7QgZ4AaABAg,@youyouyouyoyyou,소정님 정말 똑부러지는 똑순이신것 같아요!! 유부남님과 소정님 모두 배우자를 잘 만나신 것 같아요 ㅎㅎㅎ 두분 너무 행복해보이고 편안해요 😊😊 추천템들은 저도 너무 공감해요!!!,1,2026-02-17
5CiIVzOYihE,UgxQMJzZQCysHxKudO94AaABAg,@김혜민-d2e,현재 사용 중인 매트리스의 불편함이나 바꾸고 싶은 이유를 남겨야 하지만 남기지 못합니다. 왜냐구요? 그냥 없어요😂 냅다 토퍼 하나 깔고 사는 자취생은 웁니다,2,2025-12-17
5CiIVzOYihE,UgzhAP9djPReH3eSe8p4AaABAg,@hun4673,와 드디어 브이로그,2,2025-12-17
5CiIVzOYihE,UgyiHsZ0FiTMoyM7hdZ4AaABAg,@Joo-t2j,"소정님 출산 워너비 접니다! 출산에 있어서는 웬만한 거 다 겪었어요😂 40주 넘어서 4.4kg 첫째 무통으로 자연분만 출산하고 35주에 쌍둥이들 제왕절개했습니다! 만출 우량아 단태아 자연분만+조산 미숙아 다태아 제왕절개까지 출산 경력이 화려해요ㅋㅋㅋㅋㅋㅋ 

쌍둥이들 임신하면서 친정 도움 받으려고 신혼집 팔고 나와 구축에 살면서 곧 떠날집이라고 생각했어요. 그래서 패밀리침대를 새로 사는 대신에 신혼 때 쓰던 매트리스 아기매트 위에 올리고 침대프레임에는 토퍼 올려두고 패밀리침대처럼 썼었답니다^^; 
그렇게 살다보니 어느덧 이 집에서 7년을 살고 쌍둥이들이 내년에 초등학교 입학을 앞두고 있네요~😊
그리고 드디어, 우리 가족을 위한 새 보금자리를 계약했습니다! 이번 겨울, 약간의 인테리어를 완성하고 내년 봄에는 새 출발을 하게 되는데 이제 아이들과 분리수면을 하게 되어 다시 침대프레임이 본연의 역할을 되찾게 될 것 같아요~
예산 절감을 위해 부부침대는 그대로 쓰기로 했는데 내년이면 10년이 되는 매트리스 열심히 관리하며 쓰긴 했지만 새출발을 기념해 바꿀 수 있는 기회가 오면 좋을 것 같아서 이벤트 도전해봅니다❤",6,2025-12-17
5CiIVzOYihE,Ugws5Pm5NBgRviT2sDx4AaABAg,@지혜여유즐거움,"와웅 엠버서더 되신거 츅하드려요!🎉🎉🎉
 유부남님 영상 눈팅 많이많이하다가 댓글은 몇번 못달아본거같은데 오늘 달아보네요 ㅎㅎ
 쌍둥이 임신 만삭으로 곧 이사하는데 신랑이 방을 따로자야하기도하고 시간 조금 지나면 아가들 재울 용도로 쓸 매트가 딱 필요한 시점에 이벤트 발견해서 댓글 달아보아요 ㅎㅎ
매일 새벽부터 늦게까지 고생하는 우리 신랑과 곧 태어날 아가들이 편한 매트리스에서 잘 수 있기를 바라며 이벤트 응모해보아요~☺️💛",1,2025-12-17
5CiIVzOYihE,UgwZJBRsf9b6ZSS62sp4AaABAg,@udon9262,아니 유부남햄 썸네일 존잘 무엇..,1,2026-01-13
5CiIVzOYihE,Ugw_98L1hpXrG2BcDVR4AaABAg,@abdc1202,"제 아내도 지금 임신 중이어서 소정님 말씀에 깊이 공감이 가네요 저희도 자연분만 원하고 있는데 순산하시길 기원합니다~
지금 매트리스가 결혼전에 구매해서 저렴한 것을 찾다보니 처음에는 안꺼지고 좋았는데 지속적으로 같은 곳에 누우니 무거운쪽(엉덩이)만 가라앉아서 주기적으로 위치를 바까가면 자고 있는데 오래되서 그런지 주기가 점점 짧아지도리구요 안그래도 계속 매트리스를 바꿔야하나 고민 중이었는데 이벤트를 하신다하여 혹시나 싶어 응모해봅니다~",2,2025-12-19
5CiIVzOYihE,UgyAY9iUC_4mec0NjXV4AaABAg,@Lana_daol,두분의 케미 너무 좋아요! 항상 볼때마다 미소짓게되는 부부 일상이에요!,0,2025-12-24
5CiIVzOYihE,UgyECWyUmLgDjD_H9QZ4AaABAg,@샌드라71,건강하게 순산하세요!!!,0,2025-12-28
5CiIVzOYihE,UgwELIFQdqLg4_EGNux4AaABAg,@Melodious-n2g,"너무 푹신한 매트리스를 쓰는지 아침마다 온몸이 쑤십니다😢 점점 땅굴속으로 들어간다는게 완전공감이에요😂
좋은 매트리스라는게 있을까? 라는 의문이었는데 이 영상보고 너무 좋아보여서 이벤트 신청합니다! 순산하세요😊",1,2025-12-17
5CiIVzOYihE,UgzOWvYVfqYi0xE1S7J4AaABAg,@보랄랄라-f8h,육아는 모르겠지만 두 분 사이가 넘 좋아보여서 보기 좋습니다..!! 😊,1,2026-01-04
5CiIVzOYihE,Ugw7j7Vwpx02km4TVed4AaABAg,@lejg-fj7op,"자취남님과 비슷한 시기에 둘째가 태어나는 아빠입니다. 첫째와 둘째가 같이 쓸 매트리스를 찾고있는데, 에어그리드 기술이 적용된 엠마매트리스라면 한 아이가 뒤척여도 나머지 한명이 깨지 않을거같아요 ㅎㅎ
늘 잘보고 있습니다 감사합니다",1,2025-12-18
5CiIVzOYihE,UgyvY-8v0IuTW48bJOJ4AaABAg,@okoking-e2q,러닝 하시는거 봤었어요 !!!!,1,2026-02-15
5CiIVzOYihE,Ugw1qDZ0Xlm7SQOrDQh4AaABAg,@Hhaha-s9k,이런 가나지 콘텐츠 너무 좋다 ㅋㅋ,2,2025-12-18
5CiIVzOYihE,UgwidSSnrjFcwAKHjQh4AaABAg,@aceghj123,이제 곧 ‘육아남’ 도 기대할게요❤️❤️❤️,1,2026-01-11
5CiIVzOYihE,UgwGHK-SWkBBT1QmuZp4AaABAg,@서경훈-t3v,자연분만이 힘드시지만 성공하시기를 바라고 매트리스와 베개가 좋지만 가끔 허리와 어깨가 아플 때가 있어서 엠마는 그 불편이 없을 것 같네요..,1,2025-12-18
5CiIVzOYihE,Ugz2lkw273EsiomJa5d4AaABAg,@byeolbbam3446,피드 내리다가 반가운 두분 보여서 호다닥 들어왔습니다,0,2025-12-20
5CiIVzOYihE,Ugw1Eu-PFnPWZL5Erk94AaABAg,@루이_기억모음,곧 신혼집으로 이사할 계획이 있어서 매트리스를 보고있는데 너무 궁금하네요😮!! 임신부도 좋다고하니 매장에 꼭 가봐야겠어요!!! (이벤트 당첨되면 더 좋을것같구요..히히) 영상 잘 봤습니다! 감사합니다❤,0,2025-12-29
5CiIVzOYihE,UgzsW73jlppHSYa4Ke94AaABAg,@tmt6189,"지금 사용하고있는 매트리스는 쿠X에서 구매한 저가형 매트리스인데 몇번 앉았더니 그부분이 꺼져서 ㅜㅜ 누을 때마다 정말 불편함을 느끼며 살고있어요 ,,,, 이런상황에서 이사를 가는데 ! 이 말도 안되는 매트리스를 버리고 엠마의 매트리스를 받게된다면 정말 ,, 더할나위없이 행복할 것 같아요 흐흐 직장생활을 열심히 하다가 다시 대학교에 들어가게 되면서 새로운 곳에서의 자취를 다시 시작하는데 좋은 수면의 질로 만학도로서의 대학4년을 또 잘 버텨보고 싶습니다 :) 소정님 순산하세요 !!!!! ㅎㅎ",2,2025-12-18
5CiIVzOYihE,Ugzs-QfXrEC2dpAsRXR4AaABAg,@sweetjunge,"캐롤이와 유부,그리고 소정님과 유부남님 조합 넘 좋아요 ㅎㅎ 일상 영상 많이 기다리는 구독자입니닷❤ 
매트리스 이벤트라니 ..! 저희 부모님댁 매트리스를 바꿔드리고 싶네요 저희 신혼집은 하드한 매트리스를 쓰고 있는데 부모님집껀 너무 물렁하고 자고 일어나면 허리가 아프더라구요 😂 매트리스 하나가 삶의 질을 바꾼다고 생각하는 편이라 꼭 체험해보고 싶네요 부모님께 선물도 드리고 ㅎㅎ",1,2025-12-17
5CiIVzOYihE,UgylWXFSVXap3qnAxIF4AaABAg,@단디애미,"10:43 하나 비싼거사주고 30분이라도 놀아주면 백개고 사줍니다.... 37개웡딸래미 하나사줘도 1분을 안갑니다....사줄이유가 없어요
...젤리사주는게 더 나아여...",5,2025-12-17
5CiIVzOYihE,UgywPF6lzZpPDIEF4R14AaABAg,@bambijelly,"초등학교 때 사서 지금 20대 후반까지… 15년 넘게 같은 매트리스를 쓰고 있어요.
요즘 잠을 제대로 못 자서 자세히 보니까 가운데가 완전히 푹 꺼져 있더라고요 😭
허리도 안 좋은 편이라 아침마다 일어날 때마다 너무 힘들어요.

취준생이라 매트리스 바꿀 여유도 없고, 하루 중 유일하게 쉬는 시간이 잠인데
그마저도 편하지 않아서 너무 서러워요…
엠마 매트리스로 제대로 된 잠 한 번 자보고 싶습니다.

소정님, 유부남님 건강하고 예쁜 아가 만나시길 바랍니다❤",1,2025-12-17
5CiIVzOYihE,Ugyw8NSnGgk3YBagWH14AaABAg,@seeker6340,일산러인데 익숙한 풍경이 반갑네요,3,2025-12-18
5CiIVzOYihE,Ugwj5FUzxISA0c8i2Kd4AaABAg,@dahid012,"사람은 진짜 잠이 전부다 싶을 만큼 요즘 몸으로 제대로 느끼는 중이에요ㅋㅋ
저는 매트리스 “바꿔야지~” 수준이 아니라 이건 그냥 새로 사야 하는 상태더라구요 🤣
이전 집이 재건축 들어가면서 할머니네로 이사 오게 됐는데 집 구조가 한 방으로 합쳐지다 보니까 침대를 아예 가져올 수가 없었던 거예요…?
그나마 가져온 매트리스도 스프링이 다 죽어서 자고 일어나면 허리가 먼저 인사하는 상황… 이쯤 되니까 침대에서 잔 건지 바닥에서 잔 건지 구분도 안 가더라구요!!ㅠㅠ
그래서 지금 이사 와서 매트리스 없이 사는 삶보다는 이제는 진짜 꿀잠 자는 삶을 다시 느끼고 싶어요.
아침에 일어나서 “아… 잘 잤다” 이 말 한 번만 해보고 싶다구요ㅠㅠ
잠이 바뀌면 하루 컨디션이 아예 달라진다는 말 이제야 뼈저리게 공감 중입니다 ❤",2,2025-12-29
5CiIVzOYihE,UgwMd1KnN71ut6FEC494AaABAg,@smtime8141,"1월 17일 결혼식을 올려서, 마침 알아보고 있었는데!!오오오오!!!",0,2025-12-21
5CiIVzOYihE,UgxFkVVin-YUthb5IK14AaABAg,@ahyeonmini,매트리스가 15년이 지나서 스프링이 꺼지고 강아지가 오줌도 싸고 삭았는지 잘 때마다 허리가 아픈 느낌이 들어요ㅠㅠ 엠마라는 브랜드는 처음 들어보지만 흔들림이 없고 허리를 잘 받혀줄 것 같아 수면의 질이 올라갈 것 같아용😊,1,2025-12-18
5CiIVzOYihE,UgxyDwAR_TZEhowLZSB4AaABAg,@hyelimjo9573,"와우 딱 소정님과 같은 생각으로 자연분만을 기대했거든요
근데 아이가 가로로 있어서 ㅠㅠ 제왕수술했어요
하지만!! 머유수유는 14개월 완모했습니다
출산병원에서 제 모유가 콸콸 나오기전까지만 분유먹고 완모했답니다
젖병 씻을필요도 없고 분유값 아끼고 ㅎㅎ ㅎ 젖먹이아기 데리고 해외여행가서도 그냥 가리고 수우하면 되서 너무 편했어요
화이팅하시고 출산 미리 축하드려요~~",2,2025-12-18
5CiIVzOYihE,UgxAfaifPrC9f46Aa5V4AaABAg,@o0OoOo00olilIiIiLIIILLlil0o0Oo,"뭔가를 고민한다는 것 자체가 참 부럽습니다.
 저는 결혼을 결혼도 아니야 결혼인가 할 수 있을 것 같지도 않아서.  전원 고민을 한다는 것 자체가 부러워요",4,2025-12-25
5CiIVzOYihE,UgwZjSsv_yQgZXCPdaB4AaABAg,@푸우네이니,"남편과 연애7년, 결혼4년차입니다 이번에 기다리던 아가가 저희에게 찾아왔어요! 남편은 일주일에 주간,야간 근무를 섞어서 같이 하는 직업이라 임신하고 처음부터 아가는 분리수면 계획을 세우게됬습니다. 아가를 만나기위해 초기에 나가는 금전적인 규모감당이 힘드네요..😢 매트리스 당첨이 되서 아가방에 침대하나 두고싶습니다!ㅎㅎ 참, 와이프님 순산기원드려요!
저는 벌써부터 출산이 두려운데 궁금하시다니 테토녀세요.. 그래도 아픈건 힘드니까 자연분만 진통 짧게하고 아가야가 세상에 나오길 기도드립니다!!",1,2025-12-17
5CiIVzOYihE,UgyQ-xFXTfdNJwDW4XB4AaABAg,@Cjs-e4r,"유부남님과 비슷한 시기에 결혼과 아이를 가진 유부남 입니다!
와이프가 임신 10주 차이며 호르몬 변화로 요즘 수면패턴이 무너져서인지 잠을 많이 설칩니다. 저 또한 그러구요,,
또한 신혼집이 복도식 구축이며 2년 밖에 사용안한 매트리스에 곰팡이가 피어 마침 매트리스를 알아보던 찰나였습니다ㅠㅠ
엠마 매트리스로 바꾸고 와이프와 뱃속의 아기가 꿀잠 잘수있으면 좋겠습니다!^^ 감사합니다~",1,2025-12-18
5CiIVzOYihE,UgyHgxzxuwS2VHfTWs94AaABAg,@달리-c4g,"저도 8개월차 임산부에용!
자다가 배때문에 불편해서 많이 깨고 수면의 질도 많이 떨어졌는데 플러스로 남편의 코골이까지!!!ㅜㅠ
지금은 같이 자고 있지만 아기가 태어나면  따로 잘 예정인데 이불을 깔자니 넘 딱딱하고 불편할것같고 영상에서 나온 엠마 매트리스로 바꾸면 딱일것 같아요
남편의 허리와 숙면을 위해 매트리스 당첨되길 기대해봅니당❤",1,2025-12-18
5CiIVzOYihE,Ugxe5DOH09UeyT-18D14AaABAg,@ChoHoa,안녕하세요!! 남편이랑 취침에 드는 시간이 너무 다른데 귀가 예민해서 항상 밤잠을 설치는 10주 임산부입니다😂 가장 잘 쉬어야할 시기에 밤마다 최소 4~8번은 깨니 너무 힘이드네요. 자취시작할때 샀던 가성템이라던 매트리스 여전히 가져와서 사용중인데 아기낳으면 바꿔야하나 하고 계속 미루어오던차에 이벤트 소식보고 참여해봅니다❤ 소정님 임신하시고서도 넘넘 예쁘시니 배가 크게나와도 신경쓰지마세용 ㅋㅋㅋㅋㅋㅋ😊😊,1,2025-12-18
5CiIVzOYihE,UgyTsgvYIhXlHs1Rr4x4AaABAg,@bbassak7700,자취남&유부남 항상 잘 보고 있습니다!! 벌써 보게된 지 3년은 넘은거 같아요! 10년 쓴 저가 매트리스가 아직 제 기능을 완전히 상실하진 않았지만 슬슬 바꿔야 되나? 싶을만큼 살짝 꺼진듯한 느낌이 들 때가 있네요. 내년이나 내후년에 결혼을 생각중인데 침대를 그대로 가져갈 예정인지라 좋은 기회에 꼭 참여해보고 싶어 댓글 남기고 갑니다!,1,2025-12-17
5CiIVzOYihE,Ugxnoo59wWekoo7Tl4R4AaABAg,@뿌블링,"침대가 불편해 서로 잘깨는편이라 수면의질이 떨어지고있어요 그래서 탄탄하게 허리도 잡아주고 꺼지지않고 수면의질이 높아진다니 너무 궁금합니다 써보고싶어요❤ 
자연분만 대단하세용 순산하시길바랍니다",2,2025-12-19
5CiIVzOYihE,UgzPiexFQHfuQpgCc4F4AaABAg,@octobereon,"매트리스랑 베개를 몇 년째 같은 걸 쓰고 있는데, 요즘 들어 목이랑 어깨가 자주 뭉쳐요. 잠은 자는데 잔 것 같지가 않은 느낌이라 수면 환경을 제대로 바꿔보고 싶다는 생각이 들었어요. 체압 분산이 잘 되는 매트리스와 베개로 엠마 제품이 상당히 관심이 가네요..😮",1,2025-12-19
5CiIVzOYihE,UgzlJ97Tx96NOugVBlJ4AaABAg,@스파이더spider,"안녕하세요! 자취남, 유뷰남님 영상들 엄청 보면서 신혼집 알아보고, 가전/가구 계속 정보 얻고 있는 구독자입니당! 2달 후면 신혼집으로 이사를 하는데 아직 가전, 가구를 고민만 하고 하나도 정하지 못해서 매일 매일 정보 찾아보고 정리하고 있어요! 다른 가전, 가구는 욕심이 없지만 저희가 딱 하나 꼭 좋은 거 사고 싶다고 생각한 건 바로 침대, 매트리스에요~! 집에서 가장 오랜 시간을 보내는 곳이고, 수면을 너무나 중요하게 생각해서 매트리스 고민을 엄청 하고 있는데, 하이엔드급은 너무나도 비싸고 엄두가 안나더라구요..!  소개해주신 엠마 브랜드의 매트리스와 프레임이 너무 좋아보여서 유부남님 침실처럼 신혼집 안방을 꾸미고 싶네요! 특히 저희도 무조건 투 베드 예정이라서 너무나 써보고 싶어요!ㅎㅎ 좋은 제품 소개해주셔서 감사합니당!! :)",1,2025-12-17
5CiIVzOYihE,Ugwkj2s8ins2i7hqNW94AaABAg,@doyeeeee,편하게 누워서 자는게 편하면 그냥 누워서 자면 돼요! 저 35주까지 그냥 누워서 잤어요ㅎㅎㅎ 옆으로 자는건 그냥 누워서 자기 힘들때!,2,2025-12-18
5CiIVzOYihE,UgwDW6VhNlVt58o2-Zd4AaABAg,@깝턱,"순산 기원합니다🎉 부디 자연분만 성공하실 수 있기를 ㅎㅎ 그나저나 요즘 매트리스 불편해서 고민중이었는데 마침 엠마 매트리스를 덕분에 알게되었네요! 지금 매트리스 불편한 점 너무 많지만 추려보면
1. 출근 시간이 달라서 제가 여자친구보다 먼저 일어나는데 너무 꿀렁거려서 조용히 못나옴..
2. 스프링 형이어서 허리를 받쳐주지 못하는데 평소에는 괜찮다가도 많이 걷거나 무리한날은 허리가 좀 아픔.. 
이 두 가지만 보완돼도 너무너무 좋을 것 같습니당 ㅎㅎ 이제 더 추워진다던데 다들 감기 조심하시고 따뜻한 연말되세요!",1,2025-12-21
5CiIVzOYihE,Ugzv22pNFN4H9fyfVrN4AaABAg,@Yoyocooooo,"저도 경기도에 거주하는 신혼 1년에 26주 임산부라서 반가워서 들어왔어요~ 불과 1-2주 전만 해도 배가 이렇게 불러 오지는 않았던 것 같은데 날마다 불러와서 매일 마사지기로 다리 1시간씩 풀어주고 L자 다리도 하고 자는데 이따금씩 다리가 쥐가 나고 저려서 잠에서 깨니까 정말 수면의 질이 떨어져서 다음날 출근해서도 영향을 끼치더라구요😢 신혼때 돈이 없어서 당근으로 침대랑 매트리스 한번에 구매했는데 매트리스가 너무 물컹거려서 걷지 못하고 항상 무릎으로 다니고 거기에 배까지 불러오니 허리도 너무 아파요.. 매트리스 바꿀 이유는 차고 넘치는데 한두푼 드는 것도 아니고, 물론 중고지만 1년도 안되어서 바꾸는게 맞을까 싶어서 이번 년도만 보내 보자하다가 아기용품 구매로 인해 가계부가 엉망이라 아기 낳고나서, 이런식으로 미루는 중입니다~ 이벤트 신청 하고 싶어요 간절합니다❤",3,2025-12-17
5CiIVzOYihE,UgwTh6eN8bLRJYdOxaB4AaABAg,@CR33333,"9주차 임산부의 남편입니다 ㅎㅎ
지금 쓰는 매트리스는 푹신한편인데요
영상에서 소정님이 말씀해주신 배나오면 무게때문에 물렁한 매트리스는 푹들어가서 불편하다 이건 정말 생각지도 못했는데 걱정되기도하고
또 배가 더 나오면 대충 전 이불깔고 잘랬는데 혹시나 매트리스 당첨되면 엠마는 와이프한테 깔아주고 저도 매트리스에서 잘수있으면 좋을거같습니다 ㅎㅎ",1,2025-12-18
5CiIVzOYihE,UgzhOpeUexaZXDhTCr14AaABAg,@안그래요-i4e,"아기가 태어나고 자기 침대를 두고 저희 침대로 자꾸 올라오려고 합니다. 같이 자고싶어도 매트리스가 너무 물렁해서 아기가 자기에 불안하더라구요 ㅠㅠ
또 높이도 너무 높아서 옆에서 자던 아기가 깨면 저희가 안보여서 그런지 자꾸 우네요..
아기와 조금 더 행복한 잠자리를 위해 고민중이었는데 영상에 나온 매트리스를 보니 너무 좋아 보이네요",1,2025-12-18
5CiIVzOYihE,UgxnYN5b_SewS7Ie68V4AaABAg,@LF_soyoung,"와 저도 임산부 29주라서 공감하면서 영상 재밌게 봤어요! 당근 하나씩하면서 육아용품 사고 있네요 ㅎㅎ 
저는 자취할 때 원룸에서 쓰던 매트리스 아직도 사용하고 있습니당🥹 예산부족...또르르 
이제 아가도 곧 태어나니 새로 구매하려고 매트리스 엄청 고민하고 있었거든요 ㅎㅎ
흔들림 적은 편안한 매트리스에서 자보고 싶습니돠..❤ 혹시하는 마음에 이벤트 신청해봅니당🙏 좋은 밤 되세용",1,2025-12-17
5CiIVzOYihE,UgxmZ3BWccDMXfjkHsh4AaABAg,@sprocket8662,Natural Childbirth is less painful then recovery after a C section - In love with your wife. Thanks for sharing these moments and wish you all the best.,0,2025-12-17
5CiIVzOYihE,UgzvWA1KC2CiWOOn8994AaABAg,@돌체-d9,"와 자취남아빠되네요
축하해요🎉🎉🎉",2,2025-12-19
5CiIVzOYihE,UgxEHxDOPefOrigjiAJ4AaABAg,@건물주세은-f6h,9:44 자분 2번하여 아들 둘 난 아줌마입니다. 고통을 다 겪고싶다니.... 이러다가 첫째 출산시 진통+제왕을 겪을 수 있습니다......... 부디.... 건강히 순산하시길...🙏,21,2025-12-17
5CiIVzOYihE,UgyHGQJUEcE91bR_SiR4AaABAg,@sollme0,와.. 저도 요즘 매트리스 때문에 고민인데 영상 보니까 진짜 공감 가요ㅠㅠㅠ 저는 지금 쓰는 게 너무 푹 꺼져서 그런지 자고 일어나면 허리가 끊어질 것 같더라고요.. 가끔은 자는 게 아니라 그냥 기절했다 깨는 느낌? ㅋㅋㅋ 좀 탄탄하게 잡아주는 걸로 갈아타고 싶어서 드릉드릉 하는 중입니당...,1,2025-12-17
5CiIVzOYihE,UgwrUMdMhsLLIZGLHOx4AaABAg,@리코오니,신혼 임산부인데 몸도 점점 커지고 자다가 뒤척이면서 계속 깨니까 남편한데도 미안해요ㅠㅠ엠마 매트리스로 둘다 편한 수면시간이 되었으 좋겠습니다!!,0,2025-12-20
5CiIVzOYihE,UgyQRRLQSZhV5xQkNah4AaABAg,@연보라-v3c,"이번에 결혼하게 되어 다음 달부터 신혼집에서 살게 되는데 남편이 잠귀가 밝고 예민해서 침대 두개로 생활하려고 합니다! 남편은 하드한 타입, 저는 미디움소프트 타입을 편하다고 느끼다보니 같은 매트리스 고르기도 힘들더라구요. 그리고 침대가 불편한 곳에서 자면 허리가 아파서 잠도 제대로 못 자는 경우도 있는데 유부남님 후기보고 홈페이지 설명도 보니 잘 맞을 것 같아서 댓글 남깁니다. 허리를 잘 받쳐줄것 같고 임신한 상태일 때 편해야할 것도 생각하니 저희에게 적합한 매트리스같네요☺️",1,2025-12-19
5CiIVzOYihE,Ugx7il1kWfekgpDHnc94AaABAg,@sda10508,"안녕하세요. 평생 침대를 못쓰셧던 부모님께 매트리스를 선물드리고싶어서 이벤트 참여해봅니다.

엄마는 침대를 써보고싶으신데 아빠는 굳이 안산다는 말씀으로 평생 침대를 가져본적없는 부모님인데 나이드시면서 여기저기 아파하시는데 특히 무릎과 허리의 통증을 느끼시면서 바닦에 얇은 이불만 깔고 평생 주무시는 부모님을 볼때마다 마음이 아픈데 이벤트로 받아서 부모님께 드리면 굳이라고 말씀하시는 아빠도 침대를 원하지만 아빠때문에 못써본 엄마도 너무 좋아하실거같아서 이런 좋은 이벤트 참여해봅니다!!

이런 좋은 이벤트를 해주셔서 감사합니다!❤",1,2025-12-17
5CiIVzOYihE,Ugz6aJJRhQgXjsrsSDt4AaABAg,@user-hannuri,"엠마 엠버서더 축하드립니다~~~
출산하고 육아용품 리뷰도 넘 궁금해지네요
잘하실듯합니다 ㅋㅋ
저희집은 4살딸하고 Q+SS매트리스를 붙여서 패밀리침대로 만들어쓰고있는데 두매트리스 브랜드가 달라서 하나는 탄탄 하나는 물렁한 느낌이라 엠마는 어떨지 궁금하네요 ㅋㅋ
매트리스도 물론 너무 좋겠지만 개인적으로는 베개도 넘 궁금해요...
베개 유목민이라 아직까지 만족한 베개가 읍써서요😂

암튼 주수 맞추어 건강하게 크고 자연분만으로 순산하시길요❤ 
신생아 육아가 너무 힘들고 잠도 못자고 그렇지만 또 너무예쁜 내아기가 내품에 있다는게 감동이기도 합니다~~💕

하지만 아줌마로서 자연분만 고통을 다 겪으실 필요는 업서용....무통이나 가능한 방향으로 너무 무리하지마시고 낳으시길요 ㅜㅜ홧팅입니다~! 옆에서 남편이 힘이 많이 되주셔요  진통오면 손잡고 숫자도 세주시고  격려도 해주시고 ㅎㅎ",1,2025-12-17
5CiIVzOYihE,Ugy87g8xTB2G-IoatjN4AaABAg,@79boho,"부인이 성격 넘 좋으시다~
순산하셔용!",0,2025-12-29
5CiIVzOYihE,UgwjI8fYjPW4zPM4Rt54AaABAg,@hahahohoheheh,"안녕하세요! 이번에 집에 불이 나서 가구를 모두 정리하게 되었고, 그 계기로 인테리어를 새로 하게 되었습니다.
인테리어를 준비하면서 유부남 채널을 보며 현실적인 꿀팁들을 많이 얻고 있고, 항상 도움 되는 정보 감사합니다.
마침 이번에 매트리스 광고 영상을 통해 괜찮아 보이는 제품을 알게 되어 이렇게 신청하게 되었어요.
앞으로도 좋은 영상 기대하겠습니다. 항상 행복한 하루 보내세요!
!",0,2025-12-28
5CiIVzOYihE,UgzD8I5adJ2GG_iYAb14AaABAg,@nathan716,자취남님 너무 좋아요,0,2025-12-20
5CiIVzOYihE,UgzMvSI1L1428sTJdmp4AaABAg,@햬힝,"안녕하세요! 항상 영상 잘보고 있습니다!!

이번 영상을 보면서 매트리스를 바꿔드리고싶다는 생각이 들어 이벤트 참여합니다~ 

최근에 아버지가 퇴직을 하셨지만 다시 일을 하시면서 허리가 안좋아지셨는데 최근에 바꿔드린 매트리스가 저가형 브랜드라 그런지 생각보다 허리를 잡아주는 느낌이 없다고하시더라구요ㅠㅠ 그래서 이번기회를 통해 매트리스를 써볼 수 있는 기회가 주어진다면 사용해보고 제 매트리스도 바꿔보려구요! 꼭 써보고 싶습니다 :)

항상 좋은 영상 만들어주셔서 감사합니다 :D",1,2025-12-17
5CiIVzOYihE,UgzXbfGYiU6wUVCCne14AaABAg,@lililiiiill,대단하시다 ㅋㅋㅋㅋㅋㅋㅋㅋㅋㅋㅋ 천벌의고통을 위해,0,2025-12-24
5CiIVzOYihE,UgylsSA9R6qrSaR4hmp4AaABAg,@smp2764,"매트리스가 몸에 맞지 않은지 요즘 들어 꺼진 건지 허리가 아프기 시작했는데, 마침 이 영상을 보게되었습니다.😂
한 번 경험해보고싶은 매트리스네요!",0,2025-12-21
5CiIVzOYihE,UgzJCXe-gUDFpUTlGI94AaABAg,@hyobinibinii,"소정님 기다리고있었는데 너무 오랜만이에요!! 소정님도 아이도 건강하게 순산하길 기도할게요🙏
1인 가구라서 자취시작할땐 원룸 옵션 침대에서 시작해서 그리고 해를 거듭하다가 이제 옵션이 없는 전셋집으로 이사하며 가구, 가전 구매하게 되었는데 큰돈들이지 말자!하며 당근에서 구매했던 매트리스를 4년가까이 쓰니 스프링이 꺼지더라구요. 내년에 전세 만기로 이사를 앞두고 매트리스를 바꿔야겠다 생각하고있었는데 영상에서보니 제가 자취시작하며 수많은 매트리스에 누워보고 느끼며 생각한 매트리스의 조건을 너무 잘 충족하는게 엠마매트리스같아서 사용해보고 싶어요!",1,2025-12-17
5CiIVzOYihE,Ugw0povqaZBAOGKKQtl4AaABAg,@MaSsanSC,매트리스랑 베개가 5년이 되었는데 너무 푹 꺼져서 아침마다 허리가 뻐근해요. 영상에서처럼 꺼지지 않는 편안함을 느껴보고 싶어요! 자고 일어나도 개운하지가 않아서 바꾸고 싶은데 엠마 매트리스 너무 궁금하네요!,1,2025-12-18
5CiIVzOYihE,UgyPZ-N5bVbX5MKEBCt4AaABAg,@0111cherry,저도 육아맘인데 강아지 키우고 싶어도 아기 기관지에 안좋아서 안키우고 있어요. 털관리 잘 해주세요😂😂,1,2025-12-17
5CiIVzOYihE,Ugzk8iX06ZTQ3i3QB9F4AaABAg,@차사고싶다,안녕하세요! 5년 연애끝에 내년 4월에 결혼하는 예비신혼부부입니다! 이제 3주뒤에 신혼집을 먼저 들어가게되는데 가전은 갓 졸업했고 가구를 고르고있습니다ㅜ 자취남님이 써보시고 만족하시는 매트리스라면 저도 꼭 써보고싶습니다!!!,0,2025-12-28
5CiIVzOYihE,Ugw_zkFJE5P8atzzlMJ4AaABAg,@단위90일,"자취남 유부남 통틀어서 최애 컨탠츠 자컨 
자주 올려주세요",0,2025-12-20
5CiIVzOYihE,UgypZ6lto4Rm9ZV57FN4AaABAg,@tnsrlfdu,분업이 잘된 듯한 ㅎㅎ❤❤😂,2,2025-12-17
5CiIVzOYihE,UgxjGvpRxOME_hB7FJV4AaABAg,@전현배-l9n,조리원 가셔서 쿠팡 로켓배송으로 그때그때 사면 됩니다~~,2,2025-12-18
5CiIVzOYihE,UgyIxNbJTl95uiQJsdB4AaABAg,@bah7024,"결혼준비하면서 유부남 채널 많이 보고 있었는데 마침 매트리스 리뷰가!!! 😆👍👍 
3년사용후기에 매번 도움되는 정보 알려주셔서 감사해요❤ 
내년 2월에 예랑이랑 새집에 들어갈 예정인 예신 이벤트 신청해봅니다🤗 
이제 가구만 졸업하면 되는데 둘 다 허리가 안좋아서(예신은 디스크, 저는 올해 허리가 크게 삐끗해서 치료받았어요ㅜ) 매트리스가 고민인 상황이에요🥲 
각자 집에서 쓰는 매트리스는 저렴한 상품이라 꺼짐도 있고 허리를 단단하게 받치는 느낌이 없네요ㅜ
 신혼가구 알아보는 김에 좋은 걸로 바꾸려고 알아보고 있었어요🤔 

임산부가 써도 편하다면 내내 앉아서 일하는 직장인 2명에게도 좋을것 같아 기대가 큽니다😆 

다음엔 엠마 매트리스, 베게 매장 체험 영상도 올라오면 엠마가 생소한 사람들에게 더 많은 도움이 될 것 같아요! 

소정님 순산하시고 자분,제왕절개 리뷰가 기대할께요!! 유부남&자취남 화이팅🎉🎉🎉",1,2025-12-17
5CiIVzOYihE,Ugy0Dyz2wFcyxRXa7Mp4AaABAg,@o_o1122,"안녕하세요! 최근 취뽀하게 되어 이사 예정인 20대 룸메입니다~
이전까지는 원룸이나 기숙사에 옵션으로 딸려 있는 메트리스만 사용해봤습니다. 젊으니까 괜찮겠지 생각하고 돈 좀 아껴보겠다고 있는 거나 잘 쓰자 싶었는데, 취준하며 앉아있는 시간이 길어지며 허리디스크가 터져 고생 좀 한 뒤로는 생각이 바뀌어버렸습니다😂😂 지금 사용 중인 것도 물렁한 메트리스인데, 역시 허리를 제대로 지지해주지 못하니 오랫동안 누워 있으면 통증이 있더라고요. 

아무튼 하루의 1/4 이상을 보내는 공간인데 너무 안일하게 생각했나보다 싶어, 이사 간 집에서는 좀 더 편안하고 좋은 메트리스 구매를 위해서 알아보고 있었습니다! 소개해주신 엠마 메트리스는 에어그리드 기술로 신체를 적절하게 지지해주는 효과가 있다고 하니 허리 건강에도 도움이 될 것 같아 사용해보고 싶어 이벤트 참여하게 되었습니다!!

아무쪼록 소정님의 순산을 기원합니다…!!!!!! 산모도 아이도 건강하게 화이띠잉",2,2025-12-18
5CiIVzOYihE,UgxaAGGiXK5V6RiBl-Z4AaABAg,@jinny_yun,"ㅋㅋㅋㅋㅋㅋㅋ와이프분 저랑 생각이 똑같으시네요!! 저두 진통이라는걸 느껴보고 싶어서 ㅋㅋㅋㅋ 예정일 지나고 아기가 너무 커져서 제왕절개하게 될 걸 알았지만 유도분만했습니다 ㅋㅋㅋㅋ 결국 실패하고 응급제왕했지만요 ㅋㅋㅋ 진통 진짜 미친고통인데 한번쯤 경험해보는거 괜찮은 것 같아요 ㅋㅋ 다른 고통에 의연해진달까요,,, 모유수유도 온가족이 분유수유하라고 하는데 저혼자 울면서 모유수유 50일째 강행중입니다 ㅋㅋㅋ 힘들어도 할만해요~~",0,2025-12-23
5CiIVzOYihE,UgyDc_9PWUxZGC_MepR4AaABAg,@morning-d5k,"모유수유가 아무래도 아이와 엄마 둘다에게 좋다하네요
그리고 훨씬 더 편해요
엄마만 있으면 되는데 분유를 먹이면 소독해야지 온도 맞춰야지 우유병 몇개를 가져가야 하나등 집에서도 밖에서도 짐이 엄청나요
그리고 밤에도 우선 일어나야 하니 잠도 다 깨어버리고...",1,2025-12-17
5CiIVzOYihE,Ugxoq3oNhjqz5foV5WV4AaABAg,@echo523,반려견 놀이터 너무 좋네요,1,2026-01-10
O2nEQPUaEhE,UgzNJyVR6b8PAeNvxQh4AaABAg,@작누댁,"드디어 가전 졸업❤ 손품발품 겁나게 팔고 정리한 10가지 꿀팁입니다ㅋㅋㅋ 여러분들도 꿀팁 알면 댓글로 공유해주세요!
여러분들은 무더운 여름 어떻게 지내고 계시나요?
저는 요즘 신혼집 입주 준비로 정신없는 나날들을 보내고 있어요!  가전 졸업 후 이제는 인터넷TV랑 정수기 어디서 하면 저렴한지 손품 엄청 팔고 있네요ㅋㅋㅋ또 좋은 정보 알게되면 공유할게요!",24,2025-07-31
O2nEQPUaEhE,UgwWlkMi4SSNt9-cFGR4AaABAg,@무브건-l7x,좋은정보 감사합니다. 저도 댓글은 잘안쓰는데 여긴 도움이 너무많이되어서 남기고갑니다^^ 😊,3,2025-12-03
O2nEQPUaEhE,Ugy82s1G7fRi1BtpV7x4AaABAg,@토브-k4h,"와~ 수없이 검색했지만 대부분 뒤에선 광고,홍보,뭔가 목적이 있는 영상들이라 진짜 힘들고 지치고 있었는데, 단비와도 같은,
실질적인 꿀팁 영상
엄청 도움 됩니다
진짜 감사해요~^^",2,2026-01-11
O2nEQPUaEhE,UgzBp1KMxx7yFr7YBLN4AaABAg,@ianna7877,다른영상도 많이봣는데 이게제일 도움되엇어요 ㅋㅋ 감사합니다🎉🎉,4,2025-10-13
O2nEQPUaEhE,Ugydl2J0VlcW3ADp-gx4AaABAg,@3SumSum3,엘지는 369 순인데 삼섬은 35811 순으로 품목할인이 좀 다를수있어요,9,2025-08-01
O2nEQPUaEhE,UgwYBBmwirHo9zUrrQd4AaABAg,@철수김-e6l,좋은 정보 너무 감사해요! 처음 알아보는데 이렇게 깔끔한 정리 영상이 없어요~~,0,2026-02-20
O2nEQPUaEhE,UgyRWYS1UYj_bjXGqCh4AaABAg,@정스-s7l,너무 좋은 정보네요 감사합니다,2,2025-08-01
O2nEQPUaEhE,Ugy_qEUh1Qt3tWEBxpR4AaABAg,@dabinkim659,너무 도움되요 정말 ㅎㅎㅎ 감사합니다! 그리고 다른데서 뵌 거 같은데 어머니랑 진짜 닮으셨어요 😊,0,2026-03-02
O2nEQPUaEhE,UgwIdk7gKBwQKBE22Kd4AaABAg,@풍경소리-s8o,감사해요~^^ 이쯤이면 남편분이 콘텐츠 하나 찍으셔야😂,1,2025-09-04
O2nEQPUaEhE,Ugy0P9db2LH7JSIMS954AaABAg,@powmark626,"작누덕 톡톡히 보네요. 몇년전에 우연히 거누파파 구독한 나를 칭찬해. 이게 이렇게까지 도움이 되다니!!! 덕분에 결혼 자금 견적도 잘 받았고, 이 영상 꿀팁으로 신혼 가전 잘 준비 할 수 있을 거 같아요 감사합니다!!*^^*",1,2026-02-19
O2nEQPUaEhE,Ugz02B-t4cz1XxLdlr54AaABAg,@nana-e8i,작년에결혼하고 가전을하나도안사봐서 아무것도모르는 데  내년에 신축입주예정이어서 영상이 너무 도움되었어요 ㅎㅎ 손품발품 잘 팔아보겠습니다 또 좋은정보 알려주세용 ㅎㅎ,0,2025-08-01
O2nEQPUaEhE,UgwCSeJG3vah3gOXjR94AaABAg,@박정수-o7z,와우 정보대단히 감사합니다..저희도 내년 입주라 고민하고 있어는데..,9,2025-07-31
O2nEQPUaEhE,UgzAsQCo-jYEpdAEYL94AaABAg,@jadu_2,받은 견적에 어떤품목이 포함되어있는지 궁금해요 ❤️❤️ 작누댁최고 ㅎㅎ,2,2025-08-14
O2nEQPUaEhE,UgxMfP53o9oDXRXFVOB4AaABAg,@petermoon8891,작누님 너무 감사~~~ 좋은 내용 많은 도움 되엇어요~~~~,2,2025-07-31
O2nEQPUaEhE,UgyCiuDin1IJ5q7TJ_t4AaABAg,@삼남매별님,"안녕하세요 
혹시 에어드레서는 어떤 모델 사셨나요?
상품 찾기가 어려운 1인입니다
ㅜㅜ",0,2025-08-14
O2nEQPUaEhE,UgyywvK-hohGx0E7bch4AaABAg,@초응r3y,너무 좋은 정보를 꼼꼼하게 하나하나 알려주셔서 좋아요 ㅎㅎ ❤ 다른 영상들도 보니 알려주시기 어려운부분도 다 알려주시고 감사합니다 ㅎㅎ,0,2025-08-17
O2nEQPUaEhE,Ugznj3COTW_2ZFclT7h4AaABAg,@다잇소-i9x,진짜 좋은 정보 감사합니다!!,2,2025-08-13
O2nEQPUaEhE,UgyIGCMkT_-dsp0rsUJ4AaABAg,@schnider1399,하이마트 웨딩과 오픈 혜택 동시에 해줌,2,2026-02-12
O2nEQPUaEhE,UgxpXpqW0udRPXp2D5h4AaABAg,@lim-vy8dr,"오프라인 3.6.9 할인받아서 사는거랑
온라인 견적 차이가 많이 나나요?",0,2025-08-13
O2nEQPUaEhE,UgyRPoeaBuykgoskfih4AaABAg,@잠꾸러기-y3h,"품목 
티비, 냉장고&세탁기, 냉장고, 스타일러
이렇게 총 네개 사신건가요?",0,2025-11-30
O2nEQPUaEhE,Ugw4M9yn8IdBD7y-K-14AaABAg,@dpnlbb,12월에 입주하는데 넘 도움됐어요 꿀팁감사!,0,2025-08-04
O2nEQPUaEhE,Ugx9cdZQ4V2ozi3Ltz94AaABAg,@레밍-i4c,어떤 제품들 사셨는지 알수있을까요?:),0,2025-12-07
O2nEQPUaEhE,UgxN4epAYDKI6obysad4AaABAg,@김군식-h9n,작은누님 항상 행복 한일들만 가득하길 응원하겠습니다,9,2025-07-31
O2nEQPUaEhE,UgzFzeYQKQjUFsixkYB4AaABAg,@앵이-l1q,똑순이작누님❤,0,2025-07-31
O2nEQPUaEhE,UgxT99w8SLo7BVtra2p4AaABAg,@온다겨울이,"저희도 이사때문에 가전알아보고 있는데 살것들이 3개이상이긴한데, 온라인으로 단일품목으로 사는게 그래도 저렴하지않나요? 오프라인에서 할인을 이것저것해줘도 온라인가랑 오프라인가가 너무 차이가 나던데 보통..",1,2026-05-19
O2nEQPUaEhE,UgxETYf7PophknbSA8F4AaABAg,@ddkk3035,"제가간 엘지매장은 품목할인 4,7,10이라던데요ㅠ",2,2025-08-19
O2nEQPUaEhE,Ugx2NJQNMukzEpPc8V14AaABAg,@Betterthan88-f6i,저도 하이마트에서 같은 모델 하고 세군대 했는데 천만원 안들고 가전 했어요 받을수 있는 할인 다 받은듯요,0,2025-08-14
O2nEQPUaEhE,UgyG-5ra-RNboZlUIZ54AaABAg,@란다우플렉서,"혼수가전했는데 인터넷으로구매하는게 제일 저렴하겠지했는데
한번 오프라인발품도 팔아보자하면서 다섯곳 방문했는데 
전자랜드 하이마트 갔다가 피보고 그냥 백화점갔습니다 최종적으로 
체감금액자체는 
백화점에서 @130만원자체가 증가했지만@
김치냉장고 냉장고도 최상위모델
티비도 최상위모델 
세탁기도최상위모델로 
바꿨습니다.

다제껴두고 티비 한가지만 따져도 다나와최저가비교해보면 
금액이 200만원차이입니다 . 
다나와에서 최저가 차이가 이정도면
 다른것도 다 계산해보면 말다했죠? 

저는 하이마트나 전자랜드에서 그기능까지 되는지알고 
견적내면 
외관은비슷하니  이기능이들어가있으면 저기능이빠지고 
저렴하게보일수있겠금 일부로 기능 빠진 애매한제품보여주고 
그 기능있는걸로달라고하면 없다고 다른제품으로 회유하던가
설령있어도  금액이 많이올라가더라구요 . 


무조건 백화점에서사세요 . 
 이번에 결혼하면서 발품팔아보고느낀건데 
무조건 그냥 백화점입니다 애초에 응대자체도 엄청달라요 .

견적은
뒷자리 다제거하고 이야기할게요  
프리미엄모델로
 백화점 공시가  30,000,000만원
다나와에서 최저가 다검색 해보니 22,000,000만원 정도 ,
백화점에서 받은 사은품 중고다처분하고 , 백화점상품권 ,즉시할인 이런거 다 집어넣으면

다나와 최저가 22,000,000원보다  7,000,000만원 저렴한 
백화점에서 15,000,000원 정도에 구매한셈이네요 .",2,2026-02-15
O2nEQPUaEhE,UgxOL8sIcfa8ADPLPwp4AaABAg,@J.E-y9y,전기밥솥은 어디서 사셨나요,1,2025-08-05
O2nEQPUaEhE,UgxHRN5n4ownUkWTJx14AaABAg,@3004아레카,현명하시네요  늦었지만 결혼 축하해요,0,2026-01-28
O2nEQPUaEhE,Ugy_FsiJf9111_5TZ114AaABAg,@Jjjj-hh,세화님 혹시 가전 몇개사셨어요?.......,0,2026-05-26
O2nEQPUaEhE,UgzBLxtjIX7_eOxXDqp4AaABAg,@Studyforyourfuture2026,작누님이랑 예랑이분 모두 엄청 똑부려져서 정말 잘 사실것 같아요 !! 😮❤😊,3,2025-07-31
O2nEQPUaEhE,UgybawmAdu4S18QtvoN4AaABAg,@강지나-c7m,"카드를 계속 만들어서 사라고 ,구독을 하라고 하는데  맞는건지",0,2026-05-21
O2nEQPUaEhE,Ugx8vin3JN3y5fIoAa14AaABAg,@유무-r6x,안그래두 요즘 가전투어 다니는중인데 요런 소중한 정보라니...! 너무너무 감사해요🥺댓글은 처음이라 눚었지만 결혼 축하드려요오..🩵,0,2025-07-31
O2nEQPUaEhE,UgxPCSaiPKlRdKkXVI54AaABAg,@욤둥둘리누나,진짜 진짜 넘넘 도움되었어요!!!,1,2025-07-31
O2nEQPUaEhE,UgyEJ2EFDF0gjAwYZCt4AaABAg,@jkjk9887,"tv는 쿠팡쪽 싸긴한데 코드넘버 자세히보면
사실상 백화점이나 다른 오프라인 매장보다
급 낮은 종류를 싸게팔고있음.
사실 집에서 한대만 놓고 보면 화질 민감하지 않으면 잘구분도 못할테고 예능정도만 본다고하면 쿠팡에서 사면되지만
티비로 게임하거나 영화를 좀 더 질적으로 보고싶은사람은 오프라인에서 견적받는게 좋아보엿음",1,2025-08-18
O2nEQPUaEhE,UgwoHhDOIR6MJKNc2al4AaABAg,@kalli1234,저는 대명장 믿고 바로 질렀네요 가전도 하나하나 공부하기 어려워서 웃돈좀 주고 산다 생각해서 권유받은 제품들로 골랐네요,1,2025-12-04
O2nEQPUaEhE,UgzrDzS1-qlChZdmRKl4AaABAg,@가덩걷,어려워 ㅠㅠㅠ,0,2026-05-18
O2nEQPUaEhE,Ugy1sGaeEjy_KTInl554AaABAg,@쭈쭈-p7n,매장에 진열된 것들은 거의 비싸기만 한 것들..   다나와 사이트에  모든 제품들 가격비교 되어있고 노서치 유트브에 제품들 종류별로 정리되어 있어요.  내게 필요한 사항으로 저렴이 찻는게 제일 이득.  오프라인은 마진때문에 넘 비싼 고사양제품 위주로,17,2025-07-31
O2nEQPUaEhE,Ugwnl6ZXfgzHcpv90Ul4AaABAg,@user-wt4mu9ei4u,"3년전 아파트 입주하면서 전 가전 다 바꾸면서 여러곳에 발품 팔러 다녀서 구매했어요.
백화점, 베스트샵, 하이마트, 전자랜드, 트레이더스 가전매장, 입주박람회에 들어온 LG, 삼성 등등...
소문에 새로 오픈하는 매장에 가면
할인율이 높다고해서 오픈하는곳 물색해서 타지방까지 견적내러 간다는분도 계셨는데 그때 당시 운이
좋게 가까운곳에 NC백화점이 오픈하고
하이마트가 입점한다는 소식에 여러곳
견적내고 기다리다가
오픈날 진짜 빠르게 가서 견적을 뽑고
비교해보니 소문이 진짜였어요~!!
같은 사양으로 가격은 진짜 저렴하게
잘 구매했습니다. 물론 제휴카드 할인이 들어갑니다. 하지만 다른곳도 마찬가지인데 오픈 매장은 좀 더 할인율이 높았어요. 가전은 한 가지씩 단품으로 구매할땐 온라인 최저가로 구매하는게 답인것같고 여러가지 한번에 구매할때는 발품 팔아서 여러 매장 비교해서 충분히 견적을 보고 구매하는것이 답이었습니다~^^",17,2025-08-02
O2nEQPUaEhE,UgxjrSTuhVR0ZMRf1nR4AaABAg,@이상윤-g8f,"하이마트랑 백화점은 제품 자체가 틀린모델이던데....   품번도 살짝 틀리고  오히려 백화점 모델은 찾으면 더 비싸지거나 없다고 하더라고요
제가 잘못 알고 있는걸까요?",2,2025-12-19
O2nEQPUaEhE,Ugw8IaWYIjyfz-1OADZ4AaABAg,@운윈,"세화님 이 영상이랑은 상관없는건데요,, 세화님 10키로 정도 빼셨다 들었는데 어떻게 그러신건지 궁금해요! 저는 지금 20대 초반인데 저도 세화님처럼 모태 소식러인데 대학와서 살 찌고 막 배부르게 먹고 그래서 살이 10키로 쪘거든요..😢 시간 지나면 자연스럽게 빠지는건지.. 세화님의 다이어트 흐름이 궁금합니다!",1,2025-08-18
O2nEQPUaEhE,Ugw8qFCjAIgYTSmF5ll4AaABAg,@한솔이네-g4b,이래서 미개봉 새제품 매물이 나오는거군요,0,2026-06-01
O2nEQPUaEhE,UgwFqnPtmHYX30xU9-R4AaABAg,@hee1670,"내년 4월 딸 결혼식을
앞둔 엄마에요~
똑띡이 작누님 덕분에 딸 고민이 줄어들것같아요^^
귀에 쏙쏙 들어오는
정보 감사드리며
두분 행복하세용🩷
축하드립니다🎉",0,2025-07-31
O2nEQPUaEhE,UgwfevOJ8wJVaJkAPIR4AaABAg,@겨자와사비-u2x,온라인이젤쌈.....,1,2026-01-06
O2nEQPUaEhE,UgyI--93GltAhBOja2d4AaABAg,@쭈쭈-p7n,"가전에 넘 비싼돈 들일 필요없어요. 100마넌짜리 냉장고를 나거나 300짜리 냉장고를 사거나.  처음에만  감흥이 있지,,  쓰다보면  다 그게 그거임.
비싼거 살 필요없어요",7,2025-07-31
O2nEQPUaEhE,UgzrMQCzU5AEZZQOkpR4AaABAg,@Elizabeth-sb1ts,혹시 티비 모델명 알 수 있을까요?,0,2025-08-05
O2nEQPUaEhE,UgwtYjQHcW0MV5Vsp754AaABAg,@3dpendietcreativ153,"엘지베스트샵  엄청 비싸요 정수기도 315만원에 팔고  tv도 올레드 82인치 추천하더니 900만원에 팔고 인덕션도 300만원에 팔고 식기세척기도 12인용 필요한데 12인용 단종됐다고 14인용으로 팔더라구여, 하이마트는 중소기업 부터 대기업 짬뽕인데 이것도 임대료인건비포함 이라 비싸더라구여
9품목 맞춰서 갔는데 베스트샵은 2500만원 내가 내야 하는 돈이고 하이마트는 2000만원  온라인은 1000만원이면 됐어요",2,2025-08-18
O2nEQPUaEhE,UgyvHufFlbwSnxsR4Rl4AaABAg,@suwon7671,"베스트샵 일했던 직원이였는데, 혼수 1900만원 견적 쿠팡에서 1200에 해결했습니다^^",6,2026-02-08
O2nEQPUaEhE,UgzaehnlnukoPuNrcWV4AaABAg,@김용희-w7u,야무지네,1,2025-08-03
O2nEQPUaEhE,UgxEQTwBomNtJS6WTJR4AaABAg,@우재현-d3s,"현직 직원이 팩트체크 해드리면 반은 맞고 반은 틀립니다.
7군데 돌아다니면 기름값이랑 부대비용이 더 나올 듯 합니다;;
팩트는 일반 고객들은 발품팔아도 거기서 거기다라는 것;;
직원들이 사야 제일 쌈😂😂",3,2025-12-19
O2nEQPUaEhE,Ugxpd2EIHsEi6gIeGpZ4AaABAg,@크크-t3m,"LG전자 공홈
LG 디오스 AI 오브제컬렉션 냉장고 832L 131만원
LG 통돌이 세탁기 17KG 54만원
LG QNED 65인치 127만원
공홈에서 사려고 했는데 좀 저렴한 제품들도 3개 구성으로 발품 팔면 좀 싸게 살수 있나요?",2,2025-08-23
O2nEQPUaEhE,UgzT2Rwfagp7LTlxcMZ4AaABAg,@김경미유튜브,ㅈㅏ가로가나요. 전세요…?,2,2025-07-31
O2nEQPUaEhE,Ugx36YJBCw4SEPD0JE94AaABAg,@tv-pv6xe,신혼집은 어디로 했어요?,2,2025-07-31
O2nEQPUaEhE,UgwPkFvsk4t12uUZMcJ4AaABAg,@행동하는양심,매장 가실꺼면 기업 직영점 말고 개인대리점 가세요 무조건 몇백만원 더 쌉니다,3,2025-10-31
O2nEQPUaEhE,UgwqAjtDMJ5QxWVoOwV4AaABAg,@eunji5969,가전 고민이었는데 좋은 정보 감사합니당~!!,0,2026-02-19
O2nEQPUaEhE,Ugyvc2iADl5KqsXu28V4AaABAg,@조지은-f9l,가전발품예정인데 좋은정보 너무감사해요👏🫧🫶🏻,0,2025-08-02
tgaJqJIGXho,UgzvQQsFkYLLmHgv95V4AaABAg,@SEBE1230,정말 참고가 많이 되었습니다. 두분 정말 행복하신 것 같아 부러워요,6,2024-10-06
tgaJqJIGXho,Ugyb3u3UhE2ETPDA_wJ4AaABAg,@yeonheepark1215,신혼 가전가구 돈 많이 쓸필요없는 것 같아요. 남친 자취방에서 쓰던 세탁기 / 쇼파 / 테이블 /냉장고 그대로쓰고 티비 아빠가 사은품으로 받은거 그대로 쓰고 침대랑 김치냉장고만 새로 샀는데 만족이유 ㅋㅋㅋ,13,2024-09-19
tgaJqJIGXho,UgxfXQnrlRwVJKh86md4AaABAg,@a2_kr,"저는 삼성 세탁건조기 사용하고 있는데 진짜 삶의 질 말도 안되게 폭풍 상승입니다!!!
그 전에는 세탁기만 사용하고 있었는데 빨래 너는 게 너무 스트레스고, 날씨 안좋거나 할 때는 냄새 날까 걱정 됐었는데
건조기 성능도 너무 좋고 세탁 기능도 각종 다양하게 다 돼서 너무 편하고 좋아요
세탁만 하고 싶으면 세탁만 하면 되고 세탁 건조 다 하고 싶으면 돌려두고 외출해도 되고, 구김방지 모드가 있어서 건조 후에 바로 꺼내줄 사람이 집에 없으면 구겨지지 않게 몇 분에 한번씩 통을 돌려줘서 구겨지지도 않아요!
이걸 사용해본 후에는 세탁 건조기 따로 있는 분들은 불편한 점이 너무 많겠다는 생각이 들정도로 너무너무너무 만족+추천합니당",57,2024-09-08
tgaJqJIGXho,Ugwe1_fN3ErRr2w8DDN4AaABAg,@xq781,안녕하세요 너무너무 잘 보고 있는 구독자입니다! 저도 전에 한참 스마트 홈 구축하는거에 꽃혀서 이것저것 찾아봤는데 꽤 복잡하더라구요... 스마트홈 구축 관련한 상세 영상도 제작해주시면 넘 좋을 것 같아요! 갓생 파이팅!!,10,2024-09-15
tgaJqJIGXho,Ugwd6BTNJ0iZr5YKq9x4AaABAg,@이응이-t5j,세탁기에 빨래넣어두고 출근하고 퇴근전에 어플로 세탁돌려요. 집에 도착하자마자 건조 돌릴수있게ㅎㅎ,25,2024-09-21
tgaJqJIGXho,UgxnpgJ1hKfaJrJn1614AaABAg,@지영한-u4z,"세탁건조기 쓰는데 너무 좋습니다~ 
아침에 세탁물 넣어놓고 점심때쯤 스마트띵으로 돌리고 퇴근하면 세탁건조까지 끝~! 결혼전 워시타워 썻는데 확실히 다름",13,2024-09-14
tgaJqJIGXho,UgwMDlnrnw7nUhVutG94AaABAg,@genyl7757,일체형 고장 엄청 많이난대요.. 아직은 절대 사지마세요,19,2026-03-15
tgaJqJIGXho,UgydN7WdpCLyEywBiqR4AaABAg,@GoHomeSing,후기 넘 감사해요~,3,2024-11-22
tgaJqJIGXho,UgxMBREj7CZY78kBrT14AaABAg,@dy_ddy,역시 필요한가전추천해주시는게 최고,0,2025-08-10
tgaJqJIGXho,UgyRlPUaEhSnUFKJwNJ4AaABAg,@kitcheninurek,"영상 잘 봤습니다!!
혹시 영상에 잠깐씩 나오는 아이패드 키보드 케이스
정보 좀 알 수 있을까요??",2,2024-10-10
tgaJqJIGXho,Ugw9Y_RWQZOSmyDP3fx4AaABAg,@soulj6541,안녕하세요! 오너스님! 영상감사합니댱 그런데 거실 장은 어떤 브랜드일까요?,5,2024-09-10
tgaJqJIGXho,UgwYG_l70LAdDHnKmGh4AaABAg,@GPOP88,"매지캔도 비추입니다!
5년가까이 써봣는데
너무 밀폐가 잘되서 습기가차고 거기로 초파리들이 애벌레 한번까면 벌레생산소가 됩니다..ㅜㅜ
그냥 10L짜리 자주버리는 쓰레기통 사세요!",35,2024-09-19
tgaJqJIGXho,Ugw-yZR9Bwzvg74voaF4AaABAg,@윤서니당,"비슷하네요 
맞벌이 결혼 4년차 

세탁건조콤보 로봇청소기 침대매트 쇼파 음식물처리기 식기세척기 스텐바이미 침대매트 좋은거 쇼파는 침대랑 비슷한 강도의 쿠션 
작업실 책상 의자 
만약 처음으로 돌아간다면 다 한번에 구매할꺼임 
살면서 바꾸고 추가한 제품들인데 이제는 없으면 안되는 제품들임 

밥솥은 개인적으로 필수
초반에 햇반만 먹어도 되겠지 했는데 
햇반은 역시 밥솥밥을 대체못함 
반찬도 사먹어도 밥은 집에서 해먹음 확실히 밥맛이 다름",6,2025-05-09
tgaJqJIGXho,Ugx5sXpreZYsFresSLp4AaABAg,@yeonish8594,영상 볼 때마다 느끼지만 진짜 허례허식이 없으신 것 같아요. 연륜이 쌓일수록 더 멋진 인생을 사실 듯😊,15,2024-09-09
tgaJqJIGXho,UgzuRGxvXNeN8YEZ-Z94AaABAg,@JasmineKR681,세탁기도 시간 예약해서 돌리면 돼요! 퇴근시간 쯤에 세탁 끝나게 해두면 집에와서 건조기만 돌리시면 된답니다!,22,2024-09-10
tgaJqJIGXho,UgywLoH5LqqmxE2paQh4AaABAg,@후추후추-y1l,"안녕하세요 혹시 신혼부부 가계부 어플이나 pc에서 관리하는 방법 공유해주실수 있을까요?

저번에 틱틱어플 소개해주신 뒤로 제 인생어플이 됐어요",1,2024-09-11
tgaJqJIGXho,Ugy4fgoAy50Jag6lF2J4AaABAg,@ssson1827,"영상 보면서 피아바란 제품도 처음 듣게 되네요 제 기준에선 한샘 까사미아같은 제품이 비싼 거 같은데 하하 저도 이사해서 오늘의 집 같은 데서 구매 중인데 제일 만족스러운게 30만 원 상당의 카페트예요 그리고 커튼도
집안이 아늑하고 너무 고급스러워요",3,2024-09-13
tgaJqJIGXho,Ugy2T42divHqTfjyHsh4AaABAg,@raemido3269,식탁의자 정보 알려주실수있나요?,9,2024-09-26
tgaJqJIGXho,UgyZEr1aZ36FFIZXJtd4AaABAg,@ihhyk,흰빨래 수건 일반빨래 나눠빠느라 세탁이랑 건조 동시에 수행할때가많아서 전 따로있는게 더좋은것같아요!시간절약되서넘죠음..,3,2024-10-22
tgaJqJIGXho,UgzdyMlksYpIHEdeNWF4AaABAg,@cgram_,혹시 화장대는 따로 쓰시는거 있으실까용 ?!,1,2024-09-16
tgaJqJIGXho,UgytuMib6YhpIA1gkYR4AaABAg,@denike-11,"17:50 이거는10000이나 20000암페어찌리 보조배터리 사서 연결 하면, 한 3~6개월 충전 안하고 쓸수 있어요 ㅎㅎ 너무만족합니다",3,2025-10-04
tgaJqJIGXho,UgwxabfdjCR1HELA3uF4AaABAg,@reil832,"피아바 피어 ㅜㅜ 계속 고민중이예요 ㅜㅜ 사각이냐 원형이냐 ㅜㅜ 
조언 부탁드려여 😢",0,2025-01-22
tgaJqJIGXho,UgyJW-SL3XItRdamTKl4AaABAg,@Sophnet-h9m,댓글 달고 감상합니다!👍,2,2024-09-08
tgaJqJIGXho,Ugy9hC5tPJD9z2_QoEZ4AaABAg,@user-mtdladaa28,신혼템 경험 후기 너무 유용해요☘️ 잘봤습니다!,12,2024-09-08
tgaJqJIGXho,Ugwnx66cGQFgMKdtqw14AaABAg,@ES-n2w,17:12 그럼에도 불구하고 잘 쓰시는 조명이 있으신지 궁금해요 :),0,2024-09-08
tgaJqJIGXho,UgzKos5vvvrLXue62eF4AaABAg,@user-o6c2r,스마트 휴지통 충전은 보조베터리로하면 편해요,0,2024-12-20
tgaJqJIGXho,UgyrLbkLpFmrvwmVNzd4AaABAg,@g.k3568,"조명은 일일이 끄고켜는거 귀찮아서 안쓰게 되니까 꼭 iot전구 알리에서 사서 써야합니다
구글로 시나리오별로 취침모드 일상 독서모드로 해서 커튼이랑 같이 제어하면 집분위기도 살고 유용하게 쓸수있어요
저는 저녁식사이후에 쉬는 시간엔 형광등끄고 간접조명으로 바꾸는데 그때 눈도 편안하고 좋더라구요",67,2024-09-08
tgaJqJIGXho,UgwTevs9W8g3o2xH1Ul4AaABAg,@이유유-l4l,일체형 세탁콤보 쓰는데요 넘좋아요!!,0,2026-04-21
tgaJqJIGXho,UgwiZLPIhF1v1qnvbxR4AaABAg,@hankookKfoodie,넘 잘봤습니당 지금 앉아계신 거실에 피아바 식탁이랑 같이쓰는 의자는 어디꺼에요?,0,2025-09-21
tgaJqJIGXho,UgwU59IlR-t6Eluv1Pt4AaABAg,@daondago,준비하면서 정~말 도움 많이 받았어요!,4,2024-10-15
tgaJqJIGXho,Ugy63v6r6msFnOng7N14AaABAg,@베루코섬,현명하시네요,1,2024-10-22
tgaJqJIGXho,UgzT2z3GFW-1uZSpk0h4AaABAg,@힐링투유뮤직,부동산 열망이 크시면 월결제 창고를 쓰셔서 테이블이랑 소파를 저장해놓고 이사를 가시면 좋을거같습니다,0,2024-10-15
tgaJqJIGXho,UgzTZoQuvGbsurG7i1V4AaABAg,@jbagqkr,몇평인지 궁금해요,0,2024-12-05
tgaJqJIGXho,Ugw5LxdBRpaLqVYsS1V4AaABAg,@abcdefg_aa,잘보고 갑니다. 감사해요,6,2024-09-18
tgaJqJIGXho,Ugx0qNnY1vKPfl0w-FZ4AaABAg,@mr.0h533,스마트휴지통은 알리에서 몇천원에 건전지 끼우는거 사세요 ㅎㅎ 좋음,0,2025-04-14
tgaJqJIGXho,UgxFzVaRx987KsLpMHJ4AaABAg,@문어싸만코,조명들 스마트 전구 끼워서 다른 조명이랑 연동하고 배치해서 키면 편하고 좋아요,9,2025-04-08
tgaJqJIGXho,Ugzku8PVizCmtPty8r94AaABAg,@engineer6314,패넷으로 개별 사는게 싸긴하죠,0,2024-11-18
tgaJqJIGXho,UgxkOkJHCkmAiPtuCG94AaABAg,@sogoozz,"저도 꼭 필요한 거 아니라면 가전이랑 식기 세트로 안 맞춰도 된다고 생각합니다! ㅎㅎ
소스통 따로 사용하는 것도 귀찮고 찝찝하다는 거 공감이요 ㅎㅎ

결혼 비용에 이어서 가전가구 솔직한 사용 후기까지 많은 도움 받고 있어요!",11,2024-09-08
tgaJqJIGXho,UgzJmpIBk4TKD5jHCUd4AaABAg,@Smile-i6i4h,오너스님❤ 혹시 영상속 앉아계신 식탁의자도 같은 피아바 제품일까요? 착석감이 어떤지 궁금해용😮,3,2024-09-08
tgaJqJIGXho,UgyNevTyKJu70e5i82d4AaABAg,@hyeinpick,스마트 휴지통은 제조사별로 케바케인 것 같아요! 저는 거의 6개월에 한 번 충전해서 쓰고 있어서 대만족입니다..!ㅋㅋㅋㅋㅋ,2,2024-11-10
tgaJqJIGXho,UgwO90zWoDgsLv9bvxp4AaABAg,@popoishongz,와 👍🏻👍🏻👍🏻 최고정보에요,0,2024-11-08
tgaJqJIGXho,UgyxZDFWF-3LRcjPXex4AaABAg,@초코러브-no1,임장해보면 콤보사신분들 건조기 하나씩 다시샀더라고요 성능이안좋아서,1,2025-07-05
tgaJqJIGXho,UgxXrrjovHAmjKFv4Y14AaABAg,@Hpkpk,조명들 후회한다는데서 뜨끔 ㅋㅋㅋㅋ;;;,0,2025-09-16
tgaJqJIGXho,UgyF8AWY0YAueRFLn0V4AaABAg,@jk-do4ux,테이블 분해해서 이동하면 되잖아요,0,2024-10-08
tgaJqJIGXho,UgzPTucoVwZ1kt1BB8F4AaABAg,@lamour9917,콤보보단 지금 쓰시는게 나아여 ㅎㅎ,9,2024-10-15
tgaJqJIGXho,UgxATA7rnYtZgxcwL4F4AaABAg,@이주형-r6i,"일체형 세탁기건조기 저도 공간차지 안해서 너무좋겠다 싶어 후기를 많이 찾아봤었는데요
세탁기랑 건조기를 동시에 돌릴 수 없어서 불편하다는 후기도 있었어요ㅠㅠ 경우에따라 세탁을 여러번 나눠서 해야하는 경우도 있으니까요..! 그리고 개발자이시라 훨씬 잘 아시겠지만 스마트홈 시스템이 생각보다 보안에 취약하다고 해요ㅠ 특히 카메라가 있거나 음성을 인식하는 경우 만에 하나 해킹될 경우 악용될 수 있다는 말을 들었어요ㅠ 저두 관심이 많은 부분이라 댓글 남깁니다..!",46,2024-09-08
tgaJqJIGXho,UgzcY6h6nrX6x1x12GV4AaABAg,@사운드벽보,저식탁 친구는 무릎부딪혀서 다른걸 살껄  후회하더라구요. 다리길이가 있으신분들은 다른거 사시길 적은돈도 아니고 ㅠ,5,2024-09-28
tgaJqJIGXho,UgyOjmqRtAyIeZCuey54AaABAg,@몽돌-e1m,"안녕하세요 오너스님!!
기상하실 때 알람이랑 같이 쓰시는 전구 궁금합니다!!",0,2024-09-08
tgaJqJIGXho,UgywdWUhcWfSttaFcHB4AaABAg,@빈혜린,혹시 멀린소파는 무슨컬러 사신건가요?^^,0,2024-09-19
tgaJqJIGXho,Ugx20Enb8p3roz7yDpx4AaABAg,@surusu-l7i,너무 맘에드셔서 추천템인 쇼파와 테이블이.. 이사를 고민할때 항상 걸리는 후회템?이 되었다. 이사를 고려하면 저려미를 샀더라면 하는 후회의 말씀을 듣고 . 아.. 다들 가보지 못한길에 대한 미련?이 있구나 했어요. 저는 곧 이사를 갈꺼라 이 평수에 가구를 맞추어 사지말자며 대충 저려미 템들로 쓰다..5년을 눌러앉게 되면서ㅡㅡ;; 진즉사서 5년을 사용했더라면..이라는 후회가 밀려와 최근 고가의 테이블을 주문했어요. 가구도 인테리어도 유행이 있고 다음에 이사갈쯤엔 또 다른게 눈에 들어올텐데..경우의 수를 두고 누리지 못한 시간에 대한 후회가 생기더라구요~ 요즘엔 이사도 안가지만. 취향인 물건만 남기려고 정리중입니다. ^^ 그러다 이영상을 보니..아..이렇게도 생각하시는 구나 싶었어요~^^,21,2024-09-09
tgaJqJIGXho,Ugzcu5isKvOMeD01Lcd4AaABAg,@0man626,"신혼집 두명산다고 그 두명기준에  맞추면 안됩니다.. 냉장고도 한번사면 10년이상 거뜬한데 300L..  가전은 이중구매만 안하셔도 성공한것. 무조건 용량크고 좋은거 사야해요 돈 부족하다? 당근하고 쓰다 바꾸시고요! 세탁기,건조기,식세기도 마찬가집니다!",4,2026-03-04
tgaJqJIGXho,UgyUl-iV_Og8E0IDEeJ4AaABAg,@freed7048,요약해주실분 😂 손 어지러워서 못보겠는데 내용은 궁금,0,2025-01-28
tgaJqJIGXho,UgxYherzPsCS3gDXUnd4AaABAg,@JK_ROBOT,손이 너무 많이 움직여요 어지러워요,49,2024-11-17
tgaJqJIGXho,UgynS4sLFfcnayaqU5l4AaABAg,@수자인-w1o,정신승리 느낌이 많이나네,10,2025-01-24
tgaJqJIGXho,UgxvB7AGfXQkFwfUWGd4AaABAg,@eunkim6726,"저도 신혼티비로 55인치 샀는데 얼마전에 당근으로 팔았어요. 저도 다시 돌아간다면 티비는 안살 예정입니다 ㅋㅋ휴대폰이며 노트북이며 대체품이 너무 많아요!! 그리고 매직캔 휴지통도 얼마전에 들였다가 다시 지인 나눔했어요 사지마세요. 용량이 크고 냄새를 잘 잡아준다는 장점은 정말 최고지만, 얼마전에 날파리 알이 여기저기 200개는 붙어있는 거보고 싹 씻는데도 손발이 벌벌 떨렸습니다 ㅜㅜ 냄새가 안나서 오래 방치해두다보니 날파리들의 만남의 광장이 되어있더라는.... 비닐도 계속 사줘야하고 냄새 안난다고 방치하면 안되는 제품입니다.",17,2024-09-13
HD4rY2a-FiY,UgyU4nAu1UK7CZKvUjZ4AaABAg,@매탑,진짜 그랬으면 오프라인샵들 싹 다 사라졌음ㅋㅋ 나도 당연히 온라인 구매가 제일 싸다고 생각했는데 5개 샀는데 각각 온라인최저가로 뽑은 것보다 200만원 싸게 삼,21,2026-02-05
HD4rY2a-FiY,UgwLHPaj-ZICAvNNntp4AaABAg,@jhlee5834,어짜피 매장가도 응대도 잘 안해주던데 ㅋㅋ,16,2025-05-10
HD4rY2a-FiY,UgxZI-h7F_YO5W9iiVd4AaABAg,@natural7448,어무니가 엘지에 에어컨 보러간다며 나갔는데 하이마트에서 구매해오셨더라... 찾아보니 역시 온라인보다 비싸더라... 근데 설치비가 없다고 해서 그럼 인정하고 넘겼더니... 설치당일 뭐 어쩌구 저쩌구 하며 25만원 받아갔더라...,77,2025-10-10
HD4rY2a-FiY,UgwKmMyl4bf8tc92vw94AaABAg,@euna9632,"오프라인 하면 캐쉬백 + 마일리지 같은건데
솔직히 나가는 돈이 더 많고요
저희도 오픈 매장 할인 매장 많이 다녀봤는데
온라인이 제일 쌌어요
세탁기,건조기,청소기, 전자레인지 샀는데
이정도 살거면 걍 온라인이 훨씬 싸고 혜자였네요
신혼 부부 할인까지 먹여도 온라인이 더 쌌어요",11,2025-05-09
HD4rY2a-FiY,UgyQhzqjHq24x8P7E914AaABAg,@user-xx1tl3ie3w,온라인으로 살때 너무싸면 에너지등급 꼭 봐야됨,99,2025-08-13
HD4rY2a-FiY,Ugxn5Xp_b_3QRww1Pfh4AaABAg,@Oxidecircle,"하이마트는 거르는 걸 추천.
차라리 LG나 삼성매장이 훨씬 나음.",257,2025-05-09
HD4rY2a-FiY,UgwppCx5ANRY3qiPkQp4AaABAg,@user-md9ou2ym2v,"매장, 온라인, 백화점 매장 각각 다른 부품이 들어가는 게 있어서 확인해야 됨.",5,2025-09-24
HD4rY2a-FiY,Ugwm-th5afMSDWBlY5p4AaABAg,@퉁탕탕투사,혼수는 백화점이 싸다,19,2025-05-08
HD4rY2a-FiY,Ugx25w1hMqIw3iYXleR4AaABAg,@그후의이야기,소소하게 기능이 다름..기능도 비교해야 맞죠,7,2025-12-02
HD4rY2a-FiY,UgwMlPgecERiPfzsnGR4AaABAg,@좋은흙,"온라인이 제일 쌈. 산지 10년 지나서 냉장고랑 김치냉장고 바꾸러 갔는데, 무슨 안에 선반 스텐리스 몇개 붙여놓고 거의 100만원 가까이 차이나는 걸 보고 식겁했음. 냉장고를 300만원짜리 보여주는데, 하... 이게 맞나? 싶은 거. 난 심플하고 간단하고 용량 넉넉한 걸 원할 뿐인데. 신기능 한두개 더 넣어가지고 100~200을 튕겨먹으니... 매장에서 중간대 가격으로 견적을 짜도 5~600백만원이 나오는데, 아니, 이돈 주고 이걸사? 싶은 거임. 그래서 그냥 온라인으로 적당한 걸로 샀더니, 300만원에 해결했음. 대신, 약간 소음은 있음... 냉매 돌아가는 소리가 살짝... 그것빼고는 만족함.",21,2025-05-16
HD4rY2a-FiY,UgwB2a0sHOWT-ebJucp4AaABAg,@뚜시뚜시-e8t,"오프라인가면 호구잡힌다는데
그냥 본인이 사고싶은 제품 쫙뽑아서 이거 입력해서 할인된 금액만 알려달라고하면됩니다.
상담사 분도 목록뽑아온거보시면 빠르게 할인금액만 후딱 견적뽑고 다음손님 받으러가십니다",2,2026-02-11
HD4rY2a-FiY,UgySe5_XD7XK1SY2tJR4AaABAg,@나오노아,3개이상 부터 잘찾아보면 하이마트나 가게대리점 추천. 뭐 새로운아파트 분양이나 봄시즌이 진짜 제일쌈.. 혜택도 큼. 1개만 사는건 그냥온라인으로,6,2025-07-24
HD4rY2a-FiY,UgwHdenr-p_5gPtCIRF4AaABAg,@harimkim5761,"약간 구매자형태에 따라 다름 혼수나 이사형태의 풀가전 구매냐/개별 구매인지 개별은 무조건 온라인 구매이고 묶음으로 하면 혜택이 있고 매장마다 전시제품 운좋게 묶어서사면 필요하고 공간에 맞는 제품 저렴하게 구매할수도있습니다. 개인적으로는 구매예정이라면 못해도 삼성/LG 브랜드별로 2군대는 가보는거 추천드려요 직원마다 친절하게 싸게 묶어주는사람있고 그냥 보는제품만 권유하는 직원있어서 여러군데 가는게 좋습니다.
댓글단분들처럼 고급제품으로 묶어서살때는 매장이 좋을수도있습니다.",3,2025-09-07
HD4rY2a-FiY,UgwOH5zyCDBWGjXBu7h4AaABAg,@user-e9o5i,"삼성 21kg 세탁기 구매
H마트 110만원
쿠땡 56만원
실화 입니다",28,2026-02-04
HD4rY2a-FiY,UgxxmhSCDAv3ZO5KT6R4AaABAg,@jkjk9887,"다른건 온라인 오프라인 안알아봐서 잘 모르는데
tv는 온라인 쿠팡 이런곳에서 파는건 오프라인보다 저가모델이더라 뭐 안에 성능 딱히 안따지고 그냥 보이기만 하면된다 하면 걍 쿠팡사면쌈
혼수하면서 백화점에서 했는데 백화점 할인 많아서 생각보다 싸다 느꼇음. 서비스로 주는것도 많고",2,2025-09-01
HD4rY2a-FiY,Ugw-x2bLPbaxvwSI2ot4AaABAg,@tttrue4981,"구매 품목이 많으면 오프라인이 싸고
신혼 신축 가전이면서 구매품목이 많으면 오프라인 중 백화점이 젤 싼듯",4,2025-12-03
HD4rY2a-FiY,UgzlSAlVb3aUChTw8XJ4AaABAg,@summerwinters,"LG매장 일해봤다 런한1인입니다.여기 직원들 말 믿지말고 온라인,공홈가서 속편하게 사세요.요즘 삼성이니 엘지니 구독(=렌탈)팔아먹겠다고 인센 구독에 많이줘서 직원들 구독끼워팔아먹으려고 혈안입니다.당연히 총비용 더 비싼거고 심지어 그거팔면서 쓸데없는 상조상품 15년짜리 몇개씩 강요합니다.그거 하나 가입하면 인센 쎄거든요.괜히 가서 호구잡히지 말고 인터넷에서 사세요.
내가 이 괴랄한 시스템 꼬라지 이해못하고 얼탱이없어서 바로 관뒀는데 호구잡히고 좋아라하는 사람들보면 안타깝습니다.",105,2025-05-12
HD4rY2a-FiY,UgxEgx18XtkFwqtrhEp4AaABAg,@sdzero77,"오프라인 갈려면 직원분에게 행사 제품 있는지 꼭 물어봐야함 
oled 티브이 비쌀때 절반도 안되는 금액에 사왔어요 온라인보다도 싸게
그리고 한가할때 가세요 바쁠때가면 물어봐도 대충해주니까 한가할때가세요",1,2026-02-20
HD4rY2a-FiY,Ugw2I5S4Zg2asT6U5Gd4AaABAg,@명란젓고난,모든 매장 다 가서 견적보는게 젤 베스트긴함,73,2025-05-08
HD4rY2a-FiY,Ugx4-wdl90q2MHtij4h4AaABAg,@summit2019,"매장은 인건비(영업사원,인센)+매장유지비
 등등 나가서 온라인보다 쌀수가없어",3,2026-03-14
HD4rY2a-FiY,UgzChOTsnIG4dmUZkWd4AaABAg,@옥타곤-r3e,LG 온라인샵에 온라인 전용 제품들로 구매하는게 제일쌈,2,2026-02-20
HD4rY2a-FiY,Ugyr6Eg7yo7upxhEcqh4AaABAg,@헨티나아르,"신제품,고급제품은 오프라인이 쌀수도있음
문제는 일반 보급형이나 시즌 지난건
온라인이쌈
판매구조자체가
신제품->전시
보급형->빽코드로 빼주는 수량떼기들(창고)
시즌지난거->매장마다 재고율 조사후 인터넷으로 할인판매처리
2시즌지난거-> 전문 떨이업자들에게 떨이처리
가장싼거는 당근에서 카드깡치는애들물건
단점은 인생나락행인애들이많아서
렌탈도 팔아먹는애들있음",67,2025-05-09
HD4rY2a-FiY,Ugxa0iCcQMYGu4pILqp4AaABAg,@쭈니킹-l6w,좋은 제품 싸게 살려면 잘알봐야겠네요,1,2025-06-02
HD4rY2a-FiY,UgzwOtNJZc0NR7Voxed4AaABAg,@user-ko3nb2zb4d,. . .블라인드에. 300만짜리 냉장고가 5천원인센이던데. .,4,2026-02-02
HD4rY2a-FiY,UgwIn16wsvIA7RXc4Zh4AaABAg,@aistarter-easy,의외로 백화점이 쌀때가 많았음 인식이 비쌀거 같은데 진짜로 알아보면 백화점이 쌈 상품권 할인구매해서 사면 더 싸지,31,2025-05-09
HD4rY2a-FiY,UgzslhQ4TPc7KICrZqp4AaABAg,@1004frog,22~23년 세탁기는 코스트코와 온라인 중 어디가 저렴할까요?,1,2025-06-12
HD4rY2a-FiY,UgwDkQPAKcMnapEfygR4AaABAg,@tokki0837,결론 : 온라인에서 견적 받아보고 오프라인에서 견적 받아보고 싼곳으로 산다. 뭐 어렵게들 그러세용,1,2026-01-15
HD4rY2a-FiY,Ugx1gM6iIe_hhRiQpRF4AaABAg,@Raincoffee91,"코스트코가 온라인보다 좀더싸고 그다음 온라인 그다음 로드샵인데
로드샵 백화점은 신혼이나 입주 5개이상사는거만 사라 한두개는 겁나비쌈",6,2025-05-12
HD4rY2a-FiY,Ugz6_kA6ME87f4YdZrt4AaABAg,@limjungmi1231,설치 기사님에게 여쭤봤었는데 어차피 제품 출고는 같은 곳에서 하니까 온라인에서 싼 거 사라고 하셨어요. 싸다고 이상한 거 아니라고.,0,2026-02-11
HD4rY2a-FiY,UgycRq5_xvTGiy4TIM14AaABAg,@Jdyonyon,ㅋㅋㅋㅋㅋㅋ그 체감가라는 말도 웃김 2천만원 결제하고 엘지에서만 쓸수있는 포인트 어쩌고 해서 체감가 천오백만원^^..견적 한 5곳 보다가 현타와서 하나하나 온라인 최저가 구매,1,2026-01-15
HD4rY2a-FiY,UgzU0Ydsq44-HgKH6PF4AaABAg,@새벽하늘-g8w,"신혼가전 들일 때 엘지랑 삼성, 하이마트 세 군데 싹 들려서 견적 봤던 기억이 나네요..
결국 삼성에서 세탁기, 냉장고, 건조기, 에어컨 싹 맞췄는데 만족합니다😊😊",2,2025-05-13
HD4rY2a-FiY,UgzFC9gmJz2pUSWRUap4AaABAg,@또또ch,"라때는 온라인,마트,백화점,홈쇼핑,로드샵 제품들이 개별 제품 취급했었는데, 요즘은 다 같은 취급하나??
그냥 제품명만 공유 했었는디? 😢?",1,2025-05-10
HD4rY2a-FiY,UgwXC-ZpaLQ370aohjV4AaABAg,@poziya,"나 판매직원이다. 돈없어서 저가모델 살거면 온라인이 싸다
고급 모델 살거면 대리점이 최고 쌈. 
결론은 돈없다? 여러개 사서 세트할인해도 온라인 최고.
돈 많아서 고급 모델 2천만원 이상 쓰는게 가능하다? 대리점 or 백화점
영상의 인센티브 때문에 특정모델 판다? 틀렸다
요즘 어떤걸 판매하던 제품 하나당 500만원대 이상 아니면 인센티브 x같이 안줌. 특정모델 추천 이유는 그 모델이 진짜 싸서 추천하는거임.
저가모델은 사람들이 많이 사서 업자들이 대량 구매하기 때문에  온라인이 무조건 싸고
고급 모델은 사람들이 안사니까 업자들이 안사기 때문에 오히려 오프라인이 싸다 참고해라",79,2025-05-10
HD4rY2a-FiY,UgyDMtoCCpIr1KNPjGp4AaABAg,@요즘라떼,"신혼부부 할인? 그런거 이야기하면 지점 담당자에 따라 할인율이 다름. 생각보다 할인 많이 받을 수 있어서 비교해보는거 무조건 좋음.
근데 한두개 사는거면 쿠팡 로켓설치가 제일 편리하고 좋았던 것 같음.",67,2025-05-09
HD4rY2a-FiY,UgwGmiiYfG60GzkKziF4AaABAg,@jottack,"너무싼건 에너지효율 곱창난거 종종 있음
하나 차이면 얼마 안 나지만
얘네가 모이면 차이 꽤 큼
어지간해선 3급이상으로 권장",1,2026-03-01
HD4rY2a-FiY,UgzA7O-JQmQHIefLojx4AaABAg,@Kkokk287,ㅋㅋ 반은 맞고 반은 틀림요,1,2025-05-09
HD4rY2a-FiY,Ugzl9sLL55InB5a6DwV4AaABAg,@파산핑크,저희도 몇개월을 고민해서 올해 마지막날에 부모님이 김치 냉장고 사셨어요 엄청 저렴하게 사버림,0,2025-12-28
HD4rY2a-FiY,Ugxb29pR1lA9K46sJuZ4AaABAg,@햄찌-이,온라인에서 사면 배송이 최악임...,1,2025-11-06
HD4rY2a-FiY,UgzCBqhEPYvoU5z1zs54AaABAg,@숲-z9l,필수가전만 쿠팡에서 입맛대로 사고 나머진 살면서 사는거 추천,2,2025-09-11
HD4rY2a-FiY,UgyRXclEqtYi1wZ2RJB4AaABAg,@CosTanSin,일단 최고의 품질을 원하면 백화점이 정답임,4,2025-05-08
HD4rY2a-FiY,UgzhUhDTZqofLHoCkvh4AaABAg,@힌씨,"1개 살때 쿠팡,홈쇼핑
2개 살때 새로 오픈한 오프라인몰
4개 살때 백화점가서 브랜드만 통일",0,2026-03-02
HD4rY2a-FiY,UgxCIV2s91emnWlGAVF4AaABAg,@뀨르뀨르뀨,"걍 인터넷아님 새로오픈한 매장이젤쌈
그중 신혼부부(혼인증명서)이런걸로 할인받을수있으면
새로오픈한 하이마트가 젤쌈",1,2026-01-13
HD4rY2a-FiY,UgyQlsRPUOe__X_TcRZ4AaABAg,@inuneko5312,오프라인 매장 가장 큰 단점은 눈이 높아지는거같습니다.,0,2026-01-02
HD4rY2a-FiY,Ugz17zlrWYH7JgKswF94AaABAg,@승승이형제,"시기 좋으면 오프라인이 온라인 최저가보다 쌀수있음
단, 진열 혹은 중복쿠폰 적용 되야함
진열이 꼭 나쁘지 않은듯... 한데... 사람마다 다르니 ㅎㅎ",0,2026-03-21
HD4rY2a-FiY,UgwoPPMpAol5Hg1ijnF4AaABAg,@채널명123,맞는 말이네,1,2025-05-10
HD4rY2a-FiY,UgwSeMQWTYHSD9buffp4AaABAg,@진하-g8c,쿠팡 냉장고 하이마트에서 10붙여서 팔더라 그래서 걍 쿠팡로켓설치함 lg꺼였는데 엄마 개좋아하더라,0,2026-03-16
HD4rY2a-FiY,Ugy7yPJ8sk-3glx96uN4AaABAg,@하윤짱,하이마트온라인 카드 할인 10퍼에 보증 연장이 젤 좋던데,0,2025-05-09
HD4rY2a-FiY,Ugzo2lNCVKm7BL-TIEZ4AaABAg,@컴퓨터계정3399,합리적인거는 온라인 공식 대리점들.  고급진걸 원하면 오프라인 공식 대리점.,0,2025-12-17
HD4rY2a-FiY,UgwRRWxizMeuC68qH0J4AaABAg,@hizixin,내가 다해봤는데 온라인이 훨~~~~~쌈,3,2025-05-09
HD4rY2a-FiY,UgwsDFalrWZKEv0a3yF4AaABAg,@nonamed1922,여러개 살거면 오프라인이 싼게 맞음 ㅋㅋ,0,2025-05-22
HD4rY2a-FiY,UgzwDHaJywhHZLDKMcp4AaABAg,@태양찌우기,엘지가서 진심 이게 맞나 싶었음 비싸고 신형 위주 오케이 근데 저렴한거는 거의 안보임...에어컨만 사기로 함...,0,2026-03-02
HD4rY2a-FiY,Ugw1qzNp-PTiYbUwOvN4AaABAg,@aksahr-e5n,맞아요~많이사면 백화점이 좋아요~!상품권행사하면 돈백은 다시 나한테 돌아옴,0,2025-12-02
HD4rY2a-FiY,Ugzkqd0FIKIebZK8WIN4AaABAg,@전생검신레전드웹소설,빅스마일데이가 제일 쌈 세상에서,5,2025-10-18
HD4rY2a-FiY,UgwYU5PxDkmnoVadEUR4AaABAg,@chrischoi8098,은근 백화점 괜찮음,0,2026-04-13
HD4rY2a-FiY,UgytFOUwJAMEjs7BZht4AaABAg,@onlyseora,엘지 매장에서 25년도 티비 가격 비쌌는데 24년 출시 전시용으로 사용 했던 제품으로 차 가격만큼 감가 엄청 떨어져서 제품에 문제도 없어서 구매 했는데 오히려 오프라인 매장도 좋기도 합니다,4,2025-05-10
HD4rY2a-FiY,Ugwui2D1MnUNBOLZtPZ4AaABAg,@은동균-j5b,온라인에서 살때 잘보고 사셈 현금유도 사기꾼들 개많음 ㄹㅇ,0,2025-05-12
HD4rY2a-FiY,UgwUB56Ekrjl3IbmHKZ4AaABAg,@독도-l5r,"일단 온라인이랑 백화점과 직염점에서 파는 같은 제품이라도 다르다는 것...
같은 모델인데도 구성이 다르다고 했음 그래서 가격차이가 나는 것이라고~~ 이 말은 제품을 만들어 출고하는 곳에서 일 하는 아들 친구에게 들음(예전 방송에서 파는 쇼핑 호스트가 말 한 적도 있음)",1,2026-01-07
HD4rY2a-FiY,UgxLFfWvvxW1Du5Mn2x4AaABAg,@changsuson3106,온라인이 저렴한 경우가 많긴 한데 배송 및 설치에 별도 요금 붙는 경우가 있음.,1,2025-12-02
HD4rY2a-FiY,UgyYCPhi53K6w_VCSN94AaABAg,@tpdlek443,오프라인에서사면 450이상사면 그때부터 할인해준다고하던대 요즘은,0,2025-10-24
HD4rY2a-FiY,Ugw7_ZluRSjHt0fhbf94AaABAg,@2start22,오프라인보다 온라인이구만,0,2025-05-26
HD4rY2a-FiY,Ugz15FGIWdpp1Y9JvHl4AaABAg,@jajajan8715,"오프라인 매장 백화점과 하이마트 비교해보겠슴
하이마트 비교적 저렴한 상품을 많이 판매하고 할인도 좋게 해줌
백화점 고가의 재품과 중저가의 재품이 다 있으나 할인이 작음
대신에 상품권교환+백화점 포인트+ 사은품 등 많은 혜택을 가지고 살수있음",8,2025-05-08
HD4rY2a-FiY,UgywZGRrHY9-2R6tjZR4AaABAg,@신정현-i3i,오프라인에서 다 묶는게 젤 쌈,0,2026-01-20
HD4rY2a-FiY,UgyeWcQggLsu5hMCRvt4AaABAg,@yse6205,누구는 온라인이 싸대고 아정당은 오프라인에서 사라하고.. 에휴,2,2025-06-29
HD4rY2a-FiY,UgzKXXbVWTXtZPLk9vN4AaABAg,@dokite5512,신혼때 다둘러봤는데 하이마트가 젤구림. 약간 아주머니들 할배들 통수치는곳? 삼성이나 엘지 직영점 직접가서 딱 그제품들로만 여러개 살거아니면 온라인이 제일낫고.,0,2026-01-12
HD4rY2a-FiY,UgylcbWLhYFTPlNTYxp4AaABAg,@07endless33,묶어서 사면 백화점이 제일낫더라,0,2026-06-08
HD4rY2a-FiY,UgyO4RjolC3gwDdvsR94AaABAg,@sellemkim8964,"혼수 같은 겨우면 오프라인 가라 
온라인으로 제품 비교에 며칠 시간 쓸 시간 빌게이츠면 상관 없는데 언제 일일이 제품 공부하고 있을래 한두개 사는 것도 아니고 혼수를 어케 온라인으로 함",2,2025-08-10
HD4rY2a-FiY,UgxM2eiSGh9U1FRcavp4AaABAg,@진원박-w7c,걍 인터넷 공식몰에서 사면 설치까지 다 해주는데,2,2025-11-18
HD4rY2a-FiY,UgyXaYG2h_5JuICCWXV4AaABAg,@jlove2486,백화점 상품권 줘도 로드샵이 더 쌈,0,2026-04-07
HD4rY2a-FiY,Ugy6u3GH34nRWpMTsqd4AaABAg,@jinkong7943,작년에 집가면서 가전 온라인으로 에어컨빼고 다삿음 토탈 600조금넘게해서 에어컨 티비 냉장고 인덕션 세탁기.건조기 다삿음 기능은 거기서 거기고 잇어도 전부다 사용 안할꺼같아서 알뜰하게 잘삿음,0,2026-03-04
HD4rY2a-FiY,Ugwv8SigDyd1pyBDknp4AaABAg,@eugene_92,하이마트 사기꾼놈들임 결국 엘지베샵이랑 엘지공홈이 젤 쌈,0,2026-05-12
HD4rY2a-FiY,UgyrntCFP6Y6Kx-VYxh4AaABAg,@얄라숑뿅이,로드샵이 뭐임??,0,2025-09-14
HD4rY2a-FiY,Ugw0Z7568mzwop2txad4AaABAg,@lirildl,개소리 ㅋㅋㅋ 한번에 여러개 사는거면 오프라인이 훨씬 싸다 프로모션도 많고 묶음 할인도 훨씬 많이 들어감,0,2025-05-09
HD4rY2a-FiY,UgweI5X-ZufUnT90pYt4AaABAg,@또볼쇼,온라인제품 질이 조금 차이난다고 들어서 고민되네요,1,2025-05-25
HD4rY2a-FiY,UgxN9PjFbjKeeZNmThR4AaABAg,@서준파파-e4k,얘들아 여러개살거면 백화점이 젤 싸다,0,2026-01-25
HD4rY2a-FiY,UgzLKzfNKMtT1JQC_bJ4AaABAg,@passmind-ai,온라인 특가가 제일쌈. 이사할때 lg 86인치 특가떠서 360짜리 146에삼. 세탁기는 250짜리 134에삼. 문제는 이사날에 제시간에 오느냐 마느냐 지랄맞음.,1,2025-05-10
HD4rY2a-FiY,UgzCYMAvwXGJc4HuKUt4AaABAg,@SY-wj2zn,"LG매장 절대 가지마라
어머니 매장갔다가 전시상품 싸다고
사셨다가 두달만에 냉동고 고장 반복
스트레스 엄청 받으셨다
엘지를 거르든 매장을 가지말든",0,2025-12-14
HD4rY2a-FiY,UgzUZJG1TSdKEGG282d4AaABAg,@user-ly5gq1xl2r,기능 하나도 안들어가있는 완전 기본형 싸게사려면 온라인,0,2026-05-14
HD4rY2a-FiY,UgydiW88yphojgHpvkN4AaABAg,@진-w2n8m,온라인도비싼건대 ㅎㅎ,0,2025-12-16
HD4rY2a-FiY,UgyZcbO5MIFLp1lBYiJ4AaABAg,@밀비-z7x,이번에 LG베스트샵에서 2200만원어치 샀는데 캐시백에 이것저것  돈 돌려주는거 빼면 실구매액은 1780정도 나옴 인터넷에서 동모델 최저가로 구입해도 2100정도 나오더라 대량구매는 오프라인이 싼거 맞음,1,2026-03-08
HD4rY2a-FiY,UgyhIxRfT0OQU4VcfmR4AaABAg,@bahwangdad,하이마트에서사면 호구인줄알았는데 이번에 혼수 온라인보다 한500싸게산듯,0,2025-05-09
HD4rY2a-FiY,UgzZw7CjsgfvsjaxZhd4AaABAg,@asdfg1415,"아니 우리나라놈들은 결혼할때만 되면 돈 천만원은 돈으로도 안보더라ㅋㅋㅋㅋ  굳이 엘지 80만원짜리 청소기 쓸필요있음?? 중소기업꺼 20이면 쓰는데? 매트리스? 백만원대면 ㅈㄹ 고급인건데 기본 3~400짜리 브랜드 보고있고,tv 냉장고도 무조건 가장 최신의 가장비싼걸로 맞추려고 하고",1,2026-03-22
HD4rY2a-FiY,Ugylng9-Bmpv5X8k0-l4AaABAg,@아우-i1c,비교해보면  오프라인이더쌈,0,2025-05-11
HD4rY2a-FiY,UgxT1JABrFjAYddGT0d4AaABAg,@voyagetoyou,누가 혼수를 온라인으로해. 5 8 10개부터 혜택 장난아닌데 거의 최고급도 반값이상 할인받음,0,2025-12-21
HD4rY2a-FiY,UgyDrTkQgHrnyBU0K_V4AaABAg,@김회진-x3g,"하이마트는 진짜 걸러라 엄마 지인분 인터넷만 하는데 데스크탑 풀세트를 300에 팔았다더라  모니터도 24인치 에 키마도 진짜 개싸구려 세트 본체 글카도없더라 내가  환불도와드리고 그냥 세컨컴
 드렸음",0,2025-12-06
HD4rY2a-FiY,UgxMu188d4PuU3Qft1x4AaABAg,@skskbaba0611,"개별구매는 온라인. 
이사/혼수 등으로 천단위 긁을거면 무조건 로드샵. 단점은 한브랜드로 통일해야 된다는 점. 천단위 일때 로드샵 할인율 보면 온라인은 비비지도 못함. 정가기준으로 거의 절반 금액에 구매 가능함. 온라인도 못따라옴.
가전마다 브랜드 다른 걸로 살 것 아니면 아무리 블랙프라이데이니 각종 오픈마켓 대형행사니 해도 거기서 개별구매로 가전 여러개 사는건 바보짓임. 
하이마트 전자랜드는 비싼편이 대부분이니 거르고, 오프라인은 브랜드 로드샵(삼성스토어, 베스트샵)이 제일 쌈.",1,2025-11-23
HD4rY2a-FiY,Ugy8vngCdykf670qbLJ4AaABAg,@모모-g7k,코스트코가 쌈 ㅋㅋ,0,2026-02-16
HD4rY2a-FiY,UgwYhNVMDlLoPzoj3654AaABAg,@두두-k1y,무족권 온라인,0,2026-04-03
HD4rY2a-FiY,Ugz0ZafurAcEHyYHfLJ4AaABAg,@Y쿤,온라인은 중국에서 만든거던데,0,2026-03-26
HD4rY2a-FiY,UgyH3QYpweYarNE-wwR4AaABAg,@파타퐁-w2r,온라인 실상은 이미 이월가전이라는거임 제품명 말고 제품코드를 보면 이미 작년제작상품 등등이라 싼거고 사실상 기능은 상관없긴함,5,2025-05-09
HD4rY2a-FiY,UgzZ6idToSMZCrfCswZ4AaABAg,@tarsnlux4600,하이마트 더 하위모델로 견적받았는데 삼성프라자보다 100이상 비쌋음.,0,2026-03-03
HD4rY2a-FiY,UgxzUcX1HXzauM3F0EJ4AaABAg,@첨단오리-75,"삼성 패밀리몰에서 사는게 이득임 
난 임직원이닌깐",0,2026-02-21
HD4rY2a-FiY,Ugz39YoU9YXTzzt2hrt4AaABAg,@powertyphoon,근데 필자는 왜 처음에는 무조건 온라인에서 사라면서 갑자기 온라인 오프라인 꼭 비교하면서 사라고 말이 달라짐?,8,2025-05-08
HD4rY2a-FiY,UgyuXv-NrvtUCs00z854AaABAg,@예동e,"신혼가구보러감.
최신가전으로는 무조건 로드샵이 쌈
하지만 구가전, 매장에없는 가성비제품은 온라인이더쌈.
대신에 어떤품목은 최신 어떤품목은 가성비 이러면또 로드샵이더쌈

직접 다견적뽑아봣고 전부다비교다해봤었고
무조건 온라인이 싸다고생각하지마세요.

 물론 1개품목으로는 무조건 온라인이쌈ㅋㅋ
로드샵은 묶어서 살때쌈",1,2025-11-17
HD4rY2a-FiY,UgwOjYGDfr6C-DwFLz94AaABAg,@kim_nuclear,ㅋㅋ 다품목은 그냥 성지가서 사셈 인터넷 최저가보다 싸거나 비슷한가격으로  인터넷은 제일 구린 스펙을 다품목은 제일 좋은 스펙으로 살수 있음 ... 나도 인터넷 고집하다가 집장만 하면서 단톡방에 견적공유 하는거 보면서 깜놀하고 발품팔면서 성지도 찾고 하면서 놀랐음,5,2025-05-08
HD4rY2a-FiY,Ugzs2VVgQQ63afAG_xN4AaABAg,@김가을-e1e,"이번에 이사를 하면서 TV, 에어컨, 냉장고, 워시타워 구매했습니다. 온라인 최저가 견적 뽑아갔는데 그보다 저렴하게 맞췄습니다.  온라인 최저가 820인데, 660에 맞췄습니다. 
다만, 시기적, 매장별로 특정행사 등이 있으니 최소 3군데 이상은 들러보세요.",0,2026-05-09
HD4rY2a-FiY,UgzPB1rLOQUeNrYdzmp4AaABAg,@김광열-g9q,바보들... 전부다 기간과 이벤트만 잘 이용하면 하이마트던 베스트샵이던 온라인이던 각 기간과 여건에 따라서 좋음 고로 발품팔수록 이득임,2,2026-03-03
HD4rY2a-FiY,UgzQULGq8Xv4YeFBETh4AaABAg,@yomi-v6p3g,공식 홈페이지 임직원몰이 가장 저렴했음,0,2026-02-09
HD4rY2a-FiY,UgzoRcJ1aDVagqFCipN4AaABAg,@영호하-u9i,근데  수리 해야 할때  틀려~~  기사들도   알던데~~~  A/S  좀 더 잘 받을 수 있음~~~,0,2025-05-14
HD4rY2a-FiY,UgzT7nS2yA9dvcmmjMt4AaABAg,@사자-m4d,그냥 가전은 당근해라. 집도 차도없는데 왜 가전사는지 이해가안됨,0,2025-05-10
HD4rY2a-FiY,UgygvZ_XRu_OZHiPxhR4AaABAg,@ahah1220,개소리지ㅋㅋ,0,2025-05-10
SbyoqCx1Dcc,Ugy_ah27Nd6ieySpsul4AaABAg,@SHoon1026,ㅋㅋㅋ 이사갈때 불편하다지만 살때는 다 필요하잖아요 그냥 싸디싼거 사서 이사갈때마다 버리겠단건가요,32,2025-11-20
SbyoqCx1Dcc,UgyNaz_IFz2Aw5lZxfJ4AaABAg,@HooniO3O,이유가 참...할 말이없슴다,16,2025-12-22
SbyoqCx1Dcc,UgzgTiFupYO9TghxV0p4AaABAg,@증평개미,전세로 들어가면 그렇겟쥬...,13,2025-11-13
SbyoqCx1Dcc,Ugxzmm-TDDzem5mzxJB4AaABAg,@rtjjpation3791,뭘삿길래 3천.... ?...,11,2025-12-04
SbyoqCx1Dcc,UgwKM3yrpmw5mQ6lg6F4AaABAg,@수저-i4q,집은 세살이인데..가전은 최고급으로 맞추셧나..,2,2026-04-04
SbyoqCx1Dcc,UgzWyhln0joLoewqtqh4AaABAg,@융3964,"저도 나중에 이사갈때 대비해서 최소한의 가전만 사고, 나머지는 자취할때 쓰던거 들고갑니다! 2년 후 이사갈때 새로 살려구요!",0,2025-09-29
SbyoqCx1Dcc,UgzmMv5NhDYoxDqrqzF4AaABAg,@usofus0520,많이 먹으면 좋을줄 알고 뷔폐가서 행복하게 먹은게 후회되요. 똥을 많이싸게 되었거든요. 덕분에 화장실 한번가도될걸 하루에 세번이나 갓어요. 앞으로 똥싸서 물내리는 비용 아껴야하니 뷔폐를 안가고 절에가서 보리밥이나 먹어야 겠어요. 아직도 뷔폐가 나아보이나요?,1,2026-03-01
SbyoqCx1Dcc,Ugyd3ZZbgTZF6lCJ4JV4AaABAg,@Comekimi,작은 전셋집으로 시작하는 분에게 적합한 말씀이네요! 나중에 내집마련하고나면 좋은 가전으로 채워서 오래살고 좋겠죠! ㅎㅎ,0,2026-03-15
SbyoqCx1Dcc,UgyX_dhwNgbwDhxBOwV4AaABAg,@choikim-s4s,아니 난 와이프가 저렇게 말하면 진짜 기분 안좋아짐...,1,2026-02-03
SbyoqCx1Dcc,UgwAzjkD3ci7UAEkYOp4AaABAg,@jk-gn2fu,"미국 사는데 다 페북 마켓에서 중고로 샀음. 우리 집 가구 다 합쳐서 한 4, 500달러 쯤 하려나...",0,2026-04-13
SbyoqCx1Dcc,Ugx08KiaiPbgPLIdjHt4AaABAg,@KM-mk8sn,이분 말 공감하는게 세살이 하면서 2년에 한번씩 이사 할거면 가전 가구 가성비 싼거로 사야하고 매매로 좀 오래 살거다 하면 풀세팅도 추천함 암튼 세살이는 가성비로 가는게 갑이긴 함,2,2026-01-28
SbyoqCx1Dcc,UgwpPpI4C8Qr6-mjaQt4AaABAg,@duruu2,그러면 평생안사겠네 ㅋㅋ,3,2025-10-10
SbyoqCx1Dcc,Ugz2dzVc5WQf6fnRwSR4AaABAg,@sendcjqd-k2h7i,다 필요.. 캐쉬백받아서 1300이하로 풀로 다 맞췄음 어캐 2천~3천이나오지..,4,2026-02-09
SbyoqCx1Dcc,Ugxn8bm3doVc_0_YW7V4AaABAg,@이택원-h1y,2천이라말해놓고 글은3천이라 해..,0,2026-04-04
SbyoqCx1Dcc,Ugwrtshp40caAPV2JQJ4AaABAg,@박준용-p9p,매매해서 들어간게 아니어서 그런거 아닌가요?,18,2025-10-28
SbyoqCx1Dcc,UgwmMLWVpcG6tKYmq694AaABAg,@룬신,"말을 잘못했네 저런거보다 
이사갈때 가전 크기나 위치가 안맞는경우가 많은기 문제지",1,2026-02-01
SbyoqCx1Dcc,UgzyBnHhTtKMBGdRVDx4AaABAg,@드가자잇-z6sssws,이 영상은 뭔말인지 이해가 안가네 ㅋㅋㅋㅋ,0,2026-04-13
SbyoqCx1Dcc,UgxDAdneTLrZHQ83DPN4AaABAg,@national_power_level,? 자가면 이사안가잖어 지방은 국평 3억인뎅,0,2026-03-09
SbyoqCx1Dcc,UgyQ_Zd8qB1k5lLfpeV4AaABAg,@해피씨쀼,#shorts #신혼가전 #결혼준비 #해피씨쀼,0,2025-06-27
SbyoqCx1Dcc,UgwQ3CvnuRtvKOtSe_94AaABAg,@boseclay,뭔소리여,0,2026-05-25
SbyoqCx1Dcc,UgznJYr_OGRFbx4ndHd4AaABAg,@katoyh9471,그렇다고 신혼 가전을 어케안삼? 청소안할거임? 밥안해먹을거임? 옷안빨아입을거임? 여름에 더우면 에어컨 안틀거임? 말같지도 않은 소리를 하고있네,4,2026-01-17
SbyoqCx1Dcc,UgwpHXPc6R3htEr-fqB4AaABAg,@hossa4518,뭔 말같지도 않은소리 애기잇고 애들키우거나 하면 언제 가전 다시 새로 맞춤? 신혼때나 신축아파트 입주했으면 가전 다 맞추는게 나아요.. 신축전세살면서 하면 안된다라고 말해야죠 쥐뿔도 없는것들이,0,2026-02-24
SbyoqCx1Dcc,UgwUGVRLgiK5pVPe2st4AaABAg,@HYUK88-i6n,뭐라는거야..ㅋ 이거 때문에 이사갈 엄두가 안날정도라니 참..,32,2025-11-24
SbyoqCx1Dcc,Ugyx2Xs0kOsRL936kEp4AaABAg,@niniy1802,"근데 진짜 한번에 사는게 특출나게 쌉니까??
그냥 꼭필요한 냉장고. 세탁기. 청소기 일단 사놓고 좀 살다 또사고 사고 하면..손해일까요???
경험이 없어서 묻습니다",1,2026-01-22
SbyoqCx1Dcc,Ugx7CpMKDUGbiVBhDFx4AaABAg,@나쏠수있어,이사 무서워서 없이 살라는건가?,1,2026-01-14
Q5DUcSlUdV8,UgxPeDyjjqN_UpM6lsV4AaABAg,@staywildchild,"댓글로 공유해주신 내용들도 도움이 많이 되네요! 생생 리얼 후기!
댓글도 꼭 참고해주시고요 :) 경험담 같이 나눠주셔서 넘넘 감사합니다 옥자님들 💛💛💛",27,2022-04-05
Q5DUcSlUdV8,Ugxr_tcqebGxMm8Kwfx4AaABAg,@wonney2346,요약하면 신혼인 경우 애기낳기전이 가구는 가성비로 최소화 가전은 제일 좋은걸로.. 팁으로 가전은 오프라인 최저가 다 뽑아서 백화점 가서 뽑은거 보여주면 그 가격에 맞춰서 상품권이라도 더 맞춰서 줍니다,27,2022-07-17
Q5DUcSlUdV8,UgxIBBPDK8JOvnOsTYd4AaABAg,@ppurirang,신혼때 사지말아야할것: 진짜 거의 모든것.. 자취한다 생각하고 싸고 금방 바꿀것들로 쓰다가 내 생활습관이 정착된 이후에 한개씩 들여야해요진짜ㅠㅠ,288,2022-04-04
Q5DUcSlUdV8,UgzSMidpGRkx5f7hZs54AaABAg,@bella_s.y2115,저도 결혼할때 남편이 원룸에서 자취할때 쓴 소형가전제품들 그대로 써서 사용했어요 ㅋㅋ 이제 결혼 4년차 시작하는데 곧 이사하거든요~ 이사갈때 싹 버리고 새로 장만할꺼에요 ㅎㅎ 4년동안 정말 필요한게 뭔지 알게되더라고요.,19,2022-10-30
Q5DUcSlUdV8,UgxYhxpZGq8iHEbyqc54AaABAg,@최유원-g5v,"말씀하신거 대부분 동의요 진짜!!2년정도 살고 있는데 가전은 말씀하신거 다 추천이구요ㅋㅋ 가구는 거실에서 비중이 커보이는 쇼파만 좋은거 고집했는데 막상 살아보니 식탁도 중요한거같더라구요 식탁은 다른 가구에 비해 저렴한거 했더니 아쉬워용ㅜㅜ
자잘한 가구나 소품들은 진짜 살면서 마련하세요 아기태어나면 다 치워야해여ㅎㅎ",38,2022-05-30
Q5DUcSlUdV8,UgxIvtWDf0-0EuzEzjJ4AaABAg,@소댜-c1x,가전 진짜 공감입니다. 무조건 에너지효율 1등급으로. 웬만해선 잘 안바꾸게 되니까요. 특히 냉장고나 기타 전기 많이 먹는 것들요. 티비장과 화장대 역시 꼭 없어도 되더라구요. 부피 큰 가구도 구입에 신중해야 함. 처치곤란되는 경우가 많아서. 바꾸기도 쉽지 않구요.,84,2022-04-11
Q5DUcSlUdV8,Ugx6AuponBgepdXbS9B4AaABAg,@술린이,14:08 올블랙 야옹이 넘 이뻐요 ㅠㅠ 눈색깔도 넘 이쁨.. 열심히 보고있다가 엄마미소ㅎㅎㅎ❤,3,2024-10-27
Q5DUcSlUdV8,Ugw41VOxjNJbhwKiJzR4AaABAg,@jejulife-saun,결혼전에 혼수준비하면서 봤어야했는데 ㅋㅋㅋㅋㅋㅋㅋㅋㅋㅋ 저도 이미 결혼해서 되돌릴수가 없네요ㅠㅠ,2,2022-07-19
Q5DUcSlUdV8,UgzFkS-PX1xYAPsbMc14AaABAg,@블루딜라이트-t1u,가전 들이기전에 이영샹부터 먼저 보게되어 완전 도움됐어요👍,0,2023-02-14
Q5DUcSlUdV8,Ugx5_dWqbNND350HfDd4AaABAg,@finepine1516,"이번에 결혼준비하면서 유용한 팁들 많이 얻고갑니다!! 영상 너무잘봤어요 구독까지 꾹👍
그리고 마지막 TMI꿀팁 너무 귀여우신거아닙니깡ㅋㅋㅋ",0,2023-10-04
Q5DUcSlUdV8,UgyIWNK52xVJVPldI5x4AaABAg,@swanyoga_uijung,좋은정보 감사합니다💛,0,2023-08-16
Q5DUcSlUdV8,UgwTeGEgI1edYG7A1qV4AaABAg,@iill1illlil116,김치가 별로 없어도 김치냉장고 필수같아요 고기던 야채던 반찬이던 안상하고 훨씬 오래감,5,2022-12-17
Q5DUcSlUdV8,Ugxy0xPW1icijQfc5d14AaABAg,@Joymom,건조기 너무 좋아요~^^ 좋은정보 나눠 주시고 정성가득 영상 보여주셔서 감사합니다~자주 올께요~❤️❤️❤️,3,2022-04-12
Q5DUcSlUdV8,UgyLoWv8UtTVlkVOD4B4AaABAg,@귀여운게최고야-f3h,"4:54 고양이가 넘 귀여워서 계속 돌려봤어요..❤ 후우 이거 남자친구한테 꼭 보여줘야겠어요 의견이 너무 안 맞아서 스트레스였습니다 🙀..ㅎㅎㅎ잘 저장해둬야겠어요 💜
저는 건조기가 필요하다고 생각했는데 어머님이랑 남자친구는 두 집 살림에 건조기가 필요하냐구...해서..... 안 샀는데...너무 힘들어욬ㅋㅋㅋㅋㅋ ㅠㅠㅠㅠ 본가에는 건조기가 있어서 얼마나 편했는지 ... 흑흑 건조기는 정말 꼬오오오옥 사야된다고 생각합니다...식세기도꼭...💜
백화점에서 가전을 살 수 있다는걸 첨 알았어요 하하하하 지방에 사는데 백화점 있는곳 갈 일 있으면 꼭 가봐야겠네요 ㅎㅎㅎ",3,2022-11-23
Q5DUcSlUdV8,UgyiviKJ2flrl6atXlh4AaABAg,@hyeyaji,곧 이사를 앞두고 있는데 이 영상이 딱 눈에 들어오다니 행운이네요..! 공감하는 부분도 많고 새롭게 알게 된 부분도 많아서 참 감사한 영상입니다. 많은 참고가 될 것 같아요! 스와차님도 알게 돼서 좋네요...히🧡,8,2022-05-23
Q5DUcSlUdV8,UgyppmihiRBqSw-Bv2F4AaABAg,@이지윤-m9q,"*가전은 잘안바꾸게되니 좋은걸로( 에너지효율도 좋은걸로?)

*가구, 주방용품 같은 작은 것들은  처음엔 가성비, 최소한으로만 사서 탐색한 뒤 ->살아보면서 chg

<추천>
1. 건조기) 수건 양말 추천 / 옷감중요한건 송풍기능정도만, 특히 고양이키우면!!

2. 로봇청소기) 치우기는 귀찮을수 있으나 추천, 특히고양이0면 추천

3.식세기) 그때그때 설거지 좋아하면 그닥이라는 사람도 있으나 대부분 추천!(특히 아이생기면)
(큰거-모아서 돌리는게 번거로우나 냄비 후라이팬 등도 들어가서 좋음)

4.  김치냉장고 추천(or 김치 잘 쉬어서 버려야, 김치냉장고는 너무 크다면 냉장고에 이거 딸린거로 사기)
-냉장고) 비스포크/오브제 많이씀
-이중문보다 문1개가, 냉장<김치냉장, 냉동이 많이쓰임

5. 식탁 같이 자주 쓸 1~2가지 가구는 발품팔아서 좋은거 사기 (우리만-작은거, 손님-큰거.. 고민될 수 있음. 조금 살아보다 사도ok)

6.인덕션 (청소쉽고 유해가스ㄴㄴ)

<주의>
1. 화장대-작은 이쁜거 대신 / 큰수납장+거울 or 안쓰일수도)화장실? 
2.침대프레임- 애기있음 어차피 필요x 싼걸로 or 안해도..
3.거실장- 애물단지 될 가능성높음, tv 벽걸이일수도있고 등, 애생기면 더 필요ㄴㄴ
4. 집 크기에 비해 넘 큰거 ㄴㄴ
5. 너무넉넉한 수납장ㄴㄴ
6. 주방용품 등 작은 것들) 수저세트, 그릇8인세트 같은거ㄴㄴ 주방용품은 최소한 사고 찾아가면서 추가로사기

* 백화점 견적체크-의외로 여러개사면 더 싸거나 비슷
* 결혼식 본식영상 꼭 찍기",90,2022-07-04
Q5DUcSlUdV8,UgzlHGWasdAuEARIsD14AaABAg,@mintbene,"목소리도 너무 편하고 
얘기도 조근조근 도움되는 말들도 너무 많아요^^
동네 좋은 언니랑 수다떠는 느낌의 영상이네요 
구독누르고 갑니당 ㅋㅋㅋ
살림은 장비빨이라 생각하는 사람이라 인덕션 식세기 건조기 로봇청소기 진짜 뽕뽑고 쓰는중입니다 완전 강추강추~",6,2022-09-29
Q5DUcSlUdV8,Ugyy0lDh7b5mmUU_wsV4AaABAg,@jinyoungheo9196,결혼8년차.. 핵공감되어 댓글 달고 갑니다. 저도 백화점에서 가전 다 맞췄어여 ㅋㅋㅋ 요새는 오픈점 찾아가는게 대세같던데... 이번에 이사해서 식세기 들입니다 헤헤~,0,2023-04-25
Q5DUcSlUdV8,UgxNfA813RdK7rki6ch4AaABAg,@ssk0207-,"누군가에게 진짜 도움될 영상이네요!!
건조기 로봇청소기 진짜 꼭사세요 두번사세요!!",2,2022-04-03
Q5DUcSlUdV8,Ugxd0Hs53uNdIKG8CvR4AaABAg,@김경미-s4c,좋은정보감사해요 !,0,2022-04-05
Q5DUcSlUdV8,UgwPFtTDHdBjNq48nd54AaABAg,@지금이순간-d2n,"전 가전제품은 어자피 살꺼 한꺼번에 다 사서 할인 많이 받자에요ㅋㅋ 건조기, 에어드레서, 김냉 샀는데 뒤늦게 식세기 샀고 조만간 로봇청소기랑 음식물처리기 살 예정이에요ㅋㅋㅋ 가전제품은 많을수록 일손을 덜어주는 느낌이랄까요ㅋㅋㅋ 그리고 가전제품은 한 브랜드에서 다 사는거 완전 중요!!해요ㅋㅋㅋ",3,2022-07-27
Q5DUcSlUdV8,UgxEkgZZG07dPuyrZYt4AaABAg,@yyeeun2,"머신기 추천해주시면  감사하겠어요~
요즘 종류가 너무 다양해 고민중이거든요~~^^",0,2022-05-20
Q5DUcSlUdV8,UgyQAlf6XASZXsh6gU94AaABAg,@hello_hong22,도움받은 영상 다 구독중...알고리즘의 힘인가😆,0,2022-05-25
Q5DUcSlUdV8,Ugy7dWtAB87DRpX6z2R4AaABAg,@하이지-d2s9q,영상 잘봤어요^^ 혹시 커피머신은 어디껀가요??,0,2022-05-31
Q5DUcSlUdV8,Ugz6NFf7hqBLvZpl3Qd4AaABAg,@sangheesong2416,결혼준비하려는데 많은 도움이 되네요 ㅎㅎ 감사드립니다 ^^,2,2022-09-21
Q5DUcSlUdV8,UgwKXveRVLz-ENwVssl4AaABAg,@홍홍홍-f7o,날씬하신데 식단이나 몸매관리비법 같은것도 공유해주지면 좋겠어요ㅋㅋ,0,2022-05-17
Q5DUcSlUdV8,UgynWQST7RgOV4LqISh4AaABAg,@eileenyj,친정에서 쓰던 화장대가 좋은거라서 어쩔 수 없이 가지고 왔는데요. 차라리 이 자리에 전신거울 두고 싶어요🥲ㅋㅋ 화장대가 꼭 필요한지 고민해보실 것. 건식으로 화장실 쓴다면 화장대 필요 없을 수 있어요. 또 거실에 소파 안 두고 카페처럼 책장이랑 큰 식탁 뒀었는데 소파가 없으니 쉴 곳이 침대 뿐이라 결국 소파도 이사하며 들였습니다ㅎㅎ 독립은 처음이라 처음엔 로망 채우기 바쁜데 살다보면 결국 편의성이 최고였다는 결론입니다😂,1,2022-04-13
Q5DUcSlUdV8,Ugz3lIqn_dFKcpej3V14AaABAg,@열무두콩이,영상보구 댓글보고 저 결혼준비 다시 하고싶어요 지금꺼 다 무효야 다시할래요…🙊😁😁😁😁❤️,2,2022-04-05
Q5DUcSlUdV8,UgwrHJMiK8dGDWjXkwh4AaABAg,@박보라-h1r,"넘유용한 정보네요😍
혹시 침대프레임은 아기낳으면 왜 교체를 해야하는 걸까요? 그리고 인덕션은 고양이 화재 괜찮을까용?",2,2023-02-15
Q5DUcSlUdV8,UgyGW6EnHV2Wbm9T3WV4AaABAg,@엘리-m7w,"전 신혼때  로봇청소기 비추요 애생기면 층간소음 때문에 이곳 저곳 매트 깔면 쓸곳이 없어요ㅠㅠ
김치냉장고도 식구 늘어나면 사세요
김치도 요즘 조금씩 사먹으니까요
화장대 티비장은 공감이용ㅎㅎ",4,2023-01-03
Q5DUcSlUdV8,UgxCnd7GT5XfNaIizZ94AaABAg,@kimjm6458,안녕하세요 지금에야 이영상을 유용하게보게되었는데 ㅎㅎ 혹시 아기낳으면 소파프레임부터 바꾼다고하신게 어떤 프레임으로 바꾸는걸 말씀하시는걸까요? ㅎㅎ 신혼초에 애초에 사는걸 고려해볼까해서요~,0,2023-01-21
Q5DUcSlUdV8,UgxknIh1Rul91XHRM5l4AaABAg,@데이지-l9u,전 현명하게 잘 구매한거 같아용~~ 워낙 생각이 많아서 장단점부터 생각하고 또 가구는 딱 필요한것만 구매하고 가전은 최신형으로 백화점에서 구매했어요:) 가전 가구 다 만족스러워요 조만간 아가 태어나는데 첨부터 슈퍼싱글로 구매해요^^ 전 실용성이랑 지속성에 중점을 두고 구매해요,7,2022-06-20
Q5DUcSlUdV8,UgxLPba7vGWF0n46Yyh4AaABAg,@쭈니-q2t,"역시 살아본 경험자들은 공감할만한것들로 쪽집게 강사님처럼 꼭 꼭 찝어주시니 너무좋아요
저도 건조기 너무 잘 사용하고 있지요~ 건조기 밑에 설치한 미니워시도 아주 잘이요~ 오늘 영상도 감사합니다 😊",8,2022-04-03
Q5DUcSlUdV8,UgzPndntmoP_KBHcgJ94AaABAg,@무무-n9v,입주하면서 식세기 건조기 샀는데 정말 유용합니다.,4,2022-04-06
Q5DUcSlUdV8,Ugy853sWdid_L_zMJDx4AaABAg,@tae-yeonkim669,아싸 일등 ㅋㅋㅋ 선댓후시청 꼬우~,1,2022-04-03
Q5DUcSlUdV8,UgyRzo51wqW5Qexw_6l4AaABAg,@fullwithmoon,21세기 최고의 발명품…. 건조기라고 생각합니다 ㅋㅋㅋㅋㅋ 혁명 수준,4,2022-04-03
Q5DUcSlUdV8,Ugyjq2j7vD-6U2Pzlo54AaABAg,@wit_spoon,침대 매트리스는 비용을 써서 좋은걸로 살지 아님 이사 다닐때 망가지니 가성비로 살지 고민입니다😢 건강 잘 챙기세요 스와차님❤,0,2023-09-22
Q5DUcSlUdV8,UgxlXwZ5g5P261RtVnJ4AaABAg,@chzhfflt693,무설치 3인용? 식세기 강추에요 살때는 너무 작지않을까했는데 밥먹은후 바로 온수따로안쓰고 물5리터만 넣으면 알아서 물 끓여져서 뽀독뽀독하게 잘씻어줘용 직접설거지할때보다 물도 덜써요 ㅎㅎ,1,2023-02-08
Q5DUcSlUdV8,UgzE5y2ajg6VOQB5kZR4AaABAg,@jsteacher6924,미니 제빙기 사시면. 얼중아 해결 됩니다. 얼음정수기보다 쌉니다. 중고도 있어요~,0,2022-05-31
Q5DUcSlUdV8,UgzAHq7eccGP20Fy3Ht4AaABAg,@junekim2325,미우 오늘 많이 등장하네요 ㅎ ㅎ 문득 고양이 관련 용품~청소팁 이런것두 공유해주심 좋을것 같네요 🙂,1,2022-04-03
Q5DUcSlUdV8,Ugy5leHvoc8AgzKC35t4AaABAg,@할수있다연,동영상까지 고민하고있었는데 제 생각을 간파당한 느낌이네요!ㅎ,0,2022-12-07
Q5DUcSlUdV8,UgzRWubLLkOYxHyLn1t4AaABAg,@Shevevd,"넵..저도 식세기 진짜ㅎㅎ 꿈의 가전이었는데 ㅠㅜ 신혼때 냄비던 그릇 다 식세기 가능용으로 사서 쓰려구요...요리는 좋은데 냄비, 그릇들 쌓이는 거 너무 스트레스인데 요리끝나고 하려니 고되고...남편 시키려니 매번 그러긴 미안할 것 같아서 맘편히 요리하려구 삽니다ㅠㅜ 
성격 급한 분들은 그릇 식세기에 채워두는 게 힘들겠지도 모르겠지만 전 쌓아둬도 신경 안 쓰는 편이라...ㅎㅎ",1,2023-01-12
Q5DUcSlUdV8,UgxLTcRooOcvNEbrEhp4AaABAg,@헤헷-y3f,안녕하세요. 김치냉장고도 삼성제품인가요? 비스포크냉장고보다 높이가 조금 낮아보이는데 모델명 알 수 있을까요? 우리집 양문형냉장고와 높이가 얼추 비슷해보일 것 같아 간절히 김냉 모델명 원합니다~,1,2023-01-04
Q5DUcSlUdV8,UgwfjRueOsjzTQS0a3p4AaABAg,@namwonbin,오오 어제 더현대에서 견적비교하도왔는데 당장 사고싶지 않은거 ..아주 과감히 버려야겠아요!!!좋은정보감사용:),1,2022-09-12
Q5DUcSlUdV8,UgyvWUpUCHiDoZ9voB94AaABAg,@냥집사-m5i,고양이너무 이뻐요,0,2022-05-31
Q5DUcSlUdV8,UgwbAQITXgYCwulZ6qZ4AaABAg,@grandmams,"36년차 주부이며 외동딸이 결혼해서 저에게 해당은 안되지만  영상 보는내내 스와차님의 경험의 리뷰와 장단점까지 알찬정보 만들어주셔서 노력에 엄지척 👍 옥자님들을 위한 유익한 정보 영상감사하고 아침 , 저녁 쌀쌀하니 남편과 함께 건강유의하시고 늘 행복하시고 적은 힘이나마 응원합니다 굿잠 되세용 💕 💜 💏",22,2022-04-07
Q5DUcSlUdV8,UgyitIvtBYpdK2STSEt4AaABAg,@jeehyunpark440,고양이 넘 귀여워요🐱🖤🖤,3,2022-04-04
Q5DUcSlUdV8,UgzhO9PSB9bSwXS11Sh4AaABAg,@alohilani_247,퀄리티는 포기하고 기록용으로라도 본식영상 필요해요😂 봉투랑 싹 어플로 정리하긴하는데(경조사어플!) 영상을 봐야 하더라구요 그리고 부케 추가금없이 그냥 고른것도ㅎㅎ 내가 꽃집을 하거나 그런 꽃집 지인이 있어서 부케하는거 아닌이상.. 패키지 내에서 굳이 몇십씩 추가할만한 퀄리티는 아닌거같아요🤣 그리고 요즘은 약품처리해서 말리고 향초나 압화액자 등으로 하던데 그거 참 좋을듯요 그냥 지인이 말려서 유리돔에 담아 줬는데 벌레나와요 부서지고ㅜㅠㅠㅠ 그리구 가전은 브랜드 통일하는것도 할인방법! 저희땐 LG가 넘 투박해서 삼성으로 했었는데 그게 싸게먹혔구요~ 하이마트도 지점마다 할인율이 다르고요☺️ 최근 백화점에 입점해서 할인율 쎄게 들어간 지점을 노렸었죠ㅎㅎ,6,2022-04-03
Q5DUcSlUdV8,UgzJdtbBn_I83IQugCh4AaABAg,@luv_myownspace,진짜 다 맞는말씀만 👍🏻 너무 공감하고 가요~🌈 저도 딱 10년차인데~ 공감하고 가용🥰,4,2022-04-07
Q5DUcSlUdV8,UgyN5MZqen4N7KXUyXd4AaABAg,@김기남-w5h,"전기,물을 이용한 가전의 모든종류 별 작동원리?",0,2022-07-31
Q5DUcSlUdV8,Ugy7sbimfhDSAS11Owx4AaABAg,@냉면사랑-t3z,고민중이었던걸 이 영상보고 고민 끝냈습니다 감사합니다 ^^,0,2023-05-13
Q5DUcSlUdV8,UgwDkKJoepgw55xfu3h4AaABAg,@choryu1625,발뮤다 토스트기는 없는데 좋은지 지금 알았네요! ㅋ,0,2022-05-22
Q5DUcSlUdV8,UgwMTjX3SSziX62BC2Z4AaABAg,@젤리카424,"비스포크 김치냉장고 서랍 끝까지 열리나요?
그게 너무 궁금해서요",0,2022-09-18
Q5DUcSlUdV8,UgwhNBevvs7qEU4dZ6t4AaABAg,@savior119,공감공감!! 저도 결혼 6년차인데 4년 전에 입주하면서 엘지 시그니처 냉장고에 꽂혀 샀는데 지금 이사를 앞둔 시점이라 쪼금 후회합니다 😂😂 이 냉툭튀 냉장고 때문에 주방 레이아웃이 안나와요.. 그렇다고 이거 버리고 다운그레이드 할 수도 없고 하 뭐든지 적당한걸 사시는걸 추천드립니다~!,12,2022-04-05
Q5DUcSlUdV8,UgyM2_jyaK-7em9czZh4AaABAg,@가을향기-c6p,인덕션은 어디꺼 쓰실까요?,0,2023-01-05
Q5DUcSlUdV8,UgyMAI8JzgBG0UcYOfF4AaABAg,@Gajoo,우와❤ 감사해요!,11,2022-04-04
Q5DUcSlUdV8,Ugztz2RB6rHJ-J1femp4AaABAg,@officialwemakeprice,"로봇청소기는 저도 있어서 완전 공감해요 ㅠ
건조기는 아직 고민 중인데 영상에서 말씀하신 것도 그렇고, 댓글들도 그렇고 건조기 저도 뽐뿌오네요!!! 아진짜 이런 살림꿀팁들 너무 좋습니다 ㅠㅠ 
많이 배우고 가요 감사해요 ㅠㅠ",38,2022-04-08
Q5DUcSlUdV8,Ugzxlh8C7mIy5JhqHuF4AaABAg,@씬뽐,"하.. 저랑 똑같은 후회 ㅠㅠ 공감 100% 에요
여러분!! 결혼 동영상 꼭 하세요!!!",1,2022-04-07
Q5DUcSlUdV8,UgzX2Kefv2o88iMFw214AaABAg,@ddd234-o1r,세탁기랑 건조기는 일체형으로 사는건 비추일까요?,0,2022-08-05
Q5DUcSlUdV8,Ugz2kSGV9BIYNsl8nyh4AaABAg,@고은지-e6q,지금 5년차에 23갤 된 딸램 1명 잇는데 혼수가구 다 당근으로 팔고 장농 하나 남음...ㅋㅋㅋㅋㅋㅋㅋㅋ 어제는 혼수로 산 티비 당근함 ㅋㅋㅋㅋ진짜 .. 가구가 젤 아까움 ㅠ 그래도 판매 하면 업체 이전 서비스는 좋은듯..,1,2022-06-01
Q5DUcSlUdV8,UgztOdQGPwaUq9oSW8V4AaABAg,@세윤-n1v,"2011년 결혼해서 12년차입니다
냉장고 김냉 티비 다 그때그대로
세탁기는 남편자취때쓰던거라 최근에 바꿈요 건조기 로봇청소기필수입니다

그래도 전 유선청소기도 필요하더라고요
전자제품은 무조건 살때
가장큰게좋아요 특히 세탁기 건조기 냉장고용",1,2022-11-13
Q5DUcSlUdV8,UgwwPdWrtGW0jlt7Vl94AaABAg,@yyy0411,듣기 편해요,0,2022-08-19
Q5DUcSlUdV8,UgwuSn6nh-VW-YNgo1l4AaABAg,@lily-qie,"안녕하새요, 항상 잘보고있는데 댓글은 처음이에요👋👋
요즘 제가 연청 찾고있는데, 청바지 넘 이뻐요. 🥰🥰
7:44 혹시 영상속 청바지 어딘건지 알 수 있을까요?🤗🤗",1,2022-04-03
Q5DUcSlUdV8,UgwIoqeNSPysAwveWnB4AaABAg,@아따마망,티비다이는 진짜 있으면 안에 짐만 더 늘어나는느낌?! 그리고 뭐 넣으면 일일이 다 열어보고 뭐있는지 봐야되고 잔짐이 많아진다😂,0,2024-01-16
Q5DUcSlUdV8,Ugyir71xjBbpwI9L_EN4AaABAg,@쩡2-v7o,요즘 관심이 가시는 식탁 브랜드 있을까요?!?! 저도 신혼집 꾸미는 중인데 추천하시는 브랜드 있나해서요!ㅎㅎ,0,2022-04-03
Q5DUcSlUdV8,UgzCUGx1dVzJowAZIph4AaABAg,@entk8013,"신혼 때 가전은 최신식으로 사서 10년 이상 쓰기

신혼 때 가구는 가성비 제품 사서 써보면서 취향 찾기
4-5년차때 취향이 정해지면 비싼 가구로 사라

침대 프레임은 첫째 아기 낳으면 무조건 바꾼다고 생각하고 가성비로 사라

시간을 비교적 많이 보내는 반려가구(식탁 등) 1-2개는 좋은 걸로 사라

화장대 대신에 수납장을 사서 수납장 위를 화장대로 활용해라

큰 가구들은 사지마라
애물단지가 될 수 있다
ex. 큰 책장, 그릇장 등

주방용품은 부족한 듯 시작해서 점점 마음에 드는 걸로 바꿔나가라
ex. 그릇 세트, 식기 세트 절대 사지마라",4,2023-12-08
Q5DUcSlUdV8,Ugxp9h4IbLLPe5rZpWt4AaABAg,@수즈-g4g,200퍼 공감… 본식 디브이디는 받아서 딱 한번 봤지만 후회안합니다 ㅋㅋ 코로나로 못오신 어른들께 돌리니 엄청 좋아하셨어요 안보더라도 가지고있는게 마음이 든든ㅋㅋ 건조기 스타일러 넘 가지고싶어요 이사갈때까지 버티는중…. 냉장고는 선물로 받아서 비스포크 못골랐는데 철판깔고 비스포크 고를걸 후회합니다. 가구는 벌써부터 후회가 많습니다 ㅋㅋㅋㅋㅋ (결혼1년차),13,2022-04-04
Q5DUcSlUdV8,UgxJFde2vJvQOXCkZ0Z4AaABAg,@박지영-j9r,"저는 결혼 4년차인데 식세기 들인지 2년정도 되가거든요 완전 필수템이에요! 그 우려주신 식기가 이게 될지 안될지 보는건 일단 다돌려보고 살아남은 아이들만 써서....ㅋㅋㅋ나중엔 강한 친구들만 남게됩니다
저는 건조기도 최고지만 식세기가 정말 최고 진짜진짜 대박 추천드려요 ㅎㅎ
저는 집에서 밥도 해먹고 디저트도 만들고 해서 활용도가 좋더라구요
모든 가전은 거거익선! 크면클수록 좋습니당",5,2022-05-31
Q5DUcSlUdV8,Ugyn4RtvVBoylqJzfh94AaABAg,@에스실,"이야기 많이 동감되요 ㅋ 
저 결혼 9년차 요번에 3번째 이사인데 도움되어요 ~
쇼파이야기 빠져서 살짝 아쉬웠네요 🤗",3,2022-04-03
Q5DUcSlUdV8,UgxpACCmuULFRipOkJR4AaABAg,@sysysy8879jung,원목식탁에 딸려온 벤치의자 티비장 대용으로 사용하는데 65인치 티비에 딱입니다,0,2023-11-11
Q5DUcSlUdV8,UgxAmEAscr9p6NpXm614AaABAg,@오즈의맙소사-b6b,결혼식 영상 대공감~전 특히나 결혼식을 친언니랑 같은날 같은장소 시간대만 다르게 괌에서 했는데 영상 못찍은게 제일 아쉬워요 언니랑 이야기 할때도 영상찍어 놓을껄 이라고 제일 후회해요 ㅎㅎㅎ,4,2022-04-03
Q5DUcSlUdV8,UgyFhxN7N3H_SNTBDEZ4AaABAg,@지은-q3f3e,침대프레임.. 고가의 기준이 대략 얼마인가요?ㅠㅠ 신혼인데 분리형 침대 프레임 보고있어서요~ 예랑이는 비싸다고하는데.. 전 잘 모르겠더라구요.. (기능성이라 비싼거 아니냐며),0,2025-04-28
Q5DUcSlUdV8,UgzQZL0Vv7JLjs6U-294AaABAg,@김유미-f8j,냉장고 최신꺼만 진열되어있고 할인되지않나용??,1,2023-10-28
Q5DUcSlUdV8,Ugyt_LLiVTpt5AT2Ay94AaABAg,@younmi0718,서랍장 화장대 쓰고있는데 의자를 놓고 앉으면 다리를 넣을수가 없어서 너무불편해서 그냥 식탁에 앉아서 하게되더라구요ㅎㅎ,1,2022-04-05
Q5DUcSlUdV8,UgwzPNhd7TZoHGHN6Od4AaABAg,@Thenov_Pilates,프레임을 바꾸는 이유가 뭘까요?!?!?,2,2022-06-05
Q5DUcSlUdV8,Ugzoc7cFeZ-aEYP0Jft4AaABAg,@sizztank2,잉 결국 다 사야되잖아요 ㅠㅜ,0,2023-10-03
Q5DUcSlUdV8,UgyUq9tuiN20jXY6oBh4AaABAg,@Curiosity_chase_man,음식물 분쇄기도 필수입니다,0,2022-05-30
Q5DUcSlUdV8,UgxjykBEsmfQmBfDFbF4AaABAg,@edgewaterk2996,"10년차로서 신혼때는 다 필요없죠 세탁기 냉장고 tv만 있어도됩니다. 할줄 아는게 없는데요 ㅎㅎㅎ 물빨래 손빨래 해보고 손걸레질 해보고 필요할때 마련해서 써보는게 좋아요. 자금 여유있으면 사서 실패해보면서 업그레이드도 좋고요. 저는 아이 이유식 마치고 식세기 마련했어요 아기 어릴적엔 식세기 쓸일보다 어차피 손설거지가 더 많고요 건조기도 애기옷은 먼지나서 안좋아요 자녀계획있으면 식세기, 건조기는 나중에. 그냥 빈공간을 마련해두는게 신혼에 필요합니다.",0,2022-09-24
Q5DUcSlUdV8,UgxSae9tdA4Usb3CH414AaABAg,@채은우맘,"그릇세트 반대, 결사반대!!!
ㅎㅎ",5,2022-04-03
Q5DUcSlUdV8,Ugx6TIBTsyNxgGXBtgF4AaABAg,@지니-m5f,식세기 추천이요^^ 손님와도 걱정없고 3인가족 2일에한번 돌려요 완전편해요 그리고 유리컵에 얼룩이 하나도 없어요 투~명 ㅎㅎ,6,2022-04-05
Q5DUcSlUdV8,Ugzh79MzaUjgnCL9qIt4AaABAg,@범고래독점마을,향후 1~2년 안에 바꿀게 잇다면 한번에 구입하는게 확실히 저렴하더라구요 전 얼마전에 아탑홈플러스에서 혼수 맞췄는데 굉장히 만족합니다,1,2022-06-23
Q5DUcSlUdV8,UgzKvkslhBzYhOT_mgV4AaABAg,@꿍꿍이-q8i,안녕하세요 세탁기랑 건조기 가운데 선반 정보 너무 궁금해요! ㅎㅎ정보부탁드립니다❤,0,2022-11-26
Q5DUcSlUdV8,UgxHCcJ3IK7UMQ4tvs14AaABAg,@만들랭,출산 계획이 있으시다면 정말 침대와 가구는 너무 투자 안하시는게 좋아요.. 생활 패턴도 바뀌고 아이들이 훼손시키곸ㅋ 7년차 아이 둘에 남아나는게 없네용ㅎㅎ,7,2022-06-07
Q5DUcSlUdV8,UgwJRQOIFA0wo8GbA2t4AaABAg,@윤블리TV,결혼12년차인데 식세기 sk매직거 아주 사용 잘 하고 있어요~~작두콩차 맛있죠? 늘 건강하세요~~^^@@,0,2022-04-04
Q5DUcSlUdV8,UgwhcnFolrGyRw3NoaV4AaABAg,@singsing1sing,영상잘보고있어요🥰❤️ 오늘 영상도 꿀템많이알아갑니다 ㅎㅎ 혹시 건조기 선반 어디서 구매하셨는지 알려주실수 있을까요?? 저희도 세탁기위에 올리고 싶어서 알아보고 있습니다 ㅠㅠ,1,2022-07-19
Q5DUcSlUdV8,Ugz47XCsY0E-RCaFy7h4AaABAg,@SeoulTraveler-95,"오히려 6인용 그릇세트는 장만하는게 좋아요 
자잘하게 자취용그릇 모앗더니 다 가지각색;; 1년 살고 색 많은건 버렸어요 
그리고 신혼때 은근 집들이 있어서 6인용으로 사시는거 추천해요🎉",0,2024-09-11
Q5DUcSlUdV8,UgwQjjoznaM5mCq41Q14AaABAg,@ddaggum-25,진짜 살면서 보는 눈이 너무 바뀌었어요 주방도구 그릇들도 당장 없으면 밥못먹는 몇개만사고 살면서 채우는게 좋음.. 필요한거 안쓰는거 직접해보면 완전다르고 취향도 달라지눈..,8,2022-04-16
Q5DUcSlUdV8,Ugw-5kAHeVvjTxnlJDx4AaABAg,@herimmy2496,"저 투룸빌라에서 2년동거하다 아파트로 이사해요!! 저도 냥이 2마리 키워서 넘 공감됐어요. 건조기 송풍 꿀팁!! 저희는 김치를 진짜 안먹어서 김냉 안샀는데 김냉모드도 몰랐어요 완전 꿀팁이네용ㅎㅎㅎ
가전에 인테리어하니 돈이없어서 가구는 힘을 쫙 빼서 식탁이랑 침대다이만 저렴이로 사구 책상도 매트리스도 지금 쓰는게 작긴해도 아직 새거라 들고가기로 했는데 영상 보니 잘 한 선택일거같다는 생각이 들어요! 영상 너무 좋아서 구독하고가요오❤",1,2023-11-23
Q5DUcSlUdV8,UgwoJy2PvBvEFAP9fhR4AaABAg,@racheljo1081,식탁은 신혼집 2.3년뒤가좋은거같긴해요.. 저는.. 집에 식탁만 3개에요ㅠㅠㅠㅋㅋㅋ 손님오실때는 컷으면좋겠고..평소에는 남편이랑 둘만살아서 작은게 거실자리안차지해서좋고.. 익스텐션테이블로 다시사고싶어요ㅠ!,2,2022-06-01
Q5DUcSlUdV8,UgzVZHEpZ0RS7FO-WtN4AaABAg,@귀엽지영,큰책장 괜히 샀어요 ㅜㅜ,3,2022-05-29
Q5DUcSlUdV8,Ugy13KocJStvD5kHfwd4AaABAg,@씩씩이들-r8i,"인덕션 진짜 같은이유로 샀어요! 아가들 있는 집은 인덕션이 좋아요~ 그리고 스타일러! 식세기살때 같이 샀는데 코시국, 미먼이 심하니 아이들 하원하면 매일 살균 돌려서 너어무 좋아요!!!",18,2022-04-06
Q5DUcSlUdV8,UgxUR7dsOMUjl-JeOAN4AaABAg,@arheroine,"결혼 5년차인데 공감되는부분이 많네요😃결혼후 바로 애기낳았더니 티비장이야말로 1순위로 버리고싶은 처치곤란가구..화장대에 앉아화장할 일 거의없고..^^;; 비싼티비로는 맨날 뽀로로 핑크퐁이요..;;;
한가지☝, 저희는 가구중에 침대와 침구에 돈을 좀들여서 매트리스를 좋은걸로 샀는데요(프레임은 그냥 우드기본으로하고), 가장만족스러운 소비가아닐수없습니다👍👍 매일 6~8시간은 잠을자는데 너~무 편하게꿀잠자서 남편이랑 자주뿌듯해 하고있어요😍 일과를 마치고 침대에 눕는순간 녹아내립니다~♡ㅋㅋ 브랜드마다 가서 누워보시고 편안한 매트리스, 그리고 포근한침구 고르시는것 추천드려요🥰❤",5,2022-04-04
Q5DUcSlUdV8,UgxuyzRIkQjM0aUJOlJ4AaABAg,@레알마드리드-j6u,누나 이뻐여,0,2022-06-01
Q5DUcSlUdV8,UgwCLLpuVYs_kWRKNBN4AaABAg,@MRN1999,아...그러네요. 본식때 동영상...,2,2022-04-05
Q5DUcSlUdV8,UgyHBw4_gkhMrPk1IbB4AaABAg,@heeya_mama,"4등!!
10년차 결혼생활중인데
구구절절 다 맞는말씀이에요 ㅋㅋ

침대프레임은 애낳고 바로 버렸어요 ㅋㅋㅋ",2,2022-04-03
Q5DUcSlUdV8,UgwSLKQfQnhVKlyoyRZ4AaABAg,@hyungilkim7301,신혼 부부 아니라도 백퍼 공감 영상 입니다. 신혼 살림 장만 때는 표가 나잖아요. 셋뚜셋뚜~ 세일즈 하시는 분 들도 신혼품으로 적극 추천 하시고요~ 정말 비추인 신혼품 중 폐물셋뚜!!  저희 때만 해도 필수였는데 요즘은 어떤지요?? 반지 시계로 간소 하게 하시나요?? 한국 떠난지가 오래 되어서 궁금 하네요. 잘 봤습니다.,11,2022-04-03
Q5DUcSlUdV8,UgyNwKT2208ktkYSDqF4AaABAg,@누운누난냐,"저는 제가 혼자 살던 집에서 신혼집을 시작하게 된 케이스라 혼수를 정말 한개도 안샀어요!! 
2년 후에 이사가 확정이러 그때 제대로 된 제품들을 하고 싶기도 했고 어지간히 다 있어서 바꾸지도 못하고 있는데요. 건조기랑 로봇청소기 진짜 너무 사고 싶구요 ㅋㅋ 화장대는 스와차님이 말하신 것처럼 넓은 서랍장에 거울 올려서 쓰고 있는데.. 저는 화장대가 갖고 싶기도 하네요ㅋㅋㅋ

티비는 현재 없이 지내고 있는데 크게 불편함은 없어요!

요즘 똑똑이라는 어플이 있는데 여기에 원하는 전자제품리스트를 올리면 여러 대리점에서 견적을 내줘서 발품파는데 조금 도움이 된다고 해요! 저도 나중에 제품구입할땐 백화점 가 볼 생각이에요ㅠ 2년후가 빨리오면 좋겠네요 ㅋㅋ

그리고 이야기해주신 전반적인 내용들이 거의 다 공감가는 부분이에요 ㅋㅋ 티비다이, 본식영상(저는 찍었어요!!), 의류관리기(이불도 케어가 된데요!!), 처음부터 꽉 채우는 것보다 살면서 채우는 재미도 좋은 것 같아요!
짝꿍이 책 가득 꽂는 서재를 갖는게 꿈이라 나중에 알파룸은 서재를 만들어 줄 예정인데… 책이 많아서 한쪽 벽 가득 책꽂이 마련해줘야 할 것 같아요ㅠ

참고하셨다는 영상 2개 모두 저도 본 영상이라 매우 반가웠어요!!",1,2022-04-03
Q5DUcSlUdV8,UgxBhspXl-jHlbxy1L94AaABAg,@구원진-z3p,안녕하세요 ㅎ 챙겨보고 있는데 냉장고 색깔은 어떤 색일까요~???,0,2022-07-16
Q5DUcSlUdV8,UgxaqiJsHjX20uW1ZOF4AaABAg,@밀리-i3i,3대 이모님이잖아요 건조기 식세기 로봇청소기~~,0,2022-04-04
Q5DUcSlUdV8,UgyvFC1FT_wFOx2lGs54AaABAg,@은행나무골언덕집,"전 지금 결혼13년차인데요~~ 
신혼때 생각하면 괜히 호기심에 쓸때없이 샀던 소형가전들이 생각나네요ㅎㅎ 
그중에..제빙기와 과일착즙기가 제일 후회템이고 결국 폐기했어요ㅜㅜ 
그리고.. 그시대 유행하는 디자인은 가전이든 가구든 무조건 후회하더라구요~ ㅎ
저도 스와차님처럼 가전은 고사양 최신제품, 가구는 가성비로 사고 나중에 집분위기나 취향에 변화가 생기면 바꾸는 쪽이 좋더라구요^^
지금 집에 시어머니가 쓰셨던 20년정도 된 냉장고를 아직도 잘쓰고 있거든요ㅎㅎ하지만 식탁은 너무너무 제스타일이 아니라 결국 바꾸게 되더라구요.. 
좋은 원목 식탁이라는건 알겠지만.. 너무나 어르신스타일이라..ㅜㅜ 집분위기와 어울리지 않아서 눈에 계속 거슬렸거든요🤣
가구가 인테리어의 중요한 요소가 되기때문에 어쩔수 없는 결단이었답니다ㅎㅎ
공감가는 영상을 보고 있으니..주저리주저리 댓글이 길어졌네요~😆 활기찬 한주 보내세요💕",7,2022-04-04
zYa_WsqPTw8,Ugw-Wxf8GhYviEyrfeJ4AaABAg,@박수빈-x2d,항상 잘 보고있습니다. 다음 영상도 기대 되네요~!,0,2026-02-23
zYa_WsqPTw8,Ugx3d899J5fh-RX0HId4AaABAg,@가을이는가을가을,"허거덩 ㅠㅠ 머에요 완전 감동이쟈냐여 ㅠㅠ
답글로 달아주셔도 되는데
간이 잘 베는법 올려주셔서 넘 감사합니당 ㅠㅠ

부부집밥님 덕분에 하루하루 요리  고민 안하고
맛난거 해먹어여
감사합니다 앞으로도 잘 부탁드려요❤️❤️❤️",1,2026-02-24
zYa_WsqPTw8,UgxBJarkGN61bD2hxtp4AaABAg,@윤써-v1v,참고해서 저도 따라해보고 싶어용!!!!,0,2026-02-25
zYa_WsqPTw8,Ugz5dsEvQFbeeqOnf8x4AaABAg,@ronghong-f1p,찜닭할때 진간장으로 하면 될까용?!,0,2026-03-16
zYa_WsqPTw8,UgwD5j_wbiB-pTwu2Ft4AaABAg,@My-vb8wb,스타우브 18센치면 성인 둘이 먹기 용량 괜찮을까여?,0,2026-04-21
zYa_WsqPTw8,Ugw05zqdmR3YCphxS1J4AaABAg,@My-vb8wb,부부요리님 영상보다가 스타우브 냄비 뽐뿌 오네여 ㅜ ㅜ 좀 비싼데 만족하시나요?ㅋㅋ,0,2026-04-21
zYa_WsqPTw8,UgygfA9LpX87TfCpXQh4AaABAg,@kdyam-e2s,안녕하세요~ 협찬 제안을 드리고 싶은데 혹시 메일주소를 알 수 있을까요?,0,2026-02-27
FdyFy1Uy3zc,UgzZdUo2tXpLpt9zOyR4AaABAg,@MINAH-g8q,요리하기 귀찮을때마다 동기부여가 많이됩니다ㅎㅎ 올려주신 레시피 참고해서 한번씩 만들어보고 있어요😊 다음 영상도 기다릴게요~~,4,2026-03-03
FdyFy1Uy3zc,Ugxf6slce9y40Vc30L94AaABAg,@letitflow2,등촌 비쥬얼이 진짜 등촌같아요! 레시피 짱짱,3,2026-03-03
FdyFy1Uy3zc,UgzZ9lTS_djvTo9pbFF4AaABAg,@h.o.6717,"같은 여자가 보는데도 사랑스러우시네요. 오늘첫시청인데요, 구독 좋아요
누르고 오후 근무 시작합니다😊",3,2026-03-13
FdyFy1Uy3zc,UgyXXL9417HgdjViq0N4AaABAg,@jiniya1746,등촌샤브 맛있어보여요!!,4,2026-03-06
FdyFy1Uy3zc,UgwMWwFaYCWS9U0swTJ4AaABAg,@quanda-i1c,"냉이 된장국 너무 맛있어 보여요.
저도 내일 당장 냉이 사서 냉이 된장국 끓여 먹어야 겠네요.
두분이 알콩달콩 맛나게 드시는 모습 너무 좋네요.^^",1,2026-03-02
FdyFy1Uy3zc,UgwNh-_ZluWhi3uQzoF4AaABAg,@레옹-o1f,"ㅎㅎ처음엔 귀찮고 시간 오래걸려도 하다보면 손에 익어서 음식 하는 시간도 덜걸리고 외식하는 비용도 많이 줄어들고 돈 아끼기 좋더라구요 ! 
무엇보다 저는 사먹는 것보다 건강하게 끼니 챙겨먹는 것에 가치가 더 있다고 느껴서 먼 미래까지 생각하면 돈도 아끼고 건강한 집밥이 최고라고 생각합니다 ㅎㅎ 응원해요~👍",1,2026-03-03
FdyFy1Uy3zc,UgzR9OMNj3KoKH57lIV4AaABAg,@경제공부중-x5z,"이분 수육 맛잘알이시네
가열하면서 고기가 익고 고기내 수분이 밖으로 나갔다가
심부온도와 겉표면 온도가 일정해지면서(=레스팅) 수분이 확들어옵니다.
그렇기 때문에 약간의 설탕과 소금 미원이 있어주면 레스팅되면서 고기안으로 소금설탕미원분자들이 들어와서 고기맛이 훨씬 오르죠",11,2026-03-03
FdyFy1Uy3zc,Ugy0bJt5H8HerhTId2t4AaABAg,@이셀-v1f,우와 다 해먹어봐야겠어요~ 수육에서 고기양을 2배로 늘리게 되면 소금설탕 양이랑 물은 어느정도로 늘려야할까요,0,2026-03-15
FdyFy1Uy3zc,UgwmsyM7pz0pVGWyXlp4AaABAg,@조재민-s5i,"안뇽하세요!! 항상 영상 잘보구 있습니다 ㅎㅎ
혹시 장은 보통 어떻게 보시는지 궁금합니다 !!",0,2026-03-31
FdyFy1Uy3zc,UgzQ4eBzUpJ5Un3Sq414AaABAg,@헤이츕,안녕하세요 냉동칼국수면 어디제품인지 알수 있을까요?~`넘. 맛있어 보여요😊,1,2026-04-26
FdyFy1Uy3zc,Ugz7dCLvsXhoPbgF2hB4AaABAg,@syu_ni,느타리버섯 ..... 다자르네...,0,2026-03-24
FdyFy1Uy3zc,UgyFqwjpCnL6zWG-5M94AaABAg,@Hyun-l7w-i8f,"같이 산 지 한달 된 신혼쀼인데, 영상들이 너무 도움돼요ㅎㅎ 등촌 칼국수 너무 맛있어보여요~ 다음 주에 해먹어야겠어요!!
혹시 장은 어떻게 보시나요?? 효율적인 식재료 구매 팁이 있으신지도 궁금해요😊",0,2026-03-19
FdyFy1Uy3zc,UgxwjbxKE_FDuWlZirB4AaABAg,@소찡찡-n1d,영상잘보고있어요~~😊수육삶을때 미원이 없는데 대체해서넣을수있는게 있을까요ㅠㅠ?,0,2026-03-10
FdyFy1Uy3zc,Ugw_h4-DkLQqNMegzqZ4AaABAg,@yunikim4956,맛있는영상 잘보고있어요감사합니다 혹시 가능하시면 당면삶아서 냉동하는방법도 알려주시면 좋겠어요 저도당면을좋아해서요:),0,2026-03-06
FdyFy1Uy3zc,UgwQacmtHLV9DJtyaeV4AaABAg,@땅콩희망,연휴 잘 쉬셨나요?,0,2026-03-02
FdyFy1Uy3zc,Ugyr0KhyewBi9NpuASl4AaABAg,@Happpie785,혹시 요리할때 쓰시는 스텐 핀셋??은 어디서 구매하셨을까요? 등촌 칼국수에 나오는 제품이요!,0,2026-03-15
FdyFy1Uy3zc,UgxGYgoOWtjzo1vpHmJ4AaABAg,@써니양-k8f,"수육 해봐야겠어요~~
수육 삶은 냄비 정보 알수 있을까요?",0,2026-03-03
FdyFy1Uy3zc,Ugw6NulHdCde3IViD5h4AaABAg,@동동-r7g,혹시 카메라 거치대 어떤거 쓰세용!?,0,2026-03-19
FdyFy1Uy3zc,Ugz2d4aFlBAGxxGIF494AaABAg,@박수빈-x2d,수육할때 통후추도 처음에 넣어주면 되는건가요~?!,0,2026-03-03
FdyFy1Uy3zc,UgxF8ZqFqQHoNYTtsU94AaABAg,@복숭아보름달,혹시 등촌샤브하고 남은 미나리는 어떻게 드셨나용.. 저도 미나리 좋아하는데 항상 남아서 처치곤란이에요 😢,0,2026-03-09
FdyFy1Uy3zc,Ugx-5d24ufjg1ZOpx_l4AaABAg,@suri._.3445,근데 조미료 안쓰신다고 하시는데 코인육수도 조미료예요……….,1,2026-03-12
FdyFy1Uy3zc,Ugxb6LABTNTBMZOiL8h4AaABAg,@bonniekim8800,혹시 사용하시는 도마 이름 좀 알 수 있을까요?,0,2026-03-04
FdyFy1Uy3zc,UgxUOm3StOPIwAdRq9d4AaABAg,@최소은-l9q,"스텐밧드? 어떤거쓰세요?
작아서 쓰기편해보여요~",0,2026-03-08
FdyFy1Uy3zc,Ugxkn_rvqhOaOKPxVJR4AaABAg,@antonellabor5576,"Hi
Maybe use English subtitles coz you never know who’s watching , not everyone understands Korean.",0,2026-03-07
FdyFy1Uy3zc,UgyyNhHcn73GIlqBddF4AaABAg,@나희원-p3d,된장 어떤거 쓰시나요?,0,2026-03-13
FdyFy1Uy3zc,UgzGxUgV1ma-NH40JNB4AaABAg,@절약창고,"어우 저는 이 짓 귀찮아서 못할거같아요.. 하라면 할수는 있는데..
재료, 조미료 다 사야되고
요리 직접 해야되고..
기회비용 생각하면 사먹는게 속 편해요..
이 영상 보니 신기하기도 하고 대단하기도 하네요..",0,2026-03-02
UGg_4DwLFlk,Ugyx1Kx06W1glKvj4Id4AaABAg,@rchl8553,아이공 야무져라~ 영상들 쭈욱 봤는데 재료손질 요리과정 플레이팅 뚝딱뚝딱 맛있게 잘 하네요! 아들 딸 같아 참 예뻐요  엄마뻘 구독자 추가요^^,7,2026-01-18
UGg_4DwLFlk,Ugx-stCvygIKcehi0_x4AaABAg,@정정-c6z,조리 방법도 간단하고 쉽게 설명해주셔서 요즘 저녁 잘해먹고 있어요오😆 앞으로도 많이 올려주세용 감사해여🫶🏻,1,2026-01-29
UGg_4DwLFlk,UgwLCR3c9KwS5vuxibF4AaABAg,@eunice3546,오늘 찜닭 해먹었는데 너무 맛있어요ㅠㅠ !!!! 간도 딱 맞고 조리가 진짜 쉬운데 아웃풋은 파는것보다 맛도리였읍니다...👍🏻 저장해놓구 자주 해먹으려구요 덕분에 행복한 저녁이었어요🥹🩵🩵 감사합니당!!!,4,2026-01-19
UGg_4DwLFlk,UgzFGnLKJhcU3fSaLlF4AaABAg,@영웨이이,다음주에 찜닭 꼭 따라할깨여옹ㅁ ❤,2,2026-01-23
UGg_4DwLFlk,UgxRKlCuRmec793PO0V4AaABAg,@양념갈비-j3i,두부찌개 해먹었는데 너무맛잇게먹엇어요!! 오늘은 찜닭 해먹으려구요 ㅎㅎ 감사합니다,0,2026-04-21
UGg_4DwLFlk,UgxjymLsys0Tj8-RIz94AaABAg,@clockdock1563,저도 요새 맨날 집밥으로 먹고 있어요. 건강해지는 느낌..^^,1,2026-01-30
UGg_4DwLFlk,UgylGmUKrbckljZap3V4AaABAg,@chanie-o7x,"아아, 너무 배고파. 😋😋",0,2026-01-22
UGg_4DwLFlk,UgxR_VIVCLzmefBwyap4AaABAg,@beaut_if_ul,"와
당면냉동 처음 알았어요
감사합니다❤",2,2026-01-29
UGg_4DwLFlk,UgwrDugpn8EWh-KJCpx4AaABAg,@beaut_if_ul,구독 꾸욱❤,0,2026-01-29
UGg_4DwLFlk,Ugzc54rk-nHFJa33h214AaABAg,@1flavor_official,"안녕하세요, 첫맛입니다 😊
영상 보면서 계속
이건 꼭 해봐야겠다라는 생각이 들었어요.
설명도 깔끔하고
중간중간 포인트가 잘 보여서 이해하기 쉬웠어요 🍳
오늘 메뉴 고민 중이었는데
덕분에 바로 해결됐습니다!",0,2026-01-21
UGg_4DwLFlk,UgzgAFwhKHMIfNUeg7R4AaABAg,@seon998,무는 그냥 계란물에 전부치듯 부치면 맛있어요^^,0,2026-01-25
UGg_4DwLFlk,Ugz4p4u1ZRb4YyKkuJN4AaABAg,@SUYANGJUNG,지난번에 고기는 설탕물에 해동하는거봤는데 냉동닭은 어떻게 해동하시는 팁이 있을까용😂 요리잘해서 부러워요,2,2026-01-22
UGg_4DwLFlk,UgyelitAyqE9yX1qSbZ4AaABAg,@가을이는가을가을,"감사합니다 안동찜닭 잘 해묵엇어여 ㅎㅎ
근데 국물 간은 딱 맞는데 닭에는  양념이 안 베어있던데 왜 그럴까여 ??ㅠㅠ",0,2026-02-12
UGg_4DwLFlk,UgymSHYFahXghLrDooN4AaABAg,@jgjw999,당면을 익혀서 소분해 얼리는건가요? 익힐때는 그냥 물에 끓여서 한 80% 조리되면 되는걸까요? 편해보여요,0,2026-01-25
UGg_4DwLFlk,UgxwNvH-MrN75WyxZqB4AaABAg,@My-vb8wb,혹시 고춧가루 보관하시는 유리병은 어똔거 일까요? ㅎㅎ,0,2026-04-20
UGg_4DwLFlk,UgyPdDS9oVLf1rg02ZJ4AaABAg,@단도13,안녕하세요. 스타우브 사이즈가 어떻게 되나요? 넓은냄비도 스타우브인가요?,2,2026-01-25
UGg_4DwLFlk,UgxMEUCT-7OYO9o8hRN4AaABAg,@amabile-p7h,안녕하세요. 카레 담은 접시 정보 알 수 있을까용😮,0,2026-01-25
UGg_4DwLFlk,UgynZRU7QpVOVfJekIV4AaABAg,@jjungpark8697,전골 냄비로 쓰시는건 어디제품인가요? 몇인지 일까요?,0,2026-02-10
UGg_4DwLFlk,UgzukJhAc5fCRnw0SoV4AaABAg,@amidist205,찜닭해먹어야징 도마는 어디꺼일까요? 탐나요,0,2026-02-04
UGg_4DwLFlk,UgyyrF-aO-XawwzCGCJ4AaABAg,@소람쥐-x5x,당면 소분 어떻게 하는건가용?미리 삶아서 식은 후 얼리나용??,0,2026-02-02
UGg_4DwLFlk,UgyZn1Pj-mY4-wmX54p4AaABAg,@Willrlle,찜닭 요러캐 하면 닭 안까지 간이 잘 배이나요?????,0,2026-01-19
UGg_4DwLFlk,UgyYSOkDductcaw8Q3l4AaABAg,@정준-v4g,"안녕하세요
한끼요리 많은 도움받어요
건고추는 어디서
구매할까요?",0,2026-01-19
UGg_4DwLFlk,UgwC93JpQQlnlROgEQ14AaABAg,@최소은-l9q,재료손질해서 담는트레이 뭔지 구매처알수있을까요?,1,2026-01-20
UGg_4DwLFlk,UgyeIK3Ww4H15Pj0Td54AaABAg,@최지혜-e6t,찜닭 냄비정보좀주세요,2,2026-01-19
0s33WXriFps,UgwbHOzLNOwfpN4Wxtt4AaABAg,@난빵이,정주행 중입니다^^항상 재료준비해서 올려놓는 스텐은 어디꺼일까요? 저도 응원받고 해볼 힘이 났어용 그전에 장비부터 ~ㅋㅋ,0,2026-04-02
0s33WXriFps,Ugxrt7TSEwIo5Gbec4x4AaABAg,@김채림-e5u,솥밥냄비 정보알수있을가요??!!따라해보고싶네요!!😊,2,2025-12-23
0s33WXriFps,Ugz01-muqFqNq9QpBbd4AaABAg,@My-vb8wb,스테이크솥밥에서 쪽파대신 미나리로 해보려는데 알려주신 레시피로가능할까욥?ㅎㅎ,0,2026-04-24
0s33WXriFps,UgxeJjtN635xAw1jV794AaABAg,@임채민-l1n,"구독 했습니당! 부부요리님 유튜브 보고 솥밥하려고 스타우브꼬꼬떼 20센치로 장만했어욥!!!! 

하나 제안을 드리자면,
설명란이나 댓글 고정하여
재료, 조리법 간략히 작성해 주시면 더 좋을 것 같아요🎉🎉🎉🎉
감사합니다✨ 저도 따라해 볼게요😊",0,2026-01-26
0s33WXriFps,Ugynh5527G8UWl9dKlx4AaABAg,@임채민-l1n,"혹시 현미밥하실때 전날 미리 뿔려두시나요?!
그리고 현미랑 쌀의 비율도 궁금합니다!!!!✨✨✨✨",0,2026-01-27
0s33WXriFps,UgwDKOwiIu8fsBT5TFN4AaABAg,@slowslowturtle,솥밥 덜어먹는 양손 잡는 냄비접시? 정보 궁금해요 ❤,0,2026-03-18
V15C4yuqX_A,UgzTCn3xH9jYMBFcAfx4AaABAg,@yhboo,리액션이 너무 귀여우셔요 ㅋ ㅋ ㅋ,1,2026-03-16
V15C4yuqX_A,Ugz67Uz7AztAJ2g9_jF4AaABAg,@suyapark6654,"우왕~저도 닭볶음탕 정말 좋아하는데~❤
너무 맛있어 보이네요~다음번에 참고해서 맛있게 먹어볼게요~^ㅁ^",0,2026-03-15
V15C4yuqX_A,UgzJSp9M12b2akWOzv94AaABAg,@쵸코빅,순살닭볶음탕 해먹었는데 조리법도 간단하구 너무 맛있어요!!주말에는 조개파스타 도전해볼게용,0,2026-03-24
V15C4yuqX_A,Ugz_FYiRZ41FMGVkqDx4AaABAg,@letitflow2,순살닭볶음탕 비쥬얼 미쳤어요 어려운 재료도 안들어가서 더 굿굿!!!! 내일 메뉴는 이거닭!!!,0,2026-03-15
V15C4yuqX_A,UgyZqILk0XPPrkNkjRx4AaABAg,@quanda-i1c,"출근 길 영상 보면서 군침이 싸악~넘 먹고 싶어요.ㅠㅠ 배고파요.
오늘 저녁 저도 닭도리탕입니다.
영상 항상 재미있게 봅니다.^^",0,2026-03-15
V15C4yuqX_A,UgxpuvT65u4v_hisOb14AaABAg,@스윗-s9p,오늘은 닭볶음탕해보려구요~~남편분 리액션이 너무 귀여우시네요^^ 저희도 맛있게 먹을게요,0,2026-03-18
V15C4yuqX_A,UgzGckaS4VySIKb5mNZ4AaABAg,@My-vb8wb,백합조개 500그램 만 해도 괜찮겠죠?ㅎㅎ바지락이 500 그램 단위로만 팔아서 남는건 애매해서용ㅠ,0,2026-04-17
V15C4yuqX_A,UgwGAwBGH9jo6VQdgBl4AaABAg,@yun-heelee5394,집에 하나씩 있는 남편 ㅋㅋㅋㅋ,1,2026-03-16
V15C4yuqX_A,Ugx9BbPB_ba9Z6EzQ7F4AaABAg,@hongsee21,"요리할줄 모르는 2인가구 20대 여자입니당 ,, 부디 꾸준히 레시피를 공유해주소서 ㅎㅎ 다른데는 거의 보통 1인분 기준이라ㅠㅜ 요알못이 두배 늘려서 요리하기엔 힘들어유",0,2026-03-16
V15C4yuqX_A,Ugz8cwLrKISf61Pe1oF4AaABAg,@임임보영-h3s,알쭈꾸미 샤브샤브 너무 맛있어보여요ㅠㅠㅠ 쭈꾸미가 너무 실한데 구매처 공유해주실수있나요?,0,2026-03-16
V15C4yuqX_A,UgySs4IYzfdpMIBy0jx4AaABAg,@김망고-n4k,닭볶음탕때 사용하신 냄비 정보 궁금해요!!,0,2026-03-24
V15C4yuqX_A,Ugz7jNoiRfkiZYbkPYt4AaABAg,@복밤,샤브샤브에 넣은 사리 뭔지궁금해요!!,0,2026-03-20
V15C4yuqX_A,Ugw7nuqARPsdV5u0OtR4AaABAg,@허영애-f7m,닭다리살은 세척없이 그냥 굽나요?,0,2026-03-26
Om93lXpEfUs,Ugz_oAyb4aO-Ferjc6h4AaABAg,@Calmbora,"1. 팬에 식용유 한바퀴 둘러 돼지앞다리살 600g, 간장 4숟갈, 설탕 1숟갈 넣고 볶아줍니다
2. 고기가 2/3 구워지면
3. 고춧가루 3숟갈, 다진마늘 1숟갈, 고추장 1숟갈, 굴소스 1숟갈, 후추 조금 넣고 볶아줍니다
4. 양파 1/2개, 당근 1/2개 채썰어서 넣고 야채가 익을 때까지 또 볶아줍니다

* 완 * 성 *",1,2025-08-10
Om93lXpEfUs,UgyQu7pORvfxUb27LLB4AaABAg,@mmplm8386,요리야무지시네요,0,2025-08-09
Om93lXpEfUs,UgwrVOZdXFJ-k3s6QvV4AaABAg,@정은조-y9u,실리콘 주걱 정보알수있을까용 ?,2,2025-08-10
Om93lXpEfUs,UgzSDcHzvoiWBeO3Oc14AaABAg,@wstrk-y7u,레시피 궁금해요!,0,2025-08-10
WrXtmtQPj1Y,Ugy1pR_kpBkGf373iZJ4AaABAg,@하뉴,"여러분 이 영상에서 말하고싶었던건 
F와 T의 다른점입니다...❤️ 요즘 MBTI가 유행이잖아유 고런 느낌으로 가볍게 보시면 됩니다😍",3590,2024-08-03
WrXtmtQPj1Y,Ugx_KnrdREBpXdbOhzB4AaABAg,@당근-g8h,"계란말이 너무 예쁘다..
저같으면 먹다 미안해질거같..다고 쓰려했는데
걍 밥이랑 간장ㅋㅋㅋㅋㄱ",28320,2024-02-17
WrXtmtQPj1Y,Ugz-QLJxGYqFIiCjOKh4AaABAg,@에덴의불칼,"싸우고 난 뒤에도 상대가 불쌍하고  연민이 느껴지는 마음이 백년해로의 비결
측은지심이 사랑",14331,2024-02-17
WrXtmtQPj1Y,Ugya-tnJw4yc2biaZ7h4AaABAg,@사람답게-b9i,"주방에서 고기굽는 냄새가 났을텐데 몰랐을리가 
굉장한 기싸움이었다",6762,2024-02-18
WrXtmtQPj1Y,UgxIfUsmVbjkCb9UVd94AaABAg,@꽃등심-yum,와 진짜 저런 아내가 있는겄도 부럽다 새벽에 야식까지 챙겨주고 남편분 너무 든든하시겠어용❤,593,2025-01-30
WrXtmtQPj1Y,UgzII4j7e4ftHi7OosV4AaABAg,@chaeun_821,남편분 하뉴님 영상중에서 이번걸 가장 맛있게 먹은거 왤케 웃기죠ㅋㅋㅋㅋㅋㅋㅋㅋㅋㅋ,6273,2024-02-17
WrXtmtQPj1Y,UgwDGMIC-7J19z0YG1t4AaABAg,@이지훈그의본처,예대생이시구나..! 어쩐지 계란말이 너무 이쁘잖아요 ㅠㅠ 저거 하느라 시간 쓰시고 고기까지 준비하셨는데 … 간장에 밥과 김에 .. 밥을 물에 잘 말아드시다니 .. ㅋㅋㅋㅋ 고기한점 먹고 배부르다고 하시는 것도 너무 웃겨요 ㅋㅋㅋㅋㅋㅋ,1496,2024-02-17
WrXtmtQPj1Y,Ugy2tWB78dM0wB48Oy94AaABAg,@맹주랜드,첫번째 메뉴에 이거좋네ㅎㅎ 빵터졌어요~ 역시 귀엽고 매력적인 부부에요,2548,2024-02-17
WrXtmtQPj1Y,UgzNgmzLT1VFMVrTUgh4AaABAg,@니카니카니,"실제로 싸운 후 저렇게 차려주는 와이프 1%도 안됩니다.
이건 그냥 영상으로 보고 현실에서 기대하면 안됩니다~😂😂",127,2025-08-26
WrXtmtQPj1Y,UgxmUJaoVcW-KWyp8xV4AaABAg,@chayw0225,"싸웠어도 밥차려주는 아내 세상어디에도 없습니다!!
하뉴 님께서 남편 분을 정말 많이 사랑하시는듯~❤",1102,2024-04-15
WrXtmtQPj1Y,Ugx2blju-rAtOrnhqSB4AaABAg,@gggg_12332,"마지막에 목소리 미쳤다 너무 좋아요!
 ""다시 싸우러 갑니다"" 미쳤다",836,2024-08-17
WrXtmtQPj1Y,Ugyfer7adfecvOaQgHx4AaABAg,@user-ohohhun,그래서 하뉴정식이 밥 물 간장 김 인거죠??? 역시 남편분을 정말잘아시네요❤,1375,2024-02-18
WrXtmtQPj1Y,UgzrdYIp2T4_6J1ReDp4AaABAg,@choku-18,이게 처음 알게된 영상인데 이때는 요리 잘하시는 줄~ 아! 여전히 잘하셔요! 그만때려요 ㅠ,24,2024-12-03
WrXtmtQPj1Y,Ugx0tNvILTTmIBtn99V4AaABAg,@바다-해파리,사실 이게 진짜 요리 실력같은..ㅋㅋㅋ 뚝딱뚝딱 잘만드시네요,887,2024-02-17
WrXtmtQPj1Y,UgzjPlZntHl8PvzmS2t4AaABAg,@An-_-Ria,다시 싸우러갑니다....ㅋㅋㅋㅋㅋㅋㅋ,2128,2024-02-21
WrXtmtQPj1Y,Ugz9xVOjtsB6DkSqel94AaABAg,@룰루-f4t,오히려 좋아ㅋㅋㅋㅋㅋ 남편분 어쩌죠ㅋㅋㅋ,540,2024-02-21
WrXtmtQPj1Y,UgyAudVpDNzQ214wUcp4AaABAg,@Loe-t2g,"울 와이프도 이쁘고 고맙지만 
이 아내분도 만만치 않네요. 
보기 너무 좋음 !",12,2024-11-24
WrXtmtQPj1Y,UgxVymQ3cRvCCfByVYl4AaABAg,@이재명-x2b,와 근데 진짜 요리잘하시네부럽다 남편,531,2024-02-17
WrXtmtQPj1Y,UgwS4iGoNwMer4URDap4AaABAg,@군침z,와 살면서 이렇게 군침 도는 한상 백반은 처음 봅니다❤,648,2024-02-17
WrXtmtQPj1Y,UgwQ_8JYczWZhBFLfjZ4AaABAg,@라니-s5j,아 애매하네 간장이랑 차려줘도 다 먹은 건 화 풀라는 건데 저 백반을 안 먹은 건 싸우자는 거고ㅋㅋㅋㅋㅋㅋㅋㅋㅋㅋ 아옼ㅋㅋㅋㅋㅋㅋㅋ 하뉴님 진짜 싸우실 거에요??ㅋㅋㅋ 짱귀인데 소화제 먹더라도 다 드셔주지ㅠㅠ,140,2024-02-17
WrXtmtQPj1Y,UgxX_5iS7PN9yiDm8ed4AaABAg,@류원기-w2o,"하뉴님처럼 싸우고난뒤 남편생각해서 야식요리해서 챙겨주는분 없는데 천사네요....!
하뉴님! 늘 응원할께요❤❤❤",5,2025-04-13
WrXtmtQPj1Y,UgxPENiZ5hnyPNEhPzd4AaABAg,@맑은눈-m6z,ㅋㅋㅋㅋ 이거 다시보는데 애호박 무침 멍뭉이들 그릇이였엉,391,2024-05-01
WrXtmtQPj1Y,Ugz_Ry-b7f8NlZAXFvR4AaABAg,@봉자-j2h,"오히려좋아 뭔대ㅋㅋㅋ......우리하뉴님 슬프게 하지마세요ㅠㅠ 이런 와이프가 어디있다구!
미워도 밥차려 주는 여자❤",292,2024-02-17
WrXtmtQPj1Y,UgxfnQm72Ea_KLL2yJt4AaABAg,@pin4877,너무 착한 와이프네여,371,2024-02-17
WrXtmtQPj1Y,Ugyv8VdRPnrukQ37-j14AaABAg,@lovelight-p1c,나쁘지 않아 오히려 좋아ㅋㅋㅋㅋ빵 터졌어요ㅋㅋ,9,2024-11-20
WrXtmtQPj1Y,Ugw9mzqoh2biBMgKr3l4AaABAg,@rin-in4of,아니 계란말이 하트 다 자르셨네ㅋㅋㅋㅋㅋㅋㅋㅋㅋㅋㅋ,1190,2024-02-20
WrXtmtQPj1Y,UgzkMw5PxXkCHJOLjhR4AaABAg,@jaeeun3401,"계란말이 랑 반찬들에 정성이 가득 담겼는데
가짜메뉴도  은근 정성이 많이 담겼네요^^😅
그릇도 예쁘고 하뉴님 백반 상차림도 너무. 맛있어보여요😊 남편을 너무 사랑하는마음이 보여요~😊",193,2024-08-10
WrXtmtQPj1Y,UgwH9-kqTnn3LjA43fN4AaABAg,@따뜻한아메리카노-l5z,착한 아내 착한 남편이니 백반을 준비한 하뉴님의 마음 잘 알아 주시겠죠? 행복하세요😊,154,2024-02-17
WrXtmtQPj1Y,UgyyvPjNr9RQE9f0YRN4AaABAg,@D3c99,솔찍히 진짜 사랑스러움.. 요리는 못해도 저렇게까지 이쁘게 음식 준비해주는 사람인데 얼마나 사랑스럽습니까ㅜㅠㅠ 두분 너무 이쁘십니다,1,2025-05-25
WrXtmtQPj1Y,UgxZfDGqTewXNymcgel4AaABAg,@옥상달빛-w7n,우아 .. 다시 싸우러 갑니다 !!  대사 톤 너무 맘에 듭니다. 이버전으로 만들어 주세요,108,2024-11-06
WrXtmtQPj1Y,UgzDoIlwCRcHuNu0LcV4AaABAg,@조수빈-h8m,ㅋㅋㅋㅋㅋㅋㅋㅋㅋㅋㅋ진짜 이 분들 보면 너무 결혼하고 싶어지지만 하뉴님처럼 정성을 쏟을 자신이 없어 ㅜㅜㅜㅜ,42,2024-03-30
WrXtmtQPj1Y,Ugx3weOYVozNWIO86P54AaABAg,@김주현-m8u,다시싸우러갑니다😂😂😂 역시 하뉴님 여자가 이케 좋아해도 될까요 매일매일 영상이 기대되요:),56,2024-02-17
WrXtmtQPj1Y,UgyiM30bT8ikU7vkHSx4AaABAg,@윤굴이따라다,최근 보는데.. 너무 즐거워지는 영상입니다❤❤,7,2025-02-10
WrXtmtQPj1Y,Ugz5vC6JnMG9Oumlk7t4AaABAg,@감귤-d,"천사같은 아내를 두셨네.....
남편분.. 전생에 나라를 구하셨나..?",285,2024-02-21
WrXtmtQPj1Y,UgwDg9kmvxZcpVAdDm54AaABAg,@캐로피-c2e,ㅋㅋㅋㅋㅋㅋ 진짜 착하시네요 근데 계란말이가 묘하게 하트를 반 갈랐네여ㅠㅋㅋ,32,2024-02-17
WrXtmtQPj1Y,UgxKKqAvMd-qraE3OMx4AaABAg,@buenviaje4661,다시 싸우려 갑니다. !!! 하뉴 화팅!! ㅋㅋㅋ T 남편 한번 잘 먹어줘용 서운하잖아!!,24,2024-02-17
WrXtmtQPj1Y,Ugy8HWll9_Cw4q0WWNh4AaABAg,@힐링라이트,서로 이기려고 하지 말고 이해하려고 하시는게 좋습니다. 전혀 다른 인생을 살아왔던 사람이 하나가 되었으니 싸우는건 당연한거니깐요.,2,2025-05-26
WrXtmtQPj1Y,Ugzrs0kItyWGxh71Uoh4AaABAg,@_chicpanda,"첫번째꺼 왜저리 잘 드시냐구요 .. ㅋㅋㅋㅋ
심지어 멘트도 "" 오히려 좋아 "" 라고 .. ㅋㅋㅋ
두번째 비주얼 대박 ... 인데 ... 안드시네 🤣🤣
싸우신 주제가 궁금하네요 🤣🤣🤣",67,2024-02-17
WrXtmtQPj1Y,UgzNCwJ0XhtMIB-HRD94AaABAg,@user-flye5vz5c,하트마다 반 가르시는데...ㄷㄷㄷㄷ 여태중 제일 싸늘한 목소리.. 이건 진짜다;,37,2024-08-16
WrXtmtQPj1Y,UgywynBw8aYh0A4IArd4AaABAg,@정석철-x8e,"ㅋㅋㅋㅋㅋㅋㅋ
또  봐도  웃기고  재미나네요   ㅋㅋㅋㅋㅋㅋ

다시 싸운건  어찌 됐어요?  ^^",2,2024-12-15
WrXtmtQPj1Y,UgzLsgSXE9wtnuJxBwN4AaABAg,@도로시-f6u,너무 착한 아내❤,115,2024-02-17
WrXtmtQPj1Y,UgzoT-gLZkx7Oz3QtZJ4AaABAg,@사람-g3d7u,다시 싸우러 갑니다 ㅋㅋㅋㅋㅋㅋㅋㅋㅋ,27,2024-02-26
WrXtmtQPj1Y,UgxbU6fXmDlUKdwZ3mp4AaABAg,@Eagggggggggggles,너무 귀엽다아❤ 진짜 싸운거면 말도 안하고 쌩까야되는데 ㅎㅎ,11,2024-02-17
WrXtmtQPj1Y,UgxVyJus2XoegjBkOKx4AaABAg,@사이버유목민-t4p,논리에 약한게 아니라 본인이 잘못한거라 할말이 없는거.. 그래서 감정싸움으로 가는거지,2,2025-07-07
WrXtmtQPj1Y,Ugz9NHWX112BH1f0NDJ4AaABAg,@hj-nv4fi,"맛난 음식이 예쁜 그릇에 담기니 더 맛나보여요. 싸운 날 설거지도 많이 나오는 백반요리라니 아내의 사랑이 듬뿍이에요
그릇이 너무 예쁘고 특이해요
어떤 제품인지 알고 싶어요😊",11,2024-02-19
WrXtmtQPj1Y,Ugy0U78VUH4Y0jI-w4p4AaABAg,@포스트잇-i3z,"하뉴님 부부는 싸우셔도 귀엽게 싸우시는군요 
두분이 다 좋은 분들이라 그런가봐요",22,2024-02-17
WrXtmtQPj1Y,Ugw3dIQxI-rWG90JHnd4AaABAg,@kyalee291,우와❤ 아내가 정말 착하고 요리 잘하네요! 부러워요!,25,2024-05-19
WrXtmtQPj1Y,Ugx0SQRMC5JKLSAZplV4AaABAg,@azizalimov7189,"아니 이거 때문에 또 싸워  (한숨) 😂
오늘도 재밌게 봤습니다. 😂",0,2026-06-11
WrXtmtQPj1Y,UgyH0DRdYr76NdtQ7G14AaABAg,@istj205,새벽 3시에 보니까 더 재밌네요ㅋㅋ 너무 귀여우십니댜..🫠,11,2024-10-03
WrXtmtQPj1Y,UgzPiZE5l_jsc8re-kh4AaABAg,@모님,"진짜 최애영상... 생각날때마다 이거보러옴
너무 귀엽고 사랑스럽구 ㅠ ❤❤❤",19,2024-06-05
WrXtmtQPj1Y,UgyiiXtgiKtL-N5fyal4AaABAg,@열정가득-z8j,하이구야 귀엽다!!!  사랑스러우신 하뉴님!!!  영상을 보면서 저도 모르게 미소가^^,13,2024-02-17
WrXtmtQPj1Y,UgwRDFwgqjPuWQS28bh4AaABAg,@냥냥드롭킥,"논리에 약하다는 여자 특= 할 말 없이 잘못은 했지만 감정적으로는 인정 못한다. 
 논리에 강하다는 남자 특= 내 잘못 이라고 설득 못했으니 응 니잘못인데 왜 자꾸 화냄?",2,2025-03-31
WrXtmtQPj1Y,Ugz_nzPAxLnodfAdLuV4AaABAg,@cmj5369,"넘 맛있어 보여요~♡
아...배고프네요ㅠㅠ
다시 싸우러 갑니다ㅋㅋㅋ",5,2024-02-17
WrXtmtQPj1Y,UgwTZa1U_SH5WXNSa6R4AaABAg,@방유현-유현이의성장,점점 음식솜씨가 예술로 가고잇어요!! 대박,25,2024-02-27
WrXtmtQPj1Y,Ugy6Ng0USiHAZ0L9kd94AaABAg,@김현숙-z9i,원래 부부싸움은 별거 아닌걸로 시작합니다 부부싸움은 시작되려 하면 무조건 한 발짝 뒤로 물러 서세요 💖💖💖❣️❣️,18,2024-02-17
WrXtmtQPj1Y,UgylTSQbKAW7i9d6NkZ4AaABAg,@serosero4996,"ㅎㅏ뉴님 목소리가 너무 고우세요
특히 다시 싸우러 갑니다 목소리요",1,2026-02-02
WrXtmtQPj1Y,UgwceU9vIBloczigoHl4AaABAg,@정래혁-u1n,우와! 이렇게 요리를 엄청나게 잘하시는 부인을 떠받고 사셔야죠. 남편분은 반성하셔야 됩니다.,25,2024-02-17
WrXtmtQPj1Y,Ugzxfc5ASgNoz67k2fp4AaABAg,@stopsss,상 차림을 감탄하고 봄.정갈하고 품위 있는 메뉴에서 주인장의 품격이 나오는듯해요,10,2024-02-17
WrXtmtQPj1Y,Ugz9fOCp1GjlcQXd9_V4AaABAg,@너구링9,"아 저는 논리파인데, 감정파분들이 감성으로 승부를 자꾸 보시려는게 논리에 약하니까 그런거였군요.... 
지금 그얘기가 아닌데 왜자꾸 논점을 흐리고 감정을 물고늘어질까 했는데..
이러면 싸움이 불필요하게 길어진다는것도 알면서도 그러는거군요.. 
어찌보면 당연할수도 있는 얘기지만 어떤 깨달음을 얻고갑니다..
아 음식은 정말 맛있어보이네요,, 별거 아니어보이지만 은근 귀찮고 손많이 가는 음식들을 하셨네요 ㅠㅠ  멋져요",9,2024-02-27
WrXtmtQPj1Y,UgwRIS08dAcCof2tkq14AaABAg,@jack19799,0:58 오!! 귀한 목소리네요!,2,2025-03-10
WrXtmtQPj1Y,UgxpPHQefsz-OrtlLsp4AaABAg,@뽀링-r3l,그릇세트 너무이쁜데 공구나 이벤트생겼으면❤,6,2024-04-03
WrXtmtQPj1Y,UgzEvi7w2CoMK3BJqw94AaABAg,@맴미-l6b,아니... 메뉴 퀄러티 너무 예뻐요...,4,2024-10-30
WrXtmtQPj1Y,UgzMbKAihb8-YVq84XR4AaABAg,@keihoito1881,논리 vs 감정 웅장한 싸움이다!!!,5,2024-07-23
WrXtmtQPj1Y,Ugy-lDyKrB0JGCtGydt4AaABAg,@JINREON-p3n,"ㅋㅋ 이럴 때 보면 남편이 진짜 머리가 좋아 
그나마 먹을 만 한 거로 배 채우고 못 먹을 거는 걸러내는 두뇌 ㅋ
제발 만능이가 아빠를 닮아야 할 텐데 ㅜㅜ 
만능아 빨리 커서 독립하자~!!!!!",0,2026-05-22
WrXtmtQPj1Y,UgwYn5epN7KGkV8wuQl4AaABAg,@kyb7,잘못한게 없으면 논리에서 질 수가 없음.,84,2024-07-24
WrXtmtQPj1Y,UgxHBovFlbkCfQoVstB4AaABAg,@_whitecolor7072,ㅋㅋㅋ싸움도 하시는구나 ㅋㅋㅋ하뉴님 ai남편랑 싸우면 절대 못이겨요..😂😂😅😅그래도 응원합니다!!🎉🎉,11,2024-02-17
WrXtmtQPj1Y,Ugy1C_HcFZk7CDdM_aF4AaABAg,@유성파파,아.. 감성으로 승부라... 남편분 식사 맛있게 하시고 화이팅,7,2024-07-23
WrXtmtQPj1Y,UgxR_oDZY6w9X3k7P0x4AaABAg,@한소리-d2n,ㅋㅋㅋㅋㅋ아니 처음 밥을 너무 야무지게 잘 드시는ㄴ뎈ㅋㅋㅋㅋ,1,2025-02-04
WrXtmtQPj1Y,UgxOgkz25-czOFoP4rp4AaABAg,@아아아-z9j,논리가 약해서 감성으로 승부했다는건 그냥 막무가내로 자기가 맞다고 우기고 보는 싸움 스탈이신거네여,10,2024-03-10
WrXtmtQPj1Y,Ugwnl24y9NaQepq8NhN4AaABAg,@흑백-f1g,부부싸움해도 챙겨주는거보면 진짜 결혼잘하셨다..  결혼지향 유튜버ㅠ,21,2024-08-19
WrXtmtQPj1Y,Ugyq84VBjlWiSGntpYN4AaABAg,@christinesohn1787,배우자가 불쌍해보이기 시작하면 그때부터가 진짜 사랑이래요..  많이 사랑하시는가 봅니다.  ❤❤,12,2024-02-21
WrXtmtQPj1Y,UgxN-6v0i43FdP1syj94AaABAg,@LUNØIR_루노이르,이거 보려고 '하뉴 남편 맛있는 밥' 검색했는데 나오네. 알고리즘도 아나 보다(?),1,2026-04-18
WrXtmtQPj1Y,UgzHGwZApWBtuzIJpBV4AaABAg,@범신사,손이 없어 발이 없어 알아서 먹겠즈ㅠ,24,2024-02-26
WrXtmtQPj1Y,UgzFh-m67lgrppDNxYh4AaABAg,@lovely1004_chohui,부부싸움 칼로물베기인데..😅 피보다진한사랑표현이네요 +요리장인,10,2024-02-17
WrXtmtQPj1Y,UgxOliN1-TFqdh9205Z4AaABAg,@shwbsn,하트계란말이 너무 이쁘네용❤❤,4,2024-03-09
WrXtmtQPj1Y,Ugy3_GWcXNEUtSBWTL54AaABAg,@정희최-j4n,하뉴님♡넘 사랑스러워요.저는 결혼 10년차인데 원래 부부싸움은 사소한걸로 싸워요ㅜㅜ그래도 밥은 차려주는 사랑스러운 하뉴님😂,5,2024-02-17
WrXtmtQPj1Y,UgxxdeTQsNFM92PGm8d4AaABAg,@3pp761,"싸워도 밥은 챙겨준다니
너무 매력있고 완벽하시네요",4,2024-09-10
WrXtmtQPj1Y,UgzCnnOqLk-A9ieykwh4AaABAg,@물음표-j8t2iwt,"저실력이면 맛없을수가없음,,,,
컨셉이겠지",58,2024-05-26
WrXtmtQPj1Y,UgxTlbRuwQSwXTwJKSF4AaABAg,@k깡설이집,ㅋㅋㅋ 남편분 일부러 싸우신거군요~~ 들켰어요 그와중에 고기만 드시는 군요ㅋㅋㅋ 나쁘지 않아~에서 빵터졌어요ㅎㅎㅎ😂😂😂,0,2025-12-03
WrXtmtQPj1Y,Ugz1GX7TEI65ABn5GKd4AaABAg,@에효됐어걍관둬,남편분 세금 더 내세요,5,2024-02-22
WrXtmtQPj1Y,UgycA5yBJpVscP_Z2cN4AaABAg,@HamKozy,"오히려 좋아 ㅋㅋㅋㅋㅋㅋㅋ
빵터졌네요 ㅋㅋㅋ
근데 진짜 음식 하실 때 정성이 많이 보여요 ㅋㅋㅋㅋ",4,2024-02-17
WrXtmtQPj1Y,UgycOVIa_3rLvA2LhyN4AaABAg,@퍼스-d3h,이기는팀 우리팀😊,25,2024-02-17
WrXtmtQPj1Y,Ugyr9E78S4gjtlGflBF4AaABAg,@jin1743,마지막에 다시 싸우러 갑니다 목소리 너무… 섹시해요 ㅠㅠ 하뉴가 아니라 하울 같은 느낌 … 💖,0,2025-04-29
WrXtmtQPj1Y,UgzTjR59-c4mW3Z68zh4AaABAg,@dark-zq9zt,논리싸움에 약하신 이유 : 잘못을 본인이 했지만 자존심에 이기고 싶어서 싸우는거니...논리로 이길리가...,6,2025-01-11
WrXtmtQPj1Y,UgyMtuIQNQFCE9t7NBR4AaABAg,@공성희-c7t,왜그러고 살아요..?,3,2025-02-06
WrXtmtQPj1Y,UgzojkkMWsPwK7t-JON4AaABAg,@E_Hajin0-SaYu,"하뉴님은 싸운 뒤 불쌍해보여서 야식 차려주고 화해하려했지만
남편분이 다시 불을 짚혔기에...
삐빅! 이건 남편분 잘못입니다.

참 보면 요리 잘하시는거 같은뎅..😅 흠...",4,2024-02-17
WrXtmtQPj1Y,UgzV3xZR35qwkDa-A7F4AaABAg,@user-vc8sm2cy5r땡깡냥,"이거 모야~~~~이집 반전 맛집 이네 ㅋㅋㅋㅋㅋㅋㅋㅋㅋㅋㅋㅋㅋㅋㅋㅋㅋㅋ싸워야 하네 이그ㅋㅋㅋㅋㅋㅋㅋㅋ사소한데 싸워야 하네
근데 아씨!새벽 1시49분에 보면 안돼 ㅡ0ㅡ",1,2025-01-26
WrXtmtQPj1Y,UgyYiucm8V78D1o_wgh4AaABAg,@Sponge__Bob,이기려고 하잖아요 하는데 여기서부터 걸러야 된다,6,2024-07-07
WrXtmtQPj1Y,Ugz_3vri9x38QXQtnSR4AaABAg,@best_datgual,뭐 어쩌라는거임 ㅋㅋ,4,2024-07-10
WrXtmtQPj1Y,Ugxw5N70PhiBVbyrqkZ4AaABAg,@서유기신,남편분 넘 맛있게 드셔서 김에 간장 찍어먹고 싶어짐 ㅋㅋ,1,2025-01-17
WrXtmtQPj1Y,UgwjwJo-6mDIIZGKgXh4AaABAg,@siah0209,진짜 요리 과정은 너무너무 맛있게 잘 만드시는데.. 맛이 너무 너무 궁금한 유튜버...,0,2026-05-20
WrXtmtQPj1Y,UgyuwYfbSlTwNXib3uJ4AaABAg,@드키무티,마지막 목소리 예쁘지만 너무 무서운데 ㅋㅋㅋㅋㅋㅋ공포 영화에 나올 것 같아~ 그래도 싸운 것 치고는 너무 잘 차려주셨네요~,0,2025-02-14
WrXtmtQPj1Y,UgwCGFq7wahxiLwNRmB4AaABAg,@정쓰-s8r,매일 영상보면서 생각했는데 이정도면 야식아니고 식사아님?ㅋㅋㅋ,1,2025-01-09
WrXtmtQPj1Y,UgxW1ViWCgxhLM2AZyd4AaABAg,@user-ps5ff1cz3h,"이영상을 처음 보았을때
 - 남편 미쳤네. 복을 발로 차고있네

하뉴님을 알게 되고난후
 - 아무것도 첨가하지 않은 최고의 메뉴.
물밥 간장 김",0,2026-05-21
WrXtmtQPj1Y,Ugxk1m0pjR1HZls971h4AaABAg,@arrowcupid7,김과 간장의 조합을 무시한 대참사,1,2024-12-22
WrXtmtQPj1Y,UgyPemoBcx_L6Xi_e3p4AaABAg,@user-dg2qs7gr6v,"논리적으로 반박했는데 감정적으로 뭉갠건 잘못했고
먼저 화해하려고 밥 차려준건 잘했고",1,2025-02-10
WrXtmtQPj1Y,UgyX6kRqRwYucjMf45J4AaABAg,@로즐록스_잔머리,하 나도 나중에 성인돼면 이런 배우자있었으면 좋겠다….,2,2026-01-11
WrXtmtQPj1Y,Ugy5TnNUqUCEpNKB9al4AaABAg,@루이-b9h,내 나이 57세 결혼생활 25년 아직까지도 이해안되어 싸웠던 이유 여기서 찾았다. 왜 말도 안되는 이유를. 난 지금껏 진심으로 된 사과를 한번도 들어본적 없음.,1,2026-04-18
WrXtmtQPj1Y,UgzUe8N94fEcQ4LGYtF4AaABAg,@OhPeter-ik4uz,이거... 음식을 먹어서 죽느냐 연명하다 싸움으로 죽느냐 2가지 선택지였네....??,1,2024-11-30
WrXtmtQPj1Y,UgwGzjxTZFjb-4yGVTB4AaABAg,@ReanKspi,싸웠다고 해서 안차려주는게 아니라 뭐라도 해주시네요 ㅎㅎ 예뻐라😊,0,2025-05-06
inK-p8zcUKo,UgxyRHPfm8kf-k6rI8B4AaABAg,@훗빠방이,진짜 음식잘하신다 뻔하지않은 한식을 알려주셔서 너무 감사합니다 😂❤,0,2026-05-24
inK-p8zcUKo,UgxC3QwgRXhcAVRyNhp4AaABAg,@후지-d8n,잘봣어용 !,0,2026-05-24
inK-p8zcUKo,UgxOc7Q9ZbGfbJb3Cxp4AaABAg,@heather-t3u2g,"저 진짜 완전 기다렸어여~~~~~~~언제 오시나 알림설정 안돼있는건 아닌가 뻥안치고 몇번씩 확인했어요ㅋㅋㅋㅋㅋㅋㅋ
출장 갔다오시느라 바쁘시겠지만 남은 코코 재료들도 언넝 올려주세요ㅋㅎㅎㅎ(당당
ㅎㅎㅎㅎㅎ기다리고 있을게용 오늘도 잘 봤습니당",0,2026-05-25
inK-p8zcUKo,Ugz3ee00sXlLIhB5B-Z4AaABAg,@MB-g5j,고등어김치찜부터 이제집밥해먹으며 식비절약하고싶단다짐드네여💪😍  일단 구독꾹이요!!!^^,0,2026-05-24
inK-p8zcUKo,Ugzh-O8k2bDIZbt9doV4AaABAg,@땅콩희망,"첫 좋아요. 눌렀어요.😊
오늘도 잘 보고
눈으로 맛있게 먹을게요.🤗",0,2026-05-24
inK-p8zcUKo,UgzldWdyfMCxd6yyZWZ4AaABAg,@단별-p4b,고등어 김치찜 해먹어야겠어요! 코슷코 연어는 얼마인가요? 둘이 코슷코 장보면 양이 넘 많을까봐 멤버십 할까말까 고민중이에요 ㅠㅠ,0,2026-05-24
inK-p8zcUKo,UgypXV0NDaf2dCmJgQ14AaABAg,@MB-g5j,"저희집듀 연어킬러인데 연휴에 두번 횟집연어배달만8마넌 썼다능요' .😂   앞으루코코연
어 소분해서도저언~! 부부요리님네 한달식비기준두궁금해요옷~!^^",0,2026-05-24
inK-p8zcUKo,UgwGK4rbV7jsHPXiYaZ4AaABAg,@My-vb8wb,고등어 김치찜 맛나보이는데 혹시 비린내 남는건 괜찮으셨나요 ㅎㅎ ?,0,2026-05-24
dgOPygpRYGw,UgwNPaHVOQSRQYDwGRx4AaABAg,@우유커플,"발리브이로그가 보고싶다면 
우우커플 롱폼으로 찾아오세여❤",1349,2024-03-11
dgOPygpRYGw,Ugx8nSy5QBm3GURbGip4AaABAg,@1q2w2e4r5t,욕조: 킥킥 죽어라 커플녀석들!,37177,2023-12-21
dgOPygpRYGw,UgyRvvQ0aywaOy2Sddh4AaABAg,@제세-w6g,ㅋㅋㅋㅋㅋㅋㅋㅋ 까마귀 소리 넘 웃깁니더,20380,2023-12-21
dgOPygpRYGw,UgwSkFDPtzEcUNDKQud4AaABAg,@funnycraft5549,"이젠 방구석에서 신혼여행 욕조안까지 구경하네 ,, 자본주의 현실 지리네",2004,2024-02-12
dgOPygpRYGw,Ugw3YxA9UEu9N_MDqyJ4AaABAg,@raccoonwins,아닠ㅋㅋㅋㅋㅋㅋㅋㅋㅋㅋ마지막에 악령 퇴마 당하냐고욬ㅋㅋㅋㅋㅋㅋㅋㅋㅋㅋㅋㅋㅋㅋㅋㅋ아 개웃기네 진짴ㅋㅋㅋㅋㅋㅋㅋㅋㅋㅋㅋㅋ,15981,2024-01-03
dgOPygpRYGw,UgxA5OCj8N5wql6SK3t4AaABAg,@Taiyakitakoyaki25,처음 나온거 계란스크램볼인줄.. 빨간건 케찹...,1181,2024-04-16
dgOPygpRYGw,Ugzw1ccux3J-lHhTdG14AaABAg,@user-pi2ln8dc5p,ㅋㅋㅋㅋㅋㅋㅋㅋㅋㅋㅋㅋㅋㅋㅋㅋㅋㅋㅋㅋㅋㅋㅋ아니 무슨 인플루언서같이 생긴 남녀가 왜이리 병맛이에요ㅠ,5351,2023-12-21
dgOPygpRYGw,UgxL08KelCSww1DOVgJ4AaABAg,@eecoco,"ㅋㅋㅋㅋㅋㅋㅋㅋㅋㅋㅋㅋㅋㅋㅋㅋㅋㅋㅋㅋㅋㅋ 진짜 개웃겨 ㅋㅋㅋㅋㅋㅋ 목욕탕 데이트 아니냐며 ㅋㅋㅋ
근데 왜이리 행복해보이고 부럽죠 ㅎㅎ 행복하세요 우유커플  !! ㅎㅎ",9341,2023-12-21
dgOPygpRYGw,Ugy4fDdeSE6Tmr0SUBV4AaABAg,@user-lo5md3kr1m,ㅋㅋㅋㅋㅋㅋ신혼여행가서 폭포수틀고 수련하는 모습 멋있습니다..,5366,2023-12-22
dgOPygpRYGw,UgwOD24CVRCrqDQL3Tx4AaABAg,@Ho-qm7gj,넘 웃겨욬ㅋㅋㅋㅋㅋㅋㅋㅋㅋ이쁘고 잘생겼는데 두분 다 털털한 거 넘 매력있어요🥹👍👍,1102,2023-12-21
dgOPygpRYGw,Ugz_bvK7vbfh4jOTQGh4AaABAg,@돌멩이떼굴-z8h,누군가에겐 저 현실도 상상일수도ㅋㅋㅋㅋㅋㅋ 저것도 좋은 추억인듯,2540,2023-12-24
dgOPygpRYGw,UgyomZLfk24sNppIAG54AaABAg,@성이름-z6i3k,등보면서 입맛다시는거 왜이리 웃기냐 ㅋㅋㅋ,84,2023-12-30
dgOPygpRYGw,Ugw2luwTYKwTXbZh6SV4AaABAg,@TeslaX.,내가 숏츠보다가 남의 부부 샤워? 까지 볼줄이얔ㅋㅋㅋㅋㅋㅋㅋㅋ,249,2023-12-28
dgOPygpRYGw,UgzDP6sFK07h3qP1HgF4AaABAg,@dddsks8045,아니...ㅋㅋㅋㅋㅋㅋㅋ 이정도면 퇴마아니예요?? 마지막 아아악이 젤 웃겨요,412,2023-12-23
dgOPygpRYGw,Ugz5kiStWEkbMxY9Kl94AaABAg,@ooimuchim,아니 상상이랑 현실 갭 뭐냐고욬ㅋㅋㅋㅋㅋㅋㅋ겁나웃겨ㅋㅋㄱ기ㅣㅣㅣ,227,2023-12-23
dgOPygpRYGw,Ugw_ukp9kp_QtHNsmK94AaABAg,@HappyHappySsunday,"커플이 옷 벗고 있는데 개웃긴 거 처음임


++결혼한 부부 사이든 연인 사이든 서로 사랑하는 사람끼리 섹스하는 거에 뭐 그렇게 큰 관심이 많은지? 섹스 별 거 없음…. 상대가 누구냐에 따라 잠깐 쾌감이 따라오는 정도가 다른 거지 왜 그렇게 못해봐서 고달픈 찐따마냥 구는 건지 이해가 안됨.
내가 하는 것도 아니고 남들이 하는 자연스러운 행위에 천박하게 굴지 좀 말자..",3388,2023-12-22
dgOPygpRYGw,Ugz7nLQP0r7mv-d4KTV4AaABAg,@l__0__0__li,미친 육성으로 터졌네 신혼부부 목욕 장면이 이렇게 웃겨도 되는거임?ㅋㅋㅋㅋㅋㅋㅋㅋㅋㅋㅋㅋ,67,2023-12-24
dgOPygpRYGw,Ugz-p6nI7qJrdLiAF_14AaABAg,@하이룽-r4c,ㅋㅋㅋㅋㅋㅋㅋㅋㅋㅋㅋㅋㄱ역시 실망 시키지 않는 우유커플,196,2023-12-21
dgOPygpRYGw,Ugy5nTQxxQYptaBPmYt4AaABAg,@theloid8782,"ㅋㅋㅋㅋㅋㅋㅋㅋ
미친듯이 웃었넼ㅋㅋㅋㅋㅋㅋㅋㅋㅋ
두분의 유쾌한 앞날을 기원합니다😂",60,2024-01-03
dgOPygpRYGw,Ugzxa4dI9OaEN4lJiWR4AaABAg,@Lovekylie-g4m,진짜 개웃기네 ㅋㅋㅋㅋㅋㅋㅋㅋㅋ 저렇게 같이 웃기도 하고 또 설레고 그런거 좋아옄ㅋㅋㅋㅋㅋ,14,2023-12-27
dgOPygpRYGw,UgwX21H66FCQ46Kjied4AaABAg,@훌라-x8c,꼬북이 물대포 맞는 꼬북이! 🤣,122,2023-12-21
dgOPygpRYGw,UgwxNlwg8E2csTpIn6x4AaABAg,@rosybell0402,"하나도 안 야시시해 ㅋㅋㅋㅋㅋㅋ
격하게 웃기네요 ㅋㅋㅋㅋㅋ",12,2024-08-25
dgOPygpRYGw,UgwRSrZXao8eu27_-Q54AaABAg,@mame_0963,요즘은 이런것도 보여주네..,106,2023-12-26
dgOPygpRYGw,UgxqjWwEa0VmbLrNuJB4AaABAg,@여름-u3u,이젠 별결 다올리는구나 세상 좋아졌다,144,2024-01-02
dgOPygpRYGw,UgwbGhPywrMwv6_lyQJ4AaABAg,@강불이,ㅋㅋㅋㅋㅋㅋ마지막  개우끼넼ㅋㅋㅋㅋㅋㅋㅋ앜ㅋㅋㅋㅋㅋㅋㅋ,10,2023-12-25
dgOPygpRYGw,UgzJdf83gUCMrcibjut4AaABAg,@정양갱_S2,ㅋㅋㅋㅋㅋㅋㅋㅋㅋㅋㅋㅋㅋㅋㅋㅋㅋㅋㅋㅋㅋㅌㅋㅋㅋㅋㅋㅋㅋ 저거 목욕탕 냉탕에 있는 거 아니에요 ㅜㅜ?,149,2023-12-21
dgOPygpRYGw,UgzJetYmX4FnQkILAud4AaABAg,@insta8728,상상은 불편해 보이고 현실은 너무 재미있어 보여욬ㅋㅋㅋㅋㅋㅋㅋ,3,2024-05-08
dgOPygpRYGw,UgxjETFyZ8RiL76RbS14AaABAg,@유자하넬-l4f,마지막 개웃겨 ㅠㅋㅋㅋㅋㅋㅋㅋㅋㅋㅋㅋ,6,2023-12-24
dgOPygpRYGw,Ugz3A6REewEFpNCne5N4AaABAg,@omarelee,ㅋㅋㅋㅋㅋㅋㅋ 개짜증날라 했는데 개웃김 결말 ㅋㅋㅋㅋㅋㅋㅋㅋㅋㅋㅋㅋㅋㅋ 추천 박고 갑니다 ㅋㅋㅋㅋㅋㅋㅋㅋㅋㅋ,7,2023-12-25
dgOPygpRYGw,Ugw--IwuTsyxWEbv8nN4AaABAg,@andyo5293,아…간만에 포텐터져서 개웃었네..ㅋㅋㅋㅋ,3,2023-12-25
dgOPygpRYGw,UgzUxugSHWZgnUU0vHd4AaABAg,@투리랏,진짜 둘만의 평생추억인데 촬영하느라 고생하셨네요,2,2024-08-10
dgOPygpRYGw,UgwgMg80KCJw7EM81yJ4AaABAg,@jwwak-g3h,이채널은  내숭이 1도없네 개재밋다 ㅋㅋㅋㅋㅋ,7,2023-12-21
dgOPygpRYGw,UgyOYNUkmYUpmK5bqyZ4AaABAg,@짜잔-o4n,ㅋㅋㅋㅋ아겆나웃곀ㅋㅋㅋㅋㅋㅋㅋㅋㅋㅋ,22,2023-12-21
dgOPygpRYGw,UgxU9sRzmbS79maqgRN4AaABAg,@fdsfg-rk4mh,헉 이분들 결혼하셨구나! 잘 어울린다고 생각했었는데 축하드려요🎉,5,2023-12-29
dgOPygpRYGw,UgyX3Iv4Non1uCF5BI14AaABAg,@몽이랑꽁냥tvmong,"ㅋㅋㅋㅋㅋㅋㅋㅋ 아.. 감미롭다ㅡ부럽다.... 하다가
꺄아아악~~~~ 까마귀 출현에 뽱 터지고 행복해짐 ❤❤복받으세요",0,2024-01-02
dgOPygpRYGw,Ugx_GsNzrJRT2A_WDG94AaABAg,@mayweather3203,조물딱 조물딱~❤,9,2024-02-01
dgOPygpRYGw,UgyNbn5gpcKQAulxFZt4AaABAg,@J_S2-q2y,아 증말 물 먹다 뿜었잖아요 ㅋㅋㅋㅋㅋㅋ웃을 일 없을 때 이분들 보며 웃어요🤭,1,2025-03-21
dgOPygpRYGw,UgyrHHALW5pPNHHoC6l4AaABAg,@로지-s7n,개웃겨ㅋㅋㅋㅋㅋㅋㅋㅋ 소리지르는거에서 터짐ㅠ,3,2023-12-30
dgOPygpRYGw,UgwhWuoAnaxKua7vgmt4AaABAg,@Godsojin,ㅋㅋㅋㅋㅋㅋㅋㅋㅋㅋㅋㅋㅋㅋㅋ넘 행복해보이는데 넘 웃깁니닼ㅋㅋㅋㅋㅋㅋㅋㅋㅋㅋ,1,2023-12-24
dgOPygpRYGw,UgyiKtRRqrBaTzOoHEx4AaABAg,@이연희-d2p,저럴시간이 어디있어 욕조에서도 파워야스 하야지,10,2024-01-08
dgOPygpRYGw,UgxFZaUYz71fDmt58_d4AaABAg,@kitteyiiii,ㅋㅋㅋㅋㅋㅋㅋ하 배꼽 빠지는줄 알았어요 영상안보고 있어도 자꾸 생각나서 혼자 이상한사람처럼 웃고 있음욬ㅋㅋㅋㅋㅋㅋㅋ,1,2023-12-31
dgOPygpRYGw,UgySxd4qsEZinR4nbot4AaABAg,@user-mx3wj7hx5m,"뭐... 저 당시엔 환상,무드 바사삭이겠지만 나중에 생각해보면 두고두고 재밌었던 썰로 남는 신혼여행이 될거라 나는 더 좋을거 같음 원래 인간이란 추억을 먹고 사는 동물이라",7,2023-12-22
dgOPygpRYGw,UgzocT_jxGXWtXeTtoR4AaABAg,@선량-y4k,가식부리겠지 라고 안일하게 생각했네요ㅋㅎㅋㅎㅋㅎ댕웃김,1,2023-12-26
dgOPygpRYGw,Ugyaat_elopvy3Bo7Jx4AaABAg,@이룸-q5t,"약18년 전에도 욕조와 침대에 꽃잎으로 도배 당한 기억이 있는데 아직도 그런가 보네.
욕조에 물 뺄때 어떻게 해야할까 고심했고. 잠깐   외출하고 오면 침대에 하트꽃잎이 매번 있던 기억이..",6,2023-12-22
dgOPygpRYGw,UgwQGfjZa6KQqSEMFIR4AaABAg,@쫄복,정말 사랑스러워욬ㅋㅋㅋㅋㅋㅋㅋㅋㅋㅋㅋㅋㅋ❤,1,2023-12-26
dgOPygpRYGw,UgzyOCB6Fz3z8SknxYF4AaABAg,@iam6704,이 커플보면 배아픈게 아니고 정말 보기가 너무 좋아용😊,80,2023-12-22
dgOPygpRYGw,Ugz-jYmvOMBY-jYSGmx4AaABAg,@정우-w8m,엄청좋겟내요 항상행복한하루만 사시길빕니다,2,2023-12-21
dgOPygpRYGw,Ugzmm8QoUcsG5_x0gyp4AaABAg,@hjkim5893,현실이 더 낭만적으로 보임,8,2023-12-25
dgOPygpRYGw,Ugz3yWOIYoVF8KHuz4p4AaABAg,@나는눈을밑으로깔어,ㅋㅋㅋㅋㅋㅋㅋㅋㅋ 아 우리언니 사랑해.. ♡,2,2023-12-22
dgOPygpRYGw,UgxKhGhsL3RecJmhpFR4AaABAg,@Malaniesafka,참 한없이 가벼운 껍질들...;;;,31,2024-01-02
dgOPygpRYGw,UgzsvTpaGKXQh0mAONN4AaABAg,@손동연-u5p,저 멍때리고 있는 느낌이 뭔지 알 것 같아 재밌네요 ㅋㅋ 도착하기까지 힘드셨었는듯,0,2023-12-28
dgOPygpRYGw,UgwysN1oiDK7vZRAfSt4AaABAg,@bbongb8954,이 현실의 기억이 생각보다 오래가요. 살다보니 이 신혼의 기억 더분에 우리가 하루 더 살아갈 행복을 느낀답니다.,4,2024-10-15
dgOPygpRYGw,UgzVUuQ792f4L5w6DoJ4AaABAg,@HKYANG,우리 신혼 여행 때 월풀 쓸때 딱 저 모습. 공감 만프로예요.,1,2024-01-01
dgOPygpRYGw,Ugy_f1DboyPtdr6zb3J4AaABAg,@myngu-031,아 나 감성 다 죽었나… 왜 처음 욕조 계란말이에 케찹으로 하트 그려놓은것처럼 보이냐,5,2024-04-17
dgOPygpRYGw,UgxG8HB4rN-BibZQFv94AaABAg,@냥이-BB,진짜 대체 뭐 누른거야 대체 ㅋㅋㅋㅋㅋㅋㅋㅋㅋㅋ😂😂😂😂,2,2024-08-18
dgOPygpRYGw,UgyPzgE1nvzTq7V10rl4AaABAg,@니말2다맞음,"진짜..영상 보러올때 마다 느끼는건데..
진짜 존예,존잘 이라는 단어는 이 두분을 위해 존재 하는 단어가 아닐까 싶어서요❤",6,2023-12-22
dgOPygpRYGw,UgyPX5xaixXVsxrlzLN4AaABAg,@mozza-rella,현실이 더 행복해보이네요ㅋㅋㅋㅋㅋ,0,2023-12-24
dgOPygpRYGw,UgzKK8dZyTFfadY0uP54AaABAg,@Ggggggguyuub,반신욕 끝나고 했나요??,6,2024-01-03
dgOPygpRYGw,UgzHaZrlbAbFk-78ft14AaABAg,@agnomy2543,"그게 좋은겨,건강하고 행복하게 웃을 수 있는게 얼마나 행복하고 좋은건데",0,2024-01-03
dgOPygpRYGw,Ugzsm2q5OQPSNezbLg14AaABAg,@엔트리-w7o,옷 다벗은거에요?!!ㅎ,6,2025-02-03
dgOPygpRYGw,UgwM_bTc6zv7f2yMUhd4AaABAg,@함원용-r2x,"기계:어...등이맞는데 없는데...
신부:야이...",8,2023-12-22
dgOPygpRYGw,Ugx-gfJDR-vvIQ-Qqe94AaABAg,@greatman1106,평생 행복하길 .. 넘 이뿌다 니네들,1,2023-12-26
dgOPygpRYGw,UgwF-qYZb3_-XBNcxld4AaABAg,@nodescription8948,귀여워라 무슨 어른이 이렇게 귀엽징,6,2023-12-29
dgOPygpRYGw,UgwziHUSsVxGr1RCeLV4AaABAg,@홍가현-i6b,둘다 멍때리는거 너무 귀여워요 ㅋㅋㅋㅋ,0,2025-01-20
dgOPygpRYGw,Ugx4fcJIxNdXTvLLBT54AaABAg,@제품검수,아 ㅏㅃㅇ터지고갑니닼ㅋㅋㅋㅋㅋㅋㅋㅋㅋㅋㅋㅋㅋㅋㅋㅋㅋㅋㅋㅋㅋㅋㅋㅋㅋ,3,2023-12-21
dgOPygpRYGw,UgygD-_O57assRtyLap4AaABAg,@gtfvz34szgjgd6e,왜 남편님이 등을 뚫어져라 쳐다보시는거야 ㅋㅋㅋㅋㅋㅋㅋㅋㅋ,2,2023-12-22
dgOPygpRYGw,Ugw-BsLGAibh_m1eVP54AaABAg,@Thebeginning_26,겁나 아프다 저거 ㅋㅋㅋㅋㅋㅋ,14,2023-12-21
dgOPygpRYGw,UgwjYtRS-UlrNHBh4oh4AaABAg,@아이스티-m7g,"앗 딱! 나의. 모습
우하하
이 영상 울 남편 보여줘야겠네요😅😅😅😅",1,2023-12-23
dgOPygpRYGw,UgwJHUlfVtNkqOOGKnR4AaABAg,@acroseoulforest,그냥 목욕하다가 야스하는게 현실이지 ㅋㅋㅋㅋㅋ,4,2024-01-17
dgOPygpRYGw,UgyEiiZAmJLNREIQdal4AaABAg,@모브블러,신행은 달달하게 둘이 알콩달콩하게 여행하며 그런줄알았는데 이렇게 웃길수도있네요ㅋㅋㄲㅋㅋ,1,2024-01-06
dgOPygpRYGw,UgxxXFXlDng_yqk7boF4AaABAg,@새대갈-k1t,오메 깜짝야 첨보는 유튜버인데 왜 블핑 제니가...? 이런영상을.. 이리고 1초 생각함,3,2023-12-22
dgOPygpRYGw,UgxLIQR7I70FA9UAwaV4AaABAg,@boopoo98,대충보고 오무라이스에 케찹하트인줄,3,2023-12-26
dgOPygpRYGw,Ugx8_J2ICuAnDUouB8x4AaABAg,@혜정-b1g,ㅍㅎㅎㅎ 아무생각없이 눌렀다 빵 터졌어요!,0,2024-01-14
dgOPygpRYGw,UgxkLHDvC1XbI-qn5kd4AaABAg,@Tdhye,ㅋㅋㅋ 귀여워용 ㅋㅋㅋㅋ,7,2023-12-21
dgOPygpRYGw,UgxhgZK-xmYv7K6IPul4AaABAg,@도정희-f2x,앜ㅋㅋㅋㅋㅋㅋ너무 웃긴데 행복해보야여😂😂😂,0,2024-08-14
dgOPygpRYGw,Ugz8nIdp62Syqv-EZ4h4AaABAg,@이진연-u1c,이여자애는 전남친도그렇고 얼굴보여주는거 되게좋아하네ㅋㅋㅋㅋㅋ,17,2024-06-14
dgOPygpRYGw,UgxpAD3pE24gEW_2Chl4AaABAg,@아루aru-m6e,진짜 빡빵ㄱ웃엇네요ㅠㅜㅠㅜㅋㅋㅋㅋㅋㅋㅋㅋㅋㅋ아웃겨,0,2024-06-23
dgOPygpRYGw,UgzkSV5aS2izxvKA5-N4AaABAg,@user-rq8os5vx6z,"ㅋㅋㅋㅋㅋㅋㅋ
진짜 내 애인이 저러면 깨물어주고 싶을듯ㅋㅋ
아주 콱!!!!!하고❤ㅋㅋ",1,2024-09-08
dgOPygpRYGw,UgzFqFjxhHgmCOn6od94AaABAg,@궯됇뷁됅솫돿,ㅅㅂ 수련회 아니냐 ㅋㅋㅋㅋㅋㅋ,4,2023-12-22
dgOPygpRYGw,Ugx4mX2Y9BX_eKEbAsN4AaABAg,@영철박-v1z,"뜨밤 영상도 찍어서  올리겠구만
대단하네",21,2024-05-11
dgOPygpRYGw,UgyMbs07ToZ_ebvuggd4AaABAg,@야호-o5s-i6h,행복하면  그만이지 ㅋㅋㅋㅋ  재미있게놀시네요 ❤❤❤😂😂😂,0,2023-12-25
dgOPygpRYGw,UgzYdOhRV3jPutWeTlh4AaABAg,@akkomi23,저거 물이 다 채워진다음에 눌러야 스파기능 되는데 물이 다 안 채워진 상태에서 누르면 저렇게 난리나요 ㅎㅎㅎ 경험담😅😅😅,12,2025-03-23
dgOPygpRYGw,UgzzutfbhGx6cxvQivJ4AaABAg,@ShoeDog891,차 마실때도 웃긴장면 찍을 궁리만 하고 있었을듯ㅋㅋㅋㅋㅋㅋㅋㅋㅋ,1,2024-01-07
dgOPygpRYGw,UgybrdMcTP0d8VorCQR4AaABAg,@원시우남자,오우야 옷벗고 반식욕♡,4,2024-05-14
dgOPygpRYGw,UgxCFZb5XzRoA3Twi-N4AaABAg,@주중식탁,"너무 귀여우심 ㅋㅋㅋㅋ
행복하세요",0,2024-01-03
dgOPygpRYGw,UgxrFTwX8wcA-mXU44d4AaABAg,@이진우-i9n8u,발리 신혼여행때 욕조에 꽃물받아주길래 냅다들어가서 드르누웠더니 애벌레가 꾸물거려서 기절할뻔한 기억이있네요ㅋㅋㅋㅋㅋㅋㅋㅋ,45,2023-12-21
dgOPygpRYGw,UgzzwxJmxREBUgSHvoZ4AaABAg,@노트-y8j,마지막에 봉미선이냐고 ㅋㅋㅋㅋ,2,2025-05-31
dgOPygpRYGw,UgzXmUHOp-yV2Cpq0LN4AaABAg,@ssunchipp,상상보다 현실이 더 기억에 오래남음 자꾸 생각남ㅋㅋㅋ,4,2023-12-22
dgOPygpRYGw,UgxHqwsV-LDteSGWsad4AaABAg,@ega_vlog,아니 물대포ㅋㅋㅋㅋㅋㅋㅋㅋㅋ,1,2024-04-14
dgOPygpRYGw,Ugw76gqOMtHBu9_DjY54AaABAg,@장장-n4b,이런거까지  보라고 내놌나  에고,19,2023-12-26
dgOPygpRYGw,UgxTxceql2CsE7wzSex4AaABAg,@zard1914,"손님 얼굴 마사지인걸 모르셨어요? 
ㅋㅋㅋㅋㅋㄱㅋ 아 빵 터지게 만드네요 ㅋㅋ",0,2024-01-03
dgOPygpRYGw,UgwrWjzINVsbULQGhf94AaABAg,@mbti3090,계란말이에 케쳡 하트인 줄,3,2025-05-24
dgOPygpRYGw,Ugzcvo7zkDVrOT1QC8N4AaABAg,@진쥬-k7c,ㅇㄴ 처음꺼 계란말이에 케챱뿌린건줄ㅜㅜㅋㅋ,2,2024-02-26
dgOPygpRYGw,UgwYqUF9bZojh9vcYm14AaABAg,@nulnuri76,이러다 이혼하면 이동영상은 어쩔라구,4,2024-05-15
dgOPygpRYGw,UgwKopDZibqti09LwQt4AaABAg,@LinaKim3373,욕조에서 씻으려면 저 꽃을 다 건져내고 해야하더라구요 ㅋㅋㅋㅋㅋ,1,2024-01-03
dgOPygpRYGw,UgxZ8P4r2EFJJBmpAGd4AaABAg,@saram0612.,빠르게 찍고 박았겠노😮;;,5,2024-04-02
dgOPygpRYGw,UgyZS42E8pFUCVAUwS14AaABAg,@aagrow8867,"상상과 현실  넘 웃겨 😂😂😂😂
잼난거  보여줘서  고마워요  행복하이세이~~❤",0,2024-03-05
dgOPygpRYGw,UgwH78bJSZUis0ttkH94AaABAg,@user-lo5wx8gx9o,포마드하던 전남친 이거보면 무슨생각들까ㅋㅋㅋㅋㅋㅋ,9,2023-12-26
dgOPygpRYGw,UgyEU-Bme43Yi0138Ex4AaABAg,@박슈슈-h7v,보기좋습니다 평생 알콩달콩 달달하게 행복하세요,0,2024-01-01
dgOPygpRYGw,Ugy3HVAouGEBJMk2Tu14AaABAg,@BabyBoss72,얼마나 오래갈까?? 😅😅😅 심리는 뭘까 이런 갈 올리는 심리~ 😂😂😂 유후🎉🎉🎉,9,2023-12-24
T9Zm4_IhVO0,UgwZhXVzcAjVhusWLpJ4AaABAg,@dada_salrim,"고기반죽 하나만 
만들어두면 한 달 내내 든든해요💪🏻

3살 7살 4인 가족, 1주일에 2번 많게는 3번 정도
해먹을 수 있는 양 
(목요일 저녁 떡갈비 / 일요일 점심 미트볼 파스타
이런식으로요!)
-요건 한 덩어리 만들기에 따라, 가족 식사양에 따라 
다르니 참고만 해주세요👌🏻

🥦재료
소고기 다짐육 2kg, 돼지고기 다짐육 1kg
양파 2개, 대파 2대, 작은 마늘 20알 
빵가루(식빵 반장- 1개 / 너무 많이 넣음 퍽퍽해져요)

⚠️다 냉동할거니, 꼭 모두 냉장으로 사셔야 해요!
빵가루도 실온에 둔 식빵 남은거 사용 추천😀

🫙소스비율
▫️떡갈비소스
간장1T, 참기름1T, 꿀1T

▫️함박소스
버터 15g 넣고 양파 숨죽일때까지 볶다가
양송이 버섯 넣고
돈까스소스 3T, 케첩 2T, 설탕 1T 조금 더 졸이다가 끄기

#맞벌이부부
#회사에서부터저녁메뉴고민..🤔
#화이팅화이팅🫶🏻",433,2024-08-01
T9Zm4_IhVO0,UgyqpItrWD2QqYhupQ54AaABAg,@Xoxoyoohoo,이분 정말 기획노동의 끝판왕이신 듯... 필요한 양과 주기가 머릿속에 다 입력돼있으신 게 정말 대단,633,2024-08-06
T9Zm4_IhVO0,UgwmRr7WDqFlnKiR9o94AaABAg,@황순희-c1r,어쩜  이렇게 젊은엄마가 반찬도잘하는지...부럽습니다,1803,2024-08-02
T9Zm4_IhVO0,UgzGgi_Cnvye2H5bfVp4AaABAg,@maxiyoung5897,진짜 똑소리나는 살림꾼이세요~,839,2024-08-02
T9Zm4_IhVO0,UgxcxfpGA9SYK7fST3Z4AaABAg,@이미숙-o7i1g,"말투까지도 야무지시네
나이 많은 나도 따라 하게 되네요",121,2024-08-04
T9Zm4_IhVO0,Ugw-1RLwBBzDQLmDNwd4AaABAg,@cat-hv4jr,요리도 요리지만 냉동시킬때 랩이나 호일 안써서 더 이쁜 주부시네요. ❤,386,2024-08-03
T9Zm4_IhVO0,UgwEArXI3qDFis68GsV4AaABAg,@이진-o8z6k,"젊은 엄마가 똑소리 나네요
가족들이 행복하겠어요~",228,2024-08-03
T9Zm4_IhVO0,UgyS6o9XFG6mRxgxQqZ4AaABAg,@오렌지-b3l,"애기들이 저리잘먹으니
복받았어요❤",89,2024-08-04
T9Zm4_IhVO0,UgzYiP-XSguvKzyUqzp4AaABAg,@pobijin,맞벌이신데 살림도 똑부러지시네요 거기에 아이들까지~,91,2024-08-05
T9Zm4_IhVO0,UgwPxuq6GBC_sPXo_i14AaABAg,@syp5630,볼 때 마다 둘째아가가 넘 귀여워요 ㅋㅋㅋ ㅋㅋ 저 머리도 시그니처 같아요🐥🍼,63,2024-08-01
T9Zm4_IhVO0,UgyMdarK1SPGpD1v_qh4AaABAg,@이은진-k8b,"엄마가 손이 야무져보여요~
똑순이네요!",96,2024-08-02
T9Zm4_IhVO0,UgzZ-PhKU0yAdgN0vNh4AaABAg,@리틀포레스트-w6q,"이렇게 살림 잘하시는 분들 영상만 봐도 몸이 정화되고 기분이 너무 좋아져요!
빨리 독립해서 내가 정리해놓은 대로 어떠한 방해도 안받고 살고싶어요!
엄청난 스트레스!😢",31,2024-08-05
T9Zm4_IhVO0,UgwCaDF1AJ_R5yroNGJ4AaABAg,@노는게제일좋아-d5y,"다짐육  파마늘 양념한거 얇게 판으로 얼려놓고 깍뚝 썰기해서 두면 가지밥 마파두부 어향가지 등등 다른 용도로도 쓰기 좋아요
 부지런한 젊은 엄마 멋집니다!",81,2024-08-06
T9Zm4_IhVO0,UgzKPD37tqSkoJ4-gpN4AaABAg,@금반지-y5m,"그옛날 진짜많이만들어 아이들먹였네요  ㅎ😂😂
살림꾼이네요",5,2024-08-04
T9Zm4_IhVO0,Ugxv-Mrh02bUInxZ0Ql4AaABAg,@이상선-p5s,영상에 정말 지혜가 뚝뚝 흘러나오네요 보기만해도 좋습니다,2,2024-09-14
T9Zm4_IhVO0,UgwjFFofd9DTTtaRODx4AaABAg,@잉잉잉-s3g,맞벌이도 하는데 집안일까지 대단하시네요 남편분은 뭐하시나,11,2024-08-08
T9Zm4_IhVO0,UgysDFZknv0Dmf09Pu54AaABAg,@딱따구리-m3q,젊은사람이.야무지네요🎉🎉🎉배우고갑니다,4,2024-08-05
T9Zm4_IhVO0,UgyvPQ6aTfE3ANKag4t4AaABAg,@AplusBee-j9z,아 애기가 와구와구먹는거봐 너무귀여워요😊,2,2024-08-07
T9Zm4_IhVO0,UgyskaYYt2Vl6WDc_cZ4AaABAg,@끼뮤즈,이야 따라해야지 너무조탸 다다님꺼 이런팁 넘조음❤😊,13,2024-08-01
T9Zm4_IhVO0,Ugy4nyA3l3sG5dLzKut4AaABAg,@heejung8250,똑소리 나네요😊😂❤,3,2024-08-07
T9Zm4_IhVO0,UgxJR7argNJ18Psvca14AaABAg,@J나야나,꽁꽁 얼은 고기반죽 위로 엄마 요리가 지나 갑니다~ㅋ,2,2024-08-14
T9Zm4_IhVO0,Ugy3b2GuWY8L_ejzQ1V4AaABAg,@차영은-p3k,볼때마다 부지런하다 싶네요. 응원하고싶어요. 목소리 힘빠졌나싶어서 괜히혼자 걱정하는 아줌마(?)팬이에요. 힘내요..아니 힘내지않아도 되는데..쉴땐 쉬면서 본인 컨디션 챙겨요. 날이 덥네요. 화이팅!,27,2024-08-02
T9Zm4_IhVO0,UgwJa0Vc-9mgIbH9vT14AaABAg,@당면순대는가짜순대,와 진짜 멋진 솜씨네요 자취하는 사람들에게도 좋은 꿀팁 같습니다,3,2024-08-05
T9Zm4_IhVO0,Ugx2nwkNtTf_7cerrR94AaABAg,@한혜선-l2h,살림은과학이에요~~똑소리나십니다!!,7,2024-08-03
T9Zm4_IhVO0,UgzNWLhNkIHlgyYFOS94AaABAg,@베베랑보미랑,너무 좋네요 쿠팡 바로 갑니다.,8,2024-08-01
T9Zm4_IhVO0,UgxLYwQDxkhEVWlvO7B4AaABAg,@eunsukkim3299,막둥이 너무 귀엽❤,0,2026-03-23
T9Zm4_IhVO0,UgyLUlbAaLvmH36im5h4AaABAg,@강지운-j6r,따라해먹어봤는데 맛있어여 다이어트하는 사람에게 너무 좋네요 양념장이 중요함 고기반죽자체는 엄청 맛있네여,2,2024-08-11
T9Zm4_IhVO0,UgzT7cgSvckdjRAWwMN4AaABAg,@SSEON0320,볼때마다 저희집에 모셔오고 싶네요 .. ㅋㅋㅋ 요리실력과 부지런함이 부러워요! 제가 잘 못하는거라ㅠㅠ,1,2024-08-03
T9Zm4_IhVO0,Ugw0EUgo-RthdoNesSB4AaABAg,@ongs6360,야무지다 야무져.,2,2024-08-06
T9Zm4_IhVO0,UgyT4VUOiUhYpCpEW1N4AaABAg,@웨르웨르타이가,일하시면서 가족을 위해 이렇게까지 부지런하시다니 정말 다정하신 분이네요ㅠ,0,2025-05-17
T9Zm4_IhVO0,UgwAj6gkf9N2Edo-oPV4AaABAg,@행복-e6q,신랑이 복이많네요,1,2024-08-07
T9Zm4_IhVO0,UgygBUPcCOWMQkQ_6Ph4AaABAg,@A달달-p2g,진짜 천재다,1,2024-08-09
T9Zm4_IhVO0,Ugwy1VSO5oh0nAKTZK94AaABAg,@루룰루랄라-t2h,감사합니다 한번 시도해볼게영❤❤,0,2025-12-17
T9Zm4_IhVO0,UgwjrjY8WfNgxohEHkl4AaABAg,@키무-u7n,"군더더기없이 깔끔-해서
구독하고갑니다앙 ㅎ",0,2024-08-08
T9Zm4_IhVO0,UgyoHVTU1Fk2YWpkckB4AaABAg,@두유치즈,야물딱진 엄마가 만든 이쁘고 맛난 식판 음식을  와웅 야물딱지게 먹는 애기 모습도 늠 이쁘요,9,2024-08-14
T9Zm4_IhVO0,UgwKfbUlpcH1oJmtzeB4AaABAg,@꼬마세라,와... 요리실력도 진짜 타고나는 것 같아요 ㅠㅠ 전 아무리 해도 안되더라고요.. 대단하시다!,0,2024-08-06
T9Zm4_IhVO0,UgyQulrSMPHQEE3RnFN4AaABAg,@Joyce21590,"부럽네요 고기2키로로 한달을 드시다니...
중2아들하나키우는 2인우리집은 최대 3회먹을양이네요",22,2024-08-16
T9Zm4_IhVO0,UgzV1aEHm8FjSTB9V4l4AaABAg,@사계절-h2l,"독립 아파트로 이사 가는 남자입니다
저도 저렇게 해먹어야 겠습니다
식비 예산 잡기도 좋겠네요",2,2024-08-19
T9Zm4_IhVO0,Ugy4UR-WZrSSxFgLrvx4AaABAg,@요가명상_포도코치,와 저도 올해안에는 시도해봐야겠아요,0,2025-09-13
T9Zm4_IhVO0,UgzqSpcoco7CJ6P7yNJ4AaABAg,@에르넬즈사랑해여김새,여러가지로 활용하니 너무 좋아요. 꼭 만들어 봐야겠어요,0,2024-08-31
T9Zm4_IhVO0,UgwmNKQsxgNFHh4kpS94AaABAg,@user-HootHootBear,목소리도 꼼꼼하고 자주 보게 되는 거 같아요.,0,2024-09-17
T9Zm4_IhVO0,UgwM71RC_Jtu8gK9fP14AaABAg,@Itssunnyandrainy,정말 멋지고 존경스러워요❤,1,2024-08-11
T9Zm4_IhVO0,UgwUl2wzSaOSY11FjZJ4AaABAg,@0공7빵,와...진짜 대단하시다 생각했는데 구독까지 되어있었넹😊,0,2024-08-04
T9Zm4_IhVO0,Ugx7VaGNncs0EoK4kMd4AaABAg,@xingkerasareallife,아기들이 넘 예쁘네요😊,0,2024-08-06
T9Zm4_IhVO0,UgzauPoh5gF8n05MEcp4AaABAg,@youngde_hancut,대단하세욧❤,0,2025-12-15
T9Zm4_IhVO0,UgyKuvxI30nBwA3myGx4AaABAg,@스마일nn,"우와~~~~최고입니당!!!
혹시 수저세트 정보 부탁드려요~^^",0,2024-08-03
T9Zm4_IhVO0,Ugyt3sW00Hf9kU6-iIh4AaABAg,@가나다라마바-n8c,돼지고기 간거 1키로에 돼지갈비  시판소스 15스푼 넣고 해보세요 미칩니다,10,2024-08-03
T9Zm4_IhVO0,UgwK97pmWn3Y_fSvekx4AaABAg,@aeeaeedo,맞벌이 하시는데 요리까지ㅜㅜ,1,2024-08-05
T9Zm4_IhVO0,Ugx1wLd6uYRFUfEp7j54AaABAg,@rayas-x4k,마지막 아기 먹는 모습 너무너무 귀여워요,0,2024-08-03
T9Zm4_IhVO0,UgyP580hdBvmNCDwxo54AaABAg,@Towate1,"어머나~~ 우리 며느리 잘 들였다 하시겠어요
어쩜이렇게 똑 부러져요?~~요즘은 애기 엄마가
애기 같구먼~~",0,2024-09-11
T9Zm4_IhVO0,UgwwEouwiqbhN8QiJiJ4AaABAg,@해달이-d6b,"저 파  마늘 하나 다지는것도 힘든데  
대단대단 깔끔한거보래 
쉐프시네 쉑프",0,2024-08-13
T9Zm4_IhVO0,UgyAux6EOIMbNiPbhs94AaABAg,@안지영-q3o,항상 많이 배웁니다 감사합니다 ❤,0,2024-08-13
T9Zm4_IhVO0,UgwqNU2ikB2LoPEeBu14AaABAg,@234HY,"저거 넣을 냉동고 스페이스가 있다는 점에서
이미 살림고수",1,2024-08-06
T9Zm4_IhVO0,UgyxNfud3JKw04QQ5ed4AaABAg,@냐옹공주-s7v,냉동할때 쓰는 반찬통 어디껀지 알려주실수있나요?,3,2024-08-23
T9Zm4_IhVO0,UgyRRYYau74RxVoXWo94AaABAg,@소연soyeon02,아기들 넘 사랑스러워요❤❤❤,0,2024-10-13
T9Zm4_IhVO0,Ugya4OxAAWS9EfQ-r1h4AaABAg,@IliiIlilili-t7q,애기들이 잘 먹는 게 너무 귀엽다 ^^,0,2024-09-11
T9Zm4_IhVO0,UgxOeBL2AB-ZxhirFCZ4AaABAg,@리카차,"어머
애기가 너무기엽따ㅋㅋ",0,2024-08-07
T9Zm4_IhVO0,UgwxaPUAFS85yXOCWOx4AaABAg,@blancok96,애기 너무 귀여워요ㅠㅠ,0,2024-08-06
T9Zm4_IhVO0,UgxuZYseXw-nlyWgaS54AaABAg,@모카라떼-v6b,전 함박만 했는데...파스타 굿이네요. 좋은종보감사해용😊,0,2024-08-09
T9Zm4_IhVO0,UgxP6Tb1E8k1mwlQSj94AaABAg,@이지-b7j,인스턴트안먹이고 정성이네여 ㅎㅎ맞벌이라고하셧는데 부지런도하셔라,1,2024-08-04
T9Zm4_IhVO0,UgwJaDevD6vmdQiwevR4AaABAg,@잔나나-n9u,이런걸 어디서 다 배우셨을까❤ 최고다,0,2025-06-08
T9Zm4_IhVO0,Ugy-3HbZ32I69YZor4J4AaABAg,@suny0130,마지막에 아가가 먹는 모습 넘 귀여워요,0,2024-08-21
T9Zm4_IhVO0,UgwosO_iyS-EHtAa3cF4AaABAg,@게으른잇프피-l8w,"넘조아요 인테리어도깔끔하고요ㅠㅠ
혹시 벽달력 정보를 알수잇을까요?",1,2024-08-03
T9Zm4_IhVO0,UgwPRBEbvUjtxfo7XOp4AaABAg,@eunsukkim3299,함 따라해볼게요 🎉🎉🎉,0,2025-03-22
T9Zm4_IhVO0,Ugy9MJQhFRUr38sALFx4AaABAg,@lkjmundo,자취하는데 이거 딱이네요!!!! 감사합니다!!,0,2024-08-11
T9Zm4_IhVO0,Ugw_h2uC-dLa2ID_6xh4AaABAg,@홍서리-w3l,"부지런하셔요.. 부럽습니다ㅜ
혹시 동그랗게 고기 넣은 채반이랑 통은 어디껀가요???😮😮",0,2024-08-04
T9Zm4_IhVO0,UgyYvfcb9i09nZ8ISkx4AaABAg,@구슬기-u3b,마지막 너무 귀여운 거 아니야 ㅋ,0,2025-01-09
T9Zm4_IhVO0,Ugxs1SK4RWWK5TuwGHZ4AaABAg,@jenniejuni,"저보다 어리신것 같은데 대단하네요
워킹맘인데 좀 배워야겠네요^^",0,2024-08-12
T9Zm4_IhVO0,UgyUmKfgC9Ef00Y-b654AaABAg,@user-ju1vq8gi3k,"알고는 있었는데 엄두가 안났었는데 따라해볼 용기가 나네요 오늘당장 해봐야겠어요 ❤❤
근데 상의가 넘 이뻐요 상의 정보좀 알려주실수 있나요?",0,2024-08-05
T9Zm4_IhVO0,Ugy4YYNAz-MJEC2nX2F4AaABAg,@Ooo0oO0oO,너무 좋아요 자취 하는데 참고 많이 할게요,0,2024-08-06
T9Zm4_IhVO0,UgzJlrGHQzk73Qfni4B4AaABAg,@코코밍,야무지다야무져 보고 배워갑니다❤,0,2024-08-05
T9Zm4_IhVO0,Ugw3d6YeJpbvVqzArFJ4AaABAg,@알사탕e5n-k9h,오늘 함박스테이크 했는데 진짜 맛있더라구요!!!레시피 대박이에용ㅎㅎ,0,2024-12-02
T9Zm4_IhVO0,UgyPrmcqbYODMGEFeo94AaABAg,@akali2001,자취생한테도 좋은 레시피 같아요! 근데 혹시 생고기 만지고 소금이나 후추통 만져도 괜찮나요? 고기 요리할 때 좀 걱정돼서😢,0,2024-08-04
T9Zm4_IhVO0,UgxptGpUiJAYakFEEDJ4AaABAg,@후추-i3x,자취생한테도 좋은듯요 ㅠㅠ 감사합니다,0,2024-08-07
T9Zm4_IhVO0,UgwHT8BiM6ANBEsTobF4AaABAg,@chloeakikim,멋져용,0,2026-02-01
T9Zm4_IhVO0,UgzhITIx_p_yA_4YMql4AaABAg,@singingbirds-kh4km,냉동된거 요리하실땐 냉장에 옮겨서 해동된거 팬에 구우시는걸까요? 냉동 그대로 요리하시는걸까요? 함박스테이크 패티 냉동해놨다가 구우면 안은 안녹고 밖은 타서 잘못하겠더라고요ㅜ,1,2024-08-07
T9Zm4_IhVO0,UgwKGIiCADgrTfwjBS14AaABAg,@user-bi8mz2ve2y,맞벌이…? 살림도 다 하시던데.. 대단…,0,2024-10-05
T9Zm4_IhVO0,Ugy7AV84p0WWXNYyrY14AaABAg,@JINNY-c7q,진짜 볼때마다 대단쓰!!,0,2024-08-05
T9Zm4_IhVO0,Ugz27wZyad20z5h4Hf94AaABAg,@naramik8422,저도한번해봐야겠어요!,0,2024-08-12
T9Zm4_IhVO0,UgwulHxBsyXPXUZAq8x4AaABAg,@곰발바닥-j6u,아 똑똑하네 똑부러지네,0,2024-09-08
T9Zm4_IhVO0,UgxLaA6t_5WPdyb9uad4AaABAg,@meloh2032,저도 해볼래요..❤,0,2024-08-30
T9Zm4_IhVO0,UgyTNV2fnsSzMRnJtsR4AaABAg,@jiralllll,요리하는거 보는걸로 대리만족하고 저는 시판완제품 사러 출발 ~~~~,0,2024-09-06
T9Zm4_IhVO0,Ugy4QdTtJvMjX261H7F4AaABAg,@그냥-s4w,애기가 너무 귀엽게 먹넹^^,0,2024-08-24
T9Zm4_IhVO0,UgzxwLsWBoAZTAcDrLR4AaABAg,@콜라비-e9u,진짜 야무지시네요 👍🏻👍🏻,0,2024-08-20
T9Zm4_IhVO0,Ugxaki0EeU3AW_bNZRx4AaABAg,@뿌잉뿌잉-y3m,화이팅 !! 2인가족을 위해서도 만들어 볼께요 .. 서방 ~ 기대해 ~ 재용쓰,0,2024-08-06
T9Zm4_IhVO0,Ugy50_w7s-RYEvQqCGt4AaABAg,@이담아빠-q2z,아가들 잘먹네 따봉입니다.,0,2024-09-09
T9Zm4_IhVO0,Ugw8Sh-h0OfurSL3DLF4AaABAg,@실비아-b1o,오 저도 해봐야 겟어요,0,2024-08-04
T9Zm4_IhVO0,UgwA0EWGU5SiQ8Gaz-p4AaABAg,@zer0xhoi,완자처럼 탕으로나 전으로도 쓸 수 있을 것 같애용 넘 좋아요🫶🏻🫢,0,2024-08-04
T9Zm4_IhVO0,Ugy8PSr3FJ908-GT5Wt4AaABAg,@해피일상tv,구독합니다,0,2024-08-04
T9Zm4_IhVO0,Ugx2JqpvcoDKIMDZ2Tl4AaABAg,@이지애-b8i,오 요리잘하신당 티이뻐요 티정보알수잇을까용?❤,1,2024-08-03
T9Zm4_IhVO0,UgwEnSb7EnTi-1qJ_x54AaABAg,@sepw7847,산림끝판왕이시다 ㄷㄷ 이런건 누구한테 배우신건가요? 혼자 생각해내신건지 ㅎㅎ,0,2024-09-11
T9Zm4_IhVO0,UgyNUcjEdRMBJomj22t4AaABAg,@sujy1210,정말 부지런하시네요,0,2024-08-06
T9Zm4_IhVO0,UgxAOGWcTOpNyc0QYQN4AaABAg,@R짜,아따 잘뭉는다 아가,0,2024-08-06
T9Zm4_IhVO0,Ugzk_pkbfsaZExdTjTR4AaABAg,@hguje-uj5qxu,대단하시네요 부럽습니다,0,2024-09-05
T9Zm4_IhVO0,UgzM6WfoYkQsbjHzrbB4AaABAg,@뀨갱-i9h,"😊저도 요즘 백종원 함박 자주해먹는데
미리 반죽해두면 편하고 맛있어요~
익히는게 좀 시간이 들긴 하지만ㅋㅋ",0,2024-08-05
T9Zm4_IhVO0,UgzAa8w7gKqgu0Ysntl4AaABAg,@시카-e8f,크. 보고 배웁니다.,0,2024-09-07
T9Zm4_IhVO0,Ugzyz6wYscQyu7H6Fqh4AaABAg,@yunkyungjang7948,"정말 대박이네요👍
사용하신 채반통 정보 알수있을까요?",2,2024-08-04
T9Zm4_IhVO0,UgwHq_R-nLIdyG3yfpp4AaABAg,@추오추오,와 살림 대박 잘하신다 부러워요 냉장고 깔끔하게 정리된거 보고 우와 소리 절로 나옴 저의 상상속의 냉장고네요ㅎㅎㅎ 혹시 냉장고 용기랑 냉동용기 정보 좀 알수 있을까요?,1,2024-08-15
T9Zm4_IhVO0,UgybXWQJyaY-8JLgM1V4AaABAg,@조은영-b3m,살림도 짱! 냉장고 정리도 짱!!,0,2024-08-07
T9Zm4_IhVO0,UgxEtPgwFbOPWn6jmFl4AaABAg,@JC-bs6hn,음식 잘 하는 건 정말 지능순인듯,0,2024-08-13
6nVY0thzbVc,UgztGLN7FhJQzd-ilad4AaABAg,@Ohtodaymenu,"📍귀찮을 때 후루룩 만들어 먹는 #계란김국수 

라면 끓이는 것 만큼 쉬운데,
포차에서 사먹는 잔치국수 맛이에요 👀

술술 넘어가는 맛 !!!
아이들 만들어 줘도 한 그릇 바로 해치울걸요?



👩🏻‍🍳 레시피 

1️⃣ 소면 1인분은 끓는 물에 3-4분간 삶아 찬 물에 헹궈 물기빼 준비해 주세요

2️⃣ 물 500ml에 코인육수 한 알, 다진마늘 1T, 국간장 1T 넣어주세요

3️⃣ 조미김 한 봉지 부숴 넣고, 계란 한 알 휘휘 풀어 넣어 젓지 않고 익혀주세요 부족한 간은 소금으로 맞춰주세요

4️⃣ 송송썬 대파도 넣어 익혀주면 완성입니다 ❗️

그럼 오늘도 맛있게 드세요 🫶🏻",88,2025-09-07
6nVY0thzbVc,UgzapBibqFhIF-IIrrR4AaABAg,@보라해-k1u,"이대로 국수말고 만두넣으면 만두국,떡국떡 넣으면 떡국,칼국수면 넣으면 칼국수임",120,2025-10-09
6nVY0thzbVc,UgzeucR9WDrtHmLOG354AaABAg,@기억의습작-e6q,정말 간단하면서도 맛있어 보입니다,37,2025-09-10
6nVY0thzbVc,UgzXspGJUsYNjPVtVkx4AaABAg,@user-nm8tk5uo2s,만사 귀찮을땐 사발면이죠 ㅜㅜ,19,2025-10-15
6nVY0thzbVc,UgzajlYnS1x_M7q3g9V4AaABAg,@Happy2gether-u2s,집에 국수랑 조미김이 없는데 만사가귀찮아서리 사러 밖에 나갈수가없네요. 그냥 계란국으로 먹겠습니다. 목소리가 예쁘고 귀엽다.,30,2025-09-08
6nVY0thzbVc,UgxylAt29waw8CLdgzB4AaABAg,@너나들이1,"마늘간장다 필요없고 면사랑멸치육수 하나 사서
물에 희석해서 끓여서 먹음 끝",17,2025-09-09
6nVY0thzbVc,Ugx_cS9URKVnqKUcJd94AaABAg,@행운-e3f,김은 맨 마지막 좋지 않나요,18,2025-09-09
6nVY0thzbVc,Ugz0SLTLL39buEltchZ4AaABAg,@마음을비우자-r1n,"국수 삶는게 귀찮은데 ㅋㅋ
레시피는 간단하네요 라면이 제일 간단하지만.",8,2025-10-13
6nVY0thzbVc,UgxytP-Tc3UAKKlGhd94AaABAg,@happycity55,비슷하게 따라 해봤어요 정말 맛잇게 잘먹엇어요 😊,2,2026-04-08
6nVY0thzbVc,Ugyz9KIV2SRJS3RId854AaABAg,@정꽃순-q4x,국물부터 만들어 놓고 소면 삶기,339,2025-09-09
6nVY0thzbVc,Ugy-LYWouoWOusNwSFd4AaABAg,@Usimson,어릴때 할머니가 만들어주시던 국수랑 레시피가 같네용 ㅎㅎ신기하당,4,2025-09-09
6nVY0thzbVc,Ugw6Fc-8UGrnqjru9iF4AaABAg,@은뎅u9b,"지금 저녁메뉴 고민하면서 채널 보고
있었는데., 여기 꽂혀서 오늘 메뉴
해결했습니다 ~^^ 맛있게 잘 먹을께요 ❤",3,2025-09-08
6nVY0thzbVc,UgyrlfLyKRkv4Y9eau94AaABAg,@soso-v8i,어무나...쫌전에 입맛읍다는 87세 울 오마니 해드렸는뎅~~~,8,2025-09-09
6nVY0thzbVc,UgxMiBPE4DjXl4K72Xh4AaABAg,@연두-w5e-l2u,"육수 먼저 해 놓고
소면 삶아 얼음물에 빠닥빠닥 헹궈내면 엄청 쫄깃해요.
전 김은 안넣고 대파 많이~",26,2025-09-11
6nVY0thzbVc,Ugyh0T3MWVVgA_4c7zB4AaABAg,@gwangpa_jubu,저도 참 국수좋아해요..ㅎㅎ,4,2025-09-13
6nVY0thzbVc,Ugwi-PyNFDqzdRxRE394AaABAg,@강미화-w2i,"쉽고.맛나보이네요 ㅈㆍ조미김 중간에부숴넣는거 오늘서.배웠네요
레시피 고맙습니다.",0,2025-11-08
6nVY0thzbVc,UgxlEpo_Iu76aZ9Q7sl4AaABAg,@윤왕후,본것중 제일간단😊,1,2025-12-18
6nVY0thzbVc,UgwTpdQpXxGsQx4M-Cp4AaABAg,@별지샘,오우 맛있겠다 바로 해볼게요,1,2025-11-16
6nVY0thzbVc,UgzfnL2LxYQS5eOyMiZ4AaABAg,@햇살좋은날-k4z,만사 귀찮으면 요리안합니다.😅😅😂😂,70,2025-09-11
6nVY0thzbVc,UgwProSQz6LdSnW7GU94AaABAg,@tjddo73,오~~해봐야겠어요 마침 저랑 같은 코인육수 쓰시네요,1,2025-09-11
6nVY0thzbVc,UgxqDniOhw4tRNZWad14AaABAg,@user-ee3ld8mr3u,간단한데 너무 맛있어요~~👍😍,0,2025-11-19
6nVY0thzbVc,UgxopmkXapAfoABh6HB4AaABAg,@KimKim-ep7wv,사랑해요. 덕분에 미국에서 잔치국수 만들어먹네요😭😭 울면서 먹는즁임돠 감사해요,0,2025-11-08
6nVY0thzbVc,Ugyo6t01oAx_VEYH7dl4AaABAg,@백관잉여자재-z7w,맛있겠네요❤❤,1,2025-11-03
6nVY0thzbVc,Ugwc6dTeb5ZyPYVP7F94AaABAg,@a28958836,퇴근하고 들어오는 남편해줬는데 국물도 좋고 국수 맛나다며 좋아하네요. 레시피도 간댜하고 평생 국수 될거같아요^^,1,2025-12-12
6nVY0thzbVc,UgwTvQ1IqFXuKykp9ut4AaABAg,@kjhzxc342,오우 맛있겠네요 간단하고👍,0,2025-12-15
6nVY0thzbVc,UgxNptUtOyaVoCHrznx4AaABAg,@커피카피보이,감사합니다 내일 꼭 해먹어봐야겠습니다 !,0,2025-10-09
6nVY0thzbVc,UgyW2b_9pVxwd-0qdQR4AaABAg,@csbang4848,"아 쉬운방법이 있네용
저는 미니국물팩(멸치,디포리 다시마)을 준비해 보관
필요할때 꺼내썼는데~
함 도전해볼께용~♡",0,2025-10-15
6nVY0thzbVc,Ugw5KtHEgs-c88h3QL14AaABAg,@꼰주네꼰주네,저도 이렇게 먹는거좋아합니다~^^,0,2025-10-14
6nVY0thzbVc,UgzZ1_mXpsseTBJ2FSh4AaABAg,@이승익-f2q,대박이다 고마워요 ㅎㅎ 감사합니다 선생님,0,2025-10-15
6nVY0thzbVc,Ugwdt271as3pthEdY114AaABAg,@프링글스-g5s,간단하면서도 맛은 최고일 듯~~,0,2025-10-13
6nVY0thzbVc,UgyF1OzPruVcNdS_wB14AaABAg,@정주희-v3k,카아 맛있겠다 오늘은 계란국수로 ❤,1,2025-09-10
6nVY0thzbVc,UgzxQX_WqaRXXeFjLHV4AaABAg,@odrykim140,후르르짭짭    맛나것어요~,0,2025-10-14
6nVY0thzbVc,UgyY2qOMAWW14nV1Qnd4AaABAg,@밝은우리아가들,이 레시피로 자주 해먹습니다,0,2025-11-09
6nVY0thzbVc,UgyXzBaTEE0CX41RFe14AaABAg,@시우95,오늘 점심은 이겁니다...! 감사합니당,0,2026-02-10
6nVY0thzbVc,UgwGT9VPVf1ezlI92Pl4AaABAg,@최강KoreaMH,"맛있어요 간단히ㅋ
지금 먹는중",0,2025-12-27
6nVY0thzbVc,UgxMj8rv-YjvM7nFWRd4AaABAg,@ysyy785,눅눅한 김 안좋아하는데 김 빼도 되나요 ?,0,2026-06-03
6nVY0thzbVc,UgwoxOJTNE_I93R6BIZ4AaABAg,@봄이-n6d,만사가 귀찬은데 국수를 끓여 먹어야해유 ~~,1,2025-09-12
6nVY0thzbVc,UgzX1jPUr87g9VzUeqh4AaABAg,@sil-ol8mn,소고기다시다 국간장 후추 참기름 김가루면 계란국 만두국 국수  다 됩니다,18,2025-10-14
6nVY0thzbVc,UgwHmg3rkVAa0XQ7VDl4AaABAg,@밝은우리아가들,오늘 아침 아이들 해주려구요,0,2025-10-14
6nVY0thzbVc,UgzajaEjoBcwgbMB0dt4AaABAg,@gnyang-c7m,조미김말고 안구운 곱창김같은게 있는데 그걸로하면 별로일까요,0,2025-10-13
6nVY0thzbVc,Ugwyo3hz0Ox0AT_VLFh4AaABAg,@룬루한,코인육수 대신 뭘로 대체할 수 있을까요?!,0,2026-01-21
6nVY0thzbVc,UgzzZFzB60hm5fsyGaN4AaABAg,@ynn-g9s,방금 만들어먹었어용 물만두넣어서,0,2026-02-05
6nVY0thzbVc,Ugyjdld6g2kxcGnebIR4AaABAg,@하루-q2c1p,만사가 다 귀찮은데 그걸 어찌 해 먹나요?,1,2025-09-11
6nVY0thzbVc,UgxnKw6Co8syalfVmtt4AaABAg,@파르셀-n6n,만사가 귀찮은날.... 이게 가능한가여?,1,2025-11-28
6nVY0thzbVc,UgyeblKFCyBUpJGmRaV4AaABAg,@한희박-c1d,국수말고 떡국떡이랑 만두 넣어서 떡만두국으로 먹어도 좋을 것 같네요.,8,2025-09-12
6nVY0thzbVc,UgzgssGTxlXCAFPMMSp4AaABAg,@경미-e8p,다시물에 어묵쪼매 썰어 같이 끊여 육수내심 더맛남..,6,2025-09-10
6nVY0thzbVc,UgxCzQailij6nF1q_Gl4AaABAg,@박효선-z9e,굿!!!!❤,0,2025-10-24
6nVY0thzbVc,Ugx6cBf5oOegVkLetZJ4AaABAg,@흐르는강물처럼-v3o,호박 조금 채쳐넣으면 더맛나지요,6,2025-09-14
6nVY0thzbVc,UgyQuyhYFeDeLRqOIJR4AaABAg,@류성연-l9v,밥 먹기 힘들때 좋지 !!!!!!!!!!!!!!!!,0,2025-09-11
6nVY0thzbVc,Ugw48x1Kc2ERp5MqyBt4AaABAg,@강블리-daily,맛있어보이는데 저것마저도 귀찮음 어케요?,2,2025-09-11
6nVY0thzbVc,Ugy-6Ac5D1sAnSqFmnR4AaABAg,@윤-o3u,"12시 넘었는데
먹고프네",0,2025-09-13
6nVY0thzbVc,UgwliEaeOwsW6Ty15R54AaABAg,@joeunaeung,맛있겠다,0,2025-09-12
6nVY0thzbVc,UgwyEozTJRVOrGprck94AaABAg,@김나영-k8e,짱😂밉니다❤,0,2025-10-27
6nVY0thzbVc,UgyGrnfou_jBxnD7xsJ4AaABAg,@tae2142,저기서 소면 빼면 저게 계란국이죠,12,2025-09-09
6nVY0thzbVc,Ugwut1qWTzxaTV9MTcZ4AaABAg,@시원한여름-f7l,"계란은후라이  해서
올리면 훨씬   예뻐요",1,2025-09-11
6nVY0thzbVc,Ugw6ZIfSR42pcZ5Rk8R4AaABAg,@까르르까르르-w5l,저도 국수 저렇게 먹는데 든든하고 맛있어요,6,2025-09-11
6nVY0thzbVc,UgyHjy3Li8UAzBkqZ8l4AaABAg,@gyeongwoojo1558,나는 만사가 귀찮으면 그냥 굶음....,1,2025-11-11
6nVY0thzbVc,UgxdQJXb2j-ebv-WCAJ4AaABAg,@nature9857,김은 빼도 되죠?😅,0,2026-01-31
6nVY0thzbVc,UgyK0etpcLk_cs9MSYZ4AaABAg,@김채리미,이건할수 있겠다😂,0,2025-10-13
6nVY0thzbVc,Ugym1xYELEkxvXOJu8J4AaABAg,@나의괭이포리똥나무,만사가 귀찮은데 어떻게 물을 올리나요...ㅠ,0,2025-10-14
6nVY0thzbVc,UgzW6yRIng_j-lbQgKd4AaABAg,@1004i-y9u,김국 끓여 면넣어먹는다 생각하면되는거네ㅐ여,0,2025-09-12
6nVY0thzbVc,UgzcGSRqFpeUXjT8fF54AaABAg,@simple_life_0404,떡국대신 국수네요~^^,0,2025-10-15
6nVY0thzbVc,UgyGG-_K3a0gmtduliJ4AaABAg,@방문자-j2b,"김은 마지막에 드실때 넣는게
좋을거 같아요.",109,2025-09-10
6nVY0thzbVc,Ugx8hNMCbi6tMz1cqwp4AaABAg,@DDU0121,제목을 김계란국수로 본건 나뿐인가..,0,2025-11-26
6nVY0thzbVc,UgwA-qlEb4aokRoHaO14AaABAg,@병옥이-j4c,"삼양라면 신제품 출시 하였습니다 맛있게 드셔보세요 
진짜로 맛있어요 
최고입니다",0,2025-11-05
6nVY0thzbVc,UgytbPPoICvTJXjySLt4AaABAg,@sunanko9856,"샘표 잔치국수 끓여드세요
그정도는되야 편하다할수있죠ㅋㅋ
맛도 나쁘지않음",1,2025-10-14
6nVY0thzbVc,Ugwn2860CdWM4K6wzjd4AaABAg,@이미선-l6c,라면 끓이는것보다 더 간단한건 밥하고 간장 참기름 깨 넣고 비벼먹기. 아무것도 아닌 것 같지만 맨날 먹어도 질리지 않음.,0,2026-01-15
6nVY0thzbVc,UgwWhkwKnbWzutsisad4AaABAg,@copsk9866,그라인드 어디제품이예요~?,1,2025-09-09
6nVY0thzbVc,UgwInANk_ohb5rcewS14AaABAg,@까칠아빠,그냥 잔치국수 분말 하나면 게임끝~,0,2025-10-31
6nVY0thzbVc,UgyehS0yJkD7_5Kt9HZ4AaABAg,@코코-j9z,샘표국시 사서 삶아먹음되 쿠팡에팔아요,0,2025-09-11
6nVY0thzbVc,UgzgV29A1vGDD0EcSr54AaABAg,@마란도르,손 쓰는거 3번 넘어가면.. 안하는 데.. 이것도   못해먹을 음식이군!,0,2025-11-03
6nVY0thzbVc,UgxW2AEHIme0SZXgyq54AaABAg,@두유치즈,만사가 귀찮은데 이걸 어케 함??,0,2025-10-27
6nVY0thzbVc,UgxtxIvQ42cS65QlC-p4AaABAg,@김민정-l2q6b,오늘 점심은 너로 정했다~~~,0,2025-10-16
6nVY0thzbVc,Ugw6keNFMNUdDHrMXBF4AaABAg,@hskim9108,간은 쯔유가 좋아요,0,2025-11-21
6nVY0thzbVc,UgyLm8SSFP-SjfGMoO54AaABAg,@3woni,김에 계란후라이 간장참기름밥,0,2025-09-11
6nVY0thzbVc,UgwpeChX2E0Vga5SDwt4AaABAg,@Hgjskkos,후추 는요?,0,2025-10-19
6nVY0thzbVc,UgyU2eyifXUxbGtQlyJ4AaABAg,@장수형-n8l,김은 고명으로 마지막에 올리고 국물에 참치액 반스푼 넣으면. 맛나요 고명에 우부나 어묵 추가하면 굿,0,2025-10-11
6nVY0thzbVc,Ugwp6XZ1UJry60xrDeJ4AaABAg,@trrw,"혈당스파이크때매  국수자제중..
하..참기힘드렁",0,2025-11-03
6nVY0thzbVc,Ugz4WggddISvFkHO0t54AaABAg,@Q달님,맛이있나?,0,2025-10-13
6nVY0thzbVc,Ugy_-gE4tmuADwVe2Qp4AaABAg,@kratt100,이 레시피 어디서 본 거 같은데.. 누가 먼저지,0,2026-01-07
6nVY0thzbVc,UgwnQ-YJWuOHeXFyRh14AaABAg,@왕꿀꿀-kej,만사가 귀찮아서 손가락 움직여서 배민 접속했어요^^,0,2025-10-29
6nVY0thzbVc,UgwGQN_7RgyUJhILEmJ4AaABAg,@미미와모모-r4r,"난 국수삶는게  너무 귀찮아서
1년에 한두번 해먹임.",0,2025-09-10
6nVY0thzbVc,UgyFZ4GhdHsPyqJsD5d4AaABAg,@고양이왜옹,"무조건 소면은 삶는다 찬물에행군다
이거해야 맛있음",0,2025-10-25
6nVY0thzbVc,Ugyqbkn5Yl3owDIEfwd4AaABAg,@u-m5d,소면은  씻어야지~  불순물이   많은데   거품은  전부 걸러야  되여^,0,2025-10-26
6nVY0thzbVc,UgzmSmn7B8dT53KYpxF4AaABAg,@ayrtonsenna3300,이건 말해 모해 그냥 바이블이지! 멸치육수 내기도 귀찮을 때 다시다 코인육수 ㅎ ㅏ~,0,2025-10-18
6nVY0thzbVc,UgyWaZ2lqnycky_aIUV4AaABAg,@이지-EJ,마늘육수인가ㅋㅋㅋㅋㅋㅋㅋ,0,2025-10-22
6nVY0thzbVc,Ugz-92sY-fclkvmpVap4AaABAg,@사과꽃향기-v7y,코인육수 없는데 다시다로 할까?ㅋ,1,2025-09-10
6nVY0thzbVc,UgxU57Zaubh_w8HDMW14AaABAg,@hh98435,"귀찮을 땐 라면이죠
이거 할 게 많네요",0,2025-10-22
6nVY0thzbVc,UgwIbq7mtzdPt8jlVIF4AaABAg,@장백두-e3g,힘들겠네,1,2025-09-10
6nVY0thzbVc,Ugz9xsL5WSwXlI-Bx2t4AaABAg,@zwknyx0034lk,목소리가 국수 김 소리,0,2025-11-04
6nVY0thzbVc,Ugyr-obraTfEVz-TxCx4AaABAg,@ewa6245,ㅎㅎ만사가 다 귀찮은데 뭘 야무지게 해먹어😂,0,2025-10-15
6nVY0thzbVc,UgwUz9AqjJ4zNZ58vRV4AaABAg,@미마-k5c,만사가 귀찮을땐 국수도 못해먹음  그냥 안먹거나  라면이지,0,2025-10-14
6nVY0thzbVc,UgwtJUHS1zrpAlMz40N4AaABAg,@도끼자국-b1n,계란 없었으면 세상 망했다,0,2025-09-12
6nVY0thzbVc,UgzI84gPsYZYNGj4HMl4AaABAg,@als47788,에 국수를 삶아놓고 육수를 ..?,0,2025-10-13
6nVY0thzbVc,UgzKDzCh8f9Rmy3mL-N4AaABAg,@사라다-e8o,"졸린다
몰라 몰라",0,2025-09-11
6nVY0thzbVc,Ugwa-iMgzEb47rV_R8R4AaABAg,@kimwon-hee1504,밥맛없어서 금방 해 먹었는데 양념장없어도 김향때문에 먹으니 괜찮아요 복잡하게 안해도 되서 좋아요 감사해요,4,2025-09-10
6nVY0thzbVc,UgwM4ooYCOwZe2-nF2d4AaABAg,@바지락칼국수-s5e,국수,0,2026-05-23
6nVY0thzbVc,UgzJ0OHtwQ0nhqLlxDR4AaABAg,@빨간바지-c8y,국수 삶기 개귀찮 초간단 라면 ok,0,2025-10-23
6nVY0thzbVc,Ugz-w8RRChvv4w8ex_t4AaABAg,@꼰주네꼰주네,젇,0,2025-10-14
6nVY0thzbVc,Ugz-Dbli-VC7FxFKFud4AaABAg,@들국화-e8z,국수가 젤 손많이가고 설거지거리도 많다구,0,2025-09-10
pTEwg5DKKao,UgytNtAwvdvMNuH8XFV4AaABAg,@박지원-n8u8q,"헉 비빔국수 해드셨네요…❣️ 사실 제가 비빔국수해먹을때마다 뭔가 아쉬웠는데ㅠㅠ 이 영상 레시피보고 한번 다시 해먹어봐야겠어요!!ㅋㅋㅋ 이번주도 고생하셨고 다음주도 화이팅입니다!!❤ (아참, 덕분에 저도 알쭈꾸미시키고 쿠팡에서 샤브야채밀키트 사다가 쭈꾸미샤브샤브 야무지게 해먹었답니다 ㅎㅎㅎ)",0,2026-03-22
pTEwg5DKKao,UgzYd4U-0QwyVnk-gvp4AaABAg,@yhboo,혼자계서도 맛깔나게 드시는걸요?!😊😊 김치비빔국수 저도 해먹어야겠어요~,0,2026-03-22
bikH1t_qCUU,UgwAwqs8YpgzjHj_jVl4AaABAg,@지니-q2k4l,이 모든걸 	브이로그 본편에서 본 나… 시켜줘 초이프 명예소방관…. 오늘도 자취러는 파스타 먹으면서 건강한 음식보면서 침흘려요ㅠㅠ,137,2024-05-12
bikH1t_qCUU,UgwATN5Z89iLK_zrY_54AaABAg,@이민기-c1q,"0:51 미나리 육회 비빔밥
2:39 만두 카레
4:12 된장 국수 
6:06 치킨무 훈제 오리 덮밥
8:29 연어 솥밥
11:20 고기말이 김치찜
13:32 표고 오므라이스
16:19 잡채 파스타
19:32 황태 오차즈케
22:39 우삼겹 대파 솥밥 
25:51 모소리 양배추 샐러드
27:28 닭 한마리 칼국수
29:58 오색 어묵 전골
32:17 참나물 간장 파스타
34:19 빠에야 (🍱)
36:15 대파 맛살 꼬치 (🍱)
37:11 꽃 닭떡국
40:04 떡국 라자냐
42:19 참치 쌈장 비빔밥
45:01 달래장
46:54 묵은지 광어 카르파치오
48:16 미나리 김국수
49:38 오이고추 덮밥
51:23 전자레인지 콩나물밥
52:58 체크 오이 덮밥 (🍱)
54:50 가지 롤라티니 (🍱)
56:48 꼬막 비빔밥 
59:24 간장 낙지 소면
1:01:54 감태 명란 주먹밥 
1:03:31 대왕 우나기동",12,2025-11-08
bikH1t_qCUU,Ugx_iBVppa573ORvzod4AaABAg,@lifeissojm,"그런걸 악용하는 사람이 있다니 놀랍네요,,, ㅠㅠㅠㅠ 그럼에도 불구하고 영상만이라도 올려주시는 점 감사합니댜🥹🫶🏻 브이로그에서 다 보지만 모음집을 또 봐도 재밌고 힐링이에요 ㅎㅎㅎ 악용하는 사람들에 피로하시겠지만 응원하는 사람들이 더 많으니 힘내주세요🥹🥹🥹",27,2024-05-12
bikH1t_qCUU,UgxoQOCm11t8o1f7udR4AaABAg,@youaredoingfine,스토리보고 진짜 너무 속상했어요. 누군가의 시간과 노력과 정성을 손쉽게 훔쳐가는 인간들을 보며 인류애 매말랐지 뭡니까... 모음집 편집하는거 너무 힘들테니 요리 콘텐츠를 살려나가고 싶다면 차라리 숏츠 전문 서브 채널을 두거나 하는 방법도 고민해보는건 어떨까싶어요. 순전히 구독자들을 위한 모음집이라면 그냥 안해두 되요. 어짜피 초이프 구독자들은 영상 다봄!!!!,12,2024-05-13
bikH1t_qCUU,UgzsRfx1bDyWD0z-L4d4AaABAg,@songpearlpearl,봄날의 햇살같은 사람,10,2024-05-13
bikH1t_qCUU,UgxpGvr0ASUfx-3kFsF4AaABAg,@s_se_c,남편분 리액션 최고애요❤,6,2024-08-04
bikH1t_qCUU,UgwhyZKmCz07BmjXEXd4AaABAg,@행복한인생-v4z,저에겐 복습영상이네요ㅋㅋㅋ  대학생 우리딸도 초이프님처럼 지혜롭고 센스넘치는 여성으로 커줬으면 좋겠어요. 50대 주부가 많이 사랑합니다~~😍😍,5,2024-05-13
bikH1t_qCUU,UgzwJFN48V9FEP8_YD54AaABAg,@Do_rai_삥뺭뽕,집밥 모음집 너무 좋아요 🫶🏻,8,2024-05-12
bikH1t_qCUU,Ugyt4rp6YgBAcaWXx3d4AaABAg,@쫑아-o3z,"이런 우리의 힐링 영상에 신혼에 도움주는 레시피들이였는데 그걸 악용하는사람이있었다니 진짜 세상무섭네요 ㅠㅠ 레시피없어도 평소에 영상잘보는 찐 구독자들은 다 아니까 걱정마시고 너무속상해하지마세요 ㅠㅠ 나쁜짓하면 어떻게해서든 돌려받게 되어있어요!!! 벌받을꺼예요 그런사람은 !! 
언제나 초이프님 응원합니다 화이팅!!!😊",4,2024-05-13
bikH1t_qCUU,UgzzrBgVqvoaUCCtzjN4AaABAg,@man_g2897,저 초원님 영상 다봐서 올라올때마다 아껴봐요 ... 🤭,4,2024-05-12
bikH1t_qCUU,UgwiyYKcDtnCOB7QeDl4AaABAg,@rattia2976,아니 어떤 나쁜사람들이 ㅠㅠ 힘들게 올리셨을텐데 레시피올려주셔서 얼마나 감사했는데요 에휴.. 너무하네요 이번에 올려주신것도 너무 감사해요 잘보겠습니다,2,2024-05-12
bikH1t_qCUU,UgwxjQ_eOe9EFq_0mZh4AaABAg,@램프요정-o4i,힘내요 초이프 저도 브이로그에서 다 챙겨본 사람~~~시켜줘요 명예 아무거나❣️,1,2024-05-13
bikH1t_qCUU,UgwIestpcwz9JepQJ914AaABAg,@나들이-k6i,집밥은  간편하고 영양만점인 초이프님 레시피가  최고죠 !!!!!!!❤❤❤❤,3,2024-05-12
bikH1t_qCUU,UgwxGFD-DysOLuW9UNF4AaABAg,@DaSumi_0_0,"아 ㅠㅠㅠㅠ 행복해요 ❤❤❤ 초이프님 너무너무 좋아요 ! 집밥모음집! 뚝딱뚝딱 해내는 요리가 너무 맛있어보이고, 쉬워서 따라하기도 좋아요😊 육회비빔밥 예전에 보고 바로 다음날 따라해서 남편이랑 맛있게 냠냠 먹었답니다 ❤ 일요일 저녁 힐링받았어요 감사해요!",3,2024-05-12
bikH1t_qCUU,Ugye8WkxxEVihvFclLV4AaABAg,@된다꼭,"50살 가까운 고2맘이에요...
영상보니 아들에게 참 미안키도 하고, 저 신혼때 생각도 나네요ㅎㅎ 예쁘게 사시는거 보니 힐링되네요 응원해요~~!!😊",1,2024-08-20
bikH1t_qCUU,Ugzfc0hv-Bcr4eX192t4AaABAg,@눈꽃-i6r,인스타 공지 스토리 보고 속상한 마음에 얼른 달려왔어요!😢 쬬이푸님 레시피모음집 올려주시는것만도 너무너무 감사한데 그런 일도 있을 줄 꿈에도 몰랐어요..8ㅁ8 얼마나 속상하셨을지ㅠㅠㅜㅜ 쉽지않은 자취생활에 한줄기 빛같은 귀한 레시피들이라.. 이제는 안올리신다 할까봐 심장이 철렁했어여ㅠㅠ 이번 모음집도 감사히 보겠습니다아 노고에 항상 감사드려요! 악용하는 이들도 있지만 그만큼 열렬히 사모하는 구독이들두 있다는 것이 쬬이푸님께 위로가 되었음 좋겠오요오.. 힘내세요! 늘 응원합니다! 사랑해요옹❤❤,35,2024-05-12
bikH1t_qCUU,UgxerBvxrD-0Vkym7dB4AaABAg,@아르로,본편을 또 이렇게 추출해서 레시피 요약편을 만드는 정성까지..🥹 초이프님은 사랑입니다💙🙏🏻,1,2024-05-13
bikH1t_qCUU,UgzvUo3r8vU898Y5ELp4AaABAg,@생쭈부,요리 꾸준히 올려주세요. 저번에 불없는요리도 잘봤는데 일하면서 밥도잘하시고 존경스럽네요.,2,2025-05-28
bikH1t_qCUU,UgwbxBFljv7JD0MONpF4AaABAg,@김승연-q7c,모음집 감사해요~! 인스타 보고 세상엔 참 다양하게 창의적으로 헛짓거리하는 사람들이 많다고 느껴지네요.. 도용이라니.. 그렇게나 무의미하게 남의 노력 배껴가며 살고싶을까요? 현명히 잘 해결해나가셔서 다행입니당 전 맨날 영상 다시보면서 같이 요리하니 파일 없어도 괜찮아요ㅎㅎ 보고있으니 배고파지네요..ㅎ,2,2024-05-13
bikH1t_qCUU,Ugz18cG5_dOZz-p2jft4AaABAg,@동글이S2,대바악...진짜 야무지시다...필요한거 있으면 찾아보기 위해 재생목록에 저장 ㄴㄱ,2,2024-05-12
bikH1t_qCUU,UgwGWJbuNVgW8Kt0Vh54AaABAg,@leejade_,흔치않은 레시피가 많아서 좋아요🤤 좋은 기억만 떠올리면서 오는 한주 홧팅하세요~!,2,2024-05-12
bikH1t_qCUU,UgyM7mXmdEXO_eAxRwV4AaABAg,@happyhanna12,"초이프! 구독자가 점점 늘어난다 ㅎㅎ
나만 알고싶지만..! 축하드려요💚💚
앞으로 더욱 잘되길~~",2,2024-05-18
bikH1t_qCUU,Ugy4vqo4ycDNzpxWwc14AaABAg,@xthejs,내가 봤었나 하는 요리들이 되새김질 되는 현상 +_+,1,2024-05-12
bikH1t_qCUU,UgyQCrrGrJDzInCOSYV4AaABAg,@Daya_daya_daya,아니 악용이라뇨! 전 의지박약이라 3가지 정도밖에 못 따라 했는데 할때마다 너무 쉽고 건강하고 맛있어서 행복했어요ㅜㅜ이김에 책으로 냅시다!!👊,1,2024-05-12
bikH1t_qCUU,UgxWNun0hCpFGyRI6Oh4AaABAg,@라라-m3n,1가정 1초원님 원해요...❤ 갓생 이프님😊 오늘도 감사합니다..!,1,2024-05-13
bikH1t_qCUU,Ugy_eSYq0D14bypchfJ4AaABAg,@이시은-e8d,초이프님 덕분에 가지 러버 됬어요 ㅎㅎㅎ 은근 가지 재료를 잘 활용하시는거 같아요!,2,2024-05-12
bikH1t_qCUU,Ugx_DCLQkjFSrgQqYut4AaABAg,@NDYE1208,저도 다 봐서 재방 보는 느낌 쪼금 들긴하지만  반찬고민할땐 넘 좋아요,2,2024-05-14
bikH1t_qCUU,Ugw8obAm1MICSPMtcEp4AaABAg,@lov_ya-p1i,제 소원이 있다면…초이프 언니의..집밥 한번 먹어보기………🫥❤️,1,2024-05-12
bikH1t_qCUU,UgywB-e1UNgEZ_jz5j14AaABAg,@뀨뀨-g3u,으어어 초이프님이 올려주는 요리들 틈틈히 따라해보는데 이렇게 모아서 올려주시는거 너무 좋아요!!!,5,2024-05-12
bikH1t_qCUU,UgxkcS5lOph1-m3_9Sh4AaABAg,@ksnr718,이렇게 모아놓으니 복습?하는 기분이에요😁 정말 유용한 영상인 것 같아요👍👍👍,1,2024-05-15
bikH1t_qCUU,Ugw3-i0SCVar33px8Rh4AaABAg,@bakeyoung,"저는 음식 레시피 찾아보려고 븨로그 다 눌러보고 그랬었는데..✨ 그 김에 영상 또 돌려보고 오히려 좋아요!!!💛 
언제나 초잎님이 가장 편하고 지속 가능하게 채널을 운영 해 주셨음 하는 마음만 가득이에요!🥹 그렇게 최대한 오래오래 보고 싶답니다〰️ 언제나 응원해요! 파이팅입니당🍀😊",1,2024-05-13
bikH1t_qCUU,UgwwR5TC4ToXVxkU8U54AaABAg,@거누세상,와… 치킨무 사용하는 설깨복 설깻복 완전 무릎을 탁 치고 갑니다~ 맛과 비주얼 다챙기는 초이프님 영상에서 에너지받고가요~~~ 두분 너무 예뻐요~,1,2024-10-23
bikH1t_qCUU,UgxXsHdqcOix2AwTnh14AaABAg,@김이리나-y1f,"초이프님 영상들 보고 느낀건데 참 말투가 나긋나긋하고 친근해서 자꾸만 영상을 보게 되네요 ㅎㅎ 남편분도 말투만 들어도 착함이 느껴지시는듯😊
저도 집에서 남편이랑 해먹어봐야겠어요❤좋은 레시피 감사해요~ 구독하고 볼게요^^",1,2024-10-30
bikH1t_qCUU,UgyEX2BMaOBg3n5MKIN4AaABAg,@호두마루-h3c,초이프님 맨날 입으시는 홈웨어 너무너무 아름다워요ㅠㅠ 홈웨어 모음집 해주세요!!,1,2024-08-28
bikH1t_qCUU,UgzOWhNSSK07WMPJcAB4AaABAg,@Do_rai_삥뺭뽕,초잎언니 목소리도 너무 좋아요💜,2,2024-05-12
bikH1t_qCUU,Ugwt1aTDWcd4dC1h16Z4AaABAg,@이상미-l8h,에휴..제가 애청하는 또다른 유투버분이 계신데 그 분도 피해를 보셨더라구요 다들 왜들 그러는건지..힘내셔요~ 초이프님의 일상이 많이 부러우셨나봐요~ 너무 기운빠지지 않으시길 바랄게요~~~,1,2024-09-01
bikH1t_qCUU,Ugye0Fa8bQPJjyRpPY94AaABAg,@may_love_1109,레시피도 좋지만 오히려 초이프님 영상보면서 같이 따라하면 훨씬 더 좋더라구요ㅎㅎ 제 요리 메이트가 옆에 있어주는 느낌이랄까요? 항상 감사해요☺💚,1,2024-05-13
bikH1t_qCUU,UgxSIHS5-ip-W0ARUGV4AaABAg,@양파랑오트,다 봤지만 또 모아놓은거 또보고~~최애 친구들에게도 막 내딸인양   홍보하고 ㅎ,1,2024-05-13
bikH1t_qCUU,UgxUS9lIo0XPutGWjRN4AaABAg,@규장이-y5v,크 이런 모음집 넘 좋아요~!! 항상 멋진 음식 올려주셔서 저도 요리하는데 참고하게 되네요!❤,1,2024-05-13
bikH1t_qCUU,UgzpvWsjbBQOpInRO5N4AaABAg,@sokuri_studio,"6만때부터 봐왔던 초이프님이 벌써 20만,,,, 요리 영상 압축본은 그저 빛...!
흑.. 그걸 악용하는 사람들이 있었다니 속상한 마음에 오랜만에 댓글 달아봅니당 !!!
너무 잘 보고 있고, 그만큼 다른 사람들이 보기에도 너무 좋은 레시피와 영상이였기 때문에 그런 일도 생기는 것 같아요😥
언제나 긍정적이고 밝은 모습으로 지내시는 초이프님을 앞으로도 쭉 응원합니당! 힘내세요💛💛",0,2024-05-30
bikH1t_qCUU,Ugw4yrHBVCy-BYRtb5Z4AaABAg,@enril6544,"예전에 고기쌈? 선물쌈? 영상을 보고 집에서 첨으로 남편한테 짜잔~~ 요리 해줬었어요. 영상만 보고도 충분히 따라서 행복한 저녁을 함께 할 수 있었어요. 나쁜 사람들에게 다친 마음, 초이프 님 덕분에 행복한 시간을 보낸 후기로라도 치유 되시기 바라며 덧글 달아봅니다 🥰",1,2024-05-13
bikH1t_qCUU,UgySirz94Uj3ThQQvNR4AaABAg,@유레카-m9q,"제가 제일 좋아하는 초이프님 요리 asmr 들으면서 독서합니당,,😍 20만 넘넘 축하드려용😘",1,2024-05-12
bikH1t_qCUU,UgyfBqzFGB83ZrnNHKx4AaABAg,@seolkim9149,❤ 내 최애채널 등극 ❤ 사람이 진실하고 따뜻한게 영상으로도 느껴져용❤,0,2025-02-15
bikH1t_qCUU,UgyLkj5yEpKb695PmNR4AaABAg,@Dongs-g2e,"초이프, 이프초 채널 구독하고 열심히 보고있는 구독자입니다! 모음집 올려주시다닛!! 집밥메뉴 생각 안날 때 마다 참새방앗간처럼 보러 오겠습니다❤ 짹짹🐥

브이로그는 흘러가듯 보게되는데 모음집은 식단짤 때 뭐 있었지? 하면서 봐요 마치 시험보기 전 쪽집게 특강 같달까요?! 언제나 좋은 영상 감사해요❤",1,2024-05-13
bikH1t_qCUU,UgwF4ZqFwb1eEM5oSM14AaABAg,@뽀로롱-p4p,요리 영상 진짜 힐링🥹 김선생님 늘 부럽습니다..,1,2024-05-12
bikH1t_qCUU,Ugz44o3C0LKEgzcUZLV4AaABAg,@user-nt7nt4kc4d,"진짜 쵝오! 이런 아내를 둔 남편은 전생에 나라를 구했을꺼야~
남편님 합격하고 아내한테 쉼을 좀 주고 나중에 이쁜 아가도 낳고 둘이서 꽃길만 걸으세요^^",14,2024-05-12
bikH1t_qCUU,UgxIc5mf8rZ7bs7J6EN4AaABAg,@감사랑-u6i,"꺄~~~~ 맛난 레시피 모음집 감사해요❣️ 초이프님의 요리실력 그저 부러울뿐...🥹
기회되신다면 쓰고계시는 냄비, 프라이팬 소개 부탁드려용!🎉",1,2024-05-13
bikH1t_qCUU,UgyZY1vy5hDi-GeExx14AaABAg,@jjun-g9j,"집밥모음집 언제나 좋아요.
따라해먹는 잼잼 맛도 좋은 집밥
감사합니다 ❤",3,2024-05-12
bikH1t_qCUU,UgwulgunGyibwYPWgKV4AaABAg,@minsun7367,매일 저녁할 때 틀어놓고 했더니.. 초이프님이 꿈에 나왔어여…❤ 너무 많이 봤나봐여… 😁,0,2025-03-27
bikH1t_qCUU,UgyG1qGTyzLq1K-Aeq54AaABAg,@jmom5558,쉽고 빠르고 간편한데 맛있는 요리하는데 천재신듯,0,2024-09-09
bikH1t_qCUU,UgxPRM0xEX_ld8ELfll4AaABAg,@dyk2800,기다렸어요 ㅠㅠㅠ 이미 영상으로 다 봤찌만 색달라요~!~!~!❤❤,1,2024-05-13
bikH1t_qCUU,UgzoUC7cZ4mm8rnp2XZ4AaABAg,@youmering,초이프님 요리영상 너무 조아영😋,1,2024-05-12
bikH1t_qCUU,UgzloWphlrQYsxEmBeB4AaABAg,@또얄,"요즘 초이프님 덕분에 저녁밥이 맛있습니다 
남편이 너무 좋아해요 레시피 감사합니다 :)",0,2024-12-03
bikH1t_qCUU,UgxEB2Wr1jcavrCYfwR4AaABAg,@dkzk4958,부부가 말도 넘 이쁘게하구~~ 요리도 야무지게 잘하셔서 시간 가는줄 모르고 봤어요~^^,0,2024-10-20
bikH1t_qCUU,Ugx6s1bMd3m60BoJJ4Z4AaABAg,@DDSS_bro,신혼동지로써 레시피 많이 얻어갑니당❤남편분 리액션이 너무 좋아서 할맛이 날거같네요 ㅎㅎ,0,2024-11-18
bikH1t_qCUU,UgzmAxfP2MUOGkpEWxF4AaABAg,@dewdewmin,에구ㅜㅜ새댁이라 레시피 너무너무 도움되어서 잘보고있었어오!! 레시피 다운 못받아보는건 넘 아쉽지만 그래듀 초이프님 정신건강이 더 중요하지요! 화이팅이에요! 그래도 이전영상들 레시피는 안없애주셔서 감사합니당❤,0,2024-06-10
bikH1t_qCUU,Ugzs0CgX3egpWIuLA6R4AaABAg,@ubottle751,휘리릭 정말 요리 잘하시네요~남편분 리액션도 바람직합니다.수고스러움을 알아주고 그만큼 반응해주는거 같아 보기 좋아요~돼지고기 김치말이하실 때 김치는 어디꺼 드시나요??맛나보여요~,1,2024-11-04
bikH1t_qCUU,UgzDZg4dlzHO3vL3eUF4AaABAg,@wsh141827,"이거보고 낮에 막 요리가 하고싶어져요~~~~
점심때 뭐해먹어야하나 했는데 너무 좋아요♡♡♡",0,2024-10-27
bikH1t_qCUU,Ugzwf6ZLx2NBu_tmJwl4AaABAg,@김민아-m5u,남편분 반응이 진짜 요리 해주고싶음.. !ㅋㅋㅋㅋ,0,2025-01-31
bikH1t_qCUU,UgwcH71qPJYZog8z7wB4AaABAg,@온통연두,"88사이즈/데일리 러블리 상관없음다~~
나눔의 마음 !!! 즐겁고 행복한 마음이예요~건승 하시기를 응원합니다❤❤",0,2024-10-23
bikH1t_qCUU,Ugwicw8dqNj9xFIvbf54AaABAg,@yhs201,영상 넘 좋아요 ㅎㅎ 저는 맨날 남편 도시락 싸쥬는데 메뉴 영감 받아 아주 좋네요 ㅎㅎ 오늘 저녁은 표고 오므라이스다!!,0,2024-08-27
bikH1t_qCUU,UgxPnDgK9w3pfb66wIp4AaABAg,@ohyou2037,레시피 정말 잘 보고있어요 ㅠㅠ 저번주에 고기말이김치찜 해봤는데 진짜 눈이 번쩍 뜨이는맛!!! 감사해요💗💗,0,2024-05-21
bikH1t_qCUU,Ugx_YMevEhVvIXdPJV14AaABAg,@로즈마리-y6r,구독하면서   봤던메뉴지만  정말정말  놀랍니다  솜씨와 눈썰미가  정말  타고난 초원님같아요^^   침고여요,5,2024-05-12
bikH1t_qCUU,UgxErHy6wMRWnGko1h54AaABAg,@jinc2023,오마나 초이프님 지금 된장국수 해먹었는데 대박이에요✨ 초이프님 레시피 덕분에 오늘은 뭐해먹지 걱정이 줄어들거같아요! 감사해요💕,0,2024-09-09
bikH1t_qCUU,Ugx2tq6CArzeAFCMj9R4AaABAg,@희짱73,노불요리 올여름 진짜 도움 많이 됬어요 어쩜 너무 사랑스러워요 ❤❤❤,0,2024-09-29
bikH1t_qCUU,UgwiuDzWRPo-Gmf2Yk94AaABAg,@산토깽이-b8d,진짜 최고❤,0,2024-05-12
bikH1t_qCUU,UgwyFpJtodVhTV6ErA14AaABAg,@-_v-,이야… 남편분께서 리액션을 잘해주시니 요리할 맛 나겠어요!!! 넘넘 보기 좋은 부부입니다💕 저도 결혼하면 남편한테 맛난 요리해주는 와이프가 될거에요!! 영상 감사합니다🩷🩷,0,2024-10-04
bikH1t_qCUU,UgxKrnCFDAAvXItHFpJ4AaABAg,@투찬브라더스,요리천재이심이 분명~🎉,0,2024-07-06
bikH1t_qCUU,UgzWdVZRbl3-HpRszhh4AaABAg,@yeoreumbam1992,요리를 엄청 잘하시네요..!! 맛있고 건강해보여요 ㅎㅎ 부러워요 금손❤❤❤,0,2024-08-01
bikH1t_qCUU,UgyvCD4jL6bfxGYEW0l4AaABAg,@백승운-s3u,멋지십니다😻😻,0,2024-05-12
bikH1t_qCUU,Ugx7izSzzWmgqDfRh8h4AaABAg,@박슬기-r1p7y,요리천재❤,0,2024-10-22
bikH1t_qCUU,UgzRRExR1FuCTwV258R4AaABAg,@iaminhawaiiorheaven,정말 양심리스한 사람들 많다니까요… 그래도 이런 귀한 영상 감사합니다! ❤,0,2024-06-14
bikH1t_qCUU,UgzJa4qIoGEzbbFOTFd4AaABAg,@장미정-s7g,"저 오늘 애들이랑 저녁으로 두부참치그라탕 먹었습니다~
첫째가 아주 잘 먹었어요~~~😊😊",0,2025-07-15
bikH1t_qCUU,UgzjS3luCDvKLDlWoF94AaABAg,@Lucia69-r5r,와 따라 만들어보고 싶은 요리들이네여 😍,0,2024-11-04
bikH1t_qCUU,Ugz15r2xxdALtfHg0k94AaABAg,@정현승-m3l,오늘 꼬막비빔밥 양념 참고해서 만들었는데 넘 맛있게 먹어써용❤️ 항상 감사해요 히힣,0,2024-12-27
bikH1t_qCUU,UgysD_25TdrDxF_EcEp4AaABAg,@merrylowell,자취생인데 요리는 좋지만 메뉴선정이나 레시피도 항상 고민이라 잘 못 챙겨먹었는데 초이프님 영상 보니까 모든 요리를 도전해보고 싶어요!! 좋은 영상 감사합니다!! 구독❤️,0,2024-10-23
bikH1t_qCUU,UgzZEF9P8RJeiu7lu8l4AaABAg,@Lizza는리쟈,와앙 대박이에요!!! 함 해야겠어욤~!~!ㅎㅎㅎ><,0,2024-10-08
bikH1t_qCUU,UgywGZxppEg5yEgoWXZ4AaABAg,@user-itsme_vaness,정성이 ㅠ❤❤,0,2024-05-20
bikH1t_qCUU,UgynC7iFojx0mEoHbih4AaABAg,@hwalee6888,된장국수 레시피대로 먹었는데 너무 맛있어요!!!감사해요ㅎㅎ,0,2024-05-18
bikH1t_qCUU,UgxFck9KAQZ-HQ-3UHt4AaABAg,@또똣한우유,와 진짜 맛있겠다,0,2025-03-12
bikH1t_qCUU,UgzPwWEJWzgshPh0EkV4AaABAg,@hanee0724,엉니... 칼질하는거 너무 멋있어... 오늘 바로 된장 국수에 소면대신 파스타면으로 바꿔서 된장 파스타 해먹었는데!! 소스 쥑여요..ㅠㅠㅠㅠ 너무 맛있게 잘먹었어요 마음 안좋았을텐데도 구독자 위해서 올려줘서 고마워요💙,0,2024-05-16
bikH1t_qCUU,UgzAuHNGBxZxOVcwH-F4AaABAg,@둡두르,요리책 내주세욤~!!!,1,2024-08-24
bikH1t_qCUU,UgyAiKxmaD0L5sZPeWF4AaABAg,@오.너.정,"초이프님~ 27번째인가? 꼬막비빔밥으로 넘어간 첫 화면 56:51 에 음식 이름이 꼬막비빔밥이 아니라 꽃 닭떡국이라고 대문짝만하게 쓰여져있어요😂😂😂😂😂
저도 누구보다 꼼꼼하게 잘 보고있다는 증거이니 명예 뭐시기 주셔요!!ㅋㅋ",1,2024-09-02
bikH1t_qCUU,UgwQ07n3EdEMpt_GG7F4AaABAg,@어우덥다더워-q7k,쩐다..,1,2024-05-13
bikH1t_qCUU,UgwYzq1cqZo0Ikuy5_x4AaABAg,@Mgmgmgmg-p4u,"모든 요리들이 너무 이쁘고 맛있어 보여요! 남편에게 저녁밥해주는게 너무 좋은데 이거보고 하나 둘 만들래요~~~지금까지 너무 반복된 요리만 하다보니 질렸거든요ㅠㅠㅠ (만드는 사람이)
레시피 감사해요 일단은 잡채파스타부터💕 그다음은 육회비빔밥!!!!",0,2024-09-13
bikH1t_qCUU,UgwzCYAoTqdY3IEzLpp4AaABAg,@뷰뷰-p5p,초이프님 대박 다 따라하고싶어요,0,2025-03-25
bikH1t_qCUU,UgxLM6Z6EF5-7xC3Vhp4AaABAg,@이진주-i5u,"꺄아아아 집밥 모음집으로 저녁 잘 먹고 있는 자취러에요🤍
이번 모음집 잘 보고, 잘 챙겨 먹을게요!!
항상 영상 잘 보고 있어요😘",2,2024-05-12
bikH1t_qCUU,UgwMMgBZNEpTgLsMD5l4AaABAg,@광개토왕-u6f,저녁들이거보면서 드셔요,0,2025-11-27
bikH1t_qCUU,Ugy5huo3uYR7TzZ3an14AaABAg,@또여-t1s,오색어묵전골은 정말 센스가 좋네요,0,2024-11-22
bikH1t_qCUU,Ugz5KhuLt2Ktm8HOFd54AaABAg,@Wonheng원행,ㅠㅠ간 좀 약하게해서 두돌아기 해주면 잘먹더라구요!!,1,2024-05-13
bikH1t_qCUU,UgxvtNwiUsw2xA4PFzB4AaABAg,@Kim-ow2us,천재같아요,0,2024-05-16
bikH1t_qCUU,UgzYWLNeJLmfuLU1sRV4AaABAg,@2봄2,집밥 레시피 너무 좋아요!!!!! 정말 바라던건데 꺅 다음주 집밥은 초이프 레시피로 잔뜩 예약 😋😋😋,1,2024-05-12
bikH1t_qCUU,Ugzf6ELRmQ6UiVxAgsh4AaABAg,@luckytobecoming,"우와.. 1시간 분량이나!!!
너무 소중해요🤍😭🫶🏻 초이프님 영상은 보는 것만으로도 너무 힐링이에요 
영상 즐겁게 시청하겠습니다:)",1,2024-05-12
bikH1t_qCUU,UgyuHV8vr66R8UKIODB4AaABAg,@또로롱-b7g,고기말이 김치찜 11:36 표고 오므라이스 13:40 빠에야 34:20 떡국 라자냐 40:06 참치 쌈장 비빔밥 42:21,1,2024-12-12
bikH1t_qCUU,UgwWSzCyo1R4AowRntJ4AaABAg,@얼죽아-b4l,"시작할때 인트로? 녹음멘트?!!?? 너무 죠흔데여? 왜 인트로를 세번째 보고있는지 ㅋㅋㅋㅋㅋㅋㅋㅋㅋㅋㅋㅋㅋ 🩷🩷🩷 목소리까지,,, 당싄,,, 마이 취향저격,,, 🩷",1,2024-05-12
bikH1t_qCUU,UgzneC-1jxom9m0nOwN4AaABAg,@Riri-qi2fu,재재재재시청하고있는 나 ㅎㅎ,0,2024-12-16
bikH1t_qCUU,UgxdrW-mJm4lo6jrNh14AaABAg,@Cherryjazz,초이프님이 요리하시는 멋진 모습 덕분에 집밥에 흥미 붙여가고 있어요! 남자친구도 맛있다고 칭찬해주고용 🤤 초이프님의 일상도 늘 잘 보고 가요 항상 감사합니다아아💛,2,2024-05-12
bikH1t_qCUU,UgzL9AjA6HqnsvIf1GN4AaABAg,@까꿍-p1f,40대 중반 주부인데 초이프님께 너무 많은 도움 받고 있어요. 이번 영상에 나온 레시피도 따라해본게 많네요~ 정말 정말 감사합니다 ❤,1,2024-05-12
bikH1t_qCUU,UgxMrT7Y-GNA3DhCZbx4AaABAg,@꼬끼-d2s,닭한마리칼국수 저희 시아버님 요리인데 반갑네온...ㅎㅎ,0,2024-12-16
bikH1t_qCUU,UgxRWPbEBU41183-gyx4AaABAg,@wsh141827,"어묵탕이랑 참나물간장파스타해먹었어요 너무맛있어요~
보리굴비랑 고등어삿는데 고등어 넘맛있네요 아직 굴비는안먹어봤어요
행복합니다~",0,2024-10-30
PREzemHc53k,Ugwdf7-D7pfob4-nWaF4AaABAg,@데이지초록,이런 와이프 만나는것도 다 남편분 복이여 복,65,2025-07-21
PREzemHc53k,Ugy-ljMywTNcfmjCLvZ4AaABAg,@내사란쨘,여잔데 남편분이 부러워요...,26,2025-08-08
PREzemHc53k,Ugy_Gs1dFo6i5CPKW4x4AaABAg,@서영ksy,"남편분 리엑션 최고네요.
요리할맛 나겠어요
맛있는요리 맨날해주고 싶을듯❤",20,2025-08-03
PREzemHc53k,Ugy14jt7IzbKU0r4TzB4AaABAg,@julysummergarden,책 내주셨음 좋겠다 흫ㅎㅎㅎㅎ,190,2025-07-20
PREzemHc53k,UgylCJLfcK13cURgTfR4AaABAg,@새빛-08q,신랑이 진짜진짜진짜 복받으셧네..맨날 얼굴 보면 와이프 때매 집오고 싶겟다...살맛나겟다...우와..심지어 천사야......신혼 깨볶는다,14,2025-08-25
PREzemHc53k,UgySZTml-O2BoQKwSpx4AaABAg,@Somy-c8l,매번 생각하는건데 맨손으로 채칼쓰시면서  속도 실화인가요 ㅋㅋㅋㅋ 저는 손 몇번 베이고 무서워서 장갑끼고하는데😂😂 저 초이프님 레시피 너무 애정하는데 텀 길어져도 좋으니 마지막이라는 말만 말아주세요~~❤,14,2025-07-20
PREzemHc53k,UgwDKjUoeZ4v5SvDf4Z4AaABAg,@곰곰크렌베리,그냥 천재....... 거기다가 천사........😁✨,12,2025-07-20
PREzemHc53k,Ugzkz7xCVBhYinfiWjh4AaABAg,@Yuulluu97,"신혼 초인데 맨날 해먹던것만 해먹다 
뭐해먹지 싶을때쯤 이렇게 소중한 레시피 알려주시니까 넘 감사한일..😭",4,2025-07-22
PREzemHc53k,UgwEY3g7fJfYPQPRVGd4AaABAg,@eunahjo8916,다시봐도 초이프는 진짜 요리천재!! 살림천재!!!,9,2025-07-20
PREzemHc53k,UgwS_1sCZCgOAltP5MF4AaABAg,@jjungsssa,와 요리모음집 돌려돌려보는 육아맘…요리가  많이 모여야만 만들어질 수 있는!!!!!!!!!! 와주셔서 감사합니다❤❤❤❤❤❤❤,5,2025-07-20
PREzemHc53k,UgyFVWgSg0jfXWdb0I94AaABAg,@Sohappyholic,진짜 감탄하면서 봐요 금손 닮고싶다 후후 ㅜㅜ 후 맛없는 리액션도 최곤데 맛있게하면 울남편리액션 얼마나최고일까 😢,6,2025-07-20
PREzemHc53k,Ugw0vlkhSNPA_FjD5hB4AaABAg,@혜주이-g4b,진짜 구독자들을 위해 이렇게까지 해주는 유튜버가 어딨냐고요ㅠㅠㅠㅠ,57,2025-07-20
PREzemHc53k,UgzmyU5hk780om4H_Vx4AaABAg,@챱쁘,모음집 넘넘 감사해요!!! 덕분에 저녁에 집밥해먹을때 참고 잘하구잇어용🍚,5,2025-07-20
PREzemHc53k,UgxpA6PJayonV-CmVLd4AaABAg,@Ssend,팽이버섯된장 레시피 보고 최소 10번은 해먹은 사람 저요🍄🍄‍🟫진짜 간단한데 맛있고 최고...❤,2,2025-07-20
PREzemHc53k,Ugz8svUeHj-Fhdl9oJp4AaABAg,@장아라-e3u,요리책  내주시먼 넘 좋을꺼 같아요😊 바로 33가지 요리저장❤,3,2025-07-20
PREzemHc53k,UgzrgtYIX1ANFKe7sI94AaABAg,@또링-g3j,손이진짜빠르시네요 뚝딱뚝딱 잘 하셔서 쾌감오져,4,2025-09-05
PREzemHc53k,UgyKSCFv0EvyPSj8Rt54AaABAg,@나들이-k6i,"더위에   맛있는것도  없고  요리도  하기싫은  일인입니다
초이프님   쉽고 간편한  요리 덕분에 살맛납니다 ❤❤❤",3,2025-07-20
PREzemHc53k,UgyqvMWGyRZ9Yf6Zbkx4AaABAg,@꽃님-x8m,와 정말 대단한 새댁 내 35 년 결혼생활을 반성하게 하네요 항상 응원합니다♡♡♡,2,2025-07-20
PREzemHc53k,UgyTWIXvMjPMiO-Nxbh4AaABAg,@Rojubu,덕분에 저희집 식탁도 요리가 다양해졌어요 진짜 감사해요 천재유투버 초이프님,3,2025-07-20
PREzemHc53k,UgyJH0iCWFzO4FUWX8h4AaABAg,@Jjuua,저도 임신을 준비하는 입장이라 앞으로 초이프님의 영상을 더 애정있게 함께 할 수 있겠네요☺️,3,2025-07-20
PREzemHc53k,UgyPR24v9ukas-e0dL94AaABAg,@iremembermymom,나 초이프 레시피 도장깨기하는중😊,3,2025-07-20
PREzemHc53k,Ugxe62O3dgissiXWOEB4AaABAg,@호짜호짜,"요알못이자 곧 새댁이 될 사람인데요 맨날 초이프님 영상 보면서 폰요리, 폰살림 하니 이상하게 뿌듯하네요ㅋㅋㅋㅋㅋㅋㅋㅋㅋ저두 담엔 꼭 따라해볼게요!!!",2,2025-07-20
PREzemHc53k,Ugy8tSTGrnA7bARazH94AaABAg,@fashionomic-o6q,"제가 유일하게 매 영상 챙겨보는 유튜브 채널이 초이프님인데,, 정말 이렇게 아낌없이 주는 나무는 전무후무할 것 같아요🥹 저도 같이 임신준비중인데 우리 건강하게 화이팅해봐요!!❤❤❤",2,2025-07-20
PREzemHc53k,Ugywl3dl3OYgtAsvcj14AaABAg,@ohhnn,맨날 요리 영상 보면서 먹고싶다... 하기만 했었는데 근래 따라 만드는 게 너무 맛있고 재밌어요🥹 예쁘게 차려먹고 나면 기분이 좋더라구요!! 덕분에 배달음식 주에 한 번 정도로 줄었습니닷ㅎㅎ👍,4,2025-07-20
PREzemHc53k,UgyzUdpLLQec6GZ_abR4AaABAg,@ensaha7065,매번 영상에 행복바이러스 초이프님❤ 전 요알못인데 영상 보면서 한개씩 따라해보려 노력하고 있어요 요리한개한개에도 행복이 느껴지네요^^ 임신도 응원합니다🎉❤,2,2025-07-20
PREzemHc53k,UgxxecLTwqTwNxUQLNZ4AaABAg,@clairekim5197,봤던거 다시봐도 중간중간에 나오는 부부의 대화가 너무 귀여워서 한시간 다보겠어요😂😍,1,2025-07-20
PREzemHc53k,UgxznYdnwvszal5XkYd4AaABAg,@김룰루-kll,집에 있을만한 재료들로 넘나 다채롭고도 쉬운 집밥을 하는 초이프님 요리 사랑해요 💛🧡❤️,1,2025-07-22
PREzemHc53k,Ugw7p4H7coMEf0VH8k94AaABAg,@라라-m3n,삶 곳곳에 창의성 가득~~~~!! ❤ 천재 만재 ㅎㅎ 오늘도 감사합니다🤗,1,2025-07-21
PREzemHc53k,UgxvWrHwRyyxIiqN5xB4AaABAg,@ssosso305,와와와 정말 대단하단 말 외엔 할 말이 떠오르지않아유 넘 대단해유 😮😮,2,2025-07-20
PREzemHc53k,Ugyp4M6JrUrxsdx_7GF4AaABAg,@얀니얌미,"ㅠㅠ감사해요 초원님!! 이영상 자주보고 자주 해먹을거니까 절대 지우시면 안돼요!!! ♥️♥️♥️
진짜루 선물같은 사람 초이프 🥹",1,2025-07-20
PREzemHc53k,UgxkbB_RZjAPBGtcGNB4AaABAg,@유쥬-y4q,진짜 기다리고있었어요!!! 레시피 정보 위주로 편집하느라 손 많이가셨을텐데ㅜㅜ 진짜 감사해요~~,1,2025-07-22
PREzemHc53k,UgzsvRMjfPLN5QX7V1l4AaABAg,@뀽14,"어제 리트보고 울다가 잠 못 이루고 있었는데, 힐링했습니다. 절 위한 요리 해보려고요☺ 감사합니다♡",1,2025-07-20
PREzemHc53k,UgzrRL9x4DWAiiQXVeZ4AaABAg,@jeongbuchu,"아니 진짜 ㅠㅠ 초원님 너무 대단해,,,, 대체 무엇이,, 나오늘 숏츠 정독했는데 이런거 올려주면 너무 감동이라구,,,,,,,+_+ 히히",1,2025-07-20
PREzemHc53k,UgxTg4WybDi5pjWn32d4AaABAg,@Doodori_MidAir,"ㅇㅏㅆㅏ❤
간혹 원하는 레시피가 어느 영상에 있었는지 기억이 안 나서 이것저것 찾아 보느라 시간이 걸렸는데 이렇게 정리해서 올려주시니 넘넘 좋아용 😍
우리집 밥상까지 책임지는 초이프님 최고🫶🏻",1,2025-07-22
PREzemHc53k,UgzjLPZkUuyjnOvTX5p4AaABAg,@냥냥-h2h3s,초이프님 26살 구독자예용 취준생인데 초이프님과 같은 미래를 그리면서 힐링하고 힘내고있어요!!,1,2025-07-20
PREzemHc53k,UgzAxa9jA88xWS_Gk-54AaABAg,@yunahpark2733,우리 모두의 기준 세상 선한 사람. 인신도 정말 응원하고 같은 주부로써.. 너무 감사하고 사..사랑해요,0,2025-07-21
PREzemHc53k,UgxUxpaM-Bb8DTPF2SV4AaABAg,@ggsy8756,요리 모음집 너무 좋아요 요리까지 잘하는 똑부러지는 초이프님!!! 이번주도 건강하시고 행복하세요 영상감사드려요 오늘은 한시간짜리라 육퇴후에 여유를 즐기며 봐야겠어요❤,1,2025-07-20
PREzemHc53k,UgzY0cM1r8lYTdxdPCF4AaABAg,@T_Heather,나보다 스무살가까이 어린주부인데 장금이스피드 편이 따로없네요 👍,1,2025-07-22
PREzemHc53k,UgwO9wn42fgDeC0nCcF4AaABAg,@한유현-d3t,"초이프님 제 롤모델이에요!!
꼭 초이프 같은 굳센 사람이 되고 싶어요!!",1,2025-07-27
PREzemHc53k,UgxzFJT_rt2AJZ2oPTl4AaABAg,@우울의종말,더보기란 응원합니다❤,1,2025-07-20
PREzemHc53k,UgzI1SsssY_r2RerjuN4AaABAg,@carrot_jswj,"요리 모음집 영상의 주기가 길어지더라도…
이렇게 찾기 쉽게 영상 만들어주시는것만으로도 ㅠ 넘 감사드려요 🙏🏼",0,2025-07-21
PREzemHc53k,UgxsEUhvv2adB0tkPjt4AaABAg,@hellolemony,대박적 레시피..😮 새삼스럽지만 다시봐도 손이 너무나 야무진 여인 🌸,1,2025-07-21
PREzemHc53k,UgxT3-LKUsaCbJtWhDZ4AaABAg,@굥이-g1v,"진짜 요리 모음집 초보주부에겐 너무 꿀같은 영상이라는거🥹 너무너무 좋아요!! 따라하기 쉽고, 맛있고🫶🏻 영상볼때 나중에 해봐야지 했다가 어떤 영상이였는지 기억 안날때 있는데ㅎㅎ 이렇게 모음 해주시면 찾기 편해서 너무 좋아요!! 감사합니다🥰",1,2025-07-20
PREzemHc53k,UgynzJCUWAJYlX1-kpd4AaABAg,@젤리만츄,드디어 왔다 레시피모음!!!,1,2025-07-20
PREzemHc53k,Ugx3cg0AElYfQc8HrWV4AaABAg,@Gaji_lover,"초원님ㅠㅠ 다음 달이면 벌써 임신 준비 하신다니..! 초원님의 시간은 이렇게나 빨리 흐르는데 제 시간은 멈춰있는것만 같아요🥺
너무너무 축하할 일이 곧 생길까 싶어서 저도 콩닥콩닥하면서두 눈 깜짝하면 초원님 못 보는거 아닌가 싶어서 뒤숭숭하네요..!
그래도 언제까지나 끝까지 응원할거예요💚",1,2025-07-20
PREzemHc53k,UgxLWPmp9ukAuuqPzGV4AaABAg,@김미소-u8p,초이프는 사랑입니다♡♡♡,1,2025-07-22
PREzemHc53k,UgzUzEjEOLbAzAIQ-np4AaABAg,@감자냠냠냠,"육아에 지쳐있는 요즘, 항상 뭘 먹어야하나 삼시세끼 메뉴 고민을 합니다. 초이프님의 요리모음 도장깨기로 고민을 타파하려구요!!! 
소중한 요리모음집 영상♡ 감사합니다!!!",1,2025-07-20
PREzemHc53k,UgyvF48Faeysu_K0UqB4AaABAg,@mimi-go6so,"ㅠㅠㅠㅠ감동물결,, 이번 집밥요리는 더욱이 영양만점인거같아요!!! 손민수 해보겠슴다❤",1,2025-07-20
PREzemHc53k,UgzbsR753m4ROGdECKx4AaABAg,@seungmijung8606,"와우~~
암 생각없다가 득템한 이 기분 짱짱!❤",1,2025-07-20
PREzemHc53k,UgwUKAm16ULXmVq1fPB4AaABAg,@장은영-x1v,드디어 떴다!!!!!!!!🫶🏻,1,2025-07-20
PREzemHc53k,UgwMzJZJ5CDiyjoIxnh4AaABAg,@huijeongkim6739,굿~ 한달분 메뉴스케쥴 받은 느낌.  매끼니에 대한 고민 해결 모음집이네요.,1,2025-07-20
PREzemHc53k,UgwoxZEVQ5EeTD8Z3Nx4AaABAg,@박슬기-b2n2e,하나씩 도장깨기 할꺼에요! ❤ 감사합니다!,1,2025-07-20
PREzemHc53k,Ugzxgua_GhsHTZzWX_t4AaABAg,@하진선-w3q,오아...진짜 너무 좋다 ❤❤❤알뜰살뜰 배워서 해먹을게요❤❤❤,2,2025-07-21
PREzemHc53k,Ugya-dmvrwOItiaz7vV4AaABAg,@aabc0828,"리액션이 좋은 김선생님 
목소리가 잇섭님이랑 비슷한거같아여 ㅋㅋㅋㅋㅋ😂😂

순간 그런생각이 들었어요ㅋㅋㅋㅋㅋ",1,2025-07-22
PREzemHc53k,UgzmoXo3WLti2vqJI9t4AaABAg,@choryu1625,5년차 주부인데 레시피 진짜 너무 도움됩니다❤,1,2025-07-20
PREzemHc53k,UgxiGLcP447iYMwQclV4AaABAg,@Kiibing,우왓 다음주 주방 메이트 영상으로 픽하겠어요❤,1,2025-07-20
PREzemHc53k,UgxgklZDM9HCPRv9bbR4AaABAg,@은주-u9y5o,"오랜만에 레시피모음이네요!
요리가 늘 참신한것 같아요 ㅎㅎ",1,2025-07-20
PREzemHc53k,UgyPgGMsrY9vxbWBfZ14AaABAg,@oonm4128,초이프님 맛도리 천재👍👍👍,1,2025-07-20
PREzemHc53k,Ugyl3GXzFYINg9K6N1F4AaABAg,@푸린-m9w,요리 따라하다보니 초이프 냉동실 쟁여템 냉동단호박 고등어 마녀스프 ㅈ쿠팡템들이 다 똑같아지고 있어요!! 항상 많은 도움을 받고 영감이 되어요! 응원과 좋아요 꾸우우욱,2,2025-07-20
PREzemHc53k,Ugwk4bVHkPp50_B7Yjh4AaABAg,@숀쇼니,요리도 뚝딱뚝딱 잘 하시는데 부지런하시기까지 진짜 리스펙!!❤❤ 사랑스러운 부부네용😊,0,2026-02-05
PREzemHc53k,UgzQRe4o-2ubl1y8UeB4AaABAg,@루나_98,레시피 모음 나올때마다 늘 따라해보는데 진짜 너무 맛있어요!! 유튜버해주셔서 너무너무 감사해여😍😍 -결혼한지 한달된 새댁-,1,2025-07-20
PREzemHc53k,Ugx1b6zh8CoD3PED8Fp4AaABAg,@Bnna-xm4,요리영상 너무 조아요!!❤,0,2025-09-08
PREzemHc53k,Ugy5_Li8y-_Pv0LlxvF4AaABAg,@오인주-l1w,왔다 내 마약!!!!!!!!!!!!!,8,2025-07-20
PREzemHc53k,UgxPhtLdEBpVzWuhBDt4AaABAg,@iloihg-f8j,최고에요 진짜 뚝딱뚝딱 만드시고👍,1,2025-07-23
PREzemHc53k,UgzOe5oXNULqLfNVcYp4AaABAg,@뇽뇽-u6w,우리 초이프님 응원합니다❤,0,2025-07-23
PREzemHc53k,Ugxb5V-dNpE3uq1Szi94AaABAg,@Soingsss,"꺄~ 안그래두 이번년도 결혼예정에 같이 살고있는데!!! 너무 꿀같은 영상이예용 ㅠㅡㅠ 초이프님  = 인간에너지 
알고리즘으루 떠서 구독자된게 넘 행복해욜~❤",1,2025-07-20
PREzemHc53k,UgxGFW7Pq4VvMx4qpGZ4AaABAg,@Do_rai_삥뺭뽕,입맛떨어지는? 요즘 최고의 영상 💜,1,2025-07-20
PREzemHc53k,UgyhdornbkRYP3oE3jR4AaABAg,@나비-u7l,요즘 젊은 주부님들 왤케 천재죠? 멋있어요,0,2025-08-03
PREzemHc53k,UgwhHR_mB3WnmrZlVpZ4AaABAg,@하하호호어머어머,방금전까지 요리모음 돌려보고 장보기했는더 또 올려주셔서 감사합니다 😊,1,2025-07-20
PREzemHc53k,Ugwqu5HNzaQ84NXnN114AaABAg,@로스지밍,해보고 싶은게 많이 있어서 끝까지 정주행 했어요😊❤,1,2025-07-24
PREzemHc53k,UgyYcgjYql9Qq5xusyl4AaABAg,@Realityisvividlydreaming,남편분 정말 복받으셨어요~ 리액션 잘해주시니 초이프님도 요리할 맛 나실듯해요❤ 책 내주시면 살게요 저도 맛있고 요즘스러운 음식으로 행복하게 해주고 싶어요 ㅎㅎ,0,2025-07-22
PREzemHc53k,UgycwF-QNPZFU1PuBDx4AaABAg,@Stellaworld1017,진짜 증말 알잘딱깔센👍👍,1,2025-07-20
PREzemHc53k,UgwutbkJrO3egl5WiON4AaABAg,@김미소-u8p,"남편분 리액션 최고네요^^
부럽습니다😊",0,2025-07-22
PREzemHc53k,Ugy0zRKFCT5A8RlHGfF4AaABAg,@롸-g2v,부부가 너무 귀엽네요. 남편분이 애정어린 추임새를 넣는거도 거기 덩실거리는 초이프님도 너무 귀엽네요ㅋㅋㄱㅋ,0,2025-07-26
PREzemHc53k,UgybqFkCJQOUGB-cRLh4AaABAg,@라라-m3n,다 봤던건데도 또 새롭고 ㅎㅎ 또 침흘리고요..❤,0,2025-07-21
PREzemHc53k,Ugxmu9NOeujdJPqsMEV4AaABAg,@ygj05029,"분명 유튜브 켜놓고 요리하는데 왜 저는 초이프님처럼 예쁘게 나오는게
아니라 지옥에서 온 음식이 되는걸까요😢",0,2025-07-21
PREzemHc53k,UgyznrurdiTdEhQZDEB4AaABAg,@소소-x5r,영상보면서 다 봤던 음식들인데 다시봐도 다 너뮤 맛있어보여요ㅠㅠㅠㅠ요즘 날 더워서 그런지 생각나는 요리 없었는데 이거보고 다시 야무지게 해먹어봐야겠어여☘️,1,2025-07-20
PREzemHc53k,UgwV68Ra1-7Pne5eFoh4AaABAg,@윤윤-b9j,"초이프님 최고
언제나 멋진분",1,2025-07-20
PREzemHc53k,Ugyj4OLTjbAeL_DP8Rd4AaABAg,@김승연-q7c,잘봤습니당~~ 레시피 정리해주셔서 감사해여 ㅎㅎ,1,2025-07-20
PREzemHc53k,UgzJERfo3IE1iAJKCgd4AaABAg,@홍은혜-x4y,진짜..똑부러지고 이뿌고 멋있어요 ㅠㅠ,1,2025-07-20
PREzemHc53k,Ugxks5iZeGlOWRX5_L94AaABAg,@소이-r6p,"항상 잘 보고있습니다
정성가득 레시피 감사합니다❤❤😊",0,2025-08-26
PREzemHc53k,UgzwSmKlF9SJs1ghssd4AaABAg,@정구름-v8s,"요즘 더워서 요리 잘 안했는데 
뭔가 따라 할 수있을거 같으면서도 너무 그럴싸해요!! 😘",1,2025-07-24
PREzemHc53k,UgyZKNyvX75t6PtEzuJ4AaABAg,@choheesim,초원님 레시피로 행복한 한끼가 되어주었던 메뉴가 너무 많아요!!ㅎㅎ 저의 최애는 표고계란덮밥인데! 이번에 올라온 레시피도 여러개 도전해봐야겠어요!😆,1,2025-07-20
PREzemHc53k,UgxpkcVWJQ3stpsid7B4AaABAg,@Mongusburger,미쳣나봐... 저장해갈게용❤,0,2025-08-02
PREzemHc53k,UgziFNC_mLphEqWp-K14AaABAg,@ohsangmi0831,오 감사해요 ❤❤❤❤,1,2025-07-20
PREzemHc53k,Ugw1zGXR7SkRliVJTvN4AaABAg,@pa-z4k,요리모음 좋아요❤,1,2025-07-20
PREzemHc53k,UgxSJItjLsMKQUHsO754AaABAg,@UCRMrK9EyNcYaUvUJLTEZdFQ,긍정 언어 듣다보니 기분 좋아지고 요리 보니까 저도 요리 할 수 있을것 같고 요리 하고싶어져요,0,2025-11-15
PREzemHc53k,UgwfD0xV0Eo7aWeVYd94AaABAg,@_n1291,그동안의 레시피 모음 좋아요 ㅎㅎ >*<,1,2025-07-20
PREzemHc53k,UgyoBfZ4kVWFfkOLwAh4AaABAg,@Do_rai_삥뺭뽕,오늘도🍀✨,1,2025-07-20
PREzemHc53k,Ugwp7uXjsPZ-8yN9GnJ4AaABAg,@hebom2,요즘 집밥 더 해먹고싶어 뭘 장봐야했는데! 참고해서 남편이랑 멋진요리해볼께요🎉,1,2025-07-20
PREzemHc53k,UgygKx3WcYPAMHZQfCl4AaABAg,@user-uw8lg8hd9r,"징짜 구독자들이 원한다고 총총 정리해서 온 이여자의 사랑을 봐,,,,❤",0,2025-07-20
PREzemHc53k,UgzI7r7PPXxvJgyINcx4AaABAg,@Riri-qi2fu,와ㅏㅏㅏㅏㅏ 내 요리왕~,1,2025-07-20
PREzemHc53k,UgynJhXnpB7wjhKRWbt4AaABAg,@우화-t2h,"ㅋㅋㅋ꼼수요리 사시꾼요리 저를위한
 레시피 근데  비주얼은 최고로 이쁜요리 ~따라하면 칭찬도 따라와용❤",1,2025-07-20
PREzemHc53k,UgxWY-pSMRZOiwEmOjd4AaABAg,@상미최-v1d,감사합니다❤,1,2025-07-20
PREzemHc53k,UgxNiDKmFJTayLilFLd4AaABAg,@밎이-h2j,배울게 너무많은 같은 유부녀이자 동갑인 초이프님 너무 존경하고 항상 건강하셔요❤ 동갑이지만 정말 닮고 싶고 부러운게 많네요 ㅠㅠ,1,2025-07-20
PREzemHc53k,UgySEsTDunC9yj80QIN4AaABAg,@vivividdd,요리 야무지게 넘 잘하세요 ❤ 잘보고가요 ㅎㅎ,0,2025-07-21
PREzemHc53k,UgwSGAH5tGvHwf4k-TJ4AaABAg,@韓銀正,남편분 목소리 특이하시네용. 맛난 음식앞  신날때 이덕재 목소리남. 😮,0,2025-07-23
PREzemHc53k,UgxUVpD_-rV0F7M-UXZ4AaABAg,@우리는쀼에요,저희 와이프가 초이프님 영상보고 새로운 요리들을 해줘서 너무 좋아요 ㅎㅎㅎ😊,0,2025-11-04
PREzemHc53k,Ugxueo1DemTg5Ba3VGh4AaABAg,@구일인생,"진짜 너어무 너무 도움되는 영상이에요!!!
요리 흥미없는 주부?인데 도전해보고싶은 요리들이 많이 생겼어요 ㅎㅎㅎ",1,2025-07-20
PREzemHc53k,UgzIStOMsQhmqsfwxfB4AaABAg,@집송이SongsHome,호다닥 초원님이 하는 요리는 다 쉽고 간단해보여요!! 색감이 다채로워서 보는 재미가 있네요! 😊 얼마전에 항정살수육 해먹고 신세계를 경험했습니다 🫢,1,2025-07-20
PRqR-bsZwrw,UgxXqgqwRp80qTUSzqN4AaABAg,@자취요리신simplecooking,"자세한 레시피와 맛이 궁금하다면?
👉 https://youtu.be/FS30zCcz02M",132,2023-05-14
PRqR-bsZwrw,UgwkbxA1TzGrR8xtIdp4AaABAg,@gongjoolee5728,나 맨날 조미료 안넣고 저염 저당 요리해주면 애들 잘 안먹어서 버리고 외식하면 잘먹어서 자꾸 외식하고.. 그러다가 깨닭았다. 그냥 집에서 짭짤하게 달달하게 해먹는게 이득이라는 것을,795,2023-05-20
PRqR-bsZwrw,UgyEKDePuHsxwUdaPrt4AaABAg,@lilly700,"집밥 해먹다 보니까 이 부지런함마저 대단하게 느껴지네요 ㅠ 
맛있게 집밥 먹고 나면 치우는게 귀찮아 ㅠ",434,2023-05-14
PRqR-bsZwrw,UgzX0QkO53b7F9qF7nR4AaABAg,@Tiger12219,"돼지고기 없으시면 스팸도 괜찮고 참치도 좋아요
대신 스팸이나 참치는 짠맛이 있으니까 데치거나 물에 담가놓고 간장도 2스푼을 1스푼+반스푼해서 조절하면 제 입맛엔 괜찮더라구요
(짠걸 좋아하시면 레시피 그대로 2스푼 넣어도 됩니다!)

오늘도 맛있게 먹었습니다 감사합니당",82,2024-06-07
PRqR-bsZwrw,UgzzxRBTIMOQJGLfBWh4AaABAg,@이은-k2d,김계란 행님 세분ㅋㅋㅋㅋ,65,2023-05-19
PRqR-bsZwrw,UgzsBO4INAmPcVbaoO14AaABAg,@rose45232,"오늘 해먹었어요
간단하고 맛도 좋고~
사진을 못올리는게 아쉽네요~~
공유해 주셔서 너무 감사해요~~~😊👍",55,2023-07-02
PRqR-bsZwrw,Ugxj8E8V8lI3fx8Zhcd4AaABAg,@내맘의향기,간단하지만 너무 맛있어보여요. 고기가 들어가서 애들도 좋아하겠어요,65,2024-03-28
PRqR-bsZwrw,UgxTWPbejxfzCx10Rhh4AaABAg,@farlandtacticsonline,"빠뜨리셔서 제가 추가해둡니다.

인자 한 숟갈 떠가 함 무보면...
이거 정말 맛있습니다.
덮밥 한 번 해무보이소.",303,2023-06-11
PRqR-bsZwrw,Ugw7jiE_SY8iXel7sYh4AaABAg,@옥구슬-u3y,애들밥반찬때문에 스트레스인데 간단하면서도맛난레시피 감사합니다,11,2023-09-16
PRqR-bsZwrw,UgyamlVrhj0tsh05cwV4AaABAg,@abyz123,이 분 목소리~~ 중독되는 매력이 있네요 ㅋㅋ,10,2023-09-22
PRqR-bsZwrw,UgzO19Zi-WHJCq1Exbh4AaABAg,@baron5756,"대파의 초록한 부분ㅋㅋㅋ
넘귀여워요",8,2023-06-20
PRqR-bsZwrw,UgwWLyiXnHDqeQO1php4AaABAg,@람쥐-n6r,"맛있을거 같네요
레시피도 간단하고~~ 👍👍🫒🫒",32,2023-05-18
PRqR-bsZwrw,UgyAYKqft9w4GHqjzJx4AaABAg,@참치참치,"쇼츠라서
이제 한숟갈 스윽 뜨믁어보면~ 야 이거 정말 맛있습니다!
이게없네",9,2023-05-30
PRqR-bsZwrw,UgzwBW4PTZRT6UfmP8F4AaABAg,@LoVE히나,"늙늙하게.. 넣어주고..
톡톡.. 참 맛있습니다.. ㅡㅡㅋ 귀에 자꾸 맴도네요.",7,2023-09-27
PRqR-bsZwrw,UgwJnrXkaBELXUszgEF4AaABAg,@혜경조-p9m,네~알겠습니다 맛있겠어요  👍,9,2023-05-21
PRqR-bsZwrw,UgxidwFERbi2pFMmU_B4AaABAg,@최미정-j5p,해먹었는데 간단하고 너무 맛있어요^^,10,2023-06-14
PRqR-bsZwrw,Ugw-vtMy0ooLFznwoh94AaABAg,@zs3lzy,해봤는데 너무 맛있게 잘먹었습니다🥰,4,2025-05-28
PRqR-bsZwrw,Ugy0T3abr4VwWN9h2zZ4AaABAg,@ssabullin,덕분에 더 덮밥을 사먹어야 할 명분이 생겨부렸다 ㅋㅋㅋ,3,2023-06-01
PRqR-bsZwrw,UgzebPZp8WasHIZjCUh4AaABAg,@Kelly-ie8yq,근데 간단한것도좋지만 야채가 넘 부족한 레시피들 ㅜ,20,2023-05-18
PRqR-bsZwrw,UgyqkdUpOT_CrcnF__F4AaABAg,@verygoodOdin,"뚝딱형님이랑 자취요리신님꺼 보는데
요즘 뚝딱형님 레시피가 간단하지않고 헤비해져서 따라하기 힘들어지는데
자요신님은 언제나 따라하기 쉬워서 좋음 😊",48,2023-05-15
PRqR-bsZwrw,Ugyk1HzgjAT9GO5s_sR4AaABAg,@봄애-m6y,다진뒷다리살에 다진마늘   다진대파  진간장2  설탕1  식초1  후추 섞어주고  구워주고  스크램블도만든다,5,2024-09-03
PRqR-bsZwrw,UgyTrP6eNEwfVuAKitN4AaABAg,@goraebab,"간편 돼지갈비덮밥같은 느낌쓰 
자취생 한끼 뚝딱 성공~감사링",2,2023-07-09
PRqR-bsZwrw,UgwHrUKEdZ8ND_7BD2x4AaABAg,@정동숙-v6j,후추 뿌릴때 톡톡 효과음ㅋㅋ,2,2025-08-24
PRqR-bsZwrw,UgzBuLdR3-s51zC984J4AaABAg,@블리밍-b5j,"와 간단하고 예쁘네요!
역시 파,계란,깨는 마무리의 핵심
퀄이 3배가 올라가요!!🎉",0,2024-02-12
PRqR-bsZwrw,UgxciW4C0I3o1ZMurFV4AaABAg,@digalagoof,뒷다리살 대신 다진 고기도 되나요? 😢,1,2023-11-24
PRqR-bsZwrw,UgyMjN7soBKFysdw1mJ4AaABAg,@설렘후드득-u3t,맛과재미를 추가해주시는쎈쓰!!♡,0,2025-09-12
PRqR-bsZwrw,UgzrXvITTCC881X6sMB4AaABAg,@이현주-t1t,"이거 진짜 자주 해먹는 레시피
감사함당 ㅎㅎ❤",0,2025-10-02
PRqR-bsZwrw,UgzjlnJdwW4eha9a8OZ4AaABAg,@AriesP-e5i,와ㄷㄷ 운동용으로 아주좋네요 단백질도풍부한 맛난한끼 내일 일하면서 점심먹을때 만들어 먹어보겠어,0,2024-06-15
PRqR-bsZwrw,UgwNxdCcfaqf6LSpCNV4AaABAg,@힐링뮤직큐Healingmusiccue,간단하고. 맛도좋고. 감사합니다,2,2023-11-09
PRqR-bsZwrw,Ugw0xhZVBWsxeWp_XcR4AaABAg,@YADDOLAN,돈까스소스를 추가로 뿌려서 먹으면 개꿀맛이겠다,12,2023-05-14
PRqR-bsZwrw,UgytMsBswn1g4j1Penx4AaABAg,@space-nc5xw,설탕이랑 후추 생략해도 될까요..?,0,2024-05-31
PRqR-bsZwrw,Ugx5BMLHBGnSYtlJLV14AaABAg,@simply4u780,너무 잘 하시네요~~😃😆💛👍👍,0,2023-06-15
PRqR-bsZwrw,UgyySbyXclYwZjIKbI14AaABAg,@화평.화관법반대,"비쥬얼도 좋고
고급집니다 ~👍",1,2023-09-25
PRqR-bsZwrw,UgyuoS0_eife-1uQxFF4AaABAg,@여행자-s7l,식초는왜넣는거죠??,1,2024-09-10
PRqR-bsZwrw,Ugzq4aeC0lZHa5SEC8V4AaABAg,@풔런하늘,이거 중딩이들 2인분으로 해줬는데 넘 맛있대요.  감사합니다.,1,2025-09-12
PRqR-bsZwrw,UgzmzcI0uNJjFr_p_Rd4AaABAg,@madisnewthings,오 맛있겠어요❤,0,2023-08-11
PRqR-bsZwrw,UgwLgljZmB1O58wJdfV4AaABAg,@syuang,마싯겟당,6,2023-05-14
PRqR-bsZwrw,UgxRmOy_xg5ia-DRYL54AaABAg,@매직양탄자,간단하면서 맛있는 레시피넹ᆢ😮😮,1,2024-01-15
PRqR-bsZwrw,UgzVlXgylMsrmVF3AvN4AaABAg,@룰라12,삼겹살로 대신 해도될가요??,1,2023-08-14
PRqR-bsZwrw,Ugzgcr0s4NSptVXGTnV4AaABAg,@시마타니엔도,웬일로 굴소스.돈까스소스를 안썻대?,2,2024-07-21
PRqR-bsZwrw,UgzfF075nK-x31WnDtZ4AaABAg,@ellyh6205,아…배고파요😂😂😂,1,2023-06-14
PRqR-bsZwrw,UgyCuGLrFd4-SJ20NgF4AaABAg,@Viva-qh8jj,진정 요리 천재,1,2025-11-20
PRqR-bsZwrw,UgxJftHUxRccqEv1P6B4AaABAg,@shimanaka_11,혹시 삼겹살로 해도될까요?😅,0,2024-09-30
PRqR-bsZwrw,Ugy6y7YOUCR_VpimcSJ4AaABAg,@김씨-z6t,식초없는데 생략해도되나요?,0,2024-05-30
PRqR-bsZwrw,UgwKTGJmYJcgmY2CEq54AaABAg,@seul-kihong4026,어제 이거 해먹엇는디 넘 맛잇게 먹엇어요!,0,2025-12-05
PRqR-bsZwrw,UgyWNiwLeOfmgdhTEnR4AaABAg,@dgi20907,돼지고기인데 색깔이  저렇게 갈색이 나오네요? 바짝 태우는 걸까요?,0,2023-11-16
PRqR-bsZwrw,UgxGJZHoBQB47qo4njt4AaABAg,@왕자-q7i,이 레시피로 하면 성인 둘이서 먹을 만큼 양이 나올까요? 아니면 모든 재료를 두배로 넣어야 할까요?,0,2025-01-15
PRqR-bsZwrw,UgzJoGLE6m5UUOEVeOJ4AaABAg,@Dorothy728,"쇼츠에 올라있는 레시피 소개 유투버 영상 중
가장 캡임 
설명과 자막이 속도나 집중력 면에서 제일 캣치가 잘 됌",0,2024-01-20
PRqR-bsZwrw,UgyEblxziifMz0nK-314AaABAg,@ttong86terrorist,김치랑 얹어서 먹으면 꿀맛일것 같네요,18,2023-05-15
PRqR-bsZwrw,UgzRIUuO22dW-uY8JfV4AaABAg,@유소영-v3o,저거 소고기도 대체되나요?,0,2024-07-02
PRqR-bsZwrw,Ugw8tvD2LTG76trzWrJ4AaABAg,@아생연후살타-s7c,"맛있겠어요. 생 노른자는 
호불호가 많쵸 ㅋ",1,2024-08-16
PRqR-bsZwrw,UgwhqXmLltbrVhgOe994AaABAg,@승승-kw,"너무 쉽네요
재료도 간단하고^^",0,2023-08-11
PRqR-bsZwrw,Ugy2hJOg1ON0JIyhbuF4AaABAg,@A_sad_fox,따라 만들어 묵어봤는데 맛있네요,1,2024-11-07
PRqR-bsZwrw,UgxQT5HBE34r8Ao46Kd4AaABAg,@magicdropradio,돼지고기 대신 스팸 될까요ㅠ,0,2024-03-03
PRqR-bsZwrw,UgzkO0OwlEGujLbBjcF4AaABAg,@user-ow6rn6mw4g,중간에 톡톡스~나오는거 넘 잼있어요~~ㅎㅎ,0,2023-10-14
PRqR-bsZwrw,UgzpmHLbgQ4ZnadabbJ4AaABAg,@음영실,왕ㅠ 😂  날계란 못 먹는 1인으로 마지막을 못참겠음,0,2025-10-25
PRqR-bsZwrw,Ugy62z6mlwfV9aJAU3B4AaABAg,@BB-hn9zv,해먹어봤는데 맛잀네요 고기 볶을때 채썬 양파 같이 넣어주는게 더 좋을거 같아요,0,2026-02-10
PRqR-bsZwrw,UgwKH96ArhBQ4W1NHb94AaABAg,@다축복,고기양념할때 식초는 왜 넣나요?,0,2023-06-19
PRqR-bsZwrw,Ugw85FSX7uneXAD4OCl4AaABAg,@Zzzzzzzz214-c3q,볶음김치랑 김자반 곁들여 먹어두 맛있어용,0,2024-07-06
PRqR-bsZwrw,UgyyUWD3GM0P0bV6pld4AaABAg,@milkywaymk,고기에 식초를 넣는 이유는 뭔가요?,0,2023-08-24
PRqR-bsZwrw,UgzC4cgxotr48Qk3Qwx4AaABAg,@JJannie-T,어느 지역에서 다진 돼지고기를 디진 돼지고기라고 쓰나요?😅,0,2023-10-06
PRqR-bsZwrw,Ugw4VKWJzn6wtbxSpAp4AaABAg,@강팀90,맛있겠어요!!!,0,2023-10-08
PRqR-bsZwrw,UgzNldL9j6sWPlstz9p4AaABAg,@armamenter7403,버터는 어떻게 되는건가요,1,2023-05-18
PRqR-bsZwrw,UgwcdUrXEboVyFZnuG94AaABAg,@hani-w5y2i,다 집에있는 재료들이네요 감사합니다 맛있게 해먹을게요,0,2024-04-15
PRqR-bsZwrw,UgwmjhTEhu-AOJC4gip4AaABAg,@리나-v1t,와~계란을 3개나 때려먹네,3,2023-05-22
PRqR-bsZwrw,UgwaTXZ6A0svGRdpXRF4AaABAg,@user0102kai,대패삼겹살 로 했는데 맛있어용 감사합니다 😊,0,2024-09-19
PRqR-bsZwrw,UgwGHiTIKfr_xzmvhmN4AaABAg,@양희이-u9f,식초를 넣나요?,0,2024-01-20
PRqR-bsZwrw,Ugzcv0WwE6z1LqocXYx4AaABAg,@이혜옥-l6k,단백질식품♡최고네요🍚🐣🥩,0,2023-06-17
PRqR-bsZwrw,UgxJzyfSwm8SMLrewWV4AaABAg,@부경이,너무좋은것들 가끔 감사합니다  👍 👍 👍 👍 👍 최고십니다 ❤😅,0,2023-10-24
PRqR-bsZwrw,UgzMqvalkrYb1jWiIUd4AaABAg,@매봉초6304,몇인분 기준이죠?,0,2024-11-20
PRqR-bsZwrw,Ugxhep3ZXu1BR47nqTR4AaABAg,@byg8379,뒷다리살대신 앞다리살로 바꾸면 더맛있습니다,2,2024-05-26
PRqR-bsZwrw,Ugwc2SJiwUs280h81x54AaABAg,@hometo99,저란 뒷다리? 다진건 어디서 사나염,0,2023-10-01
PRqR-bsZwrw,Ugyjxu6ZhuVpSTgAqdZ4AaABAg,@yang3372,애들이 덮밥류 좋아해서 한번 해봐야 겠어요~,0,2025-08-31
PRqR-bsZwrw,Ugy7uKTAlu7_1vvYTqx4AaABAg,@asadall1,이거 증말 맛있습니다~,0,2023-07-10
PRqR-bsZwrw,UgzLSwJr1Je7Ge1V3uJ4AaABAg,@현정-k4m4o,"아무리 생각해도 정체가 뭐십니까?음식천재인가요.요리연구가인가요
그리고 죄송해요.처음엔 성함이 방구땡 인줄  ;;;",0,2023-06-29
PRqR-bsZwrw,UgyRnLX5WEZLRC-TpKB4AaABAg,@달달후-z4b,"걍 다진 고기 볶다가 굴소스,청양고추 물 좀 넣고 드라이 해질때까지 계속 볶으면 개꿀맛임",1,2023-08-24
PRqR-bsZwrw,UgzUf733WJcVwQAviBd4AaABAg,@도깨비-q5d,여기 고추장 양념 들가면 최고일듯 ㅋ,2,2023-06-09
PRqR-bsZwrw,UgxVePVpIh3n0bA_ysp4AaABAg,@МакспрофанатСССРиЦоя,🤤이 조리법에 대한 감사를 보이는 방법 맛있는!,0,2023-10-23
PRqR-bsZwrw,Ugw-bHV1roA85HdBB614AaABAg,@-0_0--,오늘 해먹어볼게요!,0,2023-09-13
PRqR-bsZwrw,UgwW38h8mPxSeNx3rnZ4AaABAg,@How.about.breakfast,꿀팁 이군요 😊😊😊,0,2024-03-04
PRqR-bsZwrw,Ugz8RaRpaH3hLcDZNGZ4AaABAg,@ssreppa,진심 파는 맛!!!존맛!!! 저는 생강을 좀 넣었더니 진짜 식당에서 파는 맛이였어요!! 대 성공,2,2024-01-28
PRqR-bsZwrw,UgxwpC8C3_mv7mNAWFt4AaABAg,@user-ed1ro4xx1r,김계란형님 드립 미쳤네 😂,0,2023-11-23
PRqR-bsZwrw,UgyJ5TlU73LWVoPtiNV4AaABAg,@효리-t6t,버터 무염일까요?? 가염일까요??,0,2023-07-01
PRqR-bsZwrw,Ugx-fTu-uIoUK8lASmZ4AaABAg,@혜정-l2u,Thanks  쌤~지금 뒷다리살 사러가요,0,2023-10-23
PRqR-bsZwrw,Ugww_J_icBXLXs6PFjl4AaABAg,@이향란-r4v,복은밥최애인ㄱ것같아요,0,2025-07-28
PRqR-bsZwrw,Ugwi6QRs55XhFqFv7lF4AaABAg,@정깜순,쉬워서 좋음 맛도 있고 🎉🎉,0,2024-07-13
PRqR-bsZwrw,UgyHGoOB6lgiLI6Zs6l4AaABAg,@bokyoungshin_lovehome,간단한 레시피네용,1,2023-06-16
PRqR-bsZwrw,Ugz9d7BZKYXBK6J995F4AaABAg,@부경이,좋은정보  감사드려요 볼때마다  개그보다  더웃겨   재미까지  주시니   최고 👍 💕 지요,0,2026-02-04
PRqR-bsZwrw,UgyIr913j5SMIJz1aSh4AaABAg,@J.Eden.,돼지고기 양념에 식초는 왜 넣는거죠?,16,2023-05-17
PRqR-bsZwrw,UgzOoN3jTb4iOaKmxk54AaABAg,@lure_mania,"집에 남은 고기가 없어서 봉투에 스팸넣고 주먹으로 다져서 간 약하게 하고 해먹었다 
마요네즈 뿌려먹으면 더 맛있다",0,2024-05-04
PRqR-bsZwrw,UgzvGCHq0basNiVp_S14AaABAg,@marujian,김계란형님 세분 중 두 분 ㅋㅋㅋㅋㅋㅋㅋㅋ,0,2025-01-20
PRqR-bsZwrw,Ugww9EFnKBaDTH_zKex4AaABAg,@김명숙-d1l,잘 해먹었어요^^,0,2023-08-11
PRqR-bsZwrw,UgyAxJAUMsv3gM_ooGZ4AaABAg,@sssssssss9999,톡톡~s ㅈㄴ웃기네 아 ㅋㅋㅋㅋ,0,2025-02-08
PRqR-bsZwrw,Ugw2HYbVHXf9lKZYZPh4AaABAg,@와라라라00,배고프다..😢,2,2023-05-18
PRqR-bsZwrw,Ugy_snQ2a6LkbUGVS0F4AaABAg,@디테일-s3u,"이형은 재료를 많이 안써서 
도전해보고 싶은 의지가 생기게 됨❤",9,2023-09-03
PRqR-bsZwrw,UgyO5xD3XunaIbkht4F4AaABAg,@윤명희-u2m,말투가 참  정겹네요.,0,2023-07-25
PRqR-bsZwrw,Ugx_u_tsu3SvYbSjNMB4AaABAg,@SS-ei5wt,맛있게따ㅠㅠㅠㅠ,0,2024-07-25
PRqR-bsZwrw,Ugx_n7AFzhO_6wr6_J54AaABAg,@hoiser7736,남편 저녁으러 당첨!,1,2024-02-17
PRqR-bsZwrw,Ugx-HkNYvNL0F-ZL_wV4AaABAg,@sungokjang3101,고기 계란중 한가지만 하고 야채를 좀더추가요~😊,0,2023-10-06
PRqR-bsZwrw,Ugwx1ZDBYJ6RaDdg2Xx4AaABAg,@user-pr6lq6ir6i,귀찮아서 사먹는거지..,3,2023-06-11
XB6dtU61iok,UgwPxSbfdhM2WPZupl14AaABAg,@jiyeon3142,마들렌과 커피♡ 금손이 부럽습니다ㅠㅠ  홈카페 제대로네요😃,0,2019-10-07
XB6dtU61iok,Ugx69Ggln55nBrLBrE54AaABAg,@마기네우로,처음부터 어떤재료 몇그람들어가는지 이런 장면있음좋겠네요,1,2020-08-15
XB6dtU61iok,UgyOBKSyon1B-9wpH1l4AaABAg,@cafe8028,"저도 저 쉐프메이드 마들렌팬 있는데 넘 귀엽게 잘나오는거 같아요
마들렌에 커피 너무 좋죠~^^",1,2019-09-24
XB6dtU61iok,UgzNo2r7jrw5wR9c2aF4AaABAg,@힐링가든초롱맘,"얌전하게도 하시네요
26번째 선물 🎁놓고갑니다 
친구하려고 놀러 왔습니다 제가 먼저 선물 놓고 갑니다 제 채널에도 놀러오세요  같이 잘되기를 응원합니다 오늘도 좋은 하루 되세요 홧팅 입니다 좋아요 9독은 사랑입니다 놀러오세요 꾹 부탁합니다 🐦🐦🐦",0,2019-10-03
OUuVXPPWyVM,UgyBzDek2bJmql8t63t4AaABAg,@희연-r4w,얼그레이 티백은 꼭 넣어야 하나요..?ㅠㅠ,1,2021-01-27
22GkiBsBCCU,Ugy01QLVOMDqHlRjol14AaABAg,@삐야기다,너무너무 재밌어여,1,2020-01-03
22GkiBsBCCU,UgzsdADrPOIRrShjVfd4AaABAg,@알라-d1o,저기 안에 있는 철사높이로 되어진거 넣고 오븐 돌리는 건가요??,0,2021-03-03
22GkiBsBCCU,Ugye0KyCkjUaAbJbBIB4AaABAg,@밍밍밍-m2h,그래서 똑똑한 오븐사용법은 언제나와요???,1,2020-01-03
u-g87ADSDv8,Ugz1g8t-MSvr51Kuzpl4AaABAg,@마곡인의밥상,오 라떼아트도 직접하신건가요? 너무 멋있어서 구독 누르고 갑니다,1,2020-08-07
u-g87ADSDv8,UgztyOAjWRJmXRjAotd4AaABAg,@좋은날-e8i,냄비가 스타우브인것같은데 같이 예열하셨나요? 예열온도나 시간이라든가 이런게 없네요 ㅠ,0,2021-08-28
rQk6cEnp4Gk,UgynUXO2j2SwVtoF-jZ4AaABAg,@saedek_oins,"📌고추바사삭은 순살 닭다리살..꼭 해먹어보세요!!

✅레시피
1.닭다리살은 먹기 좋은 크기로 잘라주세요
(잡내제거는 우유에 담궈주시면 돼요 10분정도)

2.재료 섞어주시고 오일 뿌려주면 끝!

3.에프 200도에 15-20분 구워주면 돼요
중간에 한번 뒤집어 주세요!!

4.익는동안 마블링 소스 만들면 끝~~

✅재료
닭다리살 500g
빵가루 4
부침가루 4
고춧가루 1.5
카레가루 1
다진마늘 1
파슬리 1

✅소스비율
마요네즈 4
스리라차 1
알룰로스 0.5

날씨도 좋은데 이거 먹으면서 일요일에 스위트홈 정주행 추천합니다…❤️",1232,2024-07-29
rQk6cEnp4Gk,Ugxiwe8PPfhCOl990rt4AaABAg,@anslsk8930,퇴사한 굽네치킨 알바생인데요 빵가루 땜에 가루 입자 큰거랑 오일쓰는 것 빼고는 거의 비슷해요 더 비슷하게 드시고 싶으시면 가루를 체쳐서 뿌려주신 뒤 분무기로 물 앞뒤로 뿌려주신 후 190도에서 14분 구워주세요 ㅎㅎ,4821,2024-10-15
rQk6cEnp4Gk,UgzPKW9Yjn7QB-lrnbB4AaABAg,@dedengu,혹시 제 댓글 보시는 분들 계시면 오일 말고 물을 분무기로 반죽 젖을정도로 적당히 뿌려주고 껍질이 위로가게 구워줘도 굽네처럼 바삭하게 구워져요!,2858,2024-08-05
rQk6cEnp4Gk,UgzV-v3bx0LzqfDl-aJ4AaABAg,@user-gq2jl6js8e,"여기는 댓글들이 참견들이 많아서 너무 좋네요
 업그레이드가 막막 되고 있음",60,2024-11-25
rQk6cEnp4Gk,UgzZ13gETBPT0GUfdfl4AaABAg,@gjejwnxhw369,"굽네는 기름을 안뿌리고 물을 뿌려서 오븐에 넣습니다~~~ 물 뿌시려도 될거에요 ㅎㅎ
껍질은 위로 향하게!!",783,2024-08-29
rQk6cEnp4Gk,UgzElEbDIMWVDMhOXCB4AaABAg,@helenhan777,"방금 해먹었는데 맛나요~~시켜먹는거 배달비까지하면 요즘 너무 비싼 느낌이라서 ㅠㅠ
이 레시피 복잡하지않고 좋네요 맛나요 전 이 에프있어서 잘 해먹었어요",525,2024-08-04
rQk6cEnp4Gk,UgxqbiELczXHoSkTmzJ4AaABAg,@런빌,"스리라차는 무조건 후이퐁으로 사세요.
나머지는 맛 다름",56,2025-01-06
rQk6cEnp4Gk,UgwZmPuKaylD00PNaCF4AaABAg,@blackppapi,"후기: 우유 재운 뒤 수분 잘 없애주시고
밑간 추가적으로 더하시고 기름은 굳이 안하셔도될듯
마요네즈 비율을 3으로 줄이는게 나을 것 같습니다
소스찍어먹으면 진짜 딱 그맛임 ㅎㅎ",500,2024-09-07
rQk6cEnp4Gk,UgzF_VH9SeWz2Hf0PwR4AaABAg,@최고죤엄,자 쿠친아트 광고 잘봣슴다!!!좋아 자연스러웟쓰!!,31,2024-11-02
rQk6cEnp4Gk,UgzYhw97pTqhbgRONRN4AaABAg,@shimeunseob,부침가루랑 빵가루 대신 치킨베터믹스나 튀김가루 써도 괜찮음. 옥수수전분 함유 높은걸로 써야 비슷한 맛 나오고 굽네에서 파는건 고춧가루가 녹색 청양고추 말린걸로 하는거라 색이 다를뿐 똑같음 ㅎ 그리고 베터믹스 최대한 골고루 묻히고 물도 충분히 뿌려줘야 하는데 물이 증발하면서 바삭해짐. (기름에 튀기는 원리도 수분을 날리면서 바삭하게 만드는거라서 물을 충분히 많이 뿌려줘야함.),12,2025-01-18
rQk6cEnp4Gk,UgyWrPKNZYEzrC5ld554AaABAg,@cherrymolding,닭냄새에 예민하신 분들은 밑간을 꼭 해야할 것 같아요~,16,2025-05-14
rQk6cEnp4Gk,Ugwi1LTVcUeGUrLqiLB4AaABAg,@minkyk9275,실제로 매장에서 그릴에 생닭 가루묻혀 깔아놓고 위아래에 분무기로 물뿌려서 살짝 촉촉히 적시고 오븐에 굽습니다ㅎㅎ 기름 안써요ㅎㅎ,272,2024-08-26
rQk6cEnp4Gk,Ugw9IYyT9_8BrkgvBQh4AaABAg,@이쪙쪙-c4e,만들어 먹는데 너무 간이 하나도 안되있어서 맛소금 미원 마지막에 뿌려먹으니 맛나네용 밑간필수인듯ㅜㅜ레시피는 감사해용,81,2025-03-24
rQk6cEnp4Gk,Ugx4ao6xcD-frPAJTf94AaABAg,@almond_blossom1224,"집에서 해먹어 봤어요! 일단 엄청 맛있었고요, 저는 닭가슴살로 해서 다른 댓글처럼 물 뿌리는 대신 오일 좀 뿌려서 오븐에 구웠습니다. 그리고 해먹기 전에 닭에 염지 좀 하고 먹으면 더 맛있을 것 같아요.
해외 사는데 이름만 한국 치킨인 경우가 많아서 너무 슬펐는데 덕분에 오랜만에 맛있는 치킨 먹을 수 있었어요. 감사합니다!",11,2025-02-25
rQk6cEnp4Gk,Ugx-Kynw1of1KT-5mf14AaABAg,@희희야-r9d,닭다리살 구매해서 혹시나 하고 따라했는데 진짜 그맛이 나네요.. 넘 신기해요 먼저 소금후추 대충 뿌려서 5-10분 재워두고 알려주신 레시피대로 했는데 좐맛좐맛이에요👍🏻,6,2025-10-21
rQk6cEnp4Gk,UgxS3URhk1QJGdkSXFh4AaABAg,@입생노랑-k6p,"수많은 요리.생활팁 유튜브쇼츠 많이봤지만
부부가 먹는장면 하나로 
모든힐링이 몰려드네요.
이쁜척없고, 있는척없고, 연출한거없이
댕강말총머리흔들며 검은츄리닝회색티.
젊은신랑 tv보며 한입베어물고 씹고있는옆모습은
기획되지않은
자연스러운 리얼라이프 자체네요.
고맙습니다. 순수와열정 잃지마세요.",5,2024-12-08
rQk6cEnp4Gk,Ugz9TuTWneI7KeM4BRN4AaABAg,@YOUTUBE_OFFIClAL,"나중에 보려고 쓰는 댓

#하림 절단닭 1팩 기준
부침가루 6
튀김가루 6 (빵가루 대신)
카레가루 1.5
고춧가루 2.5
소금 2
후추
다진마늘 1.5


#소스
마요네즈 10
스리라차 2.5
꿀 1.25 (알룰로스 대신)

#에어프라이어 195도
예열 3분
앞면 15분
뒷면 5분",5,2025-11-15
rQk6cEnp4Gk,Ugye_LXe8j3zvGMUN_R4AaABAg,@timij7757,빵가루에 에이스크래커 부셔서 같이 섞으면 더 맛있어요😊,43,2024-09-01
rQk6cEnp4Gk,UgxgOoS8RQoZT0MFvIF4AaABAg,@kkh203,"영상 잘 봤습니다.
시키러 가야겠땅",109,2024-10-10
rQk6cEnp4Gk,UgyvtjNWAHA1d3BmEpJ4AaABAg,@극뽁하자,간이 안되어있단 댓글보고 맛소금으로 앞뒤 뿌린후 30분정도 있다가 구웠는데 맛있었어요~저장했습니다😊,5,2025-06-28
rQk6cEnp4Gk,UgxoKxKLfuKD8ZnjCh54AaABAg,@cdj401,소금하고 다진 고추 추가하면 맛이 배가 됩니다👍🏻,191,2024-08-04
rQk6cEnp4Gk,UgwX1hthhLDlcu32KBF4AaABAg,@IililiilIiIliiilliIil,와 해외사는데 이거 따라해먹었는데 ㄹㅇ 사먹는맛 났어여 존맛탱,13,2024-08-10
rQk6cEnp4Gk,UgwPORHZq0GEw57I7-l4AaABAg,@CAPYBARAHOLIC,"닭에 밑간하는거 빼고 올리신건가요? 
신랑이 무맛 바사삭이라네요🥴",5,2025-09-01
rQk6cEnp4Gk,Ugz5GRapRw0w4eDvIXF4AaABAg,@Q달님,애들이 천재네..,5,2024-12-24
rQk6cEnp4Gk,Ugys2aDKIYaBJc1DkFB4AaABAg,@NaoakBiaan,"달콤하고 짭짤하며, 맛이 딱 좋다.",0,2026-05-26
rQk6cEnp4Gk,UgzjBnB7D-niNu43iq14AaABAg,@케인아코가크다,진짜 겁나 맛있어요!!!! 에어프라이로 이렇게 바삭한 치킨을 먹을 수 있다니!,3,2025-03-15
rQk6cEnp4Gk,UgxSCy9GfphK6A8rMm54AaABAg,@hyungkyusuh349,"여기 영상에서 나오는 스테인레스  컨테이너 박스요, 상표가 무엇인지요? 또 어디서 똑같은거 구매를 할수 있을까요? 꼭 좀 알려주세요!부탁드립니다.",3,2025-05-25
rQk6cEnp4Gk,UgzpRjC9SQb9WVZdmO94AaABAg,@Frog_24_12,제가 따라해본 요리 중에 젤 맛나요…감자합니다ㅠㅠㅠ,5,2024-10-07
rQk6cEnp4Gk,UgyV87284hpM2hhWi1p4AaABAg,@쿠스쿠스-c9v,여타 튀기는 치킨집들이랑 다르게 오븐치킨이라는게 굽네만의 강점이지. 그중에서도 고추바사삭이 아이디어가 젤 좋은듯,3,2025-01-21
rQk6cEnp4Gk,UgwaFsWxuiyAiwONozJ4AaABAg,@서우깡-x2i,진짜 너무 맛있네용!!남편이랑 너무 맛나게 먹었어용😊,3,2025-05-08
rQk6cEnp4Gk,UgwMCtUHXdSumzEajNt4AaABAg,@IIllllllIlllIlI,대충만 따라했는데 진짜 너무맛있어요 ㅠㅠㅠㅠㅠㅠㅠㅠㅠㅠㅠㅠㅠㅠㅠㅠ,3,2025-02-28
rQk6cEnp4Gk,UgzmYCjuhWyEUhfL0SR4AaABAg,@hari_family,앗 마지막장면보고 '티비 너무 가까이보면 눈나빠져~' 잔소리가...ㅎ k엄마 ㅋㅋ,2,2024-08-24
rQk6cEnp4Gk,UgxBUECmQyAG3iCx6Pp4AaABAg,@gwangpa_jubu,"헐.. 저도 이거 한번 만들어보고싶어요,",1,2025-11-01
rQk6cEnp4Gk,UgwBGBfM4n2-Ntad9R54AaABAg,@SoleilPetit-t3m,저도 고추바사삭 좋아하는데 정말 좋은 정보네요~ 감사해요. 저도 주말에 해봐야겠어요.,7,2024-07-29
rQk6cEnp4Gk,UgwTQznLSf6AwFQYj5t4AaABAg,@easyminddd,진짜 고추바사삭 맛있는데 순살로 시키면 4000원 추가되는게 너무 비싸서 안사먹게되요,151,2024-08-05
rQk6cEnp4Gk,UgynOOxVc5FejgSftiN4AaABAg,@방콕톡톡,진짜 맛나게 생김요~~ 나도 해봐야지..,1,2025-07-28
rQk6cEnp4Gk,UgxzKkq9-Shpaq0q2qx4AaABAg,@Jjjjdoro,카레???? 탈락 😢😢😢😢😢😢😢,7,2025-05-01
rQk6cEnp4Gk,Ugyk-YtSTOhVUzMJ7xV4AaABAg,@choi_ppip,진짜 너무 감사합니당,3,2025-01-19
rQk6cEnp4Gk,Ugyu1FGt2sPfPrtZ1FR4AaABAg,@유라닝,저는 닭가슴살 좋아해서 노브랜드 큐브닭가슴살로 해먹어봤는데 존맛입니다❤,4,2024-08-11
rQk6cEnp4Gk,UgxiauqothsRZGVRVoh4AaABAg,@jhkim467,"굽* 치킨보다 더 맛있어보여요~ 
이젠 치킨장사 해먹기도 쉽지않겠네요 ㅎㅎ
유튜버들이 더 맛있게 만드니... 😂😅🤣",28,2024-07-30
rQk6cEnp4Gk,Ugxvv3lxLWjH0pDuLr94AaABAg,@mr.screwbar,"닭다리살로만 만들 수 있다 하셨는데, 고추바사삭은 원래 100% 국내산 닭다리입니다.",2,2025-02-10
rQk6cEnp4Gk,UgxaKdQNGsoLkAyECRN4AaABAg,@뚜뚜-e5c,먹었은데 맛있어요 고마워요~~~😊,1,2025-09-04
rQk6cEnp4Gk,Ugx3Rp3a6AyL0lQEjTJ4AaABAg,@선녀산,저도 한번 해볼께요  ❤,1,2025-11-04
rQk6cEnp4Gk,Ugzk0NhwjBPT-R3lf4N4AaABAg,@ATeacher546,고블링소스 레시피도 해주세요...,2,2025-02-02
rQk6cEnp4Gk,UgysYUXOIQW_iDvjio54AaABAg,@스윗쁘띠13,"우왕앙 우리 남편이 제일 좋아하는 치킨인데><
자주 해줄 수 있겠네요 설렌당~~😊
레시피 감사합니다^^",7,2024-07-31
rQk6cEnp4Gk,UgxQc2w5PIX9YgqY0ZJ4AaABAg,@hyunjukim33,꼭 해봐야겠어요😊😊😊,2,2024-09-06
rQk6cEnp4Gk,Ugyx9N9qgZCdpuBNX-l4AaABAg,@서로닮음,"그릴판, 어디 제품인가요?
넘 갖구싶어요.",5,2024-07-29
rQk6cEnp4Gk,UgzexUMrcsiidSe0L8h4AaABAg,@nangsik424,와 진짜 해먹어봤는데 너무 맛있어요,0,2026-04-06
rQk6cEnp4Gk,Ugzqgdr2rUntrnEBcY54AaABAg,@yohyde8646,다진마늘은 타버려서 마늘가루가 좋다고 하네유,3,2025-12-19
rQk6cEnp4Gk,UgyufMeI_m6z880hL9Z4AaABAg,@TV-id7il,"일단 저 기구들부터 사야겠네,,,",2,2025-03-22
rQk6cEnp4Gk,UgzYx5kW3RMu_LV-T8R4AaABAg,@유자-z1w,나도 해먹어야지~,4,2024-07-31
rQk6cEnp4Gk,UgxRDWuKiTRWlrmJswF4AaABAg,@refromqwer50,이걸 해먹는게 귀찮아서 시켜먹는거잖아요 ㅋㅋㅋㅋ,1,2024-10-19
rQk6cEnp4Gk,Ugz4zuXyZM8W3MMS87l4AaABAg,@홍길덩덩,엄청 간단하네요 이정도면 해먹어봐야될듯 ㅎ,0,2024-08-23
rQk6cEnp4Gk,Ugw3HJjV4MN14LI2onR4AaABAg,@Lumina1-cv7el,저도 나중에 에프사면 이렇게 해 먹어봐야겠어요! 물가도 그렇고 치킨은 너무 비싸요ㅠㅠ,0,2024-09-07
rQk6cEnp4Gk,UgxN71eyTJCZiASow0N4AaABAg,@마나마-t8t,어느 공룡이 좋아할만한 영상이네요..,1,2025-09-06
rQk6cEnp4Gk,UgxUD4dDyJbm-YN-xPl4AaABAg,@예지-c6z,혹시 선생님 고븡링소스도 가능하실런지요 제 최애소스라,4,2024-08-02
rQk6cEnp4Gk,Ugzzln1xAPLy4wE4Pa14AaABAg,@MayJune-g5y,해봤는데 정말 맛있었어요,0,2026-05-01
rQk6cEnp4Gk,UgzGagzFqb3lXkIYCbR4AaABAg,@youtubeDwellEyday,아 진짜 개맛있겠네..,1,2025-08-12
rQk6cEnp4Gk,UgyatSzpW25BPFko5LV4AaABAg,@Jbyun90,재료사고 인건비 생각하면 그냥 시켜먹겠습니다,2,2025-02-04
rQk6cEnp4Gk,UgzMjvX73Qh6twlK_9l4AaABAg,@도로로-z8l,우유보단 미림후추마늘 소금에 밑간 재움하세요,140,2025-01-14
rQk6cEnp4Gk,UgzJc8y36mhH1GCp2gx4AaABAg,@serine1004,"그 실제 제조법이랑 비슷하네요
시즈닝뿌리고 물 뿌리고 오븐에 익히거든요",2,2024-08-09
rQk6cEnp4Gk,UgzUdwtjUjjudFbdA4J4AaABAg,@박정수-b5l,이건 나중에 꼭 해먹어봐야지.. 굽네 고바순 조리법 ㅇㄷ,0,2025-01-31
rQk6cEnp4Gk,Ugz_0SBBfMWW7lwmHCJ4AaABAg,@ky77-s1s,그릴판 어디꺼예요?  영상 고마워요♡,1,2024-07-31
rQk6cEnp4Gk,Ugyya0UJSQbtUxLeTG54AaABAg,@brabus4761,재료값이 시킨거랑 맞먹겠는데 ?,5,2024-08-04
rQk6cEnp4Gk,UgwGx8WScP19oE1Meh94AaABAg,@florencel7808,맛나겠어요  ~~,1,2025-03-13
rQk6cEnp4Gk,Ugx9FY8gRjfuu-9Pxal4AaABAg,@rktjrb5930,튀김가루가 하나도 안붙는데 어떻게 바삭바삭하게 만드늗건가요..ㅠㅠ,2,2024-10-23
rQk6cEnp4Gk,Ugxv1XfsxSWGdtIHdrh4AaABAg,@os-wy7oh,찐으로 맛나요 🎉 감사합니다,1,2024-12-05
rQk6cEnp4Gk,UgxpRrs-ZdPIBQkIODZ4AaABAg,@Asdfgghhkl,이거 nari_table 여기서 배낀거아님? 살짝 바꿔서 올린거아님?,3,2024-08-03
rQk6cEnp4Gk,UgyDPnlWqJWjTo2_SpZ4AaABAg,@Happyplace.s,와 지금 먹고 있는데 너무 맛있어용❤,0,2024-11-19
rQk6cEnp4Gk,UgykKOQ3nAfO10oz2uZ4AaABAg,@ddangyul2431,엄청 맛있어요❤,1,2024-12-09
rQk6cEnp4Gk,UgzWQvdHWgy7oLWt3ix4AaABAg,@dafsdfasfd,생긴거부터 똑같지가 않은데 ㅋㅋㅋㅋ,4,2024-08-04
rQk6cEnp4Gk,UgyMVhD_AOUibTADwxx4AaABAg,@성은정-y6o,그릴판은 쿠진아프 에어프라이어 사면 같이 오늘 부속품이예요 개별구매는 해당업체에 문의해보심이 좋을듯 하네요,51,2024-07-29
rQk6cEnp4Gk,UgyE_k-YpfDdLg4fY914AaABAg,@생각하는시간-e1y,"에어프라이 어디건가요?
디자인 이쁘네요
집에 에어프라이 없어 구매해야 해서요",0,2024-12-29
rQk6cEnp4Gk,Ugw62vBNtw-bp1xg_Wp4AaABAg,@파루미라-x7f,빵가루필수인가요? 부침가루대신 튀김가루묻히고 오븐에해도되나여ㅛ 집에 에어프라이어 없어서,1,2024-10-25
rQk6cEnp4Gk,Ugy1fKntcaGtF8vrbnl4AaABAg,@오늘도해듄,혹시 의자 정보 알 수 있을까요??? 여자분꺼요~~!!!,0,2024-09-05
rQk6cEnp4Gk,UgzezTHY2KsD-JiGuvZ4AaABAg,@미니예술,"저도 똑같은...에프
코팅 그릴판 어디서구입하시었는지요?
넘 구매하고프네요 감사합니다 ❤",3,2025-02-05
rQk6cEnp4Gk,Ugx3tsQRsIhZEyRJCSp4AaABAg,@마음속의그녀-i7z,"그릴판 정보 부탁드려도 될까요?
예ㅡ쿠팡 이정도만이라도..^^",0,2024-08-04
rQk6cEnp4Gk,UgyrC-s-lez7FpbPBj54AaABAg,@alices1717,미국이고 아들램들이 좋아하는데 요긴 안팔아서 목고 싶어했는데 레시피 너무 감사합니다 ❤근데 저렁 같은 오븐이네요.,7,2024-08-16
rQk6cEnp4Gk,UgxDjlEmF2xouH8HDjZ4AaABAg,@hyerimkim4245,혹시 에어프라이기랑 그 받침대? 정보 알수있을까요? 세척 쉬운 에어프라이기 찾구있거든요~~,0,2024-08-03
rQk6cEnp4Gk,Ugy8suYM47ibfI7V35R4AaABAg,@이승훈-m6z,고추바바삭은 전화로 시키면 10분동안 우유에 안담그고 먹을수있어서 너무 편리해요,307,2024-08-01
rQk6cEnp4Gk,Ugx2iev5P0f_p_69LL14AaABAg,@Document-12,육식동물이 초식동물 사냥하는 것도 전부 막아야 ㅋㅋㅋㅋㅋㅋ,1,2025-08-03
rQk6cEnp4Gk,Ugzt9Q2_K9choGB3Q0F4AaABAg,@매렁-u2m,소스가 그냥 레전드임,3,2024-08-26
rQk6cEnp4Gk,UgwqFwfU2xm6qSkTBfF4AaABAg,@정윤경-c6l,혹시 재료 요리하시고 보관하시는 스텐인레스 용기는 뭔지 알수있나요?^^ 뚜껑있는...,0,2024-08-05
rQk6cEnp4Gk,UgyFSlJrQOenSl6BqYx4AaABAg,@초크초크,"졸이는데 시간 몇분정도 걸리나요~?
전날 미리 만들어놓고 싶은데
다음날 어떻게 데워야 맛있을까요~?",0,2025-08-12
rQk6cEnp4Gk,UgyE6afFh3WETb9PMPB4AaABAg,@jungsam2,각종 양념 가루 넣고 닭이랑 섞을 때 쓰신 접시? 에프에 넣으신 그건 이름이 뭐예요??,0,2024-09-07
rQk6cEnp4Gk,UgzUgu7aN_2IUTzBZG14AaABAg,@matildalim7614,"후기: 오일 소금 후추에 염지했는데, 오일을 넣어서 그런가.. 하나도 안바삭했음 ㅜㅜ 그리고 닭에 염지안하는거 다른 분들은 괜찮은지.. 기본 염지는 꼭 해야할듯. 이번엔 물 뿌려서 재도전!",1,2025-02-28
rQk6cEnp4Gk,Ugw_GluMT3v0guLtQLR4AaABAg,@해피-s2v,레시피 너무좋은데요?,7,2024-08-01
rQk6cEnp4Gk,UgzaS2Q5awSYYw25uzt4AaABAg,@레잇지,그릴판정보염 👍,1,2024-07-29
rQk6cEnp4Gk,Ugz4mLaQ05AdR6dtKPt4AaABAg,@두부상7,토요일에 고추바사삭.만들기 도전ㅋㅋㅋㅋㅋ,1,2025-01-16
rQk6cEnp4Gk,UgzycK2bX45hktpfwbt4AaABAg,@산새소리-o4d,"그릴판보다는 구멍 송송 있는 게 기름이 빠져서
더 낫지 않나요?",1,2025-02-20
rQk6cEnp4Gk,Ugxx5UWjnv72UYNahHl4AaABAg,@psyche850118,와우.. 고추 바사삭이 실제 메뉴 이름인지 몰랐어요.. 저는 그.. 뭐냐..다른 의미로만 해석해서 음식 이름인지 지금 알았네요 신기해라,1,2024-08-05
rQk6cEnp4Gk,UgyhfTjSRMv5peAuCjd4AaABAg,@정원-n9b,닭가슴살로 해먹었는데 전 실패요..😂 니맛내맛도 아닌데 간을 해야할거 같아요 ㅜㅜㅎㅎ 저는 소스파는 아니라 그냥 먹었어요 성공하고싶어요!!!,17,2024-09-15
rQk6cEnp4Gk,Ugx8shh1lMz6E8SWY8x4AaABAg,@푸하하-x7q,ㅋㅋㅋㅋㅋㅋㅋ 치킨프차보다 더 맛있어보임 ㅋㅋㅋ,0,2024-09-28
rQk6cEnp4Gk,UgwjfQYpessAMlRCXxx4AaABAg,@할배짱짱맨,이야 이거 미쳤네,1,2024-11-13
rQk6cEnp4Gk,UgzGLXUFR79ZS2N9Stp4AaABAg,@HKyungAlice1203,닭다리살 사려다 안심을 사버렸는데 안심으로도 이런 맛이 날까요ㅠㅠㅠㅠ,0,2026-04-07
rQk6cEnp4Gk,UgxJ6O8sxJpDdAu_sf14AaABAg,@레비오사-y6d,"난 고추바사삭에서 카레향은 안나던데. 
빼거나 절반만 넣고 해봐야겠네요",1,2025-02-04
rQk6cEnp4Gk,UgzA2jyhH-d-C82zLxx4AaABAg,@박성용-l2k,"빵가루 부침가루 대신 밀가루와 튀김가루도 될까요
아니면 재료를 또 사야하는데에 😮",0,2025-11-09
rQk6cEnp4Gk,UgyUxOYDbYZDh1Hb5oF4AaABAg,@뿌뿌로빼,소금 염지 한건가용?,2,2024-08-01
rQk6cEnp4Gk,Ugz_AFhFriDvn2OdhoB4AaABAg,@yuteo,치긴계의 고수시군요,0,2025-01-02
rQk6cEnp4Gk,Ugx8R-t4KCMKiS6ggkh4AaABAg,@Hummcheat,그릴팬은 어디서 사셨을깡ㅛ..?,0,2024-08-08
o7UOCooyExo,UgzACjfKjdbwALdezMh4AaABAg,@PastAndNowTV,"생크림 스콘 달달하고 고소해보여서 침고이네요ㅋㅋ갑자기 배고파져요ㅋㅋ
이거는 꼭 제대로 만들어 보겠습니다!!
좋아요 누르고 가겠습니다~",0,2019-06-18
o7UOCooyExo,Ugw79_S99GvXrzrgUTR4AaABAg,@llamaalpaca9620,집에 있는 광파오븐으로 할 수 있는게 뭐가 있을까 하고 보았는데 스콘이 생각보다 쉽네요!! 잘 봤어요 ㅎㅎ 저기에 올리브를 넣어도 어울릴까요?,0,2019-07-05
o7UOCooyExo,UgxZXKsA_n5EulRG-_F4AaABAg,@석진이-s9f,예열몇도하셧어요? 아니 저 똑같은 모뎅같은데 200 도 타요 하..,0,2019-12-14
SHLs4ekzd3g,UgwpfDOoS_CnLqBFrQZ4AaABAg,@hsjang4730,맛있겠다 !  먹음직 하고 예쁘네요 .,2,2020-12-17
SHLs4ekzd3g,UgyhuHEDoqHWvlJTmCF4AaABAg,@hanheekim787,"오랫만에 보는거 같아요~
수업 마치고 시간여유가 있어나욤^^
🥕🍰 맛있겠다👍",2,2020-12-18
92yhYaZjaWg,UgyBWY8_saMkyyHa98R4AaABAg,@천썽-1000ss,군고구마귀엽다^^건강최고의간식~좋은정보 감사합니다,0,2019-10-16
92yhYaZjaWg,UgxZWCD_HKYPBfsU0qx4AaABAg,@태양초아짐-o7s,"돼지각시  이름이넘예쁘네요
구독하고갑니다",1,2022-03-07
92yhYaZjaWg,UgwYjpJAjd22ww4Gbo14AaABAg,@keumhwa,심플로드 냉동감자...나 일반감자.. 튀김할수있는 방법좀 알려주세여.. 제가 포테이토칩을 ..좋아해서..ㅋ,1,2020-07-05
92yhYaZjaWg,UgyWuRHV2k8xd0s3Oqp4AaABAg,@이종헌-e1u,시간이 얼마나?  큰거는요?,0,2020-09-06
92yhYaZjaWg,UgxWbdZqOTnVAYuY39B4AaABAg,@MJC9313,호박 고구마 브랜드좀 알려주세요. 각시님 ~~,1,2023-05-04
92yhYaZjaWg,UgxvpshB6Y3INFZewZh4AaABAg,@혜혜-n4f,안녕하세요~~ ~ 원래 광파오븐 처음 쓸 때 소리가 큰가요? 무서워서 사용을 못하겠네요 ㅎㅎ,0,2020-09-20
92yhYaZjaWg,Ugz6Xpql8Nw-f7Spsqd4AaABAg,@aracho597,시간이 많이 걸리네~,0,2020-09-27
92yhYaZjaWg,UgyVgVZXLFX2mZd6Y8B4AaABAg,@브롤힙합,광파오븐 청소를 검색하는데 이상하게 정보가 적네요. 혹시나 댓글 보실까 싶어 여쭙고 갑니다. 광파오븐 청소 방법이 궁금합니다!,2,2020-09-01
92yhYaZjaWg,UgyMg8aIQYxC8kJuouB4AaABAg,@Horim_LEE,어제 구입하고  고구마로 첫 사용중인데 혹시나 열 때문에 깨지진 않을까 하는 걱정이드네요  ㅠㅠ,1,2021-03-15
92yhYaZjaWg,UgziEKLaNrqu0WV3vlV4AaABAg,@김명신-s6b,물 안붙고 하나요,0,2024-10-29
Nsvg3KNYK4Q,Ugw9dV6pHILT6VXUDjR4AaABAg,@이댓글을보면유튜브그,칠리소스 대박 ㄷㄷ 찍어먹으니까 멘보샤랑 완전 찰떡이네요 ㅠㅠ느끼함도 잡아주고 짱짱bb,0,2020-08-18
Nsvg3KNYK4Q,UgwMIWXWa7-CJ8fYynF4AaABAg,@takitaki01,칠리소스 레시피까지~~ 넘 맛있겠어요! 조만간 해먹어볼께요,0,2021-10-13
Nsvg3KNYK4Q,UgwjEomt0ek9aZzmgrl4AaABAg,@초미공자,아 이연복 멘보샤소스 레시피군요~!,0,2020-10-23
D6V_V-QKp2w,UgwAIAQNjfEtpsJYqd54AaABAg,@별_보리,옥수수 전분은 어떤 역할을 하나요~? 없는데 안 넣어도 될까요?^^,1,2020-08-30
h8kcNZTSmTY,UgxW7qm2SFiQ2_piXEF4AaABAg,@natashablue,"블루님들 안녕하세요 :)
갑자기 여름처럼 더워졌죠? 
더위에 지치지 마시라고, 블루님들께 작은 선물 하나 준비했어요.

오늘 영상에 따뜻한 댓글을 남겨주신 분들 중 5분을 추첨해서,
스타벅스 '커피와 디저트 세트' 쿠폰을 보내드릴게요.

📍참여 방법: 영상에 댓글 남기기
📍 발표: 5월 28일(수) 본 영상 고정 댓글을 통해 안내드릴게요.

늘 함께해주셔서 감사드리고,
오늘 영상도 시청해주셔서 정말 감사합니다.
블루님들, 오늘도 행복한 하루 보내세요. 🥰❤️

------------------------------------------------------------------------

안녕하세요! :) 예고드렸던 댓글이벤트 당첨자 발표 드려요.😊
당첨되신 분들은 아래 링크에 정보 입력 부탁드릴게요 ❤

https://naver.me/GQSz8eob

@Ymm-nf9ez
@하나달빛-j8o
@RAINBOW-s3t
@정희정-u5l
@겨울-l9b

당첨 축하드려요 ❤",7,2025-05-21
h8kcNZTSmTY,UgzTrAi0ZK7q2WAPKXt4AaABAg,@iamhostanne,"와..정성가득 생일상이네요. 가족들을 위해 음식을 준비한 딸의 마음과 미리 요리준비한 딸걱정을 하신 어머니의 마음이 참 찡하고 보기좋아요.
평소 집꾸민것도 정성가득에다가 목소리까지 따듯해서 집에서 혼자 나타샤님 유튜브를 듣고있으면 제 마음도 따듯해지는것같아요. 그리고 비슷하게나마 정돈을 하게된답니다^^ 앞으로도 좋은영상 많이 올려주세요. 응원합니다!",1,2025-05-22
h8kcNZTSmTY,UgwoaAcRceDRU78ZDPt4AaABAg,@언제나-g3v,"친정엄마가 따님을 참 잘 키우셨네요.
  근심걱정없이 오래오래 사셔서 따님과 행복하게 사셨슴 좋겠네요 
두분 생일 축하드립니다  대한민국 가정이 나타샤님댁처럼 화목하면 좋겠다 생각해요",1,2025-05-21
h8kcNZTSmTY,Ugx1uG_dAjNwmoe2vJJ4AaABAg,@베다니-msiw25,영상보고 나타샤님 이 참 예의있고 부모님에 대한 사랑이 크다는 느낌을 받았습니다. K장녀로^^ 맛있는 음식 준비해서 부모님과 남편분 그리고 가족 초대하는 모습 보니 제 마음도 훈훈해지네요. 요리도 너무 맛있게 잘하시구요. 저도 나타샤님이 알려주신 요리 보고 배워서 해 보고 싶어요. 오븐도 좋아 보여요. 저희집 오븐 바꾸고 싶은 생각이 들구요 ㅎ. 항상 영상보면서 요리나 살림에 여러 꿀팁 얻을 수 있어 감사드려요!,2,2025-05-21
h8kcNZTSmTY,UgxYvICh_Qs238UEA554AaABAg,@maxchoi6394,"요리, 테이블세팅 진짜 대단하세요 ㅎㅎ 부모님, 남편분 얼마나 기쁘고 뿌듯하셨을까요.",1,2025-05-23
h8kcNZTSmTY,UgyiWdIFApl4x7pOGTB4AaABAg,@Ymm-nf9ez,"어느날부터 찐팬이 되었답니다~^^
어쩜 보고 있으면 대단하다  계속 이새각뿐ㅎ
뭐하나 빠지는게 없네요ᆢ참하기까지♡♡♡",1,2025-05-24
h8kcNZTSmTY,UgwK-370LfQ2KXvw3-h4AaABAg,@rini0218,"요리를 어쩜 이리 깔끔하게 하시는지요😍
알고리즘에 떠서 처음 봤는데
요리하는 모습 홀릭하며 빠져들게 되네요ㅎㅎ",0,2025-05-29
h8kcNZTSmTY,Ugx9KlAlXZ4vP5vWcA14AaABAg,@빨간머리앤-e1d,이쁘신 분이 요리도 마음씀씀이도  곱습니다.가족을 위한  따뜻한 상차림에 감동받고 따라해보려고요.감사합니다~~♡♡♡,1,2025-05-22
h8kcNZTSmTY,UgyllU9V4QE7UzYeq8B4AaABAg,@jiin82,"말씀하나하나에 듣는 사람을 위한 성의와 배려가 엿보여요
의도의 여부와 관계없이 그 너머의
깊이를 가늠하게되네요.
소개해주신 브라우니 는 저도 꼭 한번 도전해봐야겠어요.😊",2,2025-05-22
h8kcNZTSmTY,UgydHdgOYHfHt890YCd4AaABAg,@들엔민들레,"추카추카 🎉🎉🎉
음식은 정성이 반이라고 하나하나 정성가득이라 먹는사람도 저절로 보약이 되겠어요!
저도 안해봤던 요리 도전해보고 싶어요!
뭐니뭐니해도 가족들과 소중한 한끼가 최고인것 같아요!
보는내내 마음까지 훈훈해지고
즐겁습니다😊😊😊",1,2025-05-21
h8kcNZTSmTY,UgyY3PLZ6H_jul8cyWl4AaABAg,@하나달빛-j8o,뭐하나 버릴것이 없고 어디하나 미운곳 없이 착하고 이쁘고 솜씨 좋고 지혜로운 나타샤블루님❤ 사랑스럽고 아름다워요❤ 가족사랑도 최고!❤,1,2025-05-22
h8kcNZTSmTY,Ugx_wfv-g0duNA7irqR4AaABAg,@anggls2692,"Que bueno escucharte, gracias por sus videos, agradezco la narración",1,2025-05-25
h8kcNZTSmTY,Ugwc5KBHcFhhVuJ_hTt4AaABAg,@mjjang123,"광고도, 영상도, 음식도 다 좋습니다.^^",1,2025-05-23
h8kcNZTSmTY,UgzHS-iIKOnUeLuiRDR4AaABAg,@무미넛,"우와 남편분이 정말 좋아하셨겠어요~
그 모습을 보고 뿌듯하셨겠죠?
저도 내년 생일엔 정성가득한 생일상을 차려주어야겠네요😅
맛있는 영상 잘 보고 갑니다~~❤",1,2025-05-22
h8kcNZTSmTY,UgzGDt2HAmFbdraUKj94AaABAg,@정희정-u5l,"가족애가 느껴지는 영상 너무 감동이네요. 저도 5남매 중 막내였는데 남편분의  억울함 너무 공감되면서도 나타샤님의 K장녀로서 느꺘던 부담감과 책임감도 이해가 되네요.착한사람들만이 가질 수 있는 마음인 것 같아요.
요리솜씨며 남편분과 어른들 공경하는 나타샤블루님 참 훌륭하다고 칭찬 많이 해 드리고 싶어요♥.",1,2025-05-22
h8kcNZTSmTY,UgwbfVb1ruFxT6X--uN4AaABAg,@suzylee266,나타샤님 정말 금손이세요❤ 저도 K장녀이고 성향이나 성격이 저랑 비슷하신거 같아서 마음이 끌린답니다~ 언젠가 한번 만나고 싶어요 ㅎㅎ 오늘 만드신 음식 저도 도전해보고 싶네요😊,1,2025-05-21
h8kcNZTSmTY,UgyZbkGBhQ_CRMMYICR4AaABAg,@Jeannie-ho3qh,"k장녀로서 ㅋㅋ 나타샤블루님에게 많이 배우는 영상이었네요~~ 
저도 부지런좀 해져야할듯 ㅋㅋ 오늘도 좋은하루요~!",1,2025-05-22
h8kcNZTSmTY,UgwzE5y-PxZThX1ZHmp4AaABAg,@mariahelenagomescarvalhoro9783,Fiz o franguinho. Obrigada pela dica. Ficou ótimo. Aqui no Brasil chama fritadeira AIR fryre.,1,2025-05-23
h8kcNZTSmTY,Ugy4ekw3Gnku96JDDKB4AaABAg,@겨울-l9b,"가족들이 너무 좋아하셨 겠네요~~
밖에서는 사 먹어볼수 없는 정성과 사랑이 담뿍 들어간 밥상이네요~ 행복하세요🎉🎉",1,2025-05-21
h8kcNZTSmTY,UgzXXKym-URr7Z9oHs54AaABAg,@향기나무-z7l,정말 대단하십니다 👍 고급스러운 요리들 꽃밭마냥 너무 이쁩니다  👍   장녀와 막내의 마음 그리고 중간의 마음도 느껴보게 됩니다..낼모레 언니들과 만나는데 한번 더 생각해보게 되었어요 ㅎㅎ 메뉴들 모두 훌륭하신듯 대단하십니다 이쁘기까지하니 보는 내내 행복하고 힐링됩니다 👍 음악까지 오늘을 장식해주는듯 합니다.즐시간 행복시간 잘보고 갑니다 축하하는 마음 🎂 🥳 🎉 🎈 🎁 🎊 그림으로라도 놓고갑니다 편안한시간되셔요 ☕️,1,2025-05-22
h8kcNZTSmTY,Ugx_33l1yDMZeLnTKnl4AaABAg,@sshin-xh9gl,"아니이~ 고오급 레스토랑 갈 필요가 없겠어요 나타샤님 부모님과 동생이 부럽다구요😢 생일상인데 특별하고 맛있고 멋져보이기까지!! 
다들 좋아하셨겠어요! 
고생많이하셨어요~❤ 
습도 높고 너무 더워요 짜증짜증 나는날씨에요. 맛나는거 잘 드시고 힘내셔요~😊(저도 장녀에요^^)",1,2025-05-21
h8kcNZTSmTY,UgxKZBH14jlTL17Y30x4AaABAg,@homecookteacher4746,와...고생했다...소리 나오겠습니다. ㅎㅎ멋집니다.❤❤,2,2025-05-21
h8kcNZTSmTY,Ugy2ULZ_LfhEj7iEFl14AaABAg,@suyoungchoi-k3f,부모님과 외식만 많이 했지 정성들여 음식해드린 기억이 별로 없어서 많이 반성하게 되네요ㅜㅜ,1,2025-05-21
h8kcNZTSmTY,Ugw9LEP7vmB-V9F9DCZ4AaABAg,@DailySholihahFamily,Hidangan yang lezat dan suasana yang menyenangkan 😊,1,2025-05-22
h8kcNZTSmTY,UgyZdOiBEm0WZBasTTt4AaABAg,@조광희-n9w,"참 이쁜 딸이네요. 엄마 아빠께서 사랑으로 키우셨네요 ㅎ
궁금한 게 있는데요. 치킨텐더 만드실 때 쓰신 습식 빵가루는 만드신 건가요?",1,2025-05-21
h8kcNZTSmTY,UgxUAcFNglXlkTipSnJ4AaABAg,@하알로-w1n,"치킨샐러드😮치킨텐더를 수제로 직접하시다닛~~와우! 멋지세유 아무래도 친정어머님은 딸들이 고생하는게 싫으신가봐요😅 오늘영상 침줄줄흘리다갑니다...다맛있어보여요,,,(그와중에 오븐에 좀더익히기 기능 넘나 탐나는것..)",1,2025-05-23
h8kcNZTSmTY,UgwQWci4LFNiS1AHUft4AaABAg,@풍요-s1v,고급요리 가능 황금손..부러운걸요,1,2025-05-22
h8kcNZTSmTY,UgxTVTyjdq6fAu4NA3F4AaABAg,@blacktoothwine,나타샤님덕분에 외식즐기던 요리초보주부인 제가 많이바뀌고있단걸 새삼깨닫는답니다..^-^ 친정엄마랑 남편생일상까지 준비하시는 감동보구선 다담달 시아버지생신때 저도 시아버지좋아하시는 백립 나타샤님레시피로 도전해볼까하고 넘잘배웠어요😊❤❤ 처음도전이라 설레기두해요~^-^ 같이곁들일 감자그라탕이랑 토마토카프레제도 덤으로잘배웠구요🥰매번 나타샤님덕분에 따듯한마음씨까지 힐링되는느낌이랄까요...😊🌷🌷울귀요미하루랑 레오가 친해지길요..😊❤❤,1,2025-05-21
h8kcNZTSmTY,UgwXQkJFZOhzoqg-MeF4AaABAg,@인생뭐있나-c5u,안녕하세요.항상 웃는 미소가 아름다운 나타샤님~갑작스런 남편분 퇴사에 많이 놀라시기도 하고 걱정스러우실텐데도 본인 감정보다 남편분을 배려 하시는 모습에서 제가 좀 부끄러워 지네요😅하셔야 될 일도 많고 조급하시겠지만 앞으로 잘 되기 위한 인생의 터닝포인트 라고 생각 하시고 계획 잘 세우시길 바랍니다.항상 지켜보고 응원하겠습니다❤,1,2025-05-21
h8kcNZTSmTY,Ugz4CUO_hUqEYXTtD5h4AaABAg,@samianascimentovasconcelos2716,Olá 😃✌🏻🇧🇷🌻,0,2025-06-21
h8kcNZTSmTY,UgxNYjnPr4QpK932AxF4AaABAg,@erkankilic9882,video için çok teşekkürler,2,2025-05-21
h8kcNZTSmTY,UgwNXfRU48bPrW_Dwzl4AaABAg,@mariahelenagomescarvalhoro9783,"Você arrasou demais. Amo costelinha de porco. Ficou tudo lindo. Minha filha gosta de fazer BRAWNIE, é fácil e agrada a todos🇧🇷😍",2,2025-05-21
h8kcNZTSmTY,UgzN3FygdjzCfg7mtbN4AaABAg,@Elena-q6r1f,👋👋👋👋👋👋👋,1,2025-05-21
h8kcNZTSmTY,UgybMZxg02Yc7M7Q6Y54AaABAg,@HEARTSIGNAL-s3t,"나타샤블루님! 영상 잘 보고가요 ㅎㅎ 
이 세상에 축복받아 무사히 태어나기만을 기다리며 
낳아주고 애틋하게 키워주신 친어머니와 
언제나 아내분이 도전하고 싶은분야가 있으면 간절히 잘되길 응원하며 오랜세월 늘 변함없는 마음과 한결같은 사랑꾼이자 항상 일편단심 자상한 남편분의 생일상차림을 특별하게 정성가득 요리한 음식들 먹음직스럽고 맛있게 하시고 차리신 식탁에 모여 유쾌한 분위기 속에 화목하게 식사하시는 식구들의 아름다운 모습이 너무나도 평화롭고 보기 좋습니다😊",1,2025-05-22
h8kcNZTSmTY,UgxEPaT2Nu6XDdrO5yl4AaABAg,@꿈-c7d,"마흔이 훨씬 넘으신것 같은데 애기는 없으신가봐요
요리 맛있어 보여요
준비하시느라 수고하셨어요",1,2025-05-21
h8kcNZTSmTY,Ugy8jJ5SWSPVfBtYo-B4AaABAg,@erkankilic9882,9:14 yemekler harika görunuyor  eline sağlık,1,2025-05-21
h8kcNZTSmTY,Ugx5mTFjYui0jXM_kIV4AaABAg,@김고민-n9y,"저도모두만들어먹어보고싶어요
이케아중탕볼구매하고싶은데어디서사셨어요?",1,2025-05-21
h8kcNZTSmTY,Ugx6-mSjVWfAwLZZzKl4AaABAg,@user-sweet0937,살림이.너무 이쁩니다..거실베란다가 원래는.확장이셨던거를.폴딩도어로 나누신걸까요? 폴딩도어 정보도 궁금해요...,0,2025-06-12
h8kcNZTSmTY,UgxYxZ8ryj36a26FwI14AaABAg,@Sy028,오븐 열선부분 청소는 어떻게 하시나요?,1,2025-05-21
h8kcNZTSmTY,UgxV_MX3SG0BPkakfqN4AaABAg,@조이48fam,"브레빌 오븐,에어 프라이어 나도 사고 싶어서 찜했던건데 보니까 반갑네요 응원합니다~~",1,2025-05-21
lKoeEYCOHeM,UgyTamvTX2UwR0AdJeR4AaABAg,@자취요리신simplecooking,"자세한 레시피(원본 영상)는 쇼츠 제목 위
 ""▶ 추운날 집에 파스타면이 있다면 당장 꺼내세요"" 클릭!!",629,2024-05-15
lKoeEYCOHeM,UgxFx1i0mviNeZGwi5J4AaABAg,@eun4229,"""가능한~"" 똑같아서 ㄱ웃김ㅋㅋㅋㅋㅋㅋㅋ큐ㅠㅠㅠ",1758,2024-07-02
lKoeEYCOHeM,UgxG6mUCgXSsFpJGpIl4AaABAg,@user-ys9bn8fk7g,이거 해먹었는데 진짜 맛있었어요. 이거 영상 나왔을때 이거만 몇번을 해먹었음..,5658,2024-05-15
lKoeEYCOHeM,Ugy_Fo4H3eboIDw487V4AaABAg,@꼬까-y3i,"치킨스톡 없으면 참치액, 굴소스 반스푼씩 넣으면 됨. 참치액, 굴소스는 없으면 좀 사라..",3963,2024-05-25
lKoeEYCOHeM,Ugy11xWujI6pcggn1Ah4AaABAg,@국밥-t5w,"파스타면 있어서 싱글벙글 냄비 올리고 영상을 틀었는데, 양파 양송이버섯 버터 다진마늘 우유 치킨스톡까지 필요하다는 것을 알고 소금 후추 파스타면을 먹게 되었습니다. 부족한 소금은 제 눈물로 채웠습니다. 감사합니다.",1448,2024-10-17
lKoeEYCOHeM,UgwYVGQC-EU06RInajd4AaABAg,@12qow,“가능한~“ 이거 개웃기넼ㅋㅋㅋㅋ,341,2024-10-03
lKoeEYCOHeM,Ugwzs2fEMJeO5Gct0JR4AaABAg,@dnvcu96,"""가능한~!"" 1박2일생각나는 어감이네요 ㅎㅎ",985,2024-05-18
lKoeEYCOHeM,UgzZdBL2mhj6URbJYs94AaABAg,@림-b1f,"맛있었어요 2인분 레시피

파스타면 160그램(따로 7분 삶아서), 우유 2개(360ml), 양송이 160g, 양파 큰 거 1개, 다진마늘, 버터 조금, 소금, 후추, 소고기 다시다, 페페론치노 조금(3개 정도)

2인분 넘으면 면 따로 삶으라길래 그러면 생면부터 하는 게 아니라 소스가 많이 졸아들지 않으니까 같은 우유양에 면 양만 늘려서 해도 되겠다 싶어서 했는데 딱이었어요
면 160그램 정도 7분 먼저 삶아서 건져놓고 양파랑 페페론치노 3알 먼저 버터&식용유에 카라멜라이즈되게 볶고 양송이 다진 것, 소금, 후추, 다시다 넣고 우유 2팩만 넣고(물 안 넣었어요) 다시다랑 소금 후추 계속 넣어가며 간 맞췄더니 부모님도 크림인데 안 느끼하고 새로운 맛이라며 엄청 잘 드셨어요(우유만 들어가니까 간이 하나도 없어서 꽤 많이 넣어야 간간하더라구요 짜지 않지만 간간하게 만들기가 핵심인 듯!)
그리고 저는 치킨스톡 들어간 레시피가 다 안 맞아서 각종 파스타 간을 소고기 다시다로 하는데, 이거 생각 외로 진짜 맛있습니다 오일파스타도 다시다로 만들었을 때 부모님 너무 잘 드셨고 가게 내라 하실 정도였어요 ㅋㅋㅋ이번 양송이크림파스타도 다시다로 맛냈는데 역시 너무 잘 어울리네요! 이번에도 가게 내라고 하셨어요 다시다가 한국인 입맛에 절대 안 맞을 수 없는 조미료 같아요 완전 추천합니다! 소고기맛 그런 서 안 나고 완전 맛있는 풍미 나요!

양송이 별로 안 좋아하는 맛이라 생각했는데 맛있네요!! 양송이의 풍미가 엄청 좋네요 버터랑 양송이, 양파는 필수예요
그리고 소금, 후추, 다시다가 생각보다 많이 들어가네요 조금조금씩 넣은 게 다시다는 1숟갈이 넘을 거 같고 소금도 반숟갈은 될 거 같아요 후추는 취향 껏 잔뜩!
파슬리도 뿌려서 마무리 했습니다
너무 만족스러워서 담에 또 할려구요!",2142,2024-07-24
lKoeEYCOHeM,UgyLUJXq42wD5EUbf3h4AaABAg,@mintdiam2807,이거 면대신 밥넣어서 리조또로 만들어먹어도 맜있겠다 해봐야징,653,2024-05-23
lKoeEYCOHeM,UgzscdatyYDb8WqPbmZ4AaABAg,@rosanam9165,양파 버섯 우유가 주 재료네요  닭가슴살이나 새우 넣으면 단백질 추가되겠어요~~,907,2024-05-20
lKoeEYCOHeM,UgwyEP7a_q7cjpE0SMd4AaABAg,@choisoyun1,"양파는 조금 귀찮아도 잘게 다져주면 채 써는 것보다 시간을 좀 더 아낄 수 있어요. 올리브유 중약불로 해서 금빛-갈색이 나게 익히면 아주 맛있습니다. 버섯은 표고와 느타리 같은 걸 다져서 추가하면 더 감칠맛이 있습니다. 마지막에 이태리 파슬리나 차이브, 쪽파를  다져서 뿌리면 향도 좋고 맛납니다. 이 레시피는 원팬 파스타라서 우유를 많이 넣고 파스타를 같이 끓였지만, 면을 따로 익혀서 버섯 후라이팬에 면수랑 볶아주고 그 다음 생크림을 넉넉히 넣어주면 더 풍미가 진합니다.",1091,2024-05-19
lKoeEYCOHeM,UgyVhTN2VLYSiXSgamt4AaABAg,@다늬-f2i,이거 지금 해먹고있는데 진짜 진짜 진짜….. 근래 만들어먹었던 요리중 원탑.. 치킨스톡 없어서 소고기다시다 낳었어요 꾸덕하고 크리미하고.. 지금까지 왜 사먹었지 싶은.. 감사합니다..,31,2024-12-18
lKoeEYCOHeM,UgwCEn3_tG-8fQZCDrJ4AaABAg,@아뇽-m2j,청양고추까지 넣으면 더 맛있겠네요,165,2024-05-15
lKoeEYCOHeM,UgwT6nfsH_Ro2vs4eDF4AaABAg,@the_healing_wave,"볶아볶아,짭짤,톡톡,보글보글,추임새. 주인장이 넣으시는거예요?매우 적절하네요",345,2024-05-17
lKoeEYCOHeM,UgzeX1AZJChFxfIxCRx4AaABAg,@광진85,저기에 치킨스톡 대신 라면스프 한숟갈 정도랑 고춧가루 한숟갈 넣으면 정말 맛있어요~,15,2025-07-15
lKoeEYCOHeM,UgypboOn25Al2aY6Kid4AaABAg,@killer141538,집에 생크림이 있다면 넣어도 더  맛있겠는데요..🤩👍,52,2024-05-16
lKoeEYCOHeM,UgzRElgDyIC3EpidLKd4AaABAg,@jjubikong,제동생이 만들어준 스파게티네요^^ 햄이나 베이컨이 들어가면 더 완벽해집니다,23,2024-05-26
lKoeEYCOHeM,UgyXWVXw1kuwc_b4Xi54AaABAg,@깨나힘,"와 이거 해먹었는데 진짜 진짜 맛있어요👍👍👍
근데 저거 완성본 보다는 국물이 좀 더 자작할때 불 꺼야 해요 저것처럼 꾸덕할때 불 껐더니 먹으면서 비빔면되더라구요 ㅋㅋㅋ",6,2025-08-30
lKoeEYCOHeM,Ugydj_OcyQw1_3gvcol4AaABAg,@raje3777,"이거 너무 꿀맛이예요
아이들이 진짜 맛있게 먹었어요
좋은 레시피 감사합니다😊",13,2024-09-05
lKoeEYCOHeM,Ugx8Y5tfS6uFFKKl5bd4AaABAg,@bbobbo254,"양파 가능한 얇게 썰기
양송이 4등분+ 다지기(다다익선)
식용유 두르고 버터 소량넣고 양파 카라멜라이징
다진마늘 1/2스푼, 소금 한꼬집, 후추뿌리고 양송이도 넣고 갈색까지 익히기
우유 360ml(종이컵두컵)+믈 180ml(한컵)+치킨스톡1/2스푼+ 면넣고 끓이기
마지막에 후추+파슬리",47,2024-07-03
lKoeEYCOHeM,Ugw6PIr5PaPWuw6wQBJ4AaABAg,@찬찬-r4g,치킨스톡 넣어야지 밖에서 파는 맛이 납니다. 소스 자체가 그냥 우유이기 때문에 소금으로만 간을하면 그냥 우유에 소금 넣은 맛입니다.,93,2024-05-31
lKoeEYCOHeM,Ugzh-l704mwBuTtSGTx4AaABAg,@heung_mi,"진짜 기절쌈바리임,, (두명이서 충분한 양,,)
양파 하나 다 넣는 거 넘 많지 않나 했는데 전혀 그렇지 않고 양송이도 가능한 한 많이 넣어야 더 맛있는 것 같아요.
시간이 쫌 걸린다는 단점 빼고는,, 완벽함
치킨스톡 없어서 참치액+굴소스 하고 기출변형으로 피자시키고 남은 파마산 한봉 추가, 통후추 팍팍뿌려 먹었더니 천국,,",4,2024-08-28
lKoeEYCOHeM,UgzOQf3SOsh9V8-lB1l4AaABAg,@hljo3034,너무 맛있어요!!! 진짜 크림파스타같더라구요 내일또해먹으려고요^^;;,9,2024-10-20
lKoeEYCOHeM,UgxGUhJ6cR2VIY8MZEx4AaABAg,@H_oTremmus,진짜 이거 너무 맛있어요.... 아무렇게나 댜충 때려넣어도 죠온맛탱;;; 엄빠는 맛있다고 이걸로 리조또도 해달라고 그러네여 저는 치킨스톡 알로 된거 한알 넣었는데도 간 딱 맛있었어요 ㅋㅋㅋ,54,2024-05-24
lKoeEYCOHeM,Ugz8n76BjIW6hIsGDyl4AaABAg,@jjhbbr,체다치즈 한장 추가하면 꾸덕하니 더맛날듯!,158,2024-05-20
lKoeEYCOHeM,UgyWKJwanM_4462PupV4AaABAg,@yojudj,아니진짜맛있네... 이런거 따라하면 맨날 너무밍밍해서 억지로먹었는데이거진짜맛잇네ㅠ,31,2024-05-17
lKoeEYCOHeM,Ugwa8IxKK9BeJBXnuHN4AaABAg,@like_a_jellyfish1523,이분 카라멜라이징 하는거보면 양식기능사딸때 내가 왜 그렇게 미친듯이 양파를 볶았나 싶음 어차피 이젠 조리일도 안하고 저렇게만 해도 맛은 나는데ㅠㅠ,91,2024-05-16
lKoeEYCOHeM,UgxPBKLA3mJK_FZFo7l4AaABAg,@똔까루-u8q,집에 화력이 약하면 면은 적당히 익혀서 넣는게 맞는거 같아요!! 안 익히고 넣으니까 면이 안 익더라구요 ㅠ 소스는 너무 맛있었어요!!,17,2024-05-30
lKoeEYCOHeM,UgzCEYrvg2BLTK9HEqd4AaABAg,@won-y3e,"면은 80% 삶아서 넣는게 더 나은거 같아요 
소스가 줄어드는 시간이랑 잘 안맞아요 
파마산치즈가루도 넣었어요 
마지막에 케이엔페퍼 레몬즙 살짝 뿌려 느끼함 잡아주니 더 맛있네요 
담엔 브로콜리도 넣어 먹으려구요",16,2025-05-03
lKoeEYCOHeM,Ugwelzvv2tfrarAFpXZ4AaABAg,@pudding_diary_vlog,지금까지 파스타 면은 무조건 따로 삶아서 넣어야 되는 건 줄 알고 귀찮아서 안 해 먹었는데... 바로 써도 상관없군요ㅋㅋㅋㅋ 너무 좋아요 레시피!!,4,2024-06-04
lKoeEYCOHeM,UgwY5lvgywUIyJ6fa0V4AaABAg,@Yu_and_I_42,이건 맛이 없을 수가 없는데 진짜ㅋㅋㅋㅋㅋㅋ,8,2024-05-24
lKoeEYCOHeM,Ugw96xm8cc_t5iVhl054AaABAg,@sinbee8897,역시 집에서 해먹는 크림파스타는 양파의 유무와 얼마나 볶냐에 따라 결정 되는 듯,4,2024-12-06
lKoeEYCOHeM,UgzwTuoomvhSXvDRd3h4AaABAg,@Kim-ny9nv,네 파스타 면은 있습니다 근데 양파랑 양송이랑 우유가 다 떨어져서 사와야겠군요 헤헷,19,2024-05-15
lKoeEYCOHeM,Ugx9XOE2z_MZ-43xJRZ4AaABAg,@우니-f3e,체다치즈 한장 넣어서 만들었는데 진짜 너무 맛있어요 레시피 감사합니다👍👍,4,2024-06-04
lKoeEYCOHeM,UgzFtkQfhnxaATcrR2B4AaABAg,@Sky-m7g,"요리할때 기름에 버터를 첨부터 넣고 볶으면 집안 미세먼지 수치도 올라가고 향도 날아가요~
면익을때쯤 마지막에 버터 넣고 끓이면 맛도 좋고 연기도 덜 나고~일석이조~",119,2024-07-04
lKoeEYCOHeM,Ugz2yINzMIQpWHjF-J14AaABAg,@루리링,"그냥하면 꾸덕이랑은 거리가 멀고, 되도록이면 슬라이스치즈라도 한두장 넣어야 꾸덕 비슷하게 됨.",4,2025-11-30
lKoeEYCOHeM,Ugzb_iy1hLZp4z5QDJF4AaABAg,@괭이갈매기,썸네일 보고 깜짝 놀라가지고 이게 대체 뭐지 싶어서 들어왔습니다. 흥미롭네요..,3,2024-05-22
lKoeEYCOHeM,UgydUKISodm4s3gWCWN4AaABAg,@Hanfugirl_Hanzi,"경상도 고향 말씨 사투리가
구수하고 재밋어요 ㅋㅋ",1,2025-01-08
lKoeEYCOHeM,UgyFNCmRTgtITKdqXf94AaABAg,@tmoshisallami,"와이거 나 방금해먹음 너무맛있네  물이 쫄았는데 면이 다 안익어서 담번엔 물 더 추가해야할듯 베이컨 있어서 그것도 추가함 버섯 좋아하는 나로선 버섯 다 때려넣을걸 6개만 넣었더니 난 모자람 그리고 다지는것 보다 채써는게 먹기편함 버섯 안짚혀서 수저로 긁어먹음
항상 채다치즈 넣었었는데 치킨스톡이 내입맛에 더 맛있네요 👍",18,2024-06-12
lKoeEYCOHeM,Ugw0OVeKvUgQEGaua8Z4AaABAg,@양이바오,"ㅋㅋㅋㅋ 다들 가능한 에 꽂힌 거 너무 웃김 ㅋㅋㅋㅋㅋ
맛있겠다.. 해먹어 봐야징",2,2024-05-22
lKoeEYCOHeM,Ugy1IF-fs8ClrMnVlUl4AaABAg,@hy_eseul,치킨스톡 대신에 소고기 다시다 넣어도 되나요?😊,4,2024-10-11
lKoeEYCOHeM,UgxX_s4sJIdoVp03qTF4AaABAg,@밤냠-i3g,양파 덕분인지 깊은 맛이 나고 엄청 꾸덕하고 맛나네요!! 치킨스톡 떨어져서 굴소스 참치액으로 해먹었는데도 맛있어요👍🏻,0,2026-06-05
lKoeEYCOHeM,UgyNdK_JLMQHlC6FlAJ4AaABAg,@파이팅-i9f,중간엨ㅋㅋ효과음같잌ㅋㅋ 볶아볶아~ 하는 목소리웃겨욬ㅋㅋ,6,2024-06-24
lKoeEYCOHeM,UgwWenTzL-tITdkZs4p4AaABAg,@pposomm,"양송이 다 볶고 우유 붓기전에 밀가루 넣어서 좀 볶다가, 물대신 생크림(우유팩에든것) 이랑 치즈넣고 약불로 졸이면 개맛잇는 양송이 스프가 됨....개쫀맛...",2,2024-10-23
lKoeEYCOHeM,Ugz6sIh5V-MbHj7H_7t4AaABAg,@용감무쌍달,가능한~~ 따라하세요! 가능한!!!,3,2024-05-24
lKoeEYCOHeM,Ugx2t78hkbEqJHjhHKJ4AaABAg,@yoooooom,"늘 잘 보고있어요 ! asmr로도 조용히 힐링할때도
브이로그며 한달 지나고 1일에 올려주시는거며
what i eat in a day도 제일 좋아하는데
쉬었다 돌아오신 후로 좋아보이셔서 좋네요 :)
냉이도 굴도 좋아하는데 레시피 너무 맛있어보여요
조만간 마트다녀와야겠어요
오늘도 맛있게 잘 봤습니다 😊",0,2025-03-09
lKoeEYCOHeM,UgxG2dvxQII8XvjwsIh4AaABAg,@선혜지-y1o,진짜 맛있게따..크림 넣으면 더 맛나겠지만 건강에 안좋으니 우유로만 하는거 진짜 짱!! 꼭 해먹고 말테야,5,2024-05-21
lKoeEYCOHeM,UgxWQLT2l-M1Y6eJZwp4AaABAg,@leelee3098,"퍼펙트한 편집과 대사♡
근데 하필 사투리라 ㅜ ㅜ 음소거하고 자막봅니다
번성하소서",1,2025-09-04
lKoeEYCOHeM,Ugz1wskzOiR8U_ZuYV94AaABAg,@oxox3088,해먹고 싶은데 춥지 않아서... 추울때를 기다려야겠어야😂,4,2024-05-16
lKoeEYCOHeM,UgwxafKTESLzTI1Hznl4AaABAg,@니가뭔데-c3k,해먹었는데 짱맛있었어요!! 종종 해먹을 레시피 생겨서 해피,2,2024-08-10
lKoeEYCOHeM,UgxqRhtkP8oSgDQsuKh4AaABAg,@dipb3322,마있겠담!!!! 굿,4,2024-05-15
lKoeEYCOHeM,UgwpIKbt077qjTx7Or14AaABAg,@nope-l5g,유튭에 있는 크림파스타 많이 따라해봤고 다 실패했는데 이 레시피는 찐임 벌써 3번 해먹음 근데 우유 대신 생크림 넣어야 됨,1,2026-05-10
lKoeEYCOHeM,UgyY9TpNUUu7d0gRgEl4AaABAg,@정경-e1u,"오늘해먹었는데 그렇게 되게 맛있다 세상에 없는 맛이다 뭐 이런 건 아니었어요 크림 파스타 맛이에요
가성비 생각하면 버섯안넣고 양파만 넣어도 될 거 같애요.크림 파스타 소스 없을때 우유만 넣고 해 먹어도 될 듯",8,2024-06-27
lKoeEYCOHeM,Ugypu8NyXJ4Zx1B9hLN4AaABAg,@HJP-w9v,여섯살 딸과 함께 만들어 먹었는데 아주 잘~ 먹었어요!  앞으로 크림 파스타 먹고싶은 날은 이 레시피로 갑니다! 감사해요~!,0,2024-08-22
lKoeEYCOHeM,Ugz_eIlqh0_q3Ivw9rB4AaABAg,@리잉롱1,가능한~ 따라하세요,4,2024-05-23
lKoeEYCOHeM,UgzT5q5D_3uNE-HqaUF4AaABAg,@기여워,ㅠㅠㅠㅠㅠㅠㅠㅠㅠ저 똥손인데 성공했어요.. 그 간단하다는 ㄹㅅㅇ 원팬레시피보고 계속 실패했었는데 이 레시피로 정착할게요🥺🥺🤍🤍🤍,1,2024-06-12
lKoeEYCOHeM,Ugz43tvEQDhJcmv8__l4AaABAg,@아파트아파트아파-s9s,가능한!!,4,2024-05-15
lKoeEYCOHeM,Ugz4b6ndtfpfKOF95Vx4AaABAg,@nice123-t3s,"""가능한~""ㅋㅋㅋㅋㅋㅋㅋㅋㅋㅋㅋㅋㅋㅋㅋㅋㅋㅋㅋㅋㅋㅋ",1,2025-01-09
lKoeEYCOHeM,UgwKxkELr1_8z-FQPaJ4AaABAg,@hanyousagi,가능한 빨간색으로,4,2024-05-24
lKoeEYCOHeM,UgwU2IJ2-Euq987BdvZ4AaABAg,@쑤-c1i,해먹어보ㅓㅆ늗데 진짜 맛있았어요 ㅠㅠㅠ 다만 집에있는 면이 두꺼웠는지 면이 너무 안익어서 계속 우유랑 물 부어가먄거 끓였어요.. 다음엔 면 살짝 익히고 해보려구요!,1,2026-02-24
lKoeEYCOHeM,UgzMqRMLU3R6foEgd_14AaABAg,@jaejiba,가능한,27,2024-05-24
lKoeEYCOHeM,UgxyrSKsaPANztPf0fV4AaABAg,@haru1000ttaji,구수한 아재 사투리 때문에 기대도 안하고 눈치 못챘었는데 이 양반 손 이쁜데?!?!?! 😍,0,2024-06-07
lKoeEYCOHeM,Ugxx-ZveqPnco4z3wd94AaABAg,@ROC_PLY,가능한~~~,3,2024-05-26
lKoeEYCOHeM,UgzB7hz_s7i55bTjtUN4AaABAg,@이해인-z8z,영상 분위기가 너무 좋네요~😊 구독 누르고 갑니다^^,0,2024-06-02
lKoeEYCOHeM,UgzOrZgjbeIHyFM2VMV4AaABAg,@5jjlLl,"저기에 파스타면 안넣고 슬라이스치즈2장넣고 계속끓이면 아x백에서 먹는맛의 양송이스프입니다^^ 한번할때 많이끓여 반은스프, 반은파스타로드세요😊",4,2025-10-08
lKoeEYCOHeM,UgztVmhORw_uWZdMead4AaABAg,@minjilee5777,그대로 했는데 버섯이랑 같이 씹을때 너무 맛있네요 간도 적딩히 잘 맞았어요 ! 레시피 감사합니다~!,0,2024-12-22
lKoeEYCOHeM,UgwUu0VDguE5rDVZrnl4AaABAg,@hyeok3074,치킨스톡 대신 다시다 or 굴소스 or 맛소금 안되나요,9,2024-05-21
lKoeEYCOHeM,UgzVcNhmCEWBzw0uLj14AaABAg,@pearlpark,파스타보다 더 집에 없는게 양송이 버섯... 그래서 버섯 필요할 땐 냉장고에 있는 다른 버섯 쓰기도 해요 ㅎㅎㅎ 느타리나 송이도 맛있더라구요~~! 아 물론 이 레시피는 안해봤는데 담에 버섯 있으면 해볼게요!!!!! 영상만 봐도 맛있어 보여용 ㅎㅎ,0,2024-09-07
lKoeEYCOHeM,UgzJE8bojtOM_Fvc18J4AaABAg,@Rica-k1e,이건 기계음 아닌지 늘 궁금,10,2024-05-24
lKoeEYCOHeM,UgwpX9ZAiFpzdJmVN5N4AaABAg,@mondi-cg6mc,"따흑 크림파스타라니 ㅠㅠㅠㅠ
치팅데이때 해먹어야겠군요",1,2024-07-03
lKoeEYCOHeM,Ugy05C845gFa1Xdtpn14AaABAg,@jjl9594,부정적인 댓글 쓰는 사람들 평소에도 얼마나 무수히 많은 일들에 부정적인 생각으로 살지 상상도 안가네;;,37,2024-05-24
lKoeEYCOHeM,UgzpkXS8bTcUGgt74SB4AaABAg,@irinalopez1739,우와 레시피 감사합니다 쉽게 해먹을 수 있겠어요~~~~,0,2025-02-25
lKoeEYCOHeM,Ugz3j6yjVl5kCAMxb1p4AaABAg,@traveltriptourtour,"치킨 스톡 없으면 다시다 미원 후추넣으면 됨

다시다 미원도 없으면 어떻하냐고? 사야지",24,2024-05-24
lKoeEYCOHeM,UgzdDhAxR3YPFMpqveJ4AaABAg,@셀리-q6v,평생 계란후라이도 한번 안해봤구 요리 시작한지 딱 한달되었습니다…이거 따라 만들었는데 너무너무 맛있어욥😋2주동안 다섯번 해먹었어요 ㅋㅋㅋㅋ,1,2025-03-25
lKoeEYCOHeM,UgwjmmYvg4kPv-J7av54AaABAg,@ERICKP-h5h,나는 원팬하면 드럽게 맛없던데 원팬으로 어떻게 맛있게하지,8,2024-05-24
lKoeEYCOHeM,Ugx5tB2nF0IJ0XcJkkJ4AaABAg,@For_My_art_account,꼭 성공하세요.^^! 레시피 잘 보고갑니다!,0,2024-07-06
lKoeEYCOHeM,UgxrgzewDEZIGK-rGw54AaABAg,@0hk687,"치킨스톡 대신 국물한알? 그거 쪼개 넣어도 되나요?
비린내에 예민하지만 않으면 나쁘지 않을 것도 같은데 어때요?",6,2024-05-24
lKoeEYCOHeM,UgwwJf-GgpxGk_N5rS14AaABAg,@olomiya,전 체다치즈 추가하니까 더 진하고 맛있었어요! 항상 좋은 레시피 감삼다 ❤,0,2024-10-13
lKoeEYCOHeM,UgwbvXRPo-MiFq9tenZ4AaABAg,@thestable_jeju,"우유 말고 크림, 면수 사용하고 버터 추가 안하고 양파 케러멜라이징 해주는게.더 좋아요.",17,2024-05-23
lKoeEYCOHeM,Ugw1OrYvV6dSjhHJdnN4AaABAg,@Clark0721,요남님 오리고기 소바하신거보고 굴소스랑 땅콩소스를 섞어서 오리고기를 찍어먹으면 북경오리 맛이 난다는데 해보고 싶어졌어요 오늘도 이쁜 영상 잘 보고 갑니당~!!!,0,2025-08-03
lKoeEYCOHeM,Ugx7ZuUTN1_zpGiyk4N4AaABAg,@jinachoi1049,“짭짤 톡톡 뽁아뽁아 ” 효과음 너무 잼있어요,7,2024-05-26
lKoeEYCOHeM,UgxGRc8lyU2tCyrMxnN4AaABAg,@g_nongs,"치킨스톡없어서 걍 뺏는데됴 존맛이에요...
면은 따로삶는거 추천이여ㅠㅜㅎㅋ",1,2024-10-20
lKoeEYCOHeM,UgyW1Pc7FG0wxuxHVul4AaABAg,@이름-G-G,"???: 가능한 얇게 따라해봐라
???: 가능~한
???: 누가 말을 따라하랬나!

역시 김 종 면 !",31,2024-05-15
lKoeEYCOHeM,UgyP_gt11M4OtaLzbKt4AaABAg,@tonypark55,구독과 좋아요 눌렀습니다아~,1,2024-06-05
lKoeEYCOHeM,UgzjaDAoj5b7g5vmii94AaABAg,@ziwon.hada_zip,"취킨스톡 대신 다른건 안될가요,,,?",14,2024-05-21
lKoeEYCOHeM,UgykjLzJRtILLWwbSO14AaABAg,@xxgnu,이 밤에 이걸 보게되다니.... 낼 해먹어야징 와드 박고갑니당,0,2024-08-24
lKoeEYCOHeM,UgxEx7doNWbVnfCdTDh4AaABAg,@wkomw5395,이거 양파때문에 갈색빛이 나는거고 양파는 투명해서 흐물흐물해지도록 아주 약한 불에 오랜시간 볶아주는게 좋아요. 갈색빛이 나면 크림파스타스러운 느낌이 안나기 때문에 그렇게 조리해주는거고 카라멜라이징을 하지 않았기 때문에 부족한 단맛은 설탕과 마늘을 통해 잡아줍니다. 단맛을 조절 할 수 있어서 본인 입맛에 딱맞게 만들고 싶으신 분에게 좋아요.,3,2024-07-12
lKoeEYCOHeM,Ugz-Q09WAJUB1mMuYDN4AaABAg,@ondam_food7,꿀레시피 감사합니다 ~ 오늘 바로 해먹어야겠어요!,0,2025-03-13
lKoeEYCOHeM,UgynshbfoWrsiF9YWGx4AaABAg,@nothingcannon,요즘 쇼츠가 갑자기 영어로 나온다 싶었는데ㅋㅋㅋㅋㅋㅋㅋㅋㅋ오디오 트랙 영어로 돼 있었음ㅋㅋㅋㅋㅋㅋㅋㅋㅋ,4,2025-02-06
lKoeEYCOHeM,Ugwe_0gkXxmZjHJLKaJ4AaABAg,@항상기쁨-p1d,와 비쥬얼이거다.. 내가원하는파스타!! 해먹어봐야징,1,2024-05-21
lKoeEYCOHeM,UgzLB6OShRK9VmZRnX54AaABAg,@user-ul4qj3eq2l,치킨스톡 없다고 욕하는 거지들 많네 ㅋㅋㅋ 동네 마트에서도 쉽게 구하는게 치킨스톡인데 좀 사라,48,2024-05-24
lKoeEYCOHeM,UgysjvLNmbEX8OG7hH14AaABAg,@neomk-y4u,"우유,물 준비
버터 소량,소금,후추 치킨스톡 준비
다진마늘 반스푼만큼 썰기
양파:1개 최대한 얇게 채썰기
큰양송이 버섯:4개 4등분
작은양송이 버섯:7개다지기
1.식용유 넉넉하게 두르고 버터 소량 넣는다
2.양파를 넣고 진한갈색이 나타나면 손질해둔 양송이 버섯 넣기 +>이때 다진 마늘 반스푼과 소금 한꼬집, 후추도 살짝
3. 양송이버섯도 갈색이 될때까지 볶기
4. 그런 다음 우유 2컵(360ml), 물 1컵(180ml)+치킨스톡 반스푼으로 간 맞추기
5.파스타면 넣기
5.5. 크림소스 느낌이 남
6. 마지막 후추 넣기",1,2025-12-23
lKoeEYCOHeM,UgwTMJYvthbTrQ3vcBB4AaABAg,@KimJin3,"따라해보세요~ 
???:가능한!!
아니!! 행동을 따라하라고",5,2024-05-17
lKoeEYCOHeM,UgxrRdMpF_w1GXXp9mh4AaABAg,@mangojinsun,동글이 왜케 똥간에서 구르는거 조아해용 귀엽게ㅠㅠ ㅋㅋㅋ,0,2024-06-04
lKoeEYCOHeM,UgwrAlLMv1Nz9dH8sFJ4AaABAg,@Jrong-p3v,면 꼭 미리 삶고 넣으세요!,7,2025-03-14
lKoeEYCOHeM,UgyHLpXaIlfNM24s13R4AaABAg,@인아-k4e,아 안그래도 배고픈데 괜히 봤다ㅋㅋㅋㅋㅋㅋ 파스타 땡기네 낼 친구랑 먹어야겠음,0,2024-05-26
lKoeEYCOHeM,UgwrDQCG1FQred7cFT14AaABAg,@김민성-t5b5j,저대로 하면 맛없음. 원팬으로하면 너무 오래걸려서 따로 삶는거 추천하고 우유소량에 생크림 섞으면 더 괜찮아짐,4,2025-01-27
lKoeEYCOHeM,UgyWI_9MW0ieNl4-t-N4AaABAg,@me_no_grace,진심 집에 버섯이 종류별로 있어서 만들어봤는데 할아버지도 진짜 맛있게 드셨어요!!!!! 감사합니다 저장❤,0,2024-06-19
lKoeEYCOHeM,Ugwc02eD1dIR-ExqulR4AaABAg,@대바늘-i7k,"후추는 되도록 가열이 끝난 후 뿌려드세요~ 
고열에 조리시 아크릴아마이드가 생성되면서 
우리 몸이 발암물질을 흡수하게 돼요~",17,2024-05-20
lKoeEYCOHeM,UgzLXBO39QVa1ioOIEB4AaABAg,@toposes6944,오 양송이랑 치킨스톡 대신 캠벨 양송이수프 넣어도 될듯 하네요 ㅋㅋㅋ 캔수프 집에 쟁여두면 좋습니다,0,2024-06-09
PvATWvz4OWY,UgyyPHshQyi5ZjTubA14AaABAg,@_foodie_jen,"불쓸 필요없는 초간단 파스타!!

이거 제가 예전에
어느 외쿡 언니가 이렇게 만들어먹는거 보고

와진짜 천재다…! 감탄하면서
너무 간편해서 종종 만들어 먹었었거든요

마침 이전영상에서 홈브런치 해먹고
넉넉하게 남은 브리치즈가 있길래
영상으로 남겨봤어요

이거 만들기 너무 간편하고
맛있으니까 꼭 해드셔보세요

단 중요한건
브리치즈가 꼭 넉넉해야해요

아~무리 못해도 
최소한 반덩이는 넣어주시고
(저같음 그냥 새거 
한덩이 통째로 다 넣을거같기도해요
치즈는 많이 넣을수록 맛있는건 국룰…)

저는 반덩이넣고 했는데
조금 더 치즈가 있었으면 좋겠어서
하바티치즈 한장 더 넣고 
섞으면서 녹여줬어요

크리미하게 구워진 따뜻한 브리치즈가
고소하면서 담백한 연어랑 과즙터지는 구워진 토마토랑 섞이면서

전체적으로 너어무 부드럽고 풍미 가득한 파스타
한그릇이 순식간에 너무 간편하게 완성됩니더..


꼭해드셔보세요!


재료👉🏻
연어한덩이(저는 하루전날 냉장으로 내려놨었던 냉동연어 썼어요!)
브리치즈 반개이상(취향껏 다른치즈 더 추가하셔서 구워도 최고)
방울토마토 한줌
시금치(생략가능)
올리브유
소금후추
익힌 파스타면


📌전자레인지에 면 익힐때는 면 양마다/전자레인지마다 다른데 1인분(500원크기)기준 저는 12분 돌렸어요
📌저는 연어 중간에 안뒤집어도 그대로 다 잘 익고 괜찮았는데 상태 보시고 필요시 중간에 한번 뒤집어 익혀주세요
📌저는 에어프라이기에 컨벡션 베이크 모드 있어서 그걸로 놓고 했어요. 없으시면 일반모드로 하셔도 무관합니다. 


전자레인지 파스타 조리통 링크👉🏻
https://amzn.to/3Uav0iU

Ingredients👉🏻
- 1 piece of salmon (I used frozen salmon that I defrosted in the fridge the day before!)  
- Half or more of a wheel of brie (Feel free to add other cheeses you like for extra flavor!)  
- A handful of cherry tomatoes  
- Spinach (optional)  
- Olive oil  
- Salt & pepper  
- Cooked pasta


📌When microwaving the pasta, the time can vary depending on the amount and your microwave. For one serving, I did 12 minutes.  
📌I didn’t flip the salmon halfway, and it cooked through just fine, but if needed, you can flip it once while cooking.  
📌I used the convection bake mode on my air fryer, but if yours doesn’t have that, the regular mode works too!

Pasta cooker link👉🏻
https://amzn.to/3Uav0iU",437,2024-10-18
PvATWvz4OWY,UgzIr1JbPh24FE6ezYR4AaABAg,@jennyyun48,김치 필요해 ~~  좋아요!!,1316,2024-10-18
PvATWvz4OWY,Ugwu7m2MNydhkCUjMFF4AaABAg,@Jasmine20135,나 김치 필요해 ..속삭이시는거..너무 공감 입니다 😂,290,2024-10-20
PvATWvz4OWY,UgwWq4s7d97NtynJ7jF4AaABAg,@권지영-v3t,성의없이😅요리하는거 같지만 재료도 다 좋고 건강하고 맛좋은 음식인게 늘 매력적임ㅋㅋㅋ,576,2024-10-29
PvATWvz4OWY,Ugw2Atm7sYOTpXh2H7l4AaABAg,@한소희-w9c,젓가락으로 파스타먹는 당신은 누가봐도 한국인! ㅋㅋㅋ 포크로 으깼지만 굳이 젓가락사용! 김치보다 젓가락에서 더 감동이었어요.,90,2025-03-06
PvATWvz4OWY,Ugy1OlfO3AZSg8jkN0Z4AaABAg,@glxbsg4297,"너무 친근한 스타일이야 ㅋㅋㅋㅋㅋ
나 급하니까, 빨리 먹어야 돼 ㅋㅋㅋㅋㅋ
(나는 설거지 줄여야 돼ㅋㅋㅋㅋㅋ)
세상 편한 차림으로 얼른 조리후 편하게 책상으로 들고가서 한쪽 다리 올리고 편하게 먹는거 너무너무 친근하다😅",345,2024-10-19
PvATWvz4OWY,UgxIJm17CzPuhCqCGqZ4AaABAg,@gyuae,포크로 예쁘게말아서 냅다 젓가락으로 먹는게 개웃긴포인트ㅠㅠㅋㅋㅋㅋ 이 언니 진짜 옆집언니 삼고싶어ㅠㅠㅜ,30,2025-02-19
PvATWvz4OWY,UgwnnIXhHY2qZvfGrup4AaABAg,@이경자-s6x,"나 김치필요해
중독성있는 목소리 너무귀여워요",30,2025-01-18
PvATWvz4OWY,UgyPW2l7qS3xMSiRdZR4AaABAg,@Sukhuihui,언니 긴영상..브이로그같은거 너무 보고시퍼요🥹,160,2024-10-18
PvATWvz4OWY,UgwpPURVdSthhBAW-5x4AaABAg,@spark5106,저 이거 5번 해먹음요 ㅋㅋㅋ 남편도 좋아하고❤ 최고!! 시금치 없으면 애호박이나 양배추 썰어 넣고 익으면 섞어섞어! 매콤한 맛이 필요하면 스리라차나 고추 썰어넣어도 좋더라고요?,25,2025-01-29
PvATWvz4OWY,Ugzx0sHRyNDwvsQDj_R4AaABAg,@0000-hp4eh,늘 봐도 아이디어가 참 좋으신것 같아요~~~❤,16,2025-02-22
PvATWvz4OWY,UgxO4f4a9bZXZ70xFmB4AaABAg,@aggilee-dj4rb,나 김치필요해 ~~ 넘 귀여우세요  ❤,37,2024-12-05
PvATWvz4OWY,UgzCxyjB3sQt-9UtXaV4AaABAg,@nafriday1004,"내겐 아주 어린동생으로 보이지만

완전 귀여워",11,2025-02-13
PvATWvz4OWY,Ugy4W1PziL8TwPjqSGJ4AaABAg,@ding_gu,나 김치 좋아해..  내가 이래서 좋아해❤  레시피 감사해요♡,35,2024-10-18
PvATWvz4OWY,Ugz1O5KHzZYZ_Dg_Cdl4AaABAg,@jjardin9527,"맛은 안간단해! 😂😂😂😂
이웃에 살고 싶다- 😊",11,2025-02-03
PvATWvz4OWY,Ugyqe_dSY-xnP4HFbJ94AaABAg,@캘시퍼-calcifer,살짝 느끼함 느껴질때 김치 최고쥬 ㅎㅎ,30,2024-10-18
PvATWvz4OWY,UgwaFUUnX35sDTFwlbN4AaABAg,@kjungyoo735,왠열~ 천재신듯❤❤❤,23,2024-10-18
PvATWvz4OWY,UgwHMHpRcAF2bO5nY-l4AaABAg,@okistewart1359,"김치를첨가하는것이 저뿐만이아니군요!😅😅😅
먹음직스러워요! 
파스타에 중독된사람입니다.",21,2024-10-18
PvATWvz4OWY,Ugxh7TpqiRqvjrvtEAx4AaABAg,@결-x2j,친해지고 싶은 스탈이야❤,95,2024-10-18
PvATWvz4OWY,UgyTMioobof2s3o1Epl4AaABAg,@달려라토끼-v3d,재주꾼재주꾼🎉🎉🎉25년에도 멋진 솜씨 계속 기대할게용. 해피뉴이어!!!😊,4,2025-01-30
PvATWvz4OWY,UgzyVs6CaJgtqQ8Lt6t4AaABAg,@chpark7711,분명 나보다 어린것 같은데 언니라고 부르고 싶은 스타일~ 왜 멋있지? ❤,94,2024-10-19
PvATWvz4OWY,UgyKHVIBN8H-Safbp7F4AaABAg,@Ytrio1205,너무 귀여우세요 너무 재미있게 보고 있어요 감사합니다 ~~😊,19,2024-10-18
PvATWvz4OWY,UgyXS6tZCOFmK3gVV2R4AaABAg,@unejuni,아 근데 재밌어 (그리고 너무 친근하고 좋고 마음에 쏙들어 소근소근)❤,14,2024-10-18
PvATWvz4OWY,UgzscqCnZh5JMoessnV4AaABAg,@user-ev8nl2rp7m,"잘해드시기도 하고 많이 드시기도 하는거 같아서 보기 좋아욧 저와 같튼 대식가 느낌,,❤",2,2025-03-06
PvATWvz4OWY,UgxZLGt7Nm2bZqOjsml4AaABAg,@yulim0227,이거 언니 영상 보고 해먹었는데ㅠ 너무 맛있어요 약간 느끼하면 페퍼론치노 플레이크 뿌려먹으면 존맛….💜,1,2025-09-21
PvATWvz4OWY,UgzeFQbVB1GArUK5W6B4AaABAg,@1125oops,먹천재 선생님 ❤❤,2,2025-04-16
PvATWvz4OWY,Ugz0HQPTOEAhuSyQr8B4AaABAg,@Wonwonwons,지나가는 쇼츠보다가 계속 보게되는데 여자분 목소리도 말투도 너무 매력적이예요.,1,2025-01-31
PvATWvz4OWY,Ugyw0igop8UlDdk8D014AaABAg,@김뚱-x3q,"속삭이듯 나 김치 필요해...
ㅋㅋㅋㅋㅋ 
넘 귀염.",4,2024-10-20
PvATWvz4OWY,Ugy3PcGdnHgNtfNhmTx4AaABAg,@김고은-e6b,이 새벽에 이게 왜 다시 떠서 배고프게 만드는지....ㅋㅋㅋㅋ🤣🤣😝😱,1,2025-04-22
PvATWvz4OWY,UgysrVROB0eUtuAqGlV4AaABAg,@냠냠냠-f5l,안그래도 영상이 재밌었는데 점점 더 재밌어지고 있어요ㅎㅎㅎㅎㅎ새로운 쇼츠 올라오면 안볼수가 없다그영!!,4,2024-10-18
PvATWvz4OWY,Ugw5E_hy-KN6_LtYcZh4AaABAg,@sjj2117,귀엽기까지❤,6,2024-10-18
PvATWvz4OWY,UgyYUbfjnQG4YdEmADB4AaABAg,@elsekbj,진짜 멋있는 분이네요. 오래오래 보고싶습니다. 건강하세요. 😍😍😍,1,2025-07-16
PvATWvz4OWY,UgyNT9xkf62YIVxtDOZ4AaABAg,@이니함,"간단한요리들많이해주셔서감사~
목소리느므좋앙😊",0,2025-02-04
PvATWvz4OWY,UgwHUItpXTSGvvjJtyp4AaABAg,@jasmin-v5g,덕분에 파스타 진짜 간단하게 해먹어요!!!! 😊,1,2025-09-03
PvATWvz4OWY,UgxG9nDylaoYc1E9lOZ4AaABAg,@손태진사진갤러리,"저도 요리 유툽도 운영해보았지만 진짜 요리하고 그걸찍고 플레이팅하고 편집까지 너무 힘들어 요즘 방치중인데 이분은 천재 이신듯 요리 잘하는건 타고 나야하는건데 머리가 팽팽도심 카메라 각도도 꼭 필요한  위치에 무심한듯 놓고 찍어 기가막히게 편집하심 이걸 혼자 찍고 편집했다면 박수를 보내드립니다 
귀차니즘 ?  엄청 바쁘게 사시는 부지런한 분이신듯 잘보갑니다 ^^",1,2025-04-06
PvATWvz4OWY,UgwcbikB32U3uKTsu814AaABAg,@아냥-e1x,오 폭풍 업뎃이시네요! 너무 좋아요. 이것도 정말 맛나 보여용,1,2024-10-18
PvATWvz4OWY,UgxESTnHmCDDZdJa5JF4AaABAg,@gitta825,"뭐지 하면서… 요리를 잘하는것 같진 않은데…. 자꾸 눈길이 가서 해보고 싶네요 ㅋㅋㅋ 
Thanks 👍",0,2025-01-14
PvATWvz4OWY,UgzvaTrWULU8phLciKt4AaABAg,@박명숙-u1n,어쩜 요리를 뚝딱뚝딱 잘 하시는지 먹음직스러워요ㅎㅎ,0,2025-02-14
PvATWvz4OWY,UgwPYFXAOX5W-y2l73t4AaABAg,@user-sx4zu3pj6m,볼수록 귀여우시고 빠져들어요!  😊,0,2025-01-27
PvATWvz4OWY,UgwuCkceQWQD2Ebn3Dp4AaABAg,@DareumNAM,이언니의 살짝 막힌것같은 목소리가 진나 넘나좋음..😍😍😍,1,2025-04-22
PvATWvz4OWY,Ugwv67Px45xjNKCBGPN4AaABAg,@해바라기-n4c8y,툭툭 무심하게 심플한데 퀄리티는 짱!!!,3,2024-12-11
PvATWvz4OWY,Ugz5_mNLqhZjPiRYScV4AaABAg,@hr_4244,"오늘 요리검색하다가 알고리즘 영상떠서 영상몇개보는데 너무 매력적이심💖 시크한말투와 금손요리실력..! 파스타먹으면서 김치꺼내서 먹는거보니까 역시 한국사람!! 사람들다 똑같나봐여🤣ㅋㅋ 
만드는거 하나하나 다따라 만들어보고싶어요 😆",0,2025-01-15
PvATWvz4OWY,UgzKDYOoJHrw4h0yMjJ4AaABAg,@매매-n1q,"ㅋ오늘은 또 이거 해봐~먹어봐~
땡큐베리 감사땡큐~",4,2024-10-18
PvATWvz4OWY,UgygTNFlo3gPzmIgc2h4AaABAg,@복쓰리-e9h,"우아 설겆이로부터 내 손목을 지키는 
레시피 감사해요❤",0,2024-10-26
PvATWvz4OWY,Ugya1LCnXBVIZ_vw6jd4AaABAg,@qwert-t1d,너무고마워요 처음으로 간단한 날위한 건강한 요리를해본것 같아요! 진짜 존맛탱...ㅠㅠ♥️♥️,0,2025-01-23
PvATWvz4OWY,UgzKpBU6XOJCf52wrxF4AaABAg,@202psh,"너무너무 귀여우셔요 ❤ 집에
가서 꼭 해봐야겠어요!",0,2025-01-28
PvATWvz4OWY,Ugy_MFjBuvVTPvclPzh4AaABAg,@soongeumbang,내 알고리즘에 미친듯이 들어오시는 구만요 축하축하🎉🎉곧 100만?,0,2025-02-24
PvATWvz4OWY,Ugy457hG5Q6-AJrQ6Ep4AaABAg,@B-otamin,"이런 레시피 너무 좋아요^^ 최~~~고❤❤❤ 쉽고 빠르고 부자맛이고 ㅋㅋㅋㅋ  이것도 해볼거여요^^ 매운거 좋아해서 red pepper flakes, Tabasco, 김치, 젖갈, 아무 자극적인 반찬 모두 다 잘울릴것같아요!! 고맙습니다!!",0,2024-12-23
PvATWvz4OWY,UgxvYkdNmF2vQL6QcRx4AaABAg,@김은주-m7t,이건 저도 도전해봐도 될만큼 간단하고 너무 맛있을거 같고~친구나 엄마한테 해주면 여느 레스토랑 부럽지 않다는 칭찬을 받을수 있는 간단하면서도 고오급진 요리가 될거같아용😍역시 맛잘알👏👍👏👍👏👍,0,2024-10-23
PvATWvz4OWY,Ugz_4KYftSLk1FjMTfd4AaABAg,@에고이스트-t1t,초간단 요리~바쁜 일상에 도움 많이되네요ㅎㅎ,0,2025-12-23
PvATWvz4OWY,UgysUKwcabYlQAz17HF4AaABAg,@창백이-m6t,"진짜 맛있고,건강하겠다요",5,2024-10-18
PvATWvz4OWY,UgxRK_zE6NsX9Zzcb1h4AaABAg,@hye1008jin,세상 시크하고 귀찮은 듯 하면서도 정성다한 쇼츠보고 구독했어요! 카메라 앵글이 몇개야... 👍,0,2024-11-12
PvATWvz4OWY,UgwLkk5yvjS7mKzjsh14AaABAg,@lapieta-i1j,진짜 맛있겠어용❤ 남은 브리치즈없어도 사서 만들어먹어야될판ㅎㅎ,0,2024-11-09
PvATWvz4OWY,UgzhST2o9_5uoCMfurp4AaABAg,@user-gw3or2ds9n,겁나 실용적인데 맛있어 언니체고 너무 조와,0,2024-10-25
PvATWvz4OWY,UgzYp2w-Qgi9SVqpXIZ4AaABAg,@초초s,"진짜 이분 안재밌는 영상이 없네여 ^^ 
너무좋아여",0,2025-04-15
PvATWvz4OWY,Ugx-tw2ELaBG2H8zt6h4AaABAg,@김고은-e6b,요리했던 그릇에 그대로 먹는것도 뭔가 재밌죠..👍🏻👍🏻,0,2024-12-29
PvATWvz4OWY,UgyOmNlyrl3XWExt_bx4AaABAg,@Marin-le6jm,해드셔보시면 아시겠지만 진짜 진짜 맛있고 딱 3입까지 극찬하면서 호로록 들어가요. 그리고 김치가 바로 필요해지는데 젼언니 고추무침이랑 먹으니까 극락 ㅠ,1,2025-09-07
PvATWvz4OWY,UgwiPSJHSR7WTybIi954AaABAg,@엣지녀-고고,예쁜분❤ 영상 잘보고 가용~😊화이팅~!!!,3,2024-10-18
PvATWvz4OWY,Ugw3scTWW2eCebOHFIx4AaABAg,@름이-o4s,너무 맛있게 잘 먹었습니다 ❤❤,0,2025-02-20
PvATWvz4OWY,UgxULlrMsqcDMVqBJyt4AaABAg,@윤여울-u5b,😊진짜  무심하게 아무것도 아닌듯 누구나 할수 있게 휘리릭 ㅎㅎ  너무 맛나게 잘해  님 시크하게^^😊,24,2024-10-18
PvATWvz4OWY,Ugy6mVX_F8zlcZkyKrd4AaABAg,@굠마,❤❤❤ 따라해볼게용,3,2024-10-18
PvATWvz4OWY,UgwRKL8A0HjZsp3gaBl4AaABAg,@hkim6065,요리도 잘하시는데 넘 이쁘세요~~♡,2,2024-10-28
PvATWvz4OWY,UgykA8nX1ZjVoSjdJsF4AaABAg,@mini3993,천재 😊,3,2024-10-18
PvATWvz4OWY,Ugz5GVhSvHXrV0IoqZt4AaABAg,@이름-w6v3i,연어에 브리치즈라니 고오급요리네요~,2,2024-10-22
PvATWvz4OWY,UgywkwhGP2bPOeLGO314AaABAg,@일상다반사-y8z,뚝딱뚝딱 진짜 요리 잘하시네요!,0,2024-12-05
PvATWvz4OWY,UgzLM5F3BY_wTy7nmwx4AaABAg,@구르미-m8k-w9l,"이 언니 무심히 툭툭 만드는데
왜 이렇게 잘해???? 진짜 멋짐❤❤❤",0,2024-10-21
PvATWvz4OWY,Ugwe63JhWno4TNqe7sV4AaABAg,@Raaani-g3x,파스타에 김치는 빠질수없죠😂😂,4,2024-10-19
PvATWvz4OWY,Ugx-hwrYLHZMB8tq_tV4AaABAg,@KkingKkang_taste,ㅋㅋㅋㅋㅋㅋㅋ맛있엌ㅋㅋㅋ 맛있는데!!!(나김치필요해) ㅋㅋㅋㅋㅋㅋ졸귀,0,2025-04-14
PvATWvz4OWY,Ugy_8JPU85zUS77DoLZ4AaABAg,@spring461,"굿 효율성 가성비~♡
많이배웁니다  :))",0,2024-10-19
PvATWvz4OWY,UgzF9yLOE0gMBp_ggyp4AaABAg,@Lookkingforuuu,진짜 너무 좋아용 ㅠㅠ ❤,0,2024-10-19
PvATWvz4OWY,UgzxSc5wMTHZBwIU5_t4AaABAg,@pj-df5gq,저저도 요 파스타 잘해먹어요 개인적으로 통마늘 듬뿍넣어해도 맛있더라구요,1,2025-07-02
PvATWvz4OWY,UgyWWygM1HN4DL4yivF4AaABAg,@이보라-j1r,시크 담백 내추럴한 모습 쉬운 레시피 완전 제 스타일:) 브이로그도 올려주세요 구독하고 갑니다😊,0,2025-01-17
PvATWvz4OWY,UgyOb8FpE0N_-P82ldR4AaABAg,@Nocturnal_Planner,"히히 언니
나 김치 필요해 속삭이는거 귀여워요 ❤",0,2024-10-24
PvATWvz4OWY,UgxFIk36F9sx6F2XOjd4AaABAg,@user-td5hn2ib5c,맛있겠어요,2,2024-10-18
PvATWvz4OWY,Ugx36-a_H_6iFDtWjQF4AaABAg,@오엥-z5v,나는 언니 안경이 너무 궁금해요.. 그리고 너무 잘어울리구여.. 나 안경 쓰는 사람 조아하내..,1,2025-01-15
PvATWvz4OWY,UgzmV9PpD8JZ67GUd3p4AaABAg,@변미경-m6w,"이 언니  말투 첨엔 별로였는데
은근 매력쩔어서 계속 봄^^
😂😅",0,2025-04-23
PvATWvz4OWY,Ugx3SV1ngYprt1NIs3p4AaABAg,@벼락치기잘하는죠르디,"싱기 간단할 줄 알고 재료 다 있어서 했는데 …  진짜 안간단해 (해본결과 ㅎㅎㅎ) 
맛은 끝내줍니다",1,2025-08-28
PvATWvz4OWY,UgxBbgzAf4wBRQIjgbF4AaABAg,@우파루파-d6m,시금치 그릇에 집어던지는거 너무 멋져요,0,2024-12-02
PvATWvz4OWY,Ugy_dzgEO0IIoNgqYmt4AaABAg,@권영남-x5z,저는 생선을 못 먹어서 연어대신 닭가슴살이랑 버섯 듬뿍 넣을까봐요^^ 너무 맛나보여요ㅋㅋㅋ김치 필요하다는 것!!!!넘 귀여우셔요❤,0,2025-03-30
PvATWvz4OWY,UgzEK7qREgxHtauW96d4AaABAg,@이경자-s6x,넘 맛있어 보여요 ㅎㅎㅎ,0,2025-01-18
PvATWvz4OWY,UgzYC6_eLBwgS7Dg3fh4AaABAg,@거리로,제 스타일 이예요  🎉🎉🎉🎉😂😂구독 꾹하고 갑니다,0,2025-04-11
PvATWvz4OWY,UgwbzXwMLSlQThsnVO14AaABAg,@MissKo_1004,"면 삶는거 은근 귀찮은데ㅎㅎ👏👏👏
치즈사랑~~~~요것도 도전 갑니당 ㅎㅎ❤",0,2024-10-18
PvATWvz4OWY,UgyiygUzg_1du98zTyB4AaABAg,@mikyungbynum7963,어디서 요런 깜찍한 아이디어 가 무궁무진!!!,0,2025-08-11
PvATWvz4OWY,Ugx1kaC1KM2FwaQv-Al4AaABAg,@메메z,항상 응원합니다!! 너무감사합니다!!!!!!!!!!!!,0,2025-02-01
PvATWvz4OWY,UgwqLPew1wHWIhVRtth4AaABAg,@Lucky-vf9lv,"이 영상의 킬포는, 젠님의 하루이틀 안 감은 듯한 머리카락 상태. 집에 있는 내 모습 보는 것 처럼 진짜 리얼해요.",1,2024-11-07
PvATWvz4OWY,UgyUMsht1fPtcVgJv_J4AaABAg,@AplusBee-j9z,으아 맛있게따 이것도 해먹어야지❤,0,2024-11-26
PvATWvz4OWY,UgyyJ3N-wV1lXCYT54B4AaABAg,@Jinjungjae,너무 매력있어요❤❤,1,2024-10-19
PvATWvz4OWY,UgyXvytmjQIasDbHWd54AaABAg,@루피쓰-y6s,그릇째! 김치까지!!(속삭이신거 동네방네 큰소리치고 있는ㅋㅋ) 언니 정말 내스탈..❤(멋지면 다 언니🤭) 마스카포네치즈에 이어 브리치즈도 따라서 도전해볼게용 두근두근ㅎ ㅎ,0,2024-11-01
PvATWvz4OWY,UgwQseNe3wEcVD5WfMh4AaABAg,@MM-er1bh,"귀쳐니즘 내게 언제나 딱 맞는 ❤
온니!!",0,2024-11-05
PvATWvz4OWY,UgxjlzgQr8QLcigJf6R4AaABAg,@bellbell-1111-r2d,설거지 싫으셔서 호일 싸놓으신건가요? ㅋㅋㅋ 신박! 저도 따라할래용,0,2025-03-27
PvATWvz4OWY,Ugyu_-mRHuvzadz2iEZ4AaABAg,@jinchoi3928,이번 주말엔 이거네요!,2,2024-10-18
PvATWvz4OWY,Ugy1U8Em4uv1dlFUYeR4AaABAg,@감사한날,"간단하면서도 먹음직 스럽네요~ 그래서, 연어 샀어요~",0,2025-09-06
PvATWvz4OWY,UgyCps8i33yDD7wxmyV4AaABAg,@써니-u4j,"요리를 근사하게 만든뒤 셋팀따위 패쓰~
완전 내스타일😊",0,2024-10-25
PvATWvz4OWY,UgxKYVJXYmMHGb5apDV4AaABAg,@막튜브-k8v,넘 맛있겠어요🤤 근데 연어 말고 넣을만 한 거 있을까요? 새우 소고기부채살 버섯 있는데 이런 거 넣으면 뭔가 아쉬우려나요🥲,0,2025-05-08
PvATWvz4OWY,UgzWme2fqT94yq__CaZ4AaABAg,@jk8962,아 나 팅팅이 넘 좋아용 센스 짱!!!,1,2025-01-20
PvATWvz4OWY,UgzssZSuq0MhlwtRAnl4AaABAg,@1aststar,숏파스타로 만들어서 팍팍 퍼먹어도 맛있을 것 가타요🥺 나중에 해먹아야지,0,2024-10-30
PvATWvz4OWY,UgzYD2YXya3bcdAkWhJ4AaABAg,@케로피-d3p,마싯어요ㅠ❤,0,2025-09-05
PvATWvz4OWY,UgxKbsFHXssXTvBJeXl4AaABAg,@aebinee,요즘 저녁이 정말 쌀쌀하죠! 따뜻한 국물요리 하나 부탁드릴게요 😊,0,2024-10-20
PvATWvz4OWY,Ugz5CIHtCM2aabX52-R4AaABAg,@susurabbit-l6i,천재 아이가??!!,0,2025-08-29
PvATWvz4OWY,UgycgheccakeUblaozd4AaABAg,@쟈스민-x2y,"넘,간단하게 하네요",0,2025-09-02
KbENwfUCIw4,UgxN9UffZ9wBgi_irvR4AaABAg,@BOMHOMECAFE,"버터 대신! 더 가볍고 건강한 치즈볼

📌기본 재료
• 크림치즈 190g
• 쪽파 (종이컵 1컵, 약 180ml)
• 피칸 20g
• 피스타치오 30g
• 건조 크랜베리 25g

곁들임 (선택)
• 미주라 토스트 비스켓
• 꿀


🍳 만드는 법
Step 1
쪽파를 잘게 썰어 크림치즈에 넣고 고루 섞어주세요.
→ 밀폐 용기에 담아 냉장고에 1시간 정도 넣어 차갑게 굳혀주세요.

Step 2
피칸, 피스타치오, 크랜베리를 잘게 다져 남은 쪽파와 섞어주세요.

Step 3
냉장고에서 꺼낸 크림치즈를 1큰술씩 떠서 고명 혼합물 위에 굴려주세요.
→ 고명이 잘 붙으면 손으로 조심스럽게 동그랗게 굴려주세요.
✔ 크림치즈가 말랑해서 힘을 거의 주지 않아야 예쁜 모양이 나와요.

Step 4
비스켓 위에 크림치즈볼을 올리고, 기호에 따라 꿀을 살짝 뿌려 마무리하세요.
✔ 비스켓과 꿀은 취향에 맞게 다른 재료로 대체해도 좋아요.


🌟 Tip!
• 크림치즈 1큰술씩 나누면 총 8개 정도 만들 수 있어요.
• 와인 안주, 파티 음식으로 활용해보세요.",21,2025-05-21
KbENwfUCIw4,UgwY5vZWTJMyp6lZsfZ4AaABAg,@봄봄-e2l,영상미며 선곡이며 완벽😮,35,2025-06-06
KbENwfUCIw4,UgxlQzkWNpnUl6Tf4_14AaABAg,@Didi-fp9im,와 음악이랑 영상미가 최고. 순간 저 쇼츠 중간에 광고나오는건줄알고 넘길뻔했어요 ㅋㅋㅋ,14,2025-06-15
KbENwfUCIw4,Ugxkh3ecHigYip89Zdp4AaABAg,@비니-v1q,색이 넘예쁘다🎉🎉🎉,13,2025-06-04
KbENwfUCIw4,UgxSMplLcAe1VA26GTl4AaABAg,@한나-l1x,간단히고  새로운 오픈 토스트❤,1,2025-06-06
KbENwfUCIw4,UgxkBRZJ4pXgBtUDnpN4AaABAg,@소레까모,"음식, 영상, 음악 다 내스탈이셔ㅠ
구독합니다❤",4,2025-06-15
KbENwfUCIw4,UgySi8x5Ql9qJrkziQB4AaABAg,@향기로울나,우와 노래 뭐예여????  치즈만큼이나 끈적끈적~~~~ 으~~~ 내취향~~~ 저 치즈스프레드는 완전 와인안주네요 지금 화이트 와인에 황태포 먹고 있는데 얘 넘 비리네요 ^^;;;;;;;;;;;;,6,2025-06-09
KbENwfUCIw4,UgwVVhIMLLbcCMDMGIR4AaABAg,@namu9108,샐러리 넣어도 맛날 것 같아요,5,2025-06-03
KbENwfUCIw4,Ugw8lk-bfTu1wXR5dmJ4AaABAg,@wjk8797,양산형 쇼츠들 맨날 그 음악이 그 음악 그 내용이 그 내용인데 정성들인 영상이 제 마음을 탁! 치고 가네요. 제 취향일 것 같아 주말에 한번 만들어 먹어볼게요 감사합니다!,0,2026-02-23
KbENwfUCIw4,UgzchG-YSRF1quP8euF4AaABAg,@오뚜기햇반-q7s,"우아~색감이 너무 이쁘네요
저도 해봐야겠어요😅😅😅",2,2025-05-23
KbENwfUCIw4,UgwXdVRINzG6kYHkApl4AaABAg,@Any5050sw,꼭 해서 먹어보고싶음,1,2025-06-09
KbENwfUCIw4,Ugyx3fp3OQKOp9ED_XB4AaABAg,@화이니화이니,"너무 고급져보여 선물하기도 좋을꺼같아요~~
동글동글 1인분씩 냉동해도 괜찮을까요?",3,2025-06-03
KbENwfUCIw4,Ugw-CeGitlP21n8Z9XJ4AaABAg,@PiNK_빤쮸우사기,우와 특별한 음악이 🎉❤,0,2025-06-20
KbENwfUCIw4,UgyZwBwLoo3sz_04vbB4AaABAg,@정일숙-n1n,와우!!very  good!!❤,0,2025-06-13
KbENwfUCIw4,UgxcI689Jqryq3GOhFd4AaABAg,@슝구릉-r5h,맛있겠어요❤,0,2025-06-19
KbENwfUCIw4,UgyaLHXSX7WLakr8DNl4AaABAg,@tidbemd,고오급 카페에 앉아 주문한 디저트 기다리는 느낌의 빛나는 영상 👍 😍 🍨 🍮 🧁,1,2025-06-17
KbENwfUCIw4,UgzS3od2vS1p3SDU_lV4AaABAg,@inslee108,훌륭해!😮,0,2025-06-22
KbENwfUCIw4,UgyVYaIW780aRbBJM9N4AaABAg,@pasocl4011,카페하게되면 메뉴에 꼭 넣을게요,0,2026-05-29
KbENwfUCIw4,Ugz85CTsCE3hePheTsd4AaABAg,@_-ANTOINETTE-_,이런  거 별로 안 맛있어 하는 편인데..영상이 너무 새끈해서 해보고잡다요..근데 집에 있는 건 쪽빠 뿐이네 덴장ㅎㅎ,1,2025-06-12
KbENwfUCIw4,UgxHU3MRL9pJx8cToXB4AaABAg,@幸福な時間,"와 맛있겠다견과류 묻히기전 냉장보관
얼마나 가능한가요?",0,2026-06-11
KbENwfUCIw4,UgzW9VcJkfyPCObJ4Ph4AaABAg,@jungsinlee9772,How many calories would that be if you're using whole milk cream cheese?,0,2025-06-14
KbENwfUCIw4,UgxPMCA7pBNyiIqAhxN4AaABAg,@냥냥이석,견과랑 크림치즈랑 미리 섞어두면 바삭함이 엊ㅅ어져서 먹을때 바로 견과 섞어야하죠?,0,2025-06-15
KbENwfUCIw4,UgzXmQJosgeZRfl76xJ4AaABAg,@이앤-l1w,너무 좋은데용 ~,0,2025-12-25
KbENwfUCIw4,UgxPtsJkz_0jtGeLFmh4AaABAg,@ha2burid,"와이거 너무맛있겠는데요?
전남친 토스트 바레이션 버전",0,2025-05-21
KbENwfUCIw4,Ugx-U0nUzVPq7D5mUbB4AaABAg,@shshka6692,이거 배경음악 뭔가용?,1,2025-06-08
KbENwfUCIw4,UgzjFQVuNpOpmpnKxR94AaABAg,@냥냥이석,집에있는 다른견과류 넣어도 될까요?,0,2025-06-15
KbENwfUCIw4,UgxsBbqQb-crwPRK3y94AaABAg,@Yujin_Eugenia,만들어두고 다음날 먹어도 괜찮을까요??,0,2026-01-08
KbENwfUCIw4,UgyZGdV8uohtY84bsc54AaABAg,@MiffyJ-k3w6v,크림치즈 말고 마스카포네치즈로 하면 맛이 많이 다를까요??,0,2026-02-18
KbENwfUCIw4,UgwK1uWDh9ftGdRhm8J4AaABAg,@zero-d8h-s3q,산미있는크림치즈는 어떤제품을 쓰면 좋을까요?,0,2026-03-04
KbENwfUCIw4,Ugx5TNyGkhwMOyQIUB94AaABAg,@K뭅뭅,참크래커에 하면 어떨까..,0,2026-03-25
KbENwfUCIw4,UgyYWt3W3e_FpR02ec14AaABAg,@박진영-i4m,어우..화보인줄알았어요,0,2025-06-14
KbENwfUCIw4,UgwoD2nl9b_o7-ipVI54AaABAg,@boribori9,영상미 느좋,0,2025-05-29
KbENwfUCIw4,Ugy8tKNhJHu-JAmkdWN4AaABAg,@냥냥이석,저건 식빵인가요?싸이즈가 작이보이는데여,0,2025-06-15
KbENwfUCIw4,UgzbD9b4_2M8Upqph694AaABAg,@ire_s2,🥹🔥💓👍🏻,0,2026-03-23
KbENwfUCIw4,UgwlI9XaEuRqMPoT2Ad4AaABAg,@freedom-h9h,"참 고급스럽네요  근데 배경음이  뭔가
좀 언밸런스  한거  같은  느낌입니다~",1,2025-06-12
FIpTDuzd8Po,Ugzp53X67szdA8XQoQp4AaABAg,@nannikas2,모야모야… 추억소환 영상에 댓글 다 너무 감동이구 다들 기억해줘서 너무 고마워요 나 진짜 행복한 밤이야❤우리도 서로 이렇게 삼년차가 되어가네요 우리 2024년 마지막 잘 보내봐요,212,2024-12-09
FIpTDuzd8Po,UgwYfhab0C1s3TCIPGd4AaABAg,@이챠챠,이 레시피 진짜 친구한테 5번 보냈다고 혼남... 그치만 너가 요리를 잘하고 이건 맛있어보이잖아... 영원히 언니의 음식을 탐냄,517,2024-12-11
FIpTDuzd8Po,Ugyh3TMHD5AenANRMZV4AaABAg,@하이용ilillili,언니는 진짜 이 헤메스가 최고 잘어울리는듯😍😍.. 울 언니면 좋겠다.. 식품관 장보기셔틀 가능한데..,76,2024-12-09
FIpTDuzd8Po,Ugz2H8M9R4RFOGlKDK94AaABAg,@CJI126,"언니 전에 라이브에서 노출이 잘안된다?고 우울해하셨늗데 저 쇼츠 넘기다 보면 언니 영상들 계속 보여요❤ 넘 스트레스 받지 말기~
연말도 따듯하고 행복하게 보내용",29,2024-12-11
FIpTDuzd8Po,UgwPonNmxryjmy8bMKJ4AaABAg,@코뮨-c2y,와앙~~~~~이 레시피 진짜 제 최애레시피!! 2024버전이라뇨 >ㅇ<** 지인들한테 열 번도 넘게 해준 것 같아요❤❤해줄 때 마다 칭찬 연발...날 금손으로 맹그러준 나니까님 감사핑..♥️,154,2024-12-09
FIpTDuzd8Po,UgxMfQ218LoKH3CjbIp4AaABAg,@user-nzlhn,요리 유튜버중에 이언니가 젤좋음 비쥬얼봐..썸넬 뭔 레스토랑 홍보사진인줄,7,2024-12-29
FIpTDuzd8Po,UgwS_9uL7EmBHF1fLFh4AaABAg,@c커피콩,나니까님 레시피에서 처음으로 따라해봤던게 이거였어요🥹 2024년 버전으로 올라오니 새롭네요!!,54,2024-12-11
FIpTDuzd8Po,Ugzr0C9nmOG4w92bNvB4AaABAg,@eughoria_blue,진짜 미루고 미루다가 방학하고 드디어 따라해봤어요! 엄마랑 둘이서 먹었는데 진짜 너무 맛있고 제가 만들었다는게 안 믿길 정도🥹🥹 사람들이 어렵다고 투덜거려도 이런 신경쓴 공들인 요리가 더 맛있는걸ㄹ요 너무 잘 보고 있어요 앞으로도 응원해요❤,7,2025-07-07
FIpTDuzd8Po,UgzO2w3vaDEN__LrQo94AaABAg,@sulmin7182,ㅋㅋㅋㅋ 인트로 듣구 옛날 영상인가?! 해서 나갔다 들어온 저 찐 너니까 인정합니다 😉 항상 잘보고잇어요! 🩷🩷,8,2024-12-10
FIpTDuzd8Po,Ugz0XsQqiAKkz2K4Qlp4AaABAg,@KoalaOfSpringDay,연어가 진짜 고기보다 맛나보인다....,28,2024-12-09
FIpTDuzd8Po,Ugz3d_RA_kUSGlJQEXh4AaABAg,@융-h1n9t,언니가 해준 음식 먹어보고 싶퍼욥..쪕..,7,2024-12-10
FIpTDuzd8Po,UgylUJvWA99ODz8X_dV4AaABAg,@beppi-mini,7천만뷰 가보자규~~ 넘 상큼발랄하쟈냐~🩵,44,2024-12-09
FIpTDuzd8Po,UgwXWRyxMab1DCDU6Cd4AaABAg,@김규창-s4s,"연어보다 피부가 좋아보이면
어떻합니까?
원팬 바로 주문하고 해볼께요ㅎ",13,2024-12-09
FIpTDuzd8Po,UgzXn9NpPEMW1ZUN1MN4AaABAg,@heyitsfine,오늘 기념으로 예전 영상 다시 한번 봤어요 ㅎㅎ 완전 애기하다요 ㅎㅎㅎ,6,2024-12-09
FIpTDuzd8Po,Ugz6WuKkyTZGx72fIDp4AaABAg,@newgiee,"우아 추억소환!!! 저도 나니까님 영상 중 제일 먼저 따라해본게 이 레시피였어요! 
부모님도 해드리고, 부모님 친구분들도 해드리고 진짜 많이 먹었는데 ㅎㅎ 올해 크리스마스엔 연말 느낌 나게 이거 만들까? 하고 방금 엄마랑 이야기 하고 왔는데 요 영상이! ❤❤❤
이번 연말엔 이거닷!",2,2024-12-14
FIpTDuzd8Po,UgyKVQySqxJU6av6B6J4AaABAg,@Sun_ki_,옛날영상인 줄 알았는데 다시 새로 하신 거네요! 이거 진짜 찐존맛이라 종종 생각나는데 저도 리조또 처럼 해먹어봐야겠어요><,2,2024-12-10
FIpTDuzd8Po,UgwTjYZr89j18XgjDdp4AaABAg,@이민영-j2p8l,지짜 인트로 듣자마자 옹 그거다 !! 하구 알아들었어용 ❤❤ 또 해먹어야지 ❤❤❤,4,2024-12-09
FIpTDuzd8Po,UgyXkP0zVuaig_A3hLR4AaABAg,@김윤지-s2v,헐헐!! 저 이 레시피 하려고 연어 샀는데 연어가 너무 맛있어서 다 먹어버려서 못했거든요ㅋㅋㅠㅠㅠㅠ 이번에 기말고사 끝나고 꼭 해봐야겠어용!!! 좋은 영상 항상 감사해요!!❤❤,3,2024-12-09
FIpTDuzd8Po,UgxQ1rv2CLZhCvGCcf94AaABAg,@JennieKIM-vw6bs,"이번엔 레몬즙 없어 버젼이내요 !!!
7살 아들한테 생선요리를 뭐해줄 수 있을까 고민하다가 나니까 생선솥밥 몇 번 해줬는데 그 때 마다 너무 잘 먹었거든요!!! 이번 연말특식은 요걸로 픽
나니까 항상 라뷰라뷰🤍",6,2024-12-09
FIpTDuzd8Po,UgwVovyyZWP_9Dj7aaB4AaABAg,@heejae-v8v,오랜만에봐도 나니까는 예쁘잖아❤,3,2024-12-09
FIpTDuzd8Po,Ugy1nJHqAMmYiGJ0jDR4AaABAg,@okbyezz,우리 웅니 넘 사랑스럽쟈나😍 2년전도 지금도😻,4,2024-12-09
FIpTDuzd8Po,UgzLYUgrWnN2SzaSbwd4AaABAg,@joycho5331,지난 영상 레시피대로 이번 연말파티에 해먹어봤어요 ~! 다들 너무너무 맛있다고 칭찬하더라구요 🫶 좋은 레시피 항상 감사합니다 🙂‍↕️🍀,1,2024-12-09
FIpTDuzd8Po,UgxJeW3Y67OMRIQ2ial4AaABAg,@너구리구리-p8q,와 이런 파스타면은 첨보네욥!😮,2,2024-12-09
FIpTDuzd8Po,UgwN4Fmcjyj1bilXbgl4AaABAg,@최민혁-n4n,옛날 영상인 줄 알았는데 아파트 노래 듣고 아닌 걸 알았어요. 매번 간단하면서도 이국적인 느낌의 요리영상 감사합니다. 그리고 중간에 빨간 실 같은 건 샤프란인가요?,5,2024-12-09
FIpTDuzd8Po,Ugytkqp9TpvVVP2KLRZ4AaABAg,@Twin_1_chu,올해의 마지막날 꼭 해먹으려고 이제 장 다 봐왔어요! 진짜 너무 기대되요 제 손을 믿어볼게요ㅎㅎ,1,2024-12-31
FIpTDuzd8Po,UgwRNoFouUILV0-GtgJ4AaABAg,@그냥덕후,헉 소오름 제가 나니까님 처음 본 영상이 이 연어 영상이였어요 그때도 재료 생기면 해야지 해놓고 여지껏 못만들었지만😅 그래도  여전히 맛있어 보여요,1,2024-12-09
FIpTDuzd8Po,UgwbsccMYZ8BaLzbKel4AaABAg,@부엉요,연어 요리 너무 좋아용❤ 맛있겠당😋😘,1,2024-12-09
FIpTDuzd8Po,UgyBAsNRh2mT_Wbl5kl4AaABAg,@해연-n2e,"항상 좋은 영상과 레시피 감사해요
요리하는거 좋아하는데 새로운 재료로 요리하니까
너무 재미있어요 폭이 넓어진 느낌 많이 배워가요😊",0,2024-12-15
FIpTDuzd8Po,UgzCWlyP_20E3091XSB4AaABAg,@8p8p8p8p8,나니까님을 이 영상으로 처음 알았는데...ㅎㅎ 따라했던 첫 레시피도 이거였어요! 정말 맛있게 먹었던 기억이 있는데 리뉴얼이라니 넘 좋네요,3,2024-12-09
FIpTDuzd8Po,UgwuIcQwYSNSFDSxizt4AaABAg,@cococo2485,이거 넘넘 맛있었어요ㅠㅠ 연말파티.음식으로 딱인거같아요! 육수내기 힘들거같긴한데 도전!!❤,3,2024-12-10
FIpTDuzd8Po,Ugz2dg8ZpUYuNZWk0vR4AaABAg,@7rDJr,진짜 이 영상 몇번이고 돌려봤는데..... 업그레이드 된 레시피로 올려주셔서 감사합니다ㅠㅠ 이번 크리스마스는 이거 만들어봐야겠어요!,0,2024-12-16
FIpTDuzd8Po,UgwApdWSYN-aU7jW6H94AaABAg,@김노량노량,다시보는데 언니 오늘도 아름다우세요... 요리는 더 맛있어보여요,0,2026-03-24
FIpTDuzd8Po,UgyDC7fUprZ4nNA4NIN4AaABAg,@이름뭘로하냐-i9f,"제가 언제한번 갑자기 연어요리를 하고싶어져서 레시피를 찾다가 나니까님 영상을 처음 접하게 됐는데 영상중 연어파스타를 만드는 영상이 있더라고요…정말 맛있어보여서 따라하다가 다른영상도 보게됐고,, 결국 나니까님의 팬이 되어버렷습니다. 그때 이후로 영상 올라올때마다 챙겨보고있는데 정말 매일 좋은 영상 감사합니다. 이영상을 보니 나니까님 영상을 처음 만났을때 생각이 나서 적어봅니다.",0,2024-12-11
FIpTDuzd8Po,UgytiVspVLVoimzd6wt4AaABAg,@꽉꽉이-j3w,"처음 인트로 봤을때 어? 내가 이영상 좋아요를 안눌렀을리없는데? 이랬잖아요ㅎㅎㅎ

레몬은 덜 넣으셨죠?ㅋㅋㅋ",4,2024-12-09
FIpTDuzd8Po,UgxGFA48_nceaVhyKJx4AaABAg,@치즈양-n2e,"나니까님을 처음 알게된 레시피라 너무 반갑네요 ㅋㅋㅋ 엄마의 최애 연어 요리기도 해요 
나니까님 레시피 몇개 따라하면서 엄마랑 같이 저녁 먹을 일이 점점 늘었는데 딸 덕분에 신기하고 맛있는거 먹어본다던 말이 제일 기억에 남아요🥰",0,2024-12-16
FIpTDuzd8Po,Ugy2WgPnNJn3O07yWfx4AaABAg,@예경-x1r,인트로 듣고 예전 영상 잘 못 본 줄 알았어용 ㅋㅋ,1,2025-01-25
FIpTDuzd8Po,UgyicS0HlDp5iEKyLph4AaABAg,@간단한별명,앗! 작년 7살이었던 아들 딱 이맘때 생일이라 이 레시피로 시금치도 잘먹게되고 연어도 잘먹게되서 진짜 요알못워킹맘 어깨 뽕 들어간 날이었는데 올해 생일도 뭐먹고싶냐니까 이거 해달라고 하더라고요- 바로 따라해볼랍니다^^,0,2024-12-11
FIpTDuzd8Po,Ugw9g-UUim1ZfLJzPD94AaABAg,@sanaraesanarae,오~가장 맛있는 연어 레시피라니!! 한번 해보겠습니당~!,0,2025-06-30
FIpTDuzd8Po,UgxXYZ9CU83HXkohGsd4AaABAg,@user-ti6pq9jr,우와 이 영상으로 처음 나니까님 봤어서 그런가 되게 반갑고 편집도 그렇고 전체적으로 성장한 것 같아서 감회가 새롭네요,7,2024-12-09
FIpTDuzd8Po,Ugy5gagtRGriBfr7rId4AaABAg,@GongjuuGaebbaksae,헉 익숙하다 했더니..! 찐 너니까 인증받았다! 언제나 그랬듯 비주얼도 맛도 완벽해 보여요🥺,1,2024-12-09
FIpTDuzd8Po,UgymxKAk_0jU_owlJDd4AaABAg,@안개꽃9242,이거 오늘 했는데 칭찬 엄청받았습니다 고맙습니다,1,2025-02-25
FIpTDuzd8Po,Ugy_CoxN91t-exLSQH94AaABAg,@Hazzzz-t4j,"좀 자세히좀 알려줬으면 좋겠어요 😢아쉬워요
중불에서 몇분 뚜껑덮고 몇분인지 센불에서 몇분이에요?",24,2025-08-20
FIpTDuzd8Po,UgxrkbqhoQgXVkSCFbp4AaABAg,@저항-t9b,예전 영상인줄 알고 넘기려다가 아파트 브금 보고 멈칫했어욬ㅋㅋㅋㅋ 다시봐도 너무 맛나보이네요,1,2024-12-09
FIpTDuzd8Po,UgyFqKndGrQac9PGoyJ4AaABAg,@newbreeeed,그때 영상 레전드라고 생각했는데 역시나였네요 근데 이거 어떻게 해야 먹어빌수있나요ㅜㅜㅜ만들순 없고 사먹고싶어요ㅜㅜㅜ,0,2024-12-11
FIpTDuzd8Po,UgwgL87ZVtju2IKaQRh4AaABAg,@최보물-y7q,이번 클쓰마쓰에는 요거 해서 남편하구 애기들하구 먹어야겠어요~~~😊😊,0,2024-12-09
FIpTDuzd8Po,Ugwgs3gF-aBTYW8OhrJ4AaABAg,@JSM-k1z,헐 최근에 나니까님 영상보고 만들어먹어었는데! 이거 너무 맛있었어요ㅠㅠ,0,2024-12-12
FIpTDuzd8Po,UgwevAkSfpB8hmlE9vF4AaABAg,@뤔블,"오늘은 레몬즙 욕심 안내셨군요,,, 흐흐흐 제 최애영상이에요",0,2024-12-09
FIpTDuzd8Po,UgyY4X-5pSogWotb2414AaABAg,@Michellemy07,방금 해서 먹고있는데 크림치즈 없어서 크림파스타소스랑 토마토 페이스트대신 토마토 넣어 했습니다...뭔가 사 먹는 느낌이에요... 항상 같은것만 해먹다가 이 요리 해먹으니 정말 맛있어요..😢❤❤,0,2024-12-12
FIpTDuzd8Po,UgyLtdZWBo-EcGGKRO14AaABAg,@mooing-d8i,오르조 파스타랑 가장 잘어울리는 소스 조합 알려주세요 !!! 해먹어보고 싶어요 ㅎㅎ,2,2024-12-09
FIpTDuzd8Po,UgxNxegwSDp89wPVzkd4AaABAg,@cosmopolitan0731,소름! 저 이틀전에 이거 해 먹었어요 ㅎㅎㅎ orzo 맛있죠!,0,2024-12-11
FIpTDuzd8Po,UgzUjl9TRauKawazN0x4AaABAg,@SJoo_og,넘 맛있어보여요...🥹,0,2024-12-26
FIpTDuzd8Po,Ugy0l80ZM_y_iRf3Ekl4AaABAg,@Better-eat-kitchen,와 이거 진짜 맛있어보여요,0,2025-02-08
FIpTDuzd8Po,UgzUURlDLJ_5cLm-znB4AaABAg,@ace-cracker,세상 맛있는거 다 먹어보기. 욕심이 과하지만 모 나니까님이니깐❤ 보나빼뛰~~,4,2024-12-09
FIpTDuzd8Po,UgwK69JAQRH38bwCtqV4AaABAg,@유릐-g2f,어떻게 이렇게 예쁘고 깔끔하고 흠잡을데 없이 생겼지?,0,2026-01-18
FIpTDuzd8Po,Ugxy3kcUT74fAtIOls54AaABAg,@이스라엘메기-w5p,"아니 원래도 예뻤는데 이 영상은 더욱 나니까님 얼굴밖에 안보임,,*.*",1,2024-12-10
FIpTDuzd8Po,UgzFaW3CRXUD82We0ZV4AaABAg,@HahaH0ho,옛날 영상 다시 업로드 된 줄 알았잖아여!! 이번엔 레몬즙 조절 성공,1,2024-12-09
FIpTDuzd8Po,Ugy1-OdATOvCSXP-jdF4AaABAg,@i2k0_00,"방금 새해푸드로 해머것는데 넘마싯 ❤️🥹
레몬즙넣엇는데 넘마니넣엇나바요 ㅜㅜ 그래두 넘맛잇어요
오르조 없어서 그냥 밥으로햇슴 !!",0,2026-01-01
FIpTDuzd8Po,UgxtHW0sjCsU_m5VYCt4AaABAg,@듀-m2y,너무 예쁘세요 ㅠㅠ!! 혹시 렌즈 정보 알 수 있을까요~🥹✨️??,1,2024-12-09
FIpTDuzd8Po,UgyvGssFC5ze9k0cZ_14AaABAg,@RjwlfkrhWha,맨날 한율 촙촙 바르는거 귀엽다 그냥... 쓰까르 행복만하소,0,2026-04-11
FIpTDuzd8Po,Ugz-TM_kWTKzo47iH4F4AaABAg,@hey-03,요리 된 연어 양 보면 이번에는 생연어 많이 안드셨나봐요😂 전에 영상이랑 비교해보면 레몬즙은 안넣으셨던데 혹시 이유가 있을까용?,1,2024-12-09
FIpTDuzd8Po,UgwuiMM-Ptyh9hm246t4AaABAg,@Shotpepsizerolime,"언니 혹시 목걸이 정보 여쭤봐도 되나요? 너무 예뻐서,,🌷😣",0,2024-12-09
FIpTDuzd8Po,UgxcjYaCESwoDRjZJmd4AaABAg,@xxxxxmxx,와 화질미쳤다 진짜 맛있겠다..,0,2024-12-09
FIpTDuzd8Po,UgyNldBe4BA6-Y2Gk1B4AaABAg,@OREO_free,세상에 맛있는게 너무 많아요.ㅠ😢,1,2024-12-09
FIpTDuzd8Po,UgwlNFAJKvy2dyyHhfl4AaABAg,@waytogojaypark,혹시 스탠팬 어디 제품인지 알 수 있을까요? 매번 음식도 맛나보이지만 그릇이나 팬도 넘 잘 고르시는거 같아요😊,0,2024-12-17
FIpTDuzd8Po,UgzEH59RokWBnltua5t4AaABAg,@먕-r5v,혹시 크림치즈 별로 안좋아하면 생크림도 괜찮을까요??아님 크림소스..?ㅠㅠ😢,0,2024-12-10
FIpTDuzd8Po,Ugw4aQrxJcpfGCOHIvp4AaABAg,@gwangpa_jubu,리조또모양 파스타 궁금하네요~,0,2025-10-18
FIpTDuzd8Po,Ugy1hiuIbWG0ZDdqnS54AaABAg,@sky.116,언니 제가 시금치 알레르기가 있는데 시금치 대신 대체해서 넣을만한 야채가 있을까요? 🥹,0,2024-12-10
FIpTDuzd8Po,UgwkrzWtn2xe83khG-Z4AaABAg,@1n2u,와 어제 생각나서 해서 먹었는데,1,2024-12-09
FIpTDuzd8Po,UgyQMAovzzZATWfumkp4AaABAg,@베보카도,순간 옛날 영상 재업로드한건줄 알았어요ㅋㅋㅋ2024년 버전 레시피 감사해용❤,6,2024-12-09
FIpTDuzd8Po,UgzC3Dusso7U3zPB7ep4AaABAg,@user-dkvo1kro0lsw,연어 어디서 구매하시나요…때깔 미쳣다,0,2024-12-09
FIpTDuzd8Po,UgwjekW5aClbHiJX7HF4AaABAg,@mj-sm9kl,이거진짜맛있었어요!,1,2024-12-09
FIpTDuzd8Po,Ugz3G5zXAN7AJVQdKjV4AaABAg,@godsu_,"토마토페이스트 쀼죽ㅋㅋㅋ
익힌 생선 별로 안좋아하는데 이건궁금해요",1,2024-12-09
FIpTDuzd8Po,Ugz31sFnGw1GEMZ9RsZ4AaABAg,@nonetobesureof,나 이거 해먹으라고 옛날영상 뜨나 했는데 11분저어어언???? 어쨋든 해먹으라고 뜬게 맞군 ㅋㅋㅋㅋㅋㅋ,1,2024-12-09
FIpTDuzd8Po,Ugwu8W07EEU88tyZ5hV4AaABAg,@초이-t2h,토마토페이스트 어디건지 궁금해뇨!! 맨날 사면 커서 남은거 버리는데 짜서 쓰는거 편해보여용,0,2024-12-11
FIpTDuzd8Po,UgziZKwpPemP5Ge06cp4AaABAg,@elena_lee_yi,샤프란도 넣으신건가요?,0,2024-12-13
FIpTDuzd8Po,Ugwk0KIA1jz13QQznHx4AaABAg,@최익현-k9b,누나 진짜 이쁘다❤,1,2024-12-09
FIpTDuzd8Po,UgyFt6xGRIur34yvydN4AaABAg,@꾸리스마스-w9l,로코모코 해주세용!!!1,0,2024-12-13
FIpTDuzd8Po,UgxyEGwdcAbqu9tFJ_14AaABAg,@야관문-19,"블랙도 미치게 어울리는 나니까 누나 미쳐....
이번 음식도 미치게 맛있어보인다",0,2024-12-09
FIpTDuzd8Po,UgxmZD_fToxAYNFwM5d4AaABAg,@ez9094,크림치즈 없으면 어떤 걸로 대체하나요?,0,2025-08-30
FIpTDuzd8Po,UgxJU7LpBbRNXsHfYix4AaABAg,@lofiman761,아넘예쁘다😊,0,2026-01-25
FIpTDuzd8Po,Ugz5KAzVI6gpTjhkpDx4AaABAg,@슉후림빵,토마토페이스트 어디꺼 사용하시나요~??,0,2025-01-11
FIpTDuzd8Po,UgwoxKD9swCCC_EvlL54AaABAg,@Jjjjjjjiiii01010,레몬은 조금만 넣었을까요 ㅎㅎㅎㅎ 연어 깍뚝 썰다가 다 먹어버릴 뻔한 거 생각나네요 ㅋㅋㅋㅋㅋ,2,2024-12-10
FIpTDuzd8Po,UgxL2U-SMkWYJCQ4AXh4AaABAg,@whenstart,크림치즈 대신에 브리치즈 넣어도 되나요?,0,2025-12-29
FIpTDuzd8Po,UgxVVf99VZ0EGMcaQLF4AaABAg,@KyeonghwiKim,진짜 왤케 이쁨?,0,2024-12-09
FIpTDuzd8Po,UgxBnJbAw0G8VeM4FNN4AaABAg,@jjjjjjjjjjjjeny,펜네랑오르조중에 어떤걸추천하시나용?,0,2025-08-27
FIpTDuzd8Po,Ugy_fsIuQU0GCmq_Mat4AaABAg,@승우-t4i,누나혹시 오르조..?대신에 쌀로해도괜찮을까요,0,2025-01-31
FIpTDuzd8Po,UgwxIxIcRZEr30KL7Vp4AaABAg,@리치부자-i7x,요거 냉동연어로도 가능할까요...?!,0,2025-10-08
FIpTDuzd8Po,Ugyoxg3DKWsudlu_kc14AaABAg,@보라히비스커스,따라해보고 싶은데 쌀알 파스타 말고 밥으로 해도 되나요?,0,2025-12-21
FIpTDuzd8Po,UgwY4UhWSRlOOo7h8B14AaABAg,@user-jrjeh4j585heh2,뽁뽁!,2,2024-12-09
FIpTDuzd8Po,UgzybN0Pa0zqXW7IIt94AaABAg,@ace-cracker,"2년 전 영상 다시 보구 왔는데 그때는 애기였네요. 지금은 연어 전도사, 이쁜 숙녀구❤❤",5,2024-12-09
FIpTDuzd8Po,UgwRdl7hB1kvnp_eJ6p4AaABAg,@arysain,와 저런 파스타도 있구나,0,2025-01-18
FIpTDuzd8Po,UgzDUpWlnkTwUFRrV6p4AaABAg,@유파랑-v5f,그때 그게 벌써 2년전 영상이라고요??말도 안된다...시간 진짜 빨리 가네요😢,0,2024-12-15
FIpTDuzd8Po,UgzLzgSR5_81AY2mOrB4AaABAg,@Lazyfarmhouse,치킨스톡없을땐 어떻게할까요 굴소스는 맛이 튈까요?😢,0,2025-09-23
FIpTDuzd8Po,UgyFOC1jpaiYRMRKSkJ4AaABAg,@gamsungdom131,언니 사랑해요!!!!!!!!!!!,3,2024-12-09
FIpTDuzd8Po,UgyTtU1Ly3BCSdMHlXV4AaABAg,@bestguide4807,안돼!!! 어제 연어 다먹었는데!!!ㅠㅠ,1,2024-12-10
FIpTDuzd8Po,Ugws7Heoxnadq8OzVdF4AaABAg,@songjinsung1,예뻐여,1,2024-12-09
FIpTDuzd8Po,UgySUfUXvchuHdnYH9Z4AaABAg,@Nabinabi0-i2o,재료 다 이따!!!!!!!!! 만들꺼댯!!!! 뽁뽁 !!!!,0,2024-12-09
FIpTDuzd8Po,UgxatWHuGTwaXG6_X8p4AaABAg,@쿠쿠-d4e2i,"주인장님 !!! 2시간전에 댓글 쓰신거 봤습니다 내일 해보려하는데 답글 달아주시면 감사해요!! 
파스타버전이랑 리조또버전있는데 솔직히 어떤버전이 더 맛잇나요???!! 하나 하고싶은데 둘이 조금씩 레시피도 살짝 바뀐거같고 버터도 들어가고 하니까 궁금하네요 둘중 더 맛있는게",0,2025-12-24
FIpTDuzd8Po,UgxRIIId01B89F1hEz54AaABAg,@bbbbbb-v1d8g,배우 임세주님 닮으셨어용!!,0,2024-12-11
FIpTDuzd8Po,UgwdFjADiujrExQ7ldJ4AaABAg,@오정민-z2b,시금치 이거 하려고 산 거였구나 운명이다,0,2024-12-10
Lk5PAQMc1z8,Ugx6IYdtOf3J9qzo5y14AaABAg,@delitable,"에그인헬🍅🥚

연말 홈파티 메뉴로 추천드리는 에그인헬
아랍어와 터키어로는 샥슈카라고도 불리우는 
에그인헬은 말 그대로 ‘지옥에 빠진 달걀’이랍니다.🙂

토마토 소스에 달걀이 들어 있어
한 끼 식사로도 좋답니다.
바게트나 식빵을 곁들여 먹어도 맛있어요.
남은 소스는 파스타면 삶아 섞어드셔도 됩니다.
에그인헬 맛있게 만들어 드세요.💛

✅ 재료

달걀 3개
토마토소스 300ml
물 50ml
양파 1/2개
양송이버섯 3개
빨강 파프리카 1/3개
베이컨 3줄
모짜렐라 치즈 1/2컵
다진 마늘 1T
올리브유 2T
소금 한 꼬집
후추 약간
파슬리 가루 약간

💛 레시피

1. 양파 1/2개, 빨강 파프리카 1/3개, 양송이버섯 3개 사방 1cm 크기로 잘라 주세요.
2. 베이컨 3줄 1cm 간격으로 잘라 주세요.
3. 팬은 약불에 두고 올리브유 2T 두른 다음 다진 마늘 1T 넣고 마늘향이 올라올 때까지 볶아 주세요.
4. 양파와 파프리카 넣고 볶아주다가 양파가 반 정도 익으면 베이컨과 양송이버섯, 소금 한 꼬집 넣고 야채가 모두 익을 때까지 볶아 주세요.
5. 야채가 익으면 토마토 소스 300ml, 물 50ml 넣고 끓여 주세요. 
6. 소스가 끓으면 달걀 놓을 자리를 만들고 3개 놓아 주세요. 이 때 달걀을 바로 깨지 말고 그릇에 담아 놓아주면 노른자가 잘 터지지 않아요.
7. 모짜렐라 치즈 1/2컵 놓아 주세요.
8. 뚜껑을 닫고 약불에서 5분 동안 끓여주세요. 
9. 5분 뒤 치즈가 녹으면 후추 약간, 파슬리 가루 약간 뿌려 주세요. 저는 딜을 약간 놓았는데 생략 가능합니다.
10. 빵이나 파스타면 곁들여 드세요.🙂

#에그인헬
#샥슈카
#크리스마스요리추천
#연말홈파티메뉴",4,2024-12-10
Lk5PAQMc1z8,UgwjyvbWJE3f_WYRXzB4AaABAg,@color-arti,토마토소스는 어디꺼가 좋을까요? 추천부탁드려요~*,2,2025-12-31
Lk5PAQMc1z8,UgzENW_cQ3Kv7mSVTWN4AaABAg,@Obuso,이 재료 분량이 몇인분인가요?,0,2025-12-22
--M5pz8iDwU,UgzmHOkvnb2xt5D-H6Z4AaABAg,@cookduck,"얼마전 먼곳에 사는 친척이 서울로 놀러온다해서
아기도 볼겸 집으로 초대했어요!
좋아하는 음식을 각자 말해주면 만들어준다했더니
스테이크와 솥밥이 나온거에요ㅎㅎ
나머지는 호스트인 제 마음대로 만들어보았어요😎

───────────────────

🥩항정살스테이크
1️⃣ 한면당 2-3분 중불에 구워 노릇하게 시어링
2️⃣ 가니쉬 야채들(방토,양파,파프리카,버섯, 당근 등) 올리고 소금 후추 뿌리링
3️⃣ 180도 7분으로 속까지 익히고 
4️⃣ 200도 2-3분 표면 바삭하게 로스팅
  🌿깻잎페스토와의 조화가 너무 좋습니다 ◡̈ 

🌿깻잎페스토파스타
1️⃣ 파스타면 1인분 물700ml 굴소스1T 참치액1T 다진마늘1T 넣은뒤 12분 끓이기
2️⃣ 약불로 줄이고 올리브유4T, 깻잎페스토2T 넣은뒤 
3️⃣ 면수와 오일을 빠르게 섞으며 유화작업
4️⃣ 다진토마토, 깻잎채, 레지아노치즈 갈갈 올리기

🦐빠에야솥밥(4인분기준)
1️⃣새우12마리 해동시켜서 5마리만 껍질까서 다지기
2️⃣백합조개는 껍질을 솔로 깨끗히 닦아놓기
3️⃣토마토(1개), 양파(1-1.5개), 버섯(3-4개)는 다져놓기 
4️⃣올리브유 넉넉히 둘러 다진마늘2T 다진양파(양파1-1.5개) 볶다가
5️⃣다진새우도 넣고 볶아준뒤
6️⃣새우, 조개, 맛술150ml 넣어 뚜껑닫아 5분 끓이기
7️⃣새우, 조개는 건지고, 조개는 한쪽 껍질은 떼어내주기
8️⃣솥에 버섯, 토마토, 굴소스2, 케찹4, 카레가루2, 후추조금 넣고
9️⃣불린쌀 400g, 물70-100ml정도 추가해서 넣고 강불에 저으며 끓이기
🔟끓어오르면 뚜껑닫아 약불 15분, 새우 조개 레몬 파슬리 올린뒤 5분 더 끓이기
야채, 해물, 맛술 등에서 물이 많이나와 물조절이 약간 어려운데
70-100ml 사이로 조절해주면 괜찮아요 ◡̈
처음엔 조금만 넣었다가 중간에 가장자리부분 살짝 드셔보시고
물 추가해서 뚜껑닫아 약불로 시간 더 추가해주시면 쉽게 조절할수 있으실거에요!

🧀브리치즈구이
1️⃣ 브리치즈는 칼집 내주고
2️⃣ 방토 마늘은 많이 넣기
3️⃣ 다진마늘은 브리치즈 위에 올리고
4️⃣ 소금, 후추, 올리브유, 크런치드 페퍼, 꿀 뿌리기
5️⃣에프 180도 15분 
   🥖바삭한 빵에 올려 먹으세요😋

───────────────────

💜자주 묻는 영상 속 제품
▫️윙플라 시그니처 라운드, 스퀘어(공동구매 중)
️️▫️윙플라 프리미어 26 정통웍",80,2025-08-27
--M5pz8iDwU,Ugx_D7KhiFZdUXXCuhB4AaABAg,@TheJung3030,세상에 ㅠㅠㅠ 영상에는 짧게 나와서 잘 안느껴질수도 있는데 ㅠㅠㅠ 실제로 준비할때 그 걸리는 시간하며 ㅠㅠ 진짜 대단하으셔요 ㅠㅠㅠ,587,2025-08-28
--M5pz8iDwU,UgzgunHrqsyOsgEz0r14AaABAg,@초이셀,요리 진짜 간단하게 멋드러지게 잘한다 ㅠㅠㅠ,111,2025-08-27
--M5pz8iDwU,UgxKt1HgkOzIECE8brx4AaABAg,@gibberi_b,진짜진짜 부지런한 사람...,23,2025-08-29
--M5pz8iDwU,UgwtPKzzkVC3Ir8PdkN4AaABAg,@titik3486,애기도 어린데 진짜 대단해요!!최고!,58,2025-08-28
--M5pz8iDwU,UgyJXD75iGXpDwC9--14AaABAg,@dbfaka7083,중간중간 말하는거 욀케 웃겨요 ㅋㅋ 깻~잎~파스타~~~ 속삭이듯 말하는것도 웃기고 ㅋㅋㅋ 애들도 어린데 이런거 하시고 진짜 부지런하시네요~~ 👍 본받고 싶어 구독 꾹❤,80,2025-08-28
--M5pz8iDwU,UgxatzzAQloSMdatkYJ4AaABAg,@천명天明,"설명하는 기요운 목소리에 중독됨....
ㅜㅜ😢😢😢",10,2025-08-27
--M5pz8iDwU,UgyGHRQuIaqJ1hlDdYZ4AaABAg,@HEEHEE-0310,진짜 공구로 예쁜제품도 고마운데 활용하는 영상까지 너무 좋다..❤,9,2025-08-27
--M5pz8iDwU,UgwLZfymTEHjBoY4Owl4AaABAg,@줴제,요리 진짜 뚝딱뚝딱 잘하시네요 정성도 맛도 비주얼도 최고네요,5,2025-09-09
--M5pz8iDwU,UgyrLQW_HlRRiwHlN6d4AaABAg,@민송이-j2j,요리 정말 잘해요 ❤,10,2025-08-27
--M5pz8iDwU,Ugzv43ddVstufVrJaJ14AaABAg,@ganadara9900,다양한 활용법 알려줘서 고맙습니당,6,2025-08-27
--M5pz8iDwU,UgxPWPK3S6mxHSuZ23J4AaABAg,@너뭐니-c6x,"증말~~~~~존경스럽습니다 
증말~~~~~~",4,2025-08-27
--M5pz8iDwU,Ugy5x6OCSeURm02lXH14AaABAg,@오리가미-g7s,모든요리가 무슨맛일지 상상이 안가요 ㅋ,3,2025-08-28
--M5pz8iDwU,UgxMYUw9_1aNT3moMHd4AaABAg,@아니용-t6e,"직업이 혹시 요술쟁이 아니신가요?? 
음식을 만드는 솜씨도 솜싸지만 아이디어 자체가 대단하세요.",3,2025-10-22
--M5pz8iDwU,UgyW8RlCqhbVPz0rDoN4AaABAg,@행복은빈도,부러워요 ㅎㅎ 가족은 복 받았네요..^^,2,2025-12-06
--M5pz8iDwU,UgynQnANLOtXyUdhF9F4AaABAg,@cotgumong,그릇들도 넘 이쁘네용 실용성도 좋고,5,2025-08-29
--M5pz8iDwU,UgxaM5D73d62gv-Tafd4AaABAg,@쩡이-abc,"내가 본 것 중에 젤 맘에들어요ㅠㅠㅠ 저도 요리 좋아하는데 집들이, 손님초대 요리음식에 좋아요 누른거 처음인듯 ㅜㅜ",1,2025-08-30
--M5pz8iDwU,UgwkBKOi8mWJqExKYzx4AaABAg,@sseongrish,따라할 엄두가 안나요! 요리를 잘하시는 분이시네요!!¡,0,2026-04-17
--M5pz8iDwU,Ugyp-SKg08PFjEQPv3J4AaABAg,@cl_papa,요오리가 매직이네~😂😂😂😂😂,3,2025-12-07
--M5pz8iDwU,Ugy6n5GIfPOanMIZEaB4AaABAg,@yedarm9978,편한 밀프랩이나 간단 레시피 위주로 보고 있었는데 이런쪽 요리도 정말 잘하시네요...!!! 예쁘고 맛있어보여서 집들이용으로 너무 좋은 것 같아요,0,2025-11-16
--M5pz8iDwU,UgyYLTLSafWMAaKuqhd4AaABAg,@쌍간나,어우 너무 너무너무 예쁘고 다맛있어보여요,3,2025-08-27
--M5pz8iDwU,UgzD5kt4WakI6leSUyh4AaABAg,@lovely_Ryu,팬...팬..,3,2025-09-06
--M5pz8iDwU,UgwNlRfoAAAUvi5zJpx4AaABAg,@RAIN-kq6vg,요즘 드는 생각인데 요리도 감각인듯.. 진짜 예쁘네요~,1,2025-09-01
--M5pz8iDwU,Ugyh2dUxX09Z8di8mYB4AaABAg,@이야기요정-k9v,진짜 맛있겠다..누가 이렇게좀 해줬음 좋겜ㅅ네요😂,1,2025-08-28
--M5pz8iDwU,UgwP7tPiEuRSk-rgMVJ4AaABAg,@ganadara9900,스퀘어 샀는데 오븐에 안들어가네요..어쩔수없이 오븐도 사야겠어요ㅋㄷㅋㄷ,1,2025-09-04
--M5pz8iDwU,UgwjOjI5Zem5T0tTwBx4AaABAg,@0303-d5m,요리 진짜 잘하시네요 ㅎㅎ,0,2025-12-09
--M5pz8iDwU,UgwyyMSFMvBio8Selc54AaABAg,@hana0__0,이중 한두가지만 해도 푸짐하겠어요!!! 저장하고 해보렵니다^^,3,2025-08-27
--M5pz8iDwU,UgxDCIb24YmuHAtgTCd4AaABAg,@todayis_pureum,"애기도 나중에 같이 먹쟈😂❤
요리 뚝딱! 요오리님 멋져요!",3,2025-08-27
--M5pz8iDwU,Ugyy7TV3a7baW2W7lhx4AaABAg,@밀1크,요리 진짜진짜 잘하시네요..,0,2025-09-01
--M5pz8iDwU,UgyP_mmxtQNKk1qlZyp4AaABAg,@nar_460,아니 팬들이 너무 예쁜데..?,1,2025-08-28
--M5pz8iDwU,Ugyi_4qFLEL5ZifaIKl4AaABAg,@이정민-w2g,요리 잘하는것도  다양하게 하는것도  ᆢ대단해요~~부럽ᆢ이 집 딸이고 싶다요ᆢㅋ,0,2025-11-20
--M5pz8iDwU,UgxqJjgOno_g2qibX4l4AaABAg,@JayChoi-d5g,"화음 은근 중독
요리를 너무 쉽게 뚝딱뚝딱하네요
원팬인거 맘에드네요",0,2025-12-15
--M5pz8iDwU,UgwSc2osRRoGpkbGDlx4AaABAg,@하루-77-c,빠에야 솥밥 화음 너무 귀여워요 ㅋㅋ,0,2025-12-08
--M5pz8iDwU,UgxgPdo0aPNO_QBVl6h4AaABAg,@Sion-Mom,나도 놀러가고싶다....ㅋㅋㅋㅋㅋ,1,2025-08-28
--M5pz8iDwU,Ugw53W_lXnaB4xj5sxp4AaABAg,@blacktoothwine,브리치즈구이 내일 일단 와인파티때 바로~~~🥰👍👍👍🍷🍷🍷🍷🍷🍷,3,2025-08-27
--M5pz8iDwU,Ugw1MJucbjIxHuBUxHp4AaABAg,@Ne-ki3bp,요리 레시피 최고네요,1,2025-09-10
--M5pz8iDwU,UgyT76Tvc6-tlXsCIM54AaABAg,@patternart,너무 대박갓파더다이거에요❤,1,2025-08-28
--M5pz8iDwU,UgyB2CUdHelYocn0Uut4AaABAg,@망고스틴-f3c,저는 요리 초보라 저 많은 요리들을 어떻게 따뜻하게 동시 서빙하시는지도 궁금해요… 전 두가지도 같이하기 힘든데…,5,2025-08-27
--M5pz8iDwU,Ugyc_vu17TRv0MAMT1R4AaABAg,@내심박수를믿어,아 홈파티로 이런거 나오면 진짜 감동할듯ㅠㅠㅠㅠㅠㅠㅜㅜ,1,2025-08-30
--M5pz8iDwU,UgxmdI-Phgi6b97Y03J4AaABAg,@jinkim7001,정성 미쳤다,1,2025-08-28
--M5pz8iDwU,UgwL3UwmLikaemTaU3F4AaABAg,@서울주민2030,와 대애애애받❤,1,2025-09-16
--M5pz8iDwU,UgxYpwKotE-HutE3V7l4AaABAg,@arioden,ㅋㅋㅋㅋ 대박..,2,2025-08-28
--M5pz8iDwU,Ugw9Dk5HPVj-JbnnhBx4AaABAg,@chiz1387,파스타그릇 궁그매요..,7,2025-09-04
--M5pz8iDwU,UgwhLRgYL6F-3sWuZLt4AaABAg,@liolacecian,보기도 예쁘고 맛있어보여요 가족들 초대할 일 있으면 만들어볼게요❤,0,2025-08-29
--M5pz8iDwU,Ugy7iTigAPK5mdBgljZ4AaABAg,@b-ari514,그릇이 어떤거에요 다 예뻐요,0,2025-12-10
--M5pz8iDwU,UgypjUiX0M4k2mJAslJ4AaABAg,@장마담-i2p,변퇘 귀요미 목소리 항정살 스테이크ㅎㅎ,2,2025-08-28
--M5pz8iDwU,UgzaK90NsBJXKUvnN0d4AaABAg,@김소희-b7g4e,혹시 카레가루는 어떤 제품 사용하셨는지 알 수 있을까요??,0,2026-04-05
--M5pz8iDwU,UgyjX4XmU3WNhpTarK94AaABAg,@soojeonglee-s9q,꿀은 마지막에 뿌려야해요~!,1,2025-09-06
--M5pz8iDwU,Ugz21FZ4Za6PRNSUESh4AaABAg,@최은진-l5d,에프 어떤거 쓰세용?? 주방용품 소개편도 만들어주세여어,0,2025-08-28
--M5pz8iDwU,UgzTBmzAEW5kK_fNfTt4AaABAg,@jy761,우와 왕 브리치즈 ㅇㅠㅇ,0,2025-11-17
--M5pz8iDwU,Ugy065Bn7wrOngeZf1p4AaABAg,@츄연츄,후라이팬들 정보 알고싶엉,0,2026-01-17
--M5pz8iDwU,Ugx9h1znDTPcL3ChvMF4AaABAg,@요옹-p6g,인덕션에 요리하시는 그릇(냄비)는 어디껄까요??,0,2026-05-29
--M5pz8iDwU,Ugx_jFGRIuoMHstoMHd4AaABAg,@JENNA-t1n1p,에프 어디껀가요??,0,2026-04-26
--M5pz8iDwU,UgzirpjySFB9Gdljl314AaABAg,@우구우구-u7n,"세상에... 요리요술사 라서 요오리님 이신가요!!! 너무 충격적이에요 오픈 키친 레스토랑 쉐프같으셔요
걱정인게 이렇게 하나씩 따라하다보면 음식이 식진 않을지 파스타면이 불진 않을지 걱정돼요ㅠㅠ 한번에 여러음식을 사람들 오는 변수에 맞춰 성공하는 비결이 있을까요?",0,2025-08-28
--M5pz8iDwU,UgxyJOJBcjZS4aDKuBx4AaABAg,@ketmarket,담엔 한식으로도 파티 요리 한상 보여주세여,0,2025-08-28
--M5pz8iDwU,UgybV7XByHZ0HzY1TZV4AaABAg,@조리요-f1x,브리치즈 이렇게 큰걸? 처음봐~,1,2025-08-28
--M5pz8iDwU,Ugy2G__A4Sf_jw7ygSJ4AaABAg,@GameWoong,와 야무지다,1,2025-08-31
--M5pz8iDwU,UgzncvxxykJZqM4NMTN4AaABAg,@daily_yoon,빠에야엔 무조건 오징어 먹물 넣으세요. 홍합도요. 컬리에 팔아요. 완전 show stopper 됩니다!,2,2025-08-28
--M5pz8iDwU,Ugy8_p53E6l70f23acJ4AaABAg,@복이네-x1p,"그릇에   봐로 요리를 하네요?
가열가능 접시도 있나봐요",0,2025-12-26
--M5pz8iDwU,UgyDdzJ3D6WtDzPmV6x4AaABAg,@luu_sol,저도 물개박수 잘쳐요 가도될까요??,1,2025-09-02
--M5pz8iDwU,UgxqOh7kJg-yjGqRidl4AaABAg,@hrm_love,구독 꾸욱❤,0,2025-12-23
--M5pz8iDwU,UgyjChSqq8_Sidx_ibd4AaABAg,@이름성-w6b6h,떡볶이 소스같은거에 깻잎페스토랑 김 넣어볶아먹으면 진짜맛있어요ㅋ 미친볶음밥됨....,0,2025-09-01
--M5pz8iDwU,Ugy-EBVgfHzwKKBDzUB4AaABAg,@UMBRELLA9-r7l,어린이집선생님처럼 말씀하세요😂😂😂,2,2025-08-28
--M5pz8iDwU,UgyoowKy_CNG8l4wWix4AaABAg,@seorl1653,ㅋㅋㅋㅋ요리이름조곤조곤하시다 깬~~닢페소파스타~~ㅋㅋ,0,2025-12-21
--M5pz8iDwU,UgzzmNus2lKam3elvQF4AaABAg,@오늘도-l1b,지인짜 궁금한데 혹시 요리관련 직업이었나요? 아니면 학원을 다녔거나 학교를 다녔거나....딸이 고2되서 깁자기 조리관련 학과를 간다고 해서요....집에서 후라이도 한 번 한적이 없는데....ㅠ.ㅠ,1,2025-08-27
--M5pz8iDwU,Ugy8Q3OjUjS5hDKhGWR4AaABAg,@Camel_521,페스토는 불에 익히는 거 보다 다 건저 낸 다음에 비빔면처럼 드시면 향이 좋습니다!,0,2025-09-01
--M5pz8iDwU,UgwxZatb2Z9GBHNxGZV4AaABAg,@하또치-o1i,이게 몇인분 정도 될까요? 맛있어보여서 이대로 따라하고싶은데 9인분은 안되겠죠???,0,2025-12-14
--M5pz8iDwU,Ugzb73OFGjlGjeXqcud4AaABAg,@Baegopayo01,와 도대체 몇인분이에요? 브리치즈도 진짜 크당,0,2025-09-01
--M5pz8iDwU,Ugyyiv70b7lq_j_Owkl4AaABAg,@soojinkim6721,저집 놀러가고 싶다..,0,2025-08-28
--M5pz8iDwU,UgynqJ9_gOncB6SHgMB4AaABAg,@이냥이-q4e,"이렇게 무심한듯 툭툭 던져서 
요리가 잘 된다면^^ 
인덕션 앞에만 서면 
나는 다 잊어용ㅋㅋ",0,2025-12-12
--M5pz8iDwU,UgynFySnJ-zXfkQux5l4AaABAg,@곽도연-r1n,혹시 원팬파스타 하던 팬? 바로 식탁에 올리시건데 어떤 제품인지 여쭤봐도될까요?,0,2025-08-28
--M5pz8iDwU,UgzhDcejmlPPQA43J254AaABAg,@뀨뀨-f7w,와 브리치즈진짜크당,0,2026-03-28
--M5pz8iDwU,UgzsHRjyHHQ2sSrP0XR4AaABAg,@seny2663,에프는 어떤거 쓰세용?,1,2025-10-14
--M5pz8iDwU,UgzqDmH-WSglLUy38UV4AaABAg,@오란다-f6d,파스타 조리하신 팬 이름좀 알수 있을까요 ?,0,2025-12-30
--M5pz8iDwU,Ugyco02Jf2J6P296pdx4AaABAg,@dayellsnope,아니 브리치즈 엄청 크네요! 어디서 사나여,0,2025-08-29
--M5pz8iDwU,Ugz2o73Xh16zoWKLxGZ4AaABAg,@말랑-l2x,샐러드에 뿌린 소스가 궁금합니다~^^,2,2025-08-27
--M5pz8iDwU,UgxjftFQJ2a_2SeWbRh4AaABAg,@ni9184,항정살 요리와 파스타 그릇 정보 알 수 있을까요?,4,2025-09-04
--M5pz8iDwU,UgwyFoEw6CelGsglQKt4AaABAg,@뿅뿅변해라얍,항정살은 어디서 사셨나요...?,1,2025-08-27
--M5pz8iDwU,Ugyn7UPUlADiwyn3Z414AaABAg,@SeolaPark-f4m,냄비 뭐에여 ^_^?? 너무 이쁘네요,0,2025-08-29
--M5pz8iDwU,UgyQiL4PbGV_ZjTRgVN4AaABAg,@mumumumu7777-x5g,와 저렇게 큰 브리치즈 처음봐,0,2025-08-29
--M5pz8iDwU,UgyWxvupODPw33qsU8Z4AaABAg,@graceg5584,내가 하고싶진 않구 초대받고싶다❤,1,2025-08-27
--M5pz8iDwU,UgxT74E1BO_P3Z3KWGd4AaABAg,@영로수,"그릇 정보주세요
인덕션에도 사용가능한가요?",0,2025-08-28
--M5pz8iDwU,Ugw4vhXYOkQbSloOSQd4AaABAg,@luvloco,아닝?? 접시인거같은데 그걸로 파스타 조리라닝용!! 대체 저거 어떤제품 인가용???!,0,2025-08-28
--M5pz8iDwU,UgxfdmjlYZOUioEhAhV4AaABAg,@가링돌,합창뭔데 ㅋㅋㅋㅋㅋㅋㅋㅋㅋ,0,2025-11-20
--M5pz8iDwU,UgyUeHLUf_dbDTFFKwl4AaABAg,@고운q7e6q,3차알림신청합니다.,0,2025-11-29
--M5pz8iDwU,UgykkYa-PYX_JtIu-st4AaABAg,@정은-b9g,윙플라 가스렌지 그을림 안생길까요?ㅜㅜ,0,2025-08-28
--M5pz8iDwU,UgyBaivvCzg-3g6tTGZ4AaABAg,@손민-f7j,깻잎페스토는 어떻게 만드나요?,0,2025-08-27
--M5pz8iDwU,UgwClDdWOT3Ud-j55AN4AaABAg,@Ru-inaneu,에프에 들어가는 네모난 그릇은 이름이 무엇인가요?,0,2025-08-28
--M5pz8iDwU,UgyVJgfptTppzzww4Np4AaABAg,@EunjeongPark-pr7vr,"저 그릇같은
냄비 뭐에여? 사고싶어요",0,2025-11-16
--M5pz8iDwU,UgzzkGClizqH31TBPwZ4AaABAg,@방구석대장-t2w,육즙 봉인 같은 말 쓰시면 방구석 셰프들에게 훈수 당합니다....,1,2025-08-30
--M5pz8iDwU,Ugyso_R-FIGe37pXdvN4AaABAg,@기쁜우리-n2l,"언니
저 슬~림한 그라인더 알려주세요~",0,2025-08-28
--M5pz8iDwU,UgyBausCrc8P3ou_gsh4AaABAg,@남혜연-j4u,이 그릇 냄비 어디껀가오?,0,2025-12-16
--M5pz8iDwU,UgzMj6ozB8WuI6B9nUZ4AaABAg,@__-zv1bq,"오, 항정살은 어디서 구입하셨어요?",0,2025-08-28
--M5pz8iDwU,UgzY17FhxDxpazr6J4F4AaABAg,@임명자-s7h,항정살어디꺼인가요 항상잘보고있어요,0,2025-08-27
--M5pz8iDwU,Ugzv7EliKVFDZlAdsSR4AaABAg,@minjungkim8101,영상속 그릇들은 어디제품인가요?,0,2025-08-27
--M5pz8iDwU,Ugxht17qblGKzj7ghXB4AaABAg,@동탄아줌마-w3g,그릇도되고 냄비도 되네요? 알려주세요,0,2025-11-28
--M5pz8iDwU,UgxZgtYmG549ztp3Nah4AaABAg,@연-k3f3t,이분 손이 커서 맘에드네,0,2025-08-28
--M5pz8iDwU,UgxLwEvqShKPKbRHk1l4AaABAg,@하하하하하하하핳-s9o,"에어프라이기
제품 뭔지 알수있나요 ㅠㅠㅠㅠㅠ",0,2025-11-25
--M5pz8iDwU,UgzVwbTRA0yQFMaHXl94AaABAg,@user-bp3cc2yz1d,진짜 이런 남자랑 결혼하고 싶다,0,2026-04-29
--M5pz8iDwU,Ugxrg12pcC-DyTaDhmt4AaABAg,@투도맘,"대박이에요
내스탈 요리인데
요알못 50대 주부에요
내가 해도 맛있을까 싶어요~~",0,2025-11-18
L7_lN6MzWwc,UgxQfmZ0VejT1spZzmV4AaABAg,@Goldenglow_1,"안녕하세요. 
골든글로우입니다. 😌
정말 오랜만에 인사드리네요.

해당 영상에서 약간의 오해와 혼란이 있는 것 같아 고정 댓글 남깁니다. 

🔎기존 썸네일 속 [재료3가지]부분: 

주부님들이 아이들을 위해 요리하는 상황을 생각하며 영상을 만들었는데요.

밥과 양념은 기본재료로 보고 [양파, 베이컨, 계란]이렇게 3가지만 있으면 간단하게 만들 수 있다는 표현이였지만, 
다른 시청자층 입장에서는 충분히 오해할 수 있었을 것 같습니다.

앞으로는 좀 더 다양한 시청자 입장을 고려해 만들수 있도록 신경쓰겠습니다.

🔎기존 썸네일 속[원팬] 부분: 
1개의 팬만 사용해 만들 수 있다는 점을 강조해 설거지 부담을 줄여드리고 싶었는데요.  

다만, 깔끔한 영상미를 위해 밥을 볶은 후,  키친타올로 팬에 묻은 소스를 살짝 닦아낸 것이 세척으로 오해를 드린 것 같습니다. (이게 또 너무 깨끗하게 나와서;;;)

여러모로 보편적인 원팬의 의미와 다른 의미로 사용해 혼란을 드린 것 같습니다;;;

앞으로는 표현을 더 정확하게 사용하도록 하겠습니다.

💌아직 미숙한 부분이 많지만 식사를 준비하는 분들의 만년고민인 "" 뭐먹지?"" 와 "" 간단한 거 뭐 없나"" 의 고민에 조금이라도 도움이 되었으면 좋겠습니다.

댓글 달아주시고 항상 관심 가져주시는 모든 분들께 진심으로 감사드립니다.😌",153,2025-12-04
L7_lN6MzWwc,UgyHnEif32ZtQ-lK8uR4AaABAg,@윤미숙-c1c,"돈가스소스 대용
간장1식초1 애들입맛이면 설탕1티스푼",476,2025-10-11
L7_lN6MzWwc,Ugww17RNj_nuLOCdyIF4AaABAg,@김은혜-g7q,와 똑같이 만들었는데 요리못하는 똥손인 제 손에서 이런 음식이 나오다니😂 너무 맛있었어,21,2025-09-03
L7_lN6MzWwc,UgyzKJazFri_RGH5XYZ4AaABAg,@zzzeee548,"와 이거 레알 맛도리임.. 저 입맛 까다로운데
유튜브 음식 댓 안적는데 어릴때 먹던 맛.. 맛술, 미림, 청주 없어서 청하 넣었어요
마늘볶고 청하랑 간장 넣고
밥넣고 케찹넣었어요 
단점은 마늘이 시커매진다는거 ㅋㅋ 근데 맛은 완전 맛도리 남자친구 박수치고
전 예전에 분식집에서 그 돈까스 소스에 마요네즈 뿌려줘서 마요네즈만 조금 뿌려서 먹었어요 레시피 너무 감사합니다",133,2025-08-21
L7_lN6MzWwc,UgwHQxVfldNX1ICR4XJ4AaABAg,@ufwfdw223,저도 진짜 똥손인데 유튜브 요리중에 유일하게 성공한 맛있는 첫 음식이에요!! 다시 돌아오셔서 요리영상 많이 업로드해주세요 😢 똥손 자취생들의 희망,36,2025-09-08
L7_lN6MzWwc,UgzUiOyPXGp3vpNCRQ94AaABAg,@류현우-r4z,"맛있고 간단합니다!!

징징대는 댓글들은 신경쓰지마세용
이상한 사람들이 이상한 소리하는거죠~",17,2025-12-07
L7_lN6MzWwc,Ugwhz2IgpnRb1fRxuct4AaABAg,@leeaf__4,베이컨 대신 스팸 넣었는데 맛있네요 ㅎㅎ 좋은 레시피 감사합니다!,19,2025-10-09
L7_lN6MzWwc,UgxdV_pc24F6GtsJJd94AaABAg,@오늘도맑음-y2q,"하라고 하신대로 했는데 꿀맛이네요 ㅜㅜ
요리초보도 자신감을 얻을맛 ㅎ",16,2025-11-12
L7_lN6MzWwc,UgyOuj3apTT8uFgImlV4AaABAg,@도돌이표-n6u,베이컨 없이도 맛있네요!! 저는 파프리카도 넣고 해봤는데 맛도리였어요,1,2026-06-05
L7_lN6MzWwc,UgzkQwHvevrRtTyUmm54AaABAg,@risa-t5b6q,"같은팬 썼음 원팬이지
별걸 다 시비거네

간단 레시피 감사합니다^^",92,2025-12-01
L7_lN6MzWwc,UgxpClLpfU82Xp6NBlx4AaABAg,@밍맹뭉-j1v,베이컨이 아니고 스팸 써도 개 존막탱,134,2025-09-16
L7_lN6MzWwc,UgyLJHO7vdIertoYpzl4AaABAg,@summer_c123,해봤는데 진심 존맛..,3,2026-04-21
L7_lN6MzWwc,UgyJwsb-GkMa7Z44VfR4AaABAg,@Brentcoxwel,쉽게 음식 잘 만드시는 거 같아요 간단 레시피 감사합니다~!,10,2025-08-12
L7_lN6MzWwc,UgyN2VdmT7zMYTLNDed4AaABAg,@soonjinlee-u7g,"복잡하지않아서 너무좋아요
맛있게 해보겠습니다",10,2025-03-21
L7_lN6MzWwc,UgxuoC4I9wybUtwu4Pl4AaABAg,@힘내기-q6w,"덕분에 입맛까다로운 아들이 맛있다맛있다 하면서 잘먹었어요.♡
감사해요~",7,2025-08-24
L7_lN6MzWwc,Ugy0mmvVZ1eG1OyjR9Z4AaABAg,@olokimothi,감사합니다 덕분에 맛있게 먹었습니다,7,2025-10-12
L7_lN6MzWwc,UgzZJW0OR6gARQrs9S14AaABAg,@heyonrii,방금 따라서 만들어봤는데 너무 맛있어요~감사합니다!,9,2025-06-27
L7_lN6MzWwc,UgyBiOEkW0rq_HFccs14AaABAg,@소희-p8d,파이팅이에요! 저도 오므라이스 한번 해 먹어봐야 겠어요,7,2025-08-26
L7_lN6MzWwc,Ugxrqqw6U6siLJmcucR4AaABAg,@릴카-k9v,"이 영상으로 오므라이스는 끝!! 
👍👍👍",2,2026-04-22
L7_lN6MzWwc,UgyZm-9cm0v-ZdM8nWN4AaABAg,@조은숙-c4i,"그러게요,그냥좋고간단한건데요,내일아침에아이학교보낼때만들어보겠습니다,감사합니다",2,2026-04-22
L7_lN6MzWwc,UgwWOpLAac799zpsWtN4AaABAg,@빵찌-k7g,오므라이스 넘 맛있겠러용 😊,6,2025-10-09
L7_lN6MzWwc,UgwwryZ7RzfCidzLsPt4AaABAg,@jy5710,와 ㅋㅋㅋㅋ방금 해먹어봤는데 존맛....,5,2025-11-08
L7_lN6MzWwc,UgxVU7hxXho1HgG6_9B4AaABAg,@CandyPlanet0110,"오 일단 만들어봤는데 집에 계란이 없다는걸 밥 다 요리하고 깨달았습니다💀
근데 계란 없어도 맛있어서 그냥 먹는중 ㅋㅋㅋ",17,2025-09-27
L7_lN6MzWwc,UgyVGwox8_Z0gjvma8d4AaABAg,@페이머스-y5k,주말에 일어나서 고대로 만들었는데 와이프랑 딸 맛있다고 잘먹네요 ㅎㅎ,7,2025-09-07
L7_lN6MzWwc,UgxR8wZSosEurWP41cd4AaABAg,@유대현-t7q,정말 맛 있네요😊,2,2026-05-03
L7_lN6MzWwc,UgymHhBD0xDUEL6tk4F4AaABAg,@crycrycryingggg,와 케첩베이스라 기대 안 하고 만들었는데 진짜 파는 것 같아요;; 덕분에 점심 잘 해결했습니다!,1,2026-03-20
L7_lN6MzWwc,UgxeGT3_bt-Z-1PohBd4AaABAg,@삼이-x3t,와 짱맛있어요..🫶🏻,6,2025-08-29
L7_lN6MzWwc,UgyLRM_AxCT2waKJgJt4AaABAg,@j-j-i1z,맛있어용!! 감사합니다❤,6,2025-10-28
L7_lN6MzWwc,UgwB7KLXOQ2yDFDKi2N4AaABAg,@xxxxxxoxxxxx,너무마싯음 사랑햐요,2,2026-03-30
L7_lN6MzWwc,Ugxu9jCchK4GZrGhFD54AaABAg,@yuyung-e5w,갠적으로 굴소스 넣어야 맛있는 듯!!,1,2026-06-06
L7_lN6MzWwc,UgwUyStZv-srCB_KgXR4AaABAg,@니체-c5q,"와이프랑 애한테
해주니까 엄청 잘먹내요 요리 잘 못하는 남편인데 점수 좀 땃습니다 감사합니다",1,2026-03-15
L7_lN6MzWwc,UgwkdnUZkS2h-o7ciNl4AaABAg,@Haisley-z4c,너무 맛있어보여요!! 어릴때먹던 케챱볶음밥에 오므라이스 찾고있다가 보게되었어요 바로 해먹어보려구요 재료도 다 너무 간단하고 좋아요❤❤,1,2026-04-06
L7_lN6MzWwc,Ugzs2x69suwS05sSSrZ4AaABAg,@애리-w3v,전 너무 좋은데요? 이 영상보고 이번 주말 메뉴 오무라이스로 정했어요~ 감사합니다^^,1,2026-04-10
L7_lN6MzWwc,UgzShxvaysERKp0-R5F4AaABAg,@퍼들이,베이컨 없어서 슬라이스 햄 넣고 맛술 없어서 설탕 좀 넣고 돈까스 소스 없어서 스테이크 소스 넣었는데도 진짜 맛있어요ㅋㅋㅋㅋㅋㅋㅋㅋㅋㅋㅋ!! 저 똥손인데 이렇게 맛있고 간단한 레시피 올려주셔서 감사합니다~,54,2025-09-23
L7_lN6MzWwc,Ugzo3LHlH6fYzOnm3Tp4AaABAg,@또띠-w7u,"저번에 먹어보고 너무 맛있어서
레시피 찾으러 다시왔네요 넘감사합니다

양파 및 재료 볶기

케찹밥 ㅡ 밥 1공기, 케찹 2큰술, 간장1 맛술1 후추

계란이불 ㅡ 계란3개 소금살짝
오므라이스 소스 ㅡ 돈까스소스3, 케첩2, 물5큰술
약불로 걸쭉하게 끓이기",1,2026-05-07
L7_lN6MzWwc,UgwfHdCIBvikajPQp194AaABAg,@알로카시아-d2t,"간단하면서도 정말 맛있을것 같아요👍
담주 주말에 만들어 먹을거에요😊",2,2025-12-07
L7_lN6MzWwc,UgyvcykhHGhS380560Z4AaABAg,@reve0510,"베이컨 없어서 양파만 넣고, 맛술 없어서 설탕으로 대신해서 만들었어요
오늘 처음 만드는거라 계란이 조금 실패했지만 
맛있다고 해줘서 대성공입니다🫶🫶

좋은 레시피 감사해요:)",1,2026-05-28
L7_lN6MzWwc,Ugw5Zv5SDGTa9ka-WBh4AaABAg,@임지수-z7s,귀중한 레시피 감사해요!^^ 구독 누르고갑니다~,1,2026-03-20
L7_lN6MzWwc,UgwQ2nDIVlkG2R60HPF4AaABAg,@jamongg09,방금 해먹었는데 너무 맛있네요 감사합니다!,2,2026-01-02
L7_lN6MzWwc,UgxFiSoT5qXGAvRbXaF4AaABAg,@도뱌-r3q,오므라이스 양념 어찌해야할지 고민이었는데 레시피 그대로 하니까 식당에 파는것보다 맛있네요~~!!! 가족들한테도 해주러 가야겠어요 좋은 레시피 감사합니다❤,2,2025-12-23
L7_lN6MzWwc,UgzUwaaZQH3N9DSqx6J4AaABAg,@주-w4m,너무맛있네요!!👍🏻👍🏻,1,2026-03-16
L7_lN6MzWwc,Ugz9Nqvo9wfOuf9HPvh4AaABAg,@ahen-g7r,쉽고 맛있어요,2,2026-01-24
L7_lN6MzWwc,UgxzXSWqfndQJ_jvstp4AaABAg,@chobabgogo,맛있게 잘먹었어요. 미림 없이도 아주 훌륭한 맛이었습니다❤,1,2026-04-24
L7_lN6MzWwc,UgwKrJEOD8Jl87Yp1cJ4AaABAg,@이용희-w2g,"정말 맛있겠다.. 따라하고 싶어요
~",1,2026-04-19
L7_lN6MzWwc,UgwN5Xwban8YyJCc5sN4AaABAg,@JEEYOUNGPARK-l3s,"저녁식사로 맛있게 먹었네요 
멋진 요리 감사합니다^^",1,2026-02-19
L7_lN6MzWwc,Ugzc6BTrixgpm-oSc3Z4AaABAg,@이얏호-v9i,정말 맛있게 잘 먹었어요ㅎㅎ,1,2026-04-16
L7_lN6MzWwc,Ugy-c6z9o9_Pv1eXiv14AaABAg,@hk-gi9bt,일단 저장해 놔야겠당~,1,2026-04-12
L7_lN6MzWwc,UgyQwYH1u_xMePVRm1F4AaABAg,@달팽-0yx,감사합니다 오늘 점심에 해먹어야겠네요.,1,2026-01-29
L7_lN6MzWwc,Ugx8Ye8NKA2V9sX0fqV4AaABAg,@10V2-9o9,항상 잘 해먹고잇어요 맛있어요^^*,1,2026-04-20
L7_lN6MzWwc,UgysZOO4caH6wcLjza54AaABAg,@냥토리-v7w,와 ㅎ ㅎ 오늘 당장 해먹어볼게용><,8,2025-03-20
L7_lN6MzWwc,UgwTmpsiUbh6lUbUaQZ4AaABAg,@paradigm-h1t,"간단하고 빠르고 좋아요😀 
해봐야 겠어요
레시피"" 감사합니다👍🫡",0,2026-04-20
L7_lN6MzWwc,Ugz8aCRaerryMxmjgfZ4AaABAg,@나랑-k4l,요리똥손인데 이건 쉽고 빠르고 남편이 계속 맛있다면서 먹었어요 !!!!!!,1,2026-01-10
L7_lN6MzWwc,UgwgdSRoM0fDEdOxrgh4AaABAg,@DK__.,오 맛있어보여요. 따라 해볼게요 ㅎㅎ,8,2025-03-20
L7_lN6MzWwc,UgzacT7yutLyV7Fl2N94AaABAg,@구핑-d1v,저 첫 시도만에 성공했어요 이 레시피 짱,1,2026-02-01
L7_lN6MzWwc,UgymuavY_ZjS9Fku2FB4AaABAg,@iankiibba,너무 맛있게 잘 먹었습니다 좋은 레시피 감사합니다,1,2025-12-20
L7_lN6MzWwc,UgxjyC7fsn33vKbLLRV4AaABAg,@꿈꾸는재택근무자,"감사합니다  
재료심플
맛은 추억의맛이라니
저녁메뉴 고민했었는데
집에있는 재료로 대충 해봐야겠어요
베이컨대신 돼지다짐육을 넣고 해보렵니다
집에  베이컨 없어서요ㅎㅎ",1,2026-05-07
L7_lN6MzWwc,Ugx-Atzxhafe8MTIR7p4AaABAg,@윤미숙-c1c,이거 맛잇음😊,9,2025-10-25
L7_lN6MzWwc,Ugzx7QWNsYYv_YsgA8F4AaABAg,@mini-do1le,덕분에 잘 먹었습니다 구독자 쭉쭉 올라가길 기도할게요❤❤,1,2025-12-28
L7_lN6MzWwc,UgzWi3-kypSNRoj78pF4AaABAg,@오뚜기햇반-q7s,"오~~~맛있겠어요 지금 당장
해볼래요😅😅😅",1,2026-01-01
L7_lN6MzWwc,UgzzmXEyX2AvEJhgYGV4AaABAg,@Lofi_kuro_palylist,맛있어요❤❤❤,0,2026-05-26
L7_lN6MzWwc,UgxSR6-4vnx1pJDzt054AaABAg,@지수강-q7s,"원팬 어그로 인정합니다. 그런데 저는 간단히 키친타올로 닦고 바로바로 다음거 준비해서 총 15~20분 정도 걸려서 만들었어요! 결론적으로,  존맛탱입니다. 

시중에 파는 어중간한거 먹느니 집에서 이거 해먹을거예요 ㅠㅠ 진짜 먹는 내내 입가에 미소가 지어져서 행복했어요!! 
너어무 맛있고 베이컨/계란/양파만 있으면 되니 좋고, 감자도 넣어먹으면 좋겠더라고요. 다음엔 감자도 넣어서 해볼거예요!! 완전 강추!! ㅎㅎ 레시피 공유 감삼당!🤍",1,2026-02-04
L7_lN6MzWwc,UgwC8LmriwA4xEbLEvh4AaABAg,@유대현-t7q,오므라이스는정말 맛있음😊,0,2026-05-03
L7_lN6MzWwc,UgzIxVjTWaN0oLzPTPZ4AaABAg,@zzz-ol1me,덕분에 한끼 맛있게 잘 해먹었어요 감사합니다❤,0,2025-12-28
L7_lN6MzWwc,UgygmnCMWMR5fLWuRox4AaABAg,@흠냐-e1s,베이컨 없어서 대패삼겹 넣었는데도 맛있네요 약간 햄버거 속재료 맛? 맛있어요ㅎㅎ,1,2026-05-08
L7_lN6MzWwc,UgxDWA84r0sr7tudvQt4AaABAg,@보라색최고-j9j,초등학교 3학년인데 엄마랑같이 만들어서 엄마 만들어 줬거든요 맜있데요🌞🌞😊☺️😊,1,2026-05-24
L7_lN6MzWwc,UgyEjTh_y06gr2B8ZUl4AaABAg,@콩끼-r5m,바로보고해먹어봤는데 분식집 오므라이스 맛나요!,1,2026-01-18
L7_lN6MzWwc,UgwOBov0yiKv5OAs52l4AaABAg,@서수향-n7k,맛있겠다❤❤,5,2025-10-08
L7_lN6MzWwc,Ugxw4kp4TBxgmqvMMtJ4AaABAg,@sera17177,맛나요~해먹어본결과)1인이고 후라이팬작으면 계란2개쓰시고 (양이많아 윗부분 덜익어서 예쁘게안나와서ㅜ)돈가스소스없어서 간장식초로 해보니 너무짜고 물을 더 넣었더니 덜걸쭉해서 별로였음. 걍 돈가스소스 쓰세요ㅜㅜ그럼 더 맛날듯,1,2026-04-16
L7_lN6MzWwc,Ugwr9Uyb23hyKQo63Jd4AaABAg,@moonyy8080,방금 만들었는데 너무 맛있어요!!,0,2026-03-05
L7_lN6MzWwc,UgyiY38-NtCCREoFlxV4AaABAg,@zz-lg3cm,이 레시피 맛있어요... 평소에 싱겁게 먹어서 맛술은 그대로 한 큰술 넣고 케첩이랑 간장 조금 줄여서 오므라이스 소스 뺐는데도 맛있어요! 평소에 볶음밥에 맛술은 안 넣었는데 은근 차이 있는 것 같아요,9,2025-10-25
L7_lN6MzWwc,UgxwcRrZKdz1M6dudRB4AaABAg,@크크키키-g2h,소스가 맛있어요~~! 볶음밥에 들어가는 간장 맛술 조금 덜 넣고 굴소스 조금 넣어도 맛있네요 감사합니다,1,2026-05-21
L7_lN6MzWwc,UgzBL9Nt7QN0IVE9KwZ4AaABAg,@user-ni8hq8dq8c,너무맛있어용,1,2026-02-10
L7_lN6MzWwc,UgygRdEb-WuruYKohkB4AaABAg,@쵸-z9d,와 간단한데 맛있어요!!,0,2026-02-15
L7_lN6MzWwc,Ugz853DoCLiAGF2mDAR4AaABAg,@모낌_11,이거 직접 해먹어봤는데 간단하고 맛있었어요~ 처음에 베이컨 양파 볶을때 버터 조금 넣으면 케첩산미 싫어하는 사람은 좋아하는거같았어요,4,2026-02-21
L7_lN6MzWwc,Ugwglwj06l7cPyZR8KR4AaABAg,@이브이Eevee,베이컨 대체할만한것도 없어서 그냥 양파만 넣고 계란도 그냥 귀찮아서 스크램블 에그로 만들어서 올려도 맛있네요,1,2026-01-05
L7_lN6MzWwc,Ugzd14g8lCagsxj-ind4AaABAg,@yewooljeong,진짜 너무 맛있어요! 재료도 너무 간단하고 처음만들어보는데 계속 사먹는거랑 아니 사먹는거보다 더 맛있다 감탄하면서 먹었어요😂 집에 옥수수콘 있어사 볶음밥에 넣어먹으니 더 맛있어요!! ㅎㅎㅎ,1,2025-12-22
L7_lN6MzWwc,Ugyy8cQWeQt1lmDFbCl4AaABAg,@4foxking,덕분에 맛있게 잘 먹었습니다 감사합니다,1,2026-03-12
L7_lN6MzWwc,UgzlmuGKVsO-se-CMJR4AaABAg,@으악-m3p,이거 진짜 맛잇음!!!!! 이거 만들어준 사람들도 다 맛있다고 했음 근데 원팬은 아님ㅋㅋ 손이 좀 감,0,2026-04-04
L7_lN6MzWwc,UgyelTb8Mb7jpz809UN4AaABAg,@꿔바로우러버,맛있게 잘 해 먹었습니다 ^^ 감사합니다<!!!,2,2026-01-11
L7_lN6MzWwc,UgwpjaNvM4f5ZavQB3l4AaABAg,@현아-o9z,레시피 감사합니다! 밥 양념에 맛술을 넣는 이유가 궁금해요😮,0,2025-10-19
L7_lN6MzWwc,UgwGMu7On9f4kzCdDO94AaABAg,@희릉이,넘맛있어요❤❤,2,2026-02-20
L7_lN6MzWwc,UgzEryBL4x_JJOvA-C94AaABAg,@fjijfijfjijijijjj,우리집애들이 이 레시피로 해주면 원래 먹던 양보다 반공기는 더 먹어요ㅎㅎㅎ 감사해요!!!ㅎㅎㅎ,1,2026-03-14
L7_lN6MzWwc,UgzxjEH1qquZOu3ui-F4AaABAg,@리네의_로블,이렇게 해 먹어봤는데 진짜 꿀맛! 구독하고 레시피 많이 찾아볼게용~,7,2025-08-18
L7_lN6MzWwc,UgxuLiVp0al3SSHl6c14AaABAg,@skyhm00,재료 간단하고 스팸으로 해도 맛있어요~,1,2025-12-23
L7_lN6MzWwc,Ugzxfpv6r5t1F3WPfkJ4AaABAg,@텍사스나비룐의행복한,오늘 만들어먹고 온가족이 행복했어요! 어릴때 먹던 그맛이에요. 요즘 음식들 다 달고 짜고 그런데 간이 달지않고 너무 맛있었어요! 앞으로 오무라이스 레시피는 이거 정착이에요❤ 덕분에 맛나게 먹었습니다 감사합니다 ㅎㅎ,0,2026-02-15
L7_lN6MzWwc,Ugza-vyZQIaLLWh73hZ4AaABAg,@Ys-qn9nf,워킹맘입니다. 나이는 많아도 여전히 요린이 입니다.  유튜브에서 항상 이것저것 보고 따라하고 있어요. 아이 방학이라 점심이 항상 고민인데 따라하기 쉬울것같아요. 감사합니다. 👍,1,2026-02-05
L7_lN6MzWwc,UgwG49osfFdLcgfxhLt4AaABAg,@끝내기홈스틸-e1o,"맛술은 안넣고 당근대신 애호박, 돈가스 대신 스테이크소스 넣었어요. 채소는  집에잇는거 써도될것같아요ㅋㅋ 너무 맛있네요",7,2025-11-11
L7_lN6MzWwc,UgwcaefzNKBKhrTsT1R4AaABAg,@에엥-w7i,하 너무 재미따,0,2026-01-20
L7_lN6MzWwc,UgzS-A3YgokAq6ERPxl4AaABAg,@경심민-p8r,👍👍👍👍👍,5,2025-08-03
L7_lN6MzWwc,Ugz097zUB0QXec4bg5x4AaABAg,@こずえ-b3u,"계란만 저렇게 이쁘게 하는게 어렵네영 ㅠㅠ
잘하고 싶은데..",0,2026-03-06
L7_lN6MzWwc,Ugy1cD-TNTR_gzUpWSx4AaABAg,@다니엘윤-d2w,"양파, 베이컨, 밥
케찹 2, 간장1, 맛술 1, 후추
계란 3, 소금 2(꼬집)
돈까스 소스 3, 케첩 2, 물 5",4,2026-01-31
L7_lN6MzWwc,UgzhSHJGcOW-UPUzMHl4AaABAg,@소녀-소녀,베이컨대신 스팸은 어떤가여,0,2026-06-07
L7_lN6MzWwc,UgxbbvdiUXTv9JvSOZN4AaABAg,@dokachu,계란위에 부어주는 소스에 불닭소스 소량 첨가하면 극상의 맛조화!,1,2026-01-14
L7_lN6MzWwc,UgxgBn005F2rySwTNht4AaABAg,@발랄한쇠쟁이,마지막 소스 만들때 버터 좀 풀어도 될까요?,0,2026-03-20
L7_lN6MzWwc,Ugzr0We7oYlyDz6xget4AaABAg,@minitiger-udy,스팸 넣고 해봤는데 김밥천국 오므라이스 맛이 나네요ㅎㅎ,1,2026-02-25
L7_lN6MzWwc,Ugw9_zEJK_lhuX2uapV4AaABAg,@happiora__7,소스도 1인분 인가용? 4인분이면 x4해서 만들면 될까요?,0,2026-04-01
L7_lN6MzWwc,UgxSqxhNRw8LKNdGSOZ4AaABAg,@앙쥬오른팔,맛술 유무에 따라 맛이 다른가요?,0,2026-03-17
L7_lN6MzWwc,Ugx-k5tpj7IQ2Bn2tyF4AaABAg,@이창민-r5q,프라이팬 어떤 거 쓰세요?,0,2026-04-24
L7_lN6MzWwc,UgyZy0gxudy2bJIeaw14AaABAg,@84lanie77,오 !!,1,2025-07-24
L7_lN6MzWwc,Ugxn-WLcXOs-cHitc2F4AaABAg,@x7rdsz557,돈가스소스 유통기한 지낫는데 먹어도 안죽죠?,0,2026-01-28
-gvKkKkRbfc,Ugwj0J9F3PnrmmdDHxJ4AaABAg,@_foodie_jen,"스테이크 잘굽는법!

1. 꼭!!! 굽기 최소 30분전에 고기를 냉장고에서 꺼내 실온에 두고 룸 온도와 비슷해지도록 해주세요. 일관된 온도로 조리되어 외부만 과도하게 익히는것을 방지해줘요. 차가운 스테이크로 요리하면 익기전에 육즙부터 빠져요.

2. 키친타올로 수분 및 핏물 제거해주세요. 핏물이 없어야 노릇노릇 색깔이 잘 나고 스테이크 감칠맛이 올라가요.

3. 고기의 양쪽, 옆면까지 소금,후추로 많다 싶을정도로 넉넉히 간 하고(어자피 구우면서 많이 떨어져나가요) 요리유 양면에 발라주세요.

4. 코팅 잘된 팬에(안되어있으면 기름 조금 두르세요) 고기 올리기 전 연기가 날정도로 가장 센불에서 달궈주세요.

5. 연기가 충분히 나기 시작하면 고기를 넣고 진한 갈색이 될때까 지 구워주세요. 고기 뒤집는 횟수는 최소화하는게 좋아요. 고기가 두꺼우면 옆면도 세워서 익혀 육즙을 가둬주세요. 고기 두께에 따라 다르지만 보통 2-5분 사이 구워주되 고기 중간을 집게로 살짝 눌러보며 익힘정도 확인해주세요. 많이 익을수록 단단해져요.

6. 본인이 원하는 익힘 정도 되기 조금 전에 미리! 불 완전히 끄시고 (나중에 레스팅을 하면서 익힘 정도가 한단계 올 라갈수 있기때문) 버터 한두조각 넣어 고기위에 수저로 샤워시켜주 세요. 일반 버터는 발연점이 낮기때문에, 불위에서 계속 버터에 구우면 쉽게 타고 좋지 않아요.

7. 고기를 후라이팬에서 내려 쿠킹호일로 덮어 꼭!! 레스팅 시켜주 세요(뜸들이는 과정). 이렇게 해야 고기의 육즙이 가둬지면서 육즙이 고기안으로 고르게 퍼지고 고기가 더 부드럽고 맛있어져요!


*고기는 코스트코에서 산 Ribeye Steak 사용했어요! 다른종류 스테이크 죄다 먹어봐도 저한테는 이게 제일 맛있더라구요. 

*야채는 아스파라거스, Brussel sprouts(애기 양배추), 방토, 고구마, 버섯, 양파 등등 집에있는 야채들 다 봉지안에 떄려넣고 올리브유+소금후추 간해서 에어프라이어에 185도 총 20-25분정도, 중간에 한번 뒤집고 돌려주었어요!
다되면 꺼내주고 고구마나 brussel sprouts같은 두꺼운 애들만 10-15분 더 돌려주었답니다! 

*고기는 구우면 바로 먹어야 맛있고 특히 소고기는 생각보다 굽는데에 오래걸리지 않으니, 야채먼저 일찍이 준비해서 에프 돌려두셨다가 거의 다될쯤에 고기는 마지막에 구우시는게 좋아요!


Here's a simple guide to cooking steak perfectly!

1. Take the steak out of the fridge at least 30 minutes before cooking to bring it to room temperature. This prevents uneven cooking.

2. Pat the steak dry with a kitchen towel to get rid of excess moisture and blood. This helps get that crispy color and boosts flavor.

3. Season both sides generously with salt and pepper and rub with a bit of oil.

4. Heat a well-coated pan until it's smoking hot. 

5. Cook the steak until it's nicely browned on both sides. Try not to flip it too much.

6. Just before it reaches your preferred doneness, turn off the heat, add a knob of butter, and baste the steak.

7. Wrap the steak in foil and let it rest. This helps the juices distribute evenly for a tender, flavorful steak.",672,2024-12-24
-gvKkKkRbfc,UgwpprkoM3bz7Joll254AaABAg,@살짝쿵-y7l,이 언니 진짜 고수... 아마도 보통 감각과 스마트함이 아닐듯.. 행복한 신랑이 누구실지.. 복받으셨네요,1051,2024-12-20
-gvKkKkRbfc,UgwGl4Q4nll6ZY6IU-t4AaABAg,@park6159,뭔가 어설퍼보이면서. 완벽함~❤👍,520,2024-12-19
-gvKkKkRbfc,UgxnKXWwG37ay8J8ey54AaABAg,@iron4125,진짜 다 차려놓고 앞치마 입고 그대로 먹는거 극공감입니다😂😂😂,355,2024-12-21
-gvKkKkRbfc,Ugww_ydAfKlBUVTOSBd4AaABAg,@jaychung6913,설렁설렁 하는것 같지만 결과물 퀄리티가 항상 높음ㅎㄷㄷ,560,2024-12-22
-gvKkKkRbfc,UgyYb8JA69QIhi081FF4AaABAg,@goldfinger1225,모야 고수잖아😂😂,62,2024-12-20
-gvKkKkRbfc,UgyC_TFEEQStdHDwIgp4AaABAg,@김종인절대지켜,과정은 무심하게 툭툭 결과물은 완벽❤,109,2024-12-25
-gvKkKkRbfc,UgzHzSC5IcmHI5_JnvV4AaABAg,@jjoojjoobar,멋지게 구워 차려놓은 스테이크 가위로 잘라 젓가락으로 먹는게 진정 k-스타일 스테이크네요!,69,2025-01-28
-gvKkKkRbfc,UgwLmCGKevVa8k1mjxh4AaABAg,@home-en5kr,이쁘게 차려입고 어설픈 요리만 하는 인스타 보다가.. 무심한듯 건강한 진짜 요리..능력자~꾸밈없어 좋고 개 멋있음요~,413,2025-01-07
-gvKkKkRbfc,Ugz57PCkfZe91aEGJuB4AaABAg,@나노폭스,"야무지고, 음식 잘하고~~ 정말 남편 분이 전생에 온 지구를 구한 듯!!",113,2024-12-23
-gvKkKkRbfc,UgyY-f_WWKmsYQ7uvot4AaABAg,@wonyzziny,이쁘고 돼지런하고 센스있고 재밌고 음식잘하고 구도 잘잡고 편집잘하고 언니 못하는게 뭐예요? 남편분 전생에 독립운동가였나봐요,66,2024-12-24
-gvKkKkRbfc,UgzstFl8uP_o-8LjPjN4AaABAg,@jamieewoo,"우런니는 초짜인듯 겸손한 표정으로 
언제나 고수의 결과물을 뽑아버린다…🛠️💛",30,2025-02-03
-gvKkKkRbfc,UgxYZX2Jr8Y_wIkXduB4AaABAg,@dodometa,대충대충 무심하게 하는 듯 해도 손이 빠르고 일머리가 좋으심. 찐고수😊👍 흥하시길🍀,104,2025-01-14
-gvKkKkRbfc,UgwG542-VfpTVh6E2ht4AaABAg,@박재은-y4e,이 언니는 이뿌지 털털하지 요리 잘하지 플레이팅까지 잘하구 ㅠ 남편 복 터졌다!,192,2024-12-21
-gvKkKkRbfc,UgyVbn6Ty_FzdoRs8Wx4AaABAg,@초아-h7g,"언니 리액션이 음식의 맛을 상상하게 해요😂
저는 솔직히 그냥 보기만 하는뎀...마음에
웃음 꽃이 피어나거든요 😊😊😊",51,2024-12-21
-gvKkKkRbfc,UgxahKyTPNR4ORlGIVZ4AaABAg,@nyangajjang6715,멋들어진 결과물과 거기에 허당미를 곁들인....젠님의 요리영상은 항상 감칠맛이 좋아요😊😊,30,2024-12-20
-gvKkKkRbfc,Ugy6_r2P8DNcCxCNGpJ4AaABAg,@오드리-x,항상 무심한듯 뚝딱뚝딱 넘 잘하셔요 👍,215,2024-12-18
-gvKkKkRbfc,UgyrbM_D-eHjFKp-r-N4AaABAg,@이름-w6v3i,하여간 참 잘하셔~~,29,2024-12-25
-gvKkKkRbfc,Ugzw9aD55XWCSrtsQld4AaABAg,@Eunice_on_earth,"이집 식탁 흰색인거 처음알았고..
난 집에 오는줄 알았는데 
와인잔 두개만 부딪혀서 깜놀😂😂😂😂
너무 재밌는 영상😏",6,2025-07-21
-gvKkKkRbfc,UgxLtsUPxkgx3Q0DYHJ4AaABAg,@JiyeonWoo-v6f,"이 양반은 항상 보면 음식 준비하다 반은 먹는것 같으요 ㅋㅋㅋㅋ
나를 보는 듯한 영상에 매일 스며들고 있네요
고마워요",24,2024-12-21
-gvKkKkRbfc,UgyqLqWUxm4N5ic6wIl4AaABAg,@이은실-g7u,표정 부자❤ 맛이 느껴져요 ㅋㅋㅋ,14,2024-12-20
-gvKkKkRbfc,Ugzy7wOJ_jDvrR02AV54AaABAg,@beautifulgrace8115,살림에 일에 유튜브를 한다는것 자체가 얼마나 부지런한 분인지 ...,4,2025-08-20
-gvKkKkRbfc,UgzYNF1_ngzCIILD8Fx4AaABAg,@winging0529,무심한듯 신기하게 음식퀄리티가 높고 중간중간 우당탕탕 인간미까지 안좋아할수가 없어용ㅋㅋㅋ🎉,7,2025-02-15
-gvKkKkRbfc,UgyLVTcmRQ2eWwpyPVN4AaABAg,@아메리카노-b6f,아니  그냥 옆집에  같이  살고 싶다  진짜  ㅋㅋㅋ 원래  솜씨가  잇다!!!!👍👍👍👍❤️❤️,11,2024-12-20
-gvKkKkRbfc,Ugxj9CCZKpjvE6qPInt4AaABAg,@lydia7429,아 ㅋㅋㅋ 고기 굽기 전 창문 열기에서 미국 아파트의 고뇌가 느껴집니다. 스모크 디텍터 울리면 동네 민폐니 미리 열고 시작하는 센스 ㅋㅋㅋ 멋져요 멋져.,7,2024-12-21
-gvKkKkRbfc,UgzYxCfF8S3p6dYQAdN4AaABAg,@hellenkim5974,찢었네...세팅도 요리도 만점👍👍👍,29,2024-12-24
-gvKkKkRbfc,UgyaIA4CQkViumOM3Sx4AaABAg,@끌어올려-y1004,어쩜 저렇게 뚝딱뚝닥 맛있는 요리를 만드는지 너무 부러워요~~ 😊,8,2025-01-19
-gvKkKkRbfc,UgyUb3hYq43JydL_t2h4AaABAg,@step-y2o,"요리는 장비빨이라지만 이분은 손이 최고의 장비 십니다^^
태생적으로 요리를 잘 하시는분이에요. ㅎ",17,2024-12-28
-gvKkKkRbfc,UgxFYI5e4aN53rJj_fx4AaABAg,@봄하늘바람,"와 잘했다 뚝딱뚝딱 다들 모델하우스에서 사는것만보다 사람사는 나와 별반다르지않은 이런 영상 속이 후련햐~~
떡상가자~~~",55,2024-12-19
-gvKkKkRbfc,UgwJNO03bQtoYPpiJqd4AaABAg,@김지아-p3w,언니 영상 항상 잘보고있어요! 시크 쿨하고 웃겨서 괜히 내적 친밀감 ㅋㅋㅋ 저희집에 초대해서 놀고싶은언닝ㅋㅋㅋㅋ ❤,6,2025-01-14
-gvKkKkRbfc,Ugya7oR8t_OOQ8o3Gvd4AaABAg,@밭가는아지매,"이언니~  정말사랑스럽다^^
쿨앤 스파이시♡♡♡♡
새해복 많이받아요~~^^
돼지런한 생활 끝까디 응원합니다^^",13,2025-01-01
-gvKkKkRbfc,UgxqgJi7eFOWEPvsxzd4AaABAg,@대일밴드-m1n,이언뉘 어쩌지~~~겁나 매력적이야,3,2025-06-02
-gvKkKkRbfc,UgzQUSb0a9vOdGH4tf14AaABAg,@hyl27,"레시피 설명도 일목연하게 잘 정리해 주셨어요  똑 소리나는 성격답게~~^^
꼭 따라해 볼께요~",9,2024-12-25
-gvKkKkRbfc,Ugxm04kVuy-gtqTKd0x4AaABAg,@aagrow8867,"오~~ 앞치마 입으셨다
본격적인  요리타~~~~임!!
우와!!! 😮😮 아웃백 스테이크 능가한
플레이팅 굿굿👍👍",3,2026-01-07
-gvKkKkRbfc,Ugz2EKaqwdmXFWu2Sch4AaABAg,@only1-only1,"우당탕탕 뚝딱뚝딱 
멋져유~~~~
진실의 미간 ㅋㅋㅋ",6,2024-12-20
-gvKkKkRbfc,UgyKmXcQzLz1tYH2m_Z4AaABAg,@sandrak.-ve6cz,자꾸돌려보면서 캬~~맛있겠다.. 이러고있음요 ㅋ,3,2025-01-31
-gvKkKkRbfc,UgxEgAr4oxB6Ivj_49R4AaABAg,@주디-x7g,앞치마도 안벗고  아이처럼 맛있게 먹는 모습이  너무 귀여워용~~^^,3,2025-08-04
-gvKkKkRbfc,UgysRxIfHSvrVH57gvR4AaABAg,@racle-o6g,"언니랑 사는 사람들은 참 좋겠다
금손인듯~무심한듯한 선수~완전 매력~
막~~따라하고싶게만듬~♡❤",3,2025-05-11
-gvKkKkRbfc,UgxsaOD2-Sp_fDkm29J4AaABAg,@kimm2624,너무 사랑스러워요. ❤ 대리만족만 합니다.ㅋㅋ 늘 행복하시고 건강하세요😊,3,2025-01-15
-gvKkKkRbfc,Ugy9mKpw9Ojeh9kiZKt4AaABAg,@정혜진-h4r,언 니. 넘 귀여워요ㆍ볼때마다. 웃겨용. ㅋㅋㅋ쉽게 하셔서 넘조아용 😅❤,1,2025-08-28
-gvKkKkRbfc,UgyRjdM9CPp0v3ibMHR4AaABAg,@지엘엘,"요리를 되게 쉽게 시원시원하게 해요
요리 잘하는 사람들 머리 좋은것 같아요
체계적이고 미적 감각도 좋고~",19,2024-12-20
-gvKkKkRbfc,Ugz1LcNC7GFzWeRgY6d4AaABAg,@1129-r8e,"영상 무드 넘 유니크 하고 매력 터져요 
이런 포맷 앞으로도 유지해주세여 ~
진짜 넘 힐링 되요 
현실 무드 ❤❤ 
요리 퀄리티도 결과물 쵝오🎉",2,2024-12-31
-gvKkKkRbfc,UgzUUUh5GgH-mZ8CfPF4AaABAg,@신아름-g6b,천재임이 틀림없음!!,3,2025-11-13
-gvKkKkRbfc,Ugx3p3kJE_m2TqI9Mp14AaABAg,@꿍이-3xf,"이게 시크함이지.
중독성있어욤❤",1,2025-08-04
-gvKkKkRbfc,UgxtRgc7hIwwSvGWTdx4AaABAg,@이영희-i1x,중독성 강한 젠님 영상에 요즘 빠져있어요😅 넘넘 사랑스럽❤,2,2025-03-12
-gvKkKkRbfc,UgzIHv4kBI3jHEtC4wR4AaABAg,@글로리g,이분이 진짜 찐!!요리고수!!!!!,1,2025-07-18
-gvKkKkRbfc,UgyWIK2yGB0eI1m1O394AaABAg,@jimlee6608,"음식을 파워풀하게 ^^
늘 잘보고 있어요. 
쉽게 맛나게 잘 만드세요 
잘 보고가요 ❤",2,2025-02-14
-gvKkKkRbfc,UgxxfGwozi8UbE_r-gR4AaABAg,@희정-r2f,"후다닥 하시는데도
넘 멋지고 좋네요^^♡",2,2025-08-09
-gvKkKkRbfc,UgwucpBr0ESFu_43Xc14AaABAg,@짹짹이준,잘 보고 있어요 너무 잼있고 요리 잘해서 부럽😊뚝딱뚝딱 😊,3,2025-01-07
-gvKkKkRbfc,UgxWvdTMrlahdhOq-AJ4AaABAg,@토토로-f1j,"ㅋㅋㅋ스테이크 자르다 먹고
남은거 이쁘게 복원시키는 고수😊
이언니 고기 또 살짝 눞혔엉😂",2,2026-01-09
-gvKkKkRbfc,UgzdZIIvPL2BX8RhUH14AaABAg,@하늘바다달빛,뭔가...뚝딱하기만 했는데 음식이 차려지는 느낌이랄까요^^,3,2024-12-20
-gvKkKkRbfc,UgwOCsF20AmnW9jYRrt4AaABAg,@삼권분립-g7i,언니는 분명 회사일도 야무지게 잘할꺼야....항상 응원!,0,2025-08-05
-gvKkKkRbfc,Ugz3zJkuEkZXRLHrPMV4AaABAg,@kim-pinetree,"아구구 터프하면서 꼼꼼하셩 
믓찌게사는모습 감탄!
축복해요",1,2025-12-18
-gvKkKkRbfc,UgwstH4ZpvJ35BvwbTJ4AaABAg,@vvho_chuu,음식 만들면서 와인마시는거 진짜 공감 ㅋㅋㅋㅋ,1,2025-01-10
-gvKkKkRbfc,Ugyck5FMSxJb6QyHxlV4AaABAg,@Yun.ae13,"외모면외모 ~요리면요리~ 영상퀄리티까지~
모든게 세련그잡채!!
구독 박고 갑니다  ❤",2,2025-02-12
-gvKkKkRbfc,UgyDG_6QEK2--yk87_F4AaABAg,@JS-or3cf,뭐든지 뚝닥뚝닥  쉽게 하시네요.. ㅎㅎㅎ 쵝오!!!,3,2025-01-21
-gvKkKkRbfc,Ugx55FXrPphdRYjOb5B4AaABAg,@yellowstar46,왜케 귀여우심?! ㅎ👍,4,2024-12-25
-gvKkKkRbfc,UgylGXixg3ya03OgoYt4AaABAg,@송옥라,"좋아요 😊
사랑해요❤",3,2025-09-10
-gvKkKkRbfc,Ugy9LaCiz_viGGzJ8UV4AaABAg,@이난희-d1h,"대박!
진정 고수!엄지척!",1,2025-06-13
-gvKkKkRbfc,UgwmMp2Not0MIUd9FCl4AaABAg,@hjang2501,진짜 최고네요 젠님❤,2,2025-02-08
-gvKkKkRbfc,UgwtCP0qWXtqQzikCB14AaABAg,@그린파파야-l5b,정말 부러워요 자세한 요리법  감사합니다^^,1,2025-12-13
-gvKkKkRbfc,UgxUIgbwY8oD0KUsUQB4AaABAg,@AnneGilbert1234,은근  근사한 요리 잘 하심 ❤,2,2025-01-14
-gvKkKkRbfc,UgzMgxDqsH2yXHf2AKF4AaABAg,@망고-n6f,와인한잔먹으며 일시작하는거 나랑 똑같 ... ㅎ,1,2025-07-27
-gvKkKkRbfc,Ugzck0UeYyW22O0Q0WB4AaABAg,@iningj3333,찾았다 내 이상형...ㅠㅠㅠㅠㅠ,1,2025-01-18
-gvKkKkRbfc,UgwKKyIEUFMuYkr5LW54AaABAg,@써니96,오늘알게되서 😂😂숏츠정주행다했네요 ㅋㅋ남편분 부러워요 제가 남편분이었어야❤❤❤,3,2025-01-22
-gvKkKkRbfc,Ugwr3cbbnrYVb2-0Lq14AaABAg,@지니지니-o9l,대박...완죤 프로,0,2025-11-04
-gvKkKkRbfc,UgxSfF-dfcYJ7QvQcP14AaABAg,@홍혜경-v5b,요리 천재같어~~~,0,2025-07-29
-gvKkKkRbfc,UgxtRBkWaBTHAIVgn6N4AaABAg,@viola_b,손님 오시는줄 알았는데 두분이서 드시는 거였어요?? 좋다~~~~,1,2025-12-30
-gvKkKkRbfc,UgynkK_CJ_XguSpf53J4AaABAg,@p2pspowerpraise417,이 언니는 요리보다 요리하는 과정의 일머리가 놀라움!!,1,2025-11-14
-gvKkKkRbfc,UgyziYPakDt6O0rIgPZ4AaABAg,@정열s2,이 언니 오늘은 사람이랑 같이 먹는당 진짜 파티!!!,0,2025-12-11
-gvKkKkRbfc,UgxDIpCqkCFUbchfQYx4AaABAg,@파란c4,너무 쉽네요. 크리스마스 가족 파티에 연어 준비하려 했는데 고기도 추가해서 먹어볼께요.  고기 냉장실에서 꺼네 10분정도 실온에서 센불에 굽고 숙성해야 되는것 팁이네요. 무엇보다 쉽고 예쁘네요.,0,2025-12-12
-gvKkKkRbfc,Ugyt32DpetNSLnQEzCV4AaABAg,@천사-v9y,요즘 이분 매력에 빠짐ㅎ 뭔가 허술한데 ..완벽한...오묘한 매력,1,2025-03-03
-gvKkKkRbfc,Ugy8PmoWse1DSoV0w3F4AaABAg,@내이름은탐정코난이지,누나는 18271번째 최고요리사!!!,2,2025-09-30
-gvKkKkRbfc,UgzvU3A7h72GFJT5TWJ4AaABAg,@카사나기준,"와우 대박
진짜.멋지세요~~",1,2025-08-01
-gvKkKkRbfc,UgxaUhQCHiC1W4JVNfZ4AaABAg,@애플민트-h3d-c9t,"손님 더 오실줄 알았는데😅😅😅
2인분이였어 ㅋㅋㅋㅋ",1,2025-07-18
-gvKkKkRbfc,UgxRw66hb0SwMbSzzhl4AaABAg,@안경옥-w1x,매일고급진식당요리보는기분.,1,2025-04-15
-gvKkKkRbfc,Ugw5zW5VyEgKtKXevfV4AaABAg,@화리47,참좋으신분입니다 항상보면서 나는 나이가 많아 패슨데 젊은분든텐 나이스 항상 잼나게 보고 있음요❤❤❤❤❤,1,2025-10-29
-gvKkKkRbfc,UgwuACtpUvg-YWeckJZ4AaABAg,@행복하세요-y2k,"지금 당장은 아니어도
이번 주?    다음 주?
꼭 해보고 싶네요.
꼭 해볼겁니다 그려!!
ㅋㅋㅋㅋ 파튀느낌 나네요~",0,2025-09-06
-gvKkKkRbfc,Ugy_53n19u6CrTLW6694AaABAg,@도명숙-t8w,편집  미쳤네요  ㅎ ~,0,2026-01-11
-gvKkKkRbfc,UgwaVfwEIStOO3hk2uB4AaABAg,@jisoo138,너무 맛있어보여요....어쩜 이리 뚝딱뚝딱 잘 만드시는지 !! 말투는 툭툭 내뱉으시는게 시원시원하면서 음식 만드시는것도 시원시원하시네요 요즘 재밌게 잘보고 있어요 ㅎㅎ,0,2025-01-15
-gvKkKkRbfc,UgyebLsoCj4WA3RXZ_p4AaABAg,@정승은-n2e,넘 사랑스러워요. ^^,0,2025-10-16
-gvKkKkRbfc,UgzlU4q-4R4CS9WLHn14AaABAg,@Selena505-k8q,"일단 보기도 전에 좋아요부터 누르고싶게 만드는 Jen님 영상들,, 새해복 많이 받으시도 올해는 더 행복하세요!💗",0,2025-01-02
-gvKkKkRbfc,UgzOC-1hHGt0U_Q4HVR4AaABAg,@박형원-x1m,손쉽게 뚝닥뚝닥 못하시는게 없네요..,1,2025-08-12
-gvKkKkRbfc,UgxfMesk1x431J7OXy94AaABAg,@chaseoh8706,잘하시네요.  프레젼테이션도 근사하고요.,2,2025-08-11
-gvKkKkRbfc,UgyKFGYLh_O1MSE_R1l4AaABAg,@eegomoji90,진짜 대강 만드는데 퀄 좋아서 부러워요!‘👍🏻,0,2025-06-08
-gvKkKkRbfc,UgxKAcE4cuA6UWlAy414AaABAg,@블루칩-c7m,이언니는 요리 고수가 확실 ㅎ,1,2025-04-24
-gvKkKkRbfc,Ugwx0o12ZO6tZ-Bdxr94AaABAg,@Evita-y6x,고기를 가위로 자른 언니는 역시 찐 한국인! ㅎㅎ 오늘도 잘 보고 갑니다~^^,2,2025-05-11
-gvKkKkRbfc,UgxKwfPnQUA09Cb3XzF4AaABAg,@이윤희-s1p,부러버.저 화려한 솜씨~~,0,2025-07-18
-gvKkKkRbfc,UgwPAevOmRJofjeKVWN4AaABAg,@chanbikim8467,"언니 진짜 짱!!! 
멋지면 다 언니🫡",0,2025-03-14
-gvKkKkRbfc,UgxPu9pjKLMI9xn17MJ4AaABAg,@youngranlee1574,요리 천재 이십니다,0,2025-04-15
-gvKkKkRbfc,Ugx2Wh5jLqmghF8oEfV4AaABAg,@The-sq2gy,어찌 이렇게 귀엽소~,0,2025-08-16
-gvKkKkRbfc,UgxZlUPYqzuk2Dvr86F4AaABAg,@반공애국,해보고싶네요~,3,2024-12-19
-gvKkKkRbfc,Ugy26KEO_IexdEoSYMZ4AaABAg,@유은미-k5u,반전매력의 소유자~~~🎉🎉🎉,3,2025-01-21
-gvKkKkRbfc,UgyL78NHP6xbLSmYnZB4AaABAg,@뿌잉-o9u,와 요리진짜 잘하신당❤❤❤,1,2025-01-29
-gvKkKkRbfc,Ugx3SzRL7VkhzNLlMDl4AaABAg,@iam769,"언니 홈파티 초대받고 싶네용 
온몸으로 느끼면서 싹싹 클리어 할 수 있는뎁😢",0,2025-08-11
-gvKkKkRbfc,UgxI4YnR578vbIJbe4N4AaABAg,@박소현-h9m,무심한요리에 결과물최상..진짜고수❤❤,1,2025-04-23
-gvKkKkRbfc,UgzsByt_japASKEQPQp4AaABAg,@희야스토리,척척  잘하시네요😅,0,2025-07-15
-gvKkKkRbfc,Ugyc90SfNZK_Pfp-dOd4AaABAg,@권영주-u1k,와..... 행복해보여요.,0,2025-10-22
-gvKkKkRbfc,UgzkSM6r8AUYPQqgqtp4AaABAg,@KimJy-x9y,"우당탕쿵탕 하시지만, 사실은 엄청 실력자 이신듯~다 연출하신거죠 ??!!😊 잘보고 갑니다",1,2025-02-14
-gvKkKkRbfc,UgwRW8dgTPp6rV7sR3J4AaABAg,@kija4599,언니가 만드는건 다 맛있어 보여요!!❤❤❤❤❤ 해피할러데이!!😊,5,2024-12-20
mXdTfzqlxOA,UgxmDZgSbyK_F3zwLRZ4AaABAg,@sarajubu,"📌쿠팡파트너스,오늘의집 큐레이터 활동의 일환으로 이에 따른 일정액의 수수료를 제공받습니다.
📌이 영상은 직접 구매한 제품으로 만든 콘텐츠입니다.
📌영상 속 제품 정보는?하단 사라 클릭 - 더보기

🤍시작한 지 얼마 안 되어 부족하지만
🤍구독해 주시면 당신을 평생 기억할게요

🎉 평생 써먹는 집들이메뉴 3가지
간단한데 반응최고 
특히 바지락술찜
너무 맛있어 그릇 싹싹 비우고
레시피까지 알아가셨어요 강추


🐚 바지락술찜
[재료]
바지락 500g/청주 한컵(청주는 이마트에서 작은캔 싸게 삼)
물반컵(입맛에 따라 조절)/마늘,건홍고추
다시다/소금/버터2조각/후추

[만드는법]
1.소금넣고 검정비닐 감싸 1시간 해감합니다.
2.굵게 다진마늘과 건홍고추 기름 넣어 볶다가
3.바지락 넣고 버터,청주 한컵, 물 반컵
4.후추,멸치다시다1/4, 소금 1/4  넣고 
5.팔팔 끓이면 끝


🍗 냉제육
[재료]
앞다리살600g, 미원 1, 된장 1/4, 물1L
파,마늘,부추(토핑용) 넣고싶은데로(생략 가능)

[소스재료]
간장2,식초1.5,참기름1,설탕1,고춧가루1,통깨1,연겨자1t

[만드는법]
1.앞다리살600g을 적당한 크기로 자릅니다.
2.물에 앞다리,미원1/4~1,된장4.1 ,물1L 넣어줍니다.
3.강불에 13분 불끄고 1시간 방치합니다.
4.랩 씌우고 무거운거 올려 냉장고에 4시간~하루 두고
5.얇게 썰어 드시면 되요


🍤 새우전
[재료]
새우 약10개, 소금, 전분3스푼, 계란1알

[만드는법]
1.새우에 소금 간 하고 키친타올로 물기 제거
2.비닐에 전분가루3, 계란물1/2 넣고 흔듭니다.
3.기름 둘러 구워요


👍 편하게 물어봐 주세요
💕 따뜻한 응원, 미리 감사드려요 💕",4,2025-08-23
mXdTfzqlxOA,UgxJylyiMGnGDCVciPJ4AaABAg,@turtle_home,저 바지락술찜 한번도 안해봤어요ㅠㅠㅠ요 레시피로 도전해봐야지!!❤ 냉제육도 도전해야하는데 똥손이라 무서워요ㅠㅠㅠ,1,2026-05-07
mXdTfzqlxOA,UgxtszZ2mV0J19T56994AaABAg,@ojing-a1a2a3,바지락 냉동으로해도 괜찮을까요?,4,2025-11-24
mXdTfzqlxOA,Ugz_et75Xbb9eRSxg_54AaABAg,@꼬꼬리꼬꼬,마지막 넘 웃겨요 ㅌㅋㅋ,3,2025-12-25
mXdTfzqlxOA,UgxQYp3J-tyJqCr4tsd4AaABAg,@you______jkk,1/4를 어케 계량해여??,1,2025-08-25
mXdTfzqlxOA,UgzkIW7Zau3qznBF8tF4AaABAg,@이엄마-e5s,"교회가서 예수님 믿고 매일기도 찬양하니 
행복이 끊어지지 않아요^^",5,2026-01-01
3-SjcmgxhiM,UgwveAu_IE86CHvzsh94AaABAg,@지현쿡,"🧈 식빵 버터쿠키
[재료]
무염버터 100g
슈가파우더 or 설탕 80g
계란 1개
박력분 250g
코코아파우더 1스푼
*계란과 버터는 1시간 전 실온에 미리 꺼내두기

1. 버터를 부드럽게 풀어주고 슈가파우더(설탕), 계란, 박력분을 차례로 넣어준다. *박력분은 체쳐 넣어주세요.
2. 반죽의 1/3 정도에 코코아파우더를 섞어 색을 내준다.
3. 모든 반죽을 냉장고 30분 휴지시킨다.
4. 반죽을 틀로 찍어주거나, 직접 모양을 잡아서 코코아 반죽으로 감싸 냉동실에 10분 굳혀준다.
5. 적당한 두께로 잘라 오븐에 구워준다. (예열 후 170도 10분~15분)
*에프도 비슷하게 돌려주면 되지만, 집마다 사양이 다르므로 타지않게 체크하며 돌려주세요. 

📌 참고사항
- 사용한 틀의 경우, 오래전에 구매한거라 최대한 비슷한 틀 찾아서 프로필 링크에 정보 남겨두었어요 :)",371,2024-10-23
3-SjcmgxhiM,UgyrJie0c4DWkY3AIsR4AaABAg,@모카빈모카빈,너무 맛있을것 같고 비주얼도 귀엽고 대박인데요!!!😮,221,2024-10-25
3-SjcmgxhiM,UgxIinf4DM2UX21LdeV4AaABAg,@감짜-o6k,우와 귀엽다 베이킹 영상 보니까 힐링되네요,88,2024-10-24
3-SjcmgxhiM,UgwrL2fPAkb2dpkuRy94AaABAg,@예린-eyldd0114,우아 .. 맛있겠어요..🤤이번 주말때 꼭 만들어 볼께요 !!,10,2024-10-28
3-SjcmgxhiM,UgyNQJGR5l_Ya00dcph4AaABAg,@민윤경-i8j,우왕!!!!!!!!  진짜 넘 예뻐요❤❤❤,8,2024-10-23
3-SjcmgxhiM,UgxaIAY-aVZGtaa5uxd4AaABAg,@노답과일즈,너무 귀엽잖아..!❤  이거는 꼭  만들어 봐야겠네요! 너무 귀여워요😢❤  이번에 이사했는데 당장 집에있는거 모아서 만들어 볼께용! 이런 귀여운 음식만드시는 지현쿡님 너무 요리 잘하시네요 🥐🥖,3,2024-10-23
3-SjcmgxhiM,UgxoYvD_T-LVqLL7O9J4AaABAg,@도재-g9l,목소리도 좋고 잘 만드셔서 바로 구독했어요☺,2,2024-10-26
3-SjcmgxhiM,Ugz9HAAqD8J_2RZwbzl4AaABAg,@오룰루-L7,"간단하네요 우와 만들어봐야겠어용
좋은 레시피 올려주셔서 감사해유😊",1,2025-03-02
3-SjcmgxhiM,UgxjKbzUzeZAhg7i0Ap4AaABAg,@yse6205,아으 귀여워❤ 어떻게 먹어ㅠㅠㅠㅠ,2,2024-11-05
3-SjcmgxhiM,UgxezIRw1AhCVtqIl_V4AaABAg,@나는오리-u3p,"쿠키 좋아하시나봐요오
오늘도 힐링하고 갑니당❤",7,2024-10-23
3-SjcmgxhiM,Ugz6akPH7GE4X1H6Wz94AaABAg,@slesieiqie,"헐..비주얼 너무 귀여워요..😻
맛있어보이기까지..저도 나중에 만들어볼게요!!",0,2024-11-03
3-SjcmgxhiM,Ugzwv4_bNqc0-pLTQ7V4AaABAg,@shr8401,초간단  너무 쉬워서 만들기 딱 좋아요~,1,2025-11-23
3-SjcmgxhiM,UgzZfFFW-tLlTFudwxt4AaABAg,@하명주-g9q,너무 쉬워서 항상 시간도 아끼고 고맙습니당❤,1,2025-11-18
3-SjcmgxhiM,UgzarDMt1h18MHEpyKF4AaABAg,@밥늘인데,헙 너무 잘 만드세요 ㅠㅠㅠ진짜 제 최애 요리 유튜버임다❤❤항상 만드시는 것 마다 잘 만드셔서 늘 감탄해욜ㅠ 혹시 저희 학교에서 곧 할로윈 파티?같은걸 하는데 쉽고 간단하게 만드는 할로윈 간식 레시피가 있을까요?❤,0,2024-10-23
3-SjcmgxhiM,Ugx6PSbfhN0k62lSrvp4AaABAg,@두망호치,진짜천재스럽다..,1,2025-01-26
3-SjcmgxhiM,Ugxwoi6WkBYlIvmqX0R4AaABAg,@youngnike13,"처음 봤을때 와 아무리 쉬워도 이건 내가 절대 못 만든다 했는데 버터쿠키 듣자마자 갑자기 신뢰도가 올라갔어요.. 🥹 버터쿠키 장인 지현쿡님 레시피라면 나도 만들수있다!!
+ 오늘 친구집 갈때 만들어갔는데 엄청 좋아했어요..🙈",1,2024-10-23
3-SjcmgxhiM,Ugy7v4h4Ey1o9gE544J4AaABAg,@설녕_sy,헐..완전 귀여운데 만들기도 쉬워서 꼭 만들어볼께요!!😊,0,2024-12-31
3-SjcmgxhiM,UgyMts6nQzeE6Vzky994AaABAg,@연우-h3u,짱짱!!구독 슬쩍 박구 튐니더,0,2025-03-09
3-SjcmgxhiM,UgwaJY-d8SqTgQVbvGt4AaABAg,@百合子-i7p,可愛いな❤しっとりして美味しそうですね❤❤,3,2025-09-30
3-SjcmgxhiM,UgzqsQr3o5KY-wfMWGJ4AaABAg,@드로잉-pe2020,꺄양 넘 귀여워용❤ㆍ❤...,0,2024-10-23
3-SjcmgxhiM,UgxPc5BJN86-Jh_lTU14AaABAg,@해피-s2v,귀여워요❤,1,2024-10-25
3-SjcmgxhiM,UgzabUmcZxd8IK7xoLR4AaABAg,@꺄핫-n6m,미친 너무 귀여워요 오랜만에 베이킹해보겠습니다,0,2025-05-19
3-SjcmgxhiM,UgxxhfdKVAEhrnW0mO94AaABAg,@K_광주,"❤
이것도 해주세요!",1,2024-10-23
3-SjcmgxhiM,Ugwb4t1_vs_sgJ65KM54AaABAg,@Fantasy_bandi,"주말에는 이거다!!
혹시 쿠키 굽고 원래 오븐에서 꺼낸 직후에 쿠키가 말랑말랑한가요?????",0,2025-04-02
3-SjcmgxhiM,UgzJaIZb7RcBIo3DUPt4AaABAg,@Jh-0323-b1t,넘 이뻐요오😢❤  이모티콘 🥟 되나욮,4,2024-10-24
3-SjcmgxhiM,UgzYl_h1sHJXDR0S5VB4AaABAg,@쿠코몽,"혹시 버터 대신 마가린 넣어도 되나요..?
항상 잘 보고 있어요!!❤",0,2024-10-23
3-SjcmgxhiM,Ugx4tjNcRBVeeeyZJP14AaABAg,@teatimewithjasmin,너무 😂귀여워요❤,0,2024-11-21
3-SjcmgxhiM,Ugx4CViFc_f2k_hb8MR4AaABAg,@권보민-g2s,적당한 크기로 자르면 몇개 정도 나올까요? 넘 맛있어보여서 해보려구요😋,0,2025-04-10
3-SjcmgxhiM,UgyX-w4LFpItcrWRAKN4AaABAg,@Nunununununnun99,넘 귀여워용,0,2026-03-05
3-SjcmgxhiM,Ugx6Xz2dRlGynpVcPol4AaABAg,@Oshcra,할로윈겸 베이킹하고싶은데 추천해주세요옹..,0,2024-10-23
3-SjcmgxhiM,UgwG7ZZjkOpsewsJevV4AaABAg,@제갈공명7279,"왁 초 귀요미 쿠키네요 지현님! ❤❤❤
쿠키 애정하시는 지현님! 😊",0,2024-10-23
3-SjcmgxhiM,UgyPFKcWgH-7vrOgjqN4AaABAg,@Omgomg01-p8v,에어프라이로도 만들 수 있나요??😮,0,2025-05-21
3-SjcmgxhiM,Ugybcne5Q8s7FILifsF4AaABAg,@쿱따뚜-b3e,전자레인지로는 못하나요??😢,2,2024-10-31
3-SjcmgxhiM,Ugy4rEbrVATCXXu2K4Z4AaABAg,@swy2222,설탕대신 스테비아나 알룰로스 가루 넣어도 될까요??,0,2025-04-09
3-SjcmgxhiM,Ugy3MbrUKHSdGnq2S9B4AaABAg,@구름옆에구름들,에어프라이기도 될까용?😊,0,2024-11-06
3-SjcmgxhiM,UgwAslBhCgXheIB4nBV4AaABAg,@namheemoon19,두쫀쿠쿠키만들어주세요,1,2026-02-02
3-SjcmgxhiM,UgxOsEnrqbU6X_s9Dgd4AaABAg,@씅-q5v,귀여유ㅓ요 ♡,0,2025-04-11
3-SjcmgxhiM,UgwN9RYR5_J-4cfcbcd4AaABAg,@curemybrainrot,디이어트 끝나면 해먹어야지..,0,2024-11-02
3-SjcmgxhiM,UgyJ9vIiC9H1KZ193Bl4AaABAg,@루루루루루공주,오븐없이 만들수 있나요??ㅠㅜ,0,2025-07-02
3-SjcmgxhiM,Ugx6brvgbQ_DCG_J8614AaABAg,@핑쿠소녀-o2b,맛있겠당 ❤❤❤❤❤❤❤❤방탄소년단 ARMY 들과 지인들한테 나눠먹을 쿠키 만들어주고 싶은데 에어프라이어나 전자레인지 로 쉽게 만들수 있는 쿠키 알려주세요❤❤❤❤❤❤❤❤❤❤❤❤,0,2025-12-17
3-SjcmgxhiM,UgwhCwzsGc_fKcjsPRF4AaABAg,@hs1991,혹시 에어프라이어에는 몆분 구워야될까요?,0,2026-03-30
3-SjcmgxhiM,UgzwuDMOLyU4zBpkol14AaABAg,@juhee-77,저희집엔 버터가 없는데 버터 없이 만들수 있는 쿠키 알려주세요 ㅠㅠㅠㅠ,0,2025-02-27
3-SjcmgxhiM,Ugx7NDYING6FF59eusJ4AaABAg,@이재인-h8f,무염버터 대신 가염버터 넣어도 되나요?,0,2026-05-28
3-SjcmgxhiM,UgwmkGDG8dy5JibwQ814AaABAg,@johnwoo826,에어프라이어에해도되나요?,0,2025-12-02
3-SjcmgxhiM,UgyIqDXjlX_7nNG0zt94AaABAg,@bychura,"〰️ 우유푸딩 레시피

|재료|
판나코타 베이스
	•	생크림 150ml
	•	우유 100ml
	•	설탕 35g
	•	바닐라익스트랙 약간
	•	판젤라틴 4g

블루베리 소스
	•	블루베리 100g (냉동 가능)
	•	설탕 25g
	•	레몬즙 약간

| 만드는 법 |
	1.	판젤라틴은 찬물에 10분간 불려두기.
	2.	냄비에 생크림 + 우유 + 설탕 + 바닐라 넣고 60℃ 정도로 데워 설탕 녹이기. (끓이지 않음)
	3.	불 끄고 불린 젤라틴 넣어 완전히 녹임.
	4.	체에 걸러 컵에 담고 냉장 3시간 이상 굳히기.
	5.	블루베리 + 설탕 냄비에 넣고 졸이다가 레몬즙 살짝 넣어 마무리.
	6.	식힌 블루베리 소스를 우유푸딩 위에 얹어 완성.",1,2025-08-27
3-SjcmgxhiM,UgyOi-Zv-wO-qIAh2k94AaABAg,@민서-d9v,식빵틀 어디서 사셨는지 알 수 있을까여??,0,2024-10-23
3-SjcmgxhiM,UgyuvslIasUlcuKnyoh4AaABAg,@Sassysugar183-r3y,Cute 🥰!!,0,2025-02-04
3-SjcmgxhiM,Ugw_lR4VktXuhwRFujh4AaABAg,@아리걸-w5s5r,칼 정보좀요ㅠ,0,2025-02-18
3-SjcmgxhiM,UgwVbWiIZgQTuz6EoFR4AaABAg,@양손_잡이,박력분 대신 중력분 강력분 돼여?,0,2026-02-07
3-SjcmgxhiM,UgwFmnpjAoRiIydK3rJ4AaABAg,@서수향-n7k,우왕❤❤,0,2024-10-23
3-SjcmgxhiM,UgyPBw2nB21y9evTCnh4AaABAg,@히아_SIL,여러분....제가 슈가파우더인줄알고 뉴슈가를 넣었는데 괜찮을까요...?,0,2025-10-13
3-SjcmgxhiM,UgzPqFejTEEXwjnveQ94AaABAg,@냥냥이-l1i,암기빵이 여기서 생긴거였구나,0,2025-04-23
3-SjcmgxhiM,UgwtBMiIre_fUhYVV0Z4AaABAg,@그랑이_dry1,❤,0,2025-01-20
3-SjcmgxhiM,Ugyz2MZ-6cIeURyOaJp4AaABAg,@이해자퓨어바닐라,버터 조금밖에 없는데 어케하나요😢,0,2024-10-23
3-SjcmgxhiM,UgxKkgJutpjySBNsIlB4AaABAg,@그랑이_dry1,구마워요,0,2025-01-20
3-SjcmgxhiM,UgxmF2mdoXJpFz3VIt94AaABAg,@윤대웅-g8r,🍞🧈🍞,1,2025-12-12
3-SjcmgxhiM,Ugyp8yzLwGSUgcZ5BvZ4AaABAg,@현채빈-f3j,😮,0,2024-10-29
3-SjcmgxhiM,Ugw9bvLj9hyzkSvj3HZ4AaABAg,@장가-y9k,탄수화물.. 살쪄...,0,2024-12-02
3-SjcmgxhiM,UgxKADOs1zkWd3m50Gx4AaABAg,@선글라스낀_나루,암귀빤❤,0,2025-05-21
3-SjcmgxhiM,Ugy0Q7PGFbAI-Vd--HJ4AaABAg,@MEMORY-p4h,🍞🍞🍞🍞🍞🍞,0,2024-10-28
3-SjcmgxhiM,UgyB3qeEPsOfHDH6wqF4AaABAg,@pipuu2,이런젠장 또 오븐 네녀석이냐!,0,2024-10-27
3-SjcmgxhiM,Ugx9D-vB3CTfeopLNCF4AaABAg,@류희성-e9t,츄,0,2024-10-29
3-SjcmgxhiM,UgxD6llDdFXk1BPKTkR4AaABAg,@HamaJ-g1g,귀여워요 😍,0,2024-10-29
JJnnYszfMTo,UgyZvnlul1IVVcjXUup4AaABAg,@우유커플,"2탄도 오늘 9시에 올라옴✨👀 

-재료-
박력분 100g
옥수수전분 80g
설탕 8g
소금5g
카놀라유 5ml
물220ml 
후라이팬 : jaju에서삼!
초콜릿 : 노브랜드 밀크초콜릿
피스타치오 : 오넛티 (비추.. 좀 씁쓸하고 덜담 ㅠㅠ 덜단거 좋아하는분들께추천) 
단거 좋아하는분들 추천 : 마켓포레스트 피스타치오 스프레드(지금은 품절이네요 아쉽 ㅠㅠ)",103,2024-08-13
JJnnYszfMTo,Ugzu4wCNiLNbHUrVLkR4AaABAg,@도이-k1t,카다이프 몰드에 얼리고 초콜릿에 담근게 진짜 천재….,1420,2024-08-14
JJnnYszfMTo,Ugz9JK13nK7US7_CB9t4AaABAg,@Wwmwimwiwij,이게 1년전 영상이라니..최근영상인줄알았다욬ㅋㅋㅋ,146,2026-01-11
JJnnYszfMTo,UgwIvvC0rtALzwgcuaR4AaABAg,@user-chilichili,"오오 너무 잘만두셨는데?!? 카다이프면은 진짜 정성이다...나도 얼른 사먹어야지...
(아직도 못먹어본 1인)",355,2024-08-13
JJnnYszfMTo,UgyaJSz7BKR55xw0jCB4AaABAg,@챈니-u8t,넘 잘만드셨다 ㅜ,53,2024-08-13
JJnnYszfMTo,Ugx_gCXPUlo8j1oqJ7F4AaABAg,@d.ddablue4107,언니는 대체 요리도 잘 하는ㄷㅔ 김밥도 잘 싸구 두바이초콜릿도 잘 만들어… 못하는게 엄써,12,2024-08-14
JJnnYszfMTo,UgzKucGDpfET9lEYqmN4AaABAg,@seoy9128,와 진짜 정성 가득 맛있겠어요 🫢💗 집중하는 모습 넘 귀여웅..🫶🏻,14,2024-08-13
JJnnYszfMTo,Ugx7FPz6gIe2LqwOLKx4AaABAg,@wingtamin,뚝딱뚝딱 진짜 잘 만드시네요 👍🏻👍🏻,8,2024-08-13
JJnnYszfMTo,UgzllIXAuNQ-R-zSdg14AaABAg,@10승투수,참 잘했어요~이쁜이ㅋ😂,9,2024-08-13
JJnnYszfMTo,UgxavLmRWlbmGq-8Hb54AaABAg,@멸키,"ㅋㅋㅋ 진짜 이런거 1도 못하게 생겨서
잘하는게 킹받네",118,2024-08-13
JJnnYszfMTo,Ugz7dhZKaxq-He7xPMJ4AaABAg,@아람이,맛있겠다,250,2024-08-13
JJnnYszfMTo,UgxxtP2yGvG2y3-pmXp4AaABAg,@현이-t5b4w,우와 진짜 정성가득❤,5,2024-08-13
JJnnYszfMTo,Ugw8gGl0_3LfwJtEKr54AaABAg,@은혜-p7j,젊은 부부가 왜 이리 잘 사노,9,2024-08-13
JJnnYszfMTo,UgxUK1_H_YsRreaJMx14AaABAg,@qhstlr77,와 완전 👍,5,2024-08-13
JJnnYszfMTo,UgyB8YJ1RTYa4WSP6tB4AaABAg,@이룸-z1j,남푠한테 사랑받겟습니다❤,4,2024-08-13
JJnnYszfMTo,UgxMos3fYM-MTp8o53h4AaABAg,@야호-t6y,다음편이 시급하다!!!,3,2024-08-13
JJnnYszfMTo,UgwFlbm5m0SmCnGUJsZ4AaABAg,@상훈이-o9d,진짜 금손이네요~👍👍,3,2024-08-13
JJnnYszfMTo,UgxmxbRdnjmXe0kI8dt4AaABAg,@katherina_morphine,"아 언니 안경쓴거 진짜 너무 취저... ✨
오늘도 미모 레전드 갱신하다,,,,
와중에 집중할땐 입꼬리 내려간거 왤케 귀여운지 😂❤ㅋㅋㅋㅋ",1,2024-08-13
JJnnYszfMTo,UgzXIKMvEYFNZpmvD-J4AaABAg,@rudcjfl,못하는게뭐야.. 우주씌 반응 궁금하다 ㅋㅋㅋ,1,2024-08-13
JJnnYszfMTo,Ugx4ERD73p3GInc_u8Z4AaABAg,@Dyxhsbsb,ㅋㅋㅋㅋㅋㅋㅋㅋ 징짜 언니 넘 기여워요ㅠㅠ❤❤❤❤,1,2024-08-13
JJnnYszfMTo,UgwWxwaKze4AP94hEq94AaABAg,@웅-u3k,헐 짱 잘만드셧다 +_+,1,2024-08-13
JJnnYszfMTo,Ugz_Jjua9jvbJcIANjp4AaABAg,@야채11,와 금손. ..❤,1,2024-08-13
JJnnYszfMTo,UgwjweGKVboISQBuNP94AaABAg,@phewjisim,언느ㅣ.. 금손이세요 두바이쫀득쿠키도 만들어주..세요..,0,2026-01-11
JJnnYszfMTo,UgywNSw7k7Y_DyDwtql4AaABAg,@qodhxjql5998,"요리하는거 좋아하신다고 했는데 
간단한거지만 이렇게라도 볼 수 있어서 좋네요ㅎㅎ
그나저나 나도 먹어보고 싶다!",0,2024-08-20
JJnnYszfMTo,Ugz0LpkLUFIuZwjTEx54AaABAg,@이상현-i2y,왕 맛있겠당,1,2024-08-13
JJnnYszfMTo,UgyXgGoNG5zoOV3E9dx4AaABAg,@감자조림-sweet,이게지금뜨네 ㅋㅋㅋㅋ 두쫀쿠도 만들어주세요,0,2026-01-01
JJnnYszfMTo,Ugzy3DoeLisSTmBYL-F4AaABAg,@마하비엔에프,진짜 만드셨구나.. 직접 만들수 있다는걸  이영상보고 알게 됬어요.,0,2024-08-14
JJnnYszfMTo,UgzkcZ4ajChyzCUoAyt4AaABAg,@수도리요,와 손 진짜 야무지시네용 척척 하시구❤ ㅋㅋㅋ 먹어보고싶어용,0,2024-08-14
JJnnYszfMTo,UgwB4ODfrl6mtr3mn9N4AaABAg,@21세기사랑꾼,엉니안경진짜잘어울려요,0,2024-10-07
JJnnYszfMTo,UgxaUgATr_9HFiePDc14AaABAg,@에메랄드-h9l,"2탄빨리
현기증나요🥹",2,2024-08-13
JJnnYszfMTo,UgyMSQTlF0Nz7FuHLIx4AaABAg,@밤비-j2k,천재아냐,0,2026-01-14
JJnnYszfMTo,Ugy5S2J8JSM54OF1NcF4AaABAg,@지현쨍,마싯겟당,0,2026-01-11
JJnnYszfMTo,Ugwgd-NmYq1LfxzrpKt4AaABAg,@G_1-k2y,엇. 이 누님 검정 안경 쓰니 제니 느낌 나네여.. 샤넬 어울릴 페이스!!,0,2024-09-06
JJnnYszfMTo,UgzlAbIhgyibiSYKohJ4AaABAg,@501-b9t,대단하시다아...,0,2024-08-17
JJnnYszfMTo,UgxyqvzBZVxVgtG2wYh4AaABAg,@2tend,금손이시네요,0,2024-08-20
JJnnYszfMTo,UgxtRFRN40Wn9HCbpdN4AaABAg,@entp4879,수제로 5번 만들어본 사람으루 카다이프 만드시려는 분들께 팁을 드리자면 다이소에 잘라쓰는 소스통 구매하셔서 바늘로 뚫어 쓰시면 어엄청 얇게 나옵니다 !!!,11,2024-08-13
JJnnYszfMTo,Ugz1YxgZBQGanBe4oF54AaABAg,@trutheyewear,트루스 아이웨어 안경 잘 쓰고 계시군요..❤️ 착용샷 보고 저도 더숙 꺼내와서 써봤는데..왜 유진님 느낌이랑 다른거죠.....🤣,2,2024-08-14
JJnnYszfMTo,UgxOxLCeb78DhX6OueJ4AaABAg,@christmasmerry3183,금손 유진님❤,1,2024-08-13
JJnnYszfMTo,UgxSY2q6d3ZGP0odmZZ4AaABAg,@망고맛있다,귀여워..,0,2024-08-16
JJnnYszfMTo,UgzqG7looeZAVuU0xOV4AaABAg,@슈파듀바디바,진짜 금손….👍🏻오븐 몇도인지 궁금해요☺️,0,2024-08-14
JJnnYszfMTo,UgzkmEiNgzfSJKe7ekF4AaABAg,@snow27271,나는 실패 영상인가 했는데 진짜 금손이다,0,2024-08-14
JJnnYszfMTo,UgwXtail5r1mC9xA5Eh4AaABAg,@mingx_x2,와 백화점에서 산걸로 속을만 한데요?! 금손~~,0,2024-08-14
JJnnYszfMTo,UgzKTFSuTH1iV_emw_14AaABAg,@rimhapark,피스타치오 잼 부은곳에 화이트초콜릿 중탕해서 같이 넣으면 더 맛있어요! 그게 원조 두바이 초콜릿인 Fix 초콜릿에서 하는 방법입니당!,0,2024-08-13
JJnnYszfMTo,UgzuwlOMi-NnIDJPhPB4AaABAg,@user-vn1uc5hg8l,언니!!!! 티 정보 궁금혀요..😢,0,2024-08-13
JJnnYszfMTo,UgyrvyqcxUFquK_3Lnh4AaABAg,@심땅콩-h4d,카다이프면 굽는 팬 정보 궁금해용,1,2024-08-13
JJnnYszfMTo,Ugym4oQJ38p2A2_Hs-F4AaABAg,@rrrrr5059,안경 정보좀용 ㅠㅠㅠ,0,2026-01-11
JJnnYszfMTo,UgwGMTZbXRcARvuZipF4AaABAg,@bongbonglee-q2i,빠빨리 2탄 내놔여,0,2024-08-13
JJnnYszfMTo,UgwP4PmyGCD44KktC5d4AaABAg,@Truj8-d8h,안경 정보 궁금패요요!,0,2024-08-14
JJnnYszfMTo,UgxRYzCvj78JEGcloSt4AaABAg,@s룽이s,카다이프 만드는 후라이팬 오디껄까용용??,0,2026-01-11
JJnnYszfMTo,UgzYit_cNwBd3Fk_LPp4AaABAg,@user-sk8erboi,이집은 거북이가 요리도 잘하네요~,1,2024-08-13
JJnnYszfMTo,UgzkqEo_3QMVNytzI2B4AaABAg,@콩-s2w,안경 궁금해요😂😂😂,0,2024-08-15
JJnnYszfMTo,UgwgcVvpfLR8_qKdCeh4AaABAg,@hhaabbooo,제발... 속재료에 화이트초콜렛 섞어쥬세욥,0,2024-08-16
JJnnYszfMTo,UgxCGgBv_wsI82V1M8Z4AaABAg,@로희-q7z,혹시 안경 어디 제품인지 알 수 있을까요??,0,2024-09-06
JJnnYszfMTo,UgwQPshz9gzs3uBDeM54AaABAg,@난Hi,후라이팬 어디꺼래유 ~?,1,2024-08-13
JJnnYszfMTo,UgyB7YfSTt_Wr5SOxLt4AaABAg,@젤링푸딩-n1x,안경정보알수있을까욤!,0,2026-01-12
JJnnYszfMTo,UgwfST_vSAQjPu4d0IF4AaABAg,@혜연-v2z,웅니 나두죠,0,2024-08-16
JJnnYszfMTo,UgxdMB2GRXNES1ij07h4AaABAg,@Shin_seol,뭔가 상의가 로카티로 바껴야할것 같은 느낌,0,2024-08-17
JJnnYszfMTo,UgwjY9hZkeE12FRS0Xh4AaABAg,@김요한-u3m,우와 저렇게 빅잡 만드신거구만,0,2024-08-14
JJnnYszfMTo,Ugw9IK1zw3N6N4vUwOJ4AaABAg,@슉슉-u5w,기름둘러야돼요?,0,2025-12-27
JJnnYszfMTo,UgwkJ59kjT4mFTR_zjF4AaABAg,@bbungtwigi,언니 저 대구사는데 나중에 파시면 말해주셔라,0,2024-08-13
JJnnYszfMTo,UgzyEiNMvQql3SW9Yt54AaABAg,@쭈얌-w3k,볼매❤,0,2024-08-15
JJnnYszfMTo,UgyBI2Mm4JQc--b5R8Z4AaABAg,@Sako1899,Как вкусно и аппетитно выглядит 😍🫶🏻,0,2024-08-13
JJnnYszfMTo,UgxdbK0k-WWle08nd554AaABAg,@간다이-m7f,김천??,0,2024-08-13
JJnnYszfMTo,UgzWhvWjtN_aur5UjSR4AaABAg,@xx-wl2ek,안경정보좀여!,0,2024-08-14
JJnnYszfMTo,UgweJ48JCb86hyzjdeV4AaABAg,@젤리붑붑,"최근인줄알고 ㅋㅋㅋ아기 돌보먀 어케만들었지햇는데
1년전이궁요 ㅋㅋ",1,2026-01-14
JJnnYszfMTo,UgztRocdTIl3YXRkopJ4AaABAg,@tep117,흰 티 정보 알고 싶엉요...,0,2024-08-16
JJnnYszfMTo,UgxMKCEv0Hl2Nq7pZL54AaABAg,@jkjk137-h4r,1빠!!!,2,2024-08-13
JJnnYszfMTo,UgzwvlEsTrrtNseUwip4AaABAg,@ParkJiSung_13,구독자이벤트로 뿌려주세요 ㅎ,2,2024-08-14
JJnnYszfMTo,UgxBPcgPPWMAEzQ23114AaABAg,@victoriajeong1673,저기..후라이펜..정보 아시는분..,0,2024-08-15
JJnnYszfMTo,UgyjsVuh0T1yunfyn-B4AaABAg,@최은지-w2v8b,감쪽 같아요,0,2026-01-11
JJnnYszfMTo,UgwUmx6dSGurpjgi9H54AaABAg,@호호잇-u4q,김건희 닮았어용,1,2024-08-17
JJnnYszfMTo,UgxbrhDCVjnuckwyRtV4AaABAg,@포도-v5n,쓸데없는짓 구경😂,0,2024-08-17
JJnnYszfMTo,UgzbndeJRzHIaqlJ-3N4AaABAg,@슈이키-y6g,귀여운 바보가 아니였어..,1,2024-08-13
sPeEcFdaD0M,Ugy2ZiWy7df2syG_MXB4AaABAg,@LudaTable,🎁화면 제목 위에 제품 보기를 클릭하시면 영상에서 사용한 제품 정보를 보실 수 있습니다. 시청해 주셔서 감사합니다🙏😊❤️,148,2024-07-16
sPeEcFdaD0M,UgwxFemSJ5Pr1pfigoh4AaABAg,@tv-qi8bq,"안녕하세요, 저는 도덕 수업 과제로 선플 달기 챌린지에 참여하게 된 봉은중학교 2학년입니다.간단한 재료로 이렇게 맛있는 요리를 만들 수 있다니 놀랍습니다.바쁜 아침에도 쉽게 따라 할 수 있을 것 같습니다. 좋은 레시피 감사합니다.이 영상을 통해 일상 속에서 건강하고 간편한 식사를 준비하는 방법을 배울 수 있었습니다. 특히 두부와 계란이라는 친숙한 재료로 새로운 요리를 시도해보는 것이 흥미로웠어요. 앞으로도 이런 유익한 콘텐츠를 통해 다양한 요리법을 익혀보고 싶습니다.앞으로도 좋은 영상과 활동 부탁드립니다. 감사합니다..",552,2025-04-18
sPeEcFdaD0M,UgyNnlE6YVHyNfdgNhh4AaABAg,@케렌시아-l5h,"오~~~~두부!!
계란찜 많이 해먹는데 두부는 생각 못해봤네요ᆢ바로 도전!!",1259,2024-02-15
sPeEcFdaD0M,UgzOn1GPJjbbfR-xE-N4AaABAg,@jbdc16d1f8,"달걀찜에 두부 추가한거네요
영양가가 더 풍부해서 식사 대용으로 먹어도 좋을듯 싶습니다",2802,2024-02-16
sPeEcFdaD0M,UgwzGCZVISA_m5NonGN4AaABAg,@jjung-v6u,"우와~~이거 정말 너무 간단하면서도
영양도 채우는 최고의 음식인데요~
우리가족 건강과 다이어트를 위해 바로 만들어 먹겠습니다^^~
좋은 정보 감사합니다^^~🎉🎉🎉🎉🎉",157,2024-03-16
sPeEcFdaD0M,UgzpUlaTgzNjPwXpvFp4AaABAg,@cheerup2480,계란찜에 팽이버섯 썰어 넣어도 맛있어요ㅎㅎ 식감이 재밌음,746,2024-02-27
sPeEcFdaD0M,UgzPwKps-lWbgeem-gx4AaABAg,@신-u5x,"순두부를 사용하면
계란찜 양 늘리기도 됩니다",1147,2024-02-15
sPeEcFdaD0M,UgzHm9d4tikJv3pqALd4AaABAg,@이소원-v9j,"화면 윗쪽에 
과정을 써주니 
보기에 아주 좋네요👍👍",217,2024-02-24
sPeEcFdaD0M,Ugwr808Ycm534eRp9KJ4AaABAg,@이경화-v3y,"해먹어 봐야겟어요~
재료도 간단하고 😂😅",75,2024-02-14
sPeEcFdaD0M,UgxuvcpP9ECi3SztH7R4AaABAg,@사랑의메신저-y5y,"해먹었는데 영양도 맛도 완전 👍 
재료에 양파 추가하니 더 맛있어요😊",42,2024-03-26
sPeEcFdaD0M,UgyPxW8scnIPm99OfEt4AaABAg,@친절한마사,"위생 합격
비쥬얼 합격
음악도 묘하게 잘 어울립니다ㅋㅋ
영상 잘 보고 갑니다~",167,2024-03-11
sPeEcFdaD0M,Ugwa9F43ElolakDXeeF4AaABAg,@hs-hq4os,건강식으로 좋으네요 엄지 척 ❤,29,2024-05-01
sPeEcFdaD0M,UgzZDp-nRDe9ZVeh8mN4AaABAg,@강푸른-v5t,"영양만점 맛도만점
초간단요리 좋아요~
꼭 해 먹어봐야겠어요.
감사해요~음악도 좋아요👍",100,2024-02-15
sPeEcFdaD0M,UgyZV8I-u2qzd8tthGB4AaABAg,@쏘니짱-l5w,"맛있겠어요  내일 당장 만들어 먹어야겠어요
살빠지고 건강해지고 ㅎ
감사합니다^^❤",15,2024-04-04
sPeEcFdaD0M,UgzeoR99VRtHxj-dV5N4AaABAg,@잘될고야,이건진짜 건강굿 간편  😊😊굿굿굿,32,2024-02-14
sPeEcFdaD0M,UgyPnq8xpD6-MFnoJg94AaABAg,@Hani하니-i9o,맛과영양 다이어트까지~~이건 무조건 해먹어봐야겠어요👍👍👍,18,2024-06-20
sPeEcFdaD0M,UgwafxbawWkooGorJAh4AaABAg,@Chaeyingubbang,순두부 넣으면 더 맛있고 부드러움~ 계란찜 느낌,224,2024-02-24
sPeEcFdaD0M,Ugwp7sEIgY4MLACggw14AaABAg,@오드리의주방,"칼 자르는 솜씨가 너무 좋은데요. 잘보고 배워가요.
😊😊",16,2024-02-22
sPeEcFdaD0M,Ugz_-Tx_K8AFkWpb7fF4AaABAg,@2024빙고,모짜렐라 넣어서 해먹어야지😊영상 편집도 최고예요!,15,2024-02-27
sPeEcFdaD0M,UgxlShZflC9YTQmcagJ4AaABAg,@깐이마또까-n3j,음식하는 소리가 좋게들리네요 기분좋은 소음,52,2024-05-09
sPeEcFdaD0M,UgxF3Ukh8nl5PO23HFJ4AaABAg,@하후호진,우오ㅏ 생각지도 못했는데 너무 좋네요 좋은레시피 너무 감사해요,12,2024-02-25
sPeEcFdaD0M,Ugxtdi5M6WQxTucDRYR4AaABAg,@Singlescook솔로밥상,맛있게 쉽게 만들었네ㅛ.계란짐처럼 저도 따라해보겠습니다.,12,2024-07-21
sPeEcFdaD0M,UgyUIhagf08XXu0laRZ4AaABAg,@OKE-rk9rd,간단한 최고의 영양식 인듯 당장 해먹구 싶네요 👍,11,2024-05-10
sPeEcFdaD0M,UgyKej55rDQ8tsVGsSp4AaABAg,@손일석-p5v,와 진짜 아이디어네요~~요리 똥손이지만 한번 도전해봐야겠어요! 그런데 혹시 참치액젓 말고 다른것으로 뭐가 좋을까요?,3,2025-10-30
sPeEcFdaD0M,UgxcgEEKx4ic98ieKM14AaABAg,@loneyAnyu,"썸낼보고 사각형  치즈에 망고소스 뿌린줄 .. 오늘 롯데월드에서 , ,, ,, , 망고 빙수 먹어서 그른가",2,2024-03-16
sPeEcFdaD0M,Ugyt0sGodiaSkyEyQHB4AaABAg,@힐링스마일,"정말 맛나겠네요 
최고 입니다 
❤❤❤❤❤",7,2024-03-15
sPeEcFdaD0M,Ugw6SzUUAiH1X9r3Y4B4AaABAg,@햇님달님-q7b,음식하는 소리가 넘 좋아요!!!힐링❤,35,2024-02-19
sPeEcFdaD0M,UgyGUDk1GJDXoCYPy-94AaABAg,@tv-wb8ik,"오~좋아요   정말 굿 이네요^^
감사합니다 ❤😊",4,2024-04-30
sPeEcFdaD0M,Ugzt0cRGWUbUaon3wAt4AaABAg,@까비-y4j,이야 이거 고단백이다,66,2024-03-11
sPeEcFdaD0M,Ugy52-TNOlf27A_I_MV4AaABAg,@조혜숙이창환tv월목,당장해먹어야 겠네요   감사합니다 👍👍👍👍👍,6,2024-02-21
sPeEcFdaD0M,UgxvL5xQTgxLF6tGo6d4AaABAg,@이옥자-u2i,"약간의 쌀 가루가 추가되면 
더 훌륭하겠네요~~♡",12,2024-02-20
sPeEcFdaD0M,UgwAC7j0BSnE4MKQH9F4AaABAg,@발발-o5e,오!!!! 감사합니다 너무 좋은데요?? 가성비도 좋고ㅜㅜ쵝오,6,2024-02-26
sPeEcFdaD0M,Ugz6wgXtyNCyFUKjXmJ4AaABAg,@도전-jsp,계란찜기가 예뻐서 정보 있나 댓글 창 둘러 보는 1인 ㅋ,5,2024-03-11
sPeEcFdaD0M,Ugzk-uisjkE8jMy6eFZ4AaABAg,@user-botong,겁나 맛있겠어요  ㅋㅋ,9,2024-02-16
sPeEcFdaD0M,UgxRqKVSHWDpPrGrODJ4AaABAg,@ESSE.ICE.1MG.,"저는 평소에 두부를 으깨서 계란에 풀어서 찜을 하는데 부드럽고 좋아요  
간식으로도 좋고요",7,2024-03-12
sPeEcFdaD0M,UgxnOa3AlVBOsbcQIpN4AaABAg,@ding2mom,계란 참치액젓 소금이랑 저 그릇까지 똑같은데  두부 넣을 생각은 못해봤네요!  다음주에 해봐야겟어요! ^^,7,2024-02-24
sPeEcFdaD0M,Ugw0la6_fXA1Lg41Bx94AaABAg,@짱배여사,"영양가득? 영양만점?포만감 가득? 맛 만땅?😂😂😂😂😂
건강음식 맛있게 드시고 건강하시길 바랍니다 ❤😂❤3종셋트 선물 드려요 ❤❤😂
제게도 주심 감사 감사...❤❤
좋은 시간 되시와요 ❤❤😂",2,2024-07-14
sPeEcFdaD0M,UgypWOoNGwYTrnRmpCl4AaABAg,@CR-dt7og,와 이렇게 맛있어 보이는 계란찜 처음봅니다!,5,2024-02-25
sPeEcFdaD0M,UgxiHpcJrtRCr4Fu-x14AaABAg,@주진영-o3w,계란찜 만드는데 이처럼 여러 종류의 소리를  들으면서 보니 더욱 먹음직 하여 저도 당장 배운대로 해보고 싶은 마음이 드네요 😍,2,2024-05-16
sPeEcFdaD0M,UgxAAs6HzrqUNtEek5N4AaABAg,@nouvel1789,오!! 좋은 요리꿀팁 감사해요!! 바로 따라해볼께요!! 감사합니다!!🎉🎉🎉🎉,4,2024-03-11
sPeEcFdaD0M,Ugx6lfJjuhCsNdpwrll4AaABAg,@일프로-j7v,레시피대로 했는데 생각보다 너무 맛있네요.,9,2024-02-20
sPeEcFdaD0M,Ugz6wKQWyfcUdVxeV6Z4AaABAg,@사피니아-p3m,👍⚘️ 탄수화물 밥 금식 😅😅😅 계란 두부 시작해야지 ㅎ,3,2024-07-15
sPeEcFdaD0M,Ugzq8-QizMVm8OF1Q754AaABAg,@gourH,오 좋은 방법♡너무 깔끔해보이고 맛있겠어요,2,2024-02-23
sPeEcFdaD0M,UgzslrR65ducjEXlf6l4AaABAg,@이은희-t8g,밥 반찬인데요. 요거.🤣🤣🤣🤣🤣,7,2024-02-15
sPeEcFdaD0M,UgzGAc50TkydzLayoF14AaABAg,@인선김-c5k,맛있겠네요     배위야됩니다,3,2025-10-22
sPeEcFdaD0M,UgyxcVE74qAVi_0PZBJ4AaABAg,@kyuho0428,마침 집에 재료가 있고 저녁시간까지 얼마남지 않았는데 배가 고파서 해먹어봤어요. 당근은 귀찮아서 뺐고 나머지는 그대로 했어요. 양이 많아서 한끼식사로 충분하다못해 넘치고요... 맛있어요. 종종 두부 남으면 이렇게 한끼 떼울듯. 다만 뭔가 간이 삼삼해서 양념간장 한숟갈씩하면 모자랄듯해요. 저는 애초에 물2 간장2 참기름1 해서 만들어서 계속 뿌리면서 먹었어요.,3,2024-07-16
sPeEcFdaD0M,UgxS82m9dse6zFyI7P54AaABAg,@gyongsunyeetv,아. 좋아요. 굿 잘배우고 갑니다,2,2024-02-21
sPeEcFdaD0M,Ugxl3uoQXo3y_PvRlBh4AaABAg,@토끼소녀-o2y,오! 이렇게 계란찜 해먹으면 괜찮겠네요! 다음에는 이렇게 해서 먹을게요!! 😆,3,2024-03-17
sPeEcFdaD0M,UgwNqUvlO0Af_2of8Bt4AaABAg,@healing-me,전문가의 요리하는 칼질은 언제봐도 즐겁네요. 저도 그렇게 해봤는데 고춧가루를 넣으면 색이 더 이뻐보였어요.,0,2024-05-15
sPeEcFdaD0M,Ugz9aVjaxu-IFWnaGLB4AaABAg,@샘물-f6u,완전 좋아요👍❤️,3,2024-02-20
sPeEcFdaD0M,UgxDMmotkaDnKiOfbZl4AaABAg,@hi-dx8jb,레시피 넘 좋아요. 덕분에 맛있게 먹었습니다~!!👍🏻👍🏻👍🏻,0,2024-07-19
sPeEcFdaD0M,UgxICbZBiZNS-E8xJc94AaABAg,@박명희-k4d8f,잘배워써요😊😊😊❤❤❤,3,2024-02-21
sPeEcFdaD0M,UgzanlJ6FmZaijt9g2d4AaABAg,@Yubiell_ATM,식사대용으로도 간단해보이고 맛도 환상적일것 같아요!저도 전자렌지에 계란찜 자주해먹는데 반가운 영상이네요!오늘도 좋은 영상 올려주셔서 감사합니다😊❤좋은 밤 되세요🌃,0,2024-08-07
sPeEcFdaD0M,UgzWCdjkSoXDlUFJ1dV4AaABAg,@홍시야옹-u4z,두부 으깨서 넣으면 더 부드럽게먹기 좋아요^^,77,2024-02-20
sPeEcFdaD0M,UgwZgcgSs12VOsaZVWB4AaABAg,@서선아,오우 굿!  식사 대용으로 건강식이네요. 다이어트까지 ~~,1,2024-02-20
sPeEcFdaD0M,Ugw68uf7CRC1TlYD3Mx4AaABAg,@공감-f4v,해먹어 봐야겠어요 ㅎㅎ,3,2024-03-14
sPeEcFdaD0M,Ugzeuo5tgMi_U5aetOp4AaABAg,@최동혁-u6c,두부계란찜.오오..신선하군요 잘 보고갑니다. 정말 맛있어보이는군요.,0,2024-03-14
sPeEcFdaD0M,UgwcYKuyehtXsjvqavl4AaABAg,@mlktss245,다이어트 중에 너무 라면이 먹고싶어서 면 대신 으깬 두부를 넣고 먹었어요. 전혀 나쁘지 않았고 다소 건강하게 라면에 대한 식욕도 해소할 수 있어서 좋았어요,25,2024-05-06
sPeEcFdaD0M,UgzXHkh8fJ5XBwppzQp4AaABAg,@박정희미소천사,❤ 영양식사 잘 배웠습니다 파이팅 최고 👍 ❤,1,2026-03-18
sPeEcFdaD0M,UgwBIBZoxvXLhCH9g2R4AaABAg,@brianna123-Y,간편 요리에 영양을 더하여 완성도를 이루다!,5,2024-02-18
sPeEcFdaD0M,UgzCqj8n1h0S0fTNPX94AaABAg,@chicmimi-i3s,"너무너무 음식을 맛깔나게
잘 하십니다 사랑합니다 
❤❤❤❤❤❤",0,2024-05-11
sPeEcFdaD0M,Ugzj3oXdsov58AUIrg94AaABAg,@여미마-i8w,"와 영양만점 좋아요~~^^
이런간단하면서도 맛있는 음식 계속 화이팅😂❤",9,2024-02-17
sPeEcFdaD0M,UgykWYfSDFZEr-P13o54AaABAg,@힐링톡톡이,잘배워갑니다~ 단백질왕이다~완전 좋다~해봐야겠어요~ 잘봤습니다~,0,2025-02-14
sPeEcFdaD0M,UgzTjlRqoqaf9NB3vrl4AaABAg,@준건현,"🎉공유했어요
참치 액젓 없면 멸치 액젓등등
눈으로 먹지 않겠다면 당근 
붉은 고추는 는 생략해도
되겠음 있는거만 넣고도
충분히 맛있을든요
다욧으로도 좋겠어요
정말 쉽지 말입니다
감사합니다🎉",1,2024-05-05
sPeEcFdaD0M,UgxHnD0pauDJpwbqpbx4AaABAg,@innerpeace_life,"그릇은
도자기 재질인가요?",4,2024-02-19
sPeEcFdaD0M,Ugwz9cpa_buk_aUUw-R4AaABAg,@아_살빼고싶다,"계란, 두부 진짜 좋아하는데 이렇게 해봐야겠네요.. 칼질 부럽네유 ㅎㅎ",1,2025-02-25
sPeEcFdaD0M,Ugwbbco5TWZrFKqbxWB4AaABAg,@KANG민정,용기 어서 구매하나요?,5,2024-02-18
sPeEcFdaD0M,UgxRaNe98A-89HXsECp4AaABAg,@Shindj-s9o,"신기방기  아이디어 찐 최고 건강도 최고
감사해요",0,2024-05-06
sPeEcFdaD0M,Ugw2gE71mPZHdePd5bh4AaABAg,@Jesus-freedom,청양고추까지 넣으면 더 맛있어요.,20,2024-03-12
sPeEcFdaD0M,Ugyjo2NXMxETdrg0vwN4AaABAg,@HorangHana,저도 비슷하게 먹어요! 계란 풀고 두부넣고 거품기로 누르면서 부숴서 냉동 야채 믹스 넣고 렌지 돌려서 대~충 먹어도 괜찮드라구요,1,2024-09-12
sPeEcFdaD0M,Ugzcm4pjeZMRdyiFhVp4AaABAg,@시크한겸둥이,오~지금 다욧중인데 배고파 잠을 못자고 있는데 내일 꼭 해먹어봐야겠네요~👍,7,2024-03-18
sPeEcFdaD0M,UgwGlpowd8I55usoNZV4AaABAg,@ryu7006,"레시피영상 최고네요
자막과 배경음악만으로 정확한 정보전달❤",0,2024-07-25
sPeEcFdaD0M,UgweYi6W8Fceg7kWK7N4AaABAg,@loveOFmafia-c6t,"오뚜기 크림,옥수수,야채,소고기 스프에 계란 풀어서 찜만들면 천상의 맛입니다.",86,2024-03-17
sPeEcFdaD0M,Ugw87KQhwVyNhLz_0zx4AaABAg,@Jaeseok-You,영상퀄리티도 너무 좋고 소리도 너무 좋고 보면 기분좋아져요! 감사합니다 구독합니당❤,0,2024-02-27
sPeEcFdaD0M,UgxE6TZCkSUdH62DBrl4AaABAg,@newyorkking6206,ㅇㅈ👍,3,2024-02-14
sPeEcFdaD0M,Ugyp1mdZiykQqjXCcuB4AaABAg,@희희-o8j,오늘 해먹었는데 정말 맛있네요.. 참치액을 넣으니까 간도 딱 되고 좋아요. 잘먹었습니다~!,0,2026-06-06
sPeEcFdaD0M,Ugwpl2R2C9tgupQKKEd4AaABAg,@최은희-c2v,시어머니 건강식으로 도전 해볼만???!!!일상을 살아갈수 있게 기운을 주세요!!!우울증과 싸울수 있는 용기을 주세요!!!,26,2024-02-25
sPeEcFdaD0M,UgykkNTVGJe46tx2kOB4AaABAg,@성이름-m7h9s,영상도 군더더기없이 깔끔하고 소리도 넘 좋네용,0,2024-05-14
sPeEcFdaD0M,UgwzsUCwD9uKkO2jFkJ4AaABAg,@가위-x2g,죄송한데 칼 정보좀 알수 있을까요?,5,2024-02-17
sPeEcFdaD0M,UgwdTdjHIOAV_fEcCL94AaABAg,@ru_berry,유와 영양만점 다이어트 음식이네요! 내일 아침메뉴로 먹어봐야겠어요❤,0,2024-05-07
sPeEcFdaD0M,UgwtMbTeEsP9ZZrGdzt4AaABAg,@보나-d9v,찬미예수님🎉❤감사해요 아멘🙆‍♀️🙏,2,2024-06-14
sPeEcFdaD0M,UgxEQ8snl9WsHsJwq314AaABAg,@mili4233,"요리가 예뻐요
그래서
더
맛있겠어요~

지금 냉장고로갑니다

빨리빨리만들어먹어야겠어요^^",0,2025-01-14
sPeEcFdaD0M,UgyQHGtFzI9mADTFDNl4AaABAg,@엘리-n3d,찜기 브랜드 알수 있나요,3,2024-02-18
sPeEcFdaD0M,Ugwc3VF5FfVRECaqOHl4AaABAg,@MyoungHwa-wl1dp,맛있어 보여요 만들어 봐야겠네요 영상 감사합니당 😊,0,2024-09-02
sPeEcFdaD0M,UgwKKpQuv462tUgm8nF4AaABAg,@jaeoki7814,계란찜용기 정보 궁금해요🙏🏻🙏🏻,13,2024-02-27
sPeEcFdaD0M,UgzirXTXyIeSWECbAdx4AaABAg,@먕춘기의요리편지,두부계란찜이네요 !!!!! 퐁실퐁실하니 너무 먹고싶게 생겼어요! 단백질 최고 ..💗,0,2026-06-01
sPeEcFdaD0M,UgzpoP3SgW3y6_xutiF4AaABAg,@hjinlee4081,"저양에 액젓이 1스푼에 소금까지 추가면..
소금소태일듯...",4,2024-02-19
sPeEcFdaD0M,Ugz66-T--C3hJP6uGGZ4AaABAg,@남명숙일상,"안녕하세요
반갑습니다
구독 하고
응원하고
좋아요 
행복 하세요
😅😅😅😅😅",1,2024-05-14
sPeEcFdaD0M,UgywppPwb7DtAD8OhfV4AaABAg,@하연-b5h4q,용기정보점요~,7,2024-02-14
sPeEcFdaD0M,UgwgkYPJQxQz1T_iQyh4AaABAg,@Likeyb,자취생시절  배부릴 계란찜먹고싶은데  순두부넣어서 자주해먹었는데..  지금이야 두부좋아하니  맛있게 먹었지만 ㅋ 그시절은 그냥  배불리 먹고싶었을뿐 ㅎ,0,2024-05-15
sPeEcFdaD0M,UgyQWQ-gAn9E-pBLYsV4AaABAg,@crystalkim4550,도자기그릇 어디거예요 ?,15,2024-02-14
sPeEcFdaD0M,Ugyk9ZUoA-mglQLQm5V4AaABAg,@jameschin4471,wow I know how to make it on ur video 😊😊😊 very long time ago I see it on website it very easy to make it it was so good 😊😊,2,2024-03-06
sPeEcFdaD0M,Ugz63-EGXulXDMz1Glx4AaABAg,@hee967,참치액젓 보다 새우젓을 넣어 보세요😅,4,2024-02-21
sPeEcFdaD0M,UgwqPEmUVaNYmYzqNR94AaABAg,@damso57,"저도 따라 해봐야겠어요
레시피 감사합니다
맛나보이네요~!^^",0,2026-02-15
sPeEcFdaD0M,UgwPrNcDKiPmpCUKWw94AaABAg,@kimnamcho1142,"Doobu, not tofu",3,2024-05-18
sPeEcFdaD0M,UgyirWtyzfjHk281x2V4AaABAg,@김경주-z9x,맛나겠어요,1,2026-03-05
sPeEcFdaD0M,UgzSjwMepFQUtLMbxwh4AaABAg,@byoo808,"아침 대용으로 좋을 것 같아요!
미리 썰어두고 아침에 다 넣고 섞어서 전자레인지에 딱 돌려먹으면 따뜻하고 간편한 아침식사로 속 든든히 외출 가능하겠네요",2,2024-03-10
sPeEcFdaD0M,UgxtG4E1KkQnwmicPqV4AaABAg,@leesangbin,훌륭하십니다.❤️,2,2024-08-22
sPeEcFdaD0M,Ugzw_qT_2Tfjf9hPb7d4AaABAg,@스타-q4g,"똑같은 그릇이 있어서 바로 해먹었는데 간단하고 짱이네욧!
참치액젓이 없어서 멸치액젓넣고 다하고 참기름만 넣어도 맛있어요😊",0,2025-02-27
sPeEcFdaD0M,UgxHTGUOG8I20tcb_5d4AaABAg,@TrutherHidden,"저도 간단한걸 좋아해서 전자레인지로 간단한 음식 자주 해먹는데요 제가 해먹는 방법하고 비슷하네요

저는 저기에 칵테일 새우나 그때 그때 맞게
단백질 또는 원하는 토핑 추가해서 먹습니다

개인적으로는 단백질이 들어가야 고소한 맛이 증가하더라구요 

추가로 팁을 드리자면 물대신 우유를 넣어보세요 더 부드러운 계란찜이 완성됩니다",1,2024-04-29
NPyg88Oc2kY,UgwUE01urMontMbfRVh4AaABAg,@chuchu_cook,"ㅡ두부조림 레시피ㅡ
두부 1모(500g)_큰것
ㅡ
양파 1/4개(70g)
대파 1쪽(35g)
청양고추 1개
홍고추 1개
ㅡ
진간장 3스푼
미림 2스푼
참치액 1.5스푼
설탕 1스푼
고춧가루 2스푼
다진마늘 1스푼
후추 톡톡에다가
물 반컵(90ml)
깨
ㅡㅡㅡㅡㅡㅡㅡㅡㅡㅡㅡㅡ
계량
1스푼 = 10ml = 밥수저
1컵 = 180ml = 종이컵",437,2025-02-17
NPyg88Oc2kY,Ugx6y-aSNK9ZSWGNbUJ4AaABAg,@메이제이-u7p,"정확한 중량을 맞추는법!ㅋㅋㅋ
나머지는 먹어버린다ㅋㅋㅋ",104,2025-02-17
NPyg88Oc2kY,Ugx4i9JbJ7NKDA2UVnN4AaABAg,@사랑함-z5p,요즘 이분 요리에 푹 빠졌어~,131,2025-02-17
NPyg88Oc2kY,UgyUGDAxsiFpNUlHfaN4AaABAg,@여이병예,"요리를 맛깔스럽게
귀엽게 하시니 이 노인네가 흐믓하게 배우네요",84,2025-02-17
NPyg88Oc2kY,UgxOf-bMk4axRh_HrHJ4AaABAg,@덤보-e3k,추추님 유튜브 보고 5가지 만들어 봤는데요. 다른 유튜버들 레시피는 간이 좀 짜고 강한데 추추님 레시피는 딱 적당하게 집밥처럼 맛있어서 계속 도전하게 돼요. 두부조림도 도전~!,40,2025-02-17
NPyg88Oc2kY,Ugz0_pe9ZxbPdSV4Twd4AaABAg,@노말복,"청년 이 요리도 잘하네요
맛나겠다",87,2025-02-18
NPyg88Oc2kY,UgyPJZv6b3M7CrMJRah4AaABAg,@이민훈-j7u,"부모님 든든하시겠어요
너무 멋진청년",161,2025-02-18
NPyg88Oc2kY,UgzFwgvo4s25g6NsP394AaABAg,@수선화-o3g,"남은것 냠냠ㅎㅎ
늘 잘보고 맛나게
해서 잘먹는답니다
나도냠냠~^^^😊
감사드려요 🫠",38,2025-04-24
NPyg88Oc2kY,UgxmacYQpsYfR4VaMkx4AaABAg,@야로-jiY,"아니 왜이렇겨 귀여운거야
요리 잘하는건 기본이고
어딜가나 이쁨 받을 완전 호감형이다",39,2025-05-16
NPyg88Oc2kY,Ugyydm0X7PaYGnWtkCp4AaABAg,@seungyunkang2471,"내일  바로 해볼려구요.
아들 걑은분이 어쩜  요리를 잘 하시는지..
부러워요😊😊😊",31,2025-02-17
NPyg88Oc2kY,UgxYauycm8AW-2yr22V4AaABAg,@풀꽃반지-s3h,"두부조림 맛나겠어요
무슨 요리든 척척 눈으로
보니 행복이가득 만들어
봐야지요 먹고싶어 침이 꼴깍",26,2025-02-17
NPyg88Oc2kY,Ugwh-GfKRs7mmKIIqsh4AaABAg,@朴善慶,"설탕않넣어도 양파등으로 충분히 맛있어요
더 건강합시다",49,2025-02-19
NPyg88Oc2kY,Ugw1C6AZKM-rHFXM9494AaABAg,@movemove-z1q,ㅋㅋㅋ 신랑이 이 집에서 또 시키래요~제가 했다고 하니 안믿어서 또 몰래 이 채널보고 하고 있어요 ㅎㅎㅎㅎㅎ,23,2025-10-13
NPyg88Oc2kY,Ugx-spGCy42oIDGcjxJ4AaABAg,@user-abracadabra75,"저는 양념장 그릇 볼 때마다 정겹고 추억이 돋아요. 저희 오매 집에도 있는데, 제가 초딩 때부터 있었어요. 한 30년은 넘은 것 같아요.
흥하세요. 늘 응원합니다. 화이팅입니다!",11,2025-05-28
NPyg88Oc2kY,Ugxg56AHU13_VKF9NTN4AaABAg,@리라임-u1j,"언제나
명랑한 청년
얼굴도 귀엽구
요리도 귀엽게 맛나게
아~~~쥬 잘혀규
아주 멋져 부려유👍👍👍",69,2025-04-26
NPyg88Oc2kY,UgwE-f6TCr2yQ_-ANgV4AaABAg,@김영숙-b7q,멋지고 잘생기고 귀엽고 장난 꾸러기 같은 청년이 요리까지   최고.  🦢😂🤣🤣🤣🌼🌺🌾🐦🪺🐸👍🏻👍🏻👍🏻👍🏻👍🏻👍🏻👍🏻👍🏻,13,2025-11-16
NPyg88Oc2kY,UgwDY_WMvQ9V5RFfnR54AaABAg,@재희-d6s,어느집아들인지 부럽네요 ㅎ 반했어요 ^^,35,2025-03-14
NPyg88Oc2kY,UgxG6cyYXMOblZkAQ794AaABAg,@영란-f4z,"두부조림을 정말  맛나게 하시네요^^
이렇게 하면 맛있겠어요~😊",9,2025-02-18
NPyg88Oc2kY,UgzKSy51KNPL7KqdV_l4AaABAg,@수엘-x9p,"요리는 즐거워 !
그런 표정 너무 행복한 밥상",13,2025-04-27
NPyg88Oc2kY,Ugw2sZ55-9qPCax8r4p4AaABAg,@봄봄-o8x8s,국민 사윗감  오늘도 잘 봤어요^^,97,2025-02-18
NPyg88Oc2kY,UgwUnWsD7z9gVldH3K14AaABAg,@nam-z7w,볼때마다 귀여워서 좋아요 누름.,16,2025-05-04
NPyg88Oc2kY,UgxWQvkvszzRvpWDWUZ4AaABAg,@hyunjuan7419,최근 요리 유튜버 중 제일 간단하고 제일 편안하고 유쾌함^^,40,2025-05-02
NPyg88Oc2kY,UgyqyIlbfZu9xB5TSdF4AaABAg,@user-vb4ik8yk9y,"이거 진짜 너~~~~무 맛있었어요.^^
아무거나 잘 안먹는 큰아이가 먹어본 두부조림 중 젤 맛있다고 해요. 레전드로 입맛 까다로운 둘째도 몇개는 먹더라구요 .
최소한의 양념과 재료로 최대로 맛있는 음식이 완성되서 요즘 행복합니다. 
솜씨와 재능 나누어주셔서 감사합니다 ❤❤❤",8,2025-07-03
NPyg88Oc2kY,UgyMp2TPV9lVghKi94l4AaABAg,@임미영-k7w,진짜 짱입니다 레시피 좋아요 무생채 짱맛있었 습니다 ^^,12,2025-02-19
NPyg88Oc2kY,UgwtrkvR22nBXEtTH454AaABAg,@moon-cb2hu,셰프님   두부조림  맛있겄어요  그자리에서  혼자 다드신건  아니겠죠?😊😊😊잘봤습니다  행복하세요❤❤❤❤❤,14,2025-02-17
NPyg88Oc2kY,Ugxp1KHzIwi4bFU51fB4AaABAg,@hehhsh28,"뭔 늠의 두부가 이리 맛있다냐~
오늘 저녁 두부조림으로~~~
육십 중반 아줌니가
오늘 반찬 뭐할까라는 고민은
없어졌답니다
이쁜 청년 추추님 
늘 감사해요~^^",7,2025-02-17
NPyg88Oc2kY,UgzLTRS4MJ5TgUpLmPZ4AaABAg,@KJV8800,"지난번에도 해먹고 오늘또 해먹었네요 남편이 넘 맛있대요
담에 또 해맬까봐 오늘 구독완료",5,2025-06-05
NPyg88Oc2kY,Ugz_tMl3Vb6zaj-YoJl4AaABAg,@성미양-m1i,"쒜프님두조림정말맛나
겠내요영상감사합,
👍👍🎉❤",8,2025-02-19
NPyg88Oc2kY,UgxM9NW05zu8szoAz494AaABAg,@정인이-h3f,쉐프님 두부 이고 오는게 귀엽습니다😂😂😂,61,2025-02-18
NPyg88Oc2kY,UgxvbCheuAFBUXcHAfd4AaABAg,@박-d9v,"처음 레시피보고 만들어봤는데 너모 맛있다고 신랑이 엄지 척 해줬어요
늘 좋은 레시피 감사합니다❤",0,2026-05-26
NPyg88Oc2kY,UgzQW2sWIPQHuyzl-UZ4AaABAg,@HAN-cv7ip,시원시원한  요리하는모습  맛좋아보여요   대박ㅈ이다,7,2025-02-18
NPyg88Oc2kY,Ugzz2hNOWAKCpSfY6nh4AaABAg,@тошкентсити-ю5р,귀여운 요리사 청년^^ 넘 😂 재밌는 영상이 자꾸 보게 되네요. 젊은이~앞으로 잘될 것 같네요^^,4,2025-05-25
NPyg88Oc2kY,UgxxtelpEW2kZSFTKkJ4AaABAg,@eunlee2955,"어느집 아들인지 귀여우면서
요리 까지 사랑 받고  성공 하세요.",5,2025-05-16
NPyg88Oc2kY,UgzrbXEFOX-wFG9cQRR4AaABAg,@박계숙-d5v,정말🎉 잘하십니다🎉 깔끔하게 🎉뉘집  아드님인지 🎉젊은분이🎉음식을  잘하십니다,7,2025-08-24
NPyg88Oc2kY,Ugx_qMz5HRg1r_FnJzJ4AaABAg,@Sophia-yp8xq,늘 유쾌한 쿡~~ 넘나 잘보고 있습니다. 😊😊😊❤,6,2025-02-18
NPyg88Oc2kY,UgxlW1N4L7x44eBToGF4AaABAg,@rayna4176,"두부조림 맛있어 보이네요. 
오늘 반찬가게에서 얼갈이 된장국 시켜 먹었는데 맛있더라고요. 추추님이 반찬가게에서 하셨던 얼갈이된장국 레시피도 알려주실 수 있으신가요? 😊",2,2025-02-19
NPyg88Oc2kY,Ugz0IeVW77pOtd3K4xh4AaABAg,@돌아이-f2c,"맛이 느껴지네
장가들면 아내는 행복하겠다 맬 맛있는 반찬 먹을때마다   아응 맛있엉!",4,2025-05-24
NPyg88Oc2kY,Ugygbr9IDjbOds0Y6Tl4AaABAg,@바이올렛8844,오늘은 바람 불어 추운날 두부조림 저녁메뉴로 정했어요,7,2025-02-18
NPyg88Oc2kY,UgzZDLJa36Fw3RR1aYN4AaABAg,@소소하지만확실한-j2q,"두부조림 여러곳 따라해봤는데, 딸이 추추님 레시피가 젤 맛나다고  이걸로만 해달라고하네요
구독 했어요, 승승장구하세요!!",1,2025-08-13
NPyg88Oc2kY,UgyzDi9r5yZLASeaJ5B4AaABAg,@이나미-m4b,이거 해먹었는데 진짜 맛있어요~레시피 감사합니다~ㅎ 구독하구 가요~~~😁,0,2026-06-04
NPyg88Oc2kY,Ugyznn11Yao6pzY6k9p4AaABAg,@kjj6552,진짜로 제일 맛있어요. 꼭 응원할게요❤🎉,6,2025-11-18
NPyg88Oc2kY,UgxqkIpNZNZq1dFeVJB4AaABAg,@predator.0101,"잘난척하는 유튜버들 많은데
이분은  소박하고 겸손한게 맘에듬",3,2025-08-13
NPyg88Oc2kY,Ugxc9gl1ko722czlFkR4AaABAg,@juyeonyoon8145,어쩜이렇게 쉽게 알려주시는지.. 항상 잘보고있어요. 매일 올라오는 레시피 대기중입니다.  도전해본모든 반찬요리 너무너무 맛있어요.,1,2025-02-18
NPyg88Oc2kY,Ugy0n0dJ4CtUNUq_t7R4AaABAg,@박솔체,두부 좋아해서 추추님 레시피로 두부조림 자주 하는데 정말 맛있어요~👀👍👍👍😁😁😁🥰🥰🥰,3,2025-04-18
NPyg88Oc2kY,UgyoSHXTJMhuYUVbM9p4AaABAg,@eunyoungseo5890,"모든 메뉴가 좋아하는 것들이라
하나하나 다 따라해 보고 싶어요😊
감사합니다",1,2025-07-21
NPyg88Oc2kY,UgzUeVSM--SLjz31WI14AaABAg,@영오-b2m,"요리를 뚝딱 뚝딱 맛깔나게, 설명도 어쩜 그리 쉽게 잘하는지^^  가끔 둘러보다 팬이 되어 버려서 구독 누르고 말았어요^^",1,2026-06-05
NPyg88Oc2kY,UgxHwK5QnSN8eDgFWhp4AaABAg,@김남순-y2r,셰프님 두부조림 만들기도 싶고 맛도 넘 좋아요 세프님 음식은 언제나 만들기 쉬운설명이 더좋아요 항상 감사합니다😊,0,2026-02-26
NPyg88Oc2kY,UgyspeqGL2r4DvV18HN4AaABAg,@이성자-j7c,두부 조림 맛나게 보여요 ❤최고 최고 👍 입니다 해봐야 겠네요 😅😅❤❤멋져요,1,2025-03-07
NPyg88Oc2kY,UgzKrAEWmD1PwN3mpxV4AaABAg,@냥냥이-g8e,"쫌전에  레시피대로  해봤는데 ㅠ
진짜  맛있었어여  ㅠ
매번  실패했는데  이번은  완전성공  
넘  감사히  먹었습니다🎉",1,2025-07-11
NPyg88Oc2kY,UgyNvdYkx7XwDTh5kM54AaABAg,@Hj_agnes,와.....진짜 레전드 맛있어서 바로 구독했어요~!~~ 감사합니다🥹앞으로 잘 부탁드려요!! 대박!!!,1,2026-02-13
NPyg88Oc2kY,UgxffC6MUA-8seMMcxR4AaABAg,@xoxoms2,요리왕왕초보인데 진짜맛잇네요 미림없어서 맛술대채 설탕은 알룰로스대체 졸이다가두부걷어내고살짝남운양념에계란풀어넣어서스크럼블로밥비벼먹으니미췄습니다 이런거마니마니올려주세여❤,1,2025-12-13
NPyg88Oc2kY,UgyzmpwNzUZ1n2FmT6B4AaABAg,@jennyr3140,"정말 맛있어요~^^
전 살짝 심심해서 간장 조금 추가했더니 딱입니다~ 
감사합니다 ❤",1,2026-01-18
NPyg88Oc2kY,Ugy1h6IbB5_9zO8oVId4AaABAg,@이금숙-w9y,"영상볼때마다
웃네요
넘.귀여워요",4,2025-11-11
NPyg88Oc2kY,UgyfeLCzupCytsL-j5t4AaABAg,@시원윤-p3m,진짜 맛있어요. 레시피 알려주셔서 감사합니다😊,2,2025-07-11
NPyg88Oc2kY,UgzVIPSVMn2rgLZlK094AaABAg,@곱단이-p7n,고기만 좋아하는 울신랑 와~~환장하겠어요 두부조림 맛있는데 해놓으면 좀있다 휴지통으로,4,2025-04-20
NPyg88Oc2kY,UgyTvjEPKE1dzwIHv0B4AaABAg,@멋진새우깡,"그냥 고춧가루 진간장 간마늘 물 참기름 
요롷게만 양념해도 굉장히 맛있음 
그리고 양파 대파 고추 없으면 그냥 양념장만 해도 맛나요~",5,2025-02-25
NPyg88Oc2kY,UgxojyXK1hVoyQPtv9Z4AaABAg,@춘봉이와봉순이,요리도 잘하고 잘먹고..뉘집아들인지 탐나는 남의아들~~귀엽기도해..,34,2025-02-18
NPyg88Oc2kY,UgxsRgZRqX-5Ph6ek5p4AaABAg,@오사랑-h2k,"오즘 이분 레시피 자꾸 보게 되네요 
넘 이쁘게 설명도 잘해요 .굿!!❤",2,2025-05-18
NPyg88Oc2kY,UgxXrRqZU3MTYKNRxKt4AaABAg,@lhhhyzzy,와 드디어 두부조림 레시피 정착합니다 내가 한게 맞나 싶은 맛입니다 감사합니다👍👍,1,2025-12-28
NPyg88Oc2kY,UgyWHAOzdmm5a1_uznF4AaABAg,@노가더-k5g,항상 잘 보고있어여 자취생인데 강추!,0,2026-06-02
NPyg88Oc2kY,Ugw-bmhfgOK8KL25JCV4AaABAg,@flrtfdrejh,기분좋은 목소리에 자꾸 듣게 되네요,4,2025-11-13
NPyg88Oc2kY,Ugw9mG6wgQ6SLgRQ6nB4AaABAg,@ggg99619,"ㅋㅋ  50g은 뱃속에~  재밌구, 맛있어요.  구독하고 보고가요❤",1,2025-07-10
NPyg88Oc2kY,UgyhRQ1mrsVPO5LRNy14AaABAg,@위풍당당-c1g,"가르쳐  주신대로  양념 했더니
와 ---👍  
점심,   저녁  두끼를  해서  온가족이  밥위에  두부양념  올리고 비벼먹었어요 
비법대로하니  자꾸  땡기네요 
김치  겉절이  골벵이 무침 
두부 조림  넘  맛나네요 
👍 최고 
감사합니다 🎉",1,2025-11-22
NPyg88Oc2kY,UgxlSTjkl_NxH6RFEZZ4AaABAg,@lumilove712,"집에 미림없고 맛술만 있는데 미림 대신 맛술 넣고 해도 되나요?

유튜브에서 보고 다른 레시피로 두부조림 해봤었는데 이 레시피도 맛있겠어요!",4,2025-02-17
NPyg88Oc2kY,UgxkKBhlSjz8vJVSxzB4AaABAg,@코스모스-i7i,넘 맛있어 보여요 요리 하는 모습도 넘 보기 좋아요,2,2025-06-19
NPyg88Oc2kY,UgxBKbH1GXTgxyt40ah4AaABAg,@JJ-sl5gu,"이뿐아들 엄마가 든든하겠네
잘두새겼네 화팅",4,2025-04-28
NPyg88Oc2kY,UgxjScHlHF05pLgRzat4AaABAg,@박봄-c7o,젤  귀여운 세프~^^,9,2025-02-18
NPyg88Oc2kY,UgwXOpEM59EJLI_QspZ4AaABAg,@송은주-c9z,두부조림은 양념맛 얇게 채썬 양파 많이 넣고 조리면 진짜 맛있어요,5,2025-02-19
NPyg88Oc2kY,Ugz6--SPjuoxxN3eJSV4AaABAg,@패출리,이거 진짜맛잇어서 오늘 또해먹으려고 왓어요 ㅋㅋ,1,2026-02-08
NPyg88Oc2kY,Ugz4etTIX9bTpYsTFJd4AaABAg,@user-je3gl2io5p,정말 맛있어요..쉽고.두부조림 이 레시피로 정착합니다 ❤,2,2025-11-13
NPyg88Oc2kY,UgwvlG3rbpzB7yeIHc94AaABAg,@rla-k2r,오늘 해봤어요 아직 먹어보진 않았지만 맛있을거 같아요 감사합니다. 올려주시는 레시피들이 집에있는 것들이라 좋아요,0,2026-04-24
NPyg88Oc2kY,Ugz6_ECkgaWuS7koLnR4AaABAg,@오선아-l9e,귀여운 쉐프님😊😊😊,4,2026-05-19
NPyg88Oc2kY,UgwepzndgfsZ4Iwomsd4AaABAg,@달무리-w8l,"오늘 세번째 해 먹는중입니다
감사합니다 ~~~~",3,2025-07-11
NPyg88Oc2kY,UgygqN2_vMtGxcSwsdh4AaABAg,@구지연-j7v,오늘 저녁엔 평소 제 방식 말고 추추님 레시피로 해먹어 봤답니다~😋,1,2025-09-10
NPyg88Oc2kY,Ugys1bRwg-3f2GEGxMx4AaABAg,@EunhyeKim-v6j,"두부 굽는게 귀찮아서 굽지않고 그냥 알려주신 양념장에 조리기만했는데도 너무 맛있게 먹었어요!!
양념장 진짜 맛있어요^^
잘 해먹었습니다!!",0,2025-06-09
NPyg88Oc2kY,Ugwz1ujpP2ZS-qxVklZ4AaABAg,@sanddul-r6u,"어쩜 어떻케 
요거  이렇케 잘한다냐😊😊😊
두부조림 멘트  살림굿",1,2026-03-23
NPyg88Oc2kY,UgxJBEh1zVI6xe6EDPl4AaABAg,@눈누난나-p7t,오늘 저녁 두부조려서 바로 해먹었어요. 맛있어오!!! 레시피 지우지말아주세요. 매번 따라할래,0,2025-06-11
NPyg88Oc2kY,Ugxit1i4ebcK52e6GzF4AaABAg,@맘쭈디-c9j,두부 조림  맛있게  잘먹었습니다   감사합니다 😊,0,2026-05-26
NPyg88Oc2kY,Ugzf2PU2dJ_sQbOHClB4AaABAg,@동인월아71,"오래 구우면 띡딱해서
거슬리니까 살짝 구우셔요.👍",7,2025-11-13
NPyg88Oc2kY,UgzCSSKjyX_J0eIMGLF4AaABAg,@msg-r4l,요리사가 딱 내 스타일 시원시원하게 잘해요 유머스럽기까지 멋져요 ❤,2,2025-05-30
NPyg88Oc2kY,UgwqmVRJnetsXKw8XYV4AaABAg,@Lisa-v5j9k,당장 시작!😂😂😂,4,2025-05-02
NPyg88Oc2kY,Ugz6myap42CPm5-zoMh4AaABAg,@최수미-z2g,"오늘 점심에 이 레시피 대로 했는데 맛이 최고입니다.
두부조림은 이것으로 정착합니다^^",0,2026-06-03
NPyg88Oc2kY,Ugx9VucRbnE8LdarrlZ4AaABAg,@kjj6552,저는 매일 보고 있어요,4,2025-11-18
NPyg88Oc2kY,Ugyop4JJREocDw42Ujt4AaABAg,@Fc안양-c7j,이게 제일 맛있어요 진짜로 *다른거 절대 따라하지마세요*,78,2025-09-12
NPyg88Oc2kY,UgyI3_riSQwsh0q0CoB4AaABAg,@김순희-c7y,두부조림^^맥주랑   먹음딱이겠내요^^얼짱 요리사님🎉🎉🎉🎉🎉🎉🎉🎉🎉🎉,2,2025-04-30
NPyg88Oc2kY,UgyoxLjB-GC75dxm_654AaABAg,@달사친녀,ㅎㅎㅎ 50g 바로 뱃속으로 넣어 준다는 말에 빵 터졌습니다.,1,2025-02-17
NPyg88Oc2kY,Ugw5hS-wTO3VEN7058h4AaABAg,@김의자-e2x,ㅎㅎㅎ 어쩜요리도 사랑스럽게 잘하시는지 추추님 존경해요!!^^,1,2025-12-31
NPyg88Oc2kY,UgyevMuoShwGqaY9Jg14AaABAg,@Syseung,"추추님 레시피대로 하니까 너무 맛있고 
가족 모두가 좋아했어요👍🏻👍🏻",0,2025-08-05
NPyg88Oc2kY,Ugy5XW8LMjwSkEX75-B4AaABAg,@user-yjj0621,간단하고 빠르게 알려주니 좋네요.,1,2026-02-04
NPyg88Oc2kY,UgwKzuIW2h5G08LvYLx4AaABAg,@evergreen5548,"영상 보면서  늘 웃고 있어요
표정이 너무 귀여워서요^^",1,2025-12-28
NPyg88Oc2kY,UgzCih9D8YGsDdwRyWR4AaABAg,@ooooowho,울 아조씨가 여태 한 것 중에 젤 맛있대요! 감사합니당 😊,1,2025-12-12
NPyg88Oc2kY,UgyZt6LeNDxmqxBIpn54AaABAg,@myungjaesin1749,"진짜 너무 맛있어요..메추리알 장조림, 깻잎김치,무한반복 하고 있어요
오늘 두부조림 해먹었는데 이것도 따봉입니다",0,2025-07-25
NPyg88Oc2kY,UgxcdPtrZiVSTMwXSP94AaABAg,@혁명의투혼7,두부조림을 아주 좋아해서 이런저런 레시피 따라했는데 이게 제일 쉽고 가장 맛있음. 맛이 강하지않고 단맛도 나서 밥도둑이에요. 좋은 레시피 감사합니다,0,2025-10-05
NPyg88Oc2kY,Ugwy_cFqv1w6AjptrCt4AaABAg,@후리지아유-t9w,"간장 두부조림 알려주세요
아들(청년)이 매운걸 못먹어요^^",1,2025-04-30
NPyg88Oc2kY,UgwbHZ3qb7mhWMiK5nh4AaABAg,@설이-d2t,"두부조림 레시피 중 최애입니다!!
감사합니다. 복받으세요!!!",1,2025-06-16
NPyg88Oc2kY,UgzdKBTSNTOsn8hq0Ep4AaABAg,@light-K-q5k,결국 먹는 입이 최고예요 👍 😍 💕 😂 😄 😊 👍,4,2025-02-18
NPyg88Oc2kY,Ugw9iVjKsuVRe5V7uqV4AaABAg,@이경숙-v9t9b,뭔 노메요리를. 이렇게 잘해요 우리집에 초대하고 싶다요,1,2025-06-19
NPyg88Oc2kY,UgxOl1EmibnDlmChAot4AaABAg,@ChristineOh-qv3yr,안녕하세요...만약 참치액이 없을때 멸치액젓도 괜찮을까요?,2,2025-02-20
NPyg88Oc2kY,UgyVcn2CvHlabe6cvGJ4AaABAg,@user-dl7tj5iq4f,"두부조림
국물 밥에 비벼먹는 걸 좋아해서
양념 두배로 해서 물 좀 더 넣고 했더니
맛있어요~~~
만족입니다",1,2025-02-20
NPyg88Oc2kY,Ugy0W6krA3IKd32UdAZ4AaABAg,@김정희-d7b6s,"잘배웠습니다~~^^
오늘저녁은 두부조림이다❤❤❤❤❤",2,2025-02-18
MYJ4tR70HD4,Ugw3WxOKMtKFgUf5IX54AaABAg,@Hansal___,"통대창 ASMR 풀버전은 여기!!❤
https://youtu.be/ZYUYBu9-fhk",1252,2022-12-26
MYJ4tR70HD4,UgzsPU9qNr_pSbZhj4J4AaABAg,@RiddleRea,셋이서 서로 감정 공감해주는 케로베로스 같음 ㅋㅋㅋㅋㅋ,66286,2022-12-29
MYJ4tR70HD4,UgyVccvWNEFBuK9maYB4AaABAg,@비공개왜안돼요,"아, 기름이 굳었구나! 하니까 옆에서 첫째 아아!!! 하는거 개웃기네 ㅋㅋㅋㅋㅋ",24390,2022-12-28
MYJ4tR70HD4,UgyqvzKcRfhOg0Qw4CB4AaABAg,@hsl9850,양옆에 천사와 악마같아요 ㅋㅋㅋㅋ맛있지?? 애매하긴 하지?..ㅋㅋㅋㅋㅋㅋㅋㅋㅋㅋㅋㅋㅋㅋ,19966,2022-12-31
MYJ4tR70HD4,UgxmPEDibKZXOqt3KjZ4AaABAg,@letsgo4874,ㅋㅋㅋㅋㅋㅋㅋㅋ아닠ㅋㅋ 하다가 생각과 달리 너무 이상해서 애매하다면서 너무 이상해서 솔직하게 말해버리넼ㅋㅋㅋ,7154,2022-12-26
MYJ4tR70HD4,UgwOz8kja9ZVsasUmdN4AaABAg,@파라솔에폴라포,서로 반응해주는게 진짜 귀엽다ㅋㅋㅋㅋㅋㅋ 남맨가 했더니 진짜 남매네,1765,2023-06-05
MYJ4tR70HD4,UgxIMH5uNz9_GfHeQcJ4AaABAg,@sxlo01105,너무 현실적이라 친근한거같음ㅋㅋㅋㅋㅋ,7018,2022-12-26
MYJ4tR70HD4,UgxELwqykKUeVbzp_FB4AaABAg,@Yahohopower,"내가 생각한 대창 : 겉은 바삭 안은 촉촉 한 입 베어물면 눅진한 육즙이 팡팡터지는 쫄깃쫄깃 대창
현실 : 그냥 기름",6488,2022-12-30
MYJ4tR70HD4,UgwqU9W0x6KMmnPR03h4AaABAg,@라카이코리아-j5l,와! 했지만 뒤늦게 몰려오는 느끼한 식감에 표정을 감추지 못하네ㅋㅋㅋㅋㅋ 두번째는 뭐야이게ㅋㅋㅋㅋㅋㅋㅋㅋㅋㅋ,1462,2022-12-27
MYJ4tR70HD4,UgxepnIfPNgSgbI5PWl4AaABAg,@xnclsien,아니 ㅋㅋㅋㅋㅋㅋ서로 반응해주는거 왜이리 귀엽냐 무슨 애완동물들 같아,1319,2022-12-31
MYJ4tR70HD4,UgzHh6V1YZjRXBvTdyl4AaABAg,@gl_dori,옹기종기 모여있는거 개귀여움ㅋㅋㅋㅋㅋㅋㅋㅋㅋㅋ,495,2023-01-04
MYJ4tR70HD4,UgykxBXhHk9Zx_V0W5N4AaABAg,@madehanyang,기름 안 굳어도 맛이 진짜 애매해요 ㅋㅋㅋㅋㅋㅋ 유튜브 보고 너무 맛있어보여서 주문해서 먹어봤는데 하루종일 아니 이 맛 아닌 것 같은데... 유튜버들이 먹는 건 분명 더 맛있어 보였는데 그 생각했어요,210,2023-01-01
MYJ4tR70HD4,UgzwyFnqCLUx1Sd-EUd4AaABAg,@U_jin_Cha,왼쪽언니 리액션 너무 러블리 통대창 한입 먹고 와우 입벌릴때 너무 카와이 ㅠㅠ,61,2023-03-08
MYJ4tR70HD4,Ugwd9avqjgyd6FvxcH54AaABAg,@마라탕-x1d8w,하루ㅋㅋㅋㅋㅋㅋ 점점 표정 굳는 거ㅋㅋㅋ큐ㅠㅠㅠ,244,2022-12-29
MYJ4tR70HD4,UgwD3sNsF_j1Pxt8qbx4AaABAg,@집가고싶다_6w6,셋째가 애매하다 할때 첫째 옆에서 맛있지! 하는거 넘 귀여워여,197,2023-02-25
MYJ4tR70HD4,UgyNagFNXcxVVBxqsK14AaABAg,@Bin_bdgd,얼굴 표정 전부 복붙한거 같다 너무 귀엽다 셋다 ㅠㅠㅠ 사랑스러워 ㅜㅜㅜㅜㅜㅜ,27,2023-11-23
MYJ4tR70HD4,UgyAFwl-NNqS_KRDAwt4AaABAg,@너굴맨-z1f,아닠ㅋㅋㅋ 왜 먹는데 옆에서 자꾸 밀어요 ㅋㅋㅋㅋㅋ,44,2022-12-30
MYJ4tR70HD4,Ugy0QNY_C1z3HjK-YlV4AaABAg,@배고프다밥먹자-t,천사와 악마의 속삭임,39,2022-12-29
MYJ4tR70HD4,Ugwfz-FefaW3VumNmvR4AaABAg,@프브즈,여기영상은진짜 최소 4번씩 보게됨 ㅋㅋㅋ막내 첫째 둘째 한번씩보고 싹다보고 거를타선이없네,66,2022-12-26
MYJ4tR70HD4,Ugw3CsN0qjzMjRTO2854AaABAg,@COJPD,ASMR꿈나무들 졸귀ㅋㅋㅋ😘,71,2022-12-26
MYJ4tR70HD4,UgzNUEj6kMGoDIX6K9J4AaABAg,@Goellen00,너무 솔직해 진짜 ㅋㅋㅋㅋㅋㅋㅋㅋㅋㅋㅋㅋㅋㅋㅋ 아.. 기름이 굳었구나… 다 굳음…,10,2023-03-24
MYJ4tR70HD4,UgyiCS07HzpnuzEITUp4AaABAg,@heysiriiiii,"왜케 귀여우세요 세분 다ㅋㅋㅋㅋㅋ 구독하고감니다 총총,,",35,2022-12-30
MYJ4tR70HD4,UgxA9EH5AOtAjdUBcnd4AaABAg,@Identityll,셋이 너무 귀여웤ㅋㅋㅋㅋㅋㅋ오밀조밀하게 앉아서는ㅋㅋㅋㅋㅋㅋㅋ부모님이 참 행복하실듯,7,2023-09-07
MYJ4tR70HD4,UgzoLlFZAYORegV5y_F4AaABAg,@옥메와까옥메와까,애매하긴하지가 개웃기네 ㅋㅋㅋㅋㅋㅋㅋㅋㅋㅋㅋㅋㅋㅋㅋㅋㅋㅋㅋㅋㅋㅋ,5,2022-12-31
MYJ4tR70HD4,Ugyk4qTbXhvgaKTtrJJ4AaABAg,@sinnara88,"왜케 귀엽냐 
기름이 굳었대ㅋㅋㅋ
기름굳은거 먹고있는데
옆에서 수다떨어줘서
좋아요~ 백만개눌러봅니다~
언니분 얼굴 반밖에 안나왔는데도
귀엽네요 ㅋㅋ",11,2022-12-29
MYJ4tR70HD4,UgyZ9aqP_jLebgUeSeV4AaABAg,@Pet-mat28657,혈관 : ㅅㅂ..ㅠ,66,2022-12-26
MYJ4tR70HD4,Ugw4CLaQKTFl02u_Kyx4AaABAg,@dGoodJob,ㅋㅋㅋㅋㅋㅋㅋㅋㅋㅋㅋㅋㅋㅋㅋ 보통 저런 컨셉 방송이면 무조건 맛있다 하지 않음? ㅋㅋㅋ 평소 재밌어서 그냥도 재밌긴 하네요,147,2022-12-26
MYJ4tR70HD4,Ugy4rEYB_rMbw98FBFF4AaABAg,@노을노을붕어빵,셋이 붙어있는 거 너무 귀여워욬ㅋㅋㅋ,7,2023-07-27
MYJ4tR70HD4,Ugy_TxYQYGYAvstqkHx4AaABAg,@디그다-u1k,바삭하게 구운 거 합격,11,2022-12-26
MYJ4tR70HD4,Ugy4XmqFJFEBvvtliV94AaABAg,@KTH520,"ㅋㅋㅋㅋㅋㅋㅋㅋㅋㅋㅋ한 껏 기대한 표정과
 대창의 기름처럼 한껏 굳어버리는 표정",19,2022-12-29
MYJ4tR70HD4,UgwlJRdGC70kBAm5ZqB4AaABAg,@Malang_s2,이름이 생각이 안 나서 감정을 공유하는 케로베로스라고 검색하니까 나왔어요.,9,2023-03-04
MYJ4tR70HD4,UgyqgLLI2e5rRNWoYRZ4AaABAg,@COHARU442,첫번째 여성분.. 사람밥먹을때 처다보는 리트리버 같당..,7,2023-10-05
MYJ4tR70HD4,UgxoZb4adUKUTb2ZPId4AaABAg,@Archanfel777,기름 굳은걸 빠사사삭 소리까지 내면서 먹을 일이냐고 ㅋㅋㅋㅋ,3,2023-12-02
MYJ4tR70HD4,Ugwj9skvDqZUHeQb4IR4AaABAg,@rla5710,"아 ~귀여워 ㅋㅋ 
먹는 것도 귀여움ㅎ",9,2022-12-28
MYJ4tR70HD4,UgwAp1rFP6ZNAqypczJ4AaABAg,@lkjuve_ckejd,"케르베로슼ㅋㅋㅋㅋㅋㅋ 개웃기네 
뭔가 본체인 가운데 머리
이성적인 오른쪽 머리 
촐싹대고 해맑은 왼쪽 머리 
ㅋㅋㅋㅋㅋㅋㅋㅋㅋㅋ",16,2023-01-15
MYJ4tR70HD4,UgxI10XSZKKCDqeqrct4AaABAg,@user-su8ym3fs4v,ㅋㅋㅋㅋㅋㅋㅋ왜 웃기짘ㅋㅋㅋ 남자분 표정이 너무 웃겨요ㅋㅋㅋㅋㅋ 멀뚱멀뚱 귀여우심,3,2023-07-05
MYJ4tR70HD4,UgxEn52zS2CuVbf1Pmh4AaABAg,@oj4520,이 집안은 입술이 매우 이쁘시네요 넘 부러워욥 흡ㅠ,8,2023-01-01
MYJ4tR70HD4,UgwJNFV4dVOFN1ARuJV4AaABAg,@지나가던사람-t1s,이 집 자제분들은 턱선이 예술이네,8,2024-01-22
MYJ4tR70HD4,UgxdeXdpu_RSJG7ElEZ4AaABAg,@뭔데-h9h,불닭도 디게 푸석푸석해 보임..,6,2024-12-29
MYJ4tR70HD4,UgxyTiaaNOkKxZcqhm14AaABAg,@Oni_Ya,솔직한 리뷰 먹방이라 넘 조아유,4,2023-01-31
MYJ4tR70HD4,Ugwa0HwIYIBnhTMD7Zp4AaABAg,@불볶닭음면-v9h,ㅋㅋㅋㅋㅋ세 분 줄줄이 소세지같음 귀여워요ㅠ,2,2024-05-14
MYJ4tR70HD4,UgyH82g2H0VGCOQuJt94AaABAg,@eueukim,셋분이 넘 잘어울리신다,3,2024-03-23
MYJ4tR70HD4,UgzDWNg0lal1deDqCzV4AaABAg,@하은김-j8y,너무 솔찍한 막뚱이ㅜㅜㅋㅋ,2,2023-07-07
MYJ4tR70HD4,UgyP0rjPkVykBWTqsd14AaABAg,@만보-e8q,"근데 볼때마다 막내도 이쁜데 첫째가
완전 매력있는거같음",2,2024-08-05
MYJ4tR70HD4,Ugza2_k50voLJPGEV454AaABAg,@이소정-w3w,"애매하디니끼 첫째 바로 삐져서 나만머거야지..하는거 개귀엽네 ㅠㅠㅠㅠ ㅋㅋㅋㅋㅋㅋㅋㅋㅋㅋㅋㅋㅋㅋㅋㅋㅋㅋㅋㅋㅋㅋㅋㅋㅋㅋㅋㅋ
기름굳은거 아니더라도 맛없을수있짘ㅋㅋㅋㅋㅋㅋ실망하는거 개귀여워ㅠㅠ누가 하자고했는지 알겠다 ㅋㅋㅋㅋㅋ",0,2024-04-06
MYJ4tR70HD4,UgxmL1sw_l7OaDObFyd4AaABAg,@lunita122,처음이랑 두번째랑 입마중이 달라짐 ㅋㅋ,1,2024-03-08
MYJ4tR70HD4,UgyGcY0wk14mfv7xdDp4AaABAg,@DP-디피,먹는걸 봐야하는데 왼쪽 보조개공주밖에 안보이네..,3,2024-09-01
MYJ4tR70HD4,Ugx4yFrhkZgNsPJOqfh4AaABAg,@Chocovo,두번째에 고추랑 양파 잔뜩 올리심ㅋㅋㅋㅋㅋㅋ,8,2022-12-26
MYJ4tR70HD4,Ugy_xnceMpEamQUS2ud4AaABAg,@하리보-h5t4y,애매하다면서 양파절임 다 가져가는ㅋㅋㅋㅋㅋㅋ,1,2023-04-10
MYJ4tR70HD4,Ugx8Hbnl7Ev44tmGbfJ4AaABAg,@Middaymoonnight,"와 헐 조미연인 줄 알고 들어왔는데
진짜 이쁘시다",3,2023-03-11
MYJ4tR70HD4,Ugz6lQhP7c1p4mX-3DR4AaABAg,@user-porche,처음에 소스만 찍고 먹었다가 느끼해서 두번째에 양파랑 파 걸어먹는거 왤케 웃기냐ㅋㅋㅋㅋㅋ,1,2023-01-13
MYJ4tR70HD4,UgykLaUFsKPxhoyq2u54AaABAg,@yuhan9274,ㅋㅋㅋㅋ표정너무 귀여우셔>_<,5,2022-12-26
MYJ4tR70HD4,UgwFQtZnBH6eq9_0MpF4AaABAg,@HiddenInRain-w9q,맛있지 맛있지 하면서 옆에서 계속 미는거 개킹받네 ㅋㅋㅋ,1,2023-05-01
MYJ4tR70HD4,UgyGf1DcLvXXYU2fb1B4AaABAg,@황성욱-o2w,삼남매가 신기하게도 조금씩 다 닮으셨네요ᆢ^^,16,2022-12-29
MYJ4tR70HD4,Ugxu3QLZ0rw83J1bGTF4AaABAg,@루이맘-t9d,아니 ㅋㅋㅋㅋㅌㅌ막내가 말하기전에 첫째언니 맛있지 몇번 묻는거야 ㅋㅋㅋㅋㅋㅋㅋㅋㅋ아 ㅋㅋㅋㅋㅋㅋㅋㅋ,0,2024-01-23
MYJ4tR70HD4,Ugx-t_3LdMqjSCAV7d14AaABAg,@skdndidndkdmdnd,솔직한 하루찡 체고❤😂❤,4,2022-12-26
MYJ4tR70HD4,Ugx-Ok_V7fDBTgkczhd4AaABAg,@이거저거막무,옆에 맛있지 하는 분 표정 넘 귀여워요~~,1,2025-02-06
MYJ4tR70HD4,UgxvkLhugglTA5xRmn94AaABAg,@은은평,남자 눈 굴리는거 왜이리 웃기지 ㅋㅋㅋㅋㅋㅋ,3,2022-12-26
MYJ4tR70HD4,Ugw4DDFn2WpLddNywJZ4AaABAg,@love-w6p8x,"너무 친근한 모습, 조타❤❤❤ 남매 같아요. 삼남매😊",1,2024-10-31
MYJ4tR70HD4,Ugyl5OIFvTvLp7AXy3B4AaABAg,@돌멩이_2e,양쪽 성향 너무 달라서 웃김ㅋㅋㅋㅠㅠ,8,2023-01-05
MYJ4tR70HD4,Ugzq-rsUFy8mj9S7_aN4AaABAg,@glrptlt0,밖에 얼마나 춥길래 기름이 굳냨ㅋㅋㅋ,15,2022-12-26
MYJ4tR70HD4,Ugyw9PEZgHyhBu1raXB4AaABAg,@aeriths97,막내 너무 귀여워요><,2,2023-06-07
MYJ4tR70HD4,UgwpmjZsg_KhvZ-FJk14AaABAg,@aerosmith2389,"항상 보면서 느낀건데, 코 병원에서 단체할인 받고 한건가요??",17,2023-06-11
MYJ4tR70HD4,Ugz8MJ2Wf_genNu3i5d4AaABAg,@Rnfmeid0309,ㅋㅋㅋㄱㅋㄱㅋㅋ 셋이 옹기종기 모여서 짹짹 거리는 것 같음 ㅜㅜ 아기새들 같애,0,2024-02-26
MYJ4tR70HD4,UgyZDgUugReW2W3-fJJ4AaABAg,@욱-t3t,아닠ㅋㅋㅋㅋㅋ 대창에 기름기가 쬑빠졌잖아,1,2024-06-08
MYJ4tR70HD4,UgzDvuoRgmA7SIyladt4AaABAg,@tyche777,???:에매하긴해~,1,2024-12-14
MYJ4tR70HD4,UgyrKEbaWbPzN9Po8_94AaABAg,@쵸릐,숨기지 못했네,1,2024-07-13
MYJ4tR70HD4,UgyROWT4GZnxmGY6ukF4AaABAg,@Sol_12790,"기름이 굳었을 때 입 천장에 묻어서
토할 것같은 느낌 공감 ㅋㅋㅋㅋ",1,2023-11-28
MYJ4tR70HD4,UgwLwiDWa8TJ6iH2yVd4AaABAg,@콜덕조아,조금씩 닮은거개웃곀ㅋㅋㅋㅋ 쏘러블리😭💗💕💗,1,2023-01-08
MYJ4tR70HD4,UgzMvmUPjzz3WopXfQ54AaABAg,@Eun_s012,처음에 보고 곱창인줄😅😅,1,2024-09-20
MYJ4tR70HD4,Ugxnvby0D3_yyyUt5QV4AaABAg,@vavayaro1234,두번째 뜰때 양파가득뜰때 이미 개느끼한거였음 ㅋㅋㅋㅋㅋㅋㅋㅋㅋㅋㅋㅋㅋ,1,2023-07-15
MYJ4tR70HD4,UgxUJj_d05ptBfIfvvV4AaABAg,@Solmung,셋이 옹기종기 ㅈㄴ 구엽다 ㅠㅜㅜㅜ,1,2023-09-30
MYJ4tR70HD4,Ugw8AyBW1_AVoraKmCB4AaABAg,@rona2524,연초에 본것중 가장 웃김 ㅋㅋㅋㅋㅋㅋ,1,2023-01-07
MYJ4tR70HD4,UgzRE9IWhhR7WVNkEyx4AaABAg,@gealee5486,머리셋달린 히드라 생각나냐,1,2024-01-08
MYJ4tR70HD4,Ugx2rrYhoA983SNr1iJ4AaABAg,@조기융-l2v,남매 셋이 옹귀종귀 귀엽넹 ㅎ,1,2022-12-28
MYJ4tR70HD4,UgwBoeDHJ6TnbxWYWnZ4AaABAg,@알앤디-j7y,셋이 진짜 개똑같이 생긴게 켈베로스같다 ㅋㅋㅋㅋㅋ,1,2024-06-24
MYJ4tR70HD4,Ugy5hOZRRPdqfRIY0TN4AaABAg,@bongbong-yee0318,사이 좋아보여서 좋네요,1,2022-12-31
MYJ4tR70HD4,UgzTRi_q5nRRy8ViL1t4AaABAg,@칠동천개사랑,영상 잘 보고 있어요 ~~  언제나 응원해요 ~~  일상로그 보고싶어요 ~~~^^,0,2022-12-28
MYJ4tR70HD4,Ugw9ayiOdmeuEMchcsV4AaABAg,@최승안-g8v,아침부터 웃고가용 ㅋㅋㅋ,0,2022-12-26
MYJ4tR70HD4,Ugw6wyL9hwigmEFSk7x4AaABAg,@꽃갱이-o5e,원래 채널마다 컨셉이있고 주제가 뚜렷해야 하는데...여기는 뭘해도 3남매 똘끼가 컨셉이라 컨텐츠의 재한이없음 ㅋㅋㅋㅋ,1,2025-02-08
MYJ4tR70HD4,UgwjwcK7CZZ-pTVnV2x4AaABAg,@두부-u4i,ㅋㅋㅋㅋ너무귀여워‼️‼️‼️,1,2024-11-06
MYJ4tR70HD4,UgxUpGcKM8LmytaCwTV4AaABAg,@지대뽀대걸,셋이 진짜 똑같이 생겼ㅋㅋㅋㅋㅋㅋㅋ 셋다 넘 기여버요ㅠㅠㅠㅠㅠㅠㅠㅠㅠㅠ,0,2024-07-25
MYJ4tR70HD4,UgxdTa5f8Mnb0hJQieh4AaABAg,@loleoleo,아니 마지막에 오빠볼때 제대로 안해오냐 라고 욕하는거같에ㅋㅋㅋㅋ,0,2023-04-16
MYJ4tR70HD4,UgyMntHKlVjjOQglo2l4AaABAg,@싱숭-d9c,첫째 언니분 반응 되게 잘해주는 거 너무 귀여우심ㅋㅋ,0,2024-09-24
MYJ4tR70HD4,UgwIJpV8daakehw5Wax4AaABAg,@ksm4304,셋이 뭔가 다르면서 닮았어 ㅋㅋㅋㅋ,1,2022-12-31
MYJ4tR70HD4,UgwrzO15ZZ7IMu73grh4AaABAg,@타울-h4o,근데 둘째 셋째가 친하긴 한가부다 한번도 언니쪽을 안봐주넼ㅋㅋㅋㅋㅋㅋㅋㅋㅋㅋㅋㅋㅋㅋㅋㅋㅋㅋㅋㅋ 투명한 막내라 이게 너무 귀엽고 웃김ㅋㅋㅋㅋㅋㅋㅋㅋㅋㅋㅋ,0,2025-04-13
MYJ4tR70HD4,UgwPZi2Z3XJPquw4EE14AaABAg,@YOOBONGescrime,"먹는것두 귀욤ᆢㅋㅋㅋ
잘보고 있어용ᆢᆢ 여긴  서초동",0,2022-12-27
MYJ4tR70HD4,UgyhhvlDNbTusy-AtH14AaABAg,@babybossbabybaby,그 일본로봇중에 셋이서 뽀융뿌잉 하면 옷을샀구나. 그랬구나. 무엇을샀니?하는 감정공유 로봇같음ㅋㅋㅋㅋㅋㅋㅋㅋㅋㅋ,0,2024-06-21
MYJ4tR70HD4,UgxsUEd_YnKs9MVR3mh4AaABAg,@킴캄보,가운데분 임우일씨.닮으셨당,1,2023-12-26
MYJ4tR70HD4,Ugw8e41IAFgo3dipzLl4AaABAg,@pinksummer7,기름이 굳었구나~ 옆에 여자애 아~~~ ㅋㅋㅋㅋㅋ 반응ㅋㅋㅋ 귀엽ㅋㅋㅋ,0,2023-12-05
MYJ4tR70HD4,UgziZ5iggCorbrL4XZl4AaABAg,@whiteicecream0,진짜 첫째 개귀엽다진짜ㅋㅋㅋㅋㅋㅋㅋㅋㅋㅋㅋ와 진짜 눈이계속가네미친ㅋㅋㅋㅋㅋㅋㅋ,0,2024-08-09
MYJ4tR70HD4,UgzdV44nRmzaBKNaJFp4AaABAg,@김띵똥-k5i,왼쪽언니 개기욥ㅋㅋㅋㅋㅋ,1,2023-02-10
MYJ4tR70HD4,Ugz6PsAK9FCsrlzUs8V4AaABAg,@0smooda898,아니 다른 분들 하이애나 처럼 화면 바라보고 있는게 왜이렇게 웃기지,0,2023-11-21
MYJ4tR70HD4,UgxkMSsi9fUR6BSG5194AaABAg,@킴조이-q2m,막둥이 겁나  귀여워 죽겠음 ㅋㅋㅋ,0,2025-07-02
MYJ4tR70HD4,UgyazJKUsRQv7cvVls94AaABAg,@끼욧-p3i,별것도 안 했는데 왤케 웃기지 ㅋㅋㅋㅋㅌㅌㅌ,0,2023-11-16
MYJ4tR70HD4,UgwPyrVQE4rqxe9FNmB4AaABAg,@마리-t1u,영상 중독성 뭐지 … 몇번 보고 바로 구독 누름,0,2023-11-28
MYJ4tR70HD4,UgzphuR1Vl3vvUPHw5N4AaABAg,@bobaebaebae,진짜 귀엽다ㅋㅋㅋㅋㅋㅋ 다 똑같이 생겨가지구 옹기종기 모여섴ㅋㅋㅋㅋㅋ,0,2024-10-08
MYJ4tR70HD4,UgwI6IkqUJRC6ANJf4l4AaABAg,@이진우-t5x8x,맛있겟다ㅏㅏ..😮,1,2025-08-11
MYJ4tR70HD4,UgzgTMn4NOMgThr_j5Z4AaABAg,@검색전용,다들 너무 귀엽닼ㅋㅋㅋㅋㅋㅋㅋㅋㅋㅋㅋㅋㅋㅋㅋㅋㅋㅋㅋ,0,2026-03-28
MYJ4tR70HD4,UgwmZHMua30gfkPoQ-V4AaABAg,@럭셔리-v8s,역시 어느집이든 둘째가 이쁘단말이지....♡,2,2023-01-05
smK1V6QGzEo,UgwCSL503uP60uFAURN4AaABAg,@blb325,항상님 손은 금손😮,10,2025-12-01
smK1V6QGzEo,UgwCJZnFZTlqOmadrWF4AaABAg,@국화꽃향기-g8b,복실이도. 건강하렴,8,2025-12-01
smK1V6QGzEo,Ugx610MoP3IZLjCBWRB4AaABAg,@밍키아미,"댓글 진짜 써본적이없는데
참 늘 다정해보이는 모습
편한모습 보면서 힐링합니다😊",8,2025-12-01
smK1V6QGzEo,Ugw9FZQsivJyGxB00Pd4AaABAg,@말랑_mallang,오늘도 선댓글 후감상하러갑니다❤  썸네일만봐도 형부가 얼마나 요리 잘하시는지 느껴집니다❤  오늘 언니두 넘 예쁘시구요🎉,3,2025-12-02
smK1V6QGzEo,UgyAQvHSr-ISUbKxIIZ4AaABAg,@jaysong5011,서로 챙겨주고 알콩달콩 대화하시는 게 정말 보기 좋습니다:),1,2025-12-27
smK1V6QGzEo,UgwELrUvaHiUoKR4Ajt4AaABAg,@ГалинаАзовцева-ы8м,❤,0,2025-12-01
smK1V6QGzEo,Ugx2nLoedhzsAh08TSN4AaABAg,@เพ็ญพรวงค์,😘😘,1,2025-12-01
smK1V6QGzEo,Ugy6g_GBzunXsOZG75N4AaABAg,@jodiehartung6829,You two are the cutest !!!  I smile the whole time watching your video !,1,2025-12-02
smK1V6QGzEo,Ugx_N3BY0XMLVlmOy9l4AaABAg,@보스맘-g2u,진짜 항상님 재주꾼 ㅎㅎ 오늘도 두분 넘넘 보기좋아요❤,0,2025-12-01
smK1V6QGzEo,UgzVl-EkucNdUZUnk7p4AaABAg,@francine4651,Great veggies ♥️👍🏾,0,2025-12-01
smK1V6QGzEo,Ugy304UPJ2jJZrr98zV4AaABAg,@하의경-z5q-q5w,"요리과정이 먼저 소개되어 너무 좋아요 ㅎ꾸미지 않고 자연스러운 먹방이라 더 좋은것 같습니다 또 너무 과하
게 먹지 않는 것도 좋아요ㅎ
😍😍😍",2,2025-12-04
smK1V6QGzEo,UgznuEkCxyTVnfDHwS14AaABAg,@종보-e9y,중간중간 두분의 대화들이 너무 웃기고 귀엽고 그러네요 ㅋㅋㅋㅋ소리도 너무 좋고 ㅠㅠ 최고최고,0,2025-12-01
smK1V6QGzEo,UgyJire7r2DiOcw1Wmp4AaABAg,@운명-i7o,부럽다,1,2025-12-01
smK1V6QGzEo,Ugwbp0euWJqRWNUB5oJ4AaABAg,@saeromnim,"1인 1닭 썸네일 보자마자 
역시 커플먹방은 나진님 항상님입니다!!😇💕",1,2025-12-01
smK1V6QGzEo,Ugw98aUuWYdFXckDuPl4AaABAg,@국화꽃향기-g8b,항상봐도. 침이고이게 맛나보인다닌까요😊😊😊😊,4,2025-12-01
smK1V6QGzEo,UgxjNboOqmflTY8bR6h4AaABAg,@sunnyhill.,"와 닭도 크고 1인 1닭 인가요?
비쥬얼 깡패다 진짜🤤",0,2025-12-01
smK1V6QGzEo,UgyzcYSxZRg61UCMFJ94AaABAg,@원더우먼-z1l,두분 옷 색깔하구 음식하구 오늘 넘 잘어울리는데요ㅋㅋ항상님 전생에 요리사였는지..😊😊😊😊😊😊못하시는 음식이 없는것 같아요.오늘도 영상보고 힐링하고 갑니다.감기조심하세요.건강이 최고👍🏻👍🏻👍🏻👍🏻👍🏻👍🏻,4,2025-12-01
smK1V6QGzEo,UgxdTwkrlJhzq_fwdmV4AaABAg,@Seon-z2u,"어머나
닭 맛있겠어요 ❤",1,2025-12-01
smK1V6QGzEo,Ugzbt_SeLYysRnGJuYF4AaABAg,@김진순-z3v,나진님 역시 대식가이며 맛있게 복스럽게 드시네요😊❤,1,2025-12-01
smK1V6QGzEo,Ugy8RRGvmXHukPFxRll4AaABAg,@ТатьянаАбрамова-е3ц,"Ребята, вы такие хорошие. Здоровья вам и счастья.",0,2025-12-03
smK1V6QGzEo,UgxTXUy7x1Pw6l8Q-Ex4AaABAg,@백미애-l7c,아이구~~~~~~진짜 소스맛궁금😮😮😮😮😮항상님! 너무 음식잘하는거  아녀요!침 줄줄😢😢😢,0,2025-12-01
smK1V6QGzEo,UgxFRUMC5yGzXPkSRPB4AaABAg,@영선댁,"나의 전원일기🎉
요즘 드문드문 올라와 더 소중하고 반가워요
찐팬으로서 많이 따라하고 있어요
특히 양파쌈과 찐 당근 통으로 먹기😂
나진님처럼 팔 근육 갈라졌음해서 운동도 열심히 하고 있죠❤",0,2025-12-02
smK1V6QGzEo,Ugymj8zdBbfwUtApBkt4AaABAg,@이민숙-m6h,❤❤❤❤❤❤❤,0,2025-12-01
smK1V6QGzEo,Ugxco3Uz0nCYq4NqAfN4AaABAg,@고해바다-x5y,두분 너무 닮는거 아닌가요! 왜 이렇게 저를 설레게 하시나요 👍,1,2025-12-01
smK1V6QGzEo,UgyzBwFgZNpnuD9ZIpR4AaABAg,@ГаухарКемелова,"Ас болсын, өте әдемі жұп, бақытты болсын",3,2025-12-03
smK1V6QGzEo,Ugwn12d8-KQVx_ysFzZ4AaABAg,@JeffyFry-l7j,The recipe looks delicious.  Keep up the good work and many blessings.,0,2025-12-03
smK1V6QGzEo,UgxeensMWZgmFBVyaCZ4AaABAg,@Jerrie-y9n,It was so fun to see you eat the birds. You both enjoyed your meal and I craved a bite. LOL,0,2025-12-02
smK1V6QGzEo,UgyZrKS7pUcPw3X9X694AaABAg,@박영미-q1t,"나진님 빨간파프리카도 맛나게 드시네요 ㅎㅎ
12월도 행복하세요 ^^",0,2025-12-01
smK1V6QGzEo,UgwuUufFR1rycp4yPqJ4AaABAg,@예전엔,저래 큰 닭을 ~~~😂♡♡보기만 해도 배부르네요~~사랑합니다~~,2,2025-12-01
smK1V6QGzEo,UgwbbBuf6XunrUIbr3R4AaABAg,@쏘니77,오늘 치킨 먹는날  인가봐요 저녁으로 치킨 해결했어요 오늘영상잘 보고갑니다🎉🎉,1,2025-12-01
smK1V6QGzEo,UgwcVPVixBRtxOPgxOl4AaABAg,@sunflower-u7y,"닭이 크네요😅
항상님의 스윗하신
요리 솜씨에 늘
감동 받고😂
갑니다😊
감사해요❤",0,2025-12-01
smK1V6QGzEo,UgzaoXNEmNMkrcb8BY54AaABAg,@Татьянка-ч8б,"ASMR..Жаль нет русского перевода. Очень удивительно,как вы приготовили курицу, просто запекли в духовке. Зато приготовили чудесный соус. Скажите хоть пожалуйста, его состав!  Спасибо.
Вы очень вкусно чавкаете! А я глотаю!😅😅",0,2025-12-04
smK1V6QGzEo,UgyDaBTBv0D6c8t6IHJ4AaABAg,@또라또먹,나진님 3년전 도루묵 먹방 보다 여기까지 왔네요.. 두분 뭔가 사이좋은 이모+이모부 보는 느낌입니다 ㅋ  ㅋ  ㅋ 어우 배고파 잘보고갑니다!!!,1,2025-12-16
smK1V6QGzEo,UgxA6iZnSKeVC7f5SCh4AaABAg,@율리-k6i,"나진언니 잘지내셨는지요😉 
우와 치킨 너무 맛있어 보여요😋😊
이리저리 정신없다보니 하루가 바쁘게 가 버렸네요 김장은 하셨나요 저희는 지난주 화요일에 끝났어요😅
나진언니 항상님 12월 한해는 좋은일 
기쁜일 가득하시고 환절기 감기조심하세요❤️🥰
오늘 영상 잘 보고 갈게요
편안한 밤 되세요좋은 꿈 꾸세요😊",0,2025-12-01
smK1V6QGzEo,UgxNoqXF13os0SYHVGB4AaABAg,@강경순-k9j,"원래로제소스가첨엔엄청맛있어요
저두로제떡볶이ㆍ파스타좋아하거든요
근데쉽게물리는게단점ㅋ
눈으로만족하구갑니당😊🎉❤",0,2025-12-02
smK1V6QGzEo,Ugy_x4wEwCArHAP2YY54AaABAg,@박기범-b2s,"오븐구이 통닭이 맛있겠어요 
두분 잘 어울려요 
늘 응원합니다",0,2025-12-01
smK1V6QGzEo,UgyQ_Ecv7wQxZr1R8t54AaABAg,@Gon_1987,Attendance check    ☑️,0,2025-12-01
smK1V6QGzEo,UgySP_14gehV94m3Xg14AaABAg,@선영s7z,"나진님 항상님 안녕하세요😊
12월이 시작 되었어요❤
올해도 한달밖에 안 남았내여
얼마남지 않은 올해 잘
마무리 하시길 바래요🎉🎉😊
항상님 오늘도 멋진 요리
넘 맛나보여요😊
소스는 꼭 따라 해보고
싶내여😊😊😊
보는내내 넘 먹고 싶었어요😅
파프리카 당근 버섯 다
좋아하는데 따라 해 먹어
볼려고요ㅎㅎ😊
오븐에 구운 통닭까지
오늘도 최고의 음식과
환상의 짝쿵 넘넘 잘 보고
가요🎉🎉 감기조심하시고 
담 영상 기다릴께요~^^♡",0,2025-12-01
smK1V6QGzEo,Ugzung3WV-RDO7JLHzd4AaABAg,@화정이-f1k,포인트누르고 시청합니당~^^,0,2025-12-01
smK1V6QGzEo,Ugxv12T44Zzi-Rn_UNB4AaABAg,@francine4651,Big chicken 🐔 looks delicious 😋❤,0,2025-12-01
smK1V6QGzEo,UgwyBUzDkhQ7nr2DqmF4AaABAg,@뚱o-t1e,단지 널 사랑해~~~ 당근 쪄먹음 은근 마싯어용 ㅎㅎ,0,2025-12-02
smK1V6QGzEo,UgwkS1GOrXRARPfGkzd4AaABAg,@화정이-f1k,또 못참고 옛날통닭 주문했어용ㅠ,0,2025-12-01
smK1V6QGzEo,UgzjfGTGhQLFdLeWzL54AaABAg,@창민수-b2n,"두분언제나멋있구이쁘세요
감기조심하시구요",1,2025-12-01
smK1V6QGzEo,UgxIuzrmioEeMeTLaCp4AaABAg,@하리보-n7h,부드러운게 화면뚫고나오는데요ㅋㅋㅋ  꾸덕한로제소스 마싯죠ㅠ,0,2025-12-02
smK1V6QGzEo,UgydP7yf6dQgVYbqW5N4AaABAg,@만희구,나진님 감기 나으셨나봐요. 다행이에요. 어쩜그렇게 야채를 맛있게 드시는지. 헤어밴드도 예뻐요.,0,2025-12-02
smK1V6QGzEo,UgyZGe7La5aIrCDYHhp4AaABAg,@뚜또-k9z,항상님 멋있으세용😮😊❤❤❤❤❤❤❤❤❤,0,2025-12-07
smK1V6QGzEo,Ugxs-PCzvrzv9qQjzaJ4AaABAg,@노은경-b6e,제발 자주 영상올려주세용,0,2025-12-01
smK1V6QGzEo,Ugz9t_0XG7pfS9hLWKN4AaABAg,@adelealtieri1434,Good morning from America ❤❤❤❤❤❤,0,2025-12-01
smK1V6QGzEo,UgzTS0FVEvq2ekCyav94AaABAg,@오이런이런,나진님머리때너무잘어울리구이뻐요🎉🎉🎉🎉🎉,1,2025-12-01
smK1V6QGzEo,UgyHVsrFGUqdnnJrjFJ4AaABAg,@위고비를이긴남자,항상행복하세요,0,2025-12-11
smK1V6QGzEo,Ugz6ZsoUw-6B6hVaJGp4AaABAg,@수연-u2r,진짜 귀여운 커플입니다 보고있음 기분이 좋아져요,21,2025-12-02
smK1V6QGzEo,UgywWElyr1-W9ZpEICx4AaABAg,@국화꽃향기-g8b,복실이도. 먹고싶나봐요😊😊😊😊,0,2025-12-01
smK1V6QGzEo,Ugy6JwOya5mSSiFi3Ml4AaABAg,@냥이맘-q4u,이거 특허내서 팔아주세요~~넘 맛있을거 같아요~ㅋㅋ,0,2025-12-02
smK1V6QGzEo,Ugwfz31yAqMMPVaaEZt4AaABAg,@국화꽃향기-g8b,안녕하세요 나진님  항상님. 오늘도맛난것. 하시나봐요😊😊😊😊,0,2025-12-01
smK1V6QGzEo,Ugx3dTRvtuzAYctf-3V4AaABAg,@국화꽃향기-g8b,김장하는 영상도보여주세요. 어머님하고 같이 보기좋아요 어머님도 건강하시죠😊😊😊😊😊😊,0,2025-12-01
smK1V6QGzEo,UgzyWc7QJbCkhiJ3fop4AaABAg,@구미김은영,오븐에해먹어보고싶긴한데 저희꺼는 기름받이가크질않어서 넘칠것같애요 ㅎ 너무맛있어보여요 ^^,0,2025-12-01
smK1V6QGzEo,Ugw_2oMVctS1y4NSdX14AaABAg,@신성덕-l7x,반가워요 응원합니다❤❤❤😊😊😊,0,2025-12-01
smK1V6QGzEo,UgwiPJeJo5_4yfwczM54AaABAg,@Любовь-д8о8х,🤵‍♂️👩‍🦱 🍗🍗🍗🐶👍,0,2025-12-01
smK1V6QGzEo,UgwP9W_Dahpw-qup6Gh4AaABAg,@nataliaadam7080,❤😊❤ Как хорошо у вас получилось утка очень вкусная и всё остальное смотрится всё аппетитно❤😊❤,0,2025-12-13
smK1V6QGzEo,Ugwi09ngBralJG_ONHd4AaABAg,@martinepoulain2091,"Bonjour les amis,
Jolie vidéo, très belle recette, très appétissante et très bien présentée, beaucoup de plaisir à vous suivre, un bon moment de détente et de partage.
Félicitations à vous 2 et pleins de bisous et de câlins de France.
💖😘🌷🥀🍀🙏👍💋💞🙋‍♀️🇨🇵
Boksil ❤️❤️❤️❤️❤️❤️",0,2025-12-02
smK1V6QGzEo,UgzRQHJol3l6qUTr94Z4AaABAg,@Korea-America,"둘이 친한 커플, 운동한 닭 먹기 ㅋㅋㅋ",0,2025-12-04
smK1V6QGzEo,Ugy8xgZ-L_vUcoYFjnV4AaABAg,@splingmom,32살에 무난하게 옷 좋아하는사람인데ㅋㅋㅋㅋ나진님 오늘 패션 나쁘지않은거같은데 왜케 요즘 다들 나진님 패션 지적들이신지 나이 드신분들 같은데 남 잘되는꼴 못보시는 분들이신지... 요즘 개성시대에요ㅋㅋㅋ한번사는인생 하고싶은대로 하고 삽시다~~❤ 나진님 현타와서 영상 안올리실까 걱정이네요ㅠ,10,2025-12-01
smK1V6QGzEo,UgyGuR1j2G4x8xAW5e94AaABAg,@辻浅子,旦那様は、手料理が上手です、奥さまは、幸せ出すね。☺️☝️♥️♥️,0,2025-12-02
smK1V6QGzEo,Ugxuf-0CFjdtBEu2vSZ4AaABAg,@승영옥-t3o,야채는어떻게굽나요.넘맛나보여요,0,2025-12-01
smK1V6QGzEo,Ugy_WEY7tqTUfqeO1kB4AaABAg,@NhânNguyễn-s6m,Ăn gà ngon quá HP nha anh chi❤❤❤❤❤❤❤❤❤❤🎉🎉🎉🎉🎉🎉🎉🎉🎉🎉🎉🎉❤❤❤❤❤❤❤,0,2025-12-01
smK1V6QGzEo,UgwAFi9PmB8pkLUOWuB4AaABAg,@RoseliMaria-xg2ry,Boa tarde esse frango  de vccs não  ficou bem assado não tá muito branco sem grocancia,0,2025-12-02
smK1V6QGzEo,Ugy3ELC-j26h0c4vw4x4AaABAg,@sunnyhill.,와~  맛있겠다.(아직안봄),0,2025-12-01
smK1V6QGzEo,UgwPogLo2JyREEMNxmt4AaABAg,@은하초롱,저는 언제쯤 항상님 같은 남자친구가 생길까요? 나진님 항상님 언제나 건강하시고 행복하세요^^,1,2025-12-02
smK1V6QGzEo,UgwyxHaNKCZKuXZDn2R4AaABAg,@YumikoKanda-hx8qy,今晩。❤な夫婦ですね。結婚💒何年目ですか?,1,2025-12-01
smK1V6QGzEo,UgzVtrtED4oE3SPR6w14AaABAg,@이승희-v4h7k,항상님넘보기좋고인간진실성넘정이가네요역시이쁜사람은아름다워요인간적으롳찐근감있네요😊😊😊,0,2026-01-07
smK1V6QGzEo,UgzVaiGZeL3gf-6oRQB4AaABAg,@lch17-u8b,ㅋㅋㅋ      너~~무  맛있게  만들었다는     칭찬듣고싶어서   항상님  계속  얘기하는데   나진님    먹기바빠서   응 응   만         ㅎㅎㅎ,8,2025-12-01
smK1V6QGzEo,UgxU5GgCf05rft-RknV4AaABAg,@워커홀릭S2,보기만 해도 행복해지는 두 분❤😊,0,2025-12-01
smK1V6QGzEo,UgwmMWEy5K_KVAvmSZF4AaABAg,@루루-h4o,이쁘기만하고만 ..저런거 소화하기힘든데...잘어울려요..이쁨요~~~!!,1,2025-12-02
smK1V6QGzEo,UgzhRtwwAynouIahhZ14AaABAg,@랄라라-v3e,재밌게 잘 봤어요~~~소스 맛 넘나 궁금하네요❤,0,2025-12-02
smK1V6QGzEo,Ugxq0cXVQqYs--NigC54AaABAg,@미니쯍,역시 나진님이랑 항상님 너무 재미있으세여❤ ㅎㅎ나진님 옷이랑 헤어밴드 1도 안촌스럽고 기여우시니까 지적하는 댓글들 그냥무시하세요! 먹방인데 패션방송도아니고 옷까지 신경쓸필요가있나여 나진님만 편하시면된거에여!!음식들 맛있어보이고 맛있게 드시니까 그걸로 충분해요 나진님 상처받지마시길바래여❤❤,3,2025-12-05
smK1V6QGzEo,UgxL620WKZBwNUE7RP14AaABAg,@JeffyFry-l7j,"It is good to see a new post from you two.  I read an article in the online version of the Southeast Missourian, the newspaper published in Cape Giraradeau.  It was written by Nathan Gladden, my nickname in Florida was Nathan and the initials of reporter were N.G., I used those initials in my writing to mean not guilty.",0,2025-12-03
smK1V6QGzEo,UgzaJSjg6DWYlYC5fGd4AaABAg,@АлександраШин-х4б,"Каждый раз меня удивляет ваш аппетит. Мы собираемся семьёй из 8 человек и все взрослые, и не съедаем 2 курицы на гриле😃😃😃",0,2025-12-01
smK1V6QGzEo,UgyarHtyAkVPx5Psx9N4AaABAg,@anasanchezmartin6745,Porque te pones ése pañuelo como diadema te queda horrible 😮,1,2025-12-01
smK1V6QGzEo,Ugy2DdeLxazpxUEoUyl4AaABAg,@김영옥-l3m1z,"닭 가슴살은 복실이도 줘도
되는데~~",0,2025-12-02
smK1V6QGzEo,UgzF-sxZF0lYVsIsdJN4AaABAg,@요기죠기SY,나진 항상님 방가워요😊오븐구이 치킨을먹는게 아나라 치즈를 어마어마하게ㅋ나진씨 머리띠도  지금두건도 정말안어울려요ᆢ헤어스타일을 바꾸던지 좀그래요ㅠㅜ앗잏게먹고 겨울 감기조심하세요~~ 좋아요 꾹,2,2025-12-01
smK1V6QGzEo,UgynVtSOaSAv1Vr-8uR4AaABAg,@국화꽃향기-g8b,나진씨. 살이빠젔나봐요. 쩌야지 더말라보여요😊😊😊😊,0,2025-12-01
smK1V6QGzEo,UgxFjzF58q7t2YOkRht4AaABAg,@이이슬-n6p,나진님 오늘 옷이랑 헤어밴드는.. 너무 촌스러워요ㅜㅜㅜ,15,2025-12-01
smK1V6QGzEo,UgxPoZ_UK5y1KgGMvUl4AaABAg,@요기죠기SY,글구 그 무의미한뽀뽀는 솔직히식상해요ᆢ차라리 화면상 나진씨가야기했드시 말먀말고 실제로보여주던가ᆢ,2,2025-12-01
smK1V6QGzEo,UgwpF0QftXyPs9CXhyx4AaABAg,@한주형-t8m,"오빠보단자기라고
해보세요
같은연배같은데",3,2025-12-02
WJ_cg8qBE6s,UgxG0oqz-8pmEjErkxt4AaABAg,@임미숙-p5f,"세탁건조기 일체형 요즘 잘나와서 세탁끝나고 바로
자동건조불  켜지고....
좋은세상입니다 ㅎㅎ😅",10,2024-10-06
WJ_cg8qBE6s,UgzvgZL5wbyq2RlLnCB4AaABAg,@김수진-w3s4z,"잘 사셨네요~
세탁 건조 일체형 써보니 어떤가요?궁금합니다.",7,2024-10-30
WJ_cg8qBE6s,UgxWbmSLTqK2qvcSfmp4AaABAg,@초록은,댓글들이 왜 이러지? 예쁘게 잘 하신것같은데요?❤,14,2024-10-01
WJ_cg8qBE6s,UgydFcqynkDH7THvoZ14AaABAg,@보리로지.은밥,마지막에 나오는 스텐 선반은 어떤제품인가요?,0,2026-05-25
WJ_cg8qBE6s,Ugwb1c9fXW-SYjspfZ94AaABAg,@보통의하루-e2s,브랜드가 다 따로따로인데 매장에서 사셨나요? 저도 곧 입주인데 딱 이렇게 사고파서요,3,2025-06-08
WJ_cg8qBE6s,UgySvSOxHlTEWxjT0wR4AaABAg,@furthermore01게다가,신혼신혼 합니다~~~,4,2024-10-02
WJ_cg8qBE6s,UgxZO29B39Gs7DMqg-N4AaABAg,@큐티뽀짝젤리,전자레인지 정보 궁금해요!,0,2025-07-27
WJ_cg8qBE6s,Ugxys9oHgkUAV7r-ecV4AaABAg,@행복은크기보다빈도,오 쿠쿠 인덕션 사용해보니 어떠신가용??,1,2026-02-14
WJ_cg8qBE6s,Ugxyqnsyd3O0-ueITLV4AaABAg,@꼬물-e4j,일체형 사용하기에 불편함은 없나요??,4,2024-09-29
WJ_cg8qBE6s,UgwCLmNx6XiCLHdUbbp4AaABAg,@세라비-g5o,신혼여행을 더 알차게 다녀오길^^,3,2024-09-30
WJ_cg8qBE6s,UgztkxavYYSBegtOv3x4AaABAg,@rich_pome,"스탠바이미가격은 얼마인가용?
글구 냉장고는 어디서 구매하셨나요?? 키친핏인가용?",2,2024-10-04
WJ_cg8qBE6s,Ugzz9slYH0mVd1kWH8Z4AaABAg,@임미숙-p5f,"와 냉장고 가격 싸게 잘사신듯 ㅠ
2년전 200넘게 삿는데...",1,2024-10-06
WJ_cg8qBE6s,UgzUWYyhnKQjvG1Cszl4AaABAg,@키티-g9r,쿠진아트 어디서 사셨나요?,1,2025-05-15
WJ_cg8qBE6s,UgztJiBlZULcxi7VKBJ4AaABAg,@우가차차-x9o,티비는 어떤거예요?,1,2024-09-28
WJ_cg8qBE6s,Ugw19esGHoCdSyfUsId4AaABAg,@Gobingsu,냉장고 엄청 싸네요... 쿠팡에서 사셨다고요?,2,2024-10-06
WJ_cg8qBE6s,UgzSUClIL_3yNmFkr7R4AaABAg,@LOVELY_JIYN,헐 세탁건조기 일체형도 있나요 대박,1,2024-09-28
WJ_cg8qBE6s,UgyZtRmDHa23ogO0rK54AaABAg,@뭐하냨,신혼을 패스하면 되는건가,1,2024-09-26
WJ_cg8qBE6s,UgxeyB84iaIPfqVA7_F4AaABAg,@Hynu_official,냉장고 4도어이신가요? 가격이 양문형 가격 같은데ㅜㅜ 4도라면 제품 알려주세요 저도 신혼 가전 준비중이라서요🥹,0,2025-10-15
5d7HmA83PWw,UgxuNil-IRbyKOkIVUB4AaABAg,@kang6s,왜 다 사라는 말 밖에 안나오냐고? 인생은 장비빨이니까ㅋㅋㅋ,211,2024-06-25
5d7HmA83PWw,UgxDNnC_Fcsj2WiWOGB4AaABAg,@EveryWisdom,"이 모든 유혹을 이기는 자, 돈을 벌것이다!!!😂😂😂",37,2024-06-25
5d7HmA83PWw,UgwH4cyWOqT4_ZaLQRd4AaABAg,@oscarjeong9438,저 리스트에서 식기 세척기는 있고 없고 차이가 가장 큰 물건. 시간 자체를 벌어줌. 그릇 닦을 시간에 다른 것을 할 수 있음. 저 리스트에서 딱 하나 고르라면 식기 세척기임.,18,2024-09-10
5d7HmA83PWw,UgyRXvfGSL_ZrWxRj_Z4AaABAg,@romanticaris,왜 이 영상은 특별히 예뻐요?,12,2024-07-10
5d7HmA83PWw,Ugy8XgKXGAqzpLXfiQ14AaABAg,@민트슈크림-k8g,건조기 제습기 음식물처리기 는 꼭 사세요 이 세가지는 삶의 질이 편해집니다,16,2024-06-25
5d7HmA83PWw,UgzTfNcrcs-NlrYwHMx4AaABAg,@토다-c3q,"1로봇청소기(물걸레 진~~~~짜 추천)
2제습기 ( 필수 습한 울나라)
3스타일러 (택배옷 구겨서오는거 화안남
 니트 캐시미어 퍼 한번입고 스타일러
쓰보면 기절함 굿)
4식세기( 텀블러 아이건강 그릇소독..짱)
5건조기( 두말하면 입아파)
6얼음정수기냉장고(젤젤 좋음 쵝오)
전 이렇게 꼭 사라 추천",15,2024-07-11
5d7HmA83PWw,UgwEjDwVq5_BKJ8ngG14AaABAg,@안드레이-k2c,결혼 했다? 사라!! 돈이 없다? 사라!! 비혼주의다? 사라!!!,9,2024-06-29
5d7HmA83PWw,UgxfSWLCh2woQXpervl4AaABAg,@Songsong-k4u,저랑 의견이 많이 달라서 놀랐어요. 역시 사람마다 다르구나 새삼 느낌,4,2025-08-19
5d7HmA83PWw,Ugy3ASQfAGBlCtR_6yV4AaABAg,@라사숑간다,"가족의 화목을 위해서 식기세척기, 건조기 (또는 세탁건조기콤보)는 필숩니다 :) ㅋㅋ 나머지는 선택사항인데 요새 냉장고에 얼음나오는 모델이 있어서 정수기는 그냥 얼음아닌정수기가 나을거로 보입니다",11,2025-02-08
5d7HmA83PWw,UgxzoKEVvST6GahWcdl4AaABAg,@배찌잉,님들 하나 놓치시면 안됨 화면밑에 추가 영상 링크 제목이 '아이패드 꼭 사야함'  있음,3,2024-06-26
5d7HmA83PWw,UgwSRXtFXQdaLAoVi_p4AaABAg,@아링-z7h,얼음 정수기 보다는 오토아이스 메이커 기능 있는 냉장고 사용 하시는것도 방법일 수 도 있음,0,2026-06-08
5d7HmA83PWw,Ugy8P99u77Td_CfGCs54AaABAg,@vertigo5337,"Hoxy 영문 네임이 ""Sarah Choi""신가요? ㅎㅎ",20,2024-06-25
5d7HmA83PWw,Ugy7WCIQt_0E2rnmsJZ4AaABAg,@gajockhan7219,사라다 사과인줄알고먹었는데 감자야,4,2024-06-26
5d7HmA83PWw,UgwBXjnFGDwAf7lvmS14AaABAg,@최주영-i2g,몇년쓰다 애 태어나면 창고행입니다. ㅋㅋㅋ 계속 쓸 아이템은 식세기.정수기.제습기 정도,3,2024-12-09
5d7HmA83PWw,Ugwe4IF9-ZNFVctijzR4AaABAg,@구르미-t2h,"써본경험상 꼭 사야될 순위
1. 식기세척기
2. 음식물처리기
3. 로봇청소기 (걸레질해주는게 굉장히 편함)
4. TV(빔 쏘는거는 트는거 귀찮고 낮엔 암막커튼 쳐야됨)

X: 블루투스 스피커 는 사지마삼 결국 연결 귀찮아서 안씀, 걍 티비에 우퍼스피커 좋은거 연결해서 걍 쓰자",7,2024-09-13
5d7HmA83PWw,UgxDKLfZzQ_-OlJtZ8B4AaABAg,@cjn201,프로젝터 추천부탁드려요! 신혼입니닷,0,2024-06-26
5d7HmA83PWw,UgzceipBhMSPBeO3jlh4AaABAg,@만기출소,이뻐요🥰,0,2025-06-26
5d7HmA83PWw,Ugx13AVpmYJ95RNn3DV4AaABAg,@안드레이-k2c,유료광고 포함. 삼성&LG,1,2024-06-29
5d7HmA83PWw,UgzcIIuBGw789PGuwlh4AaABAg,@ttju2926,IOT스피커 티비 옆에 두고 쓰는데 가끔 tv소리 듣고 헛소리 하고 음악재생 딱1번 함... 근데 주로 밤늦게 쓰는데 깜놀..... 이거 빼면 만족,0,2024-06-30
5d7HmA83PWw,Ugy58e_IdA9c5o_U2UZ4AaABAg,@앵규리,예쁘시다❤,0,2025-09-07
5d7HmA83PWw,Ugx9nl-YdWbfnr6nzVZ4AaABAg,@서초패왕5,다필요없다. 사지마라.,6,2024-06-28
5d7HmA83PWw,UgweajPa4B4YaUvomOB4AaABAg,@다이뻐서다다,"결혼은 안했지만 
로청.. 강추해요 
로청 들이기 전에는 청소만 3시간이 걸렸는데ㅜㅜ (먼지 청소+걸레 청소) 그 시간 벌여주니 삶의 질 급상승 
그리고 식세기랑 건조기도 필수죠… 
가능하면 음쓰처리기까지….
가족화합을 위해서는 다다익선",0,2025-03-29
5d7HmA83PWw,UgxR08Lxd8FfQgGqXWt4AaABAg,@kjcr7123,신혼인데 동감합니다 다 사세요..,0,2025-01-18
5d7HmA83PWw,UgxtIm5eOr6TXBz1pXt4AaABAg,@jungkim8568,가벼운 무선청소기랑 흡입력좋은 유선청소기 둘다사세요. 유선청소기중 밀레 추천해요. 흡입력짱이라 한번밀면 걸레질 한듯 바닥이 뽀송해요. 근데 무거워서 팔아프니 대청소할때만 쓰고 평상시는 가벼운 무선청소기로 휘리릭해줘야 삶의 질이 올라감. 나머지는 제습기랑 건조기는 필수. 그리고 스위치나 플스..남편때문에 화날때 철권같은 게임으로 패주면 스트레스 풀림.,0,2024-07-01
5d7HmA83PWw,Ugyqflsk1la5bzY1MPd4AaABAg,@beaut_if_ul,"와 언니 
미모 너무한다요 진짜",0,2026-03-23
5d7HmA83PWw,UgyebCTAsosoeM4lKGl4AaABAg,@CC-cs7pb,제습기와 공기청정기는 다르죠?,0,2024-06-25
5d7HmA83PWw,Ugxe7Veb-oNpmOIaRRt4AaABAg,@류우배,사라 코너 이신가? 터미네이터 나올듯,112,2024-06-25
5d7HmA83PWw,Ugw5q682q1WvmgFdiU54AaABAg,@Mrsteamdeck,ㅋㅋㅋㅋㅋㅋㅋㅋ 오늘 저녁은 사라다,0,2024-06-28
5d7HmA83PWw,UgxK3IjfEro1lIWDer94AaABAg,@jennykkk-oz1eo,"먼가모르게이뻐졌는데
치아인건가요
피부도 좀 쫀쫀해지신것같고
비결좀요",0,2024-06-25
5d7HmA83PWw,UgxZA9fx8Z_BTnGr9Uh4AaABAg,@agaritto,"얼음정수기 대신 그냥 정수기 사고 얼음메이커 있는 냉장고 사기 VS 얼음정수기 사기
어떤게 더 나을까요??",0,2025-12-05
5d7HmA83PWw,UgyAPZHFfq2oZQK0fEd4AaABAg,@봄봄-j6k,"미혼 남자지만, 음쓰 버릴 때마다 힘듦...정말 필요한 제품인거 같아요.",0,2025-12-11
5d7HmA83PWw,UgxLnoexHsXztdCYFR94AaABAg,@dongmoonPark,거덜난다.. 하나씩 장만하자!,0,2024-07-07
5d7HmA83PWw,UgwEwLAB9Rw0Sm5wJT54AaABAg,@yik9048,"그낭 돈 많으면 다 사라
없으면 형편에 맞춰 사라",1,2025-02-03
5d7HmA83PWw,UgxHU4RoL_R0jiP46LZ4AaABAg,@there2,소비가 많을수록 미래의 가난함을 사는것,2,2025-11-12
5d7HmA83PWw,Ugy4-NVeWnD-u2IZMzN4AaABAg,@미스터_추,IT유튜버가 사지말란건 사지맙시다,0,2024-06-26
5d7HmA83PWw,Ugz6PL2kX0Gzm1Gm2W94AaABAg,@ysshin8640,돈이 없는데 다 사라고하심 어케요😂😂,0,2025-07-28
5d7HmA83PWw,UgxHUUJbIgClsSmmFCd4AaABAg,@Loveuuuuuuuu,자막 광고가 가리는거 개킹받네;,0,2024-07-02
5d7HmA83PWw,UgzeTVzm1lXMb00DvDZ4AaABAg,@dodamdodam5336,애플제품 사라!!😂,1,2024-07-02
5d7HmA83PWw,Ugzge9XS--iRzKqlPJZ4AaABAg,@netsyak,없으면 어떻게 되나요   영상에 나오는거  하나도 없는데 ㅎㅎ,0,2024-07-20
5d7HmA83PWw,UgwEu7bMRjBsV82WN9J4AaABAg,@하하-t5v4t,결국 다사라!,0,2024-06-25
5d7HmA83PWw,Ugwv83kxU5vP6mrlf1h4AaABAg,@나이스플레이-b7v,"제습기 아무짝에 필요없음
각방에 에어컨 다 있는데 왜 굳이",2,2024-07-01
5d7HmA83PWw,Ugy_K-mvSsx6sFHV4JF4AaABAg,@구독한.미식가,왜 다 사라고 하냐고? 내 돈 아니니까,1,2024-07-07
5d7HmA83PWw,Ugw8qQZy6Ys6huQKWZN4AaABAg,@자꾸,다 사라니 사라다빵이 땡기네요,0,2024-06-29
5d7HmA83PWw,UgxjzubUi-BUX8vRcYx4AaABAg,@강대욱-n1y,다 사고 싶다 근데 돈이 없네요 ㅜ.ㅜ,0,2024-07-16
5d7HmA83PWw,UgznfQePJc15yBYM8px4AaABAg,@geteatfish4946,"사라다 vs 마라탕 
다사야되는건가...",0,2026-02-19
5d7HmA83PWw,UgwlTtxmTfO1VZzQHFd4AaABAg,@PJM1029,아내가 사라다 좋아하는데 사야하나요,0,2025-04-01
5d7HmA83PWw,UgzHanAjSFQEentmxI94AaABAg,@gtr8575,1960대  중반 미국에서 우울증이 폭증을 하고 우리나라  지금 우울증 폭증 이유는?,1,2024-07-07
5d7HmA83PWw,UgwBw0nCuXeC-cay2yl4AaABAg,@ohjes_ohlor,ㅋㅋㅋㅋㅋㅋㅋ다 사라고 한다고 하시는 분도 있는 것 같은데 이언니 육아템에서는 사지마라가 더 많아요ㅋㅋㅋㅋㅋㅋㅋㅋㅋㅋㅋㅋ애들 취향타서ㅠㅠㅠㅠ,0,2026-05-05
5d7HmA83PWw,Ugzv7dgcX9I7ut0s9Fl4AaABAg,@rtgj5146,식기세척기는 안사야 로봇 청소기 집이 크면 필요 안함   우을증  시작이 세탁기나오고 냉장고나와서 시작 되었답니다,0,2025-03-14
5d7HmA83PWw,Ugzy_BWHySsUiKcHt4t4AaABAg,@kkkktv6219,음식물처리기는 미생물용이다부분인데 절대사는거아닙니다. 이유는 유툽검색해보시길 절대 사는거아닙니다.,1,2025-10-21
5d7HmA83PWw,UgzHpoFylGiq6FL4QEh4AaABAg,@용.선이네4남매,그래 다있음좋겠지,0,2024-07-08
5d7HmA83PWw,Ugx619Z1b_f9o9m0VPF4AaABAg,@v587leechard,돈있으면다사라 언젠간 쓸수있을거다 아마도,0,2024-06-25
5d7HmA83PWw,UgxMt3wLYQCj_FQJMYp4AaABAg,@jhk9833,사라코너 ㅋㅋㅋㅋㅋㅋ,1,2024-06-27
5d7HmA83PWw,UgwQ1JnvlmPFjeojgxd4AaABAg,@가을의전설-b3n,걍 다 사라 사~~~😊,0,2025-03-04
5d7HmA83PWw,UgyN0iSUE7zhV83y9xh4AaABAg,@humanchuchu4169,유선청소기가 흡입력 좋아서 유선 청소기나 하나 사시고 ... 로봇은 바닥에 뭐가 없어야 하는데 많은 집이면 안사는게,0,2024-07-01
5d7HmA83PWw,Ugx-6hnM_j3Q9RoBrAJ4AaABAg,@베닉-k7f,...옆동네 에디터b도 그렇게 사신다 하던데....,0,2024-06-25
5d7HmA83PWw,UgzqqMEObMMDNqVu25F4AaABAg,@snow-mc6fo,집이 크면 다 사라~~😊😊😊,0,2024-07-08
5d7HmA83PWw,Ugz1W1Z7A88NumKBCqd4AaABAg,@65bun,"우와, 취향이 달라도 너무 다르네요.",0,2026-01-02
5d7HmA83PWw,Ugw6TSB9J7_GetWjHeZ4AaABAg,@xhzmdxhzmd,"ps5 사라, xbox 사라, 닌텐도 스위치 사라",1,2024-07-01
5d7HmA83PWw,Ugxb95KcT3_-KLWnz1N4AaABAg,@codnjs1996,"근데 개인적으로 로청은 진짜 필수임...
나는 혼자 빌라에 사는데 본가에서 쓰던거 다른걸로 바꾼다길래
필요없으면 달라해서 쓰고있음
예약청소 걸어놓고 퇴근하고 집에 오면 바닥이 다름...
바닥이 뽀득뽀득하고 머리카락 밟히는게 없음
심지어 이게 매일 이렇다는 거임...
본가의 경우 강아지가 있어서 조금 덜하긴하지만
그래도 로청이 없는거는 상상이 안된다고 하심
특히 요즘 로청은 진짜 구석구석 청소해줘서 별도로 청소기를 안돌려줘도 될정도임 걍 바닥만 얘가 청소하기 좋게 치워두면 됨",0,2026-02-01
5d7HmA83PWw,UgxIR_Ajte2qdVCeY5R4AaABAg,@dtee-b4b,로봇청소기빼고 다 사지마라,0,2024-07-02
5d7HmA83PWw,UgyFCa3FbIQB5C5bXI94AaABAg,@disliked_you,제습기 사놓고 신발말리는데나 쓴다 에어컨 있으면 사지마라,1,2025-12-06
5d7HmA83PWw,UgzwTon9jMVfDR5pX8l4AaABAg,@jayyoung3201,파산했습니다 감사합니다,0,2024-07-06
5d7HmA83PWw,UgxZ-c3T9px_KE6qUB94AaABAg,@seolland,기승전 사라   무적권 sara,0,2024-06-26
5d7HmA83PWw,Ugxaz9d6wSiPvtnDYEt4AaABAg,@바닐라라떼염,다사래;;,1,2024-07-13
5d7HmA83PWw,Ugwibqyz9uXhaPGoLsx4AaABAg,@약과-n8l,식기세척기 얼음정수기 빔 스피커는 자본 집 매매로 사고도 여유돈 2억 남아돈다하면 사세요....,0,2025-06-23
5d7HmA83PWw,Ugzig4hX6gaSQeMA8yt4AaABAg,@고주영-h9x,사라!!~앙 스럽다.. ㅋㅋ,0,2024-06-25
5d7HmA83PWw,Ugzu7ZeVSz5vPXCeYSt4AaABAg,@jnko2904,저거 다이용하는 사람 못봄 ㅋ,0,2024-07-08
5d7HmA83PWw,UgxnEPu-rZALbg7bfVx4AaABAg,@youngjunan,사라에게 사라가,0,2024-07-02
5d7HmA83PWw,Ugyvvpi7QxkNGPxW3I14AaABAg,@kjjhgg766ccdf,"공중파 안보고 ott만 주로 본다
빔프로젝트 사라? 티비 사라?",0,2024-06-26
5d7HmA83PWw,UgzhHm7JdwjxlXM-pgZ4AaABAg,@-..-..-..-.-.,마라탕,0,2024-06-29
5d7HmA83PWw,Ugx_5E6Lg4OgfN67uhh4AaABAg,@Britishrockspirit,장비중독자가 무슨 권리로 이런 지름조언을!!,0,2024-06-26
5d7HmA83PWw,UgwEZw_WYa77CtL-DV14AaABAg,@빛나는오늘더빛날내일,뭘 다 사래....,0,2024-06-25
5d7HmA83PWw,UgzSaUJKskkJYZ0nDWB4AaABAg,@샤카붐-z9q,평생 월평균 월급 300도 못넘는 진짜들이 연봉높은사람이 사라는거 다사노 ㅋㅋㅋㅋㅋ,0,2025-05-16
5d7HmA83PWw,Ugz1gfKMH9cfzQjYVG94AaABAg,@firebird827,걍 다 사지마라 붤 자꾸 사래 .,0,2026-01-28
5d7HmA83PWw,UgzdC2kzo8PyZX7SrWF4AaABAg,@정신차리자-m2,아무리 기계가 편의성이 좋고 발전 했다고 해도 식세기 로청 요런거 무조건 사라는 사람은 게으른거임 아무리해도 로봇의 한계는 있음,0,2025-07-09
5d7HmA83PWw,Ugw7YCcvRPCaj2zaoxR4AaABAg,@liku0318-f1x,돈있으면 그냥 다 사라,0,2025-11-11
5d7HmA83PWw,UgzT0PfP8V7Rij2RtBJ4AaABAg,@dv2032,가전주부와 결혼했다면 무조건 사줘라~,0,2025-06-03
5d7HmA83PWw,UgyQH8f0TUJD19iPib54AaABAg,@kihongkim1824,제일 중요한거 빼먹네... 건조기.. 꼭사야된다.,0,2024-06-29
5d7HmA83PWw,UgyeHuhIXmkZ4anzVtt4AaABAg,@고먐-p4r,"식세기 건조기는 무조건 사라
로청도 왠만하면 사라",0,2024-09-09
5d7HmA83PWw,UgyS6cEEf4V6qBRM6yp4AaABAg,@user-gajeteman,일단 결혼해라 마라부터,0,2024-07-06
5d7HmA83PWw,UgwyEqX5CaRMutKmSK94AaABAg,@sr2376,"1로청
2건조기
3음쓰
----------------------
4제습기
5식세기
-----------------------",0,2026-06-08
5d7HmA83PWw,UgxCIWBOIXMOaPlUL-94AaABAg,@ESFP벨라,다른건 몰라도 제습기 건조기는 꼭 사라입니다 삶에 질이 달라져요 아기 있으면 필수에요 제습기로 습도 조절 건조기는 먼지털이까지 되어서.. 로봇청소기는 아기가 집어던집니다 좁은집이면 살필요없어요 식기세척기는 그래도 애벌설거지 해야해서 호불호 갈립니다 저는  없어도 된다에 한표 음식물처리기도 바로바로 버릴 자신없으면 사라입니다 저는 블루투스스피커 보다 커피머신 추천합니다 정말 커피값이 엄청 줄어듭니다,1,2025-10-07
5d7HmA83PWw,Ugydh5-YY8XUko04nKZ4AaABAg,@지토드,"1) 식세기 - 밥을 집에서 잘 안먹는다. 사지 마라
2) 음식물처리기 - 음식물 많이 안나오고 바로바로 버리는게 습관된사람 안사도됨. 자리도 생각보다 많이 차지함
3) 제습기 - 이건 그냥 딱 말한다. 사라
4) 로봇청소기 - 20만원 앱연결+스테이션 있는 가성비 모델 일단 사서 써봐라
5) 정수기 - 개인 취향 차이 영역임. 얼음기대하지말고 언더싱크 정수기 사라",0,2025-10-29
5d7HmA83PWw,UgwhgUCs48vWrLVDjLR4AaABAg,@joungsoungmin3224,아즘니   문제는 돈이야,0,2024-08-06
5d7HmA83PWw,UgzLUMoIUcYM-mVzAcx4AaABAg,@INTP__,공기청정기 무선 선풍기 로봇청소기(걸레 가능한걸로) 사라,0,2024-06-30
5d7HmA83PWw,UgyAmOabOTZM-SZuMBF4AaABAg,@연석-p3v,오 결국 다 사라인데 곧 결혼을 안두고 가전제품 찾아보는 입장에서는 빔프로젝터 빼고는 다 살꺼 같네요ㅎㅎ 😂😁,3,2024-06-25
5d7HmA83PWw,UgyXLLkao9-o0Wn3_LV4AaABAg,@Primerister,누나그래서 다해서 얼만가요 300원밖에없어요,0,2024-06-29
5d7HmA83PWw,UgweXLXocLkAh_RDIO94AaABAg,@TheRatm1357,왜 다사라? ㅎㅎ,0,2024-06-25
5d7HmA83PWw,UgxivjND2_IwHAxGzf94AaABAg,@행복하자-l6w,돈이 없어 못산다..,0,2025-07-25
5d7HmA83PWw,UgzmmQwiG9Zbv5j59R14AaABAg,@mhl9031,다 사라,0,2024-06-25
5d7HmA83PWw,UgzYYXLZFzoaZgETAzB4AaABAg,@op00er00,일단 사라,0,2024-06-25
5d7HmA83PWw,Ugyo5K9jA8-xDhhX0I14AaABAg,@deerwatersubseawellhead1263,살아 보다 사라,0,2024-06-30
5d7HmA83PWw,Ugw07fKTknkZMSUrSOF4AaABAg,@리바이의개롤트,"가전칠무해=식세기/건조기/무선청소기/로봇청소기/의류관리기/제습기/공청정기
가장 체감이큰것
1.건조기=이제 건조기는 에어컨,세탁기처럼 기본임
2.무청=유선청소기 쓰다가 이거쓰면 그동안 유선 어케썼노 체감됨
3.로청=출근할때 청소예약해두면 퇴근할때 좋음
4.의류관리기=의외로 체감됨, 퇴근하고 넣어두면 좋음
5.제습기=의류관리기에 대부분 제습기능있어서 근데 있으면 좋음
6.식세기=요리안하면 체감안됨
7.공청기=내기준 가장체감안됨",0,2026-02-21
5d7HmA83PWw,UgyO6Inyjcs3Ani9FVB4AaABAg,@앤디현준호,뭘 다 사래ㅋㅋㅋ,0,2024-06-28
5d7HmA83PWw,UgwPqNUFTGNAzD8it754AaABAg,@짱구2458,솔직히 없어도 잘산다,0,2024-07-12
5d7HmA83PWw,UgyGvB8C0qZs6zI_6Lh4AaABAg,@별이-k4n,이모든거 안사고 돈모으면  인생이  빠름,1,2024-06-26
5d7HmA83PWw,UgxIKxBbPiB08b7hBq14AaABAg,@samdasu-h8i,"죄다 사래

이게 무슨 신혼이야",0,2025-01-10
5d7HmA83PWw,UgxiE0ZZowMqL9YK7kh4AaABAg,@블루밍천사,"음쓰처리기 우리아파트는 사지마라
1층에
음쓰버리는통있어서 바로 버리면됨",0,2024-07-02
5d7HmA83PWw,UgwRZYDbPnBelcBkdL54AaABAg,@rael725,건조기가안나오넹,0,2025-01-14
WXL9_Z7x8Xs,UgzcB-x5y1NHHv6vOSJ4AaABAg,@godls9351,더보기가 없어요…😢,8,2025-11-06
WXL9_Z7x8Xs,UgwmNxf9MOGuMPEdM714AaABAg,@베니-o7y,어느 지역 지점에서 하셨나요,2,2026-02-18
WXL9_Z7x8Xs,UgwPRL0eUpZBd_M-k6R4AaABAg,@user-nt7nt4kc4d,"보여줄려면 다 열어서보여주시지😅
전부 다 얼마들었을까요? 다 사야 되는거거든요
삼성보다 싸려낭요?",18,2025-08-09
WXL9_Z7x8Xs,Ugx3-KoheIHVnncA7eR4AaABAg,@Peach_kuoca,어디서 구매하셨는지 알수있을까요 ㅠ,8,2025-11-20
WXL9_Z7x8Xs,Ugz7CjHZL3E2wIh549N4AaABAg,@heasungpark,가전은 명불허전..lg쥬,1,2026-05-03
WXL9_Z7x8Xs,Ugy7eqzoUbFzhBRhF-B4AaABAg,@뽀로로-k4y,링크 클릭이 안되요.. 그냥 알려주세요ㅠ,3,2025-12-21
WXL9_Z7x8Xs,Ugzl_erOKG7uaoQ1dOx4AaABAg,@으히힣,구독도 하신건가요?,1,2026-01-02
WXL9_Z7x8Xs,UgybOvzR5Fl8MVkxPf94AaABAg,@이승환-h5o,1600?,0,2026-02-07
WXL9_Z7x8Xs,UgyxMMgDHc0v0tra9PV4AaABAg,@songten-u9n,아오 추천금지,5,2025-12-27
WXL9_Z7x8Xs,UgwYt_cJoRSVXZHPIeZ4AaABAg,@뜨겁-z4s,인터넷으로 사는게 젤쌉니다,0,2026-03-16
WXL9_Z7x8Xs,UgxdOKQjVqjefEIEbhJ4AaABAg,@원이에요,"🏡신혼 LG 가전 10종 이렇게 샀어요! ⠀
가전 리스트와 최종 견적 모두 공개합니다 🙂 ⠀
⠀
가전을 구매하면서 느낀건 시간이 지날수록 견적이 오른다는 거예요. 그래서 입주 일정이 정해지면, 미리 가전 구매하고, 배송일을 입주일정으로 맞추는 것이 좋더라구요!⠀
⠀
LG 가전 고민중이신 분들을 위해 ⠀
제품명, 모델명 공유드려요! ⠀
⠀
1. LG DIOS fit & Max 냉장고 (M626AAA032)⠀
2. LG DIOS 김치 냉장고 (Z323GB8)⠀
3. LG QNED 75인치 (75QNED85TKW)⠀
4. LG 올인워시 워시콤보 + 미니워시 (FH25EAEX)⠀
5. LG 스타일러 오브제컬렉션 (SC5GMR60)⠀
6. LG 코드제로 오브제컬렉션 A9S (AX958AWE)⠀
7. LG 디오스 오브제컬렉션 트루건조 14인용(DEE6BG)⠀
8. 쿡탑 전기오븐 (MLJ32ERS)⠀
9. 오브제 얼음정수기 (WD721RK)⠀
10. 와이드 미라듀어 인덕션 (BEF3AMB4)⠀
⠀
➡️ 최종 결제 금액 = 21,840,000원 ⠀
➡️ 최종 혜택 금액 = 14,930,000원 ⠀
(페이백, 상품권, 포인트 등 적용 시)",4,2026-02-11
WXL9_Z7x8Xs,UgzK9B_-0OKj1VjnncR4AaABAg,@칸딘스키-m2v,AS가 엉망 이라서.ㅠㅜ,1,2025-12-07
UznVuoN7VZU,UgzF1sgYdJll88_CHSp4AaABAg,@shm7059,"집이 계곡을 끼고있어 가습기 필요없고,
햇빛 비치는 날이면 10걸음만 나가서 마당에 빨래 말리면 요즘 날씨에도 한시간이면 뽀송뽀송 말라서 건조기 필요없고..1년 내내 미세먼지 수치 안봐도 되는 곳에 사니 공기청정기도 필요없고, 
마당엔 감나무4그루, 매실1그루, 배나무2그루 사과나무 2그루, 호두나무1그루, 밤나무2그루가 먹을것도 제공해주니 넘 좋네요..
아직 신혼이고 직장 등 도시생활이 필요하고 좋겠지만
나중에라도 다른 스타일의 느린 삶도 살아보면 그것 또한 인생의 소중한 경험이고 추억이 될거에요..
써놓고보니 어르신이 쓴거같지만 저도 아직 젊고 아이도 어립니다...ㅋ",2,2024-11-18
ruUBMWHOL1I,Ugxz8qUICtyOfvyvoQ54AaABAg,@countrysidemouse,"아... 별 생각없이 신혼집을 가성비 가전가구로 차곡차곡 채웠던 과거의 나여...
심지어 리뷰 좋은 걸로 엄선해서 샀는데도 이렇습니다 😇
한편으로는 가성비로 샀기에 쉽게 버릴 수 있는(?) 장점도 있네요. 
신혼 선배님들, 동의하시나요 ! ㅋㅋㅋ 
제가 모르는 조언들도 댓글로 마구마구 남겨주세요 ♥

-----------
*골쥐네 신혼 자산관리표
https://jinjeongsung.netlify.app/?t=10&d=a

* 시골쥐가 운영하는 기초 경제스터디, 리치마우스
https://jinjeongsung.netlify.app/?t=11&d=w

*내 경제레벨 테스트 해보기 (3분컷!)
https://jinjeongsung.netlify.app/?t=10&d=t
-----------

* 타임라인
00:00 확고한 딩크 아니면 사지마세요
00:15 1. 저렴한 가전제품
03:00 2. 자동차 SUV
06:03 3. 1-2인용 세탁/건조기
07:00 4. 소파
08:07 5. 냉온수되는 정수기
09:47 6. 퀸사이즈 침대
11:15 추천/비추천 육아템 갈까요",81,2026-06-01
ruUBMWHOL1I,UgzW-93AGSC9xIpxFCl4AaABAg,@ocean4986,소파버리는건 비추에요!! 애기도 조금만 더 크면 (두돌만 되어도) 소파가필요해요… 그리구 어른도 사는 집이잖아요 … 애기한테 모든생활을 다 맞춰줄 필요는 없습니다,205,2026-06-02
ruUBMWHOL1I,UgyrhCP06u2F-NnzFEZ4AaABAg,@happy6734,육아템도 추천 부탁드립니다❤,439,2026-06-01
ruUBMWHOL1I,UgxgkiKm-tCF01KEtnV4AaABAg,@이름성-x9m,"인생이 돈만으로는 굴러가지 않는다...
드디어 사람냄새 나는 골쥐언ㄴ....,,,🥹💙💙",198,2026-06-01
ruUBMWHOL1I,Ugzsw8vXsev7sEpgHnh4AaABAg,@유니콘그리미-p3s,가전제품은 무조건 대기업이 최고에요. 좋은거 사서 오래쓰면됩니다. A/S도 잘되고 기사님들 엄청 친절하시고요. 😊,30,2026-06-03
ruUBMWHOL1I,UgxJev6-bbJCJQ-kHxh4AaABAg,@stay_bb,"가전제품은 무조건 돈 더 주더라도 대기업 추천이요...ㅋㅋ 가성비 따지다가 결국 돌고돌아 대기업으로 정착하게 될 겁니다,,,ㅎㅎ 신혼가전 싹 다 엘지로 장만해서 아주 만족중~~",67,2026-06-01
ruUBMWHOL1I,UgxgLhr9RYGay_G9jhl4AaABAg,@오이무침-k8h,전자제품은 대기업 비싼 라인 추천합니다 그게 돈 아끼는거에요,238,2026-06-01
ruUBMWHOL1I,UgwzK2LCh4w8Vgk1HsZ4AaABAg,@악어Z,오늘의집...오늘의함정 겁나많음 ㅠㅠㅠㅠㅠ,140,2026-06-01
ruUBMWHOL1I,Ugz0v9RKIp8SULj0WGF4AaABAg,@hihi-jjj155,소파는 애기 있어도 사용하는데 문제없고 앉았다 일어섰다 하기 너무 힘듦.. 소파는 무조건 있어야 된다고 봄.. 냉온수기는 없는데 문제없음 이 부분은 사람 성향에 따라 갈릴듯 브리타 써서 물병에 옮겨서 냉장고에 담아놓고 쓰고 그대신 얼음 우리는 얼음이 자동으로 얼어서 툭툭 떨어지는거 그거 진짜 편함 ㅇㅇ 그리고 오히려 커피포트 대신에 처음부터 분유포트 사는것도 좋은 선택이라고 생각함 온도 조절도 되고 커피포트로 쓸수도 있고 ㅇㅇ 그래서 내 친구는 처음부터 커피포트 안사고 분유포트 삼 ㅋㅋ,26,2026-06-02
ruUBMWHOL1I,UgzydmcInc0DmE1YeqJ4AaABAg,@dailueossda,"그리고 절대 사면 안되는 가구는 엔틱/공주풍 가구입니다... 애기 낳고 싹다 버리게됩니다.. 프레임  딱딱한거 모서리있는거 다 X.... 애가 조금만 기어도 서려해서 온 집안의 모서리와 각진 부분에 박아요.. 제 친구 아이는  티비 서랍장 모서리에 박아서 앞니 2개 다 부러졌어요... ㄷㄷ  가구는 최소한으로 사시고 소파도 쿠션,침대 프레임도 푹신한거 하셔요... 화장대 필요없습니다 ㅋ 나중에 짐됩니다.. 원목가구 좋다고 소파도 침대도 프레임을 싹다 원목으로 하시던데 노노..위험해요.. 그리고 소파는 성인이 편하게 누울수 있는 사이즈로 사셔요 ㅋ 제 2의 낮잠 침대입니다..  진짜로 소파에 많이 누워서 쉽니다... (저요 저)",55,2026-06-01
ruUBMWHOL1I,UgxJWqQVuEVdVstsjPd4AaABAg,@끼노드랍더비트-g3h,너무너무 공감되요!!!!!! 신혼살림 채우는 친구들한테 제가 매일하는 말이랑 똑같아여....ㅠㅠㅠㅠㅠㅠㅠㅠㅠㅠㅋㅋㅋㅋㅋㅋ이놈의 정수기....퀸사이즈 침대...suv.....모든게 공감이요 ㅠㅠㅠㅠㅠ,15,2026-06-01
ruUBMWHOL1I,UgzySbOc8eTiUjmGY_p4AaABAg,@Bedtime_info,"청소기는 로청+가성비 무선 조합도 좋아요.
로청 안쓸거면 좋은거 사야하고요.
로청 있으면 청소기 많이 안쓰게 되더라고요.
둘다 좋은거 사기엔 너무비쌈 ㅠㅜ",12,2026-06-02
ruUBMWHOL1I,Ugw-_HHN9oTe1auz-d94AaABAg,@다솜-g6p,육아템 추천/비추천 알고싶어요!!!,85,2026-06-01
ruUBMWHOL1I,UgxN6UmPtrLLT221N7Z4AaABAg,@SUY-SRI,5년전꺼 주린이 영상보다가... 지금꺼보니 어디 돈 많은 사모님 포스가 나네요... 성공했다... 골쥐...,14,2026-06-01
ruUBMWHOL1I,UgzfjSqrTJSxNu4leBF4AaABAg,@user-ju3mt4et6s,Hype 버튼 힘차게 눌렀습니다 (신혼이지만 육아에 관심 많은 1인),22,2026-06-01
ruUBMWHOL1I,UgzO20QAZzKLfLKXQnJ4AaABAg,@domo-o3s,"시골쥐님과 항상 2~3년 텀을 두고 생애주기 따라가는 골쥐입니다ㅎㅎ
항상 선배님 얘기다~ 생각하고 들으니 육아템도 기다리겠습니다!",8,2026-06-01
ruUBMWHOL1I,Ugyl1ItZS6ODU5HoSCF4AaABAg,@hanbi3651,딩크여도 1인가구여도 가전은 제발 대기업 얘들아 미래에서 외친다 STAY 가전은 대기업이다............. 뭐 선풍기 이런거는 가성비 사도 되지만 냉장고 세탁기 에어컨 이런건 무 조건 대기업 사세요 제발 하.... 다시생각해도 너무 화나네,2,2026-06-08
ruUBMWHOL1I,UgypDM_os6mhlE1x7Ut4AaABAg,@짐고고중,"진짜오늘의집은공감됩니다
진짜애기키우는 육아골지님보니
과거 갈색머리 똑부러지는20대 소녀에서  육아 하며 성숙해진
아는동생성장같아 응원합니다",22,2026-06-01
ruUBMWHOL1I,Ugxo2Ups2k_yrMTOy8F4AaABAg,@nami_seon,"소파 추천인데요.. 무릎 허리 나가서 바닥에 앉기힘든데 소파는 무조건 있는게 나아요 
물론 아기 걸음마할때는 안위험한데 없는데 전체 바닥매트시공하면 층간소음 방지도 어느정도 되고 안전하니 조금은 맘놓아도 되여
그리고 걸음마 지나서 말귀알아듣는 시기오면 아기들도 소파에서 안전하게 뒤로 내려오고 앉아서 미끄러지듯 내려옵니다 ㅋㅋ",24,2026-06-01
ruUBMWHOL1I,UgxVj8cpMlGBXnprUgF4AaABAg,@soo8816,"와..요새 임신하면서 자동차랑 침대때문에 고민중이었는데 좋은 정보 넘 감사해요ㅎㅎ
육아템도 넘 알고싶어요~~",8,2026-06-01
ruUBMWHOL1I,UgzlCYOU5bjF50uy8sB4AaABAg,@박경민-h8s2e,"청소기 ..! 진짜 공감돼요ㅠ 저희도 3개월 정도는 잘 썼는데, 
흡입력이 안좋아서 필터 청소도 열심히 하고, 배터리도 갈아봤지만...똑같더라구요ㅠ

육아템 추천/비추천도 너무 보고 싶어요 !!! 🤍",18,2026-06-01
ruUBMWHOL1I,UgzoyFNtfVnzKFWOjc94AaABAg,@sjk5351,"소파, 침대는 필요해요. 바닥에 오래 앉아있음 허리 나가요..",6,2026-06-02
ruUBMWHOL1I,Ugzue-mBspMKYRejE954AaABAg,@kpark2778,2인가구여도 가전은 걍 거거익선... 세탁기 건조기 용량 제일큰거 필수 (이불 겨울옷 등등) 냉장고도 키친핏처럼 개작은거 사면 김장김치넣으면끝남... 절대언댐 ㅠㅠ 2인가구여도 가전은 거거익선하세여ㅠㅠㅠ😊,6,2026-06-02
ruUBMWHOL1I,Ugy4PnHysYrUaOGQOax4AaABAg,@스투키-i5y,솔직한 실패담 비추천 후기 너무 잘 듣구가요 공유해주심에 감사합니다,2,2026-06-01
ruUBMWHOL1I,Ugx2YKAUwjPyX_iPxIR4AaABAg,@jins9128,"소파 조금만 더 있음 걷는데 도움되고 소파 오르락 내리락하면서 잘놀고 어른들처럼 앉아서 책보고 놀고해요 버리지 마세요. 나중에 다시 사게 될거에요ㅠㅠ
퀸침대도 굳이 버릴필요 없어요. 저도 남편이랑 각방 쓰는데 애 둘이랑 퀸침대랑 슈싱 붙여서 써요. 나무로된 침대 가드 많이 파니깐 그거 설치하면 굴러떨어질 위험도 없구요. 저는 이사할때 임신중이여서 쌍둥이인거 알아서 퀸, 슈싱 샀는데, 그런거 아니라면 부부가 싱글 두개 쓰는것도 좋은거같아요.",2,2026-06-02
ruUBMWHOL1I,UgwxVPzUDSphXIOF80N4AaABAg,@qazwsxedcrfv01,인간의 존엄성 ㅠㅠ 맞아요 얼음정수기 사고 인생이 바꼈습니다..,4,2026-06-01
ruUBMWHOL1I,UgyVXSOwzjKIgOCVcVF4AaABAg,@jeun6583,쏘렌토 광고영상인줄욬ㅋㅋ 쏘렌토 말하실때 진심이 느꺼져욬ㅋ,1,2026-06-11
ruUBMWHOL1I,UgzYFsqcLWVo1CytbiV4AaABAg,@박성수-r2w,"하이체어는 70만원짜리비싼거 쓰긴했는데 비싼거산건후회하는데 10만원짜리싼하이체어는 나중을위해서라도필요하긴해요 처음아기때는필요없는데 아빠엄마도 같은밥상에서 아이랑시선마주치면서 먹어버릇해야 나중에도 습관들여서같은눈높이에서 먹을수있고 요즘은하이체어도 되면서 로우변형되는것도있긴함 
저희도하이 쓰다가 낮은버전으로살껄..후회하다가 낮은버전도 추가구매했더니 아기가 어떤날은 하이체어 어떤날은 로우체어로 꺼내달라고 칭얼대는거보고 절실하게느낌.. 
휴대용체어는 차에싣는거는 따로추가구매하는게나을듯요 
어디놀러갈때필요
나머지  소파나 침대 청소기 가전제품은 골쥐님생각완전 쌉공감됩니다 ㅋㅋ 
소파괜히비싼거삿고 침대저희도 비싼거삿다가 둘째낳고 고민하다 처분함요ㅋㅋㅋ 토퍼쓰고살아요",8,2026-06-01
ruUBMWHOL1I,UgxvMwr7fnLclQCUaVB4AaABAg,@horang1684,"무선청소기 슬쩍 지나갔는데 딱 저희집에 있는 청소기네요...! 처음에는 진짜 흡입력 좋아서 주변에 추천해서 지인도 사고 그랬는데 딱 몇개월 지나니 좋은건지 안좋은건지 모르겠더라구요. 그냥 평범한 무선청소기가 된,,, 그냥 잠깐 돌리거나 원룸에서 쓰기엔 아주 좋고요, 아파트에서 저걸로 모든 방을 다 청소하겠어! 하면 비추입니당 저도 사은품 준다기에 열심히 리뷰 써서 물걸레 헤드 받고 그랬는데,,, 그리고 하,,, 그놈의 박스...! 안그래도 좁은 집에ㅠㅠ 코딱지만한 원룸에 어떻게든 박스를 욱여넣어서 더 좁게 살았네요😅",1,2026-06-10
ruUBMWHOL1I,Ugzb8Dvq4pu0cn7MjjJ4AaABAg,@김지수-y8z1j,하나하나 다 공감가서 댓글을 안쓸수가 없어요 ㅠㅋㅋㅋ 애키우니까 더 공감가나봐요 !! 저는 정수만 되는 정수기 신혼 때 뭣모르고 샀는데.. 😂 매번 얼음 얼려먹는게 넘 귀찮아요 ㅋㅋㅋ 하지만 몸에 좋겠지~ 정신승리하며 10년까지 버텨보렵니다 하하하,4,2026-06-01
ruUBMWHOL1I,UgxZb-cvxr3x0LshAKZ4AaABAg,@밸루tv,"우와, 저랑은 완전 반대네요 ㅎㅎ
저는 SUV가 짐도 많이 실리고 더 좋을 것 같았는데, 막상 타보니 승차감이 너무 힘들게 느껴지더라고요. 그래서 결국 일반 승용차로 바꿨어요ㅜ
선루프도 처음엔 꼭 있어야 할 것 같았는데, 막상 사용하다 보니 나중에는 거의 안 쓰게 되는 것 같고요.
그리고 소파는 정말 필수라고 생각해요. 없으면 발목이랑 무릎에 부담이 많이 가더라고요.
아기 세탁기는 가격도 저렴한 편이고, 어른 세탁물과 세제를 같이 쓰는 게 조금 꺼려지기도 해서 따로 사용했어요. 삶음 기능도 큰 세탁기보다 시간이 짧아서 꽤 유용하게 잘 썼고요.
물론 이건 어디까지나 제 개인적인 생각이에요~~ 요즘은 워낙 좋은 제품들이 많아서 참고만 해주셔도 될 것 같아요 :)",0,2026-06-12
ruUBMWHOL1I,Ugxtu_I-gQCKmYS2Aol4AaABAg,@럭키비키열무,이런 꿀팁 너무너무 좋아요!!! 육아템 버전도 기대하겠습니다..🥰🥰,0,2026-06-02
ruUBMWHOL1I,UgyjrnYZbCh6Djl9OCp4AaABAg,@raaa395,"혼자살아서 골쥐님 밀씀하신거 다 필요없지만 청소기는 진짜 공감...
배터리까지 교치했는데 또 고장나고야말았다^^^^",1,2026-06-08
ruUBMWHOL1I,Ugx6RKTXWJ0MNawfjbd4AaABAg,@mochacotton,"다음에 꼭 참고해야겠어요~ 골돈골산으로 찐 후기 남겨주셔서 감사합니다 ㅎㅎ

육아템도 기대기대~",0,2026-06-02
ruUBMWHOL1I,UgwbB8gFtUDmjZ2QojN4AaABAg,@시현-e8n,"소파는 아기가 조금 더 크면 필요해요. 아기가 잡고 넘어지는 시간을 지나면, 잡고 걷기도 하고, 잡고 올라가서 앉아 있어요~ 그 시기 못 버티고 버리면, 또 소파 새로 삽니다.",17,2026-06-01
ruUBMWHOL1I,UgzP857Cjcxi7XCDJhV4AaABAg,@우-c8d,캬 진짜 찐 후기이네요.🎉🎉🎉,2,2026-06-02
ruUBMWHOL1I,UgwS3KOxzx47JHDkzB14AaABAg,@눈덩이-q4p,육아추천템 완전 필요해용!!!😆,3,2026-06-01
ruUBMWHOL1I,UgwCAYG6TOcqAQpctAt4AaABAg,@eunbyeollee9713,"침대ㅠㅠ 제일 큰거 샀는데도 애물단지에요..
결혼하고 4인가족 되는거 금방이더라고요ㅠㅠ
처분하긴 아깝고 쓰자니 넷이자기엔 애매하게 작고...
침대 하나 더 넣기엔 기존 침대가 너무 크고...😢",7,2026-06-01
ruUBMWHOL1I,UgwGgt-DSDYASHmEU8Z4AaABAg,@윤진이와의해피컴퍼니,소파는 갠차나요. 짚고 걸어다니기 연습 잘하구요 올라가는 연습도 하고 떨어져도 보고...ㅋㅋㅋ 바닥에만 앉으면 부모들 쉴데가 없어요ㅠㅠ,4,2026-06-02
ruUBMWHOL1I,UgxHPaqNIHzjrenA1ed4AaABAg,@swlswl-i9z,사람 냄새 나서 좋아요ㅎㅎ 골쥐님~ 육아템도 알려주세요,2,2026-06-01
ruUBMWHOL1I,Ugy54ZrUhtUbHub1k994AaABAg,@교동동-t7z,"12월 출산예정이에요~~
골쥐님 안그래도 요새 계속 육아 관련해서 보고잇는데 골쥐님이 설명해주시니 더더욱 알찬거 같아요:) 미니멀리스트 추천아이템 감사해요:) 육아관련 영상도 올려주세용❤",0,2026-06-03
ruUBMWHOL1I,UgzoRx7xgnMtxvM0lsR4AaABAg,@가면-c1w,"아기 키울때 생수통 버린다고 힘들었어요ㅎ
정수기는 신세계입니다ㅎㅎ",4,2026-06-01
ruUBMWHOL1I,Ugwnrm-CZzmF8vNYcJp4AaABAg,@jerry_k_1,육아템 기다리고 있을게요🙌,3,2026-06-01
ruUBMWHOL1I,UgxEiwW3FPRjpNZe3l94AaABAg,@jar2407,오 좋은정보감사합니다 다음번에 육아버전도 부탁드려요,0,2026-06-03
ruUBMWHOL1I,UgyvAUQjRI0g2S-7dpJ4AaABAg,@이거왜샀지,소파 애어릴때 트름시킬곳으로 잘 썼어요..애도 잡고 걸음마연습도 잘 해서 비싼거만 안 사면 됨..차는 몇 년 지나면 애가 알아서 기어 올라가서 타서 자주 쓰는 게 아니라면 일부러 바꿀 필요까진 없었어요. 새로 산다면 suv좋긴합니다. 사실 육아용품 돈 다 아끼고 푹신하고 두꺼운 바닥매트사야함..ㅠ 특히 남아는 초등입학까지 깔아야할거같아요..,1,2026-06-03
ruUBMWHOL1I,UgxM8XTOj1ufJC856Xp4AaABAg,@돈가스-q8o,육아템!!! 미혼이어도 재밌고 유익해서 보고 또 애기생기면 또볼래요!!,1,2026-06-01
ruUBMWHOL1I,UgxgKcDjJZMmkIpQo8Z4AaABAg,@서연이-k8m,"당장 이번 주말에 혼수마련 발품팔러 갈 후배입니다!!!! 늘 너무 도움 많이 받아요 ❤
육아템 추천도 꼭 해주세요 ㅎㅎㅎ",0,2026-06-01
ruUBMWHOL1I,Ugzf7lchQxxleK6sjBF4AaABAg,@leegi_d4q,오잉 소파 위험한거 잠깐이지 애한테도 무조건 필요해요!! 놀이하고 책보고 간식먹고 티비보고~! 그리고 좀만 커도 계속 뛰어서 차라리 소파 위에서 놀게 해야해요... 오히려 튼튼한 소파로 바꿨는데 치우는 분들이 있다니 신기하네요ㅎㅎ 하이체어도 무조건 필요합니다.. 유아식 시작하면 애들 밥먹을 때 앉아서 못 버텨요... 친정 시댁가서 로우체어 앉히면 계속 일어나서 돌아다니려고 해요ㅜㅜ 하이체어가 식사예절 익히기 훨씬 수월해요!!,1,2026-06-03
ruUBMWHOL1I,UgxZS0hUhVtN1COn3dN4AaABAg,@김-c1m5x,가성비 가전가구 쓰는 1인 가구라서 신나서 들어왔는데 제가 기대한 내용과는 달랐지만..(?) 골쥐님 말하는게 재밌어서 집중하고 다봤네요 ㅋㅋ,0,2026-06-02
ruUBMWHOL1I,UgzPYu_HAYne1eYZStJ4AaABAg,@아하-z4z4v,토퍼 정보 궁금합니다!!!,14,2026-06-01
ruUBMWHOL1I,UgxtwcXXfLGDvOpSNqZ4AaABAg,@leejeenhwa87,토퍼...토퍼 알려주시면 안될까요?ㅠㅠ 토퍼 싼거 샀다가 허리 나갈것 같아서 새거 사고싶은데...ㅠ 뭐가 좋나요....ㅠㅠㅜ,10,2026-06-01
ruUBMWHOL1I,UgzKYDLaRC7nLI7ujrJ4AaABAg,@갈비라니꿀떡,저는 이럴줄알고 250만원짜리 소파 당근으로 25만원주고 사서 쓰다가 버릴생각으로…ㅎㅎ 정수기는 바로 냉온얼음정수기로!! 청소기는 애초에 처음부터 유선청소기!청소도 라지킹으로해버렸어요ㅋㅋㅋ,2,2026-06-07
ruUBMWHOL1I,Ugz5y3Q3TS72lUP8HQ94AaABAg,@crystalkim9449,임신직전이랑 출산브이로그보고 저도 얼마안되어 출산해서 넘 잘봤습니다 ㅎㅎㅎ,0,2026-06-02
ruUBMWHOL1I,UgwUFkPQGEciTjFIM5h4AaABAg,@qwerzzang1,육아템도 올려주세요!! 엄마되면 참고할게요 😂😂,1,2026-06-01
ruUBMWHOL1I,Ugza7w9PhjAW1NnNrEl4AaABAg,@ye-eunpark2181,오늘 영상 너무 도움 됐습니다~! 육아템도 추천 꼭 부탁드려요~~ 특히 하이체어 너무 고민돼요!!,0,2026-06-01
ruUBMWHOL1I,UgxPAEv-WjRLgiIuqwV4AaABAg,@neptune_10222,아침 첫 수 하면서 영상 보고 있는데 육아템 추천 비추천도 너무 궁금해요! 전에 삼 단으로 접히는 토퍼 신혼집 영상에서 추천해 주셨던거 저도 사서 잘 쓰고 있어요 손님 왔을 때마다 접었다 폈다 할 수 있어서 아주 좋아요 ㅋㅋ 베이비룸 사려고 찾아 보는 중인데 뒤에 울타리만 보이네요😆,1,2026-06-01
ruUBMWHOL1I,UgxLNTABkowtBdIhXWF4AaABAg,@moongku,마자요 그때 컴팩트한 정수기 구매하셨다고 추천하셨던거 기억나는데 결국 냉온수되는걸로 바꾸셨군요!! 냉수 무조건 필요해요 진짜요ㅠ,1,2026-06-01
ruUBMWHOL1I,UgyBGiKALHKg7W4-qhZ4AaABAg,@mean_it,저는 아직 비혼이지만 완전 공감돼요 좋은 영상 감사합니다 !!,0,2026-06-01
ruUBMWHOL1I,UgyxjzMqmjUqK4Q7Kx94AaABAg,@heygirl27,뭐랄까 육아에 대한 두려움은 있는데 관심도 있어서 참고해두고 싶습니다!❤,0,2026-06-02
ruUBMWHOL1I,UgyMERbDsgxdzd2N_jF4AaABAg,@reversesweep6246,육아템 영상 소원합니다!!❤,0,2026-06-03
ruUBMWHOL1I,UgywCcarGsDxEM9LOl14AaABAg,@키티키티-e7v,헉 신혼가전가구 보는중인데 도움 많이되네요!! 육아템도 궁금해요😆,0,2026-06-01
ruUBMWHOL1I,UgydxzIVf7G3sNkYbP94AaABAg,@Summer23617,진짜 올해 가을 출산예정인데 육아템 존버합니다 ㅠㅠ,1,2026-06-10
ruUBMWHOL1I,UgyK-0oDfdch7GHq_zZ4AaABAg,@욤둥둘리누나,소름돋아서 영상 보다가 댓글남겨요 쿠ㅋ무선청소기 사서 지금 6개월만에 흡입이 안돼요... ㅠㅡㅠ 고장나기전까지 진짜 가성비로 돈 많이 안쓰고 잘샀다 했는데 고장나고 보니 저같이 몇달쓰고 고장난 사람 엄청 많아오,13,2026-06-01
ruUBMWHOL1I,UgwCLChwNSuREV7FnFR4AaABAg,@우대망,뭐 그냥 아름다우십니다~,0,2026-06-12
ruUBMWHOL1I,UgwrRFzSeg2AmlnHY1F4AaABAg,@YN._.1211,가전은 대기업제품 써야해요 as도 중요함,7,2026-06-02
ruUBMWHOL1I,Ugy1Ae1r_u9cschhM-t4AaABAg,@봉미소쨩,"가전이나 전자제품 중소기업꺼는 리뷰 안 좋은 순으로 눌러서 꼭 봐야합니다. 안 좋은 리뷰가 짧은 기간에 너무 많다 싶으면 거르세요!! 근데 가전은 가성비 따지지 말고 삼성이나 엘지 사는게 젤 맘 편함ㅎㅎ! 그리고 혼수로 그릇세트 너무 많이 사는 것도 비추예요. 결혼하고 살림하다보면 취향이 생기는데 천천히 하나씩 사는 것도 살림의 즐거움이거든요ㅎ 신혼 때 칼 세트, 그릇 세트 너무 많이 사서 결혼생활하면서 사고 싶은 거 생겨도 못 사는 분들 많이 봄. 저는 처음엔 2-3인 세트로 시작했는데 그것도 충분했어요.",1,2026-06-03
ruUBMWHOL1I,UgwpDjaC-OIejqGsfAR4AaABAg,@vitamin8042,헐 7월말 출산예정인데 육아템 완전완전 궁금해요!!! 🥹🥹 비싼소파 사지말라는거 정수기 냉온수 등등 전부 공감이요 ㅋㅋ,0,2026-06-01
ruUBMWHOL1I,UgwoPLQpI3Gmw7ehLzV4AaABAg,@peppermarket_master,"헐헐 저는 남편이랑 골쥐님 영상 뜨면 바로 서로에게 공유하는 구독자임니다.. 오늘 영상 정말 유익해요. 🩵🩵
저도 임신 6개월차인데, 아직 브리타 쓰고 있거든요 ㅎㅎ 애기들 어차피 끓인물 마신다고 해서 정수기 당장 생각 없었는데 ㅠ 정수기 그후에도 정말 필요한거지요 …  그리고 토퍼 쓰는거 괜찮으신가요 ??! 저도 결혼 전에 바닥 매트리스 생활했는데 일어날 때마다 끙차 하고 일으키는 무거운 제 몸 때문에 힘들었는데 크게 불편한 점 없으신가봐요!!!",1,2026-06-01
ruUBMWHOL1I,Ugwaye2HyzEQuXNCXgB4AaABAg,@gopayo,전 딩크생각하고있지만 영상 잘봤어용 ㅎㅎ 골쥐님 더 예뻐지셨네요 🥰,0,2026-06-03
ruUBMWHOL1I,Ugwd9zSkemRGnpX-7xp4AaABAg,@아름문-d3g,"10월 출산인데 이사가는집에
소파 바꿀까말까 고민했어요
이 영상보고 소파 쓰던거 들고가기로 했슺니다~~!! 육아템도 추천 부탁드려요!❤",0,2026-06-01
ruUBMWHOL1I,Ugytg3q51YgcLlwPP_14AaABAg,@donguranminee,육아템 기다릴게요!!,1,2026-06-01
ruUBMWHOL1I,UgzrV0jWtjDjEeXzV3V4AaABAg,@wonderland991,토퍼 정보 너무 필요해요ㅠㅠㅠ!!,1,2026-06-02
ruUBMWHOL1I,Ugw4dcyEnXppCrPlou94AaABAg,@ppp2h,육아템도 부탁드려요❤❤,9,2026-06-01
ruUBMWHOL1I,UgwVh_jwoNg8HLVvijJ4AaABAg,@송이도랑,헐랭 엄청 잘보고있는 구독자인데요!! 육아템도 너무너무 궁금합니다!!!!!,0,2026-06-03
ruUBMWHOL1I,Ugx6vaUt3Q5sOShpOLZ4AaABAg,@구르미-y3v,육아템도 추천해주세요!!!! 육아템 검색하면 좋은 것들은 너무 많지만... 사실상 자리 차지하고 다 있을 필요는 없을 것 같더라구요. 근데 필수 우선순위를 정해 구매하는 것이 어려워요!!,0,2026-06-07
ruUBMWHOL1I,UgxcdURGG3RZsphKyJ94AaABAg,@jurong2,9월 출산 예정인 말띠맘입니다! 육아템 영상도 꼭 올려주세요~~ 미니멀리스트로 아기 키우고 싶어요😅,1,2026-06-01
ruUBMWHOL1I,UgxyHj8XapjY_-g9IFR4AaABAg,@LoveNRespect-1,와우 완전 유익한 영상 감사해요 ㅎㅎ토퍼 궁금한데ㅜㅜ 초성이라두 알려주세요❤,0,2026-06-02
ruUBMWHOL1I,UgwBHF6L8ZHXIRvyjS54AaABAg,@이수빈-b3g7f,"헉헉 옷 너무 예뻐용
의상 정보 알려주실 수 있으실까용❤",0,2026-06-03
ruUBMWHOL1I,UgzEuFQiabE7eukupnN4AaABAg,@cielo2337,"하이체어는 필수에요..
크면 클수록...
어릴 땐 혼자 이유식이랑 유아식을 먹지만 18개월 넘어가면 어른들 식사 시 같이 앉아서 먹어야 해서 필수에요ㅎㅎ
그리고 금방금방 다리가 길어져서 결국 돌고 돌아 트x트x이 왜인지 알게된답니다ㅎㅎ
야마x, 이케x 다 써보고 결국 돌고 돌아 트트 쓰는 38개월 맘입니다ㅎㅎ",19,2026-06-01
ruUBMWHOL1I,UgxzALQxCM8fu2oGCbB4AaABAg,@먹토끼-g9y,12월 출산앞두고잇어요 ㅎㅎ 육아템 필요해요!!!❤,0,2026-06-01
ruUBMWHOL1I,UgyQch8wA8FfPzPFTY54AaABAg,@루레맘,"골쥐님 저도 6개월 아기 키우고있는데, 지금 집은 옵션 다있는 월세집이라 혼수를 따로 안했는데… 이제 곧 이사를 가서 가전가구를 사려고하니 머리가 아프더라고요! 골쥐님 영상보니 참고되는점이 많네용 ㅋㅋ 쇼파 열심히 알아보고잇엇는데, 사지말아야할까봐요 ㅋㅋㅋ 그리고 라지킹 토퍼도 괜찮은 아이디어같아요 :)",0,2026-06-01
ruUBMWHOL1I,UgzYojCTPJe_co-0vTN4AaABAg,@효나미,토퍼 정보알 수 있을까요~?? 토퍼는 너무 광고가 많고 오래 사용한 후기가 없어서 구매하는 것이 너무너무 어려워용ㅠㅠㅠ,0,2026-06-02
ruUBMWHOL1I,UgzPqmppVTWgAObOO8V4AaABAg,@스루룩,육아템 너무너무 기다리고있었는데!! 이미 계획중인줄 알았어요ㅜㅜ 한달남았는데 다음주부터 휴직이라 본격적으로 존비해야겠다싶어서 마음만 초조합니다ㅜㅜ 가성비로 신생아맞이준비하고싶은데 꼭 필요한 육아템 또는 유명템 비추천있으면 알려주세요,0,2026-06-02
ruUBMWHOL1I,UgytnLXjHUhLgY1Acid4AaABAg,@asdfkim9386,"오오 이런 찐 후기 굉장히 유용합니다 ..! 원래 댓글을 잘 안다는 편인데, 추후 영상 제작에 참고와 후편을 (간절히) 기대하는 마음에 댓글 남깁니다! 전 30대 남자구, 시골쥐님 영상들은 재테크 쪽에 관심이 있어 구독해서 보는데, 재테크 뿐만 아니라, 평소 요런 가성비를 챙기거나, 가전제품 등 물품들에도 관심이 많았거든요! / 물론 다른 전문 유튜버 분들이 후기라던지, 물품 추천이라던지 많기는 한데,  저랑 비슷한 소비 성향이나 가치관을 지니신 분이 올려주는 영상이 정말 감사할 뿐입니다~!! / 아직은 당장 결혼이나 아이 등은 실현되기 어렵지만, 저 뿐만 아니라 가족, 주변 지인 등 머지않은 미래이기에 올려주신 영상 꼼꼼히, 그리고 감사히 잘봤습니다^^ 영상 말미에 남기신 추후 영상도 기대하며 좋아요 누르고 갑니다!!",10,2026-06-01
ruUBMWHOL1I,Ugz_CRf0_LYIcKrVIpF4AaABAg,@impress926,"이케아 사지 마세요. 후회합니다.
(이케아는 작은 생활용품까지만)",5,2026-06-01
ruUBMWHOL1I,Ugy0riZ9BE8mwDGaIC14AaABAg,@두부쟈니,"오호 정말 사바사네요
청소기 포함 가전 동의, 세탁기 동의, 정수기도 동의
나머지는 동의하지 못했어요😂 아기 넘어지고 난리나는 시기 정말정말 짧아서 저는 소파 너무 잘 써요! 아기 생각 있음 가성비로 사는건 저도 추천해요. 지인집 비싼 가죽소파인데, 애가 거기 다 토하고 쉬하고 난리나서ㅠㅠㅋㅋ
차도 SUV 아닌데, 불편함 전혀 없어요. 유모차 접는 게 맞죠..ㅎ K5인데, 트렁크에 유모차 외에 뭘 넣은 적이 없이 아기짐은 뒷자석에 다 들어가요!
침대도 방부터 완전 분리수면 중이고, 제 주변엔 아기랑 같이 자는 집 거의 없어요. 너무 사바사라서 “어차피 같이 자게 돼있다”는 건 너무 일반화 같아요ㅎㅎ",0,2026-06-06
ruUBMWHOL1I,Ugz3L5jiNs_uFtGHNB54AaABAg,@muse6242,육아템 추천 완전 필요해여어어!!!!😢😢,1,2026-06-01
ruUBMWHOL1I,UgxKwqX1COIlNA1qW114AaABAg,@jooclair2988,광고 노 찐육아템 기다립니다!,0,2026-06-01
ruUBMWHOL1I,Ugw-knAdDIdzDCeqci54AaABAg,@SOOOSSSS,"오 전 냉수를 거의 못 먹어서(한여름에도 정수 먹음) 그냥 정수만 되는 거 살랬는데..

아니 언니 임신했던 게 엊그제 같은데 애기가 언제 저렇게 많이 컸지 역시 남의 애기는 빨리큰다😂

육아는 안 하는데 그냥 육아템 궁금해요!!ㅋㅋㅋㅋㅋ",0,2026-06-01
ruUBMWHOL1I,UgwaJ92cOZGyaHz-vbt4AaABAg,@helcyon400,"아주 예~전 초창기부터 구독했지만 댓글은 처음쓰네요 ㅎㅎ 저는 신혼때  가전은 손품발품 다 팔아서 삼성에서 플렉스하고 가구는 침대 빼고 오늘의집으로 했는데 지금 만족스러운 선택이 되어버렸네요(?) ㅋㅋㅋㅋ... 가구는 사실 예산때문에 오늘의집에서 저렴이 산거였지만,,,, 아기 낳고 키우니 가구는 갈아낄(?) 일이 아~주 많더라구요! 가전은 10년이상 쓰니까 결혼할때 플렉스하시고(아기 생각있다면 용량큰걸로^^) 가구는 오늘의집 저렴이 하시고 취향이 생기거나 아기가 생기면 그때 오래쓸거 사시는 것도 좋을 것 같습니다. 육아템 컨텐츠도 넘 재밌을거 같아요🤍개인적인 육아베스트는 데이베드, 젖병세척기, 바닥매트(처음부터 시공하는게 좋을거 같아요 매트 여러번 이것저것 바꾸게 되는데 돈낭비...ㅜ), 트립트랩(앉는 자세가 확실히 다르더라구요!) 외 기타 등등 있는데 막 적으려니 생각이 안나네용..! 골쥐님 항상 응원해요 육아팅 홧팅!",0,2026-06-02
ruUBMWHOL1I,UgynO2M2B6Bdh9HaKTN4AaABAg,@흠냐-w1z,집들이하시면서 정수기랑 토퍼 소개하셨던 영상도 도움많이 받았었어요ㅎㅎ 새버전으로 룸투어영상 찍어주시면 도움 많이받을거 같아용! 실제로 추천해주신 토퍼 구매해서 잘쓰고있습니다ㅎㅎ 현재 냉온수정수기는 어디꺼 쓰세용?? 렌탈인가용??😊,0,2026-06-01
ruUBMWHOL1I,UgzE7ifoEky4ksKNHDN4AaABAg,@Ppp66689,이런영상 너무  알차요,0,2026-06-01
ruUBMWHOL1I,UgydC5G0mNg617ulHFN4AaABAg,@Loststarsports0321,토퍼 궁금해요ㅜㅜ 저희집 고민중인데 너무 어려워요😢,7,2026-06-02
ruUBMWHOL1I,UgyxlFxXyyc8Rq31cFF4AaABAg,@우아빠-w9x,"너무 공감되는 내용 많았어요~
추가로 추천 공유드리는 것>
1. 냉온정+얼음정수기 = 또다른 신세계임
2. 로보락 로봇청소기
3. 브렌드 건조기 => 세탁 건조 한번에 되는 걸로 갈아타고 싶음 ㅜ
4. 식세기 => 또다른 이모님:)
5. 각방 시스템 에어컨

육아템 추천>
1. 노시부 - 비싼데 빨리 사는게 뽕 뽑는 지름길 입니다 ㅎㅎㅎ",0,2026-06-01
ruUBMWHOL1I,Ugy8MZFMxXGCHpf0A8l4AaABAg,@Roma-mg8oc,육아템 넘나 관심있어요~~,1,2026-06-01
ruUBMWHOL1I,UgwFawM0v9eifIQYscZ4AaABAg,@Re-chaen,아직 미혼이지만 2세 생각있어서 육아템 너무너무너무 필요해요❤❤,0,2026-06-02
ruUBMWHOL1I,UgzRupGmByW3knHG6W14AaABAg,@choribae,출산하셨는데 왜 더 아름다워지십니까ㄷ😂,2,2026-06-01
ruUBMWHOL1I,UgzgVT447ymQ4vpfX114AaABAg,@truth9760,"육아&신혼템
건조기, 식세기 완전 강추
이 둘은 진짜 거거익선이에요. 신혼 때 좋고 큰거 사둬야 합니다.
나중에 들이기 골 때려요...

일단 애기 있는 집은 식세기 돌려두고 애기 케어 가능한게 엄청 큽니다.
분유를 지나 이유식 시기까지  설거지거리 미친듯이 나오는데다
애기꺼 스팀이던 삶던까지 해야하는걸 식세기가 다 해줘요.
진짜 식세기는 꼭꼭 12인 가능하면 16인으로 가세요...

그리고 생각보다 꿀템이 인버터형 제습기..!
저렴이 말고 럭키금성, 위x아 중에 고르시면 됩니다.

그리고 하이체어랑 범보의자, 수면조끼 꼭꼭 구비해두세요.
(수면조끼는 대게 선물 들어오긴 함)",0,2026-06-11
ruUBMWHOL1I,UgzoZpvZ6d1q2CmyfLF4AaABAg,@hinana__,저 신혼부부인데 이제 아이를 준비중이라 미니멀 육아 추천템도 올려주세요~~,0,2026-06-01
ruUBMWHOL1I,UgyfgcK54vSfJqwrNFF4AaABAg,@shin-xn4bs,저희도 퀸사이즈 토퍼하나사서 신혼때 쓰고 애기낳고는 당근으로 신생아침대쓰다가 퀸토퍼 하나 더 사서 퀸토퍼 2개 생활중인데 너무 좋아요..  애는 굴러댕기고 남편도 넓게자는걸 좋아하니 이게 낫더라고요,0,2026-06-01
cuSWI-GJoO8,Ugy2diDwmCL7Qv3WyyF4AaABAg,@Dhdhshejf1,"시간 좀 걸려도 여유있게 올려서 당근에 처분하세요,, 중고매입 하시는 분들은 무조건 후려칩니다 그만큼 본인들이 남길 수 있는거라ㅜㅜ",8,2025-08-09
cuSWI-GJoO8,Ugxs51-CgZRlesTiTbp4AaABAg,@키다리-d4s,"저도 2년쓴 에어컨 중고로 구매해서 설치
2년째 쓰는데 정말 가성비 짱입니다.
자동차랑 비슷한  가성비",0,2025-09-01
cuSWI-GJoO8,UgxXygBVcJyIOHusmSV4AaABAg,@kkomijubu1151,HI,0,2025-08-30
cuSWI-GJoO8,Ugyc7-ldpmamN8dP7tN4AaABAg,@증평개미,중고라고 쌀거같죠? 막상 이전하고 이래저래 설치하고 고장까지나면 그게 그겁니다,4,2025-11-26
xe0VWlX4ljg,UgzQy--vtD3E6LFwP1Z4AaABAg,@adnalin,김치냉장고 스타일러 식기세척기 다 써보면 필요하다,53,2023-10-15
xe0VWlX4ljg,UgxPa4bpmJdPL6u2gCp4AaABAg,@라사숑간다,"식기세척기는 있으면 신세계, 없으면 부부싸움각인데 필수죠 ㅋㅋ",7,2025-02-07
xe0VWlX4ljg,Ugw90HyMKRSTanKYCbF4AaABAg,@tinaargen8759,스타일러 겁나 잘씀 정장 아무도 안입는데,15,2024-05-30
xe0VWlX4ljg,UgzMgtDkjO3yMx2QU5Z4AaABAg,@모모링-t1c,"스타일러는 셔츠가 티셔츠 구김안가게 건조, 스타일링 기능이 있어서 냄새빼는거보단 그 용도로 많이 써요
제습기 기능도 있고
여름이불이나 베개 같은거 살균 소독 건조 가능해서 
자취생 건조기 제습기 없이 꿀사용중입니다",3,2025-09-04
xe0VWlX4ljg,Ugw4LagfdUyykn14eWB4AaABAg,@백리또,겨울 코트나 자켓은 스타일러 있으면 무조건 좋음  여름은 거의 쓸일없지만 여름빼고는 3계절에는 유용하게 쓸수있음,4,2024-09-03
xe0VWlX4ljg,UgxGH_tTPYN4i5eAQnZ4AaABAg,@junks-yr4fv,스타일러 너무 잘쓰고있어요,11,2024-05-26
xe0VWlX4ljg,UgxwwVy7jGYuAeFYRxV4AaABAg,@성실한-i2c,다 완전 공감됩니다... 사두고 잘 쓰지도 않아요ㅠㅠㅠㅠㅠㅠㅠ....,18,2023-11-06
xe0VWlX4ljg,UgweG13gutI3NL0nLyZ4AaABAg,@치읓-c5h,밖에서 먼지 다 달고 들어오는데 스타일러 있으면 매일 넣어놓고 좋지 않나요? 바지나 외투 같은경우 매번 빠는게 아니다보니 ㅠㅠ 옷에 먼지도 많이 나구용 ㅠ,0,2025-04-11
xe0VWlX4ljg,UgzURtC_qkOuBKcsB2p4AaABAg,@Dopaminekk,다 맞는말.. 공감 합니다,0,2025-03-05
xe0VWlX4ljg,UgyXKO5BtpGwzBhKKxB4AaABAg,@ca-hu2fb,"다 필수품들 아닌가요 ㅋㅋㅋㅋ
김치냉장고 없이 일반 냉장고에 보관하면 맛변질되고 식기세척기는 요즘 설치안해도 되는 형태로도 나오니깐요",57,2023-10-30
xe0VWlX4ljg,Ugy5dQd5pIhiH5rez1N4AaABAg,@mnblkj-b4u,본인이 필요하고 유용하면 좋은거지 본인한테 필요없다고 일반화할 필요는.. 스타일러 패딩이나 겨울 니트 매일 세탁하기 힘든 옷들 돌리기 편하고 이불도 한번씩 돌리고 유용함,5,2025-03-16
xe0VWlX4ljg,Ugzfbl4TAmy-McvudJ54AaABAg,@vetements1366,스타일러 댕꿀…,0,2025-04-10
xe0VWlX4ljg,UgxRId9anCr4M8yMr5V4AaABAg,@love-zu3lo,스타일러는 니트류 주로 입는 나에겐 완전 꿀템. 자잘한 주름 펴줌.,0,2025-04-28
xe0VWlX4ljg,Ugw6cPLrgK3SUx3mZep4AaABAg,@나쏠수있어,3가지 모두 다 잘쓰는데..ㅋㅋㅋ 문제는 청소..,0,2026-01-02
xe0VWlX4ljg,UgyKoOYfki0w92wW2Jx4AaABAg,@yse6205,"김냉 보관한다고 맛 차이도 안 느껴지던데..
이사다니면 짐만 많고
김치를 잘 안먹는 편이라
그냥 1ㅡ2키로식 사다 다먹으면 사고 그래서.. 딸랑 김치 하나 보관하려고 김냉사기가 장단기적으러 돈 아깝네요..ㅠ",1,2025-06-30
xe0VWlX4ljg,UgzHqB10EebUg1RbBi94AaABAg,@프루프루-d9o,식세기는 뭐 신축 괜찮은곳 가면 빌트인 되있기도 하고 유용한 템이라 패스하고 앞에 두개는 확실히 미리 살 필요는 없음 사실 세탁기 냉장고 침대 이 3가지만 사서 들어가도됨 천천히 필요한것들 맞춰도 되고 난 스타일러 필요없어서 안샀고 김치냉장고는 좀 나중에 필요하다 생각들면 작은거 살거임 그래서 김냉 공간 비어있음 내집이 모델하우스도 아니고 처음부터 완벽하게 해논다고 돈 쏟아부으면 나중에 후회하는 물건들 많이 생기고 하나하나 맞춰가는 재미도 못느낌 천천히 필요한거 위주로 삽시다 ㅋㅋ,2,2025-03-12
xe0VWlX4ljg,Ugz_LCNO0tEXqLu1m3h4AaABAg,@난대용,결혼 6년차 워킹맘입니다 완전 공감합니다,0,2024-06-16
xe0VWlX4ljg,UgyKemyhWmtmQiMgdbh4AaABAg,@slee2149,스타일러는 진짜 매일쓰는데,0,2025-08-16
xe0VWlX4ljg,UgwSY1kVZC9eLdqPenp4AaABAg,@아롱쿤,식세기 6인용으로 설치하면되징,1,2024-08-20
xe0VWlX4ljg,UgzUuCzd1mNwgGbSCWx4AaABAg,@byunjh814,김치냉장고에 맥주 보관하면 좋은데,1,2025-06-08
xe0VWlX4ljg,UgzhMI_kWT7nUyQFunx4AaABAg,@dhk_el,"스타일러는 안써봐서 모르겠는데 김냉, 식세기는 필수임 그리고 논리가 집주인 어쩌구저쩌구 하는데 붙박이 식세기, 키친핏 냉장고는 옵션으로 대개 설치를 해놓음 집을 세 줘봤어야 알겠다만",0,2025-10-27
xe0VWlX4ljg,Ugz0sUzBGFBUanC18P94AaABAg,@Hyukstor,"1. 식세기 필수
2. 차라리 냉장고 빼고 김치냉장고 쓰는게 남
3. 스타일러 케바케",17,2024-07-30
xe0VWlX4ljg,UgzMmz14xzwkdSVEF_F4AaABAg,@루루루-i6q,식세기 덕분에 설겆이로 부부간 갈등이 없음,0,2026-03-19
xe0VWlX4ljg,UgwfivjHeC46-iOQ42Z4AaABAg,@적당히하자-h,"청소기,냉장고,티비,에어컨,신발기,스타일러등등 다 필요함",0,2025-04-09
xe0VWlX4ljg,UgzAF7F1DQE7eu1civZ4AaABAg,@user-jd8db3zc1n,"정장 안입고 캐주얼 복장으로 매일 입는 사람들한테도 스타일러 있는게 좋아요.
미세먼지 털어주고 청바지 면바지 티셔츠 주름펴주고
바이러스 세균 살균해주고
다리미질 따로 안해줘서 편합니다. 
그리고 저희집도 식기세척기를 안쓰다가 코로나때 가족들이 코로나에 돌아가면서 걸렸을때 매일 삼시세끼 집에서 해먹고
매번 손설거지하는게 몸이 너무 힘들어서 식기세척기 구입해서 써보니 천국이 따로 없을 정도로 편합니다.
식기세척기 돌리는 도중에 커피나 차 한잔 마실 여유가 생겼고 특히 여름장마때도 
식기세척기로 설거지하면 살균도 되니 식기세척기도 필수가전입니다.
그리고 추가로 의류용 건조기도 필수가전이에요.
장마때랑 한겨울때 빨래가 잘 안마를때 건조기 돌리면
세상 편합니다. 차라리 이사갈때 이전비용 들어가더라도 이사집으로 필수가전 싸들고 가는게 내몸 건강을 위해서라도
이전설치하는게 나아요.
건강이 최우선합니다.
한살이라도 젊을때 필수생활가전과 주방가전을 갖춰놓고 사는게 몸도 덜아프게 됩니다. 가전제품없이 손설거지하다가 손목터널증후군 생기고 허리아프고 무릎 아파져서 수술하고 입원하게 되서 건강이 무너지게 되면
필수 가전제품 안쓴걸 크게 후회하게 되는 날이 반드시 옵니다. 의사들도 주부들이 반복적으로 살림하다보면
무너지는 부위가 있는데 의사들도 전자제품을 써서
몸에 무리가 안되게끔 살림을 덜 하게 하라고 하는 의사들도 많아요.",12,2025-06-02
xe0VWlX4ljg,UgxcaAWDjv3kDhLitRZ4AaABAg,@CleanWater2,스타일러랑 식세기 없는거 상상도 안되는데 왜 비추임?,0,2025-03-04
xe0VWlX4ljg,UgxWl7TyP-nZSkIPVaB4AaABAg,@jun-ch-p6h,"공기청정기도 비추 전열교환기있어서 2008년 준공된아파트는  전열교환기필수라
. 굳이 공기청정기",0,2026-05-06
xe0VWlX4ljg,UgyJwBSlfCKrpTtf8JB4AaABAg,@jinkuk0212,그냥 각자 필요에 따라 쓰믄 된다...돈 많음 큰평수에 다 쓰믄됨,0,2025-04-23
xe0VWlX4ljg,UgzwRKXp4zUp4pb80Ax4AaABAg,@user-et8me2pa0l,"이건 생활 패턴에 따라 너무 갈려서.....
외식보다 집에서 밥을 해먹는 비중이 딱 반만이라도 넘어간다? 식세기는 하느님이고,
육고기를 너무 좋아해서 하필 그 비중 적은 외식이 대부분 고기냄새가 밴다면 스타일러는 부처님이고,
집에서 먹는 밥에 김치가 없거나 맛없으면 안되면 김치냉장고는 엄마라는거......
전월세가 많지만 이사때 원복한다고 하면 대부분 신경 안쓰고 이전 비용은 내집에서 내집으로 가더라도 발생하죠.
즉 내 상황에 맞게 사야한다는거........",0,2025-03-09
xe0VWlX4ljg,UgxsBocXFGCMlhZFktx4AaABAg,@rangeun6555,다 잘써서 ㅋ거를게없는뎅 ㅋㅋ,0,2025-03-27
xe0VWlX4ljg,UgyJeh5iuZQFhxLW9R54AaABAg,@ep4963,스타일러 미친 생활 필수품,12,2024-06-10
xe0VWlX4ljg,UgwUuRBZ8P4FjdBVv_d4AaABAg,@jin_1279,맨날 체육복만 입고 배달음식 시키는 사람인가,0,2026-01-28
xe0VWlX4ljg,Ugx_pCPQJstiExDsqsR4AaABAg,@SuminKim-r9t,이 영상 만든분은 제품을 안 사용해 보셨나? 아니 제대로 사용하는 방법을 모르나? 필수 제품인데 사지 말라니 스타일러가 고기먹고 냄새 제거하는 건 진짜 좋아요. 그런데 그 기능이 메인이 아닙니다. 써보고 영상 좀 만드시길,1,2025-05-14
xe0VWlX4ljg,Ugw3A-EI75nZbRcQRf94AaABAg,@Salrangsalrang11,하나도 공감못하겠네요 전부 필수품; 스타일러야 그렇다 치고 김냉은 신혼부부는 맥주창고로 쓰고 식세기는 써본사람은 없이못사네요,2,2024-08-27
xe0VWlX4ljg,UgxOouO4aJtnzz1Xvvl4AaABAg,@chin-zv8jx,비추는  여자,1,2024-06-17
xe0VWlX4ljg,UgwISL88amwHsg1fdV54AaABAg,@코탕,스타일러가 필수라는애들은 스타일러 없던 시절에는 못살았던거냐?? 식세기도 있으면 좀 더 편한거지 그걸 필수라는 표현을 쓰는게 맞냐?? 필수랑 편함을 구분 못하는 사람들이 왜이리 많냐  저기서 필수 가전은 김치냉장고밖에 없다 한국사람으로 김치를 안먹는 사람이 아닌이상 김치냉장고는 필수가전 저 두개는 있을때 더 편한 가전이지,0,2025-08-18
xe0VWlX4ljg,UgwAhlWANdUSay3jHo54AaABAg,@twice-zzang,스타일러는사는거아님 난 스타일러사는신혼부부들있으면 속으로 개호구라고 놀림 ㅋㅋㅋㅋㅋㅋ,0,2024-12-16
xe0VWlX4ljg,UgxBYyaPIRV33N_7I1d4AaABAg,@taeyun__4687,무조건 결혼할때 다 갖추어야함 애생기고나면 돈들어갈곳이 많이생겨서 점점 미루게됨,1,2024-07-10
xe0VWlX4ljg,Ugw6QNZuEeZGb-IcJ4N4AaABAg,@김종현deadpoet,"여자들이야 매일 옷갈아입고 다니니까 상관없는데
남자들중 옷 한벌 3일씩 입고다니는 나같은 사람은 스타일러 진짜 잘씀ㅋㅋㅋ",1,2024-08-18
OHRr-sXW5Z4,UgzItb1ptB31JDrRbTp4AaABAg,@털강아지,포인트는 정수기나 공청기같이 소모품 많이 들어가는걸로 렌탈하고 포인트로 렌탈료 납부하는 방법도 괜찮습니다.,10,2025-09-12
OHRr-sXW5Z4,UgwmRZJ8sx9rsCmOGDJ4AaABAg,@inkyoungyeo9,+추가로 굳이 고성능 필요없으면 그냥 공홈에서 특가나올때 따로 구매하는게 제일 쌉니다.,10,2025-08-08
OHRr-sXW5Z4,UgyxCiPQhnOLTFuO9414AaABAg,@프쟈,감사합니다,0,2025-08-12
OHRr-sXW5Z4,UgxGylU-Upu0BLXrq5R4AaABAg,@happybear5196,혼수 1탄 보고 바로 2탄까지 쫓아왔습니당!! 꿀팁 너무 감사드려요♥️,7,2025-09-22
OHRr-sXW5Z4,UgwVqdmBzpAB_SQkGPJ4AaABAg,@user-fj2om6bo6t,혹시 그때 구매하신 품목들 전부 쿠팡 최저가로 구입한다고했을때 얼마나 차이났었나요?,2,2025-09-07
OHRr-sXW5Z4,UgyijFhc9lqMDZpsG_x4AaABAg,@q9d3u,너무 큰 도움이에요 ❤❤ 진짜 너무너무 꿀팁들 !! 잘 활용해서 준비할게요 감사해요❤❤,3,2025-08-02
OHRr-sXW5Z4,UgwkdVd4kM4QgQD5cj94AaABAg,@문JU공JU,좋은 정보 감사해요❤❤,0,2025-09-20
OHRr-sXW5Z4,UgyF3Kyog2pmePfdHR14AaABAg,@옹알라,12월에 신혼집 입주여서 가전 어떻게 하나 생각중이였는데 영상 보고 너무 많은 도움이 되었습니다. 꿀팁 감사합니다.,2,2025-10-25
OHRr-sXW5Z4,UgwY6kBK40P8A3TgR154AaABAg,@jjooooo52,백화점 견적에 워시타워+건조기 세트로 하셔서 견적에 나와있어요!!,8,2025-08-02
OHRr-sXW5Z4,Ugx6yAAhGvVb_36UbxJ4AaABAg,@멜로-b1b,캐쉬백이니 제휴카드 할인이니 뭐니 다 말장난 같아요 마케팅효과 원래 1000만원인데 할인해서 800만원이에요 하면서 소비자 눈속임 ㅜㅜ,2,2025-11-04
OHRr-sXW5Z4,UgxVxvop2qSxlWgJ-8p4AaABAg,@소구리남편,백화점 견적에 워시타워 + 스타일러로 나와있어요 ㅋㅋ,3,2025-08-03
OHRr-sXW5Z4,UgzbvpT0slc6wpjDX6R4AaABAg,@뿌잉이-n8l,삼성전자나 엘지전자 가야함ㅋㅋㅋㅋㅋ,3,2025-12-13
OHRr-sXW5Z4,UgxY0uwEpqOiMEHgWjN4AaABAg,@brownblackrock1024,어우,0,2026-01-13
OHRr-sXW5Z4,UgxnPA12h_MFnJtwL3h4AaABAg,@amandakim6410,"엘지 포인트 완전 상술이에요!!
저도 신혼가전으로 엘지 베스트샵에서 구매했고 포인트 등 꼼꼼히 체크했는데 안들어와서 문의했더니 똑같이 누락됐다고 하더라구요…

그뒤로 양가 부모님 냉장고 구매할때는 백화점 엘지가서 전에 있었던 이야기 하며 누락되지않게 신경써 달라 하니 잘 챙겨주더라구요.. ㅎㅎ

얘네들 일부러 그러는게 너무 보이네요;;",12,2025-08-05
OHRr-sXW5Z4,UgwdM922tCSFK-3beVx4AaABAg,@밍쟝-v9c,영상 너무 잘 보고있어용 유용한 정보 항상 너무 감사드려용!!!💕,5,2025-07-31
OHRr-sXW5Z4,UgxLKu4kVxeLoQRHB1J4AaABAg,@내말다거짓말,"전 3년전에 전자랜드에서 가전 구매했는대요.
복잡한 조건 없이 결제하면 현금으로 캐쉬백 해주는 조건으로 했어요.
진짜 말도안되게 저렴하게 구매했다고 생각이 들어요.
티비86인치, 식세기, 냉장고 키친핏, 김치냉장고 키친핏, 세탁기건조기 타워형 , 스타일러, 청소기 , 에어컨2in1 
그래서 다 해가지고 1160만원에 구매했었어요.

저렴했던 이유가 새로 오픈한 신규매장 이었는데
오픈 초창기엔 본사에서 직급있는 영업사원이 파견되어 정착 잘 될수있게
공격적으로 할인해서 판매 도와준다고 하더라고요.
각 매장마다 영업하시는 사람 능력에 따라 금액이 결정되는 것 같더라고요.
한 지점만 가지 마시고 여러곳 다녀보면서 비교하시면 저렴하게 가능합니다.

팁을 드리면 받은 견적서를 토대로 
다른 지점에 가서 같은 제품으로 똑같이 견적을 받아보면 비싼지 저렴한지 구분이 쉽게 되니까
어떤 제품을 살지 정하시고
견적 받을때도 동일한 제품으로 받으면서 비교하시길.
매장가서 모델명 말하면서 견적 내달라고 하면 이곳저곳 돌아보고 온것을 알기에 욕심 있는 영업사원 이라면
조금 공격적인 가격으로 맞춰주기도 하더라고요.

그리고 영업사원하고 말 많이 섞을필요도 없습니다. 
그냥 살 품목하고 제품명 정리한거 보여주면서 같은제품으로 견적 내주세요.  라고만 말하면 됩니다.
어떤거 살지도 모르고 간다면 영업사원에게 휘둘립니다.
일반적인 tv 사러갔는데 어떤제품 살지도 모른다면 영업사원이 비싼 oled 제품을 보여주면서 oled제품의 장점을 막 설명하겠죠? 그러면서 그런가? 아닌가? 휘둘리기 시작하는게 보이면.  아 이 고객은 뭣도 모르는 고객이다 싶으면 가격을 후려칩니다.
그걸 느낀게 처음 lg 매장갔는데 견적이 마지막 견적하고 2배이상 차이가 났어요.",3,2026-03-08
OHRr-sXW5Z4,UgwZazK2rpVJdFbHCsp4AaABAg,@김재영-t6f,"삼성은 포인트 현금화가 되는데
엘지는 안됌. 자사몰 그지같이 비싼거사야함
렌탈은 개호구",4,2025-08-13
OHRr-sXW5Z4,UgxxtUCmKc8k6QgLGv14AaABAg,@하하크-m3l,같은 모델로 견적받으신건가요? 백화점이랑 베스트샵 상품이 다르다고들어서요!,3,2025-08-03
OHRr-sXW5Z4,Ugzo_pwcUhQSHdqoWbF4AaABAg,@user-ly5gq1xl2r,티비 빠지고 김냉도 빠진 금액치고 비싼데,0,2026-05-14
OHRr-sXW5Z4,Ugyhw-YT2uQmR3bIRGp4AaABAg,@inkyoungyeo9,"가전 일하던 사람으로써 정말 쉽고 간단한 팁이 없네요..
1)배송일 1~2달 전에 사야지만 혜택적용이 되는게 맞고, 일찍 견적볼 시 봐주는건 그냥 대략 그당시 혜택 안내드리는겁니다. 그래서 유투버님도 5월에 재견적 안내드린거구요.
2)요즘 비대면 견적이 활성화되있어 필요시기 1달전에 대면 견적 3군데 보고, 딱히 방문 필요없이 비대면 20군데정도 돌리면 최저가 나옵니다.
3)모든 곳에서 견적볼 때 여러달 카드사용 조건 빼고 한달or두달 신용카드 발급 사용조건으로만 견적 뽑아달라고 하면 쉽게 비교 가능합니다.(36개월 사용조건 카드 혜택은 최저가 픽스 후 추가해도 됩니다. 모든 유통사가 비슷함)
4)구독(=렌틸)을 하고싶으면 구매시 견적과 구독시 견적 2개 요청하면 비교가 쉽습니다.
5)비대면 견적은 인스타에서 가전 몇개 찾아보면 알고리즘으로 많이 뜨니 그걸로 견적문의+네이버에 가전 최저가 치셔서 비대면 견적 가능한곳 문의하면 됩니다.",47,2025-08-08
OHRr-sXW5Z4,Ugx2Y0tmB-QAXLwLShJ4AaABAg,@0311may,"안녕하세요 ! 정보 감사합니당 💗💗
혹시 LG 구독서비스 없이 구매하신걸까요!?",1,2025-07-31
OHRr-sXW5Z4,UgywU1OkpojHO-Y64m54AaABAg,@멜빵고기-z5h,"온라인에서는 왜 구매를 안하셨는지 여쭤봐도 될까요?
모델명이나 스펙 비슷한거 인터넷에 찾아보면 충분히 가격 비교할 수 있었을 것 같아서요.

오프라인 견적은 결국 총 견적대로 금액을 지불해야 해서
할인을 받은게 아니라 또 다른 소비를 해야하는게 좀 부담스럽더라구요.",4,2025-08-21
OHRr-sXW5Z4,Ugw5d5WutXDq2qP-Vfx4AaABAg,@I_M_KOREAN,13:00 가전은 출고 3개월 넘게 남으면 견적 안내줍니다. 그 사이에 혜택이 바뀔 수도 있고 출고 전까지 주문 재고를 쌓아둬야해서 웬만하면 안해줘요ㅠ,3,2025-08-04
OHRr-sXW5Z4,Ugz1gpDXwQ6HcujamiZ4AaABAg,@wood-grown-ginseng,지인중에 엘지임직원있으면 친하게 지내면 개꿀임 임직원할인율이 상상이상이더라고요,3,2025-08-26
OHRr-sXW5Z4,Ugx1aG7K56QisL6sL8B4AaABAg,@seo8606,어떻게 하더라도 쿠팡이 더 싸다는거,3,2025-08-17
35JhOu8ERVU,Ugy_j9UemcE5fPwXIeh4AaABAg,@여름-m7g,이거 진짜 맞음. 신혼가전 백화점에서 싹 구매했는데 가전전문매장에서 견적받은 것보다 100만원 가량 저렴하게 구입하고 사은품에 상품권도 받았음.,105,2023-08-25
35JhOu8ERVU,UgzUahkXkdUa9bVlQsp4AaABAg,@이몽몽-v3w,여러개 사려면 진짜 백화점 카드로 추가할인받고 상품권 할인받고 사는게 저렴한듯 해요. 단 하위제품보다 프리미엄 제품군이 구매하시는 분들께 하는 얘기에요. 또 침대나 가구도 그렇더라구요.,31,2023-09-18
35JhOu8ERVU,UgwN-WSgwYgk03rfvxJ4AaABAg,@arikari84,평균적으로 중상급 모델 기준으론 마트가 상위급 모델은 백화점이 저렴합니다. 그리고 배송은 적어도 1달전에 구매하시는 편이 젤 저렴하게 구매할 가능성이 높습니다. 그리고 무조건 많은 매장 방문해보세요 그게 동일한 제품을 더 저렴하게 살 수 있습니다,48,2023-09-01
35JhOu8ERVU,Ugy3zlRKLvHS6hCnZOB4AaABAg,@유다다현,"가전을 잘 모르는 사람 기준이고
티비기준 led구조 화질엔진 주사율 등
기타 가전도 자동문열림 세제투입  등
기능으로 따져서 제품 구매하실거면 온라인이 훨 쌉니다. 오프라인은 최신기종이라서 그냥 비싸고 or 전용제품으로 쓸모없는 기능때문에 붙는 가격이 많습니다
자기가 전자제품 쳐돌이다 싶으면 온라인에서 사세요",6,2025-06-29
35JhOu8ERVU,UgwXsGr-WGPJkZnfoKN4AaABAg,@EunjiLee-g6f,"주부경력 30년차인 제가 가전을 구입하는 방법을 말씀하시네요~ 냉장고, 에어컨, 건조기 등등
모두 백화점에서 구입했구요.. 그리고 백화점끼리도 가격이 다 달라서 백화점 3곳 견적받고 가장 저렴한곳에서 구입합니다.
(LG베스트샵, 백화점 3곳 동일모델 비교--> 백화점이 가장 저렴할때 구매함(몇개월 모니터링 함)/ 백화점은 금욜부터 주말가임)",11,2025-08-29
35JhOu8ERVU,UgyAoPfgfOEo4nep0TJ4AaABAg,@한다온-z9i,"그 달 행사가 각 채널마다 다릅니다 ( 하이마트, 전자랜드,대리점,백화점,마트) 어디가 싸다 이렇게 단정 할수 없습니다 주말에 사는게 좋은건 맞고 평균적으로 매달 첫주 주말에 사는게 쌉니다 하지만 백화점이라고 싸진 않습니다",4,2024-05-27
35JhOu8ERVU,UgyAUsXvaQKOwWwVRQp4AaABAg,@kaouDoi,개인대리점에서 받눈 견적이 더 싼데 여긴 수익구조가 어떻게 되눈거에요??,0,2026-04-16
35JhOu8ERVU,UgxnJPbW6ZpQ34BJ-L14AaABAg,@쩡-d8z,"이거진짜 맞아요.
스토어보다 전 진짜백화점이 가격도 해택도좋아서 백화점에서,샀어요
4개이상샀구요",23,2023-12-27
35JhOu8ERVU,UgwkESn_85-uBlVbBVB4AaABAg,@SKTLGTKT,인터넷이 더싸네요..,7,2024-02-18
35JhOu8ERVU,UgwUoaMxN8fKiDLGSJB4AaABAg,@변영란-z4j,"최근에 가전사봤는데요
얼음정수기냉장고 김치냉장고 티비샀는데 온라인에서 제품명검색해서 최저가로 사는게 오프라인보다 총금액 250정도 저렴했어요. 그때 그때 해택이 달라지니 무조건 비교해보고 사는거 추천합니다.",18,2025-03-06
35JhOu8ERVU,UgzqW272Lb-7jNDpkFx4AaABAg,@erin9183,에어컨은 4-6월 신상 쏟아져 나올때 백화점. 초반 판매 수량 올려야되서 온갖 혜택 다 붙여줌,31,2023-08-28
35JhOu8ERVU,Ugzcv2Ku3GDUQpJPgp54AaABAg,@부자의그릇s,"꿀팁하나더!! 백화점 매장에서 부지점장이나 그매장에서 오랫동안 근무하신분한테만 사세요.
한분하고 오랫동안 사시면 각종혜택도 챙겨드리고 as및 문의하는것도 편합니다. 지점장및 신입분들은 로테이션되더라구요.",9,2024-06-13
35JhOu8ERVU,UgzeULEgyCX4A44YbJx4AaABAg,@정소피아-k7k,이마트도 명절행사로 1대 판다는데 싸게 판다해서 사야되나 고민중인데,0,2024-02-12
35JhOu8ERVU,UgwCvyoX5SKfsLgxAcV4AaABAg,@헬마스터인가,"더 싸게 구하는방법은 삼성Lg 자동차 정직원 친구있으면 친구한테
문의하면 시세보다 조금더 싸게 구입함 ㅋㅋㅋ",6,2023-12-22
35JhOu8ERVU,UgzD4udE1ura5t1XDfV4AaABAg,@tv8461,현대서울이네욬ㅋㅋ,3,2023-11-03
35JhOu8ERVU,Ugw3Se_cauAdLl4BZ794AaABAg,@j6d-p1r,"지금 신혼혼수 가전 준비하는데 백화점 두곳 일부러 경쟁 붙이고 혜택 보는중아데 진짜 사은품 포함 가전 14개 1500에 겟햇어요
결제금액 2900이고 캐시백 1000  상품권 400에 24개월할부
발렛권 및 사은품이라 불필요한 가전 당근하면 150에서 200더 아끼네요",2,2024-06-10
35JhOu8ERVU,UgyjUzkqA44QrW9X3qJ4AaABAg,@뀨유우우,"현직 종사중인데 인터넷이 쌀수도 있고 매장이 쌀수도 있습니다. 가격 따져보기전엔 모릅니다.
인터넷이 무조건 싸다고 알고 있지만
세트로 구매하면 오프라인이 더 싼 경우도 있습니다. 근데 아닐수도 있으니 인터넷 가격 따져보시고. 거의 비슷하다 싶으면 오프라인은 서비스로 전기포트라던가 몇만원 정도 상당의 사은품 챙겨받을수 있으니 오프라인이 유리할수도 있습니다. 결론은 발품 팔아라.
근데 한두개 살꺼면 특가세일 하는 제품 아닌 이상 무조건 인터넷이 제일 쌉니다.",3,2024-04-28
35JhOu8ERVU,UgzDPBUNoJo77Pp1e5B4AaABAg,@4PM-o8m,덕분에 백화점서 눈탱이 맞고 왔습니다 눈탱이가 얼얼하네요 감사합니다.,3,2026-01-27
35JhOu8ERVU,UgzHrGz6RXEmNRlsgrp4AaABAg,@pskoai6654,"로드샵 백화점 견적다받고
같은제품 인터넷으로 보니 인터넷이 20프로이상 싸던데? ㅋ ㅋ ㅋ ㅋ ㅋ",12,2024-03-20
35JhOu8ERVU,Ugy5YTDOnlRu9rjlqz14AaABAg,@bonnemaison6112,근데 백화점에는 풀옵션라인만 팜. 예를들어 나는 2백짜리 기본라인을 봣지만 백화점 가면 어 저희는 4백짜리만 잇는데 이걸 3백에 드릴게요 이런식. 그래서 기본 모델 사실분들은 온라인도 나쁘지않아요,18,2023-09-12
35JhOu8ERVU,Ugyze2itdXjVsdoHliJ4AaABAg,@twochicken2,"백화점에서 근무하셨나봐요 이런식으로만 얘기하면 무조건 백화점 좋다고 홍보하는거나 마찬가지인데
유통별 판매 라인업이 달라서 백화점은 상위모델위주로만 판다는것도 얘기해주셔야죠",17,2023-09-16
35JhOu8ERVU,UgxN2R-CqaN7GkA1cTR4AaABAg,@randy2509,인터넷이 훨 나음,0,2026-04-06
35JhOu8ERVU,Ugx4o2eNOJNo68Y3Mhl4AaABAg,@이재희-n7u,백화점은 기본적으로 임대료와 매장관리비가 더 붙어서 팔린다는 말이 있단데 진짜인가요?,1,2024-02-17
35JhOu8ERVU,UgwiXO5FvfWlMVacGIZ4AaABAg,@쭈밍-u2v,여러분 캐시백 페이백 상품권 다사기입니다 무조건 인터넷에서 사는게 제일쌉니다. 내돈을 돌려주는척하는 서비스를 싸다생각하면 웃긴겁니다 ..인터넷 임대비인건비가 감소대서 확실히싸요 .. 멍청하게 속지마세요~,29,2025-04-24
35JhOu8ERVU,UgxzwYolrl7REfPKoJd4AaABAg,@쿠드롱-t2i,매장에서 알아보고 인터넷으로 비교구매하면 그게 더 낫던데!!,1,2026-01-29
35JhOu8ERVU,UgwQY_iEkv9YEt-_7f94AaABAg,@prettyknight8558,"어느 업종이나 팔아야 남는 거지.
그냥 영업수단인데.
내 개인의 사정을 말할 이유가 없지.
저런 주둥이에 놀아나면 사게 되는 거야.",2,2023-12-24
35JhOu8ERVU,UgxLqactr44DzSa9wE54AaABAg,@우휘윙-e5x,"보급형 모델 가지고 가면 없다고함 복지몰 더 낳은것 같음.
1000만원이 500만원됨.",0,2025-09-12
35JhOu8ERVU,UgzhVZtgqTc-RU7V-FV4AaABAg,@lastsurfer,결국 많이 사면  DC 해준다 이거네,0,2024-04-28
35JhOu8ERVU,Ugz9C0tanesWTgnR_Lt4AaABAg,@chlwodn81,인터넷이 더 쌉니다,41,2023-12-17
35JhOu8ERVU,Ugy4MDEN5pyEYo6lRYJ4AaABAg,@배디터-IT제품리뷰,가전유통 경력자가 알려주는 가전제품 싸게사는 방법이 더 알고싶다면 링크를 참고해주세요! https://youtu.be/zeEtRXDx25A,8,2023-06-19
35JhOu8ERVU,Ugwvcp6oEuHblZRZ6-N4AaABAg,@izu202001,본인이 인터넷에서 각종 할인을 잘찾는다? 그럼 인터넷이 더쌈. 근데 몇날며칠 사이트 돌아다니며 검색하고 좀 피곤함.,0,2026-01-26
35JhOu8ERVU,Ugx1CP1X2aAKglxFWmt4AaABAg,@채프먼,당근마켓에서 사는게 더 싸지 않아요? 새것도 종종 보이던데 카드깡할라고 물건사고 현금 바꾸는애들 종종보임,0,2024-02-02
35JhOu8ERVU,UgyKp1HnZ3u7I2K1GK94AaABAg,@라스-k7m,쯧쯧 아무것도 모르네,2,2023-12-31
35JhOu8ERVU,Ugx4ksuicABqp58XsIx4AaABAg,@박이름-i2f,"Lg가전 팁 드리자면 
LG전자 멤버십의 VIP 멤버십이란 베스트샵 매장과 제휴매장을 통해 1년간 

구매 금액 기준 5백만원 이상 구입한 고객님을 우수고객으로 선정하여 

LG전자 제품 중 대상 제품에 대해 무상서비스 3년의 혜택을 드리는 제도 입니다.


무상 AS 대상 제품은 TV, 냉장고, 에어컨, 세탁기, 김치냉장고 5개 제품으로

베스트샵 및 제휴 매장에서 구입한 경우만 해되며, 온라인몰 구매 제품 및 

해외 직구 TV는 대상이 아닙니다.",6,2024-01-27
35JhOu8ERVU,UgwmwSfQeF8CGszOYjh4AaABAg,@됑-e4b,"가격 비싼순
브랜드스토어 - 백화점 - 하이마트 - 인터넷 - 임직원몰

물론 브랜드스토어나 백화점은 상위모델 최신모델을 대부분 깔아놓는거고
인터넷이나 하이마트는 중하위모델 or 디자인은 같지만 기능 한두가지 빠진제품들이 많긴함.
가전 최상위제품사서 기능 다 쓰지도못할거 디자인 같지만 한두가지 기능빠진게 나는 낫다고 봄. 쓰는데 전혀 문제없거든",1,2025-06-24
35JhOu8ERVU,UgzxaCri8cHzWIBu46x4AaABAg,@너란사람-w3p,절대아니다. 온라인이 갑이다. 절대 믿지마라~ 유통 구조상 오프라인이 저렴할수가 없다. 절대,0,2024-06-07
QAJ67ES8aOg,Ugw33BeVrUiosvLMFY54AaABAg,@귤락-t5b,은성 스팀다리미(업소용) 쓰다가 집 좁아져서 저 스팀 다리미를 사서 쓰는데 너무너무 불편해요ㅜㅜ 일단 헤드가 개무겁고 넓적해서 옷 스팀할 때 힘들고 잘 안돼요ㅜㅜ 특히 저는 티 같은 거 스팀 쓱 해서 입는데 거의 무용지물ㅜㅜ 영상처럼 걸어놓고 써야해서 옷걸이 공간 차지도 은근 하고.. 바로 옆에 옷을 걸고 스팀 쳐야하는데 참... 팔고 다시 사야하나 고민 중이에요ㅜ,29,2025-10-04
QAJ67ES8aOg,UgyQ2zi_wDy1WaVQ5eh4AaABAg,@B_Monk,"감사합니다
덕분에 좋은 정보를 얻었습니다.",18,2025-05-24
QAJ67ES8aOg,UgyzjzbuF30P4zx2Ikx4AaABAg,@kimm7704,"스팀다리미 알람신청해요~
(구독, 좋아요 클릭완료)",34,2025-05-22
QAJ67ES8aOg,UgxsH86xAF10ebS0hWB4AaABAg,@더키러키,3번 알람 신청합니다~,2,2025-05-21
QAJ67ES8aOg,UgzN-eQAOK_5PpQJ1iF4AaABAg,@hyongl5962,"저 드라이기 진짜물건임...바쁜아침에 머리 금방말리고
유아모드도있어서 애들 씻기고 말릴때도 좋음",262,2025-05-19
QAJ67ES8aOg,UgwTv7uIaQadD5lMxOl4AaABAg,@아자아자-h2t,"1,2,3번 알람신청",6,2025-07-02
QAJ67ES8aOg,UgwPkg5boZOfC4Lodz54AaABAg,@파리나미,여기는 프랑스 어쩔수없이 살고 있지만 진짜 이런거보면 한국은 살기 진짜 편해 진짜 집나오면 개고생 ㅠㅠ  여기저기 살아봤지만 진심 한국만한대가 없어 ㅠㅠ,264,2025-05-21
QAJ67ES8aOg,UgxnQbdhQl6QeX7Wmn54AaABAg,@양진희-f9z,마지막 스팀기 침구에 쓰고싶네요,2,2025-05-21
QAJ67ES8aOg,Ugyn1jXM-W_x-Z90Vgp4AaABAg,@J끌로에,"2번 알림신청 합니다

냉감이불 정보도 알려주세요",10,2025-05-18
QAJ67ES8aOg,UgziYihgxZopNt7pH394AaABAg,@봄날의온도,3번 스팀다리미 알림신청하고 싶어요.😅,9,2025-05-22
QAJ67ES8aOg,UgxCBlxs6h84-QTfDp54AaABAg,@sldoe129,"무아스 특 - 가격저렴하고 이쁨
내구도나 성능은 가격만큼함",12,2025-05-19
QAJ67ES8aOg,UgzXqdYltIunqqut8kd4AaABAg,@푸른하늘-abc,"1,3번 알람신청 ^^",2,2025-06-29
QAJ67ES8aOg,UgxEllJXGzv9HUN0wJF4AaABAg,@ha_da,스팀다리미 공동구매 알림 신청합니다. 🤩,76,2025-05-21
QAJ67ES8aOg,UgyB7P-Q5xEcr7l9pO54AaABAg,@샤갈-d5h,"써큘레이터
알람신청이요❤",22,2025-05-20
QAJ67ES8aOg,UgwH_N5avopNt-IwFNZ4AaABAg,@루키-p8d,"무선선풍기,스팀다리미
알림 신청합니다😊",4,2025-05-23
QAJ67ES8aOg,Ugx-oilPGzxsbsmKhON4AaABAg,@junglove-o2w,2번신청합니다😊,1,2025-06-16
QAJ67ES8aOg,Ugxc6mTYPMKHKgqygnJ4AaABAg,@NhK-z5u,"한국은 정말 기술이 너~~무 좋구 디자인 역시 아이디어 너무 좋구~
미국은 진짜 촌스럽다는😅
대한민국 최고.",7,2025-06-13
QAJ67ES8aOg,UgzGN0xaBedu1tV6AZd4AaABAg,@esperanza8929,상품명도 포함해주면 좋겠습니다. 스팀다리미. 정보는 찾기 어렵네요😢,78,2025-05-25
QAJ67ES8aOg,Ugz-7gOPBmvupDSJpG14AaABAg,@이연우-s5d,스팀다리미 알림 신청합니다.😊,24,2025-05-20
QAJ67ES8aOg,UgywYt9-EuozV61rE4R4AaABAg,@winnerk1720,우와 진짜 좋아보여요!! 대박,0,2025-11-13
QAJ67ES8aOg,UgzDXDVXy2D95SziY2Z4AaABAg,@kangchorok,? 제품명 왜 안알려줌?,48,2025-05-22
QAJ67ES8aOg,UgxcHl0emP8OR02vmcN4AaABAg,@라떼양쓰,무아스 드라이기  가벼운가요?? 초등학생이 사용할껀데 가벼워야 하거든요 ~~~  알려주세용 ❤,1,2025-06-07
QAJ67ES8aOg,Ugxr0tBMbuIOgPuQxXd4AaABAg,@임효정-r6e,1번 2번 3번 알람 신청하고 갑니다~~^^,0,2025-06-22
QAJ67ES8aOg,Ugy722MMoMJGf_8N46x4AaABAg,@최기쁨-t6y,"1,3번 공구 신청합니다!😊",0,2025-05-24
QAJ67ES8aOg,UgymEdZen85984rvVox4AaABAg,@유즈밤,저거 전에 코코가서 봣는데 좋아보이더라구요…! 다이슨 예전모델쓰는데 고장나면 갈아탈까봐요~,0,2025-11-26
QAJ67ES8aOg,UgyYY3MAO-ghG2_RH914AaABAg,@이미숙-z6i,이쁜 신혼보내세요. 선풍기 어디서 구매하셨어요?,0,2025-05-26
QAJ67ES8aOg,UgzUMPp-hfPkTiy6eRh4AaABAg,@최정아-c3c,2.3번 알림신청 합니다❤,1,2025-05-23
QAJ67ES8aOg,UgyCEFRl_Ozds_spdkJ4AaABAg,@KimberlyC-h,2번 3번 신청합니다~,1,2025-05-20
QAJ67ES8aOg,UgwavOX9Y7-EuyMzLRB4AaABAg,@TV-wo7qm,3번 알람신청 하고싶어요!,0,2025-05-22
QAJ67ES8aOg,Ugy60AqmJ3_hvgaQn1t4AaABAg,@고양이농부-v9s,오오오 알아봐야겠어요,0,2025-05-27
QAJ67ES8aOg,UgxxPo4dXsI7UTjyL6Z4AaABAg,@정화박-y3v,"1,2,3번 공구 알림 요청하구싶어용",2,2025-06-19
QAJ67ES8aOg,UgwIfv-79cBBQZz54e14AaABAg,@Share-ub5cr,스팀다리미 드라이기 궁금해여😊,0,2025-05-24
QAJ67ES8aOg,UgyAlaNu23u-3QFZ2MN4AaABAg,@canny041617,무아스드라이기 넘 잘쓰고있어요,0,2025-05-23
QAJ67ES8aOg,Ugw616gasnJwrk9elc54AaABAg,@ssp-l9k,우와 다 사고 싶어요 침대 커버 정보 있으세요 😮😮😮😮,0,2025-05-27
QAJ67ES8aOg,UgzxGKm1n6DahFNn1914AaABAg,@user-fs5bc8ve2w,사모예드 키우시나봐용 ㅎㅎ너무귀여워요~~ 자주 보여주세용,0,2025-06-09
QAJ67ES8aOg,UgzzIwx4bUQpiWdWpTp4AaABAg,@은은-d7o,3번 알림신청합니다!,0,2025-05-22
QAJ67ES8aOg,Ugz2zKkfLnLilHRteud4AaABAg,@맛좋은감귤,3번신청해요!,0,2025-05-23
QAJ67ES8aOg,Ugzsng7qjPmqFAcRCbd4AaABAg,@Hy-u8l,스팀다리미 알람 신청합니다❤,0,2025-05-28
QAJ67ES8aOg,UgyqCxiFfyslBm0DwDJ4AaABAg,@0203psy,"2,3번 공구 알림신청해요",2,2025-05-21
QAJ67ES8aOg,Ugx_rKxDNeAcw2hPIy94AaABAg,@Brigid21,"2,3번 알림신청해요😆",0,2025-05-22
QAJ67ES8aOg,UgxNXgtju1bCxp9Pg9t4AaABAg,@눈이부시개-e7y,1~3번 신청합니다😊,0,2025-05-21
QAJ67ES8aOg,UgxY94mi5XNzMQYKvHR4AaABAg,@차명자-g9v,3번 알람신청이요~,0,2025-06-29
QAJ67ES8aOg,UgwP2MGX3OQ4z0DY7c94AaABAg,@떡흑임자,1번 드라이기 알림신청합니다 ❤,0,2025-05-28
QAJ67ES8aOg,UgyBEQRCu6eyguA-lwJ4AaABAg,@장민영-c4g,"1,2,3번, 냉감이불도 궁금해요 🥰",0,2025-06-02
QAJ67ES8aOg,UgxE-k8VFfD2UpGFKGh4AaABAg,@리빙아카이브LA,최고에요❤😊,0,2025-12-20
QAJ67ES8aOg,Ugyhl6QvsTFXPfVJnud4AaABAg,@Sue-Sung,3번 공구 신청합니다,0,2025-05-21
QAJ67ES8aOg,UgxTRUOfLIHkRegQxZ94AaABAg,@호이쨔-f5z,2번 서큘레이터 알림 신청합니다 ❤,0,2025-05-22
QAJ67ES8aOg,UgzjjxKaw-kbjnTdM1x4AaABAg,@사과아이폰,코스트코 드라이기 워미 ㅋㅋㅋ,0,2025-05-21
QAJ67ES8aOg,UgzaANJNlkGFh9L8d5B4AaABAg,@강아징-d8t,3번알림 신청합니다 !,0,2025-05-22
QAJ67ES8aOg,UgyisVcmAN-7tYTuhNJ4AaABAg,@5915Hyunny,1.2번 넘 좋네요! 2번은 정보 어케되나여?,0,2025-05-26
QAJ67ES8aOg,UgxMh-3LU609K_fMmQd4AaABAg,@엄지아-f6u,3번 알람신청합니다,0,2025-05-21
QAJ67ES8aOg,Ugwex4SIAk51q30Ao_V4AaABAg,@cia19922301,1번 2번 3번 알림신청이요🎉,0,2025-06-25
QAJ67ES8aOg,UgyW1O4CTNmwLst3IxJ4AaABAg,@돌돌말은,3번 스팀다리미 알림 신청이요 ㅎ,0,2025-05-22
QAJ67ES8aOg,UgwofG7CJImnu1HI-Ld4AaABAg,@rainbowsue123,써큘레이터 알람신청합니다❤,0,2025-05-22
QAJ67ES8aOg,UgzeqtMhV2a8E4iGm2t4AaABAg,@이정미-g4l,스팀다리미 알림신청합니다 😊,0,2025-05-21
QAJ67ES8aOg,Ugw0eY4OCINtZIKTwe14AaABAg,@hahahoho.1.2.3,"선풍기,스팀다리미 공구 신청합니다👍",0,2025-05-29
QAJ67ES8aOg,UgwkAmUD9UxWXkaex8Z4AaABAg,@지혜허-l2h,1번ㆍ2번ㆍ3번    신청 이요~~~~❤,1,2025-05-21
QAJ67ES8aOg,UgxSQToTotzKCKqdm5J4AaABAg,@이정아-m8h8w,3번 알람신청,0,2025-05-24
QAJ67ES8aOg,UgyMjhGJr-w5U45psfJ4AaABAg,@junekim577,"1,3번 신청합니다",0,2025-06-03
QAJ67ES8aOg,UgwdAwbcb0kHwpTReO54AaABAg,@kpark727,저도 2번 3번 신청이용,0,2025-05-21
QAJ67ES8aOg,UgySWr5O6oCPd9IB_WB4AaABAg,@somani4360,"스팀다리미,선풍기 알림신청이요😊",0,2025-05-22
QAJ67ES8aOg,Ugxc7r1AsommQUVGjNl4AaABAg,@shwoo99,스팀다리미 정보 알 수 있을까요..!!,0,2025-05-28
QAJ67ES8aOg,UgxeRABjIR2QWBGJayl4AaABAg,@지경미-g9v,스팀다리미 알림 신청이요❤,0,2025-05-24
QAJ67ES8aOg,UgzchZ1pu0l2xzpGcpZ4AaABAg,@김-h5z-t8k,"1,2,3 알림 신청합니다!!",1,2025-05-21
QAJ67ES8aOg,UgwK5lGaSrrcBBtfUq94AaABAg,@사랑-v5c3q,3번!,0,2025-05-21
QAJ67ES8aOg,UgzpnaDNntio9OtahLx4AaABAg,@산삼의삶,3번 스팀다리미 알람신청합니다,0,2025-05-23
QAJ67ES8aOg,UgyEp6yiChX8HpVi_gJ4AaABAg,@살흘리개,"2,3번 알람신청이요!",0,2025-05-20
QAJ67ES8aOg,Ugz1-6tBhLFVJaYklpB4AaABAg,@영-l1j,"1,2,3번 알람 신청합니다❤",0,2025-05-22
QAJ67ES8aOg,Ugzd2KflhfyYN132XjN4AaABAg,@신정인-i6o,3번신청합니다,0,2025-05-22
QAJ67ES8aOg,UgzucapQHzugtyfhcR54AaABAg,@신슬기-n8q,1.2.3 알람 꼭 신청합니다!!!❤,1,2025-05-22
QAJ67ES8aOg,UgxLqoJl8z9esb-oM6B4AaABAg,@쑥쑥튼튼이,3번 알림 신청합니다,0,2025-05-21
QAJ67ES8aOg,UgwPkvj2TgHu13XEkJN4AaABAg,@김지우-o5z,3번 스팀다리미 알림신청합니다,0,2025-05-21
QAJ67ES8aOg,UgwFl6CVHL7lVTAhcox4AaABAg,@은하-x5l,저도 스팀 다리미 공구 부탁드려요😂,0,2025-06-17
QAJ67ES8aOg,UgyIPBk79cNdM26q2ot4AaABAg,@eliyalove7343,3번 알람신청요,0,2025-05-21
QAJ67ES8aOg,UgzjhejG54j1PJYKMd54AaABAg,@이혜은-i6t9w,2번 3번 알림 신청합니다^^,0,2025-05-23
QAJ67ES8aOg,UgzmLrZozMk139SO5214AaABAg,@lynelyne82,2번 알림 신청이요!❤,0,2025-05-22
QAJ67ES8aOg,UgwPoCBHS-xXyV6txAd4AaABAg,@이성희,3번 스팀 다리미 알림 신청 합니당❤,0,2025-05-22
QAJ67ES8aOg,UgzYLWPQZz4BYeL2W_J4AaABAg,@mmkfg-j4t,스팀다리미 알람신청이요🎉,0,2025-06-01
QAJ67ES8aOg,UgyXahZ4ZAzL5u_w-9Z4AaABAg,@san4576,좋다 ㄷㄷㄷ,0,2025-06-06
QAJ67ES8aOg,UgwkkreEwkUIbBl3gap4AaABAg,@하나뿐-b2j,무아스 1번 드라이기랑 2번 알림이요!,0,2025-05-20
QAJ67ES8aOg,UgyKoaRoAyJ8vqkJIoJ4AaABAg,@blisskwon1559,1번 2번 신청합니다,0,2025-06-04
QAJ67ES8aOg,Ugy2rJwA8rhNxFe4Nkl4AaABAg,@김영순-p4b,1.3번 알람신청합니다.,0,2025-06-03
QAJ67ES8aOg,UgwmBpWYlccGDUKKQ9V4AaABAg,@zzaanngg2931,드라이기 좋아보여요,0,2025-05-20
QAJ67ES8aOg,UgzQA05rEih81D3Q8hF4AaABAg,@TV-rr3yz,이 드라이기ㅡ강추!!,0,2025-05-23
QAJ67ES8aOg,UgyE8el3YoBkHS_7HR94AaABAg,@shsw1861,"1,3번 알람신청이요",0,2025-05-25
QAJ67ES8aOg,UgwN4XqzTLYUT8dGkQp4AaABAg,@김영순-p4b,1.3번 알람신청,0,2025-06-03
QAJ67ES8aOg,UgzuzHi8YvnIVJFgTkp4AaABAg,@천강영,대박❤,0,2025-05-22
QAJ67ES8aOg,UgzZOog7NNKXLv9EjJJ4AaABAg,@상추-v2x,스팀다리미 ❤❤❤,0,2025-05-24
QAJ67ES8aOg,Ugyrqmt3wuHlZiQ33jd4AaABAg,@goldenfragrance금빛향기,오... 선풍기 빼고 다 필요해요 신청합니다,0,2025-05-25
QAJ67ES8aOg,UgzO_ilq8bevK4Gguvx4AaABAg,@Zz-oo5yu,"1번, 2번 알림신청합니다♥",0,2025-05-28
QAJ67ES8aOg,Ugzyqf1OLW3_nwf8V6d4AaABAg,@christinechoi3270,3번이요,0,2025-05-22
QAJ67ES8aOg,UgzDQdpJeT3Ka2mIXzd4AaABAg,@박미정-g1v,3번도 알림신청이요,0,2025-07-02
QAJ67ES8aOg,Ugzc92biC0qmRFRiKEx4AaABAg,@lololala5990,3번 알림신청,0,2025-05-22
QAJ67ES8aOg,UgziLJ3OjIDRh6_GrX54AaABAg,@AramLee-fc2in,3번,0,2025-05-22
QAJ67ES8aOg,UgzHSNQaLjb0CCB_yMZ4AaABAg,@User-hf93RxhbfEhoy,선풍기 짱좋다,1,2025-05-23
QAJ67ES8aOg,UgyxRqWZFbpSA530bSZ4AaABAg,@최빡구,3번요,0,2025-07-05
QAJ67ES8aOg,UgxRnstWz3Hui1uNCLt4AaABAg,@리빙아카이브LA,알림신청이요❤,0,2025-12-20
QAJ67ES8aOg,Ugz8SW1TgGyTQEbshbh4AaABAg,@e.kyu_packer7945,3번 알림신청이용,0,2025-05-22
QAJ67ES8aOg,UgxN3n0ynBQii_dkTad4AaABAg,@TamT-b1y,2번 3번 신청합니다,0,2025-05-22
QAJ67ES8aOg,UgytZkwS0fMEREZHLLd4AaABAg,@sangheelee6178,스팀다리미 언제 나오나요?,0,2025-05-21
yIPe3cjC9ms,Ugwd9IuJ467DTh5_GxZ4AaABAg,@Piglhat,"#공구예고 #알림신청
쓸수록 만족하는 신혼가전 2가지 뽑으라면!
🔔필요하신 제품 알림신청은 댓글 남겨주세요!

✅1. 오우이 스탠딩 드라이기(📌2월9일 최저가 오픈)
그동안 머리 말리기 귀찮으셨던 분들!
이거 꼭 추천드려요!🙏🏻
사실 광고만 보고 머리카락 날리는거 걱정돼서
고민만 하다 구매 안했거든요...😅
근데 주변에서 극찬 후기가 많아서 
힌달을 고민하고 구매 해봤는데
증말루...삶의질 상승입니다👏🏻👏🏻 

좋은 기회로 제안이 와서 
이건 꼭 소개드려야겠다 싶었어요!🙏🏻

말리기전 욕실에서 빗으로 머리 한번 싹 빗어서
빠지는 머리는 다 빼주고 말리면
날리는 머리카락 없이 깔끔하고 
너무 편하게 말릴 수 있고
각도조절,길이조절은 물론
슬림해서 공간차지 없이 보관하기 좋아요 :)
긴머리이신분들과 특히 아이나 반려동물 
있는 집에 정말 추천드려요!

✅2. LG 룸앤티비 2세대 3차(📌2월10일 최저가 오픈)
많은 사랑 주신 덕분에 벌써 3차 입니다🙆🏻‍♀️
신혼집 입주하고 1년째 정말 잘 사용중인
제 최애 가전이자 꼭 추천드리고 싶은 룸앤티비📺
와이파이+전원만 있으면 넷플,티빙,왓챠,유튜브,
디즈니,쿠팡플레이스등 OTT 바로 시청가능하고
LG에서 제공하는 무료채널 
20개이상 시청 할 수 있어요!
침실,주방,거실 자유롭게 이동은 물론
캠핑에서 사용하기에도 최고라 
신혼가전으로 정말 꼬옥 추천드립니다🙏🏻

스탠딩드라이기,룸앤티비 필요하신분들
댓글 남겨주세요🩵",82,2025-02-07
yIPe3cjC9ms,Ugy1I-Ka5PygemtU_Pt4AaABAg,@진쩡-r5z,스탠딩 드라이기 겨울에 샤워하고 나오자마자 틀면 따뜻할듯,59,2025-02-10
yIPe3cjC9ms,Ugxksamk5iqOmkmHEHV4AaABAg,@REBEAR97,스탠딩 드라이기는 전기세 감당되시는 분들만 사세요...!,41,2025-02-11
yIPe3cjC9ms,UgwcnkE9ug2A78xedLN4AaABAg,@풀잎-l2i,"1번 알림신청 합니다 
강아지까지 울집 딱일듯요^^",6,2025-02-08
yIPe3cjC9ms,UgxxoaeMHKyDbCkA3UN4AaABAg,@cocoyu6930,우와 스탠딩 드라이기가 있는줄도 몰랐어요 좋은제품이네용!,1,2025-02-12
yIPe3cjC9ms,UgyYDMrPWF3CEr1YE2R4AaABAg,@박-i6b,침대나 쇼파에서 말리면 떨어진 머리카락청소는 😢,130,2025-02-07
yIPe3cjC9ms,UgxAnLaTGo8Iq23nGwh4AaABAg,@지-v9g,와 1번이요 스탠드 드라이기는 처음 봤는데 머리긴 저한테 너무 필요한 제품인 것 같아요,0,2025-02-08
yIPe3cjC9ms,UgyOSmW60JDdVJ8kRIl4AaABAg,@yl2396,스탠딩 드라이기  정말  편해보이네요  강아지 씻기고 말릴때  드라이기 들고  말리기  힘들었는데  이건 두 손이 자유로워서  강아지 말리기  너무 편할거 같아요,0,2025-02-12
yIPe3cjC9ms,UgxWWaTvaipkBIAjlm94AaABAg,@콩나물-h3t,1번 알림이요!!👍👍👍❤️,1,2025-02-11
yIPe3cjC9ms,UgzKTXW3URM_NjGGOmF4AaABAg,@Nat-ns1mr,1번 알림 신청이요! 너무 편해보여요~!,0,2025-02-08
yIPe3cjC9ms,UgyRAU_jtTWaNGhKL994AaABAg,@욤도냥,1번이요!!❤,0,2025-02-11
yIPe3cjC9ms,Ugzp-IDwbVQo-XTw8Hd4AaABAg,@예준이와써요,너무써보고싶네요 드라이기요!!❤,0,2025-02-09
yIPe3cjC9ms,UgyUjaw6z9avmzFUFy54AaABAg,@우현-w5s,1번 알림이요! 😊,0,2025-02-13
yIPe3cjC9ms,UgylrLF6RD4i1tKQMkF4AaABAg,@WONLEE-wb8my,1. 스탠딩 드라이기 알림 신청합니다,1,2025-02-12
yIPe3cjC9ms,UgzdHSzbuc3hnYIWSTh4AaABAg,@비비-f8f,1번 신청해요❤,1,2025-02-08
yIPe3cjC9ms,UgwCQW3M8ROPpVX_cWB4AaABAg,@예콩-12,1번 알림신청 하고싶어요!!,0,2025-02-21
yIPe3cjC9ms,UgysNkNC5W-J2rketpl4AaABAg,@정수현-d4f,1번 알림 신청합니다😊,0,2025-02-08
yIPe3cjC9ms,Ugw7MXYkYfugmw3dqmB4AaABAg,@ha_h_215,"1,2번 모두 알람신청합니다!",0,2025-02-08
yIPe3cjC9ms,UgxqEmmfVJb4Q_Y-dq94AaABAg,@김지현-x9m8x,1번 신청이요❤,0,2025-02-10
yIPe3cjC9ms,UgyvfNo-6cirEqWA4hp4AaABAg,@onestar48,룸앤티비요🖐🖐 스탠트 정보도 같이 부탁드려여,0,2025-02-09
yIPe3cjC9ms,UgwGqK5HnB_Hl4TvxfN4AaABAg,@latulipp-r1h,알람신청합니다❤,0,2025-02-08
yIPe3cjC9ms,UgzrrUf03K6DhYtBHHR4AaABAg,@이정제-r7l,2번 알람요😂,0,2025-02-08
yIPe3cjC9ms,Ugz5aEtvZ8yn5lUUy_B4AaABAg,@kang60314,1번 알림신청해요 !!ㅎㅎ,0,2025-02-08
yIPe3cjC9ms,Ugx-AeAMkp8LZwX3QZt4AaABAg,@rldurrldur,1번 알림신청이용!❤,0,2025-02-08
yIPe3cjC9ms,Ugw7EwfK1jOD_mj1cYV4AaABAg,@신비복숭아_ii,2번 알람이요!!,0,2025-02-09
yIPe3cjC9ms,UgzXtj7rgDjDSi5IUVJ4AaABAg,@sensible_habits,2번!!,0,2025-02-15
yIPe3cjC9ms,UgxIBkNqjNSp-aW3pqJ4AaABAg,@최유미-s5l,2번 알람신청합니다,0,2025-02-08
yIPe3cjC9ms,UgxyshTkGikK-0QPShx4AaABAg,@runa3246,2번 알림신청이요!,1,2025-02-09
yIPe3cjC9ms,Ugw1x_7zNlt2Pi6uOxt4AaABAg,@축구좋아_12,"1,2번 둘다 알람신청이요!",0,2025-02-09
yIPe3cjC9ms,Ugwz7qwUqDEKDRj7sDt4AaABAg,@슈퍼마리오-p7u,1번 알림이요!,0,2025-02-12
yIPe3cjC9ms,Ugy_X23pzU9Do7glVWB4AaABAg,@팅글샵사장,1 번 알람신청 합니다❤❤❤❤❤❤❤,0,2025-02-11
yIPe3cjC9ms,UgyWAq9JuTGFZzhVdF54AaABAg,@as532wldbf,저두 일번알림이용 ❤,0,2025-02-11
yIPe3cjC9ms,UgzUxrNnHTz-ddxIoQV4AaABAg,@헬로짱아,둘다 알람이요!!,0,2025-02-10
yIPe3cjC9ms,Ugy4nwMUMhz29xwx1At4AaABAg,@손지혜-j2l,2번 알림신청합니다!,0,2025-02-08
yIPe3cjC9ms,UgxcyIc_n6bs4TWbH5V4AaABAg,@나영-k5d,"1,2번 알람이요🎉",0,2025-02-09
yIPe3cjC9ms,Ugy2HxGQMpHFFBgKv_x4AaABAg,@박수경-b6e,"1번 스탠딩 드라이기
2번 티비 둘다 알림신청합니다",0,2025-02-07
yIPe3cjC9ms,UgzEm6r4ZFnm5XHE88p4AaABAg,@지유-o9q,알람신청해옹❤,0,2025-02-08
yIPe3cjC9ms,Ugy7ChfLuGWvRoLYUp94AaABAg,@멘탈반숙,1번알린신청이요❤,0,2025-02-09
yIPe3cjC9ms,UgyUy4CvaEct_PPkH4x4AaABAg,@슝동,드라이기 알람❤,0,2025-02-11
yIPe3cjC9ms,UgyC857uk5x12j4uiut4AaABAg,@mellowd1769,1번 알림신청요😮,0,2025-02-14
yIPe3cjC9ms,UgxqNIlcGTZUCzqzXix4AaABAg,@sarang601478,드라이기 너무 편해보이네요~~,0,2025-02-12
yIPe3cjC9ms,UgyYxkZvuw8JKd2Ljlt4AaABAg,@cinderella_0406,1번 알림신청😊,0,2025-02-07
yIPe3cjC9ms,UgxNFMmzNvPrP2yc4cx4AaABAg,@hjlee1662,둘다 알림신청합니다 ❤,0,2025-02-08
yIPe3cjC9ms,UgyOVEwIKwKquX2KTrx4AaABAg,@hihijiiny,1번 알림 신청합니다!,0,2025-02-08
yIPe3cjC9ms,UgyYpTw0xX7kf0hoeox4AaABAg,@임소연-u2l,드라이기 어떻게 구매하나요?,1,2025-02-20
yIPe3cjC9ms,Ugy41PhqxQGQ_AufoKp4AaABAg,@오잉-x1j,"1,2번 모두 알림신청합니다!!",0,2025-02-08
yIPe3cjC9ms,UgzQF7DxAkzwnvOC8pd4AaABAg,@kimsy_924,1번 알림 요청❤,0,2025-02-07
yIPe3cjC9ms,UgyAowhIzIP-lgoWjTt4AaABAg,@푸우-j5v,스탠딩 드라이기요 !!!,0,2025-02-10
yIPe3cjC9ms,Ugz4QLyoQELZfTLEf6t4AaABAg,@밀크호호,룸앤티비 휴대폰으로 핫스팟 테더링도 가능하지요?,0,2025-02-12
yIPe3cjC9ms,UgzfcT3tAWcksBSLkxB4AaABAg,@TV-fh6mr,1번 알림신청해요!,0,2025-02-07
yIPe3cjC9ms,UgyBv9gmrWwr1Bipm4l4AaABAg,@런빌,"선풍기랑 다를 게 뭐냐는 건
선풍기에서 열풍은 안나오니까",0,2025-02-07
yIPe3cjC9ms,UgxWFw423pWAbWSGAaR4AaABAg,@bogumi4195,쇼파는 어디꺼인지 알수있을까요??,0,2025-02-17
yIPe3cjC9ms,UgzElTHa7H9Fr2CWzIh4AaABAg,@다이애,1번 알림요😊,0,2025-02-09
yIPe3cjC9ms,UgzG2TLokBbshQSYPNF4AaABAg,@이니베베,1번 알림 신청합니다~~,0,2025-02-08
yIPe3cjC9ms,Ugx6NaK4WgjX7ywXF_h4AaABAg,@HAY_YU,스탠딩드라이기 알람 신청해욧,0,2025-02-09
yIPe3cjC9ms,UgyYJwm4G0YHAPsJiTF4AaABAg,@thdp-h2y,1번 알림신청 합니다~,0,2025-02-08
yIPe3cjC9ms,UgyaCD5f5715UYHFs8t4AaABAg,@yumtv7229,1번알림신청😂🎉,0,2025-02-08
yIPe3cjC9ms,UgwWCCtBqQ4JS6QGSI54AaABAg,@arare20-y9x,"1번,2번 알림신청해요~",0,2025-02-10
yIPe3cjC9ms,Ugzr8NvOjkmuQ9rEhvJ4AaABAg,@jihyunlee3453,1번 알림❤,0,2025-02-09
yIPe3cjC9ms,UgwRTkG2BLJx4hDAbxV4AaABAg,@아이니-i7s,알림이요🎉,0,2025-02-07
yIPe3cjC9ms,UgwLb-dCbsRHVbpGlTF4AaABAg,@봄비-d4o,스탠딩드라이기요😊,0,2025-02-07
yIPe3cjC9ms,UgzOXDrIVAMvzEuZZW54AaABAg,@present-n3o,룸엔티비와 스탠바이미와 다른점이 뭘까요??,0,2025-02-07
yIPe3cjC9ms,UgynW_AzSCqDmoCkcFB4AaABAg,@볼볼-h6w,알림신청이요❤,0,2025-02-07
yIPe3cjC9ms,UgwT4Bxe7d8zzpDEC2l4AaABAg,@user-diej3sks5,1번 신청이요,1,2025-02-09
yIPe3cjC9ms,UgwtKw4hWDXPNEO71zp4AaABAg,@김건우-t7q,1번 알람신청합니다.,0,2025-02-08
yIPe3cjC9ms,UgyGTBF6buEv1M9olkN4AaABAg,@부자언니-t6m,1번 스탠딩드라이기 알람요~,0,2025-02-11
yIPe3cjC9ms,UgwJrlzSmqguC6QN-u14AaABAg,@MaltifuMango,1번 알람 신청해요,0,2025-02-11
yIPe3cjC9ms,Ugxa-Fxm9obRkvkWL9J4AaABAg,@shsnfks,알람신청합니다~,0,2025-02-07
yIPe3cjC9ms,UgyiQTRisXuhZT99Ia54AaABAg,@yoonalicia0513,둘 다 알림신청이요!!,0,2025-02-07
yIPe3cjC9ms,UgwdBMiTjUI1OomIu454AaABAg,@네넴예,전기세 어찌되나요?? 1등급인가요???,1,2025-02-08
yIPe3cjC9ms,Ugxbd-9yDVRD0e9aHTt4AaABAg,@Yubin9000,1번 공구 끝났나요?,0,2025-02-12
yIPe3cjC9ms,Ugwr8UI4CoauXIOmQs94AaABAg,@꾸미-k8r,커뮤니티 링크가 어디 있나요?,0,2025-02-11
yIPe3cjC9ms,UgyjKzf9i-5TrUYJ-ol4AaABAg,@채연-t3s,알람이요 ~~~,0,2025-02-08
yIPe3cjC9ms,Ugz9ze8-V-PPTDPJz9J4AaABAg,@sweetsnow4192,스탠딩 알람신청욤,0,2025-02-10
yIPe3cjC9ms,UgwJSR4cx1smPtXLVbN4AaABAg,@gogounii,1번알림 신청이용😊,0,2025-02-08
yIPe3cjC9ms,UgzvrMZM8M9vQBXczjd4AaABAg,@aeunhada,2번 알림신청!!,0,2025-02-09
yIPe3cjC9ms,Ugx6MYAL6hLtVARoBC94AaABAg,@이주형-b1c,2번 알림신청이요~,0,2025-02-08
yIPe3cjC9ms,UgzK-lsmkzB0-CrngA14AaABAg,@킴시티,1번알림🎉🎉🎉,0,2025-02-12
yIPe3cjC9ms,UgxaVJMCh3jD7gdIasp4AaABAg,@이유리-v8m,1번.알람!,0,2025-02-08
yIPe3cjC9ms,UgwnzQQElu99zYDQI-t4AaABAg,@쟁반이-b2r,1번2번 알림신청입니다.,0,2025-02-10
yIPe3cjC9ms,UgzxCb8qqsolhPozroh4AaABAg,@yes_iamhere,알림신청해요❤,0,2025-02-08
yIPe3cjC9ms,UgxmBrNqa2dp_erVk7p4AaABAg,@이은주-z4n5e,1번 알람신청이요,0,2025-02-09
yIPe3cjC9ms,UgxutElJsV7JRzo1OrR4AaABAg,@hijen88,1번 알림신청!!,0,2025-02-09
yIPe3cjC9ms,UgwaXYEAY90DuUZNwcF4AaABAg,@misokim8942,"1번, 2번 알림이욥",0,2025-02-07
yIPe3cjC9ms,UgyBVscg3o7dO37sUet4AaABAg,@hollymolly2,2번부탁드립니다,0,2025-02-07
yIPe3cjC9ms,UgzD3G8j-bqfIBqFXLB4AaABAg,@어리-e5m,둘다 알림이요!,0,2025-02-07
yIPe3cjC9ms,Ugz7Im8hunxYoaAdl8J4AaABAg,@신서니-o9t,2번 알림신청합니다,0,2025-02-08
yIPe3cjC9ms,UgxjPC1ao6Uyut9Lp314AaABAg,@quinn5330,1번 신청합니다,1,2025-02-10
yIPe3cjC9ms,UgyDg7oDG0iK1t6PtkB4AaABAg,@맘뿌니뽀니,1번 2번 알림 신청합니다.,0,2025-02-08
yIPe3cjC9ms,UgyPFF8UUz5-YIbkVDB4AaABAg,@gozldgkelak,스탠딩드라이기 ❤,0,2025-02-09
yIPe3cjC9ms,Ugz2HqC6IHQkzV8D6ix4AaABAg,@블랙라벨-t4v,알람신청이요1번,0,2025-02-11
yIPe3cjC9ms,UgxqA68gFdERzFpZOD94AaABAg,@메리엔젤-k7t,1번 신청해요,0,2025-02-08
yIPe3cjC9ms,Ugx02HfHF6M89WWN8kR4AaABAg,@밤비-love486,1번 2번 모두 신청합니다,0,2025-02-20
yIPe3cjC9ms,Ugw9LyA0J9DZfeUJ_nx4AaABAg,@유준유준-h2r,피글햇커뮤니티 못찾겠어요ㅜㅜ,0,2025-02-12
yIPe3cjC9ms,UgwJP0nAXqZzHFUuxO94AaABAg,@eunjung1223able,1번 알림신청입니다,0,2025-02-08
yIPe3cjC9ms,UgyfXz3WA2vpzp8gUfl4AaABAg,@muna9274,1번 알람부탁드려요~,0,2025-02-07
yIPe3cjC9ms,UgxdSV6i3TKRjF2NGWh4AaABAg,@Cindy-x7p,1번 알림신청 합니다,0,2025-02-07
yIPe3cjC9ms,UgwmA-YUBaUTfuwU3Sh4AaABAg,@유니님-n3p-o5w,알람요 😊,0,2025-02-08
yIPe3cjC9ms,UgyA7zGzQkqK-t0ZlPZ4AaABAg,@현지-i6z5c,둘다 알림신청이요!,0,2025-02-08
yIPe3cjC9ms,UgzD509Jms6ZlW85Sr94AaABAg,@shinhoper,1번부탁드랴요!,0,2025-02-11
qbhJT90uYJ0,UgwWZ5Dqp4o2j-7PuvV4AaABAg,@침알노_mattresspick,"해당 영상은 쿠팡파트너스, 오늘의집, 네이버쇼핑 커넥트 활동의 일환으로 판매 발생 시 일정액의 수수료를 제공받습니다. 제품 정보 확인하실 수 있도록 고정댓글에 링크 첨부하였습니다☺🔗
<📺가전>
LG 오브제컬렉션 세탁기+건조기 세트
https://ozip.me/pTXruJg?af

스탠바이미1
https://link.coupang.com/a/c4KdV4

LG스타일러
https://link.coupang.com/a/c4KeFa

LG전자 코드제로 R5 로봇청소기(2023출시)
https://link.coupang.com/a/c4KfTt

미닉스더 플렌더 음식물처리기 MAX(new)
https://ozip.me/DNJGBzU?af

<🪑가구>
식탁+식탁의자
https://brand.naver.com/beiderheim/products/10102509553

한샘 호텔st 침대프레임
https://bit.ly/4hMp3TV

수면밀도 코어릴랙스 매트리스
https://bit.ly/4hF7swS

레트로하우스 사이드테이블 틈새장
https://ozip.me/YDbagls?af

포더홈 플레인 E0 높은 수납장 800
https://ozip.me/vuN8Ezy?af

포더홈 플레인 E0 서랍 수납장 1200
https://ozip.me/0cebuSk?af",3,2025-11-16
qbhJT90uYJ0,Ugw4uil2j4-3rPea5yh4AaABAg,@침알노_mattresspick,"‼허리통증 있다면 필수시청! 매트리스 아무거나 고르면 안 되는 이유
https://youtu.be/Jn5tQRSed_w?si=Ykedfcp949nXgA7L",0,2026-03-12
qbhJT90uYJ0,Ugzbu-T30tYRLLH650V4AaABAg,@oneuldo-w7c,신혼집 준비 중인데 팁 많이 얻고 갑니다~,0,2026-04-04
qbhJT90uYJ0,UgwZtheVJzpQqvOzkBd4AaABAg,@존윅-e6l,이불 정보도 알려주세용~~,0,2026-01-28
qbhJT90uYJ0,Ugy5IZbCrFKIvIZdEjR4AaABAg,@정윤정-d9k,소파 정보도 부탁드려요,0,2026-02-06
qbhJT90uYJ0,UgwqafabblNTX_t2CpR4AaABAg,@johndemilita1721,물건을 보여 주세요.,0,2025-11-15
Hlb2UBRaRkY,UgyZwcp_HDYF0V8RCKB4AaABAg,@angel-mengsoon,안녕하세요 혹시 침대프레임 정보 알수있을까요??,0,2026-02-26
dlWMz8bkI8g,UgxHHze4AXLZjEo3pQZ4AaABAg,@앵돌이-o3k,청소기 정보 부탁드립니다!,0,2025-12-13
dlWMz8bkI8g,UgwnJdKYl5wXElTxTlN4AaABAg,@ahracho3,바닥재 제품 알 수 있을까요?❤,0,2026-02-24
dlWMz8bkI8g,UgxBQPaVJq5872ZRUHB4AaABAg,@재이-n7g,쇼파 어디제품인지 알 수 있나요?,0,2025-11-19
dlWMz8bkI8g,Ugx6z_1eSg9kcs6Ng3p4AaABAg,@네이마루-v9x,혹시 인테리어 하신걸까요,0,2026-01-23
dlWMz8bkI8g,UgwM3Fmz-fuCJK41HzV4AaABAg,@yooyeoreum2807,직수형 정수기 어디 제품일까요?,0,2026-01-29
dlWMz8bkI8g,Ugx4TVtPHBOUJfOjN0d4AaABAg,@홍복숭아-q2q,처음에 나오는 삼탠바이미 옆 선반 어디제품일까요?,0,2025-05-28
KzhunxOxzKE,UgxtQTwTZKrTTqU7ofZ4AaABAg,@Eggwithoutyolk,유튜브 오늘 처음 봤는데 진짜 리스펙합니다..,1,2025-01-23
KzhunxOxzKE,Ugza88h_c2V7ywa32DR4AaABAg,@홍홍-k4q,식세기는 따로 안사셨나여?!! 로봇청소기는 좋나용?!!,0,2025-05-26
KzhunxOxzKE,UgxnF20Sqlq3YbzeGEV4AaABAg,@데스커리아,세탁기는 어디서 구매하셨나요~?,3,2024-09-19
KzhunxOxzKE,UgwphRhiXxSd7BZ3-uh4AaABAg,@jylee168,에어컨은 원래 있던건가요? 영상에 가스레인지도요?,0,2025-07-31
szkWAJlXcHg,UgzFX-IZFMevsv_9DMB4AaABAg,@ejk5198,4단 구이팬에 하는 거 아닌가요?,3,2026-01-23
szkWAJlXcHg,UgxqaXvlKko8l0zxZpN4AaABAg,@꽁냥어니꼬미,혹시 온도 시간 여쭤봐도 될까요?,2,2025-07-30
szkWAJlXcHg,UgyuEJJGNYMmAayx7HV4AaABAg,@wldn5177,그릴에 생선이 자꾸 붙어요 팁 좀 알려주세요??,3,2025-10-08
4dQ2isTKHIw,UgxjjT43-UyOCalo_MB4AaABAg,@jadekim2106,"정말 23분37초 동안 집중해서 봤네요.
청결한 집안과 많은 요리들을 하기 위해   매일 매시간 얼마나  많은 수고가 따를지 알기에 영상 볼적 마다 존경하지 않을 수 없네요.",64,2023-06-16
4dQ2isTKHIw,UgwhK0Xk6KRhu9OOhxZ4AaABAg,@PigeonFace4Life,I truly hope her family appreciates her cooking just as much as we appreciate watching,115,2023-06-16
4dQ2isTKHIw,UgxkWRX0T-owqhj7OFh4AaABAg,@tigerlily62,"Hello Honeyjubu! I am always amazed by your cooking and now you have a fantastic new oven that makes it even easier! I’m very jealous!!..😊  We probably don’t get that oven here in Australia. Even your dishwasher is so clever it can open itself!!..😮. I just love seeing Miss Lucy’s beautiful little face. She is so cute and looks like she is a very happy pup, all the time..❤️🐾🐾❤️. I look forward to seeing what interesting ideas or dishes you have for us next time!  Have a lovely week!..❤️",33,2023-06-16
4dQ2isTKHIw,UgzSQhj9S-RLLVctMox4AaABAg,@Dia0436,어쩜 이렇게 살림요리 다 잘할수 있으신지 진정 감탄이 나와요,13,2023-06-17
4dQ2isTKHIw,UgzG71b1CunU6Zk_hNZ4AaABAg,@쩡이-v9n,와 애호박전을 이렇게 모양 살려 기름 튀기지 않고 예쁘게 할 수 있다니…! 다른 요리들도 그렇고 정말 만능이네요💛,16,2023-06-17
4dQ2isTKHIw,UgwjUE9CLsxrZFGkzad4AaABAg,@쁍의루프,유튜브에서 본 온갖 ppl중에 진심으로 사고 싶어진 건 이게 처음이에요 와 미쳤다,143,2023-06-16
4dQ2isTKHIw,UgxV8elOeE8UB-cuoTF4AaABAg,@norah-subaie2001,당신의 클립을 볼 때 당신은 내 하루를 행복하게 만듭니다 아랍어 자막을 넣어 주셔서 감사합니다😊❤,3,2023-06-17
4dQ2isTKHIw,UgzB2Mfux6tOhRAXOCR4AaABAg,@annapooh4179,Sigo você já há um tempo e nunca me canso de assistir seus vídeos. Fico me imaginando degustando de tudo o que você faz 😋. E sua casa é uma perfeição!!!,17,2023-06-27
4dQ2isTKHIw,Ugy-zFx9a-FqqL_iUPV4AaABAg,@shareesehill1440,"Honeyjubu, this LG oven is amazing! I’m hoping they will sell this product in the US. You are so lucky to partner with LG, especially with the refrigerator! I joyfully live vicariously in your beautiful smart kitchen! Please keep these videos coming. You are amazing.😁😄😁",7,2023-06-17
4dQ2isTKHIw,UgxdjMlT-tdhWzBl2GV4AaABAg,@임희경-w6y,영상으론 요리가 뚝딱 되는거처럼 보이지만 재료손질하느라 부지런하게 움직이신 모습이..존경스럽습니다!!❤❤,16,2023-06-18
4dQ2isTKHIw,Ugy2VSR_iSuAVG-r_ml4AaABAg,@piszpunt,Zmywarka i odkurzacz bezprzewodowy to najlepsze sprzęty w domu 😂👍,11,2023-06-16
4dQ2isTKHIw,UgxFPwvtp_JFW_zrvFt4AaABAg,@Holly-y4f3c,Lucy eating her banana 🍌 so adorable. She enjoys her snacks. The dehydrated fruit looks so pretty and delicious. The food's you cooked all looked so delicious. You're a wonderful cook. I love and appreciate your beautiful videos. Thank you.😊,22,2023-06-17
4dQ2isTKHIw,Ugyc8xSOOby04dTn6eN4AaABAg,@ewamarczak-cs5sr,"Witaj Honeyjubu taki piekarnik to wspaniała rzecz👍🏼... 🤗jesteś znakomitą gospodynią tak wszystko Ci świetnie wychodzi, takie jest smakowite te jedzenie, świetny film...👍🏼Lucy ma fajnego przyjaciela🐶 Pozdrawiam Ewa z Polski❤",9,2023-06-16
4dQ2isTKHIw,UgwipEvVu5QbNgOaSLB4AaABAg,@강영식-r5x,언제나 꿀주부님 곁에서 지켜보는 루시 그 표정이 너무 사랑스러워 자꾸 생각나네요,1,2023-06-18
4dQ2isTKHIw,UgzJ_BI5WsXZEmvOfQh4AaABAg,@DaniDaLlama,I enjoyed this episode and I love the new LG appliances! I wish they were available here where I live :(,8,2023-06-16
4dQ2isTKHIw,UgynzWoDN2tW7FzHZlJ4AaABAg,@glauciaderesendeguerra6577,"Que pratos deliciosos. A máquina de lavar é meu sonho de consumo, tenho  visto diversas marcas, bom saber como funcionam antes de comprar. Lucy linda como sempre com seus amigos de brinquedo, um maior que ela. Parabéns pela decoração dos seus pratos.",11,2023-06-17
4dQ2isTKHIw,UgxtC-_W0kJCvSwRjY14AaABAg,@stacyturner4058,"Thank you Honeyjubu. The food looks AMAZING and DELICIOUS  as always. Your videos are so very relaxing. I wish I had the kind of energy that u do. I love the new apartment & happy for with all the upgrades. Enjoy. Your videos ready do help‼️🎉
❤",6,2023-06-16
4dQ2isTKHIw,Ugwy2J07ekEWK-eeHr54AaABAg,@추위새,"요리솜씨나 플레이팅, 영상미랑 편집까지 정말 최고세요❤",4,2023-06-17
4dQ2isTKHIw,UgwdxOLFPEz9Upwv-QV4AaABAg,@b.c.9358,I was very excited to see how you cleaned the oven. It seems very convenient.,5,2023-06-16
4dQ2isTKHIw,Ugxl82LtyvXHWSHmvRl4AaABAg,@RosaPerez-db3rp,"Me encanta tu canal y la paz que transmite, las recetas que haces y los utensilios, decoración de tu hogar es todo muy cálido y relajado. Felicidades",7,2023-06-16
4dQ2isTKHIw,Ugz-E5ABweb24Gt-Rqt4AaABAg,@dalcenirareis6573,"Você é excelente no que faz, merece toda felicidade. Está tudo simplesmente perfeito. Parabéns ❤",10,2023-06-16
4dQ2isTKHIw,UgwPm_XpshauMqfQSyx4AaABAg,@Maymiulog,꿀주부님 솜씨에 오늘도 입이 다물어지지 않네요 🫢👍🏻 23분 영상이 순삭이예요😊 늘 마니 마니 배우고 가요 🫶🏻,3,2023-06-17
4dQ2isTKHIw,UgxRWmONB21XImi8tQp4AaABAg,@geisahelena9886,"Amo seus vídeos... Fico ansiosa para ver Lucy 🐶❤ Parabéns pelo seu trabalho, ele nos inspira 🥰🥰🥰❤",9,2023-06-16
4dQ2isTKHIw,UgxOEB-JtfemKm4RTzh4AaABAg,@elic9411,Que perfeição.....que linda sua casa...que linda a Lucy!tudo muito perfeito!,28,2023-06-16
4dQ2isTKHIw,Ugz2MBfnHAM4WQi4DHB4AaABAg,@gautamishruthi9857,"love the way you promote,  complete space is given to the food,products,sound and nature😍...",5,2023-06-16
4dQ2isTKHIw,UgzpJA9u_ZAoQsk0Yw94AaABAg,@annaleocata5034,Hi honey as usual so excited to see you again and beautiful beautiful lucy love your new home  the oven looks amazing  your food wow looks amazing thankyou for sharing have a great day much love to family love you lucy 🐶🌹🌹🌹🙏👍🏼👍🏼👍🏼😊,3,2023-06-16
4dQ2isTKHIw,UgxDW7pb8Z2rTGopGoJ4AaABAg,@미경전성도화,"꿀주부님~~반가워요~
그렇게 자세히 보여줄려니 손이 아플만도 하겠네요.
보는 시청자들은 많은걸 보고 배울수있어 좋지만 혼자할려니 많이 힘들었겠네요! 마음이
안좋네요! 무리하지 않게해요^^ ♡",12,2023-06-16
4dQ2isTKHIw,UgxHFLAKlXUZHShRwdp4AaABAg,@mayracaceres3813,"hola honeyjubu 
Que alegria al inicio del video aparece la hermosa y tierna lucy❣ y si le encanta salir de paseo y disfrutar de la naturaleza 
eso es un festival de comida 
eres una gran chef a nivel internacional 
la cocina al horno y ha la leña mantienen los nutrientes y su sabor y es cierto que los artefactos están perfeccionándose cada vez más y hacen la vida más fácil
pero verte cocinar parece mucho más fácil hacerlo
que bueno que se reunen N en familia los fines de semana 
porque la familia que come junta siempre permanece unida 
hasta el próximo video
que tengas en familia un fin de semana muy divertido 😘 
gracias, gracias excelente presentación y producción",3,2023-06-16
4dQ2isTKHIw,UgxbC6Ymsp_DXJQivVt4AaABAg,@하늘이-m4r,"너무많은것을 배워감니다
꿀주부님  존경합니다",3,2023-06-19
4dQ2isTKHIw,Ugy_DZsUoPZQS4vPPNV4AaABAg,@huffore,Thank you for posting. It is interesting to see how your cook so efficiently. I love watching your relaxing videos. Thank you so much for sharing yourself with us!,4,2023-06-16
4dQ2isTKHIw,UgzGZEuVpLupzlf34XJ4AaABAg,@m.martins1418,"Olá querida Honey,esse forno é pratico e maravilhoso,como a máquina de lavar é eficiente.Voce cozinha maravilhosamente bem.E a linda e doce lucy,brilhou bastante hoje. Saudações da sua escrita Brasileira❤😂😍😘🤗🐶🌹🌷",6,2023-06-16
4dQ2isTKHIw,UgwEvTZUF1_I4tLICL14AaABAg,@shobanasairaman3093,I m a pure veg...but  i dont mind watching u cook any food...U R THE BEST❣,1,2023-06-17
4dQ2isTKHIw,UgxB2dys_C3T4aaHtOJ4AaABAg,@rosaliaoctobre8597,"Honeyjubo your kitchen is very neat and tidy,  each vlog is an inspiration to us, thank you❤❤❤",4,2023-06-17
4dQ2isTKHIw,UgyEPXy_emkGGM6L2U94AaABAg,@soosinsang2902,항상 광고 너무 깔끔하게 실용적이게 영상미있게 잘 해주셔서 좋아요!!! 광고 자주 들어와서 돈 많이 버시고 건강하고 행복하셨으면 좋겠어요🎉❤ 항상 잘 보고있어요 :),9,2023-06-16
4dQ2isTKHIw,Ugy13e460nbbHwFPHmh4AaABAg,@sylwialach3396,The family must be happy that you cook so well even Lucy is happy😊😊😊,2,2023-06-16
4dQ2isTKHIw,Ugx7JEkyzyDRq1Wq6kV4AaABAg,@christinad132,"What a great video, I was sad when it was over! Lol.  Your cooking videos and Lucy  ‘s cute face are the best.  🌻🫶🏻",4,2023-06-16
4dQ2isTKHIw,Ugxw1C84S_7JLSQ6baF4AaABAg,@daniellemorin3636,Tu m’as donné le goût de manger du saumon avec du riz et légumes. Bonne journée et soyez bénis 😊,2,2023-06-16
4dQ2isTKHIw,Ugzm_UPGEnpPy9f28-N4AaABAg,@jozildagois,"Bom dia! Desejo que estejam todos bem. Lucy, eu e meus pets, amamos você❤. Sobre seu forno, eu queria um, mas, infelizmente, essa tecnologia não tem aqui, no meu país😢. Desejo-lhe tudo de bom😊",4,2023-06-16
4dQ2isTKHIw,UgwPki7rx1jDGGVs-4x4AaABAg,@etoiles3442,Bonjour je suis impressionnée par le four multifonctions et ces plats m’ont donnés l’eau à la bouche merci j’en apprend beaucoup sur les menus coréens et un gros câlin à Lucy🥰💕🌷🌸bisous de France 😊,3,2023-06-16
4dQ2isTKHIw,UgwgwwZ19Wziu4FBGDl4AaABAg,@RosemariOlive,Que bom que tem vídeo da honey amooo ❤,6,2023-06-17
4dQ2isTKHIw,UgxOG3YQ-vfo7eaJORF4AaABAg,@kati-ana,"I really like your LG Oven and I especially like your refrigerator. Love, love your LUCY 🥰. Continued blessings to you and ohana. God Bless Honeyjubu.",3,2023-06-16
4dQ2isTKHIw,UgxLHzEcIiTDKQqui794AaABAg,@marianovo7623,A senhora é uma boa cozinheira e com a Lucy sempre atenta obrigado,4,2023-06-16
4dQ2isTKHIw,UgxwV0Llq-SbLYbZE8N4AaABAg,@NataliaArtsGómez,Hello Honeyjubu and community. I loved today's video. What food delights. Lucy is beautiful!!!😍🐶❤,2,2023-06-16
4dQ2isTKHIw,UgytmJrQEzKIL6fH_3J4AaABAg,@easy.0,늘 편안한 마음으로 보게 되어요🥰,1,2023-06-16
4dQ2isTKHIw,UgxUnduB5F2v4iXea3R4AaABAg,@도트페리-p6d,꿀주부님 리스펙이에요 굿밤되세용!!,9,2023-06-16
4dQ2isTKHIw,UgzRCtrbJrxbno8_YDV4AaABAg,@zoesada3034,Hola Honeyjubu Que maravilla tus comidas Siempre tan bien acompañada por Lucy Un placer mirarte Un abrazo fuerte para ti y tú familia que tengas un excelente fin de semana ♥️🌹🏵️🌸🌺💐🏵️,3,2023-06-16
4dQ2isTKHIw,Ugyu40kmaZwFlhdKnj54AaABAg,@marianaguzman6246,Me encantan tus videos!!! Saludos desde Colombia 🇨🇴,3,2023-06-16
4dQ2isTKHIw,UgyNU5LCPvt_lWLEs-p4AaABAg,@veroniquedominguez4491,"Bonjour Honeyjubu, merci pour votre vidéo enrichissante. Vous êtes bien équipée avec votre nouveau four 👍💚🏡humm que de bons plats. 🍲💓Lucy est magnifique avec sa coupe d'été 🐕💖💙💚Bon week-end à vous et à votre adorable famille 😘",2,2023-06-17
4dQ2isTKHIw,UgxXKqAfmrp73hiKh3N4AaABAg,@김상희-x6x,완벽한 ppl의 정석,5,2023-08-11
4dQ2isTKHIw,UgyYglIDmJJiahdc38N4AaABAg,@쿠키-z9r,늘 기다리는 영상을 보는 재미   주말이 기다려지네요~,1,2023-06-16
4dQ2isTKHIw,UgzsbtRpNVoLDRLluJZ4AaABAg,@irakartika8356,healingnya aku nontonin video honeyjubu 😍😍,1,2023-06-16
4dQ2isTKHIw,Ugy2Cr8x0E5-wHYC-Y54AaABAg,@메론빵1_mellon,꿀주부님은 정말 사랑❤입니다.,0,2023-06-17
4dQ2isTKHIw,UgyldshhJnOO7z6BDHZ4AaABAg,@leventlevent399,Try seasoning the inside of the pumpkin with the sauce you made for the dry fish. I think it will be so good ❤,4,2023-06-18
4dQ2isTKHIw,Ugz_RQps3KoztwvgbEd4AaABAg,@김영숙-e7y8i,요리를 그렇게 쉽고 빠르게 잘 하시는지 그저 감탄이 나오네요~~,0,2026-04-26
4dQ2isTKHIw,UgwH6sTBYphYbtQiqWt4AaABAg,@anacelia3752,É maravilhoso e super prático.Com certeza facilita a vida .,3,2023-06-16
4dQ2isTKHIw,UgxwvASpTzAdFs_o0bh4AaABAg,@carladiniz150,Lucy é muito linda. Você como sempre tudo impecável.,4,2023-06-16
4dQ2isTKHIw,UgzYbbqAerU6dYmJfox4AaABAg,@Drflorinc,"Hola Honeyjubu,  precioso vídeo quede encantada con ese horno es un aparato maravilloso que te simplifica la vida en la cocina. Como siempre la reina de los vídeos la preciosa Lucy adorable.
Gracias por compartir de vida diaria y diligente.
Una pregunta ese horno es microondas o con qué energía trabaja? No me gustan los microondas, espero que este no lo sea. Saludos para tu familia y Lametones para Lucy🐩🐩❤❤",2,2023-06-16
4dQ2isTKHIw,UgxxHmSD_hHJEHgDj-p4AaABAg,@myriamkourbali1184,Je ne me lasse pas de regarder vos vidéos 👏 Vous êtes là Numbers une à mes yeux 🌺🌺,1,2023-06-16
4dQ2isTKHIw,Ugzbpa-MZC_-ef36bIB4AaABAg,@silviahahne5433,Foi muito interessante ver a quantidade de pratos tão diferentes e feitos no mesmo forno...fantástico. Beijos. Rio de Janeiro - Brasil.😍,22,2023-06-16
4dQ2isTKHIw,UgzVkgU4UJiDoMtBGBN4AaABAg,@ОленаМахалівна,Ваша собачка такая милая 😊 я когда тебя сматрю у меня тагда больше сил на даною работу ❤,2,2023-06-16
4dQ2isTKHIw,UgzVODBNpB4WYTZTSm94AaABAg,@samitaverekar1135,I absolutely love watching your videos at the end of the day!! They bring about a sense of calm & ease.. You are so hard working & yet you make it seem so effortless!! More love & power to you! 🌸,1,2023-06-24
4dQ2isTKHIw,UgwqcqwaFeFT5RMcgVZ4AaABAg,@ksh7100,긴영상을 끝까지 본일이 잘 없는데 음식을 하는 과정이 너무 깔끔하게 해나가는게 시선을 끌었어요 오븐 사용법을 잘 몰라서 끝까지 보긴했지만 요리법도 잘봤어요,1,2023-12-27
4dQ2isTKHIw,UgzQNXYQuAuiczR7rQN4AaABAg,@janicezucco7555,You make cooking look like fun!  Love Lucy too! ❤️,2,2023-06-17
4dQ2isTKHIw,UgwIu1Dv93M2q0kSH-J4AaABAg,@JsmomLife,"Wow, everythings looks so good and so nice, makes my mouth water. I'll come over next time😊🤗😉. Thank you so much for sharing as always. It is always such a joy watching you.",1,2023-06-16
4dQ2isTKHIw,UgzbjtDfrFqr0h-8joB4AaABAg,@vanessahonea3641,What a beautiful view out of your windows.  The food looked delicious. ❤,1,2023-06-19
4dQ2isTKHIw,Ugz4ATcTCCJBiXUYsNZ4AaABAg,@amykolstee5212,Your new oven looks very nice! I like that it cleans easy too! Thank you for another very enjoyable video!,0,2023-06-25
4dQ2isTKHIw,UgxPuBNROrlEcSVlqeB4AaABAg,@qamarkhan2205,"Before even looking at the video, i hit like....Your videos are very nice and you are truly a well mannered lady.... God Bless you....❤",1,2023-06-16
4dQ2isTKHIw,UgwCINqSRMhrOFJzBdF4AaABAg,@kissesfurlain2798,Absolutely amazing! You are such an awesome housewife and a mother❤,3,2023-06-16
4dQ2isTKHIw,UgxVKMCWyCBPMpkGg654AaABAg,@maryamabdulrehman8059,"I always finish your videos feeling calm and happy, God bless you Honeyjubu",0,2023-06-16
4dQ2isTKHIw,Ugym3ce3iXwgbGLqCKR4AaABAg,@singyujumun,중간중간 나오는 루시 때문에 정신 놓고 봤어요🫢 넘 사랑스러운 꿀주부님 영상 늘 감사합니다🩷🫶🏻,0,2023-08-01
4dQ2isTKHIw,Ugwc-PqMiJQGSBhyNT54AaABAg,@권소이-z2i,"꿀주부님 오늘도 파이팅!
🩷✨️",1,2023-06-30
4dQ2isTKHIw,Ugx-IDBwiEhPDe3vz6h4AaABAg,@OraM4,이 영상을 보고 갑자기 이런 오븐이 사고 싶어졌습니다. 😊,1,2023-06-17
4dQ2isTKHIw,UgwznQX3sByUfY5H7VV4AaABAg,@monisharmuk,Such a lovely video. Watching honeyjubu always encourages and inspires me to cook at home for my family. I am curious to know what all do you add in your rice? Also your chopping skills are at insane level.,2,2023-06-19
4dQ2isTKHIw,Ugwamscg11Afe4ASfwp4AaABAg,@priyankakothavale8684,"Amazing 🤗
You are too good dear👍🏻
It's treat for eyes😍

Thanks for the video 😊",1,2023-06-16
4dQ2isTKHIw,UgyycjnGlW6rME-OXs54AaABAg,@oto2707,I Love all your videos. I love how you keep your home so clean and prepare delicious food.,0,2023-06-29
4dQ2isTKHIw,Ugzep0djjjJ5YS2_Z2t4AaABAg,@musicmanic6522,Hi iam from India iam big fan of you I like very much all videos I am very much impressed with the way of cleaning cooking especially your 🐕😊😊😊😊,0,2023-06-16
4dQ2isTKHIw,UgxHCx6Q3L5i3gOmiHR4AaABAg,@janesianjanesian,I'm inspired to live like you so peaceful and kind,1,2023-06-16
4dQ2isTKHIw,Ugw736sz-lfatSAWEN94AaABAg,@carmencervantes9175,"Muy buenos dias mi amiga Honeyjubu 
Saludos y bendiciones que tenga un maravillosos fin de semana",0,2023-06-16
4dQ2isTKHIw,UgzqQUf6LwATYBCTw_B4AaABAg,@brendalop4780,"Cada que veo tus videos quiero comprar todos tus utensilios, más los platos de madera son muy lindos",2,2023-06-17
4dQ2isTKHIw,Ugw7rVcFVrhb685VNRJ4AaABAg,@luciabandabarrera369,"Ola escribo de España Andalucía tiene una cocina con unas  maquinas  increíbles y unas manos inteligentes todo  limpio, comida sana y rica trabaja mucho,,,suerte.",1,2023-06-16
4dQ2isTKHIw,UgwPC4lRJ21pxeCxp_h4AaABAg,@JesusPrecisoDeTi,"Quantos pratos diferentes! Com muito capricho e trabalho. Parabéns🎉
A Lucy tem a amigo enorme 🧸🤗 😅❤.  Feliz dia!",17,2023-06-16
4dQ2isTKHIw,Ugy_ZWk_QpA4CUT8bod4AaABAg,@Balanced_Lifestyle,Your vidoes always bring joy and calmness in my life thank you for sharing 🥰,1,2023-06-20
4dQ2isTKHIw,UgyWiZ69MvS650UXR1x4AaABAg,@ksm0892,저도 식기세척기 똑같은거 잘쓰고 있어요~ 식세기 이모님 덕에 울 꿀주부님 손목 걱정 좀 덜었네요 😊 오늘도 영상보며 많이 배웁니다♥️,1,2023-06-17
4dQ2isTKHIw,UgyThyznBO6uOsoM0P94AaABAg,@cintalopez-teijeiro5683,"Your videos are just so Beautiful, they have so much work, you are an artist, I started to watch you for your content, which is inspiring, but the quality of your Shots and edition is amazing and keeps getting better. Greets from Spain.",2,2023-06-23
4dQ2isTKHIw,UgwJ1KLv0xxBSfS9DCN4AaABAg,@쏭쏭쇼콜라,저 제품이 있는데 저렇게까지 활용이 가능한지 몰랐네요!! 너무 유익한 영상입니다😊,0,2023-06-28
4dQ2isTKHIw,UgznBC7hF5-FyFdvOpV4AaABAg,@sujapullen8261,Hope your finger is okay now.Good to see you again with your new video ❤,0,2023-06-16
4dQ2isTKHIw,UgxFYfNUii3bzmq1JLN4AaABAg,@happyday8280,"Your new home and appliances all
Look just wonderful.  You are an amazing cook ! Your family is very lucky … Lucy love you ! ❤❤",1,2023-06-22
4dQ2isTKHIw,UgzlPrTwmjhS-f-nl854AaABAg,@new2022_life,꿀주부님 영상 옛날부터 보다가 잊고 있다가 ..얼마전 설거지비누랑홀더쓰는데 너무 좋은거예요.  그래서다시오니 여전히 잔잔하게 음식하시는모습 보기좋아요! 오븐사용 잘봤어요,0,2023-07-16
4dQ2isTKHIw,UgwcKuIJ_eEiVI5cWcp4AaABAg,@vitaviktorovna175,"🌿Столько блюд какая умелая хозяйка. 🌹За Вами несколько лет наблюдаю и не могу успевать столько всего ❤️у Вас заложено с детства из семьи вся теплота, быт, любовь…🙏я в приятном восторге 🫶",1,2023-06-17
4dQ2isTKHIw,Ugyeeth2ssxveASupoB4AaABAg,@smallfoxpress,"Looks delish, will have to try this one at home! And thanks for making the effort to keep your restaurant dishes as local and sustainable as possible. Just another reason to love Whistle Pig! 🦫🥘",0,2023-12-07
4dQ2isTKHIw,Ugwv_eLA11oEoQ4a4zp4AaABAg,@하늘이-m4r,"꿀주부님은 살림솜씨가
예술입니다",1,2023-06-19
4dQ2isTKHIw,Ugx1ec3KpFcluguKDWd4AaABAg,@TamNguyen-nt5mz,"Rất thích những món ăn và thiết bị đồ dùng nhà bếp của bạn, bạn trình bày rất đẹp mắt và sạch sẽ❤",1,2023-06-17
4dQ2isTKHIw,UgwWrQLsRI3dvGSSx_Z4AaABAg,@李白-h2y,You made it look so easy!Enjoy your video,0,2023-06-23
4dQ2isTKHIw,UgwkKJEi5umA8ml0bm94AaABAg,@SandraSantos-pc7sl,Muy exelente video mi admiracion para usted por tanta dedicacion esmero y amor que le da a sus comidas y todo lo que hace y como siempre la linda lucy acompañandola bendiciones,0,2023-06-24
4dQ2isTKHIw,UgyfIvLo7JoGi_ZxDgh4AaABAg,@최향란-x9v,꿀 주부님 요리한걸보면  힐링되고  요리하고 싶은 맘 생깁니다~~감사 드려요,0,2025-04-28
4dQ2isTKHIw,UgxC3EFNMYe1biy93ZV4AaABAg,@白木敬子-f2t,手際よくお料理をこなされる様子を何回も繰り返し見ます。全てがショーの様で、素敵です。そして、とても勉強になります。素晴らしいですね！,0,2024-07-20
4dQ2isTKHIw,UgyUyocNrJTCQ6hKTQF4AaABAg,@이룰린,멋찌십니다.  반려견도 사랑스럽고 부럽기도하고 가족분들은 천운을 타고나셨네요 ㅋ❤❤❤,0,2023-08-16
4dQ2isTKHIw,UgySVOwwZnvs_hUFPb14AaABAg,@J_E_S,"꿀주부님 광고 잘보고갑니다
저도 7월달에 이사하는데 엘지 오브제컬렉션으로 다 바꾸려고 하거든요
현재는 냉장고만 바꿔서 쓰고있는데 영상 보고나니 더 확실해졌네요
엘지오브제컬렉션 굿~~~
감사합니다~^^",0,2023-06-17
4dQ2isTKHIw,UgyMGg6b69lAHTQcd814AaABAg,@paperwormscat9760,"Very convincing video, I would love to have this oven.  :D",1,2023-06-17
4dQ2isTKHIw,UgwK8zLU8OYieFBa7J14AaABAg,@yulianamaximova8149,От такой приятной глазу картины захотелось купить такую духовку...😊,2,2023-06-21
ue7aaGltKbQ,Ugw4qG_rwWPUxsUFeVt4AaABAg,@heymayday,"안녕하세요. 헤이메이데이 구독자 여러분❤
이제 곧 있으면 2024년이에요! 
올 한 해 보내주신 관심과 사랑에 깊이 감사드립니다.

다가오는 새해에는 더 행복하고 즐거운 일들만 가득하시길 
바라며 늘 건강하세요^^ 

Hello. heymayday subscribers❤
It's almost 2024!
Thank you very much for your interest and love this year.

I hope the new coming year will be filled with happier and more enjoyable things and stay healthy always^^

Happy new year! 🙏🏻",28,2023-12-29
ue7aaGltKbQ,UgwoIkcDA0etyCDR23V4AaABAg,@바람-i7n,너무나 예쁜 가족입니다 그 중심엔 엄마라는 큰 사랑이 있네요 항상 건강하시고 새해 복 많이 받으세요!❤,1,2024-01-14
ue7aaGltKbQ,Ugwhq1803CBAHpmW5cd4AaABAg,@송사리-h4o,"역쉬
LG네요(이쁜가족을더빚나게해주는)
너무이쁜영상오늘도잘보고가요
넘부지런해서...손목아픔잘챙기시구요♡",7,2023-12-29
ue7aaGltKbQ,UgzScR9gRYx4pwjs9yZ4AaABAg,@김수현-f2t4k,"광파오븐렌지
그동안
사용못하고있었는데
이영상보고
자신감얻어갑니다

감사합니다~~!!",0,2024-03-29
ue7aaGltKbQ,UgxA2JFc2gAguaoemIJ4AaABAg,@Tunapie,That basque cheesecake looks so good!,0,2024-01-22
ue7aaGltKbQ,UgxedMyzLFQnGNGhM8F4AaABAg,@무상행,ㅋㅋㅋ 같은 광파오븐인데 나랑은 차원이 다른 사용법!! 언제나 그렇듯이...리스펙!!!😊,1,2024-01-20
ue7aaGltKbQ,UgwWwVkgSyNWUWA_LZB4AaABAg,@렛잇비-q2s,"고급 식당이나 디저트카페에서나 볼만한 음식을 뚝딱뚝딱 만드시는거 진심 경이롭네요. 물론 편집의 힘 이라고 해도 정말 솜씨 좋으세요.  가족분들 감사하게 드셔야 할 듯요.😂

마치 동화 속 에서나 나올 행복한 가족 이야기 같아요.

요즘은 다들 외식이나 배달 음식인데 웰빙식단의 향연을 보고 있으니 제가 다 건강해지는 느낌입니다.",6,2023-12-30
ue7aaGltKbQ,UgxogzkcULOQgMqRFJJ4AaABAg,@drhibayoucef4839,The best channel at all for me,1,2024-02-26
ue7aaGltKbQ,UgwfYmNIlpvyUfAu6Dp4AaABAg,@김현숙-e4h,"헤이메이데이님 덕분에 한해 즐겁고 행복했습니다.
건강 잘 챙기시고,
새해에는 좋은 일들로만 가득한 한해되길 바랍니다.",3,2023-12-30
ue7aaGltKbQ,Ugzicd8qkfN3p2migFZ4AaABAg,@cozy-h5o,"올 한 해 헤이메이데이님 영상들 덕분에 잔잔하게 행복하고 또 위로 받았답니다 
지칠 때, 슬플 때, 살림하기 싫을 때^^
헤이메이데이님 영상 보면 슬그머니 힘이 났거든요 
‘나두 우리 남편에게 우리 아이들에게 잘 해줘야지!!’ 하는 마음이 불끈!! ㅎㅎ
올 한 해 감사했습니다 ^^
새해에도 건강하시고 행복하세요",3,2023-12-30
ue7aaGltKbQ,Ugw_agjl8B2Ircu4NR54AaABAg,@Tunapie,I need this oven in my life.,0,2024-01-22
ue7aaGltKbQ,Ugx51E6durr5Y1wicph4AaABAg,@michelej4971,"I noticed that you’re cooking almost everything on the top half of new machine, is that because it’s recommended or just your own preference?
It’s an interesting looking machine.",0,2023-12-29
ue7aaGltKbQ,UgxbLII-VhhYYrhzcjF4AaABAg,@mariyaselkova872,"Happiness, joy and health in the coming 2024.  💖💖💖
 P.S. My son really liked all the dishes you prepared.  He is 1.5 years old.😅",0,2024-01-11
ue7aaGltKbQ,UgzK8BZIS9WXv9w_bhR4AaABAg,@카렌이엄마,"저도 올한해 헤이메이데이 채널덕분에 많이 배웠고 즐거웠습니다.
내년에도 행복한 영상 기대하며 항상 건강하세요❤❤❤",2,2023-12-29
ue7aaGltKbQ,UgwQzcFwllLEnn5EYW54AaABAg,@Star_BJY_,"헤이메이데이님!
반가워요.
아우.요리찜~과자까지~
멋진요리대단하세요~
영상만봐도넘맛있게먹었서요😊🎉~~
귀여운따님~
넘예쁘네요!
새해에는가족모두들건강하시고행복하세요!
좋은영상또기대할께요
(갑진년)새해복많이받으세요",5,2023-12-29
ue7aaGltKbQ,UgyHnIVzj1BQAG4dctp4AaABAg,@eunhyesin5041,우앙 눈을 못떼고봤어요! 늦었지만 헤이메이데이님 가족분들 모두 새해 건강하시고 복도 사랑도 넘치게  많이많이받으세요!🌟,0,2024-01-04
ue7aaGltKbQ,UgwlpwqhTNn4XoiqO6h4AaABAg,@hyejinshim3171,"새해복많이받으셔요 ❤❤❤❤
또띠아피자도 땡기네요 😂😢
저도 오랜만에 대게 먹고싶네요 😅😢대게 남은거에 다가 볶음밥은 필수죠❤❤❤❤
2024년 파란용띠해에도 맛있는 음식들
보여주세요😊",1,2023-12-29
ue7aaGltKbQ,Ugz5uMbfEuvtkBzkMr94AaABAg,@써니써니-k2o,헤이메이데이 가족분 모두 새해 복많이 받으시고 더욱 건강하세요^^ 광파오븐으로 너무 다양한메뉴 골고루 선보여주셔서 감사해요♡♡ 저두 새해에 용기내서 도전해보겠습니다.❤,0,2024-01-06
ue7aaGltKbQ,Ugzmz4m4X_AzVBWOCft4AaABAg,@스누피민들레씨,"가정의 소중함 그리고 집밥의 힘을 보여준 멋진 영상...❤ 
저도 오래된 엘지 광파오븐으로 뭔가 만들어봐야겠습니다. 
가전은 엘지죠 ㅎ",3,2023-12-30
ue7aaGltKbQ,Ugznmu6h5BFe0YpmdSB4AaABAg,@rosanafreitas693,Pratos  deliciosos  e faceis❤,1,2023-12-29
ue7aaGltKbQ,UgxyRIOl8UCTlIKsnPt4AaABAg,@고경민-u6y,계속 보고 있는데 진짜 멋져요~~^^  대단하신거 같아요 손목이 아프다는데 넘 무리하시지는 마세요 ~~  보는 입장은 대리만족 최고에요 ㅎ ㅎ ^^  새해 복 많이 받으세요 ~~^^,1,2024-01-03
ue7aaGltKbQ,UgwD0Merp__h1mhxNAR4AaABAg,@anewdayvlog,I really enjoyed the food you cooked. You have taken good care of your family. Happy New Year! 🥰,0,2023-12-29
ue7aaGltKbQ,UgxeGIsOPIweS_OyA7l4AaABAg,@elicv35,"Saludos te deseo todo lo mejor para ti y tu familia, feliz año nuevo, aunque sea un poco tarde",0,2024-01-12
ue7aaGltKbQ,UgxUOREOUnOnCmqn1F14AaABAg,@sh-md8tt,한해동안 멋진 동영상 감사합니다♡내년에도 멋진 동영상 기대하겠습니다.진심으로 행복을 기원합니다♡,1,2023-12-30
ue7aaGltKbQ,UgzmiPTse0eIpqWiAWV4AaABAg,@チョコラマダム,"Happy new year 🎉
You are making Korean tea in the video, where can I buy this pot? Would you kindly teach me, please. Thank you.",0,2024-01-18
ue7aaGltKbQ,UgxWfp_qrw53Ki9Y4Ex4AaABAg,@winkyleung718,Yummy 🤤. Happy New year 🎉🎉,0,2023-12-30
ue7aaGltKbQ,UgwcCLEkTwt-hodqsjF4AaABAg,@김용구-w5g3e,즐거운 연말 되세요,0,2023-12-29
ue7aaGltKbQ,UgwJun95juWHRcW6ak94AaABAg,@annieeeya,"Watching your video this first day of the year. Thank you for another amazing content, eonni! Everything looks scrumptious and I can't wait to try a couple of the recipes you shared! Thank you for all the content you published in 2023 🫶 I can't even remember when I started watching your videos but what I do remember and won't forget is how comforting they all are. When days are long and stress is deep in my bones, I can always chill and watch your videos and they never fail to lighten my mood!! You kept me company, without you even knowing, during my toughest days in 2023--thank you! I wish you more success in 2024 and the best of health for you and your entire family. May 2024 bring you lots of days where your heart is filled with joy and peace. Looking forward to all your new content this 2024! Happy New Year, eonni!~~^^♡",2,2024-01-01
ue7aaGltKbQ,UgwRAyRJTAakKxE-Pgl4AaABAg,@무상행,"가족들을 사랑하는 마음이 영상으로  그대로 전달이 됩니다^^
늦었지만 2024년에도 행복하고 건강하시길 진심으로 기원하고 축복합니다❤",0,2024-01-20
ue7aaGltKbQ,UgzSoHAoiawWK2j_QYt4AaABAg,@FarohaFaruq,Onni beautiful your daughter happy New years,0,2024-01-04
ue7aaGltKbQ,Ugwbt1H__uy5D__t9XJ4AaABAg,@ТатьянаГолышева-ы1с,🤗👍❄️,0,2025-11-28
ue7aaGltKbQ,UgyA00xsoFKOLAg6fQd4AaABAg,@nicerodrigues5238,Feliz ano novo para todos nós 🎉 vamos ser felizes juntos ❤️.,3,2023-12-29
ue7aaGltKbQ,UgxzUzn4w_S0y4qaI-x4AaABAg,@leaaaany,소금호추 그라인더 스텐드 사이즈 너무 잘 맞아서 귀엽네요 혹시 제품 정보 부탁드려도 될까요? 그라인더 링크 찾았는데 스텐드가 없어서요,0,2024-01-25
ue7aaGltKbQ,Ugx6LxqNlMKojpQJxeZ4AaABAg,@PP-sk4qs,❤❤❤,0,2023-12-29
ue7aaGltKbQ,UgyMdh3k_IdlFEcF8GR4AaABAg,@carmela8088,Precioso vídeo . Todas las recetas buenísimas y el horno y mil funciones genial. Feliz año 2024 .,0,2023-12-29
ue7aaGltKbQ,UgxsQOqL2E7szuLNAdR4AaABAg,@simply_crafts_DIY,watching this video made me hungry 😋 Looks tempting & delicious💯 Will try it soon❤❤,1,2024-01-03
ue7aaGltKbQ,UgxxY-eQCFJ8arf9cAp4AaABAg,@carmenparralesburgos8715,Gracias y Feliz Año Nuevo 🇪🇦,0,2024-01-04
ue7aaGltKbQ,Ugx2x3XDdkjY5jE2ITp4AaABAg,@danadragu6878,"WOW💯👍, thank`s.
I wish you a happy new year!",1,2023-12-30
ue7aaGltKbQ,UgyovbVWBRHz3TfEXYB4AaABAg,@퍼플-j2u7f,너무 퍼팩트하신거아닌가요?? 굳이 외식을하지않아도 훌륭한 홈파티 그자체이세요 😋😋🥳💯,1,2024-01-05
ue7aaGltKbQ,UgwkM-1Ia6DVfh21kSB4AaABAg,@DanielaBg-fs4rx,Qué tengan un próspero año 2024 ☺️ Bendiciones 🙏🏻,0,2023-12-29
ue7aaGltKbQ,Ugyhh9NjkZEPzVXau8V4AaABAg,@Leejja1114,"안녕하세요 
1등 인가요^^~
1년동안  잘보고 배우고 응원했어요 나이 먹어도 살림은 계속 배워야겠다 생각했어요 비법들이 계속 진화해요 😂😅",1,2023-12-29
ue7aaGltKbQ,UgwyOrTatgxdy3x8MOF4AaABAg,@ziladerrick514,Happy Holidays to you and your family ❤️👍🙏🏾,0,2023-12-29
ue7aaGltKbQ,UgwMM3z0YNvjjUkOZzJ4AaABAg,@shahnoza4516,❤😊,0,2023-12-29
ue7aaGltKbQ,Ugy-4oGCScXOG9UQl8p4AaABAg,@해피부계정,"저도 주전자 따라 샀는데 연마작업을 못해서 사용. 못하고 있어요
어떻게 하나요.",0,2024-01-25
ue7aaGltKbQ,UgwvzHGdkjjSE-pNWwp4AaABAg,@Olympia_1234,Feliz año 2024...🎉🎉🎉,0,2023-12-29
ue7aaGltKbQ,Ugz-e18BSKLHKNhNAi54AaABAg,@nuriagimenezgavira2893,Que rico todo,1,2023-12-29
ue7aaGltKbQ,UgwGEaZYDwiAD-c5t414AaABAg,@나라사랑-n6h,광파오븐쓸때 음식뒤집어줘야하나요 ??오븐청소때 위에 열선있는부분안쪽은 청소어떻게하셔요? 엘지광파사려고하는데 열선이 있어서 고민되더라구요,0,2024-10-19
ue7aaGltKbQ,UgzMNJc9oEZOCKhukNt4AaABAg,@wuguocao7158,祝你和家人身体健康，健康平安，新的一年别太累了❤❤❤,0,2024-01-02
ue7aaGltKbQ,UgzwD_pt7RcNvyaJEyp4AaABAg,@groupon-lazadaHUAWEI0X18,"Wishing you and your family a very HAPPY HEALTHY New Year 2024

Stay safe and well

Keep more inspiring videos 

🎉🎉🎉",2,2023-12-30
ue7aaGltKbQ,UgziC5eb2CtAWyrYOBZ4AaABAg,@liseanececilio,De onde é o seu purificador de água ? ( bebedouro),0,2024-02-10
ue7aaGltKbQ,UgxnC5gXSrSJDS0JjCh4AaABAg,@anabelenruedavidal,❤❤❤❤❤❤❤,0,2024-01-05
ue7aaGltKbQ,UgzD3m2aE_rQ_zygWyR4AaABAg,@o_o_0224,인덕션 색상이 바꼈어요-!!!!,0,2024-01-19
ue7aaGltKbQ,Ugz2S43LEbTACqlGS8Z4AaABAg,@liseanececilio,"Oi, você tirou seu fogão de indução?",0,2024-02-10
ue7aaGltKbQ,UgyaFHLFc0aiBGUcmk54AaABAg,@СветланаДеева-ш9ш,Здоровья и счастья вам и вашей семье!,0,2023-12-30
ue7aaGltKbQ,UgzmVhcMRrdKL4E4JsN4AaABAg,@문기수-q4x,"안녕하세요 😂
늘 구독해서 잘보고있답니다.^^
새해에도 살림구경 많이 시켜주세요.
유리물병 정보 부탁드립니다 🙏",0,2024-01-06
ue7aaGltKbQ,UgxES9j4X_U4h0l-NVZ4AaABAg,@윤희박-w7v,울집도 있는데 왜 난 ..ㅋㅋㅋ,0,2024-03-18
ue7aaGltKbQ,UgwfwzxMYZbIV-05ur14AaABAg,@DanielaBg-fs4rx,"Hola❗️
El otro mes aprendí el porque no aconsejan cocinar o utilizar las aceites en aerosol; además de manchar la fuente 😉☺️",0,2023-12-29
ue7aaGltKbQ,UgwX3BWEDY48BqfkeEF4AaABAg,@mariaantoniettamanno234,Tanti cari auguri di cuore❤ che il 2024 porti a voi tutti salute pace e serenità 🎉🎉🎉grazie dei video del 2023.ora aspetto con affetto quelli del 2024❤❤❤auguri sinceri a tutti voi del canale🙏🌹💝,0,2023-12-31
ue7aaGltKbQ,UgxuuoRxiH6L-XQFZj14AaABAg,@saraghorbani7126,The card has no words❤😊,1,2023-12-29
ue7aaGltKbQ,Ugwnq71KLrLM4m2g4CJ4AaABAg,@물음표버섯,전 ㅠ 집에 기계가 있어도 잘 못쓰겠던데 ㅠㅠㅠ 대단하셔용,0,2023-12-30
ue7aaGltKbQ,Ugx-AEcJ_mND0-GgFex4AaABAg,@amyamoula2361,أعجبتني وصفات الطبخ سأجربها 😊 أنا متتبعة لفيديوهاتك منذ سنتين لقد إستمتعت بمشاهدة كل فيديو و تعلمت أشياء كثيرة ممتنة لك 🤗 أتمنى أن تكوني دائما بصحة جيدة سأظل دائما أتابعكم و أدعمك 😊 أتمنى لك و لأسرتك سنة سعيدة شكرا لك 💜💜💜,1,2023-12-30
ue7aaGltKbQ,UgxRLZpyC5GAErEX1sR4AaABAg,@tv-pq2dv,"음식 오븐 레시피는 어디에 있나요?
띵큐에는 안보이던데요..",0,2025-08-09
ue7aaGltKbQ,UgzQ8sn06MEsNzp8lmp4AaABAg,@asmaali8076,حطيت السلطعون بالفرن وهو حي😢 اليس هناك طريقة اخرى  انه يشعر النار,0,2024-01-11
ue7aaGltKbQ,Ugz_SdEWMbhKeXX5rNB4AaABAg,@failnode3838,제 엄마가 되어주시겠어요? 참고로 나이는 34입니다,2,2024-06-27
ue7aaGltKbQ,Ugz0tB84cEAef5_0_sd4AaABAg,@yaswatan,映るものすべて美しくて動画更新が待ち遠しいです。LGのオーブンとても良さそう。日本でも手に入るのかなぁ,0,2023-12-30
ue7aaGltKbQ,UgxIorJqjQDW1KTAHC14AaABAg,@이숙희-p8g,이 영상보고 오븐을 샀는데 딸기쨈을 한번해보고 싶은데 영상에서 사용하신 큰 내열유리용기 구매정보 알려주시면 감사하겠습니다 ♡,0,2025-03-17
ue7aaGltKbQ,UgwM9_kVrqqrqt92RLx4AaABAg,@김은채-i4c,"샐러드 , 스테이크 그릇 정보가 궁금해요~!",0,2024-01-17
ue7aaGltKbQ,UgzFyYBt3H-Y4zBcgvR4AaABAg,@랄랄라-k3g,펜네 파스타 삶는 냄비와 타공망이 세트인 제품인가요?혹시 정보 알 수 있을까요?,0,2024-01-03
ue7aaGltKbQ,UgxF1UDudGDD9Jt3z614AaABAg,@nopreguntescualesminombre,Did you cook that crab alive?,2,2023-12-31
ue7aaGltKbQ,Ugx0v76vNNWzVUVeJtJ4AaABAg,@이슬이-y5g,😢방울토마토 담았던 분식집그릇인가  어디서 구입하셨나요,0,2023-12-30
ue7aaGltKbQ,UgxDfkn4SM85CT5rNW94AaABAg,@user-wf5vl6mb9u,"뜬금없이 궁금한게 있는데요,,.,찍을때마다 직접 카메라를 이동시켜서 하나요. 아님 곳곳에 카메라가 있나요. 아님 누가 촬영하시나요???",0,2024-01-04
ue7aaGltKbQ,UgzocPjIM0lReLbKW494AaABAg,@fatimatamuz1939,❤❤❤❤❤❤❤❤❤❤❤❤❤❤❤❤❤❤❤❤❤❤❤❤😂😂,0,2024-01-01
ue7aaGltKbQ,UgzbG8JAW8BeH8nCaRF4AaABAg,@bomnarl,얼마에요?,0,2023-12-29
ue7aaGltKbQ,Ugz-QsjgjGQuVgCc3CJ4AaABAg,@woo7419,모델번호가 뭔가욤?,0,2023-12-30
ue7aaGltKbQ,UgyERRc3EZufrCwLmwJ4AaABAg,@byteolila,Yaşayan bir hayvanı pişirdiğiniz günleri misliyle ödeyin!! Neyseki ölünce toprağa bile gömülmeden kendinizi hakkettiğiniz gibi fırınlıyorsunuz!,1,2023-12-29
ue7aaGltKbQ,UgwXl6urB0GGI1ZIBAV4AaABAg,@윤희박-w7v,18:15 여기 나오는 틀은 어떤제품인지 알 수 있을까용 ??,1,2024-03-18
ue7aaGltKbQ,UgwKqibSJ6MiyEGZdRl4AaABAg,@키라키라-h5p,유정란 톡톡 깨는영상 스킵하지 말고 올려주세요!,0,2024-02-09
ue7aaGltKbQ,UgwigDBxyiRMy6RK6x94AaABAg,@ininin-hk1yh,주전자 어디서 사셨어요?,4,2024-01-02
ue7aaGltKbQ,UgxAxesDoDJMLeECZTV4AaABAg,@gabrye7452,でもあなたは彼女を生きたままオーブンで調理した,0,2024-01-19
ue7aaGltKbQ,UgxclHc6BwnGAI4o1L54AaABAg,@샤넬-q1h,저어기~~주방에 조그만 우드 찬장은 혹시 어디서 구매하나용?,0,2024-01-15
ue7aaGltKbQ,UgwrxUi5IbcrkRJ-hOl4AaABAg,@MarieChmotte,Watching your video for a long time now but I can believe what you did to this poor crab ! I can support your chanel anymore and sadly  I'm unsubscribe .,1,2024-01-08
ue7aaGltKbQ,UgxLcOYUrmgIMZEncG14AaABAg,@玲子-g8r,以前、質問をコメントに書いたのですが、お返事が無くて、とても残念でした。,0,2023-12-29
ue7aaGltKbQ,UgwDGsJcDGlrGDL_q_R4AaABAg,@jjun-g9j,"저도 광파오븐 사용한지 5년째
제빵만들때도 전자렌지사용도
에프도 두루두루 한꺼번에
모두 사용하니 편리하더라고요.
오늘도 미니케익4개굽고 ㅎㅎ
담에 스스테이크 해봐야겠어요
오늘도 영상 잘보고갑니다❤",2,2023-12-29
ue7aaGltKbQ,Ugxu5pd9LE5Sm9CpmSh4AaABAg,@liseanececilio,@heyho,0,2024-02-10
ue7aaGltKbQ,Ugy2oHN7h7U8VBevCYt4AaABAg,@nadiastelmachenko1424,I started watching your videos while I was pregnant with my first child and the doctors discovered that I had preeclampsia.I remember lying on my hospital bed while the nurse was taking my blood pressure and watching your videos to destress. Thank you so much for your videos. Some things you do really can make a huge impact on somebody's life ❤‍🩹 Wish you lots of health and happiness in 2024 ❤,0,2024-01-04
-fSpS_rqFJ4,UgxSTyAYqpCRSG8bRsJ4AaABAg,@불타올라라,광파오븐의 문제점은 저 등의 내구성입니다. 시간이 지나면 등이 수명을 다하는지 고장이 나버리는데 그러고 나면 그냥 싼거 하나 더 사는게 낫다 할정도임,13,2020-03-21
-fSpS_rqFJ4,UgzT8NdhA7mXN1U9Bdx4AaABAg,@토이스토리-b3j,"으잉? 어제 집에 묵혀둔 광파오븐을 처음 쓸 일이 생겨서 유튭 검색하다 이 영상을 봤고
오늘은 모션그래픽 관련된 정보가 필요해서 어떤영상을 봤는데 또 이 채널이네요 ㅋㅋㅋㅋ 신기",5,2020-10-04
-fSpS_rqFJ4,UgzPmpJ-ikXylFmZdMF4AaABAg,@Life-pg6og,"최근 그 어떤 영상중에서도 정보가 알찬 리뷰네요.
진심 잘봤습니다. 이런게 가성비 영상 ㅋ",7,2020-12-20
-fSpS_rqFJ4,UgyD0s69f2gbjFOHf1Z4AaABAg,@nayoungson9826,나 이영상 보기전 같은 이유로 한경희 광파오븐 샀는데 장점을 이렇게 조리있게 말씀해 주시니 갑자기 뿌듯해졌음.,15,2020-12-30
-fSpS_rqFJ4,UgzXv41PUWL58a5rZrZ4AaABAg,@julee4304,에어프라이어 살까 고민하다가 좋은정보 얻고갑니다^^,0,2020-12-12
-fSpS_rqFJ4,UgyFmR9GDOnO8FPhYMx4AaABAg,@디어X,이햐~이분 저랑 똑같네요. 성격이 꼼꼼하신지? 이거 여름 에는 사용못하고 겨울에 난로대용으로 가능합니다. 저도 에어프라이어 검색하고 오븐으로 살까 하다 LG광파오븐 원리를 보니 창고에 밖혀 있던 사은품으로 받은 BSW광파 오븐이 생각 났어요. 한번도 음식은 안해 봤는데 혹시 이게 에어프라이어 기능도 되지 않을까 하고 찾어보니 여기 있네요.ㅎㅎㅎ 창고에서 꺼내서 사용해봐야 겠어요.ㅎ,4,2021-10-15
-fSpS_rqFJ4,Ugz3JmtS1bi4-6FAJcl4AaABAg,@김성희-i2c,정보감사합니다,1,2020-03-13
-fSpS_rqFJ4,UgwRj8sWHDb94qE7McJ4AaABAg,@귀염뽀짝콩쥐,"광파오븐 뚜껑 녹슬어요.
저도 좋아하는데 두개째 쓰다가 뚜껑 녹에 이젠 안씁니다.",26,2020-04-14
-fSpS_rqFJ4,UgweDOIqqy6_BRAWnW14AaABAg,@나는나임-s3z,광파오븐 써야겠어요  ㅎ,0,2021-02-15
-fSpS_rqFJ4,Ugz1XIYjIyuPmDyuCMB4AaABAg,@sunnypark5062,다양한 요리법을 알려주세요,1,2025-10-08
-fSpS_rqFJ4,UgwShQ7a1vUae0DSgD54AaABAg,@icarus2613,"세척방법 찾다가 들어왔네요
광파오븐 거의 20년가까이 쓰다 고장나서
에어프라이살까 하다 새로 다시샀어요
뚜껑 분리세척은 이제 첨 알았네요 감사해요",14,2020-04-15
-fSpS_rqFJ4,UgxWZcva_QDFItHld1x4AaABAg,@sungeunhong8196,펀팩님 영상 보고 구입했는데 나사 분리가 온전히 분리 되지 않아서 난감하네요,3,2021-02-18
-fSpS_rqFJ4,Ugyv6S6-NGcuUpzDmzp4AaABAg,@양순남-t2u,영상 잘보았습니다 그런데 음식 종류마다 조리시간 온도가 궁금하네요 그것이 어렵답니다 감사합니다 ㅎㅎ 부탁드려요 꼭옥 알려주세요,0,2021-10-25
-fSpS_rqFJ4,Ugw-YZ-0mF-eVVALSh54AaABAg,@해바라기-m3y,저도 대웅꺼 있는데 청소는 간편하지만 유리용기가 넘 무거운게 흠~,3,2020-05-29
-fSpS_rqFJ4,UgyN9lZ3vEY1k9wjxBp4AaABAg,@지니-은빛은하수,아주 옛날 초창기에 광파오븐 나왔을때 엄마가 잘 쓰셨던 기억이 있어요^^그때도 꺼내는데 무거웠던 기억이 있어요^^;; 투명해서 요리가 되는 과정이 보이는데 신기해서 한참을 보고있던 꼬맹이가 이젠 줌마가 되서 오븐 사겠다고 알아보고 있네요^^,1,2025-11-11
-fSpS_rqFJ4,UgyErxFIbvAAdYpTLdZ4AaABAg,@sg4154,이건 혹시 플라스틱 타는 냄새같은거 안 나나요? 에어프라이기는 냄새가 좀 난다고 해서요..냄새에 좀 민감합니다,1,2020-06-17
-fSpS_rqFJ4,Ugxo7Et5fx6nweuv_Y54AaABAg,@yshwang2886,아 엄마가 쓰는게 광파오븐이었군요!!? 저는 엘지 광파오븐을 샀는데 검색하다 들어왔네용ㅎㅎ,1,2023-12-09
-fSpS_rqFJ4,UgxO2l3IC6zGsEfYnhJ4AaABAg,@kwakthomas1911,청소때문에 써보려고요 식세기와 분해해서 닦는게 좋겠더라고요,0,2021-12-10
-fSpS_rqFJ4,UgwZwYBSRhcfkSkw-Tx4AaABAg,@ttotti200,뚜껑부분 세척하실때 뿌리는건 어떤 세정제인가요? 저부분 내부가 전자제품이라 청소하기 불안하던데 저렇게 해도 문제 없을까요?,0,2022-08-20
-fSpS_rqFJ4,UgxAByNxL7lABFbZo4R4AaABAg,@완전영해,저는 한경희광파오븐쓰는데 너무 윗면만 익고 (피자하면 빵은 하얗고 위에만 익음) 엄청 음식이 말라서 비추드립니다 맛이 없어요 ..,22,2020-05-20
-fSpS_rqFJ4,Ugw6BIdfiFmwFATQgkp4AaABAg,@박준홍-n2g,키친아트 광파 오븐으로도 시중에 내동 치킨등이 조리가 가능한지 여쭤 볼 수 있을까요?,2,2022-07-24
-fSpS_rqFJ4,UgyC8AmigImwPo-_hqJ4AaABAg,@Yyyyyy012-z2k,"오늘 중고거래에서 새상품 bsw인가하는 광파오븐 1만원에 샀어요
우선고등어 구워봤습니다
낼은 목살예정",0,2021-01-21
-fSpS_rqFJ4,Ugyc-ZIJ3avLIL3jKRp4AaABAg,@Ko-it6sl,혹시 삼겹살 굽는데 시간이 어느정도 걸리는지 알 수 있을까요?,1,2020-05-24
-fSpS_rqFJ4,Ugzjp1UpLgmhu3aZbat4AaABAg,@신윤승어때요,무거운거 빼고는 좋아요.,6,2020-06-26
-fSpS_rqFJ4,UgwJmj_jaQI1KwPpbcR4AaABAg,@sosogood5377,한경희광파오븐 같은 유리로 된 광파오븐 요즘 잘 안쓰는 것 같은데 냉동 튀김류도 잘되나요,1,2022-07-22
-fSpS_rqFJ4,UgwN7cfZYKEv7sM17ph4AaABAg,@53k-fu2re,창고에 처박아놨는데  사용해봐야겠네요  음식에 수분감이 있게 하려면  유리그릇에 물을  넣는건가요?물의 파동  ~이런 내용이,0,2024-08-31
-fSpS_rqFJ4,UgyIhjbgSFg1QKYW_ZB4AaABAg,@머슬버프,생선요리도 가능한거죠?,0,2020-07-24
-fSpS_rqFJ4,UgxpdU7sJ5KE-0amamV4AaABAg,@ttotti200,빵도 직접 만들 수 있나요?,1,2022-08-19
-fSpS_rqFJ4,UgxNKtVbernLVR9vzMJ4AaABAg,@shing2f,"광파오븐과 에어프라이어 두개 다 있는데... 구조는 거의 비슷한데 에어프라이어가 더 수분배출을 잘하는거 같아요.
에어프라이어 작동시 외부배출구로 바람이 꽤 나오거든요. 즉 에어프라이어 좀 더 바삭하게 조리되는 느낌
에어프라이어가 청소가 편하지만 바스켓 코팅은 정말 약해서 몇달쓰면 코팅 다 손상되죠.
광파오븐이 무거워서 간단한 냉동식품 조리는 에어프라이어로 하고 고구마 구울때 광파오븐써요.",12,2020-06-12
-fSpS_rqFJ4,UgwWCx08vwfcaHTM5V54AaABAg,@눈꽃천사-q9l,쓸데없이 50만원 정도 하는 오븐 살 필요가 없겠네요 ㅋ 막상 사면 그리많이쓸거 같지도 않고 ㅋㅋㅋ,2,2020-02-29
-fSpS_rqFJ4,UgyAM1xlMoQMBXSMdul4AaABAg,@1974년,"고구마 익혀 드셔 보세요.
엄청 맛있어요.",1,2021-08-16
-fSpS_rqFJ4,UgxgizL-Menh26aJRC54AaABAg,@up_ofj,광파나 오븐이나 에어프라이나 효과는 다똑같아요...,14,2020-06-10
-fSpS_rqFJ4,Ugz4mvGJiEQ2ptKqReZ4AaABAg,@이영경-z4i,팬션 놀러갈때 뚜껑만 들고 가서 얼추맞는 스텐냄비에 덮어서 사용할수 있어요,13,2022-03-08
-fSpS_rqFJ4,Ugzygb2zZqbV0CSckVB4AaABAg,@궁금하니궁금해,냉장고는 삼성 615리터가 좋겠네요 가성비가 좋아 보여요,0,2021-06-26
-fSpS_rqFJ4,UgyX0WpCgo6K_-tIqpR4AaABAg,@키득키득-l3f,씨트람 CKF-3UD 모델 뚜껑이 너무 더러워서 청소하려고 분해했는데.. 조립방법이 좀 헷갈려서요... 혹시 아시는 분 있나요..?,0,2022-08-01
-fSpS_rqFJ4,UgxWPLA6LKHShx3WMvZ4AaABAg,@이즈-d4t,안쓰는 광파 오븐을 어떻게 사용해볼까 했는데 좋은 영상 감사합니다. 뚜껑 부분 청소가 무척 어렵겠구나 싶었는데 영상을 보니 뭐 그럭저럭 할 수 있겠구나.. 싶네요!,3,2020-02-16
-fSpS_rqFJ4,UgxsI8KhyRUFetjMJ8d4AaABAg,@김다영-g2w,조리중에 뚜껑 열어도되나요?,0,2021-09-04
-fSpS_rqFJ4,UgyCZG7i1Lw0AHHmYvt4AaABAg,@감자정아,"오오,,,, 좋은 정보 감사합니다:)",0,2020-02-13
-fSpS_rqFJ4,UgzNSMQrKAYPMfmijPx4AaABAg,@potterkim4714,저도 광파 뽕뽑아서 에이프라이어 딱히 생각없어요 맛있닭 한끼탕수육 추천드려요(다이어트용 아니고 맛있어서 먹습니다 ㅋㅋ),6,2020-02-16
-fSpS_rqFJ4,Ugy2x5YjlUtq_iU6kR54AaABAg,@kspark3443,"팬 달린 오븐(컨벡션 오븐) 광파오븐 에어프라이어 다 비슷한 것들이예요
광파오븐도 지금 에어플라이어 만큼은 아니라도 한때 꽤 유행했었어요",19,2020-05-12
-fSpS_rqFJ4,UgxX3hEfqaE08xHVHyB4AaABAg,@하연김-o5i,아래 삼발이 따로 구입할수ㅈ있을까요?,0,2026-02-04
-fSpS_rqFJ4,UgzGpvacibSRqUhnLpN4AaABAg,@soryongpark7016,"이거 보구 중고로 지름신 오셨습니다 ㅎㅎㅎ 
저도 12L 냉동 피자 한판 끝장 ㅋㅋㅋ
에어프라이어 7L도 있는데 피자 잘라 넣어야해서 
싸게 업어 왔습니다 근데 놀 자리가 없네요 인덕션 사용안하면 그 위에서 사용해야 갔네여
방에서는 냄새날거 같아서 환풍기 있는 인덕션위에서 해야 겠네요 ^^;
CU에서 냉동피자 구워주면 6.5원인데 
노브랜드 냉동피자 구입해서 몇번 해먹으면 광파오븐 값 바로 나오겠네요 ㅎㅎㅎ",3,2020-03-18
-fSpS_rqFJ4,UgzwCVxaLfia7Py8RiR4AaABAg,@maykim3221,"어디서  구입했나요
싸고 싶어요
10년쓰고 고장나서^^",0,2020-12-10
-fSpS_rqFJ4,Ugy1D6k0Hwy-LTH7yDt4AaABAg,@ejejss,오 작고 저렴한 광파오븐도 있네요 ㅎㅎ lg 광파오븐 크기가 너무 커서 이사오고 못쓰고있음 ㅠ,0,2023-01-16
-fSpS_rqFJ4,UgyU5yhDzH_RYexq7xZ4AaABAg,@고타마싯타르타-g3w,이런것도 좋고 오븐형 에어프라이어기도 좋고 근데 왜 오븐형 에어프라이어기라 하는지 몰겠네 미니 오븐같던데,0,2020-06-09
-fSpS_rqFJ4,UgzJNZGYy0bAyhmOhrR4AaABAg,@jyc475,이걸로 삼겹살 꿔먹으면 진짜 추천!!!!  기름 쫙빠지고 그런데도 속은 야들야들 부드럽고 겉은 바삭하고,0,2020-06-06
-fSpS_rqFJ4,Ugzghloy7auO8lXIDR54AaABAg,@lill1liliil1ill1lilii3,진짜 에어프라이어 상술이 너무 심해요.. 다 이전에 싸게 팔던 것들인데.. 요즘엔 또 올스테인리스 핑계로 엄청 받아먹더라구요..,3,2021-01-31
-fSpS_rqFJ4,UgxCDD423XmVay6w1TZ4AaABAg,@sins_5914,"주방기기를 살때 저는 가장 중요시하는게 세척입니다
세척이 어려우면 아무리 좋은거라도 손이안가더라구요 ㅠㅠ 에어프라이기 살까하다가 광파오븐이 더 괜찮아보여 찾아봤네요 ㅎㅎ",10,2020-03-06
-fSpS_rqFJ4,UgwodvU2gg9E1udmPAh4AaABAg,@행복한사람-w4g,무겁고 시간오래걸림 최대로 올려도생선 굽는데40분걸림,2,2021-06-22
-fSpS_rqFJ4,UgyoTKqn9FVusZeDyvp4AaABAg,@하핳하-l2z,이거 혹시,0,2020-07-18
-fSpS_rqFJ4,Ugxb7A7YT9fbgrpekHF4AaABAg,@북한산호랑이-k3v,이거 빵 되나여?,0,2026-03-03
-fSpS_rqFJ4,UgyJyX0_yBguQq1mki14AaABAg,@정성균-q9u,올리신 구입가격이 4만원인데 어디서 살 수 있나요?  거의 10만원이 넘는것 같은데 좌표 좀 찍어주시죠?,1,2020-04-18
-fSpS_rqFJ4,Ugx16Vou9q6wS4-6OrV4AaABAg,@엄청난걸-x9b,브랜드가 어디껀가요?,0,2023-07-29
-fSpS_rqFJ4,Ugzn4xJWoVkVj3108Y94AaABAg,@김효욱-d6f,"안녕하세요^^
혹 유투버님이 사용하시는 키친아트 광파오븐 모델명을 알 수 있을까요? 키친아트 같은 용량(12L)인데도 모델에 따라 가격이 달라서요...",4,2020-03-01
-fSpS_rqFJ4,UgxWRwMCiCBZe3k7Mup4AaABAg,@김회석-i4n,가격좀알려주세요,0,2024-03-16
-fSpS_rqFJ4,UgzH2sE0ac3T2tMkS8B4AaABAg,@sunnypark5062,근데제꺼는불이안들어와요.레시피를다양하게 알고싶어요,0,2022-04-05
-fSpS_rqFJ4,Ugxf-IL35-h_RGwCtyx4AaABAg,@핸들-o1o,온도계만 오븐용으로 하나 사면 못 하는 요리가 없음. 에어후라이기 오븐으로 하는 건 이걸로 다 됨. 케익도 이걸로 함.,0,2024-10-20
-fSpS_rqFJ4,UgwHCx9TEHhhH6ruma14AaABAg,@yoonju8331,좋은 정보로 부모님께 선물 갑니다~,0,2020-05-25
-fSpS_rqFJ4,UgygPQGcmlvAXkPlfL94AaABAg,@CMPark,구독 추천 박고 갑니다 좋은정보네요^^,0,2020-03-30
-fSpS_rqFJ4,Ugy_zFEHbGkzKerWp694AaABAg,@jehunkang,단점으로는 음식 꺼내기가 거지같아요...,3,2020-06-22
-fSpS_rqFJ4,UgwkapY8zQErXBrazNN4AaABAg,@birtee_2954,구성품 중에 저 받침대?가 없는데 스텐으로 된 찜기를 사용해도 될까요?,0,2020-03-31
-fSpS_rqFJ4,UgywkVlZIPw7UKnEunB4AaABAg,@김수캬,뒷광고?,0,2020-08-23
-fSpS_rqFJ4,UgyLP5AZ0iOgF0g2guR4AaABAg,@keumhwa,"방갑네여..1. 저도 광파오븐이 같은것이 있는데.. 요즘 냉동식품보면 에어프라이를 몇분돌려라고 적혀있는데 우리 광파오븐에는 어떻게 사용해야되는지.. 일단 적혀있는것같이 같은 시간을 요리하면 되는지... 
2.요리 밑부분은 익지 않는건지.. 사용법좀 조언좀 부탁드려도 될지.. 아님. 링크라도 부탁드립니다. 죄송합니다 주말에... 에어프라이어 살려다가 우연찬게 봐서.. 방갑네여.. ^^",0,2022-03-12
-fSpS_rqFJ4,UgxQFAB9RjVNjG06vJV4AaABAg,@레몬-q4v,"제가 구매 해서 사용 하고 있어요 
넘 좋아요 특히 고구마👍👍👍
청소법도 있군요~
청소는 안 해보앗네요 해야지 ㅋ
정보감사해요~😊",2,2020-10-20
-fSpS_rqFJ4,UgyyAaI8-CemNOC2hKt4AaABAg,@퍼푸럽,"남편에게 시키세요에서 구매포기 입니다
전 남편입니다...",1,2026-02-16
-fSpS_rqFJ4,UgyLB5EfaM2EPX9Zirh4AaABAg,@yourl1900,광파오븐 중고로 샀는데 사용중에 몇십초간격으로 꺼졌다 켜졌다 계속  반복 하는데 고장인건가요?,1,2021-02-25
-fSpS_rqFJ4,UgwxqRBDou0bpHZ9adV4AaABAg,@sunysuny2319,"에어프라이어보다  광파오븐이 더 좋은것같아요
세척하기도 편하구요 
에어프라이어는 세척이어렵잖아요",0,2021-03-08
-fSpS_rqFJ4,UgxbvVBO25D4DVGhRMx4AaABAg,@kim37261,저도 같은 생각입니다. 광파가 정답,7,2020-02-15
-fSpS_rqFJ4,Ugw4f0emeBrJawFYCsx4AaABAg,@chacha9679,핫도그 샀는데 겉만 타구 안쪽까지 잘 안익던데 노하우가 있을까요?,0,2023-03-26
-fSpS_rqFJ4,UgwKTMQfiP1MGcUEGOF4AaABAg,@hongbaek_artshop3654,"광파오븐을 처음 샀던게 아마 1994~6년 사이였던거같아요. 저 중학교때 처음 접했는데 그때 진짜 신세계가 열렸습니다.
망가질때까지 쓰고, 망가지면 새로 사기를 계속 반복했습니다. 지금 쓰는건 아마 한 5번째쯤 되지 않나싶어요.
제가 사용하면서 느꼈던 모든 장점을 잘 설명해주셨네요. ^^",7,2020-08-15
-fSpS_rqFJ4,UgzxhCUrxAH5f4iDC-14AaABAg,@allisonkim9586,램프는 아디서 사나요 그리고 어떻게 교체하는지요?,0,2020-09-13
-fSpS_rqFJ4,UgwIT2T23JmSk5pJIlF4AaABAg,@FavoriteLength,"삽겹살 구우면 반대편도 잘 익나요?
아니면 시간 반반 나눠서 뒤집고 하시나요?",5,2020-07-21
-fSpS_rqFJ4,UgyT75ggxua-ZSZANWl4AaABAg,@정민최-v9q,6,0,2022-01-15
-fSpS_rqFJ4,UgzBwVlk3BET_-9fbQ14AaABAg,@esu0_0,혹시 청소할때 뿌린게 뭔지 알수있을까요 열선보호망 열고 뿌린거요,0,2024-06-12
-fSpS_rqFJ4,UgyfMA_eC-eYT1j6eWx4AaABAg,@brianlee8289,"아 제발 에어프라이어사세요. 카스텔라 이런거 해먹으려다 낭패당하고 감자튀김좀 해먹으려다 또.... 광파오븐 뜯어서 디지게큰팬으로 튜닝하실거 아니라면 절대 추천 못드립니다. 가장자리 뒤지게 안익어요. 정말입니다. 그래도 닭, 삼겹살 이런거해먹을땐 그나마 무난무난합니다. 아무튼간에 제발 거대한 에어프라이어사세요. 제발요!",1,2021-04-12
-fSpS_rqFJ4,UgwpLz259oMneHlxOu14AaABAg,@다은-c9i8b,쿠키 만들때 사용 가능하나요?,1,2020-10-14
-fSpS_rqFJ4,UgwydHcx6Eh8czGqQlR4AaABAg,@요로레이요,너무 무겁네요 남편이 설거지를 하는 것도 아니고..,0,2020-08-22
-fSpS_rqFJ4,UgxjtIKjscMliBnloyZ4AaABAg,@독도강치,저도 이것저것 사용 해보니  광파가 더 나아요.   에어프라이는  편리성인데  열선부청소가 쥐약임,4,2020-06-03
-fSpS_rqFJ4,Ugwvfc3dTaHw4fzJEfB4AaABAg,@cholo-lw6oh,저링 같은거 쓰시네요~^^ 마카롱은 할수 잇을까여,1,2020-07-03
-fSpS_rqFJ4,UgxdyiyWZ8ymUzVt8Ix4AaABAg,@anoim8175,"장점은 유리관이라 한 눈에 볼 수 있고 유해물질 나오지 않아 좋다 단점은 고기 위 아래 익힘이 고르지 않아 뒤집거나 위아래 바꿔줄때 그때 윗고기 꺼내고 선반 꺼내서 다시 세팅해야 할때, 뜨겁고 무거운 뚜껑까지 놓을때가 마땅치 않으면 욕나와요 세척시에도 유리가 버거워요 요리를 위로 꺼내는 방식이라 한마디로번거로워서 잘 안 쓰게 되요 그래서 광파오븐에서 에어프라이어로 갈아 탔는데 그런 면에선 수시로 사용 용이하고 열선이나 내부도 열기 남아있을때 닦아 주니깐 저는 훨씬 편하더라구요",3,2020-08-14
-fSpS_rqFJ4,Ugwcik5DW3FBGBBoDql4AaABAg,@냠냠-z8o,광파오븐은 조리용으론 좋을 수 있어도 베이킹용으론 진짜 불편해요ㅠㅠㅠㅠㅜ 안 쪽이 잘 안 익고 겉면만 익어서 한계가 너무 많아요,9,2020-08-10
-fSpS_rqFJ4,UgwKNdTotgOGo6fnix94AaABAg,@이선영.z,20년전 결혼하면서 구매함 국산 없었음 ㅠㅠ 수입품 아직도 잘 쓰고 있음 에어프라이어 유행중 알아보다가 같은 방식이라 포기했음,4,2020-03-06
-fSpS_rqFJ4,UgypvnizNEhwt5OjarR4AaABAg,@alsk33,녹이 슬기 딱 좋은 구조네요..,2,2021-08-03
-fSpS_rqFJ4,UgximnjmPyz2IZaqMwN4AaABAg,@김선미-x5z,"위생을 생각하면 광파네욤
생각이 달라집니다",1,2020-04-08
-fSpS_rqFJ4,UgxLxEc3nJiRIBOtoYB4AaABAg,@진진-o1n,"볼트를 풀어서 청소한다는 자체가 번거로움이라고 생각합니다.
바스켓을 꺼내 바로 설거지를 시작해야하는데
드라이버찾아서 풀고 닦고.. 글쎄요",0,2020-05-19
-fSpS_rqFJ4,UgzTOOHgvFCmUyCV2_x4AaABAg,@도둘리-i7k,이 영상을 에어프라이어 제조사들이 싫어합니다. 하하하,4,2020-05-01
-fSpS_rqFJ4,UgwlhpVlSWbUuJUeXqB4AaABAg,@MrHotlovex20,하지만 요리의 시간을 줄여주는 건 에어프라이어죠. 쓰임새도 에어프라이어가 훨씬 많을 것으로 생각합니다. 청소도 에어프라이어가 훨씬 쉬어 보이네요 ^^,0,2021-05-12
-fSpS_rqFJ4,Ugy4m7xz-_zd2jU-vh14AaABAg,@핑크스-i7o,화려한 조명이 재료를 비추네,6,2020-05-15
-fSpS_rqFJ4,UgxUqZvvKGRi5cnkIKR4AaABAg,@gholbang,광파오븐 광고 너무 심한데;;; 그냥 에어프라이어 사세요 ... 광파오븐 저거 윗면만 익고 아래쪽은 온도가 빠르게 식어서 별로입니다 에어프라이기보다 요리가 오래걸리고 너무 안되요,3,2020-06-16
-fSpS_rqFJ4,UgyOEoVwvn0LTBAAYdN4AaABAg,@흙집사,같은 제품 썼는데 뚜껑쪽 쇠가 금방 녹이 슬고 쇳가루가 떨어지네요...,0,2022-10-13
-fSpS_rqFJ4,UgwBjzHeersf9j-iAv54AaABAg,@만사세상-g9x,애니쉬 하나 사세요 그냥 갑입니다 이런 쓸데없는 거 사지말고 ㅋㅋ,0,2020-07-24
-fSpS_rqFJ4,UgwOJxHfaJ7jNlWfVSp4AaABAg,@야생들개또랑이네,광파오븐이 전기세 훨 많이 나옴,0,2024-05-05
yFfI6QN3DBE,UgyfHdj2jvzndCffpDt4AaABAg,@gracekim4382,"와우~~
참멋지네요
꼭 해서 가족상에
차려볼께요 감사🙇‍♀️",4,2024-04-06
yFfI6QN3DBE,UgwOArhrUTcp7OoS8694AaABAg,@dauni3449,고기좋아하는 남편을위해 저녁메뉴로 시도해볼게요 감사합니다!,1,2023-05-17
yFfI6QN3DBE,UgxElmZ7yE95h31nTqd4AaABAg,@kostolany1952,미쳤다... 진짜 맛있겠다 ㅠㅠ,2,2023-07-15
yFfI6QN3DBE,Ugwa5nsL_uGZKqWvxSd4AaABAg,@jamjamkitchen,와~~비주얼 뭐죠? 너무 맛있어 보여요~~ 영상 정독하고 꿀팁 배워갑니다~저도 이방법대로 해봐야겠어요~~,1,2022-07-10
yFfI6QN3DBE,UgwHzlUHf953NR1Mms14AaABAg,@hwaning91,잘보고갑니다,2,2022-09-05
yFfI6QN3DBE,UgyHZK5bLBxj2QTXNZx4AaABAg,@rollerpeanut,덕분에 맛있게 먹었습니다❤❤❤,1,2022-10-23
yFfI6QN3DBE,UgyhzBb-BWn3aes-_4F4AaABAg,@장지현-f4f,와 이거 제가 해봤는데.. 양념 너무 많이 뿌리면 표면이 많이 타네요.. 그런거 싫어하시는 분들은 적당히 뿌려야 합니다,5,2023-06-11
yFfI6QN3DBE,UgzDqwakXS96Gy0dp7h4AaABAg,@SJkopa,저번에 친구가 집에서 통삼겹 오븐으로 구이 해먹었는데 진짜 농담아니고  진짜 살살 녹든데 ㄷㄷㄷ,7,2023-06-26
yFfI6QN3DBE,Ugz0RyUQFFanrTSJ3fh4AaABAg,@요정-h9y,"엘지 빌트윈 광파렌지겸오븐인데. 스팀 오븐기능이 없는데  굽는 시간은
그대로 해도 될가요?? 
 삼겹자체에 기름이 많은데 올리브유를 사용 해야 하나요??   올리브유 없이 가능할가요?",0,2025-06-14
yFfI6QN3DBE,Ugzeqf8ijcJ1BlrGQAd4AaABAg,@호호호랑이85,삼성빌트인오븐인데요 그릴모드 오븐모드 중에서 어떤거로 해야하는지요?!?!,1,2024-11-04
yFfI6QN3DBE,UgzC-1lkHNZqJ4dMMsp4AaABAg,@damss1103,오븐 예열 안해도 될까요,1,2025-01-27
yFfI6QN3DBE,UgzQjIVfEXqgPEIpSJ94AaABAg,@하늬바람-p8i,오븐만 비싼것 사놓고 사용은 렌지용으로 사용하고 있는 바보ㅡㅋ앞으론 이런 음식 해먹어 봐야지ㅡㅡ잘 봤어요,0,2026-05-20
yFfI6QN3DBE,Ugy5VV9AbryN1ellsI14AaABAg,@김깡매쒸,"넘 잘봤습니다.
소금은 맛소금을 사용해야하사요?",2,2022-11-18
yFfI6QN3DBE,UgzTHvxkfPOM0Unmv814AaABAg,@5쪼라구,시즈닝 많이뿌리면 고기맛은 나나요?,2,2023-06-24
yFfI6QN3DBE,UgzpNyKAR7qjYdDN8eF4AaABAg,@Whoami-p9m,오븐 예열 없이 바로 45분씩 조리하면 될까요??,1,2024-08-16
yFfI6QN3DBE,UgwsgF4Kx-KS64hLRmh4AaABAg,@박세영-j5k,스팀오븐 말고 광파오븐으로해도 똑같은건가여..,1,2024-02-15
yFfI6QN3DBE,UgzAJ6c5EaobR3G_8hV4AaABAg,@hugsoo0314,굿,1,2025-05-19
gru2UiPJSkI,UgwQgkfzxQVm0yAWtKp4AaABAg,@alicekim3559,으윽 자꾸 그거 간보지마아..아니야ㅠㅠ 아니라구요ㅠㅠㅠ 그거 간 왜봐ㅠㅜㅜㅜ그럴거면 계량을 해요ㅠㅠ 탈나면 우째여,61,2021-07-14
gru2UiPJSkI,Ugx2gOvf2JltmiFd-AJ4AaABAg,@갱이-l5p,간장 양념 오븐치킨 안먹어 본 사람 제발 없게 해주세요🙏 오늘 식영님 레시피 보고 만들어 먹었는데 지인~짜 맛있어요☝️💯 만드는 법도 어렵지 않구요 맛은 말해 모해요 식영님 덕분에 치킨을 직접 만들어 먹네요 배달어플은 이제 빠이빠이👋,31,2021-07-16
gru2UiPJSkI,UgzlVDVXSr0R4CcZmZ14AaABAg,@nice_hyun_jjang1,저 양념에 어떤 고기인들 다 맛있겠다요 저 간절한 두부 눈빛...저와 같네요 😝 저도 금주 좀 해보려 했는데 술안주 올리면 반칙이죠 ㅋㅋ🤣🤣 오늘까지만 ... 먹는걸로 라방이 있으니깐요❗저녁안주로 라방보며 즐겨야 겠어요~😄😄,22,2021-07-14
gru2UiPJSkI,Ugx-8vwwVlM8q18AYHh4AaABAg,@신이난커피우유,어머 왜 맛을봐여그거를~~!!! ㅋㅋㅋㅋㅋ 아 보다가 깜짝놀랬어여 한번그러려니했는데 계속그랴~~~ㅋㅋㅋ,19,2021-07-21
gru2UiPJSkI,Ugy66wd2QC2Rm25W0v94AaABAg,@sikyungmoda9241,기다리게 하는 너란남자~ 💕,10,2021-07-14
gru2UiPJSkI,Ugxh1dMwsZl3PTAP9gl4AaABAg,@망초-i2u,"생고기간보는거안좋아요~~
특히나가금류는더더욱노노~~ㅜㅜ
쬐끔이라도몸에좋을건없으니까요 ㅜㅜ",78,2021-07-14
gru2UiPJSkI,Ugyyo-5oUgvL4z_Kodp4AaABAg,@그바다-k9x,"주말에 해봐야 겠어요.
저희는 오븐이 없으니 프라이팬에 뚜껑 덮어 도전해 볼께요.
지난번 닭구이 처럼 겉바속촉하게. 
홧팅 해주세욥.^^",12,2021-07-14
gru2UiPJSkI,UgztAgHDuV-DXN4mHkF4AaABAg,@giggletock,닭이 목욕한 그 우유...... 맛보시면 안되요~~~~~ ㅠㅠㅠㅠ,90,2021-07-14
gru2UiPJSkI,UgzhHUVNoDKXOmBR66h4AaABAg,@mango-kd8oy,우와~ 어제 닭다리살 엄청 사왔는데 시경님 인별에 있는 레시피로 그냥 구워먹으려했는데 요걸 딱 올려주셨네요!! 애들이 엄마가 새로운 요리 계속해줘서 좋대요^^ 늘 감사~ 멈추지말고 계속 올려주세요^^,4,2021-07-14
gru2UiPJSkI,UgymVzOje9erbdI2I9x4AaABAg,@yumimosa,"손에 함께 드신 숟가락은...아 섞는 용도시군여;;ㅋㅋㅋㅋㅋㅋㅋ
맛있어보여용+_+",5,2021-07-14
gru2UiPJSkI,Ugyd3sYGdl203XNjXbh4AaABAg,@imxrizzly,"오프닝부터 비주얼,,,딱 점심 먹을 시간에 올라오는게 얼마나 다행인지 몰라요 ,,,^__^ 요리하시는 모습은 항상 멋져요,, ㅇ<-< 💜 두부 쫄쫄쫄 따라오는 모습 너무 ㄱㅇㅇ ㅠㅠㅠㅠ",0,2021-07-14
gru2UiPJSkI,UgyDshJsxiWWdpRDe0l4AaABAg,@ゆか安,"くぅ〜　てりてり鶏肉🐓
た・ま・ら・ん 😋
죽을 때까지 먹을 수 있는 것 같아요.
내일 하겠습니다 .
저는 1위 닭 고기 2위 돼지 고기
3위 소 고기 4위 고기 모든 😋😋😋
좋아해요 💕
시경 씨는요 ??",4,2021-07-14
gru2UiPJSkI,Ugx3zNj7HTyCmcA9yDd4AaABAg,@betty91500,생닭 간보는거 조심하셔요. 울딸 그러다가 입원해서 얼마나 고생했는지. 가금류로 인한 장염이라고 검사결과 나왔는데  40도넘게 열나서 코로나인줄 알고 응급실서부터 식겁했어요.,15,2021-07-14
gru2UiPJSkI,UgwOaTKw8axrOlEadXt4AaABAg,@ej0425,"이거 반칙이네… 금주하신다고 하더니… 미리 찍어 놓으신거라고 믿겠습니다.
백신 맞고 왔는데… 맥주를 어떻게 참지요.??ㅠㅠㅠ😭😭",7,2021-07-14
gru2UiPJSkI,UgwrRuMKL0f27U7YW2t4AaABAg,@kiokson_violin363,맛있어보여요!!두근두근🤩,2,2021-07-14
gru2UiPJSkI,UgxX0XbA2x5-shTbJ1p4AaABAg,@sharonz85,우와 너무너무 부드럽고 맛있어요! 우리 애들도 이렇게 치킨 많이 먹어보긴 첨이네요!! 만들기도 너무 쉽고... 이제 우리 가족 주말 메뉴는 이걸로 할거같아요 너무 감사합니다 🙏,0,2021-07-17
gru2UiPJSkI,UgxKSGj55WNSd0M2JIZ4AaABAg,@그바다-k9x,"오늘도 '좋아요' 누르고 기다리는 쎈쓰!!
흥미진진 바라바라^^",13,2021-07-14
gru2UiPJSkI,UgyifZF9bvN_umOGJa54AaABAg,@clideiadesacrivano1044,Uau... Ficou maravilhosa a cor do assado. Deve estar macia e saborosa. Para acompanhar uma cerveja bem gelada. Tudo de delicioso!! Vou fazer !!! Obrigado. Te adoro. 💕💕🌹🌹🌹✌️👏👏👏🙏🙏🇧🇷🇧🇷,2,2021-07-14
gru2UiPJSkI,UgzAkSiggJf7YLLqIsR4AaABAg,@박유진-n5l,ㅜㅜㅜㅜㅠㅠㅜㅜㅜㅜㅜㅜ진짜 맛있겠다 ㅜㅜㅜㅜㅠ시경님이 이렇게 요리에 진심 입니다ㅜㅜㅜ💗,2,2021-07-16
gru2UiPJSkI,UgxOqxPH5RgpfO3pTUJ4AaABAg,@norasoh,"Wah, tasty! Chimaek is a fantastic combo,  thank you! 😋👍🍗🍺🙇‍♀️",2,2021-07-14
gru2UiPJSkI,UgxLOrVuL3SeLTRUeAt4AaABAg,@suns3451,간 보는 묘기까지 선보이시구.스릴 있었어요😆 평소에 알아놓고 싶었던 레시피라 더욱 기대가 되네요!!,1,2021-07-14
gru2UiPJSkI,UgysuJWMb5CcrFXQ5ol4AaABAg,@sarahohev5775,12시엔 모다? 성시경 레서피~^^ 재료 양념 요리법 간단하고 맛나보여요~~~ 이번주 고~~~,2,2021-07-14
gru2UiPJSkI,Ugz9bureaqK1g6QFaR14AaABAg,@Michelle-yv7cp,금주라메요… 금주라메요….! 😍 이런 술안주라니!!,3,2021-07-14
gru2UiPJSkI,UgxFQ2cfDr4U8HiLFgJ4AaABAg,@고땡땡-p8q,오늘도 깜짝등장  방가워~♡,3,2021-07-14
gru2UiPJSkI,Ugx262LfpdZlX2S05hJ4AaABAg,@봉싯봉싯-t7s,"오빠땜시 유튭하게된 저로썬
 많은걸 알게 되네요ㅎㅎ
잘 볼께용🙇‍♀️🙆‍♀️🙋‍♀️",2,2021-07-14
gru2UiPJSkI,UgzWAn_y9OVcqeFz8M14AaABAg,@푹쉭확쿵-s6k,"두부의 애처로운 눈빛
금주생활 끝?!",2,2021-07-14
gru2UiPJSkI,UgwVjV93mc-W8d_szdR4AaABAg,@hskangg,으으으 치맥치맥 이거 당장 먹고싶은데 장보기부터 시작해야하는 현실🤷‍♀️ ㅎ 장봐서 맥주랑 꼭 해먹어야겠어요 더운 날씨에 오븐 요리해주는 머찐가수 아니 셰프님 오늘도 화이팅😍,1,2021-07-14
gru2UiPJSkI,UgyOy2FLfNreAfeFNT14AaABAg,@ekwawoo,닭요리는 처음같은데 기대되네요,3,2021-07-14
gru2UiPJSkI,UgzySLcl54X8XazMW4d4AaABAg,@pon2334,"I had never used milk to remove the smell of chicken, so I could learn the point! Thank you so much🥰",5,2021-07-14
gru2UiPJSkI,Ugz09JdtXQJXVdlO7lx4AaABAg,@kkh73-s8j,"레시피 없는 양념할때 신나는 
요리에 진심이 남자
눈빛만 봐도 얼마나 맛있는지 느껴져요ㅎㅎ
미용했던 두부도 그사이에 
털이 많이 자랐네요^^",11,2021-07-14
gru2UiPJSkI,UgxW3dwl3UJwD-TQCcx4AaABAg,@황민트1229,감질맛나..빨리보고싶다 😭😭😭😭기대돼요,2,2021-07-14
gru2UiPJSkI,UgwQkyKpdiDSjKigkL14AaABAg,@엄지-l3m,"역시 믿고보는 레시피😍
오빠 레시피나오면 애들이 먹고싶다고 해달라고하는데ㅎㅎ 오늘 저녁으로 만들었는데
애들이 너무 잘먹어 다먹어버렸네요ㅋㅋㅋ
전 마지막에 치즈뿌려줬어요. 
내일도 해달라고하네요ㅋㅋㅋㅋ",1,2021-07-20
gru2UiPJSkI,UgwXSJ9OHBdfbVgFL114AaABAg,@gracehuiernwong5270,"Makes me think of the recipe 
1) soy sauce, honey glazed grilled chicken. 
2) Or soy sauce, Guiness Stout, honey chicken. :)",2,2021-07-14
gru2UiPJSkI,UgyxNTDB2TufHboTNfF4AaABAg,@옥미화-u1j,우왕!~맥주단짝 양념간장취킨!~시경님 레서피 덕분에 흐뭇해지는 이 시간!👍👍👍👍👍👍,0,2021-07-14
gru2UiPJSkI,UgyumMq5hlUnTpH-dhJ4AaABAg,@이연경-y9b,"라방에서 댓글 읽어주시는 영광을 입었어요!!!!!!!!!!!!!!🎊🎊🎊🌈👍❤❤❤
꺅!!!!!!!!!!!!!!!!!!!!!!! 저 잇몸이 계속 말라있어요!!!!! 
날뛰는 가슴을 붙잡고 진정하고 댓글 남깁니다!!!!!!!! 오늘 점심 때 안심으로 해 먹었는데 역시나 (마늘 가루 넣고 카레가루도 좀 넣었어요!!!!) 우리 시경 가수님 레시피의 진가를 느낄 수 있는 동공이 확대되고 미간이 찌푸려지고 남한테 먹이고 싶은 그런  맛이었어요!!!!!!! 어쩜 이런 날이 올 줄이야!!!!!! 저 유튜브 다운 받아 그 부분만 잘라서 평생 간직할 거예요!!!♥️♥️♥️♥️♥️♥️♥️♥️♥️♥️🥰",1,2021-07-14
gru2UiPJSkI,UgzqC6DZxXmsSSNW2k94AaABAg,@이은영-q5u,시경님은 역시 감이 좋으세요! 노래도 감정잡으면 끝장! 요리도 감잡은후 스케치하듯 즐겁게 간맞추면 바로 끝장! 부럽습니다. 한편 너무 감사하고요^^ 피씨로는 이모티콘을 쓸수가 없나보네요 아쉬워요ㅠㅠ,1,2021-07-14
gru2UiPJSkI,UgzxWFqymxekhYKF1h94AaABAg,@시옷-o5e,우왕👏👏👏🍒,1,2021-07-14
gru2UiPJSkI,Ugz8l1hQ0U5mYD2Izbl4AaABAg,@lilysecretbox,"종이 호일에 맥주 없이 도전해보겠습니다~!!
지금은 너무 너무 더워서 🥵 
조만간 도~전!! 🙋🙋🙋",2,2021-07-14
gru2UiPJSkI,Ugz3cBo2qWSzO97yG3h4AaABAg,@정란-w5t,시경오빠😊간장양념치킨 그것도 순살👍부드럽고 딱 간도 맛으니깐 먹으면 엄청 맛있겠죠😋오븐에 구워서 입에서 녹을거 같다는😋맛있는 간장양념 요즘처럼 더울때 먹으면 힘이 불끈날거 같아요🐓🐔시경오빠 레시피 최고예요🥰🤟🤩,1,2021-07-14
gru2UiPJSkI,UgzLRwpIw4BnUwypLYB4AaABAg,@woohee-4.11,윽...... 낮술 땡기게 이러시면.....;;;; ^^ㅎ,4,2021-07-14
gru2UiPJSkI,UgxBoSAPDq5SCxydi3Z4AaABAg,@loveleesuman,이게두번째 최초공개...로 아는데.............가끔씩 이런즐거움을 선물하는 시경이형...😍,1,2021-07-14
gru2UiPJSkI,UgwmhsnjvUOag_jSWJZ4AaABAg,@Blue_Delphinium417,찢었드아...교촌치킨 저리가라네요 진짜 대박...,2,2021-07-14
gru2UiPJSkI,UgzXryAsH9TwwV9wy1B4AaABAg,@lr4197,어머나 세상에 제가 젤 좋아하는 간장 양념 치킨이네요 😍😍😍,0,2021-07-14
gru2UiPJSkI,Ugyq9_XBAfuuQVe2q2V4AaABAg,@eunha6830,"메뉴선정 너무 좋아요😆
치킨인데 간단하고 살덜ㅉㅣ고 맛있구!!! 
최고다 성시경레시피",1,2021-07-14
gru2UiPJSkI,Ugx3MNmyPwN_QsOjE7R4AaABAg,@my_crystal,우선 좋아요 하고 봅니다요~,0,2021-07-14
gru2UiPJSkI,UgzKOfei7uRi43IOw8F4AaABAg,@TV-xk2np,우와~~~ 예고까지 !!! 짱입니다. 성데렐라들 12시 급하게 안뛰어가도 되겠네요. ㅋㅋㅋ,1,2021-07-14
gru2UiPJSkI,UgxHht44AVmtSJQAqCZ4AaABAg,@CapyPurin_celestial,I'll throw in some potatoes as well 🤤🤤🤤💜💜💜 Thank you so much for sharing 💜 💜 💜,0,2021-07-16
gru2UiPJSkI,UgzfmbSRVFIpESiemlF4AaABAg,@swanj53,우와아아아아아아아아아앙😍🤤마싯게따요 해봐야겠🤔ㅋ조은 하루 되시라요오👏🏼,0,2021-07-14
gru2UiPJSkI,Ugxylh53cssrzTs7DYZ4AaABAg,@beencooke1816,캬.. 간만에 부드러운 식감의 치킨 먹고싶네요🤤,1,2021-07-14
gru2UiPJSkI,UgyzrqypX7wXkW0RDRt4AaABAg,@TheSaju,와.... 저도 해먹어 봐야겠어요!!! 너무 맛있겠다~~~,1,2021-07-15
gru2UiPJSkI,UgxoNGAC65XQzuhqu6Z4AaABAg,@beeaepi,단짝단짝 맛있겠어요 인상쓰면서 아련터지게 봤어요🥺두부 넘넘 귀여워요 요리레시피유튭 오빠꺼만  선택집중🤗,0,2021-07-14
gru2UiPJSkI,Ugxb-wQFHt5POcKwVTB4AaABAg,@winbeautiful,어? 밑에 자막이... 편집자님 대단하시네요♥ 오빠 라방보고 영상 시청합니다 열일하셨으니 잠은 잘주무시시겠네용ㅎㅎ 굿밤요,0,2021-07-14
gru2UiPJSkI,UgzuVxjyKRx4Le7mBFF4AaABAg,@rim1985rim,이야~감탄사보면서 군침을 흘리게되네요 비쥬얼도 부드러워 보이공 맛날거같아용!! 뚝딱뚝딱 성주부님 한 수 또 배우고갑니당ㅎㅎ,0,2021-07-14
gru2UiPJSkI,Ugyk2RXICcjXClMsVcB4AaABAg,@Rsy5992,"와 ! 오늘저녁 요리는 이거다 🤤
빨리 먹어보고싶네요😀",1,2021-07-14
gru2UiPJSkI,Ugy5CI9Zn5WqvM96DTF4AaABAg,@my_crystal,시경씨 집에 종이호일 하나 놔줘야했어요~ 😆 초복도 까먹고 삼계탕도 못해 먹었는데 내일 요거 해 먹어야겠어요~ 시경씨 요리보고 메뉴 정하니 너무 좋아요!,0,2021-07-14
gru2UiPJSkI,UgzeMwNNUpC5bpE-wBR4AaABAg,@쥐미니-r2r,오 스테이크처럼 잘라먹으니까 느낌있네용 너무맛있게 드시니까 꼭해먹어봐야할것같네용 ㅎㅎ,0,2021-07-14
gru2UiPJSkI,UgznMc4Rs5SQQqvb2St4AaABAg,@푸르댕댕-v4k,"삼촌만 졸졸 따라다니는 듀부😍😍😍
더워서 불 켜기 싫은데 오븐을 이용한 레시피
좋아요👍 닭은 팬에 구워도 맛있는데 간장양념까지 해서 오븐에 구우면 안봐도 맛있겠죠^^",0,2021-07-14
gru2UiPJSkI,UgxLkjjjGjX4KPCoBLR4AaABAg,@moon-ty5ry,とても美味しそうなので、鶏肉好きの息子に早速今夜作ってみようと思います😁👍,2,2021-07-14
gru2UiPJSkI,Ugx77R95LgVPo6SfHsF4AaABAg,@greenLaVitameadows,"꼭 해봐야겠어요  !
감사합니다 …",0,2021-07-14
gru2UiPJSkI,UgwpVnZphGuGMP0egH14AaABAg,@옥순-f2j,최고!! 진짜 요리에 진심이 느껴지네요,1,2021-07-14
gru2UiPJSkI,UgyybP0wB1DS9xsEtf94AaABAg,@카이하세가와,"8빠다  성시경오빠 오늘도 감사해요
닭고기 장난아니다  우와",1,2021-07-14
gru2UiPJSkI,Ugw2WDja5eJkslIhDr94AaABAg,@이연경-y9b,"뼈없는 닭다리살 덮밥으로 많이 해서 먹었는데 집에 닭다리살 없어서 닭안심으로 해도 되겠죠?ㅎㅎㅎㅎㅎ 영감이 떠오르는 가수님의 레시피! 중에 제 최애 단어는 ' 적당히'와 '대충'!! 자연스러운 요리 넘 좋아요!!!!!
물론 닭이[달기]에서도 쓰러졌지만요^^",2,2021-07-14
gru2UiPJSkI,UgxdFLTy924rxVODCsd4AaABAg,@lululala0207,치킨이랑 성시경은 못참지!! 오늘 저녁으로 바로 출발,1,2021-07-14
gru2UiPJSkI,UgwJzhV5f5nPyC0aa914AaABAg,@kellypark8950,더워죽겠는데도 오븐 틀게 만드는 시경오빠의 레시피 먹방 영상... 오늘 우리집 사우나 예정입니다!!!! ㅋㅋㅋㅋㅋㅋㅋ,0,2021-07-14
gru2UiPJSkI,UgydF2API6i0QtaO1Et4AaABAg,@얼곰IceBear,먹는것도 너무 복스럽게 잘 드신다...,0,2021-07-14
gru2UiPJSkI,UgzkGtFjzDYDCgsNgB54AaABAg,@개따라기,형 요리만들때 설명하는 목소리도 너무 감미로운 발라드같아.. 건들면 눈물이 나올것만 같다ㅠ_ㅠ,0,2021-07-14
gru2UiPJSkI,Ugw1tC7rICcr0q5H9yN4AaABAg,@chiarabella658,맛있겠다✨먼저 우유를 사용하는 것 등  여러가지 기술이 있어서 공부가 됐어요! 왈왈이도 두부도 반가웠어요~💕,0,2021-07-14
gru2UiPJSkI,UgxNCGSnQrFfv8SIcnd4AaABAg,@ちえ911,おいしそうな香りが伝わってきます✨今夜はこれを作ってビールを飲もうと決めました❣️,2,2021-07-14
gru2UiPJSkI,Ugz7dAzyNucr2JVVi-14AaABAg,@user-mj7563jsylovePJM,술은 안 땡기지만 시경님은 땡기네염 ㅋ 농담이었습니다  까요 ㅋㅋ♥★♥,1,2021-07-14
gru2UiPJSkI,UgxPEFIOfava51fm3e94AaABAg,@크리스탈-y2w,시경님이 하시는 음식들은 다 맛있어보여요~~😋😋,0,2021-07-14
gru2UiPJSkI,UgwsEg6vMgX7ev9XyXd4AaABAg,@yuqq4579,와 진짜 맛있겠다..,0,2021-07-15
gru2UiPJSkI,UgycVyVmq0R4dIIWLf14AaABAg,@jungeunp3005,"곤단했던 하루를 마치고 라방 시간에 겨우겨우 맞춰 퇴근을 하는 바람에 영상을 이제야 봤는데, 하하하하하 😂 라방보면서 맥쥬 한 캔을 다 마시고 봤는데, 이거슨 뭐 오분 이십사초, 뒤집어 10분 더 구운 닭을 꺼내며 새어나온 타닥타닥 탁탁 소리에 맥쥬를 다시 부르는 영상이네요- 집에 허벅지살과 오븐이 없는 걸 감사히 여겨야하나 싶은 그런 잔인한 영상임다- 🥲",0,2021-07-14
gru2UiPJSkI,Ugwi50IMKdHL0JrcPfB4AaABAg,@정병남-n5o,"우와 냠냠 맛있을듯합니다 
만능요리박사 성시경 님 굿^^",0,2021-07-14
gru2UiPJSkI,Ugz0ZL3QT86KLde_wSt4AaABAg,@lucypark0117,최초공개 첨들어와봤어요 ㅋㅋ사장님하고 일하니까 폰볼시간이 없었거든요 오늘 너무한가해서 최초공개 기다리는중😍  댓글추가)일하다보니 놓쳤네요.계속일이 있어서..댓글 있어서  오빠인가 깜짝놀랬었는데..  님. 오늘 맛있는거 드시고 홧팅하세요.,1,2021-07-14
gru2UiPJSkI,UgzVhB4_OQWJWxLNYrV4AaABAg,@손지연-r6n,재료를 만지는것에 주저함이 없는 맨손성식영쉪 리스펙!!,0,2021-07-14
gru2UiPJSkI,Ugy-ENMSBRNkpC8UgCZ4AaABAg,@bestgyu6702,시경이형 목소리+ 닭+ 맥주 = 완벽,1,2021-07-14
gru2UiPJSkI,UgwRbXj7rhQqqeW4vEN4AaABAg,@memosa1004,"간장오븐치킨, 정말 맛있겠네요 아 더운 여름 보양식으로~ 언제나 맛있는 요리 해주셔서 감사합니다^^ 살앙해요~ㅎ",0,2021-07-14
gru2UiPJSkI,UgwUVXYS2nkC1hdLtLx4AaABAg,@산토끼-v7y,요정님께서 창작한 레시피 라서 맛이 더 궁금해요~직접 만들고싶은 요리네용😋,0,2021-07-14
gru2UiPJSkI,Ugz9u63EnN26lLI4BSJ4AaABAg,@lilac향기,배부른 상태인데 오빠 먹는 소리에 침 흘릴뻔 했어요😅,0,2021-07-14
gru2UiPJSkI,UgwsEb6eU-izhyHrxPl4AaABAg,@배찌-y7s,"헉!!!!!!!!!!!!!!!!!!!!!!!!!!!!!!! 
비쥬얼이 그냥... 막... 미사여구 필요없이 보는 순간 본능적으로 맛있겠다는 생각밖에 안들어요!!!!!!! 저도 도전하겠습니다!!!!",0,2021-07-14
gru2UiPJSkI,UgzJkgRz3Z5N-r07O114AaABAg,@psy20914,"냠냠. 맛있을 거에요! 간장치킨이라니. 부계정으로 요렇게 출첵하고 갑니다. 너무 더워요. 더위조심하시고, 낼 봅시다ლ(╹◡╹ლ)",0,2021-07-14
gru2UiPJSkI,UgwyTpPZjlbw0dQ4ypJ4AaABAg,@my_crystal,오늘 저녁에 해 먹었어요. 다진생강은 없어서 냉동실에 있는 말린 생강 넣고 했어요. 근데 저희집 오븐이 뭔가 이상한지 자꾸 중간에 냉각중으로 바껴서 결국 후라이팬에 익혔지만 맛은 최고였여요. 애들도 맛있는 냄새 난다고 요리할 때부터 나와서 뭐냐고 물어보고 ㅎㅎ 시경 아저씨가 또 레시피 올렸냐고. 양파랑 느타리 버섯도 올리브 오일에 구워서 방울토마토랑 발사믹 소스 곁들여 냈더니 근사한 저녁상이 되었네요. 오늘도 고마워요~~,1,2021-07-15
gru2UiPJSkI,Ugy4Os0pGf6SsCKdle94AaABAg,@김중간만해도,좋아요!,0,2021-07-14
gru2UiPJSkI,UgzFqe8KT-ijkuUP5td4AaABAg,@c_aaaaa_t,"하아,, 간장치킨 엄청땡겨요 그 짭쪼롬한 내가아는 그맛,, 알아서 더미치는 그맛,, 이세상에서 성시경입이 젤 부러워,, 매일매일 맛잇는거만 먹는그입,, 미치도록부릅따,,",0,2021-07-14
gru2UiPJSkI,UgwhIEqyZXQ3Yq2q5rN4AaABAg,@5096980,닭구이좋쵸..굳굳  주말에 놀러가는데 닭한마리 구워먹어야겠어요..하루금주푸는날...ㅎㅎㅎㅎ,0,2021-07-14
gru2UiPJSkI,UgwNegtxZ1_i1OK_DVd4AaABAg,@annstellamarielee4863,"침 꿀꺽 삼키며 봤어요~ 
요건 인스타에서 안했던 건데..맞죠?
진짜 맛있어요?! 진짜 맛있겠져?!
낼 당장 해봅니다.
시경님 레시피 실패없는 레시피. 고기 요리 다 맛있었으니까...꼭 해봐야지.
마침 낼 장보러 갈거니깐요!!
두부 환장했겠다. 냄새만 맡고, 못먹구..🐶불쌍. 그런데 원래 예부터 닭고기는 절대 강쥐한테 안준단다. 혹시라도 뼈 있을까봐...안 먹고 오래살쟈~ 두부야~~ 
ㅡ
밥 반찬에 딱일듯요~ 고마와유 12시 요리 요정.오늘 집에서 쉬시나요? 아님 운동 하시나요? 뭐든 오늘은 여유롭게 하루 보내시고,이따 저녁에 만나요~~~",0,2021-07-14
gru2UiPJSkI,Ugw1wO6XLeHGomTkJk54AaABAg,@thisismystoryso,넘 맛있어보여요 😍😍😍❤️❤️❤️🍗🍗🍗,0,2021-07-14
gru2UiPJSkI,UgzZDipVGvHKyHHSnD54AaABAg,@neulhae,아아니 술안주...술안주는 못참죠..ㅠㅠ 진짜 맛있겠다..내일 닭사러 가야하나요,0,2021-07-14
gru2UiPJSkI,Ugx7GubZoJ_YYMRfO6x4AaABAg,@joon0416,오오~~~~ 스틸컷 비주얼... 무조건 보게 만드네요!!!!! 대박!!! 똑 만들어서 맥주랑 먹어야지~~^^,0,2021-07-14
gru2UiPJSkI,Ugz5qIVMniTU0_UCdVd4AaABAg,@kelly_hy,배경음악 넘 고급지네유😁🤣🤣,0,2021-07-14
gru2UiPJSkI,UgwqTt-yDEk1yP1rc1Z4AaABAg,@hyoun48,"요즘 요리 잘 하는 셰프님들 유튜브에 참 많죠 프로페셔널하고 정확하고 공식처럼 레시피가 있는.. 그건 마치 유능한 화가가 아주 멋지게 스케치를 해놓은 종이위에 정해진 물감색을 색칠하는 기분같아요 하라는대로만 하면 멋진 그림이 완성되겠죠..

예전부터 오빠 인별 요리스타그램에 빠지게 된 계기중에 하나는 마치 악상이 떠오르듯  '이렇게 하면 맛있겠지' 하며 요리를 해나가는 과정들과 심지어 그 요리가 정말 맛있는 독창적인 창작요리로 완성되었을 때의 뿌듯함은 엄청났던 거 같아요😃 간장순살치킨요리가 즉석에서 생각나는대로 만드는 레시피로 요리하는 과정속에 함께 즐겁고 설레이며 
마침내 오븐에서 닭이 짜잔 하고 변신하고 나오는순간 함께 너무 행복하고 
결정적으로 마지막에 오빠가 맛있게 드시는 모습에 가장 뿌듯했습니다 이렇게 귀한 레시피를 공유해줘서 정말 고마워요♡ 저는 세상에서 오빠가 만드는 요리가 제일 재밌고 맛있어요 앞으로도 맛있는 요리 많이 해줄거죠?🙆‍♀️👍👍",0,2021-07-15
gru2UiPJSkI,UgxXY0V5ei7HAYHReVF4AaABAg,@bananayonn,"쿠킹호일 발음하실때 왤케 좋나요?순간 귀가 사로잡혔어요☺치킨은 먹고싶은데 튀긴거 먹기엔 거북해서 시켜먹을까 말까할때 해먹으면 좋을거 같아요
두부 단독샷에 반갑😆
마지막 머리위에 노란포자 터질때도 왠지 반갑😁ㅎㅎ",1,2021-07-14
gru2UiPJSkI,UgwosRf_9Ap9Tk6Sqod4AaABAg,@tlsgydbs,간단하고 맛있게 하시네용,0,2021-07-14
gru2UiPJSkI,UgzuFbjnCidDKhrPAdZ4AaABAg,@busysuzieinseoul7800,아...오늘 마트 가기 전에 이 영상을 본 것은 운명인가봐요. 저녁은 간장 치킨에 시경오빠 라방으로 🤭 아름답게 마무리해야겠어요- à tout!,0,2021-07-14
gru2UiPJSkI,UgyQ9-QqvnnCzNwTt6B4AaABAg,@그래그래-y1i,😀😃😄😁🥰😍🤩😘대박참맛나겠당ㅋㅋㅋ,1,2021-07-14
gru2UiPJSkI,UgyiBcPvRkUwFB-DERx4AaABAg,@웅냥냥세레나데,냉장고에 남은 치킨이 있어서 다행입니다 그걸 꺼내먹어야겠어요 ㅋㅋㅋㅋㅋㅋ 닭대신 닭이다 ㅎㅎㅎ,1,2021-07-14
gru2UiPJSkI,Ugwxq7fPILQLeIY2YJZ4AaABAg,@gohae-sj,아왤케웃기지 ㅋㅋㅋㅋ 맛볼때마다 자꾸 뜨악하는 제가 웃기다고요ㅋㅋ,0,2021-07-14
gru2UiPJSkI,UgzbygbEFxkbVb0PLHF4AaABAg,@이제는-l7s,어제 에어프라이어로 버터마늘 발라서 구워먹었는데 뭔가 반갑 ㅋㅋ 담엔 간장으로 해 볼께요!!,0,2021-07-14
gru2UiPJSkI,UgxZfkF5LmN6fXF_4p54AaABAg,@아녜스-h6u,이건 아들이 너무 좋아할 메뉴예요 ㅎㅎ 만들어 줘야 겠어요~~ ㅎ,0,2021-07-14
gru2UiPJSkI,Ugwvlyn5v_48KOBQ8ct4AaABAg,@shk433,맥주없이 먹는건 죄짓는기분임  오랜만에 왈왈이도 반갑고 두부는 늘 반갑고 이따 라방때 만나용 오늘저녁은 치킨이닷!!!,1,2021-07-14
Z91HE_qUgHY,UgzCPAoOx9Z7coylv6J4AaABAg,@iamtem,"🔔 요리는 장비빨 전기 광파오븐 베스트 5입니다. 

👉LG 디오스 광파오븐 32L 
✔ 모델명 ML32AW1
✔ 46만원대
✔ 용량 32L
✔ 9가지 복합기능 
✔ 세척기능 
🔑https://link.coupang.com/a/bOrCGf

👉 삼성 BESPOKE 직화오븐 35L
✔ 모델명 MC35A8599LC
✔ 60만원대 
✔ 용량 35L
✔ 7가지 복합기능 
🔑https://link.coupang.com/a/baBuc9


👉 SK매직 All in One 광파 오븐 30L
✔ 모델명 EON-CP3A
✔ 23만원대
✔ 용량 30L
🔑https://link.coupang.com/a/baBuuB


👉삼성전자 BESPOKE 큐커 22L
✔ 모델명 MO22A7797CW1
✔ 39만원대
✔ 용량 22L
✔ 오븐,찜 X 
🔑https://link.coupang.com/a/cPo59J


👉트루리빙 멀티 할로겐 광파오븐 12L
✔ 모델명 TL-OV120
✔ 4만원대
✔ 용량12L
🔑https://link.coupang.com/a/baBu6m


😀 업체와 직접적인 제휴없이 주관적으로 선정한 순위 입니다. 
😀😀 쿠팡 파트너스 활동의 일환으로 이에 따른 일정액의 수수료를 제공 받을 수 있습니다.
😀 😀😀제품을 바로 확인하고 싶으시다면 아래의 링크에서 확인 가능합니다.",3,2023-09-24
Z91HE_qUgHY,UgwaOP2JmBrktHnWQTV4AaABAg,@폭등스타,ML32AW 와 ML32BW 차이는 뭘까요? 외관은 같아 보이던데..가격차이가 살짝 있어서 궁금하네요,1,2024-04-02
Z91HE_qUgHY,UgyHWneB1vzrzn1Sspd4AaABAg,@Jo.jinung,sk매직대리점은 아직 본적이 없는데 어디가면 있죠?,1,2025-05-27
7PpQ7OSjFK8,UgypOHzcguKeCtd64r94AaABAg,@털복실이-k9z,뭐지 버터만빼고 다 올린거 같은데 버터구이가 완성됐어,11,2024-05-09
7PpQ7OSjFK8,UgxaC44MCy6Du1qM8bh4AaABAg,@jennylee5823,예열은 미리 해두는건가요?,2,2025-03-12
7PpQ7OSjFK8,UgyOTkxJ8U4exWKPOn54AaABAg,@이정미-h4l,오븐 몇도에서 해야해요?,1,2024-10-02
NknLJ5V9G2g,Ugw_4ssQMxZnX6I1W6V4AaABAg,@doyunkim2731,여러분들 오븐 예열 하셔야되요 쌩 20분이 아니고 예열된 상태로 20분이요,50,2018-10-21
NknLJ5V9G2g,Ugxno2JdPxJdMIc9ZUV4AaABAg,@나는지나,맛있었어요 진짜! 고기가 커서 30분 맞춰 했는데 그래도 안익었더라구요. 다음에는 40분 설정하고 레스팅해서 먹을려구용!,28,2018-08-21
NknLJ5V9G2g,UgzIGJ_RVrP-T_p6PgF4AaABAg,@garyeongkim1718,댓글 참고해서 오래 구웠더니 푹 익혀졌네요. 요리하고 오래두니까 맛이 밍밍? 해져서 빨리 먹는 게 좋을 거 같아요.,11,2018-09-26
NknLJ5V9G2g,Ugw7WRxlw1L3nEp-BOV4AaABAg,@evenmore4892,간장반컵.설탕둘. 맛술햐나.더진마늘 둘.,10,2019-03-24
NknLJ5V9G2g,UghO07mkBtQPqXgCoAEC,@공벌레-h6q,고든램지꺼보고 먹고 싶었는데 이걸로 대채하면 좋것네,28,2017-07-01
NknLJ5V9G2g,UgwXGWpD7-J96XBZQkh4AaABAg,@qwertyasdfg-n4t,180도에서 15분 뒤집어서 다시 15분 로스팅했는데 잘 익었어요b,7,2023-06-05
NknLJ5V9G2g,UgypnAbOvfa0f6E8jPF4AaABAg,@yhhan8507,땡큐베리감사🐶🐶🐶🐶,1,2026-01-23
NknLJ5V9G2g,Ugxi0p2GNr70Q3gbzn14AaABAg,@위냐이마루카,어제 해먹어봤는데 살짝 짠 느낌이 있지만 이 맛이 곧 밥을 부르는 맛이었습니다 한마디로 맛있습니다 ㅋ,1,2020-06-22
NknLJ5V9G2g,UgzZCTw2bD5X8_ha3Nx4AaABAg,@stk3171,레시피 감사함돠~,0,2020-11-09
NknLJ5V9G2g,UgxsiSte7uUXzwbkqvV4AaABAg,@뿌찌빠찌-z8k,한두시간 재웠더니 좀 짜요 근데 맛있네요 ㅎㅎ,0,2023-11-10
NknLJ5V9G2g,UgzKT7jYWb8Q4Bw2jep4AaABAg,@콩이곰이겸이,간장1/2컵 설탕2 맛술1T 다진마늘2T,2,2024-08-02
NknLJ5V9G2g,Ugz0z7X2BuWFOg5OXE14AaABAg,@김길수-b3t,"오븐에 20분만 예열하면 되나요 ???

다른데 보니까 1시간 정도  하던데 ...",3,2021-03-16
NknLJ5V9G2g,Ugwp64c9S8ry7y9vSZV4AaABAg,@jjjjjjj17293,20분보다 살짝 더걸렸어요. 저는 하루숙성 시켰는데 진짜 너무 맛있었어요,2,2018-07-19
NknLJ5V9G2g,Ugx0xMTBzoh4NjXe3O54AaABAg,@CookingDaddy,고기족이 이영상을 사랑합니다.!!!,2,2019-05-26
NknLJ5V9G2g,UgynBPJnf0RiYbzBCYx4AaABAg,@CookingDaddy,와우~~~,0,2019-04-06
NknLJ5V9G2g,UghFv429DYXzeXgCoAEC,@Dya-s7k,와우,3,2017-06-23
NknLJ5V9G2g,UgxCWas61aO0xBav6xp4AaABAg,@호비-v5q,고기 씼어야하나요 안씼나요?,0,2019-04-01
NknLJ5V9G2g,Ugzjtx7UJd8BgDxucM94AaABAg,@vaka-eg1dl,내일은 너다,0,2025-02-05
NknLJ5V9G2g,UgwFapB5csfc8M_ivlB4AaABAg,@BCDA-hss380,오븐안에 기름 튀거나 그러지는 않나요?   기름 튈때  청소는  어떻게 하나요?,1,2023-08-19
NknLJ5V9G2g,Ugz6eT-aCxobHMtCimF4AaABAg,@gava_hn,"칼집 일부러 깊게내놓고 예열까지 해뒀는데 24분 돌렸는데 속은 조금 덜익더라구요 지금 한칸 내려서 15분 더해두고있는데 다음부턴 40분정도 해야될거같아요 그래도 맛은있어요

반 남은거 매운향 첨가해서 지금 미리 재워두고 내일 또 먹으려고요",1,2022-02-13
NknLJ5V9G2g,UgzAcRZ5_M0y_r_bG3B4AaABAg,@bluemountain9374,혹시 이거하면 오븐이 기름 대환장파티 되는거 아님?,1,2025-08-22
NknLJ5V9G2g,UgyiQ48fP4tc3yCVeXt4AaABAg,@kyu3001,덜익은 거 같은데,3,2018-09-08
NknLJ5V9G2g,Ugw4xKpa8eTLPRh3H8F4AaABAg,@비둘기둘기-e8r,너ㅁ는오늘내저녁밥이다,1,2018-03-18
NknLJ5V9G2g,UgzyUR7nC6BrZCws8Xt4AaABAg,@문성태-x1e,묻히고 남은소스는 다 버리나요?,1,2025-05-20
NknLJ5V9G2g,Ugx6V2vIKY4d8H9WKjR4AaABAg,@KangNoopy,온도계로 내부온도 75도에서 80도까지 구워져야 잘 익은겁니다,2,2020-11-30
NknLJ5V9G2g,UgwW9W1zRQLNNaLmVtp4AaABAg,@신현용-r2i,타임하고  래시피  좀 책자로 보고 싶은데요,0,2024-02-28
NknLJ5V9G2g,UgwkwrK2c1y4E0vWCpx4AaABAg,@제태빈,180도 20분은 너무 어림도 없는데,1,2022-06-04
NknLJ5V9G2g,UgicCC6A1AiBTHgCoAEC,@junhoseo2959,왜...쟤가 하면 20분 구워도 다 안 익어요..,2,2017-07-22
NknLJ5V9G2g,Ugw6mSewTXsSMkLtSbp4AaABAg,@코코직구,20분 가지고 택도 없음,0,2025-01-23
NknLJ5V9G2g,UgwzqACb706HO6PYjaB4AaABAg,@이이히-q4r,ㅋㅋㅋㅋㅋㅋ예열됐어도 20분이면 ㅅㅂ 익겠냐 그게,0,2026-05-15
NknLJ5V9G2g,UgwG4rtQkccl-55urqB4AaABAg,@user-sd4cm3wh8u,맛술대신 술넣어도되려나,0,2018-08-19
mM61iROJIyU,Ugz-ERP1w2IHI5HsHmJ4AaABAg,@송휘찬-o5d,200도 40분 뒤집어서 40,10,2021-11-09
mM61iROJIyU,UgxPsCX1xotDN7ZjNVJ4AaABAg,@t_meaker,배달 시켜 먹는 이유,0,2026-01-25
l5O4kvYNf9k,Ugz29x10ZsQA5nRhD3R4AaABAg,@42with_tws,오븐이라 200도였나봐 에프에 200도 돌렸다가 다 탔어요ㅠ 160도로 해야겠습니다;;;;,2,2026-04-21
l5O4kvYNf9k,UgxFZ_zoTbUaSNnoBb54AaABAg,@jjki7570,잡내는요?,2,2026-05-17
l5O4kvYNf9k,Ugw8zRE0wLXslnEIUBF4AaABAg,@딸기딸기-g5d,파프리카가루 없는데ㅜㅜ괜찮ㅡㄹ까요?,1,2026-02-15
fOF1fExGwYk,Ugwjg6QO-Xyk5deS2oN4AaABAg,@lazykimjubu,"마늘 향이 잡내 싹 잡아주고
짜지 않고 달지 않은 양념이라 물리지 않는,
아이랑 같이 먹기에도 좋은!

소금구이와는 차원이 다른
끝없이 먹을 수 있는 마늘 등갈비구이🤩

에어프라이어로 쉽게 완성하세요.💕
저장해두셨다가 꼭 이대로 해보세요😘

아이 말로는
피자보다 맛있고, 햄버거보다 맛있대요.
더 먹고 싶다고…
담엔 2키로 해야될듯 싶어요.

온 가족 맛나게 즐길 수 있는 등갈비구이 👍

━━━━━━━━━━━━━━

👩‍🍳재료
등갈비 1kg / 설탕 1T / 올리브오일 1T / 전분가루 튀김가루 아무거나 3T

👩‍🍳양념
다진마늘 3T
간장 2T
맛술 1T
생강청 1T
매실액 1T
액젓이나 참치액 1T
후추 갈갈 

T = 큰술(밥숟가락) 15ml
t = 작은술(티스푼) 5ml

👩‍🍳레시피
1. 물에 담가  설탕 1스푼 30분 동안 핏물 빼기 (잡내제거, 연육작용, 핏물 빨리 빼줌)
2. 30분 뒤 헹궈가며 건져서 키친타월로 대강 물기 닦아주기
3. 분량의 양념 재료를 넣고 버무려주기
4. 마지막에 올리브오일 넣고 슬쩍 섞어주고
5. 전분가루나 튀김가루 3T 넣고 섞기
6. 예열된 에프에 160도 15분
7. 뒤집어서 160도 13분

✓ 데쳐서 하면 더 깔끔한데, 이렇게 해도 잡내 없고 질기지 않고 살도 잘 떨어져요.
✓ 덜 싱싱하다 싶다면 핏물 빼는시간 늘려주거나 한 번 데쳐서 양념 후 구워주세요.
✓ 에어프라이어 사양에 따라 조리시간은 차이가 있을 수 있으니 확인해 가며 조절해 주세요.
✓ 짜지않고 달지않아 물리지 않아요.
✓ 맛술, 생강청, 매실액이 달달해서 설탕 안 넣었는데
✓ 심심한 거 싫으시면 간장이랑 설탕 추가하세용~
✓ 생강청 없으시면 생강가루나 맛술이나 매실액으로 대체하셔요😀
✓ 근막 제거 안되어 있으면 쭉 잡아당겨 제거해 주시면 더 부드럽게 드실 수 있어요.",364,2025-06-17
fOF1fExGwYk,UgzHtkEUkcq3XcOdLdd4AaABAg,@js-hg7np,"찐 맛있게 잘 먹었어요
먼저 끓는 물에 익힌뒤 양념하고
간장1. 굴소스 1. 소주1는 더 넣었어요
남편이 아주 맛있게 먹더라구요
감사합니다",55,2025-06-22
fOF1fExGwYk,UgxCZpJwYQ4cisfGHsR4AaABAg,@렌-k5p,"좀 전에 만들어서 먹어봤어요
36개월 아기는 잘 먹구요 아빠는 맛없다고 하네요 😅 저희집 오븐기준 알려주신시간대로 조리하면 덜익어서 8분정도 추가해서 익혀주었습니다.",6,2026-01-05
fOF1fExGwYk,UgwxkshDUbdd9AOh7wB4AaABAg,@소소-r8t,에프를 사야겠습니다 ^^!,28,2025-06-20
fOF1fExGwYk,UgxdIo3ORderkelG4ql4AaABAg,@KandY-t4g,너무 맛있어요!감사합니다 😊,5,2025-06-21
fOF1fExGwYk,UgwgBbPwBPC-jslJazx4AaABAg,@오월의백설,"등갈비 샀는데 ..어떻게 해줄까? 고민하다 찾았네요!😊😊 내일 한번 해봐야겠어요 
오븐에다가 맛나게 만들어볼께요
감사해요 ❤❤",0,2026-02-02
fOF1fExGwYk,Ugw6LU1AU7OElGrZsLJ4AaABAg,@asas66686239,해먹어봐야지. 레시피 감사해요!,4,2025-06-18
fOF1fExGwYk,UgxpG8hvQ7uRHFcIVRZ4AaABAg,@신박한-짱,에프가 어쩜 저리 깨끗하게 관리할수 있죠? 😮,4,2025-07-10
fOF1fExGwYk,UgwWgEXSLoS4gIrVlSt4AaABAg,@pkgr-r6g,해봐야겠다 😊,1,2026-01-16
fOF1fExGwYk,UgyuX7Oge6TyliQgRPB4AaABAg,@김민지-b2s1p,도전해봐야지..,3,2025-06-22
fOF1fExGwYk,Ugz1dGketMrAsGTjkst4AaABAg,@주코홀릭,좋은레시피 알려주셔서 감사합니다^^,3,2025-06-19
fOF1fExGwYk,UgwfHSIoktIm-9zmRcV4AaABAg,@무야호야옹,지금 먹고 있어요😊 너무 맛있어요 ❤,5,2025-06-30
fOF1fExGwYk,Ugxwv89zRP6ylWXPc1R4AaABAg,@박기자-s4h,오늘 너무 맛있게 해먹었어요~^^,3,2025-06-29
fOF1fExGwYk,UgwqzUxmVg65qvNEWBt4AaABAg,@loise3,맛술이랑 생강청 없어서 못넣었는데 아이가 맛있다고 잘먹고 있네요~^-^,0,2026-05-22
fOF1fExGwYk,UgyS3tOmJf8PjOh9p6B4AaABAg,@다시한번-o7u3e,"등갈비는 마니 해도 아이들이 넘 좋아하지요..
뼈에 살 발라 먹는 재미.
엄마들 요리는 짱 입니다.",14,2025-06-23
fOF1fExGwYk,UgwG0VLfA5REeoaFnPx4AaABAg,@쿠미-s8f,"에프는 없고 컨백션 오픈에 뚜겅 덮어서 해보던가 해피콜 직화구이에 넣어봐야것네여.. 
제과용 오븐에 고기굽기 간지~ 
제과 제빵 버리고 고기에 양보함..",0,2025-12-03
fOF1fExGwYk,Ugx4cZxWJdVQZ_77SDd4AaABAg,@밍크베이지,맛있겠다 ㅠ,3,2025-10-06
fOF1fExGwYk,UgxyA_OCgCXcygUVtip4AaABAg,@미치괭이,직화나 후라이팬에 구울때도 같은 레시피로(전분가루) 하나요??,0,2026-03-19
fOF1fExGwYk,UgyQMTlRtyhszRk0GzR4AaABAg,@서정-h5u,"요리 참 빠르게 뚝딱 잘하시네요
고기 굽고 에프 사용후 어찌 닦나요?😊",3,2025-06-21
fOF1fExGwYk,UgxO863L1GTQW1OL9eZ4AaABAg,@자몽-p2h,댓글보고 간이 슴슴할것같아 간장1~2.설탕1.배 간거 2쪽 추가했는데 너무 담백하고 맛있었어요,1,2026-01-21
fOF1fExGwYk,UgwIiIgZ3nM9lr7zN-h4AaABAg,@Anne123-r9i,오븐온도가 늘 타거나 덜익었는데 알려주신대로 하니 속까지 잘구워졌어요. 양념도 넘맛있어요 ❤ 감사드립니다.,1,2026-02-10
fOF1fExGwYk,UgzjGmy4SbKJtA2_PSx4AaABAg,@goqkfkrl7878,집에 똑같은 에프가 있는데 한번 만들어 봐야겠어요,2,2025-06-23
fOF1fExGwYk,UgyZNOtj6dh8URa4brh4AaABAg,@Summer-n3g,8세6세 아이들이 먹기에 맵진 않을까요? 너무 해먹어보고 싶어요😂,0,2025-08-18
fOF1fExGwYk,Ugz75p0IT-lgp_i7d414AaABAg,@aboutyou_ftw,오븐으로도 똑같이해도될까요???,0,2026-04-09
fOF1fExGwYk,UgwnhUFOPoxuemvQV414AaABAg,@소금아후추야,오븐에 해도 같은온도시간일까요 ?,0,2025-11-14
fOF1fExGwYk,UgwV_2Ijdl5LE_d2LIN4AaABAg,@jinbubbi,수전 물이 안튀기시는것같은데 수전정보좀 받을수있나요 ㅠ 최근에 사각싱크볼로 바꾸고 물튀김때문에 너무 힘들어서요 ㅠㅠ 알려주시면 감사하겠습니다,0,2025-10-12
fOF1fExGwYk,UgwfkcQ2Cqr1gMraZU54AaABAg,@살림하는요리초보,제가 요리 초보인데 맛나보여서 해보려는데 집에 부침가루?만있는데 부침가루로해도될까요? 아니면 무조건 위에나온 가루로 해야할까요?,0,2025-09-01
fOF1fExGwYk,UgyOMrEN83MvwQC-7G54AaABAg,@치와와-f4u,오븐에는 얼마나 구워요?,0,2025-07-18
fOF1fExGwYk,Ugxj4YYQCg5ZDX7joIV4AaABAg,@bohboh-a,맛있어요,1,2026-04-26
fOF1fExGwYk,UgwczqSZpiq7yvlqb_N4AaABAg,@songja.C,간장이랑 설탕 추가시에는 1T씩 하면 될까용?!,0,2025-07-28
fOF1fExGwYk,UgyPX0LvtMhOeXneoHR4AaABAg,@dss9091,에프 없고 오븐만 있는데 오븐으로 해봐야지,0,2026-04-07
fOF1fExGwYk,UgzyTvLZWKB_xKiP0mx4AaABAg,@둥굴레둥굴레-l7c,흑시 에프 또 공구계획있으신가요~~~?,1,2026-03-26
fOF1fExGwYk,UgzCdKO50_QuViWLJrt4AaABAg,@QAWBB,압력솥에 한번찌면 뼈가 쏙쏙,0,2026-02-05
fOF1fExGwYk,UgyVpBw1Vj6z2ATPl0h4AaABAg,@혜-f9i,"전분을 넣는 이유가 뭔가용 ? 
꼭 넣어야할까용",5,2025-07-15
fOF1fExGwYk,Ugy9zA00Z3-QXRZQz614AaABAg,@윤욘-k6z,올리브오일은 없도 아보카도 오일이 있눈데 이걸로 대체해도 될까요?,2,2025-09-06
fOF1fExGwYk,UgwMf60Ua3exIp4ZcM94AaABAg,@sohansome1,슬쩍 한반 끓여서 굽는게 맛이 깔끔함.   안끓이고 굽으면 많이 텁텁하고 느끼함.,1,2026-03-16
fOF1fExGwYk,Ugx9p4RgVeCtCl9w1od4AaABAg,@snowy7461,트레이 청소는 어떻게 하시나요?,3,2025-06-19
fOF1fExGwYk,Ugx8eGMxTtRsYpo1sJx4AaABAg,@워어어-s7p,핏물 뺏는데도 자꾸 나와서 데쳤는데도 왜케 핏물이 계속 나오는지 ㅠㅠ 일단 맛난 양념장 참고해서 버무려놨어요~~!! 이따 저녁에 먹을거라 기대되요 ❤햄버거보다 맛있을거같아요 진짜 ㅋㅋ,4,2025-10-13
fOF1fExGwYk,Ugx-YJQv-5h1UjhthoV4AaABAg,@jwon_happy,종이호일 위에 놓고 구워도 될까요?,2,2025-07-24
fOF1fExGwYk,Ugy3XO4Zuns_sWfY_Lh4AaABAg,@gomgom5187,"맛있게
잘먹었어요 ! 😊",1,2025-06-18
fOF1fExGwYk,Ugyl4zZflKmHCT_5QLp4AaABAg,@루이오구,"앗!!쿠진아트랑 고민하다가 어제 5분 남겨놓고 주문하다가 농@카드 점검뜨고 끝내 12시되어 결제 실패했어요😅😂
구입할방법이 없겠죠ㅠㅠ",1,2025-06-23
fOF1fExGwYk,UgzeevOa0DrysbsLlGR4AaABAg,@하루샤냥,"양념 해도 맛있지만
그냥 에프에 구워도
소금 후추만 찍어먹음
넘 맛나지요~~
한동안은 치킨 안먹고
등갈비만 구워먹었답니다~♡",4,2025-06-23
fOF1fExGwYk,Ugz12FOYW0P9a4S75GV4AaABAg,@연화009,타피오카 전분도 괜찮을까요...ㅠ,0,2025-12-10
fOF1fExGwYk,Ugz2SFTVPzaP8PJ_cWt4AaABAg,@songja.C,아 그리고 생강청 대신 다진생강은 안되는거죵?,1,2025-07-28
fOF1fExGwYk,UgwilYaJYsxAp0KUq494AaABAg,@okia52su,우와,1,2025-06-20
fOF1fExGwYk,Ugz_iyB_PW0XG7m3dQJ4AaABAg,@늘푸른-p9m,오픈도 가능할까요? 에프가 없어요ㅜㅜ,0,2025-06-19
fOF1fExGwYk,UgxtKOp-llKJ6H8Joi14AaABAg,@그래구래-b8x,생강청 없어요ㅜㅜ,0,2025-06-19
fOF1fExGwYk,UgyXglU9NHlfCKeVOMl4AaABAg,@소소-o4q2z,"에어프라이 어디로,",0,2025-07-02
fOF1fExGwYk,UgxQwjciivr32dDdItl4AaABAg,@harunaharu855,"스텐밧드와 스톈망이 없는데  스텐채반에
그냥해도 될까요? 영상감사합니다",2,2025-06-20
fOF1fExGwYk,Ugx-PG0QWczk1pRAuy94AaABAg,@Ella81st,오늘 저녁 해 먹었는데 맛있었어요. 가끔 해 먹을 것 같습니다 좋은 레시피 감사해요❤,2,2025-11-06
fOF1fExGwYk,UgxpzIUIeQjyaWiC5UV4AaABAg,@gzmyt,"저는 절단된거 사는데..
통으로 사시는 이유가 있나요?",1,2025-12-15
fOF1fExGwYk,Ugx_LJPmJzKqW8p0CDd4AaABAg,@evebpn,오븐 어디꺼에요?,1,2025-06-20
fOF1fExGwYk,UgwGIy8LqUYpBtDEe7B4AaABAg,@조미란-h2l,❤,0,2025-07-10
fOF1fExGwYk,UgzEbgg1kg2o7ImnYAd4AaABAg,@holiccar774,근막제거 안하나요?,0,2025-07-02
fOF1fExGwYk,UgyypiYXc6b38Imu_zF4AaABAg,@VioliusSon,우리집꺼랑 같네,1,2025-09-14
fOF1fExGwYk,Ugy2F8gSCx1gv8GHSXF4AaABAg,@seize_the_days,"에프에 하면 모든 음식에 에프 특유의 냄새가..
나만 그런가요?",0,2025-06-23
fOF1fExGwYk,UgzvFiGCpwccHW40gJJ4AaABAg,@sarahlee3534,"따라만들었는데 너무 맛있네요~좀더 단걸 좋아해서 설탕 한스푼 넣었어요.
양은 1.5키로해서 양념은 모두 두배씩 넣었어요. 
급하게 해먹었는데, 여유있게 버물여서 양념이 흡수되게 해서 먹으면 더 맛있을것같아요.
담에 또 다시 도전해볼께요^^",3,2025-06-29
fOF1fExGwYk,UgymPtzAdMRWMisMc0R4AaABAg,@chloepark6678,튀김가루 대신 부침가루는 안되나요?,0,2025-06-22
fOF1fExGwYk,UgxGY5m4EifIm7SQ3nd4AaABAg,@hyunpark2104,요리법도 좋지만 에어프라이기가 어디건지 알고 싶어요,0,2025-07-16
fOF1fExGwYk,UgyBaJTVZ0pyty2mhGp4AaABAg,@엄은화-n1h,에프 어디제품인가요?,1,2025-06-23
fOF1fExGwYk,Ugxm-pxPd_9TluPWm014AaABAg,@으리우리,에어프라이어 어디껀가요?,1,2025-06-20
fOF1fExGwYk,Ugzi0O0wo1XvAN7JFGd4AaABAg,@미누아리,에프궁금합닏.모델명 알려주세요.,0,2026-01-19
fOF1fExGwYk,UgxqSTIxgSNg98jPwDB4AaABAg,@코딩다랑어,레시피 이게 맞나요? 다진마늘 3T에 액체가 6T 들어가는데 저 질감이 나오나요? 간장 2T면 저 색깔이 안 나올거 같은데요...,1,2025-07-27
fOF1fExGwYk,Ugz5EYkCtxZKoyPzeH94AaABAg,@josephshin5017,설탕 넣지 않아도 맛 좋습니다!!,0,2025-06-30
fOF1fExGwYk,Ugxwgdq2-SdW41h1hB54AaABAg,@루타멍,에어프라이어 몇리터 인가요 ~~??,1,2025-06-19
fOF1fExGwYk,UgyFd5WfAtNv04trQtl4AaABAg,@리브-f4b7p,에프 브랜드 알려주세요,1,2025-06-22
fOF1fExGwYk,Ugx2mk1n33QfcOhc1Ot4AaABAg,@jasperjung1225,에프가 없다,4,2026-01-11
fOF1fExGwYk,UgyQRkTu5sXbwmHxxSx4AaABAg,@yumwoo2772,매실청이 없으면 어떤걸로 대체해야할까요?😢,1,2026-02-08
fOF1fExGwYk,UgzzpPDooqI4lR_Dq154AaABAg,@salomon-h,혹시 생강청 대신 무얼 넣으면 좋을까요~?,1,2026-01-20
fOF1fExGwYk,UgxY38JrFQggOR67UXl4AaABAg,@sunmilee4375,압력밥솥에 안해도 뼈에서 고기 잘 떨어지나요?,3,2025-06-20
fOF1fExGwYk,UgybTYjCGTLT80fEqLR4AaABAg,@유당-s5d,트레이정보좀요ㅠㅠ,0,2026-04-14
fOF1fExGwYk,UgzRcECS9CtvbEy2Sch4AaABAg,@ok-of9dg,막은 벗기고 칼집을 넣어주세요,0,2026-01-18
fOF1fExGwYk,UgxHXdJJR2xEnCfOgC54AaABAg,@yonjun27,저만큼은 한번에 다 드시나요? 아니면 어떻게 보관했다 다시 드시는지 궁금해요 또 보관기간은 어느정도까지 괜찮을까요?,2,2025-06-25
fOF1fExGwYk,Ugz6JbowkhB0Vb-FXyh4AaABAg,@christykim146,소갈비 인가요?,1,2025-06-24
fOF1fExGwYk,UgxVlOTJbeP2aiRakX54AaABAg,@TheSundknahs,에프가 없군요,0,2025-10-06
fOF1fExGwYk,UgzW8jfsKS1ka8mCa4F4AaABAg,@theoneelec,튀김가루가 들어가는군요,0,2026-03-13
fOF1fExGwYk,UgxhLM3EK62AKIdoF5l4AaABAg,@이경희-k3y5z,다 탄거 아니오?,0,2026-05-15
fOF1fExGwYk,Ugya7c_8i8jR2XRnTON4AaABAg,@sxs1103,너무 맛있어요 진한 감칠맛에 은은한 양념맛으로 고기맛과 향을 오히려 살려줌 참고로 저는 예열한 오븐에 15분 20분 돌렸어요,2,2025-09-07
fOF1fExGwYk,UgzqEuxNOKRiv4owjPd4AaABAg,@nikkyjung2758,에프에요 오븐이에요,0,2025-11-30
fOF1fExGwYk,UgxZBZ-4s-8snbNTbDZ4AaABAg,@별리-r3t,햄버거보다 비싸지,0,2025-06-20
fOF1fExGwYk,UgzDYfW8HpRuxRegNIN4AaABAg,@koeunroh5645,에프 어디껀가요 ?,0,2026-05-28
fOF1fExGwYk,UgxryVFEwU1FiSSW5tN4AaABAg,@gammom-c5s,에프 모델명 알수있을까요?,0,2026-05-10
fOF1fExGwYk,Ugykq95bk1kK1kmkWXh4AaABAg,@joker-sq3zy,질기지는 않나요?,0,2025-09-02
fOF1fExGwYk,Ugy0CprIAUIhR87rMNF4AaABAg,@제이미-o2f,아 생각보다는 그냥 맛이 밍밍 쏘쏘하네요..🤣,1,2025-07-04
fOF1fExGwYk,Ugy-EDYDO4ktAxQ0Cid4AaABAg,@정보라미,"채반,밧드 제품명 알려주세요~~~*^^*",0,2025-06-24
fOF1fExGwYk,UgwHPFtg-h261UZwPsR4AaABAg,@golf_realfield,설탕 넣고 핏물 빼면 오히려 핏물 안나올텐데요?,0,2026-01-12
fOF1fExGwYk,UgxlclDXNfbIqZxE1Rh4AaABAg,@na-3131,안질긴가요?,0,2025-06-25
fOF1fExGwYk,UgxY6ihPjYzqWG-QEHJ4AaABAg,@칸츄리혜올희,다진마늘3T 간장2T 맛술1T 생강청1T 매실액1T 참치액1T+(간장1T+ 굴소스1T),0,2026-05-22
fOF1fExGwYk,UgzdxDSHwmT8wwbJCT14AaABAg,@한승연-q9n,청소는 어떻게 하나요??,10,2025-06-24
fOF1fExGwYk,Ugz88g5Bdu9ovTalU9t4AaABAg,@yunheeko651,브레빌 오븐 쓰는데 160도에서 15분 뒤집어서 13분..절대 안익음...,14,2025-10-13
fOF1fExGwYk,Ugwas51_-NZoJNXWw414AaABAg,@신나-p9n,후라이팬에 구워도되나요? 에프없는딩ㅜㅜ,0,2025-08-28
fOF1fExGwYk,UgwLKndjxCLI_P8-Lxt4AaABAg,@이금옥-g2g,매실액이.없어요 ㅠ,0,2026-05-08
fOF1fExGwYk,Ugzp7fZJRgBPaAN7O6J4AaABAg,@예율-o5o,😅,0,2026-02-20
fOF1fExGwYk,UgxIk5eWl-m4iH11EQ94AaABAg,@다비치-q9d2t,에어프라이어 브랜드 정보좀 주세요,1,2025-06-26
fOF1fExGwYk,Ugy4r3nEnb_earr1T8d4AaABAg,@다윤이의행복한세상,근막제거는 안하시나요? 다들하라고 하는데 저는 근막제거 하니까 너무 수분이 다 날라가는 것 같아서 하는게 좋은 건가 고민 되더라구요,0,2025-10-26
fOF1fExGwYk,Ugw0COpjL7PNB-c10JJ4AaABAg,@yoshikshin5697,요리하고 식은건 다시재사용 되나요,0,2025-10-26
fOF1fExGwYk,UgwVzSnf-OLP2BbRg3d4AaABAg,@hemto4875,등갈,0,2026-04-11
fOF1fExGwYk,UgxfSL6Pj7be-tBhNXp4AaABAg,@베지밀-l2r,에어프라이기가 새거가.. 한번도 안쓴거마냥 깨끗하네,0,2026-03-14
fOF1fExGwYk,UgyHR8zNdT14rmL--8N4AaABAg,@Zenith-Fisher,키친타울 음식에 사용하지 마세요.  Chemical 이 너무 많아요.,0,2025-07-07
fOF1fExGwYk,Ugwq0f5BqsjBEJ-_yR14AaABAg,@현숙경-t2v,너무 질긴데요,0,2025-11-22
xBGKpIbPtIQ,UgxHYHIq7XqaaXpFYhp4AaABAg,@애플민트-q1j,혹시 전면부 작동시 조명이 오른쪽만 들어오는거 같은데 전면부가 다 보여야 하는거 아닌지.. 불량인지 정보가 너무 없어서 여쭤봅니다 ㅠㅠ,0,2024-08-01
LJd1ToNbud0,UgyK89gMiAV8XsSqvJt4AaABAg,@kyoungmik,"✅근사한 홈파티 요리 간단한 로스트치킨 레시피

주말 잘 보내셨나요~ 😊
저는 주말에 한껏 먹었떠니 몸이 몸이..ㅋㅋㅋ
연말엔 좀 먹어도 되는 거죠? ^^🤣

주말에 만들어 먹었던 로스트치킨 레시피 준비했어요~ 😋
연말에 꼭 한 번씩 만들어 먹는 오븐 통닭구이에요^^
제가 연말마다 만드니깐 아이들도 익숙해져서 
이 맘때 되면 먹고싶다고 말하더라고요~ 😁
그래서 후다닥 만들어 봤지요^^

곁들이는 가니쉬는 좋아하는 걸로
집에 있는 걸로 준비해 주시면 되고요

닭만 손질해서 버터마늘소스 잘 발라주면 
어렵지 않게 만들 수 있는 통닭구이랍니다~ 
만드는 거에 비해 비주얼이 좋아서 연말 손님초대 음식으로 진짜 좋아요👍

겉은 바삭하고 속은 촉촉해서 맛도 좋고요
소금, 후추 넉넉하게 뿌려서 간해주면 소스 없이도 맛있고요🥰
좀 부족하게 뿌렸다면 스위트 칠리소스나 허니머스터드 찍어 먹으면 맛있답니다^^

📌로스트치킨 레시피

(재료)
생닭 1kg, 소금, 후추
(소스)무염버터 50g, 마늘가루 2, 올리브오일 2, 레몬즙 1, 로즈마리
방울토마토 8개, 마늘 한 줌, 감자 1개, 양파 1개

​1. 닭은 냄새는 꽁지, 닭날개 끝, 내장 찌거기등 손질해주시고요
깨끗하게 씻어준 뒤 물기를 제거해주세요
소금, 후추 넉넉하게 뿌려 밑간을 한 뒤 냉장고에 30분 재워둡니다

2. 그 사이 소스 만들어 주세요 버터는 전자레인지로 30초 정도 녹여서 걸쭉한 상태로 만들어주고 분량의 재료 넣어서 섞어주시면 됩니다

3. 그리고 닭의 앞뒤로 꼼꼼하게 발라주고 껍질 사이로도 최대한 발라주세요 

4. 예열한 오븐에 190도로 20분 뼈가 위로 오로록 올려서 구워줍니다

5. 그 사이 같이 먹을 가니쉬 준비해주시고요
양파 감자는 1센치 정도 두께로 썰어준 뒤
소금, 후추 뿌리고 올리브오일 발라주세요

6. 20분 구운 닭은 뒤집어 주고 가니쉬 야채도 넣어준 뒤
180도로 30분 구워주시면 끝

❗️닭의 크기에 따라.. 오븐 세기에 따라 자칫 탈 수 있으니
중간중간 확인해주세요~ 
보통 1키로면 50분-1시간 구워주면 다 익더라고요^^
마늘가루 없으면 다진마늘로 하시면 됩니다😘",16,2024-12-09
LJd1ToNbud0,UgyRGuduW3Lf3ysMXlZ4AaABAg,@jinnyk3539,감사합니다 간단하고 좋네요 ㅎㅎ,3,2025-04-04
LJd1ToNbud0,Ugzny5lOSRSf9Xz9FpN4AaABAg,@아랑이아빠,"저도 내일 해보려구해요
너무 맛있어보여요!!
좋은 레시피 감사합니다
설명도 너무 간단하구 좋은거같아요",1,2024-12-16
LJd1ToNbud0,UgzSwAU_sdu2uRfjBXt4AaABAg,@시원-b5x,이레시피 진짜 맛있어요! 버터향도 느껴지면서 촉촉하고 바삭한게 진짜 쫀맛,2,2025-08-11
LJd1ToNbud0,Ugwnn96d5s_qJm5N5GZ4AaABAg,@블로로,"와, 맛있겠다.
심지어 염지 등 번거로운 과정 없이 뚝딱 가능하고, 치킨처럼 튀김옷이 없어서 건강할 것 같고
올리브 오일 추가하면 버터와 함께 굉장히 버터리 하면서 고소하겠네요.
잘 봤습니다.",6,2025-06-09
LJd1ToNbud0,UgzWNEOCekHMo13BBwd4AaABAg,@ssmikyful,버터는 나중에 발라야지 처음부터 버터로 구우면 닭 타요. 버터 비등점이 낮아요,0,2026-03-26
LJd1ToNbud0,UgydJZ3QZ5c1iguiHEB4AaABAg,@김현정-y9g,에어프라이기로 해도 될까요???ㅠㅠ,1,2025-12-23
LJd1ToNbud0,UgwTjmit2KZqaVqRj1h4AaABAg,@화이팅-j8u6s,에프에 해도되나염??,1,2025-12-03
LJd1ToNbud0,Ugwix5pwCTW723qNdSt4AaABAg,@pwj6054,소금뿌리고 무염버터 넣는건 ㅎ,1,2025-10-21
LJd1ToNbud0,UgyAEjDdh5S8_lxFNr94AaABAg,@k33n76,추천은 하는데 칼질하는법을 좀 배우셔야 겠어요 무서워서 못보겠음 ^^;,5,2024-12-13
LJd1ToNbud0,UgwdhUFzJSd_qIFF_K54AaABAg,@사랑빈-f5i,허브가 없는데 맛차이가 많이 나나요,0,2025-08-19
LJd1ToNbud0,UgwJv-rWas7gNJYesGR4AaABAg,@안현빈-j1t,어우 안익었네,0,2025-05-09
LJd1ToNbud0,UgwWuH2Fmxr3bDhC9Ip4AaABAg,@나또쏠라,종이호일 깔고 오븐 돌리면 종이호일이 타지 않나요??,0,2025-07-22
LJd1ToNbud0,UgyiItfjEBb_qZeaun54AaABAg,@윤당나귀,닭이랑 버터는상극,0,2025-08-19
LJd1ToNbud0,UgwZH555aAUjV0jdqGV4AaABAg,@ttangkim9399,왜 오븐 구이에는 종이 호일을 쓰지?? 차라리 알루미늄 호일이 낫지 않음?? 종이 호일은 플라스틱 덩어린데 죄다 그걸 쓰네??,0,2025-11-15
9Xtf995d2mk,UgyAKEQZyKOSnDW4w7V4AaABAg,@너오늘일단맞자,ㅡㅡ,0,2026-04-15
2CQzQt9I7fI,UgzSZGEVhrqwML-xdBh4AaABAg,@고니_TV,"🦌영상 속 제품 구매링크

쿠팡에서 필요한 것 구매하면 쿠팡으로부터 일정액의 수수료를 고니TV채널이 제공 받아
내돈내산 리뷰 운영에 도움이 됩니다.

✔LG 오브제 컬렉션 광파오븐 구매하기 (컬러선택 가능)
https://link.coupang.com/a/bt8jmF

✔ 아무거나 구매하기-https://coupa.ng/b7A8Ym
✔ 위의 링크를 통해 제품을 구매하면 고니에게 소정의 수수료가 지급됩니다",9,2024-03-14
2CQzQt9I7fI,Ugz98omk6g8pWggtL_x4AaABAg,@redapple01067,청소도 편하고 베이킹이랑 요리도 가능해서 전 잘쓰고 있는데요...,22,2024-05-02
2CQzQt9I7fI,Ugyuc466Yyxkq_PjZ4B4AaABAg,@취미고수,"저도 있지만 제과제빵에는 정말 많이 미흡하더라구요. 그래서 많이 아쉬웠어요.
초보용. 그냥 게초적인거 만들기엔 부족함 없어보여요. 까다로운것 아랫불이 필요한것 등이 아쉬워요. 아랫쪽에 불이 들어오면 좋겠다싶지만 기술적인 문제인지 모르겠지만요😅",11,2024-10-22
2CQzQt9I7fI,UgyaSIityNNeaDJgX_B4AaABAg,@rando981,딱 전자레인지 고장나서 보고 있는데 댓글보고 안사기로 결정!,2,2026-01-12
2CQzQt9I7fI,UgxTeiWHTuIiRl5ewi94AaABAg,@wasani72,진정성 느껴져서 믿음이 갑니다,15,2024-10-15
2CQzQt9I7fI,UgzOc01EoQxISbgtmIh4AaABAg,@moon_marimari,"저는 모든 기능 다 잘 쓰고 있어요! 그런데 에어프라잉 기능이랑 오븐이랑 따로 구분이 안되어 있는건 불편하긴해요 ㅎㅎ 저는 오븐 요리, 베이킹 너무 잘 쓰고 있습니다. 집이 좁은 사람한테는 이렇게 하나에 있는게 훨씬 좋은 것 같아요 ㅎㅎ",2,2024-12-21
2CQzQt9I7fI,Ugz26W8TmvbzPuanxQF4AaABAg,@김동현-x1c4s,"지난주 배송받아 디오스 광파오븐 설치했는데
오븐을 해도 구를 해도 위에 열선에 빨갛게 가열이 안되고 오븐도 광파램프가 빨갛게 안나오고 상단 우측 조금한 흰색 led만 하나 켜져 있어요, 불량인거죠?
오븐 구이 에어플라이어 뭘해도 뒤에서 열풍난 나와서 온도를 올려주는것 같아요,
서비스 기사님한테도 열풍만 나오면 에어플라이어 쓰지 광파오븐을 왜쓰냐고 했는데,
원래 빨간불이 안들어오는게 맞을까요?
오븐이랑 구이설정하고 자세히 보니깐 
위에 광파 램프랑 열선이 1.5초 정도 빨개지다가 틱하고 꺼지고 열풍만 나오던데 불량이 아닌건가요?",4,2025-01-22
2CQzQt9I7fI,Ugy4MM9Vd1XuAW0vD3p4AaABAg,@김용선-w4f,"깔끔리뷰 감사합니다!
많은 도움이 됐습니다
구매하러 가야겠네요 ㅎㅎ",2,2024-09-09
2CQzQt9I7fI,UgxoK1KFhJgPA6Y4JWl4AaABAg,@햄찌-f4y,ㅋㅋㅋㅋㅋㅋㅋㅋ 영상 감사합니다!!! 자취예정인,2,2024-06-05
2CQzQt9I7fI,UgxLGOCQFQlqVgZYlgR4AaABAg,@조이럽-v7q,감사삽니다~~살까말까 고민 중이었는데 도움 많이 되었어요.,5,2025-01-05
2CQzQt9I7fI,UgzSdsSv1xN90aF174F4AaABAg,@xhxjsjjxkskaka,그릴이 낮은거 높은거 두개던데 언제 사용해야하는지 혹시 아시나요?,1,2024-11-26
2CQzQt9I7fI,UgwHP4L0TD7XDMa_LKt4AaABAg,@짱버니-f8g,저도같은제품 ㅠ 전 완젼별로요 전자렌지기능도 일반전자렌지가 사용하기편하고 에프기능도 일반 에프가 더 잘되요 ㅠㅠ자리만차지하고 내가 이돈주고왜샀는지 ㅡㅡ방출하려합니다,36,2024-06-10
2CQzQt9I7fI,Ugzb2lmSQH0a1WpQvMV4AaABAg,@2020-l9k,굳정보 감사합니다 ~~,1,2025-10-08
2CQzQt9I7fI,Ugz3V09_xcV4xII5xOZ4AaABAg,@wow7019,어... 복합오븐으로 맘 정하고 삼성이냐 엘지냐 계산중인데... 그냥 다 포기해야되나... 😅,3,2024-12-30
2CQzQt9I7fI,UgwDpUo8SLjI1pPtRmR4AaABAg,@whatilove6720,와 진짜 본 리뷰 중에 가장 솔직하고 제일 도움이 많이 되었어요! 감사합니다 😊,21,2024-04-22
2CQzQt9I7fI,UgysOBVSwpJZyNGm6Pl4AaABAg,@꾸녀기-p7u,에어프라이어 온도조절 휴대폰으로도 할수없나요??,0,2025-01-10
2CQzQt9I7fI,UgxLWmgmaW0jGHipHsB4AaABAg,@아무개-t4o,삼성 vs 엘지 비교하면 삼성제품을 더 추천하는 편인가요?,3,2025-06-25
2CQzQt9I7fI,UgyZSettLNnwpVtjAuF4AaABAg,@김기현-y9c2h,"😊    후라이팬에  굽는 생선보다  맛있을줄  알았는데.
ㅠ  실망이네요",4,2024-07-16
2CQzQt9I7fI,UgyBJXg7VGUWSQjY5114AaABAg,@루카스-j2c,조아요~~,0,2025-10-21
2CQzQt9I7fI,UgysIVvWyCf9uHjEY2R4AaABAg,@Sjuyui6wc.wywqzjgtpqmaksyshssu,일찍 달려왔죠,6,2024-03-14
2CQzQt9I7fI,Ugwr49BW5sOTZ-w9aO54AaABAg,@하품하는자-l1d,"2주간 사용해 본 결과 냄새, 공간의 장점을 제외하면 비추천. 청소 할게 너무~~ 많음.",15,2024-04-25
2CQzQt9I7fI,UgxnA5TT88jHPuI7eoB4AaABAg,@jihoon73291,빌트인 오븐 구매는 어디서 하나요?,1,2025-03-12
2CQzQt9I7fI,Ugy1rNaNl68LA1WWIVV4AaABAg,@johnnyknoxville8272,와우 상세한 리뷰 감사해요 고니님!,4,2024-03-21
2CQzQt9I7fI,UgxU0j7xKJFuCfV01ld4AaABAg,@폭풍간지남-t3q,"안녕하세요 오브제오븐, 빌트인오븐 고민중인데 (광파오븐, 에프기능,스팀기능은 둘 다 있을시)
빌트인 모델과 빌트인 아닌 오브제모델과 큰 차이가있나요??",0,2025-05-11
2CQzQt9I7fI,UgwcZfft1hBEm_izoEl4AaABAg,@user_73251,결국 스팀기능만 쓸만한제품이군요,0,2024-08-03
2CQzQt9I7fI,Ugyiumfch_fLj91cOKZ4AaABAg,@하이하이-i5m,이거보고 그냥 전자레인지로 바꾸기로 결정했습니다,7,2025-05-01
2CQzQt9I7fI,Ugw6ruzmrKPJ45CISyJ4AaABAg,@박첼리-l1j,우리집 있는데 안 좋아요.😢,0,2025-12-09
2CQzQt9I7fI,UgyjPbMcP7pngcPOE3d4AaABAg,@kse9242no1,돈 아까운 오븐..하..ㅜㅜ,0,2025-11-21
2CQzQt9I7fI,UgwpcRWMXyOWR6kAa0V4AaABAg,@태경이-e7g,"에어프라이어 기능은 어떤가요? 그냥 냉동 치킨, 만두, 붕어빵 같은거 전자레인지로 돌릴때와 다르게 바삭하게만 되면 저는 만족할 것 같은데...",1,2025-12-10
2CQzQt9I7fI,UgxCrD9dsZXNWrD98PB4AaABAg,@hyangjinchu9388,"잘생긴형, 근데 광파오븐하고 에어프라이어랑 차이가 뭐야?",0,2025-01-07
2CQzQt9I7fI,Ugxu2ALxHtTU3s_s2aV4AaABAg,@고구마무스피자,도움이 많이 되었습니다 감사합니다,1,2024-10-22
2CQzQt9I7fI,UgwX2ZfZdh0-jX0xxyh4AaABAg,@lovingroma5450,"아.. 한 삼년 그러려니 하고 쓰다가 렌지 고장나서 a/s 불렀는데 기사님 오는데만 삼일 걸리고 부품없다고 또 5일 후에 온다는데.. 심지어 센서값이 127,000
거기다 출장비 27,000(이건 센서값에 포함되는건데 첨 오신 기사분이 잘못 알려주심) 127,000주고 수리~
이돈을 주고 맘에도 안드는걸 쓰는게 맞나 고민중..
그릴 오븐 에프 다 되는데 렌지 센서만 고장난건지.. 그렇다면 무슨 렌지 센서가 그값이 나가나 싶고.. 좀 더 알아보고 살걸.. 후회가 사무친다 ㅠㅠ",1,2025-10-31
2CQzQt9I7fI,UgyCscB8OkODKhf60C54AaABAg,@냥냥츄,"전자레인지로 계란찜도 못만들어먹습니다.. 당근판매한지 오래.. 진짜 개최악 ㅋㅋㅋㅋㅋㅋ 전자레인지, 오븐, 에프 하나의 기능도 제대로 못하는 이도저도아닌 애물단지",3,2025-12-17
2CQzQt9I7fI,UgyjaiNPTdJYZrbHxs94AaABAg,@김민-b4b,삼성엘지좋은점 녹이나 부식이거의안남 잠깐쓸물건은 중국산 6개월지나보면  부식과 페인트 벗겨짐 오랫동안쓸거면 국산최고,0,2026-02-12
2CQzQt9I7fI,UgwX8ENInPwDbcag8t14AaABAg,@LUNA-to9hq,이번에 새로출시된 제품 구입하려다 보게 되었습니다. 그래도 현시점 가장 좋은 스펙의 복합오븐이 아닐까 싶어요. 주방공간은 한정적이고  이거저거 두다 보면 조리공간이 부족해져서ㅎㅎ 전자렌지 오븐 에어프라이어 다 두려면 집늘려 이사 가야 하는데 그러려면 몇억은 더 있어야 하니 그냥 몇십 더 투자해서 새로나온 제품 사야겠어요ㅋㅋㅋ,16,2024-05-01
2CQzQt9I7fI,Ugw9P5wd6QBOwConKId4AaABAg,@Daldal-ing,"오브제컬렉션 말고 디오스로 나온 광파오븐 거의 비슷한 사이즈에(조리실 크기는 동일) 
거의 스펙도 비슷하고 기능도 거의 동일함. 
하지만 가격은 20만원 차이남 ㅋㅋ 오브제 디자인값 20만원... 디자인 중요하지 않으면 그냥 디오스 광파오븐 사세여.
똑같이 lg같은브랜드인데 오브제 이름값으로 20만원 차이는 좀.. 그러면 성능이라도 더 월등히 좋던지.. 디자인만 좋은건데",2,2025-02-21
2CQzQt9I7fI,UgzrteXgWlJc-ldVs0F4AaABAg,@poojggnu7,"난 내가 설명서대로 작동을 안시킨줄전자렌지 빼고 제대로 작동하는게 없고, 오븐이랑 에어프라이 절대 안됨
바삭하게 안됨",0,2026-04-10
2CQzQt9I7fI,UgyADnAEjSrE8awEKqJ4AaABAg,@똥강아지w,저도 같은 제품 쓰는데 열받아서 왔어요 ㅋㅋㅋ 정말 오븐 드럽게 맛없게 조리 되고 에어프라이? 이건 진짜 떡이 된다해야하나? 장난 아니게 욕나오게 맛없어요. 따로다로 사용하는게 훨씬 음식이 맛있어요. 그리고 전자렌지도 뭔가 한 쪽만 강하고 오른 쪽은 약하게 나와서 골고루 안 데워지고 맛도 약간 떨어지게 데워집니다. 아으… 진짜 돈 날렸어요. 진짜 사지 마세요. 이게 만약 환불이 된다면 1빠로 달려가서 환불 받고 싶을 정도에요 ㅋㅋ,146,2024-10-18
2CQzQt9I7fI,Ugxi1w8gHsHCCl6E5n14AaABAg,@_likeafine,요새 혼수가전 리뷰가 많아지는것이 신혼이 맞으시네요.. 부럽삼다,6,2024-03-14
2CQzQt9I7fI,UgzAa0NxlbtieMqyo6t4AaABAg,@bluejet5792,하단열선 없는건 생각보다 큽니다.. 특히 무조건 고온이여야하는 피자라던가 높이가 어느 정도 되는 베이킹들은 속이 안익어요 뭔짓을해도... 커스터드푸딩도 속이 안익습니다..(양을 적게하면 다 가능한데 그럴거면 걍 사먹는게..),17,2024-07-27
2CQzQt9I7fI,UgyMzezfOfvHvljMV3l4AaABAg,@kim_1935,"저는 10년째 쓰고 있는데 전문 베이킹 하고 요리
엄청 고수처럼 잘하는
사람 빼고 그냥 편리하게ㅜ부피 안차지 하게 쓰는데는
나쁘지
않아여",2,2025-02-08
2CQzQt9I7fI,UgxRfBNmfC6MmgCHrap4AaABAg,@런이-u8j,이거 말고 최신꺼쓰는데 전 잘쓰는중 전자레인지 에어후라이 오븐 건조기 대용으로 왜 진작안샀나 하는중인데 제빵은안함,2,2025-03-28
2CQzQt9I7fI,UgzQkPw_Bx7tG48YL_t4AaABAg,@드리머제이,이거 신제품은 링크없나요?,0,2025-11-15
2CQzQt9I7fI,UgyVRTC5T2qlo-YyogB4AaABAg,@lajollasdca,그냥 전자레인지하나만 사자,1,2026-05-16
2CQzQt9I7fI,UgxrUdr9FbEsjQThNlF4AaABAg,@kks-we6ob,"엘지 오븐 엄청 잘써고 있어요 
야 없으면 안됩니다  엄청 많이 써도 전기세도 별안나오고   에어컨이랑 같이 허도 차단기도 안내려옵니다   조아요 좋아요 
완전 좋아요",3,2024-09-01
2CQzQt9I7fI,UgxX2dMoTUNvhY1cJr54AaABAg,@roselocke5142,예쁘고 좋은데 ... 맛 없게 해준다니 쯧,0,2025-06-22
2CQzQt9I7fI,UgxS3-N8oGaBdMEwtvF4AaABAg,@ajingom,저도 작년에 샀는데 에어프라이어 온도 조절이 안되는건 대체 왜 안되게 해둔건지 이해를 못하겠더라고요. 기능이 없는게 아닌데 왜 막아둔건지..,12,2024-09-27
2CQzQt9I7fI,Ugzr7kfqGl1i2EdL9KZ4AaABAg,@1091-w7x,"5:47
5:54 대충먹는사람임다
10:09 아파요",13,2024-03-14
2CQzQt9I7fI,Ugy5S7S3-mxLcIK7O5p4AaABAg,@gnm0413,08:41 15호 닭 로스트 치킨 폼 미쳤다!🎉,19,2024-03-14
2CQzQt9I7fI,Ugw0aA6jy_k451rcoPR4AaABAg,@빵야-t8f,오븐 중간에 온도조절하는게 아무리봐도없던데 어떻데 하는지아세요,0,2025-10-13
2CQzQt9I7fI,UgwjBe_arL9rnqmXpel4AaABAg,@물음표버섯,"진짜 최악^^,, 특히 전자렌지기능 한쪽만 데워지거나  음식이 말라비틀어짐 ㅎㅎ,,,",8,2025-06-29
2CQzQt9I7fI,UgxBnxdYZrTV-PcafQx4AaABAg,@woncheolcho7939,형님 샤오미 s3 리뷰 가능할까요 ㅜ.ㅜ,2,2024-03-14
2CQzQt9I7fI,UgwvAC3M3Iayhl9U1Rd4AaABAg,@우왕-g4y,안녕하세요 제가 갤럭시탭s9울트라를 사용중인데 삼성노트 필기앱에서 아래로 내리는 스트롤이 작동이 안되고 스크롤을하면  필기가 되는데 혹시 어떻게 바꾸는지 아시나요?ㅠㅠ 어제까진 잘 되던데 어제 유요한 기능 만지다가 바뀐 것 같아요,1,2024-03-17
2CQzQt9I7fI,Ugx3aGgOhZTJuQ3IfWV4AaABAg,@엘르메스,엘지오브제광파오븐제품. 빌트인제품이 따로 있나요?,0,2024-03-26
2CQzQt9I7fI,Ugx2tqT5_Ph0wEYXBrt4AaABAg,@breakp1702,"저는 다른 모델이긴한데 제대로 되는게 하나도 없어요
보통 전자레인지만 쓰고 오븐으로는 군고구마 구워먹는게 다인데
군고구마가 제대로 안 되는 오븐을 상상해 본 적이 없는데
엘지광파오븐이 그 어려운걸 해 냅니다
지금까지 10년 동안 4~5가지 오븐을 써 봤지만 
군고구마라고 하는 것은 그냥 온도랑 시간만 맞춰서 돌리면 노릇노릇하게 꿀이 흘러야 되는데
180도에 100분을 돌려도 속까지 안 익고 겉은 마르고
고구마 한 박스를 버렸네요
AS 기사가 하는 말이 그렇게 높은 온도로 계속하면 오버쿡이 되죠
110도에서 30분
160도에서 30분
190도에서 30분
이렇게 돌려야 된다는거에요
어디서 기상천외한 레시피를 들고 와서
그게 메뉴얼에 있는 것도 아니고
군고구마가 무슨 고급요리라고 누가 저렇게 정성을 들여서 하며
이런 듣도보도 못한 방법으로 조리를 해야 되면 요리할 때마다 기사님한테 물어보고 해야 되나요?
그마저도 제대로 안 되네요
두번째 기사님은 물 한잔 데워보고 고장이면 물도 안 데워진다고...
아니 그럼 자동차가 굴러는가는데 에어컨 히터 와이퍼가 안 되도 정상인가요?
메뉴얼 대로 되야 정상 아닌가요?
아니면 자동조리라도 제대로 되나요?
포기하고 새로 사려구요. 엘지광파오븐 절대 사지 마세요
제 인생에서 최악의 선택이었네요",3,2025-03-05
2CQzQt9I7fI,UgxJNqukH4712CIEuHR4AaABAg,@GomsFactory,기존에 나온 광파오븐인가요? 아니면 이번에 나온 에어수비드 추가된 광파오븐인가요? 에어수비드 모델이 리뷰가 잘 없네요 궁금한데ㅜ,5,2024-04-02
2CQzQt9I7fI,UgzIrT_vPg0wwtcKrNt4AaABAg,@kks-we6ob,온도 조절되는뎅,0,2024-09-01
2CQzQt9I7fI,UgxqkHQsVzSD5cqwc7Z4AaABAg,@you2chaj,광파오븐 새로 나왔던데.. 뭐가 다를려나요,7,2024-03-22
2CQzQt9I7fI,Ugzpw5eE9yuv5Lzo_fp4AaABAg,@무적교주,삼섬 큐커랑  비교햐주세요~,21,2024-03-14
2CQzQt9I7fI,UgyxcVdZd0ir_TOWIbV4AaABAg,@zzihyoning,좋은 영상 감사합니다,0,2025-03-07
p3KER73cAOg,UgwoWlw2ou9jfJAibjl4AaABAg,@soonsoon.review,상세 및 구매 정보  : https://bit.ly/3SL3hDB,2,2024-02-18
p3KER73cAOg,Ugx032kn-KlZbs9GZgd4AaABAg,@정수연-g1w,전자레인지용 유리는 에어프라이어쓸때 안꺼내도 되는걸까요?!,1,2026-01-30
p3KER73cAOg,Ugw0A4EfWXU5tVZ-dFB4AaABAg,@muzeokju,에어프라이어 기능할때 전자레인지 판을 안 빼도 되나봅니다?...,3,2025-01-28
p3KER73cAOg,Ugz9yvbsX328XWVoUV94AaABAg,@user-gn1zx1mg1i,"제품와서 대충 둘러봤는데요 오븐은 온도와 시간 설정이 가능하지만 에어프라이어가 시간설정만 되고 온도설정이 안되네요.. 오븐보다는 에어프라이어를 더 자주 사용할거 같은데 조금 아쉬워요 ...저같은 젊은사람들은 기능 금방금방 익혀서 쓰겠지만 부모님이나 어르신들은 기능 익히기가 너무 어렵습니다..
전자레인지인데 전자레인지 기능도 그닥이고 환불이 가능하면 환불해야겠습니다",2,2025-08-07
p3KER73cAOg,UgwTN2Q_HkppVMnnz9R4AaABAg,@hyejinn_77,1위 쿠쿠 저 가격에 어떻게 살 수 있나요??,2,2024-06-04
p3KER73cAOg,UgwNroizNa6lApikFDF4AaABAg,@이은겸-y2v,"오븐안되다가 에어프라이 되다가 판도 넣으면 되다가 또 넣으면 안되다가
절대사지마세요
이걸 어떻게 쓰라고 만든건지..매뉴얼대로 절대 안됩니다..무거워서 버리지도 못하고",0,2026-01-16
p3KER73cAOg,UgyJ2Om8BEPoUy_dcj94AaABAg,@트롯과여행을,저는 1개월전에 광파오븐을 구매 사용중인데 앞유리가 파손되였요.. 유리컵에 물데울려고 컵옴기다 앞유리 코너쪽에 살짝치였는데 쉽게 거미줄 모양으로 되버렸였어요.. 어쪄죠?,0,2024-10-06
p3KER73cAOg,UgznL5x3d_3GMjvC2rN4AaABAg,@yishunjin94,전자제품,0,2025-10-04
p3KER73cAOg,UgwvmeEynHNDxk_vYgt4AaABAg,@안영주-q2q,겁나 불편함..설명서도 부실..,39,2024-07-23
p3KER73cAOg,UgwmFT0_VcRHvGwyBS54AaABAg,@하트뿅뿅-b4g,"쿠쿠 전자레인는 사지마세요. 1년은 괜찮은데 조리시간이 점점 늘어납니다. 서비스도 별로예요. 내 잘못 없이 하자 생겨도 무조건 묻지도 따지지도 않고 비용 달라합니다. 돈 더주고 엘지나 삼성사세요.
쿠쿠는 전기밥솥 빼고는 다 별로예요. 청소기, 정수기  많은 제품 써본 결과 아우 열받아. 특히 전자레이지는 다시는 안 삽니다.",1,2025-09-09
p3KER73cAOg,UgwIH4t1wUNgFUwVepd4AaABAg,@써니Z,"에프 기능 온도설정 이랑 시간 설정이 안좋군요 이제품 보다  미디어 사에  미디어 3in1 플랫 광파오븐 이제품이 좋을듯 
동영상 에 제품도 미디어  OEM 이군요...",9,2024-06-30
p3KER73cAOg,UgyHFHby44AfI3q98KF4AaABAg,@loveyourself_00,오븐기능 궁금해요!,4,2024-05-11
iz4x8dUnrrY,UgwKoIOr3p1KUdcljmB4AaABAg,@동그리-s6m,잘 보고 갑니다~!,1,2026-04-29
iz4x8dUnrrY,Ugwc0Zf0CBMur1ZaUkR4AaABAg,@정일조-j9o,광파오븐 살라고 했는데 패스 해야겠음 빵구울려고 했거든요 ㅠㅠ 영상 고마워요 ~~,0,2026-06-05
iz4x8dUnrrY,Ugx60pOZOHVq8Enf4U54AaABAg,@user-yd6lm3jg1v,"녹음은 따로하는게 맞겠네요
마이크 싼거라도 사셔서",0,2026-05-23
iz4x8dUnrrY,Ugw_BzAAGl2VxgXq8xN4AaABAg,@mago9934,솔직히 좀 아쉽긴해요,0,2026-06-05
pFlNoyCPkms,Ugw6IdHcfle4Enk7lc94AaABAg,@아정당,"[365일 24시간 상담 가능! 1833-3504]
🎁 아정당에서 쇼핑적립하고 최대 20% 포인트 받자!
https://ajd.kr/txm2k

🚀 2025년 TOP3 오븐! 최대 30만원 법으로 정해진 지원금 받고 공짜로 쓰자!
https://ajd.kr/315O8

🚀 인터넷TV 최대 48만원, 법으로 정해진 비밀 지원금 확인 하기!
https://ajd.kr/J8Lwi

🚀 아정당에선 12만원 받으면서, 요금은 반값, 데이터는 무제한으로 개통 가능!
https://ajd.kr/CrTz9

🚀 이사 중 파손 최대 1,000만원 보상! 무료 견적, 체크리스트 챙기자!  (보상 금액 및 범위는 소비자 보호원 지침에 따름)
https://ajd.kr/zAxfl

이사 중 파손 시 100% 보장은 소비자 보호원에 따라 최대 1,000만 원 보상됩니다.",20,2025-10-21
pFlNoyCPkms,Ugw88dvuCZDYTyHbf1B4AaABAg,@hitithitit,극한의 테크튜버로 진화 중인 아정당.ㄷㄷ,57,2025-10-21
pFlNoyCPkms,UgzSAToPNQ94nqwDqHF4AaABAg,@bangbangbang8884,그래서 뭘 사면 좋다는거죠........ ㅜ ㅜ 총평으로 한번더 정리해주면 좋을텐데..,12,2026-03-16
pFlNoyCPkms,UgzmvlSU6vJ0Fgjsmt14AaABAg,@추자도박부장,모드별로 비교 해주시니까 선택하는데 큰 도움될 것 같습니다. 소음 비교도 너무 좋으네요.,9,2025-10-21
pFlNoyCPkms,UgysbmnWfc67hYj2itF4AaABAg,@yjun1005,오늘도 아주 유용한 정보 주셔서 고맙습니다~,0,2025-10-21
pFlNoyCPkms,Ugz7BZJog2h4MlzHkoJ4AaABAg,@Chobabee_,오븐이나 오븐레인지 짱짱입니다 ㅎㅎ 광파 쓰고 있는데 삶이 완전 윤택해져요!!! 완전 강추!,6,2025-10-21
pFlNoyCPkms,UgzCUqtYq6pyaFlNzNF4AaABAg,@하루-l7w3r,엘지의 경우 에어프라이어 모드 사용할 때 판떼기 3단으로 사용하라고 나와있음.,3,2026-03-09
pFlNoyCPkms,UgwNQct1o1GkKZwr73l4AaABAg,@전지수-m4j,양질의 비교 후기 감사합니다 👍👍👍,0,2026-04-26
pFlNoyCPkms,UgwAgSqZStMuTLeubMx4AaABAg,@queenl8792,"이거 6년전 모델이래요
친구가 삼성 써보고 좋다고  추천해 줘서 쓰고있는데 아주 좋아요!!
요즘 모델",7,2026-01-10
pFlNoyCPkms,UgzvrDxfBfc9CVqkvoN4AaABAg,@ddn4617,근데 lg광파오븐는 오븐모드 쓸때 맨윗칸에 올리라는게 제조사 설명임,6,2026-02-08
pFlNoyCPkms,UgzjL9O9RLKxDJCmhA14AaABAg,@무무-n5z6i,똑똑하게 비교 잘 하셧네요,0,2026-04-24
pFlNoyCPkms,UgxckZ4TvIDte5AyjSl4AaABAg,@MrThisbabo,"요즘 아정당 와이라노?
리뷰질이 너무 좋아지고 있는데 ㅋㅋ 굿",26,2025-10-23
pFlNoyCPkms,UgyHf3Lu4-a6sM9f2RZ4AaABAg,@유령이-m1m,크로와상 맛있겠다ㄷㄷㄷㄷ,2,2025-10-21
pFlNoyCPkms,UgwPv-VAoq-XIZ9JMC14AaABAg,@박진원-w3v,쿠쿠 홈페이지에서는 안파는 제품인데 품절인걸까요?,3,2026-01-20
pFlNoyCPkms,UgyDS49MJazjG0WM4tB4AaABAg,@hansucom1981,구매시 뚜껑 없이 조리 하는 경우 음식물이 튀어서 고장 나는 경우가 가끔 있어서 Lg가 as가 주요부속이 무상10년이라 삼성은 몰라도 쿠쿠는 좀 as까지 생각 좀 해봐야하는,10,2025-10-24
pFlNoyCPkms,Ugwl87UjhLjvyeedusJ4AaABAg,@Robot-Number999,엘지 최저가 떴길래 사려다 여기 영상 댓글에 안 좋은 평 있어서 참았네요 ㅋㅋ,2,2026-01-12
pFlNoyCPkms,UgyIAGd6fFl6ves_uXZ4AaABAg,@김자반-i6s,"소음 비교가 진짜 좋네용 집에 기껏 사둔 오븐 시끄러워서 쓰기 싫더라구요 ㅎㅎ ,,",4,2025-10-22
pFlNoyCPkms,UgwObMVi24Tbpb_90I94AaABAg,@제이-j7j5g,"쿠쿠 싸서 샀는데
전자렌즈안에 판이 얇아 에어프라이 3분부터 
틱!틱! 소리나서 놀랬어요!
사용하지 않아도 식을때까지 소리남!
쿠쿠 서비스썬터에서
불량 아니라고 불편하면 반품하라고 해서 저는 반품 했어요! 
가격만큼이라는 생각이 들었어요!",0,2026-03-29
pFlNoyCPkms,UgxIOpLPcSeTYf98oIh4AaABAg,@woosungkim6420,아정당이 노써치를 삼켰네 쿠쿠 .. 가성비 최강이네??,23,2025-11-09
pFlNoyCPkms,UgzkKfUbn7UpwzBFVpx4AaABAg,@이승엽-k4i,삼성 직화오븐 전자레인지 800w로 성능 조금 낮은거 빼고는 만족합니다.,1,2025-10-26
pFlNoyCPkms,UgxGPeNcLrREJxK1oIV4AaABAg,@모모-g7k,울집가전은 다 삼성인데 오븐은 엘지 광파오븐 오래동안 잘쓰고있음,1,2026-02-12
pFlNoyCPkms,UgwuRTBIMNXB__GfmK54AaABAg,@수정-r3x1t,오브제 저거 매장가서 보니 110넘더라,5,2025-10-23
pFlNoyCPkms,UgxjZD0FUSZXAmko3aB4AaABAg,@yunmi2777,"삼성꺼 6년전 모델인데..
최신껄로 해주지~~",13,2025-12-17
pFlNoyCPkms,UgwN4oEhhoD5kMVOF1F4AaABAg,@삼삼오오-c7l,"엘지 오브제 개인적으로 쓰고 있는데 좋아요! 안에 넓어 용량도 커서 많은 양 할때도 좋고 세척할때도 편해요 특히 스팀기능 있어서 세제 뿌려놓고 스팀기능 돌려 때 불리면 잘 닦입니다 ㅋ 열선 있어 열선 위가 닦기 힘들뿐이지 열선도 쓱 닦으면 잘 닦여요 ㅋ 
소음도 심하지 않고 기능도 많고 조작도 간편해서 너무너무 잘 산템 중 하나에요!! 장점이 더 많지만 너무 길어져서~ 추천추천!",5,2025-10-24
pFlNoyCPkms,UgwCr2vWX-4kkFttatt4AaABAg,@mija-1004,너무 많은 제품 비교 하는것보다 훨씬 좋아요 쿠쿠가 갓성비 갑이네요 디자인은 엘지가 제일 예쁜데 ㅜ 삼성이 디자인이랑 성능이 그래도 어느정도 괜찮네요 쿠쿠 아쉽다 디자인 좀 더 예뻐도 좋겠는데 열선이 없는게 진짜 대박인듯 열선은 암만 닦아도 안되던데 걍 쿠쿠 해야하나,32,2025-10-23
pFlNoyCPkms,Ugy3AJyYQ8q-uf2q_pJ4AaABAg,@강숲-p3c,삼성 진짜.... 스마트 싱크인지 뭔지... 모르고 샀는데 넘 불편하고 에어프라이기 잘 안되고 불편 불편 ...!!!!!,1,2026-02-20
pFlNoyCPkms,UgwNus_svbAgLBx-l5h4AaABAg,@fill-dragon,"백색가전은 lg라고 생각했는데, 쿠쿠의 반란 ㅎㄷㄷㄷ",8,2025-11-14
pFlNoyCPkms,UgyrIASY2tT7ARZeEPh4AaABAg,@Eat_Lemon_Bird,예상외로 쿠쿠가 가격에 비해 성능이 괜찮네요😮,8,2025-10-21
pFlNoyCPkms,Ugz5xaRAVtfnfc3M6pN4AaABAg,@라희도-c3t,쿠쿠 개불편함. 에어프라이어 기능도 별로임. As 최악!!,6,2025-12-20
pFlNoyCPkms,UgyN4zjv1H3xDE08Jcd4AaABAg,@먹거리여행-c5i,와.. 반개월만 빨리 영상 제작되었으면 좋았을텐데 ㅠ.ㅠ 에어프라이 살려고 검색하니 뭐이리 수두룩 많길래 좋은거 찾다가 머리 깨질뻔했음...쿠쿠쪽이 가성비 성능이 좋네요 영상 잘 봤습니다,4,2025-10-21
pFlNoyCPkms,UgxBNKGuZ-8e64qkn-h4AaABAg,@kimgh1535,"진짜 양심없네.
https://youtu.be/9S3M7Vi0tqo
위 영상에서 비교했던거 토시하나 안빼먹고 그대로 했네 ㅋㅋㅋㅋㅋㅋㅋㅋㅋㅋ",0,2026-04-17
pFlNoyCPkms,UgyKXNpTlKfgBHRYnLd4AaABAg,@bjudesign,"삼성,엘지는 30리터대이지만 쿠쿠는 20리터대입니다. 쿠쿠 30리터대는 외부용량표기고 가용용량은 20리터대로 수치 꼼수 부린것",0,2026-06-04
pFlNoyCPkms,UgwZMjLaJ3SXpP-723x4AaABAg,@OhWe,아정당 일잘하노,0,2026-02-15
pFlNoyCPkms,Ugwp7wPw61d02nfrmRV4AaABAg,@박사려니,쿠크 가격대비 성능이 좋네요,1,2025-10-25
pFlNoyCPkms,Ugw0ywUNewN8HZSxzjh4AaABAg,@난초-y2r,"LG광파오븐
밑에 넣는 팬
넓어 많은 양을
했어 좋음
골고루 잘 익고
디자인도 이쁘고
완전 만족중.
저 제품 수비드
되는걸로 산 지
1달 안됨
후회 없음.",3,2026-03-04
pFlNoyCPkms,UgyvlqEP01yEVfHJ5zl4AaABAg,@MrThisbabo,"제가 엘지 광파오븐렌지 1세대 사용둥인데 전자렌지 기능 사용 할 때 마다 기분 안 좋음.
특히 피자 돌릴 때 ㅡㅡ;;
어떤 곳은 치즈가 지글지글 거리고 어떤 곳은 치즈가 녹지도 않음;;;
턴테이블 기능 아주 중요함.",5,2025-10-23
pFlNoyCPkms,Ugx9B4nLUvHo2N7LFwt4AaABAg,@백구-109,노써치 따이곘노,5,2025-10-27
pFlNoyCPkms,Ugyikpvv1LBB4Qa92Gx4AaABAg,@kim_catgoldstar0607,솔직히 나는 턴테이블이 있는 오븐은 선호하지 않음 음식을 꺼낼때 테이블이 움직이거나 분리되고 청소가 어려움,3,2025-10-23
pFlNoyCPkms,UgyEvw4t04U0oDF2HVx4AaABAg,@김공유1,삼성 큐커 랑해주세영,0,2026-03-18
pFlNoyCPkms,UgzaEKvva6xylPKS6zF4AaABAg,@myhope-y4g,크로와상은 삼성이 제일 맛있게 익어가는걸로 보여요. 쿠쿠는 빨리 익었지만 맛이 없어 보여요.,0,2026-01-30
pFlNoyCPkms,Ugxs2sQcjMCewSABV0t4AaABAg,@highlight_captain,그냥 쿠쿠 사면 되겠네.,3,2025-10-27
pFlNoyCPkms,UgybSjg9Gr3yQxdSk5Z4AaABAg,@두뇌풀가동-t3i,이거보고 lg꺼 취소하고 쿠쿠 주문했습니다,2,2025-11-28
pFlNoyCPkms,UgywjKkDgmHTNyzj9n94AaABAg,@딱지구,lg저 똑같은 모델 쓰는중입니다 전자레인지 기능 부터 최악입니다 턴테이블이 없어 돌지를 않으니 한쪽은 쌔게 익고 한쪽은 안익고 그래요 에어프라이 기능도 최악입니다,6,2025-12-08
pFlNoyCPkms,UgxdK-CRaxs0fS-O_rJ4AaABAg,@iloverainydays8124,삼성은 이제 장사 접어야겠네 ㅋㅋㅋ,0,2025-11-06
pFlNoyCPkms,Ugz7umFryVKot16F4F94AaABAg,@번개-z7z,사용편리성 만 개선되면 쿠쿠가 정답이네요,5,2025-10-28
pFlNoyCPkms,Ugxu0v7e6Ty0NkQmSzt4AaABAg,@백숙-p7j,난삼성산다 스마트띵스때매,5,2025-11-06
pFlNoyCPkms,UgzL8N5XG_XX7STfJh14AaABAg,@BokeumbobOri,센치미터를 왜 센티미터라고하지 발음이안되나,1,2026-02-02
kk4Z24VANOE,UgwfABXW6xtWsbH0it14AaABAg,@레쓰비_Love,복합 오븐 보던 와중 집 근처 베스트샾 있어 다녀왔는데 그 주에 신형 나온다해서 오븐장 사이즈 관계로 오는대로 구매할 예정인데   추가 설명을 드리자면 이전 버젼은 에프 개별 온도 설정이 없고 문을 열때  중간에 잡아 주는게 없어 쿵 떨어졌는데 지금껀 손잡이도 히든으로 바꼈고 에프도 개별 온도 설정 가능해 졌습니다. 플랫형이라 이전에 부족했던 컨벡션 기능도 강화 되었다는데 써보면 알겠죠. 댓글 보니 렌지 기능은 보통 오븐형이 50-60만 대면  개별 기능이 조금씩 부족한데 레인지 기능도 1000w라 부족함 없습니다.  주에 요리 제대로 해보고 싶으신 분이면 복합형도 좋은 대안이라 생각합니다만 가격대랑 본인의 취향을 조합해서 좋은 선택하세요,24,2024-04-27
kk4Z24VANOE,UgxKouvde9lEvI1yWOt4AaABAg,@릴리-c8r,새로 나온 25년형이랑 에어수비드 기능이 있는 24년형중에 너무 고민이 되요 ㅜㅜ 도와주세요 그리고 스팀노즐은 세척이 가능한지도 궁금합니다^^ 답변 부탁드릴게용,1,2026-01-28
kk4Z24VANOE,Ugy3lL6JxuRjl9On4IV4AaABAg,@hysusms-,좋은 영상감사합니다! 굿굿,1,2024-07-13
kk4Z24VANOE,UgzgyQ7xpKJQCECJ0ux4AaABAg,@chama890,수비드 기능도 있네요😊부드럽고 맛있어보여요 광파오븐 제품과 기능 설명 감사합니다 👍🏻💕,5,2024-04-07
kk4Z24VANOE,UgxCd9mOIauHNakdyw54AaABAg,@Djdhfh-ig3km,세상에 요즘 너무 고민중인 제품이었는데 영상 감사합니다!,2,2024-04-07
kk4Z24VANOE,UgzJKQz9J54f_766AEN4AaABAg,@써니-k1v,이 제품 사용중인데 전자렌지 기능만 열심히 쓰면서 괜히 샀어 그러고 있네요. 수비드 이용해 보고 후회가 없어졌음 좋겠어요. 잘 배웠습니다.^^,3,2025-02-12
kk4Z24VANOE,Ugz60WdE1enrsZoLnKZ4AaABAg,@kookodjdbb,리뷰 도움 많이 됐어여^^ 역쉬 lg네요,1,2024-05-17
kk4Z24VANOE,UgwrBAf1JJ8qK2ezq6Z4AaABAg,@난초-y2r,"이번에''산 제품이네요.
수비드 기능 잘 봤습니다.
바로 구독  좋아요
누르고 갑니다.
기능 활용법이 60대라
좀 어려웠는데요",2,2026-03-01
kk4Z24VANOE,Ugwity3kaLBnYoZ9DMN4AaABAg,@xi3736,개좋네요 아파트옵션에 빌트인오븐 45만원에 해야하나 고민햇는데 이게 압승이네요,2,2024-08-05
kk4Z24VANOE,UgxOEZxrh0u4aHXu5P94AaABAg,@1001myh,감사합니다. 광파오븐 종류가 많아 차이점이 이해안갔는데 감사합니다.,3,2024-10-09
kk4Z24VANOE,UgzLvkQtLqU8IXCKLbF4AaABAg,@yuwoo9357,"MLJ32 광파오븐은 에어프라이 기능 쓸때 자동조리 기능의 정해진 시간과 온도만 쓸수있나요?
예를들어 사용자가 원하는 시간과 온도를 직접 설정하는건 안되고
이미 탑재된 시간과 온도밖에 못고르나요?",3,2025-02-02
kk4Z24VANOE,UgxcA7x9bM1lXr7J6E14AaABAg,@권구남-p4j,좋은 정보 정말 감사드립니다. 혹시 수비드 할 때 지퍼백을 진공으로 흡착안하고 그냥 넣어도 조리가 잘 되나요?,1,2025-03-12
kk4Z24VANOE,Ugxd7EB8uBOcxTmt3xR4AaABAg,@알렉스-y8i,휴... 이전 버젼 샀다가 취소 하고 다시 24년형으로 긴급 주문 했네요 ㅋㅋ 조금만 늦었으면 후회 할뻔... 그래도 사면 한 10년은 쓸거니깐..,4,2024-09-02
kk4Z24VANOE,UgxepmFhHHkIZQ8pmkR4AaABAg,@타디스,"폰으로 시작 어떻게 하나요?
전송 누르면 버튼누르고 시작하라는 문구만 떠서요...ㅠㅠ",1,2024-05-31
kk4Z24VANOE,UgzTDr1ENGqTGN7V6p54AaABAg,@skyclan,오호,2,2024-06-15
kk4Z24VANOE,UgzhnLgBG_P2wbhhJex4AaABAg,@감나무마을촌장,"광파오븐을 사서 수비드만 하고, 결국 후라이팬으로 굽는 리뷰라니",2,2024-07-20
kk4Z24VANOE,UgzA-Fcztw_pL3D6inV4AaABAg,@yoborod1,6:09 헐............... 우와...맛있는 육즙 좝좝,5,2024-04-09
kk4Z24VANOE,Ugwjms4AIQkyPI-VdT54AaABAg,@대시오트,선생님 영상보고 구매했는데ㅋㅋㅋ  지퍼백 그냥 집에 있는거 써도되나요?....,2,2024-08-16
kk4Z24VANOE,UgynKU8udn4jt-dPM9l4AaABAg,@미칭개,이정도면 엘지에서 돈줘야한다,5,2024-07-17
kk4Z24VANOE,UgzyiIkLwtzh-rhd1kt4AaABAg,@금고-p8g,지퍼백은 요리용으로 따로사야되나요? 일반지퍼백 써도 될까요?,1,2025-02-09
kk4Z24VANOE,Ugy_8uUsiRHirBvurkh4AaABAg,@수댕-u4i,예잔 구모델은 악평이 너무 많아서 고민인데 24년형은 리뷰가 너무 없고 ㅠㅠ 일년정도 사용하시는데 괜찮으신가요? 부모님 선물드릴려구요,1,2025-05-26
kk4Z24VANOE,UgyvzWyrq7UEzRjRKOd4AaABAg,@파아란하늘-w4i,껌정색인거 킹받네요.. 핑크는 왤케 싫은지.... 핑크 빼고 민트 빼고 그럭저럭 색깔이 맘에 듭니다. 하하하,0,2026-02-21
kk4Z24VANOE,UgzV8R7Al8_YvyjOfQZ4AaABAg,@user-ou3zf4,전모델과 20만원정도 차이나던데 뭘 살지 고민이네요,3,2024-06-01
kk4Z24VANOE,UgwVRlYqCL9IJhxtx4l4AaABAg,@햇도라지,MLJ는 왜 추천 안하는지 알려주실 수 있으신가요?,1,2024-04-15
kk4Z24VANOE,UgxyPAwyiBH8vCN87ZN4AaABAg,@만테,슈브 수비드 쓰고있는데 핳 1년만더 빨리나오지이이이이이이이이이ㅢ잉 ㅡㅡ,1,2024-04-16
kk4Z24VANOE,UgyvWEc2IWQs9wLl3AJ4AaABAg,@_LO315,덕분에 비교 쉽게했어요 감사합니다 ~~~!!,1,2024-04-18
kk4Z24VANOE,UgxijJ1xbboRUBbjocx4AaABAg,@졸려졸령,오븐처럼 아래쪽은 열선 없는거죠?ㅠㅠ,0,2024-09-04
kk4Z24VANOE,UgxC9oSQSlx12UUn49B4AaABAg,@plumpgrape,"저도 이번에 마련했는데.. 
수비드 맛은 어땠나요?!!",1,2025-03-17
kk4Z24VANOE,Ugza56vSXJQkA3lydWN4AaABAg,@jin2life,"안녕하세요!
이번에 요 제품 구매했는데, 이전 모델들보다도 더 정보가 없더라구요ㅜㅜㅜㅋㅋㅋㅋ 영상 잘봤습니다!
전자레인지+오븐식에어프라이어 두개를 사려다가 그냥 요 제품을 구매했는데요!
전자레인지의 돌아가는 방식이 아닌데도 충분히 괜찮나요? 전자레인지 턴테이블 때문에 이전 모델인 39리터도 고민했었네여,.,ㅎㅎ",1,2024-06-30
kk4Z24VANOE,Ugw2BF9FX3SULuJuHrt4AaABAg,@kcxx2510,궁금하던 제품이라 리뷰 잘봣습니다. ml32 는 온도가 균일하지 않다고했는데(모서리 부분이 덜 익는) 그런 부분이 보완이 되었는지 궁금하네요,3,2024-04-21
kk4Z24VANOE,UgyvsFUq3iKGCc0_Vot4AaABAg,@핫언제연양,"고민중인 제품리뷰라 너무 좋네요. 궁금한점이 있습니다. 사실 오븐기능이 욕심나긴하지만, 대부분의 활용은 전자레인지 기능을 쓸거 같아요. 다만 집의 공간의 제약때문에 광파오븐을 알아보고 있습니다. 기존의 39모델이 회전되는 트레이가 있어서 마치 전자레인지가 잘 될거같고.  이번 32 리터 제품은 회전되는 발판이 없다보니 이거 전자렌지 기능은 잘 되나?? 골고루 되긴하나?? 싶긴한데요.. 실제 전자레인지도 너무 큰 음식을 넣어서 회전이 안되면 제대로 익지 않는걸보면.. 좀 의구심이 생기는데요. 혹시 사용하시면서 전자레인지 기능은 어떠셨나요???",4,2024-04-23
kk4Z24VANOE,UgxdWDEuEDTcH1IrQ4B4AaABAg,@abolishsun400,청소기능사용때 물을 넣어야하는건가요?,1,2024-04-28
kk4Z24VANOE,UgybE9pXa0LsKPqY9T54AaABAg,@81ILLHVHL,이거보고 포장쉽게뜯었어요 ㅎㅎ,1,2024-04-19
kk4Z24VANOE,Ugz7AK8Ef1tHXsXKDLh4AaABAg,@샤이니-h3k,에프기능도 단독쓰는거랑 별차이 없나요?,1,2024-09-22
kk4Z24VANOE,UgyHhHCpjTiZHT4yo-14AaABAg,@henryhum5481,으 음악소리 넘 커요 ㅡㅡ,1,2025-06-01
kk4Z24VANOE,Ugzl7hSi2jBh4wIa9Gl4AaABAg,@22seconds84,오븐 구매해야 하는데.....비교 언박싱 쵝오👍👍👍,2,2024-04-07
kk4Z24VANOE,UgzLZV4eklSuKBxctJ54AaABAg,@진희김-j1k,에어수비드 맛은어떤가요???,1,2024-09-02
kk4Z24VANOE,UgznwVMEbgQ-GqkuQMB4AaABAg,@윤상우-w2z,뚜껑 여는건 어떤가요?ㅎ,2,2024-06-03
kk4Z24VANOE,Ugwi6SS8ZutLiQj23El4AaABAg,@댜량-v4n,"광파오븐 사려고 기존에 쓰던 에프, 전자렌지 다갖다버리고 신버전 구버전 후기 찾고있었는데 막상 사려고보니 너무나도 비교후기가 없던터라 이글은 마치 생명수같아요..... 

디자인, 수비드기능만추가 말곤 뭔차이인지를 몰랐는데 속시원한비교 감사합니다. 

혹시 1년남짓 사용하신거 같은데,  요아이 아직도 여전히 렌지+오븐+에프 기능 셋다 잘 하는거 같나요~? 턴테이블 없어서 렌지기능이 조금 딸릴까 겁나는 나름의 옛날사람인지라 의구심이 없어지질 않네요😥 

가전은 역시 최신인지 or 기능몇개 차이안나면 구형도 괜찮은지 조심스레 추천 여쭤봅니다🙏🏻",1,2025-03-08
kk4Z24VANOE,Ugw5bx760XIex3XJQSh4AaABAg,@thefoodfitness,"어제 자기 전에 이거 보고 잤는데 ....
거짓말 같은 느낌... 
저도 하나 왠지 장만 할 것 같은 느낌...",1,2024-04-08
kk4Z24VANOE,UgwZNXOtDQqaGfiKzgt4AaABAg,@davidyoo2188,유투브로 고기 굽는걸 배우세요 ;;;,0,2024-07-03
kk4Z24VANOE,UgwSl5NRHN0xhog4JJl4AaABAg,@prioritypass7,내돈내산에 협찬 유료광고 포함은 뭐야????,0,2024-09-28
wzs9XUrV-Pk,Ugyjnrfc8vTUpj31KDJ4AaABAg,@STUDIOMALLING,"📍이벤트 당첨자 발표
 
@ssh1101
@bcy2186
@eom3958
@RMFGU
@써니데이-t9d 

축하드려요!
당첨되신 분께서는 3/29(일)까지 구글폼에 정보를 남겨주세요! 경품 수령 안내 드리도록 하겠습니다.
※기한 내 정보를 입력하지 않은 경우 당첨이 취소될 수 있으니 기한을 꼭 지켜주세요.",81,2026-03-23
wzs9XUrV-Pk,UgwsxSP57nXM81Z7ylt4AaABAg,@kimmunkyoung,광파오븐이에요. 주방은 좁은데 전자레인지도 필요하고 에어프라이어의 겉바속촉도 포기 못 하는 저 같은 사람한테는 공간 활용 측면에서 광파오븐이 최고의 필살기인 것 같습니다. 특히 냉동식품뿐만 아니라 제대로 된 요리까지 한 번에 해결할 수 있다는 점이 가장 매력적이에요.,9,2026-03-19
wzs9XUrV-Pk,UgwzqwT6CrEhgrA1r5t4AaABAg,@o07133,"광파오븐 탐나네요!
한때 마카롱에 꽂혀서 미니오븐 사서 만들고 그랬는데 ㅎㅎ
워낙 작아서 온도 맞추기도 힘들었던 기억이 새록새록~
개인적으로 금액대 같이 알려 주셔서 너무 좋았어요!!
보통 이런 영상 보고 마음에 드는 제품 찾아보면 가격이 너무 비싸서 시간 낭비하게 되는 경우가 종종 있었거든요.
금액대별로 장단점 꼼꼼히 비교해 주시니 도움 많이 될 것 같아요 잘 봤씁니다 ^^",0,2026-03-19
wzs9XUrV-Pk,UgzIw9IV1a1Z2qLfh8l4AaABAg,@zhancw,"에어프라이어🔥🔥 환경 호르몬 걱정 없고 무엇보다 조리 과정이 그대로 보여서 너무 좋은데요?? 핫도그 같은거 데울 때 좋을 것 같아요 ㅋㅋㅋㅋㅋㅋ 들이고 싶다,,☆",0,2026-03-17
wzs9XUrV-Pk,Ugw2b98BP6pR1vd-wrB4AaABAg,@lucy-1004,"에어프라이어의 간편함과 오븐의 다양한 조리 기능을 동시에 사용할 수 있어서 활용도가 정말 높을 것 같아요 👍
베이킹부터 바삭한 요리까지 모두 가능해서 집에서 요리하는 재미도 더 커질 것 같아 기대됩니다!",0,2026-03-17
wzs9XUrV-Pk,Ugy8A0McXtj57zlYqGx4AaABAg,@SYeon-u9g,"영상 보고 나니까 결국은 생활패턴이 답이라는 말이 제일 공감됐어요  
저는 냉동식품 자주 먹는 편이라 전자레인지가 제일 맞는 선택 같네요  
괜히 비싼 거 샀다가 안 쓰는 것보다 매일 쓰는 게 더 중요하다는 느낌이었습니다  
이런 기준 알려주는 영상이라 더 유익했어요^^",1,2026-03-18
wzs9XUrV-Pk,Ugz-ypZP6Tv-I5JoEfV4AaABAg,@전진이야,너무 유익하네요,0,2026-03-17
wzs9XUrV-Pk,UgwxvbdFOkmamqqFmnZ4AaABAg,@느슨한순간day,매번 느끼는건데 영상 퀄리티 진짜 최고!,0,2026-03-17
wzs9XUrV-Pk,Ugy35KvogkfneEOe5Ip4AaABAg,@강민희-j4l,"에어프라이어 오븐
다양한 요리를 손쉽게 그리고 빠르게 만들수 있어서 너무 좋네요 요리를 즐겨하는 사람으로써 너무 좋은 제품입니다",0,2026-03-17
wzs9XUrV-Pk,Ugy8hzXu_XOkQQk5Ugx4AaABAg,@정현김0126,일반오븐이랑 광파오븐 차이 설명해 주니깐 바로 이해되고 유익해요,0,2026-03-17
wzs9XUrV-Pk,UgzvfYat9V0fLqduUnJ4AaABAg,@D.lapins,"한 영상으로 여러 제품들의 장단점과 차이점을 한 눈에 볼 수 있어서 좋았습니다
개인적으로 광파오븐의 활용도가 너무 마음에 드네요",0,2026-03-17
wzs9XUrV-Pk,UgxZAA95RiZvdGcO3aF4AaABAg,@빈-n1s,목소리도 좋고 설명이랑 영상도 깔끔하네요 남잔데 설렘,0,2026-05-12
wzs9XUrV-Pk,Ugzl0jBXyQ4SeLK5fZJ4AaABAg,@saver0806,"저는 모든 기능을 하나로 해결할 수 있는 광파오븐이 제 주방의 최후 승자입니다! 복잡한 가전의 세계를 명확한 기준으로 정리해 주시는 가탐의 통찰력을 진심으로 응원해요! 가탐의 추천 가이드처럼 모든 분의 주방이 효율적이고 희망차길 바랍니다! 신혼집 가전 고민하는 친구들에게도 이 영상 무조건 보라고 소문낼게요! 예전엔 좁은 주방에 이것저것 들이다 투박하게 짐만 늘렸는데, 이제 가탐 덕분에 당근행 없는 현명한 선택을 할 수 있겠네요. 😊🔥",1,2026-03-19
wzs9XUrV-Pk,UgysBh4ZLmiCnxnYzXd4AaABAg,@naruto-bp3wq,"전자레인지, 에어프라이어, 광파오븐 각각의 장단점을 비교해주셔서 정말 도움이 되는 영상이었습니다 하나만 선택해야 한다면 사용 목적에 따라 달라진다는 점이 인상적이었고 개인적으로는 다양한 요리가 가능한 광파오븐이 가장 매력적으로 느껴졌습니다",0,2026-03-17
wzs9XUrV-Pk,UgymYAUQSHbKTMc5kOp4AaABAg,@STUDIOMALLING,"📌#구독자이벤트 
전자레인지, 에어프라이어, 에어프라이어 오븐, 광파오븐 중 나에게 꼭 필요한 원픽과 그 이유를 댓글로 남겨주세요!
추첨을 통해 5분께 소정의 선물을 드릴게요.
- 참여 기간: 3/13(금) ~ 3/19(목)
- 당첨자 발표: 3/23(월)
- 경품:  쿠팡캐시 1만원권(5명)",21,2026-03-13
wzs9XUrV-Pk,UgwWgTEfZVhZJPeY4xx4AaABAg,@darkmoonksky,"일반오븐이랑 광파오븐 차이 쉽게 설명해주어서
이해하기 편했어요. 결국 뭐든 장단점이 있는 셈이네요 제 원픽은 에어프라이어예요
혼자 사는 1인 가구라 냉동만두나 치킨 같은 간편식을 자주 먹어서 겉바속촉 식감이 너무 중요해요. 기름 없이도 바삭하게 조리할 수 있어서 활용도가 높아서  많이 활용하고있어요",1,2026-03-17
wzs9XUrV-Pk,Ugz0PO-C4tyDvUvb2Tp4AaABAg,@HealingGiftMusic,요즘 밀키트가 대세인만틈 얼려있는 제품을 금방 녹여 식사하려면 해동기능이 있는 전자레인지가 유횽하다고 생각해요!!😊,1,2026-03-15
wzs9XUrV-Pk,Ugz-Ija-TUHM0UMQPEB4AaABAg,@느낌적이다,"광파오븐 설명 들으면서 와 이건 진짜 사기템 아닌가 싶었어요  
전자레인지+에어프라이어+오븐 기능까지 한 번에 된다는 게 너무 매력적이네요  
공간만 된다면 주방에서 제일 중심 역할 할 것 같은 느낌입니다  
요리하는 재미까지 확 올라갈 것 같아요ㅎㅎ",0,2026-03-18
wzs9XUrV-Pk,Ugwu4CNpsjB7ZPmJ86Z4AaABAg,@효예-0114,"저의 원픽은 단연 광파오븐입니다! 🍖 빛으로 빠르게 익혀서 육즙을 꽉 잡아준다는 설명에 완전 반해버렸습니다. 😍 집에서도 레스토랑 못지않은 스테이크랑 통삼겹 구이를 즐기고 싶거든요! 비록 청소는 조금 부지런히 해야겠지만, 그만큼 압도적인 맛을 위해서라면 기꺼이 감수할 수 있습니다! 우리 집 주방의 품격을 높여줄 광파오븐, 꼭 만나고 싶어요 💖✨",1,2026-03-18
wzs9XUrV-Pk,UgzmD0rVlNjFtdSzUFJ4AaABAg,@kr4153-kr,일반오븐이랑 광파오븐 차이를 잘 설명해 주셔서 감사합니다,0,2026-03-17
wzs9XUrV-Pk,UgzXKMck0u_nOmCnE1J4AaABAg,@sosodaezoozoo,무조건 치우는 과정이 심플할 수록 좋음!! 정리가 힘들면 애초에 안 쓰게 됨! 유리라서 식세기 돌려도 되는 에프라니 좋다좋다,0,2026-03-16
wzs9XUrV-Pk,UgwPULctUDh-YzZ6g-p4AaABAg,@nina.nooooooo,"에어프라이어 오븐! 
베이킹이 취미인 저로서는 제일 유용하게 쓸 수 있을 것 같아요😊",1,2026-03-13
wzs9XUrV-Pk,Ugym3RNOeWZqETBCEnN4AaABAg,@sheepsheep5315,영업 잘하시네요 추천한 제품 다사고 싶어요ㅋㅋ,0,2026-03-13
wzs9XUrV-Pk,Ugzu0eQCN2OwZGgewg14AaABAg,@YANG이든,오랜만에 영상 끝까지 봤네 댓글 잘 안쓰네 잘보고 갑니다,0,2026-03-17
wzs9XUrV-Pk,UgwkyrYtd_Sjvwmsq194AaABAg,@MaLee1212,"저는 ""광파오븐""이 정말 필요해요.
제가 쓰는 제품이 너무 낡아서 기능이 많이 떨어지거든요.
높은 효율을 보여줄 수 있을것 같아요.
보는 동안 감탄이 절로나오네요~!
영상이 잘 구성되서 굿굿!!
앞으로도 유익한 영상 부탁!
파이팅!!",0,2026-03-14
wzs9XUrV-Pk,UgwYWg8AKnBzkust4yx4AaABAg,@해피053,"저는 에어프라이어 오븐이 원픽입니다  
영상 보면서 바스켓형의 한계랑 오븐 기능까지 다 잡은 느낌이라 확 끌렸어요  
집에서 간단한 요리부터 제대로 된 요리까지 다 가능할 것 같아서 상상만 해도 기대됩니다ㅎㅎ  
주방 하나로 다 해결되는 느낌이라 너무 매력적이에요 🍳",0,2026-03-18
wzs9XUrV-Pk,Ugzw1VPcWBMd0QufpYd4AaABAg,@자객-e2t,"에어프라이어 오븐
여러가지 요리할때 가장 유용할것 같아요",0,2026-03-17
wzs9XUrV-Pk,Ugx71kbGRifOliFjiBB4AaABAg,@mamboya7777,"광파오븐
다양한 요리를 하는데 있어 좋은 것 같아요",0,2026-03-19
wzs9XUrV-Pk,UgwOEixDoDZ0tfMS9hp4AaABAg,@임수진-d8k,쿠진아트가 가격이나 전반적인 스펙 밸런스가 좋아요 너무 잘쓰고 있어요. 초반에 예열 좀 해주긴 해야해요,0,2026-03-17
wzs9XUrV-Pk,UgyJWwEQhZeXhsO1Eg14AaABAg,@흥흥민소니,"광파오븐 !!! 

 예전에는 전자레인지 하나로 어떻게든 끼니를 해결하던 시절이 있었는데, 막상 식단 관리도 하고 제대로 요리도 해보고 싶어지니까 ‘장비의 중요성’을 절실히 느끼게 되더라고요. 그렇다고 전자레인지, 오븐, 에어프라이어를 전부 들이기에는 공간도 부담이고 관리도 번거로운 게 현실이잖아요. 그런 고민을 한 번에 해결해주는 게 바로 광파오븐이라는 생각이 들었어요.
전자레인지는 빠르긴 하지만 음식이 금방 눅눅해지는 게 늘 아쉬웠고, 오븐은 결과물은 좋지만 예열부터 시간이 오래 걸려서 자주 쓰기엔 부담이 있었어요. 에어프라이어는 바삭함은 최고지만 활용도가 은근히 제한적이라는 느낌도 있었고요. 그런데 광파오븐은 이 세 가지의 장점을 자연스럽게 합쳐놓은 느낌이라 사용하면서 만족도가 훨씬 높더라고요.  고기 요리할 때 그 진가가 제대로 드러나는 것 같아요. 겉은 바삭하게 잘 구워지면서도 속은 촉촉하게 육즙이 살아 있어서, 집에서 만든 요리인데도 밖에서 사 먹는 것 같은 완성도가 나오더라고요. 냉동식품도 그냥 데우는 수준이 아니라, 훨씬 더 맛있고 제대로 조리된 느낌으로 바뀌는 게 신기했어요. 간단한 한 끼도 훨씬 근사하게 만들어주는 게 정말 매력적이에요.
무엇보다 마음에 드는 건 공간 활용성이에요. 주방이 넓지 않은 자취 환경에서는 가전 하나하나가 차지하는 공간이 꽤 부담인데, 광파오븐 하나로 여러 기능을 해결할 수 있다는 점이 정말 큰 장점이더라고요. 덕분에 주방이 훨씬 깔끔해지고, 요리할 때도 동선이 단순해져서 더 편해졌어요.
이제는 단순히 배를 채우는 식사가 아니라, 스스로를 잘 챙기는 ‘갓생 루틴’의 일부로 요리를 생각하게 됐어요. 그런 의미에서 광파오븐은 단순한 가전제품을 넘어, 더 나은 생활을 만들어주는 도구처럼 느껴져요. 여러 가지를 복잡하게 갖추기보다는 하나로 제대로 해결하는 미니멀한 선택, 그리고 그 안에서 효율과 만족을 동시에 챙기는 게 요즘 제가 추구하는 라이프스타일에 딱 맞는 것 같아요.",1,2026-03-19
wzs9XUrV-Pk,UgyG_Q_HOP2KfeSFErd4AaABAg,@S2뀨,"저는 광파오븐이요! 
전자레인지, 에어프라이어, 찜기까지 따로 두면 주방공간이 너무 부족하더라고요. 비싸긴 해도 LG 광파오븐 한 대로 10가지 기능을 다 쓸 수 있다면 장기적으로는 훨씬 이득인 것 같아요. 특히 아이에게 겉바속촉한 고기 요리를 제대로 해주고 싶어서 육즙을 잡아주는 광파 기술이 가장 매력적으로 느껴집니다.",1,2026-03-19
wzs9XUrV-Pk,UgzZ3rzacSU1vFQH_yh4AaABAg,@Halal3928,"저는 냉정하게 제 게으름(?)을 인정하고 에어프라이어를 원픽으로 꼽았습니다! 
영상에서 짚어주신 뒷정리 vs 뒷수습파트가 정말 뼈 때리는 조언이었어요. 
아무리 맛이 좋아도 관리가 힘들면 결국 당근행이라는 말씀에 깊이 공감하며, 종이 호일 한 장으로 
설거지 걱정 끝낼 수 있는 에프가 제 라이프스타일엔 정답인 것 같습니다. 
특히 추천해주신 리빙웰 글라스 에어프라이어는 코팅 벗겨짐 걱정 없고 조리 과정이 다 보여서 요리 초보인 
저에게 실패 없는 무기가 될 것 같아요. 광고 없는 정직한 분석 덕분에 낭비 없는 소비 할 수 있을 것 같습니다. 스튜디오 몰링 최고! 👍",0,2026-03-19
wzs9XUrV-Pk,UgynWktBYAXnVqWw5Mt4AaABAg,@박민희-t9t,이번 편 진짜 유용하네요. 남편 보여주고 lg광파오븐 살까봐요,0,2026-03-17
wzs9XUrV-Pk,UgyL3XAx7rYQb7TWXoR4AaABAg,@junjae8,광파오븐 다양하게 잘 활용할 수 있을 거 같아요!,0,2026-03-19
wzs9XUrV-Pk,Ugx-p3lpeeiBUTdWhPV4AaABAg,@다다다익선-eus,저의 원픽은 광파오븐입니다! 전자레인지의 간편함에 에어프라이어의 바삭함까지 하나로 해결할 수 있다는 게 공간 효율 면에서 큰 메리트 같아요. 특히 빛으로 빠르게 익혀 육즙을 잡아준다는 점이 요리 퀄리티를 확 높여줄 것 같아 기대됩니다. 복잡한 주방 가전 고민을 명확한 기준으로 정리해 주셔서 큰 도움 됐어요! 💡,0,2026-03-19
wzs9XUrV-Pk,Ugx8c_dtAINa4aGc0_l4AaABAg,@장선영-f3l,오븐 청소 번거롭다는데 뭐 다른 둘도 부지런한 사람 아니면 귀찮기는 마찬가지라. 광파오븐은 써본 적 없어서 궁금해요. 다른 둘보다 공간 여유롭고 식감도 신경 쓸 수 있을 듯하네요.,0,2026-03-19
wzs9XUrV-Pk,Ugy4WTvRgALj7ATNDq54AaABAg,@kimteayoung1,"가전 하나 살 때마다 결정장애 와서 머리 아팠는데 기준을 딱딱 잡아주니까 속이 다 시원하네요. 
저는 요리 실력도 평범하고 설거지 귀찮은 게 제일 싫어서 리빙웰 글라스 에어프라이어가 제 원픽이에요, 일단 속이 훤히 보이니까 태워 먹을 걱정 없고 유리라 슥 닦으면 그만이라는 점이 자취생 입장에서 최고의 메리트인 것 같아요!",0,2026-03-19
wzs9XUrV-Pk,Ugyh_tO5h1Z1shE2Lgd4AaABAg,@lgelato96344,"광파오븐입니다! 전자레인지의 간편함에 에어프라이어의 바삭함 그리고 오븐의 깊은 맛까지 하나로 다 해결되니까 공간 활용성 면에서도 최고인 것 같아용! 꼭 갖고싶네요 >,<",0,2026-03-19
wzs9XUrV-Pk,UgzaW2n0ruFP8BIOaqd4AaABAg,@nimitokim,해동부터 데우기까지 자취생의 식사를 가장 빠르고 간편하게 완성해 주는 전자레인지가 실용성 면에서 제 주방의 영원한 원픽이자 최후의 승자입니다,0,2026-03-17
wzs9XUrV-Pk,UgyZQrA5exapLuLLiaR4AaABAg,@jy2yr,전자레인지❤❤❤없으면 안되는 필수템이죠😊😊,0,2026-03-18
wzs9XUrV-Pk,Ugy7keYjmpnMXqpqWCh4AaABAg,@행운만땅-v1e,"저의 원픽은 에어프라이어 오븐이에요! 🙌 겉바속촉 식감도 포기 못하고, 전자레인지처럼 데우기 기능도 어느 정도 해결되니까요 😊 치킨, 군고구마, 베이킹까지 한 번에 가능한 만능템이라 좁은 주방에서 “가전 2~3개 역할”을 대신해줘서 공간 효율도 최고예요. 무엇보다 요리에 진심인 날도, 귀찮아서 간단히 돌려 먹는 날도 다 커버 가능해서 당근행 갈 일이 없을 것 같은 안정적인 선택입니다 👍",1,2026-03-19
wzs9XUrV-Pk,Ugw368l3Tdd1Xmdka4d4AaABAg,@saint0605,"저의 원픽은 전자레인지입니다! 
혼자 살다 보니 요리보다는 배달 음식이나 냉동식품 데워 먹는 일이 많은데, 역시 속도랑 간편함은 전자레인지가 최고인 것 같아요
버튼 한 번이면 바로 따뜻하게 먹을 수 있고, 설거지나 뒷정리도 거의 필요 없어서 바쁜 일상에 딱이에요!",0,2026-03-17
wzs9XUrV-Pk,Ugwwl6WNFOfWBbFdFiZ4AaABAg,@zzazzala3,"에어프라이어 오븐!!!
가끔 베이킹도 하고 넓은 접시를 통째로 넣고 조리할 일이 많아서 용량이 넉넉한 오븐형이 최고인듯용",0,2026-03-17
wzs9XUrV-Pk,UgxX0cPEXCLPXC3QNvp4AaABAg,@fine1186,"광파오븐이요❤
빛을 이용해 육즙을 잡으며 속까지 익히니 최고입니다",0,2026-03-17
wzs9XUrV-Pk,UgxKceSkmg_OuwDXTYJ4AaABAg,@바베레토,저의 원픽은 단연 광파오븐입니다! 🍖 빛으로 빠르게 익혀서 육즙을 꽉 잡아준다는 설명에 완전 반해버렸습니다,0,2026-03-19
wzs9XUrV-Pk,UgzajlgriZ48pTr7wLl4AaABAg,@salmasultana1008,Very nice video,0,2026-04-16
wzs9XUrV-Pk,UgxQKQI05f0ac0DsqnJ4AaABAg,@소도로-r5y,재밌네,0,2026-03-17
wzs9XUrV-Pk,UgzPvXLAlPaYhdlcwip4AaABAg,@꼴뚜기왕자님-w3z,에프랑 전자레인지는 있는데 광파오븐은 없어요!! 한번 써보고 싶네요~~,0,2026-03-13
wzs9XUrV-Pk,UgwCAsxVuAIuWSIa7cB4AaABAg,@humblerich2026,"저는 [에어프라이어 오븐] 이 가장 마음에 듭니다! 
 바스켓형의 아쉬움을 채워주면서도 전문 오븐의 느낌을 낼 수 있는 20만 원대 최고의 대안인 것 같아요
투명창으로 요리 과정을 지켜보며 다이얼을 돌리는 아날로그 감성이 요리하는 즐거움을 더해줄 것 같아 꼭 써보고 싶습니다 ! ^^",1,2026-03-17
wzs9XUrV-Pk,UgwzBt3iS1Qw_IrGkOF4AaABAg,@iurrrr,에어프라이어 / 죽어가는 튀김도 살려내는 그 바삭함을 절대 포기 못하네요. 요즘은 유리 바스켓 제품도 잘 나와서 시원하게 조리 과정 지켜보고 바로 식탁에 올려서 먹으면 설거지까지 줄어드니 정말 최고인 것 같네요.,4,2026-03-19
wzs9XUrV-Pk,Ugx9xPaZ_7uDkzQeiPB4AaABAg,@kiz0422,"저의 원픽은 에어프라이어입니다 평소 냉동식품이나 간단한 간식을 자주 먹는 편이라 겉바속촉 식감이 너무 중요해요. 기름 없이도 바삭하게 조리할 수 있어서 활용도가 높고, 간편하게 한 끼 해결하기 딱이라 꼭 필요해요",0,2026-03-17
wzs9XUrV-Pk,Ugy-Yi-xZM6MK-3w54h4AaABAg,@kellyj1530,에어프라이어가 진짜 진짜 제일 최고인 것 같아요! 자취생의 맛생을 더 윤택하게 해준달까…(っ˘ڡ˘ς),0,2026-03-13
wzs9XUrV-Pk,UgxeH1MY8KC1Lig8BxR4AaABAg,@달러구트-u4u,"8:30 바로 이런 이유 때문에 [광파오븐]을 들였어요~ 물론, 각각의 제품마다 특성이 있지만 올인원 제품이 공간 활용과 편의성 측면에서 압도적인 장점이 있는 것 같습니다!",0,2026-03-17
wzs9XUrV-Pk,UgyEm9DGRN7wZKPBPxt4AaABAg,@하늘지-w9y,"제 원픽은 그래도 전자레인지에요 
화려한 요리보다 바쁜 일상 속 '따뜻한 한 끼'를 가장 빠르고 실속 있게 챙겨주는 전자레인지야말로 제 주방의 영원한 생존자입니다! 🍚⚡",0,2026-03-15
wzs9XUrV-Pk,UgxhyS9H-YUV7pydsWh4AaABAg,@RMFGU,전자레인지❤ 여러모로 제일 편리하고 일상속에 필요한 제품이라서요🥰,0,2026-03-17
wzs9XUrV-Pk,Ugytxc13SKvarCLr3lR4AaABAg,@yonsiku,있으면 좋은 건 광파오븐인데 반대로 없어도 큰 불편함은 없을 거 같아요. 전자레인지 없는 우리 집? 상상도 안되는데요 ㅋㅋㅋㅋㅋㅋ,0,2026-03-13
wzs9XUrV-Pk,UgxbSCeJKiUtuPWEc0Z4AaABAg,@blassom,"저의 원픽은 단연 광파오븐입니다
주방은 좁지만 전자레인지 에어프라이어 오븐 기능을 하나로 합칠 수 있다는 게 가장 큰 매력 같아요
영상에서 짚어주신 것처럼 겉바속촉 식감도 포기할 수 없고 다양한 요리에 도전해보고 싶은 저에게는 공간 효율과 성능을 모두 잡은 최고의 선택지라고 생각합니다
더 이상 이것저것 사서 당근마켓 보낼 일 없이 광파오븐 하나로 정착하고 싶네요 🥘✨",0,2026-03-16
wzs9XUrV-Pk,UgydvvPcq3gGTIgiGkB4AaABAg,@byco8989,"집에서 요리할 때 제일 애용하는 건 에어프라이어예요! 기름 없이 바삭하게 구울 수 있어서 매일 치킨이나 감자튀김 만들 때 최고고, 청소도 간편해서 바쁜 저녁 시간에 딱 맞아요 🍗✨ 특히 광파오븐처럼 복잡한 기능 없이도 맛과 속도가 완벽해서 주방에서 절대 빠질 수 없는 1등 패자예요 😊",0,2026-03-18
wzs9XUrV-Pk,Ugz21a46fgu3uGC1ahR4AaABAg,@하르딘,에어프라이어 냉동식품을 자주 먹는데 바삭하고 빨리 조리 되서 좋아요,0,2026-03-19
wzs9XUrV-Pk,UgxfGtoStEK00kMBN0F4AaABAg,@나철환-d1f,"제 원픽은 에어프라이어예요!
혼자 사는 1인 가구라 냉동만두, 치킨 이런 간편식 자주 먹는데
겉바속촉으로 완벽하게 구워주고 전자레인지처럼 뒷정리도 간편해서 최고예요
요즘은 감자튀김도 집에서 매일 만들어 먹어요
추천 제품 중 홈플래닛 에어프라이어 고민 중입니다!",0,2026-03-13
wzs9XUrV-Pk,UgxolBf_vOoJekb5xE54AaABAg,@today-kweon,"바쁜 대학생인 저에게는 속도가 생명인 [전자레인지]가 최고예요! 🍚✨ 
공간 차지가 적고 냉장고 위 어디든 쏙 들어가는 실속[01:57]이 정말 매력적이네요. 700W 출력으로 간편식 조리 가이드 그대로 3분 만에 따끈한 한 끼를 완성하는 보람찬 일상을 위해 홈플래닛 제품을 제 주방 1순위로 임명합니다!",0,2026-03-18
wzs9XUrV-Pk,Ugw7Lj7MB1MuxSlqXyN4AaABAg,@게으르게잘살기,"저는 에어프라이어요.투명창으로 보는것도 좋고 가격대도   맘에 들어요.
그리고 꺼내는 방법도 좋습니다❤",0,2026-03-18
wzs9XUrV-Pk,UgxR9ZbZn1LwAxFtcpx4AaABAg,@차지혜-g5b,아무래도 현대인들에게 없어서는 안되는 아이템인 전자레인지요! 단 몇분이면 심지어 밥까지 뚝딱 만들어주는 마법의 아이템이라고 생각하거든요^^,0,2026-03-19
wzs9XUrV-Pk,UgwVZZS3u73TYZHJCaZ4AaABAg,@Sylvia0729,"튀김 요리 좋아하는데 살찔까 봐 걱정될 때... '기름 쫙 뺐으니까 살 안 쪄'라는 기적의 논리를 펼치며 먹곤 하는데, 저에게는 에어프라이어가 참 큰 위안이 된답니다. 그동안 불투명 바스켓은 요리 상태 확인하기 너무 답답했는데, 내열 강화 유리로 된 에어글라스는 속이 다 시원하게 보여서 제 원픽이에요. 코팅 벗겨질 걱정도 없고 설거지도 간편해 보여서 진짜 꼭 써보고 싶네요.",0,2026-03-18
wzs9XUrV-Pk,UgxK9UmjtEr0aWtn4u54AaABAg,@첨당품경,저의 원픽은 에어프라이어 오븐입니다 조리 과정을 보면서 다양한 요리를 할 수 있어 가장 실용적이라고 생각합니다,0,2026-03-18
wzs9XUrV-Pk,UgxmL_kQc5viu8IwtNJ4AaABAg,@cursedhamster,"광파오븐으로 마음이 기울어지는데요ㅋㅋㅋ 
우선 다른거는 써봤는데 이건 안써봤기도 한게 크지만ㅋㅋㅋ 빛으로 빠르게 익히면서도 속 육즙을 지켜준다는 부분에서 바로 넘어갔네요 ㅠㅠㅋㅋㅋ
기다리는 시간이 조금 필요하긴 하지만 그만큼 결과물이 확실하게 보장되는 느낌이라....  하나로 여러 기능 다 되는 것도 좋고.. 근데 관리가 쉽지 않다는 게 요게 문제네요...ㅋㅋㅋㅋ
그래도 뭔가 시간과 정성을 들여서 제대로 된 한 끼 즐기고 싶은 날엔 이만한 선택이 없을 것 같아요ㅎㅎ",0,2026-03-18
wzs9XUrV-Pk,UgxVWbn7SSUJQF9ZPSB4AaABAg,@김지연-k9b6d,". 에어프라이어 오븐!!!
튀김+굽기+베이킹 다 되는 만능! 오븐 기능까지 있어 파티 음식 만들 때 유용해요. 공간 절약되고 요리 폭 넓어진 기분!",0,2026-03-17
wzs9XUrV-Pk,Ugx2-9HIoICMbYjIh2t4AaABAg,@sy123jeon5,"저는 광파오븐이 원픽이에요! 구이, 베이킹, 데우기까지 다 가능해서 주방 필수템 같아요 👍",0,2026-03-19
wzs9XUrV-Pk,Ugz7CksCnEFw1DdChgp4AaABAg,@Funnyholic-r8w,"광파오븐 쓰고 있는데 너무 너무 편하고 좋습니다. 제 원픽은 광파오븐이요! 이건 저만 아는 꿀팁인데 LG광파오븐은 전자레인지 기능도 엄청 강력합니다 1000W 이상으로 느껴져요. 자동세척까지 있는건 강추 포인트!
약간의 아쉬움은 에어프라이어 기능이 실제 에어프라이어 보다는 조금 약한거 같아요.
그래도 육각형에 가까운 기능을 가진 녀석은 요녀석 밖에 없을껄요😂",0,2026-03-13
wzs9XUrV-Pk,UgxuAPFJX7WyQ4V9IP94AaABAg,@bb_jihyun,전자레인지랑 에프는 있는데!! 이거보니까 광파오븐 사고싶내오...ㅎㅎ 맥시멈라이프!!,0,2026-03-13
wzs9XUrV-Pk,UgzFr44niAde_hLjXWV4AaABAg,@s1pad400,"광파오븐이 제 최애예요. 속도가 빨라서 바쁜 아침에 고기나 생선 구울 때 딱이고, 겉바속촉 식감도 살아있어요. 좀 더 투자할 만한 가치가 있다고 생각해요ㅎㅎ",0,2026-03-17
wzs9XUrV-Pk,Ugx9zAj1WuV85n82PBN4AaABAg,@combatbulid,영상 보면서 주방 가전 정리가 싹 되는 기분이라 너무 속 시원했습니다! 저의 최후의 승자이자 원픽은 광파오븐이에요. 주방은 좁은데 전자레인지도 필요하고 에어프라이어의 겉바속촉도 포기 못 하는 저 같은 사람한테는 공간 활용 측면에서 광파오븐이 최고의 필살기인 것 같습니다. 특히 냉동식품뿐만 아니라 제대로 된 요리까지 한 번에 해결할 수 있다는 점이 가장 매력적이에요.,0,2026-03-15
wzs9XUrV-Pk,UgybnepJElZYnpxKzBN4AaABAg,@manuka_honey,"저는 에어프라이어 원픽입니다. 영상 보면서 내 생활패턴을 솔직하게 돌아봤는데, 저는 요리에 진심이라기보단 냉동식품이나 간편식을 바삭하게 먹고 싶은 쪽에 가깝더라고요. 광파오븐이 맛 하나는 압도적이라는 거 알면서도, 청소 얘기 나오는 순간 현실적으로 내가 저걸 꾸준히 관리할 수 있을까 싶었어요 😅
특히 글라스 에어프라이어 추천 보면서 코팅 벗겨질 걱정 없이 조리 과정도 눈으로 확인할 수 있다는 게 생각보다 많이 끌렸어요. 요리하다 타이밍 놓쳐서 태워 먹는 게 한두 번이 아니라서요. 바스켓 꺼내서 식탁에 바로 올리고 남으면 뚜껑 덮어 냉장고 직행이라는 것도 현실적으로 너무 맞는 라이프스타일이고요. 비싼 가전이 아니라 매일 열게 되는 가전이 좋은 가전이라는 말, 이 영상에서 제일 와닿은 한 줄이었습니다 🙂",0,2026-03-18
wzs9XUrV-Pk,Ugx-fl8E8a6fWDFr57B4AaABAg,@행복한철이냥,결국 뭐든 장단점이 있는 셈이네ㅋㅋ 돈을 떠나서 평소 생활습관에 맞게 선택하는게 중요할듯,0,2026-03-17
wzs9XUrV-Pk,Ugz0ij-c2lKfrTVAC_Z4AaABAg,@heeeeny,"전자레인지
접시만 닦으면 될 정도로 청소 걱정이 거의 없고, 공간도 적게 차지해 실속 있습니다! 바쁜 일상 속에서 빠르고 간편하게 한 끼를 해결하는 것이 가장 중요하다면 전자레인지가 최고죠 ㅎㅎ",0,2026-03-19
wzs9XUrV-Pk,UgwrhDsVVcYu1Zt9GhJ4AaABAg,@cocoball2000,"에어프라이어가 제 원픽입니다
튀김요리기준 눅눅해지지 않고 만들었을때의 바삭한 식감을 어느정도 다시 느낄수 있어서 좋더라구요 또 다양한 요리를 간편하게 할수있고 식재료 내의 기름을 쏙 빼주어 칼로리를 낮추는점도 제일 마음에 들어 에어프라이어를 제일 애용하고 있습니다",0,2026-03-19
wzs9XUrV-Pk,UgzItY6ekkL_GLRADfd4AaABAg,@SONGAZY,저의 원픽은 에어프라이어입니다! 기름 없이도 바삭한 식감을 살릴 수 있다는 점이 가장 큰 매력이라고 생각해요. 식은 치킨이나 감자튀김을 살리는데는 역시 에어프라이어가 제격 이지요~ 겉은 바삭하고 속은 촉촉하게 만들어줘서 완전 만족스러워요~ 그리고 조리 과정이 간단해서 재료만 넣고 시간만 맞추면 되니까 요리에 자신 없는 사람도 쉽게 활용할 수 있다는 점이 좋았습니다. 건강과 맛을 동시에 챙길 수 있는 가전이라서 앞으로도 꾸준히 잘 사용할 것 같아 선택했습니다.,0,2026-03-19
wzs9XUrV-Pk,Ugz4WMv8MMeMY-FwLy94AaABAg,@ModernF-fo3so,요리 좀 제대로 할거면 이것저것 사기보단 오븐 하나두면 편해요 일반오븐 광파오븐 상관없고요. 근데 오븐은 깨끗하게 오래 쓸꺼면 꼼꼼하게 관리하긴 해야죠,0,2026-03-13
wzs9XUrV-Pk,Ugyh2CfsuHsU30ktIeJ4AaABAg,@햄쥬,에어프라이어 간편하고 바삭한 식감이 너ㅜㅁ 조아요,0,2026-03-19
wzs9XUrV-Pk,UgxJHh_mfq6h1lSHsa54AaABAg,@ole_ole_oo,"광파 오븐 
두꺼운 통삼겹의 육즙을 사수하는 광파 오븐 기대가 되고 통삽겹 요리 만들어 먹고 싶어요",0,2026-03-19
wzs9XUrV-Pk,UgxwTv6cHDLBD2fsSgV4AaABAg,@kacrov,"전자레인지! 
저에게 주방 가전의 미덕은 첫째도 속도, 둘째도 간편함! 퇴근 후 지친 몸으로 요리할 기운도 없는데 버튼 몇 번에 햇반과 간편식이 완성되는 마법은 전자레인지뿐이잖아요. 공간도 적게 차지하고 청소 걱정도 없으니 저 같은 프로 귀찮러에겐 이만한 효자템이 없습니다 😂",0,2026-03-19
wzs9XUrV-Pk,UgwPddyTm0ERhu44sQ94AaABAg,@오늘의만두,쿠진아트 너무 맘에 드네요,0,2026-03-13
wzs9XUrV-Pk,UgyRYlMT857DrOLNz8p4AaABAg,@써니데이-t9d,"집에 세개 다 있는데 전자레인지 > 광파오븐 > 에프 순으로 쓰는 거 같아요.
만족도가 제일 높은 건 광파오븐이긴 한데 관리가 귀찮긴 해요",0,2026-03-13
wzs9XUrV-Pk,UgyzO4f_T250_vqIVmx4AaABAg,@user-ri4rb9iw6t,광파오븐이 원픽이에요!! 기능이 좋은 게 많은 것 같아요!,0,2026-03-14
wzs9XUrV-Pk,UgwpfvRz_CbO8jKf4UZ4AaABAg,@bjs8049,"광파오븐이요! 
광파오븐은 전자레인지나 에어프라이어, 오븐 등 다양한 기능을 하나로 쓸 수 있어서 만능 주방 가전이라 좋아요!
주방 공간이 협소하여 이것저것 가전제품을 놓다 보면 공간이 부족하기 마련인데, 광파오븐 올인원 주방 가전이라 공간 활용이 좋다는게 최고 장점 같아요.
일반 오븐 보다 조리 속도도 빠르고, 에어프라이어보다 요리 완성도가 높은 제품이라 저의 원픽이에요🧡
각자의 생활패턴에 맞게 실패 없는 주방 제품을 추천해 주셔서 감사합니다!",0,2026-03-17
wzs9XUrV-Pk,UgxRPuhcvAt1eJfK6UV4AaABAg,@user-zk9so3xh2q,"광파오븐
편리한 기능이 많아서요~",0,2026-03-13
wzs9XUrV-Pk,UgyWHvPMkmljRN0b61d4AaABAg,@윤경미-f7h,가탐은 가전만 하나요? 이어폰이나 태블릿같은 전자제품도 다뤄주세요,0,2026-03-17
wzs9XUrV-Pk,Ugx1ufLN1spTMrYX9UF4AaABAg,@기다리던그날,"제 원픽은 광파오븐입니다. 
전자레인지로는 빠르지만 눅눅, 
오븐은 천천히, 
에어프라이어는 전용이라는 아쉬움이 있었는데, 
공간이 좁은 주방일수록 하나로 다 합쳐주는 광파오븐이 효율이 가장 좋을 것 같아요.",0,2026-03-17
wzs9XUrV-Pk,UgxzMgWYEhCIbb7pzRt4AaABAg,@사사로운날,"전자레인지 에어프라이어는 역시나 가지고 있습니다 약간의 필수템?!
그런데도 광파오븐은 놓칠 수 가 없네요
원래 고민하고 있었는데 확신이 드는 기분 80% 
보니까 그런것 같아요 간편식은 에어프라이어 까지 그리고 진정한 요리는 광파오븐에서 탄생! 
9:40 추천대상이 잘 맞은게 한끼를 제대로 챙기고 싶은 사람 (저) & 신혼부부가 킥이에요
그냥 부부는 대충 떼어 먹거나 이제 밖에서 먹거든요? 근데 신혼부부는
직접 해먹고 집에서 안주 만들어 먹을때도 많고 추억 쌓기거든요 사실 ㅎㅎㅎㅎ
친구가 신혼인데 광파오븐으로 연어 만들어준거 먹고 파는건줄 알았거든요
저는 1인가구지만 요즘 쿡방이 대세라 따라 해보고 싶은게 많아 광파오븐 고민 중입니다",0,2026-03-19
wzs9XUrV-Pk,UgzRY1giaUkLxjzSSm94AaABAg,@susie-f7n,"리빙웰 맘에 드는데, 혹시 컬러 옵션 없나요ㅠ 색상이 너무 주방 인테리어랑 안어울려",0,2026-03-17
wzs9XUrV-Pk,UgzVSrhKP9Os-q-KcFl4AaABAg,@vhmvhw,"광파오븐
사실 주방 공간이 넉넉하지 않다 보니 여러 대를 들여놓는 게 늘 부담이었는데 광파오븐 하나면 전자레인지의 빠른 데우기 기능부터 
에어프라이어의 바삭한 식감까지 한 번에 해결할 수 있다는 점이 가장 매력적으로 다가왔습니다. 
특히 요리 후에 관리가 힘들면 결국 안 쓰게 되는데 깔끔하게 관리하며 다양한 요리에 활용할 수 있다는 점이 제 생활 패턴과도 잘 맞는 것 같아요.",0,2026-03-18
wzs9XUrV-Pk,UgxPLt1zmJXs9uhIttp4AaABAg,@allimayun7416,"광파오븐 선택해요! / 현재 쓰는 제품이 고장나서 효율성이 좋은 제품이 너무 필요해요!! 

유튜브 구독완료 했어요! , 최근에 회사경영 악화로 실직을 해서 많이 우울한데, 당첨이 되면 기분 전환이 될 것 같네요!! 그리고 앞으로 이 채널이 더 많은 사람들에게 사랑받길 진심으로 응원합니다!!!",0,2026-03-19
wzs9XUrV-Pk,Ugyh0kN178SrsmlPKNR4AaABAg,@장용환-l2x,"저의 원픽은 전자레인지입니다!

평소에 요리를 자주 하기보다는 냉동식품이나 배달 음식을 데워 먹는 경우가 많아서, 무엇보다 빠르고 간편하게 데울 수 있는 점이 가장 크게 느껴졌어요. 버튼 한 번이면 몇 분 안에 식사가 가능하다는 게 정말 실용적이더라고요.

또 주방 공간이 넓지 않다 보니 크기가 비교적 컴팩트하고, 따로 복잡한 설치 없이 어디든 두고 쓸 수 있는 점도 장점이라고 생각합니다. 게다가 사용 후에는 내부만 간단히 닦아주면 되니까 관리도 부담이 적어요.

겉바속촉 식감은 조금 아쉽긴 하지만, 제 생활패턴에서는 속도와 편의성이 더 중요한 요소라서 전자레인지가 가장 잘 맞는 선택이라고 느꼈습니다!",0,2026-03-18
wzs9XUrV-Pk,Ugzr4-5-trE_JFO83sl4AaABAg,@몰라양-y5o,오븐의 단점이 시간이 오래걸리고 속이 잘 안익는 거던데 광파오븐은 빛이 속안까지 투과하고 오븐의 열기와 전자레인지의 마이크로파까지 3중으로 요리를 시켜준다는 거네요. 육즙을 잡아주고 빨리 먹어야 하는 요구까지 충족시켜주는 광파오븐이 최고예요.,0,2026-03-19
wzs9XUrV-Pk,UgxTHUHju8HXxhw5aRF4AaABAg,@김이호꽃,다음에 음처기 좀 해주세요 사고싶은데 생각보다 브랜드가 엄청 많더라고요,0,2026-03-17
wzs9XUrV-Pk,UgxmBFN08hPnjdN68vF4AaABAg,@Wild_Achillea,"저는 광파오븐이 원픽입니다!
평소에 요리를 자주 해 먹는 편인데, 전자레인지의 속도, 에어프라이어의 바삭함, 오븐의 깊은 맛 이 세 가지를 한 번에 해결할 수 있는 게 결국 광파오븐이라는 결론에 도달했습니다.
특히 해동·굽기·구이·베이킹·토스트까지 한 기기로 커버되는 점이 진짜 매력적이었어요. 공간도 아끼고, 요리할 때마다 기기 옮겨가며 번거롭게 사용할 필요도 없고요. 고기 구울 때 육즙은 살리고 겉은 노릇하게 잡아주는 장면에서 바로 마음이 기울었습니다. 그리고 자취생·직장인 모두에게 중요한 게 “세척과 관리”인데, 광파오븐은 내부가 넓고 구조가 단순해서 청소 스트레스도 적어 보여서 더 실용적이라고 느꼈어요. 한마디로 하나로 최대 효율을 원하는 사람에게는 딱 맞는 선택 같아요.
이번 영상 덕분에 기기별 장단점을 한눈에 정리할 수 있어서 정말 유익했습니다!",0,2026-03-18
wzs9XUrV-Pk,Ugz0vsCq65DPNhBTst94AaABAg,@다알리아7,"성장기인 우리 두 아이가 제일 좋아하는 튀김! 매번 기름에 튀겨주자니 건강이 걱정되더라구요, 에어프라이어 오븐으로 조리를 하면 최소한의 기름으로도 겉은 바삭하고 속은 촉촉한- 영양가는 가득 하지만 기름기는 쏙 빼서 두 아이가 좋아하는 치킨이나 돈가스를 훨씬 담백하고 건강하게 만들어줄 수 있으니 엄마의 걱정은 줄이고 아이들의 즐거움은 높여주는 최고의 건강 지킴이가 될 거 같아요! 에어프라이어 오븐로 만들어가는 우리 아이들의 건강한 식탁! 우리집에 건강한 혁명을 간절히 꿈꾸며 저의 원픽으로 소원합니다!!😆",0,2026-03-18
wzs9XUrV-Pk,UgwwCmHqIpCAIwPZDcJ4AaABAg,@달달한라떼잔,"에어프라이 오븐!
얼마나 좋은걸요~",0,2026-03-19
wzs9XUrV-Pk,Ugydb-B_Kal7LSAvOux4AaABAg,@s2u1_s2u1,전자레인지 / 전자레인지는 생활 필수품입니다.,1,2026-03-19
wzs9XUrV-Pk,UgypYg5GcDCNtJKBJhx4AaABAg,@생각하는물고기-v7o,요리 잘 안하는데 에프사면 돈 낭비겠죠? 그냥 레인지 쓸까요?,0,2026-03-13
Kf8lamu5wMo,Ugytuiqzgk2Te1-wOVR4AaABAg,@pardus-o2v,전자레인지 성능은 좋습니다. 햇반 2분 돌리면 용암되서 나옵니다. 다만 에어플라이어 기능이 형편없습니다. 생선까스 20분 돌려도 속 하나도 안익은거 보고 깜놀...안되는건 아닌데 식품포장지에 제시된 에프 조리시간에 3배는 돌려야 합니다. 제가 찾은 방법은 강력한 전자레인지 성능으로 일단 익힌다음 스프레이 기름으로 한번 코팅하고 다시 에프로 돌리면 됩니다. 그럼 조리시간 확 줄고 우리가 원하는 모습으로 나옵니다. 어차피 20만원 초반대에 이런 제품도 없어서 전 만족하고 쓰는 중.,11,2025-06-08
Kf8lamu5wMo,UgzAN9fH8HvbKr2NRDJ4AaABAg,@concede246,다른 요리는 에어프라이어나 후라이팬으로 조리해도 그 맛이 잘 나는데 유독 생선은 오븐이 아니면 고갈비 같이 맛있는 구이가 잘 안 되더라구요… 가족들과 맛난 생선 구이 먹어 보고 싶습니다!!😊,5,2024-06-23
Kf8lamu5wMo,UgwoT_I1poduzvjHmFF4AaABAg,@goodsile1024,이제품 사용자입니다. 전자레이지 성능은 굿인데 그외 에어후라이어는 성능이 너무 좋지않습니다. 구이가 거의 되질 않습니다. 반토막 생선구이 30분 구워도 안구워집니다. 다른 곳에서 구매후기에서도 저와 비슷한 의견이 많습니다. 구매 비추천,46,2024-12-30
Kf8lamu5wMo,Ugxihzm1DHcBhESluEx4AaABAg,@hjw-0502,광파오븐 알아보고있어서 리뷰 찾아보는데 찐 신동님 채널이였구나 유튜브 하시는줄 몰랐네 ㅋㅋㅋㅋㅋㅋ,1,2024-11-07
Kf8lamu5wMo,UgyrqTrCpEVRRH4SGhN4AaABAg,@aqsar0811,Seeing a convection microwave whose very purpose is the story SHINDONGDENGDONG💙,3,2024-06-24
Kf8lamu5wMo,Ugx_7k1ZnASbbMLx7zx4AaABAg,@UJS_LIME,"눅눅한 홈런볼이요~ ㅎㅎㅎ 레인지그릴 기능 사용하면 겉은 바삭~ 안쪽 초콜릿은 부드럽게 되지 않을까 싶어요. 이만큼 만능인 제품은 못 본 것 같은데, 홈런볼 도전해 봐야겠습니다댕동~",5,2024-06-23
Kf8lamu5wMo,Ugz0ZBi2N1A07XNBVQp4AaABAg,@machis7963,"와 진짜 저렴한 가격에 다양한 기능이 있는 광파오븐 제품이네요. 저희 집에서 고기를 생각보다 많이 먹는데 실제 작은 닭도 광파오븐으로 오븐닭으로 요리가 가능할지 궁금하네요 꼭 한번 해보고 싶어요 흐흐..
상상만해도 군침이 도네요!  좋은 제품 소개해주셔서 감사합니다!",2,2024-06-27
Kf8lamu5wMo,UgxE0cs-clfYNVSpzfR4AaABAg,@sarah-ys6ry,어머 똭 내가 원하는 정보에여…..❤❤,3,2024-12-11
Kf8lamu5wMo,UgyJgu4u3hga4tSj5Rt4AaABAg,@kim-nz3zv,"유어뿅 보고 왔어요 
신동님이 이런 유튜브 하시는 줄 몰랐어요.",5,2024-06-27
Kf8lamu5wMo,UgwITrxlZmY46A2nl-Z4AaABAg,@vaneelfsj1111MX,Gracias Shin!💖,0,2024-06-23
Kf8lamu5wMo,UgwDLvyMMJEq8kulNt14AaABAg,@doriscuadroscastro6480,"Gracias Shindong por la información,  el día de hoy aprendí algo mas❤ una fan más que te quiere.",0,2024-06-23
Kf8lamu5wMo,UgzZWd5QGX0tZ3DrnhF4AaABAg,@ThinRain-r7l,"냉동 떡갈비 맛나게 먹고 싶네요(어)
 에어프라이 정보 얻어가려다가 여기까지 왔네요 광파오븐 소개 감사합니다  고민이 더 많아지네요",0,2024-06-30
Kf8lamu5wMo,Ugz-glIcYixgp0fI5Gd4AaABAg,@pratiwi_aiyou6502,Thankyou for sharing Donghee Oppa... 💙💙💙,1,2024-06-23
Kf8lamu5wMo,UgwkCw5kpsrRwGUC0qt4AaABAg,@애벌레-e4g,알고리즘에 이끌려서 채널 보고 있는데 집에 있는 전자레인지 갖다 버리고 사고 싶을 정도로 탐난다…ㅋㅋㅋㅋㅋ 고구마에버터 올라간거랑 식빵으로 피자 만들어서 해먹고 싶다,0,2024-06-25
Kf8lamu5wMo,Ugwh7KUxJHCKDnM86514AaABAg,@jarowjo,각종 고기와 빵 구워보고 싶어요. 등갈비를 구워서 요리해보고 싶어요. 벌써부터 쿠킹할 마음에 설레는 마음❤❤  우리가족에게 해줄수 있길 바랍니다😂😂 광파오븐 신동님과 같이 대박나길 바랍니다❤,0,2024-06-29
Kf8lamu5wMo,UgxfNsBDNScbxtNlBEh4AaABAg,@user-yesicanpark,집에서 회전판 없는 무회전 전자렌지를 쓰다보니 확실히 청소도 편하고 네모난 조리공간 넉넉하게 다 활용할 수 있어서 완전 좋았는데 이 제품도 내부 넉넉하고 스팀청소하기도 편해보여서 좋네요 버튼으로 각 기능들 바로바로 스위치되니 간단하군요 렌지도 오븐도 에프도 필수인 사람한테 생명수!!!,0,2024-06-24
Kf8lamu5wMo,UgzmTShRLZkd8foR8Pl4AaABAg,@대영Kim,냉동 식품과 햇반을 먹느라 거의 매일 에어프라이어랑 전자렌지를 사용하고 있는데 이거 하나면 모두 해결할 수 있다는게 정말 좋네요 ㅎㅎ 기존에 쓰던 에어프라이어가 용량이 작아서 못해먹었던 닭한마리 통구이 한 번 해보고 싶습니다!,0,2024-06-23
Kf8lamu5wMo,UgyDow18hLHEJsp_HPx4AaABAg,@dalnim1106,생선구이나 지중해식 생선요리 해먹어보고싶어요~! 냄새가 어느정도 나는지 궁금하기도하구요!,2,2024-06-27
Kf8lamu5wMo,UgxD8NU_UjSpIUkG4Uh4AaABAg,@써니Z,"이제품 검정색 구매해서 사용중 인데 진짜 가성비 좋은듯 에프 기능도 쓸만하고 추천 제품임..
AS 만 잘해 준다면..",2,2024-06-30
Kf8lamu5wMo,UgwI6160NQUomMltl694AaABAg,@경제적자유sivel,마지막에 실사용 리뷰가 포함 되서 음식도. 보여줬으면 더 좋을것 같네요,0,2024-08-18
Kf8lamu5wMo,UgyhYeTlO6VLU3VpCgB4AaABAg,@vaalhaalla,저는 간단하게 용가리 치킨 사다가 돌려 먹고 싶습니다 ❤🎉 좋은 이벤트 감사합니다 ^^*,0,2024-06-24
Kf8lamu5wMo,UgwD-b2g5MehCKe0HVl4AaABAg,@KeinKwon,"광파오븐을 사면 우선 마트에서 파는 에어프라이어용 냉동식품들을 조리해 보고 싶습니다. 그리고 난 뒤는 또띠아를 이용한 피자를 만들어 보고 싶고, 최종 목표는 베이커리 도전해보고 싶습니다.",2,2024-06-28
Kf8lamu5wMo,UgwyZo5wT0HLXbgiVHN4AaABAg,@user-dlfnjwufk,"우와💖신동님 오늘도 역시 정보전달력 대박👍귀에 쏙쏙 들어와요!!!신동댕동 매번 느끼지만 리뷰가 항상 깔끔해서 더 기억에 잘 남는 것 같아요~좋은 제품소개해주셔서 감사합니다💖6:35 겉바속촉이라니!!!제가 해보고 싶은 요리는 11가지인데요~영상보는데 제가 하고 싶던 요리를 다 할 수 있게 제가 계속 찾던 기능들이 모두 다 갖춰진 제품같아서 정말정말정~~~말 써보고 싶어요!!!!! 제가 요리 하는 걸 정말 좋아해서 해보고 싶은 요리들을 상상하니까 벌써부터 엄청나게 설레네요😍이 제품 하나로 다양한 음식을 할 수 있으니까 직접 요리해서 주변 사람들과 함께 나눠먹고 고민하는 친구들에게도 추천하면👍정말 좋겠어요
<제가 해보고 싶은 요리 11가지>
먼저 제가 가장 해보고 싶은 요리는 제가 빵을 정말 좋아해서 우스갯소리로 제 몸의 반은 빵이라는 소리를 엄청 하고 다닐 정도로 빵을 좋아하거든요~~
매일매일 그동안 오븐을 꿈꿔만 오면서 재생목록과 매모장에 저장만 하고 만들지 못하던😭수많은 빵 레시피들을 이용해서 베이킹도 해보고 싶고 혹시나 베이킹 반죽을 할 여력이 안될 때는 크로와상 생지라고 간편하게 미리 반죽되어있는 거라서 사다가 바로 오븐에 굽기만 하면 되니까 부모님이랑 같이 오븐에 구워서 갓 만든 크로와상 빵에 우유먹어보고 싶어요

홈쇼핑같은 곳에서 방금 만든 빵 먹는 장면 나올 때마다 완전 그림의 떡이었는데 이 제품으로 빵 구울 수 있게 되면 정말 기뻐서 빵 먹을 때마다 행복할 것같아요~!!! 식빵 찢어먹는 장면 나올 때마다 갓 만든 식빵도 만들어보고 싶었는데 식빵도 만들고 마들렌 빵도 만드는 레시피영상 볼 때마다 만들어보고 싶었는데 정말 만들어보고 싶어요

그리고 마카롱도 정말 만들어보고 싶어요 마카롱진짜좋아하는데 가격이 부담돼서 마카롱만드는 영상 볼 때마다 직접 만들어서 잔뜩 먹고 싶다고 생각했는데 이 제품을 이용해서 저만의 마카롱을 만들어서 저도 걱정없이 마음껏 먹고 주변에도 선물로 나눠주고 할 수 있으면 정말 꿈만 같을 것 같아요💖

제가 오븐 스파게티도 엄청 좋아하고 식당가서만 먹을 수 있었는데 오븐 스파게티도 만들어먹어보고 싶어요

고구마그라탕도 떠먹는 고구마 피자처럼 고구마그라탕을 해먹는 레시피 볼 때마다 직접 해보고 싶었어서 만들어보고 싶네요
그냥 고구마도 구워먹어보고 싶어요 에어프라이어로 고구마구우면 정말 맛있다고 얘기만 들었는데 직접 구워먹어보고 싶어요

스테이크도 좋아하는데 온도 맞추기 힘들잖아요ㅠㅠ 6:03 영상에서 보여주신 것처럼 스테이크 만들어보고 싶어요
그 외에도 식빵러스트도 보면서 엄청 간편하고 맛있을 것 같더라고요
웨지감자도 해먹어보고 싶고 군만두도 해보고 싶어요

<마음에 드는 기능>
✨저희 집에 에어프라이어가 없어서 그동안 정말 불편했는데 이 제품은 에어프라이어 기능까지 있으니까 그동안 불편했던 시간들이 싹 사라질 것 같고 제가 혼자 끼니를 해결할 때마다 간편식품들을 많이 먹게 되는데 꼭 에어프라이어조리법만 적혀있더라고요ㅠㅠ
그래서 하나하나 에어프라이어없이 만드는 법 검색하느라 서러울 때도 있었는데 이 제품이 있다면 더 이상 그럴 필요없으니까 정말 좋고 전날 먹은 치킨같은 것도 에어프라이어에 조리하면 다시 새 치킨처럼 된다고 하더라고요
요새 냉동식품들도 에어프라이기 조리하라는 게 너무 많아서 매번 난감했는데 이 제품이 있다면 걱정없이 조리해서 먹을 수 있을 것 같아요

✨그동안 정말갖고 싶던 오븐 기능이 있어서 저의 꿈과 같은 빵굽기도 할 수 있고
오븐으로 고기도 굽고 빵도 만들어먹고 싶어서 정말정말 갖고 싶었는데
금액적으로도 부담되고 어떤 제품 골라야할지도 모르겠고 공간도 없어서 오븐은 꿈도 못 꿨거든요ㅠㅠ
간편조리식품만들어먹을 때마다 요샌 다 에어프라이기쓰라고 되어있어서 없으니까ㅠㅠ안 쓸 수 있는 방법 검색하느라 지쳐서 에어프라이어도 정말 필요했고 전자레인지도 살면서 필수품인데
이 3가지를 모두 다 구매하기엔 금전적으로도 부담이 되고 3개를 다 둘 공간도 없어서 엄두도 못내고 있었거든요ㅠㅠ
이 모든 기능이 하나에 들어가 있으니까 정말 최고👍👍👍👍

✨집에 오븐도 없고 에어프라이어도 없는데 유일하게 전자레인지가 있긴 하거든오
근데 도대체 언제 산 건지 기억도 안나게 오래돼서 제품도 단종된지 오래고 문도 고장나서 열고 닫을 때미다 엄청 힘들더라고요ㅠㅠ오래된 거라서 어느 순간보면 밑에 판이 안돌아가거나 문이 잘 안 열리고 안닫히고 총체적 난국ㅠㅠ
이 제품은 전자렌지도 되니까 쓸 수 있게 된다면 그동안 불편했던 모든 게 사라질 것 같아요

사용하다보면 청소하는 것도 은근 중요한 포인트인데 4:46 간편하게 닦아낼 수 있으니까 좋았어요
5:54 온도계까지 넣어서 온도유지체크까지 해주셔서 신동댕동 최고👍고기도 엄청 좋아해서 구워먹으면 정말 좋을 것 같아요
6:20 제트기 아니고 재튀김ㅋㅋㅋㅋ모드도 있어서 난감했던 남은 치킨 맛있게 먹을 수 있을 것 같아서 정말 갖고 싶네요

미리공부해서 알려주셔서 그동안 궁금했던 점들이 한번에 해결돼서 정말정말 좋았어요!!
내용도 이해가 쉽게 되고 귀에 쏙쏙 들어오는 딕션덕분에 기억에 더 잘 남아요
에어프라이어와 전자레인지 오븐을 고민하고 있는 주변 사람들에게도😍이 영상을 보여주면서 추천해주면 단번에 이해가 될 것 같아요
광파오븐과 전자레인지 에어프라이어 3가지의 차이점에 대해서도 궁금했는데 이해가 쉽게 정리해주셔서 역시 감탄했습니다👍
이 제품이 있다면 매일매일 정말 유용하게 잘 쓸 것 같아서 정말 갖고 싶어요💖
덕분에 좋은 제품알아가네요~~소개해주셔서 감사합니다",7,2024-06-27
Kf8lamu5wMo,Ugz85q531emAH4AgZWl4AaABAg,@hye.123,"광파 오븐 저도 신동님처럼 정말 에어프라이어, 전자렌지 기능이 다 구현될지가 의심스러웠어요.
그런데 아예 동일한 하드웨어가 되어있군요.
전자레인지와 더불어 에어프라이어도 필수 가전이 되었는데 은근 자리 차지가 크잖아요.
둘 다 정말 편하고 있으면 너무 좋은 기기들이니 이제는 꼭 있어야 한다고 생각하거든요.
그런데 한 기기로 처리할 수 있으니 너무 좋아요.
오븐 기능도 사용할 수 있고요.
저는 고구마튀김이랑 감자튀김 해먹고 싶어요!
그리고 가능하다면 크루키도요!!",1,2024-06-29
Kf8lamu5wMo,UgzWtL1VUEnvXkiY1U14AaABAg,@chaee_s2,통닭구이해먹어보고싶어요!! 대출을 많이끼게되긴햇지만 이번에 엄마가 생애 첫 자가를 장만해서 이사가게되었는데 좋은선물을 해보고싶어요 !,0,2024-06-26
Kf8lamu5wMo,UgyxckgmiARB9xaXdmx4AaABAg,@ohyeahroong,"와우 광파오븐이라는 걸 처음 알았는데, 사용해보면 엄청 좋을 것 같은 느낌이...🙄
안그래도 며칠전에 다음번에 에어프라이어를 구매하면 네모난 모양을 사고 싶다 그런이야기 했었는데ㅎㅎ
저는 광파오븐으로 허니버터오징어 만들어서 캔맥주랑 먹고싶어요 😆
아니면 식빵사서 피자빵 질릴때까지 원없이 해먹고 싶어요 ㅠㅠㅠㅠ",0,2024-06-28
Kf8lamu5wMo,UgyJUk2JOe4Fy9OWZDJ4AaABAg,@조후크,결혼식 앞두고 신랑이랑 빡센 다이어트중인데 😂 통밀또띠아에 야채 듬뿍올리고 치즈올려서 다이어트용 피자 만들어먹고싶어요!!!!!! 생각만해도 행복할것같아요 ㅎㅎ,0,2024-06-28
Kf8lamu5wMo,UgxrWLu3VLmemtNEW8p4AaABAg,@helen_p_happy,아니 신동님 유툽 하셨구나😮 궁금한 제품이었는데 리뷰 해주셔서 감사해요,6,2024-08-03
Kf8lamu5wMo,UgyOCfrL2A5kFP--Yx14AaABAg,@2deol2,생지빵도 굽고 싶고 에어플라이용 치킨를 만들어 보고 싶네요.,0,2024-06-25
Kf8lamu5wMo,UgwvRe321NiH-c631ed4AaABAg,@PurpleRen-cw3mw,"I actually thought to buy this type of oven that can air fry too!!
Since the I have air fryer but not enough when laid flat fries, and big oven that feels wasteful if I just want to bake one side of chicken breast for my daughter (she currently on less fried food diet due she keep on getting cough = more works for me 😭)",0,2024-06-25
Kf8lamu5wMo,UgzXm3ghAHdR4nLHKWZ4AaABAg,@minokorea,광파 오븐으로 쿠키 만들어 보고 싶어요 ㅎㅎ 집이 좁아 큰 오븐 사기는 어렵고 작고 힘좋은 광파 오븐으로도 쿠기 만들기 가능하겠죠 ㅎ ?,0,2024-06-23
Kf8lamu5wMo,UgznEYKqWjTHPk8opFp4AaABAg,@MarCz32,Wow 😲 es increíble esa tecnología ..me deja cada vez más sorprendida 😯🫰🏻,1,2024-06-23
Kf8lamu5wMo,UgzrsHZpH0s-BTnQYg94AaABAg,@김영훈-p3n,치킨먹는거 보고싶네요,3,2024-06-28
Kf8lamu5wMo,Ugzbbd7WxfIqqg0e9-l4AaABAg,@arkson9912,"Lg광파오븐이 레전드여서 15년째 쓰고 있내요... 안에 불도 나가서 열어봐야 굽기를 볼수있고, 스텐 매쉬망에서는 레인지 돌리면 불꽃도 튀겨요..ㅎㅎ 크기도 적당하고 좋을거 같네요.. 함 써보고 싶당요...",0,2024-06-24
Kf8lamu5wMo,UgyHU1_w-0PMBXia2pN4AaABAg,@피디디스스,신동형님 아이돌 출신 맞으신가요??ㅋㅋㅋㅋ예능이나 유튜브나 촬영할때 그냥 배테랑같거나 재밌게 느껴집니다 광파오븐으로 생 닭가슴살 해동해서 칼집내고 대파 좀 짤르고 마늘이랑 같이 조리해서 먹으면 맛있겠습니다 ㅋㅋㅋㅋ형님 유튜브 흥하시길 바랍니당,0,2024-06-23
Kf8lamu5wMo,UgxQ7UXNbuNtYH31csV4AaABAg,@Redic1224,"🍀미디어 광파오븐으로 만들어보고 싶은 음식은 바로 ""바삭한 닭강정""입니다! 1900W의 강력한 에어프라이어 기능으로 닭고기를 속까지 골고루 익히고, 바삭한 식감을 살려 겉은 바삭하고 속은 촉촉하게 만들 수 있을 것 같아요.

레시피는 인터넷에서 쉽게 찾아볼 수 있을 것 같고, 미디어 광파오븐에는 재튀김 모드도 있으니 남은 닭강정을 재활용해서 더욱 맛있게 즐길 수 있을 것 같아요. 저는 매운맛을 좋아하기 때문에 양념에 고추장이나 고춧가루를 넣어 매콤하게 만들고, 깨나 들깨를 뿌려 마무리하면 더욱 맛있을 것 같아요~!!",0,2024-06-29
Kf8lamu5wMo,UgxHj9J2GwbMv3XI1ud4AaABAg,@dmmml4478,매일 영상으로만 보던 크리스피 삼겹살을 꼭…,0,2024-06-23
Kf8lamu5wMo,Ugz60ZdtC95CZG_07mR4AaABAg,@ennizodev,😭its really appreciate & great,0,2024-06-24
Kf8lamu5wMo,UgyodI8tqu8hGxWilLV4AaABAg,@vhxhtiv123,"전 취준생 현 직장인으로서 취업을 준비하면서 저에게 남모를 취미가 생겼어요 
그게 바로 요리였는데 진짜 요즘같이 더운 날에는 확실히 주방에서 직접 요리하는 것보다는
기계를 쓰는게 맞죠!! 에어컨을 돌려도 환기 시켜야 할 문제도 없고 진짜 너무 좋아요 
광파 오븐이 있다면 할 수 있는 요리 정말 많죠 가장 간단한 로스트 치킨부터 통삼겹, 그냥 간단한 음식들부터 
다양한 고급 요리까지 가능하죠!! 안그래도 예전에 샀던 오븐겸전자레인지가 고장이 나서 오븐 기능은 사용 안하고 
전자레인지만 쓰고 있는 상황에서 하나 구매해야 하나 고민중이었는데 유튜브를 보면서 구매 고민이 하나 줄었습니다!!
정보 감사합니다 잘봤어요 ㅎ 아무래도 제일 생기면 먼저 해보고 싶은 요리는 그래도 간단하게 3년 간수한 천일염, 후추
올리브유, 바질, 파슬리로 간단하게 만들 수 있는!!! 바로 로스트치킨입니다 ㅎ 통 닭요리로 할 수 있는 용량인 만큼 바로 해서
맥주와 한잔하고 싶습니다 ㅎ 주말이니까 더 생각나는군요",0,2024-06-29
Kf8lamu5wMo,UgzDYbysV4LjM9nbSzN4AaABAg,@이루비-g7n,"에어프라이어와 전자렌지 모두 한 제품으로 통일 가능! 자취생은 따로따로 사기 비용이나 집 공간도 적어 부담이 여러모로 많이 되는데, 진짜 가성비도 좋고 활용도도 높은 제품이 드디어 나온 것 같아요! 이런 제품이야말로 진정한 삶의 질, 살림의 질 수직상승 아이템이라고 말할 수 있죠! 자취생인데 현재 집에 있는 에어프라이어가 크기가 너무 작고 오래돼서 탈인데, 애초에 중고 거래로 값싸게 산 거라 기능이 별로 좋지 않아서 애먹을 때가 많았거든요! 음 저는 얼마 전에 쇼츠에서, 한 미국 분이 오븐?에 구운 통 구이 치킨이랑 맥앤치즈를 같이 드시는 영상을 봤어요! 🥹💓 그게 진짜 꿀조합이라던데, 저도 그대로 한번 먹어 보고 싶더라구요. 한 여름밤에 넷플릭스 보면서 맥주랑 직접 구운 치킨이랑 맥앤치즈까지 페어링해서 먹으면, 진짜 낭만 죽여줄 것 같아요 ㅎㅎ 🦋🥰",0,2024-06-23
Kf8lamu5wMo,UgyY9lupnTp70UOpyl54AaABAg,@shkim2649,피자빵 오븐에서 해먹고 싶어요. 자주 가는 빵집에 피자빵이 있는데 소시지도 함께 있어서  첫째가 너무도 좋아하거든요. 가격도 조금 비싼편이라 직접 만들어서 아이가 맛있게 먹어주면 좋을것 같아요. ^^,0,2024-06-29
Kf8lamu5wMo,UgzzW7seY4xjERF5Dgh4AaABAg,@dalidaganumerzer,통삼겹살이 제일 먼저 떠오르지만 혹시 이걸로 전기구이 통닭 가능할까요?,0,2024-06-23
Kf8lamu5wMo,UgyMEKGg2FXy9LCOe014AaABAg,@roze4154,오븐요리 해주세요 촉촉하게 유지되는지 궁금해요 에어프라이기는 팬돌아가서 너무 건조해져서,0,2024-06-26
Kf8lamu5wMo,Ugx5MTeiztQBdGmxANN4AaABAg,@carina1967,"Gracias por los subtitulos 
Shindong 💙🫰",1,2024-06-23
Kf8lamu5wMo,UgwOBahTPyAViqXq0gN4AaABAg,@리투름,"신동댕동 채널 구독과 좋아요 알람설정은 모두모두 완료해두었구요!!😊😊

오늘 영상 보면서 광파오븐이라는 새로운 신문물을 마주할 수 있어서 너무나 좋았어요~❤❤

저는 광파오븐 이용해서 통삼겹구이 해먹고 싶다는 생각이 들었는데요~
제가 정말정말 너무나도 사랑하는!!! 삼겹살~ 하지만 요리를 하려고 할 때마다 기름이 너무 많이 튀어서 맛있지만 집에서 너무나 힘들었던 요리가 바로 삼겹살이 아닐까 생각하는데요. 예전에 여행가서 통삼겹구이 먹었었는데 그야말로 황홀감이 느껴지는 요리였거든요😊

그런데 그냥 삼겹도 버거운데 집에서 통삼겹을 먹을 수 있는 건 상상도 못했었죠😢😢

하.지.만 오늘 신동님이 소개해주신 광파오븐이라면 정말 통삽겹 통으로 넣어서 기름 튈 일도 없이 골고루 익혀서 확실하게 육즙까지 잡아서 그야말로 외부 캠핑이나 고급 레스토랑에서나 먹을 수 있었덤 통삼겹의 즐거움을 맘껏 누려보고 싶어요~😊😊

매번 맛있고 즐겁고 행복한 소식 전해주시는 신동님 넘나 감사합니다❤❤❤",0,2024-06-28
Kf8lamu5wMo,Ugz-NH0B94IMbtZpfwN4AaABAg,@ssooki1,통삼겹구이 해보고 싶어요❤,1,2024-06-24
Kf8lamu5wMo,Ugxhx0lOqQ5FHtusdMJ4AaABAg,@비니무,와 유료광고 표기가 없어서 광곤줄 알았네요,0,2024-10-31
Kf8lamu5wMo,UgzyGNZmxvbmtPzjE0d4AaABAg,@체이스chasee,대탈출 정주행중인데 시즌5 나왔으면 좋겠네요,0,2024-06-23
Kf8lamu5wMo,UgwQXwEQITAwgsQJTRB4AaABAg,@jerrysia9591,형님.. 완전 쇼호스트인데요?,0,2024-07-05
Kf8lamu5wMo,UgyU_PKCx6Wkz0SwES54AaABAg,@lkj6556,가능하다면 통구이를 해 먹어보고 싶네요,0,2024-06-23
Kf8lamu5wMo,UgySInNhnoqYUkWOOoZ4AaABAg,@rding3149,"와 싸네요 이거 전에 lg광파 썼는데
광파가 좋은점은 공간활용임
그리고 오븐기능사용시 결국 드러워져서 바꿔야하는데 저 가격이면 괜찮은듯
근데 평을 보니 오븐기능이 매우 약한듯",1,2024-09-26
Kf8lamu5wMo,UgyYSux4y2X1nsVF1Y94AaABAg,@CrazyFanOfMassCulture,Кажется я ждала всего кроме обзора на печку...😂,0,2024-06-23
Kf8lamu5wMo,Ugz11ElXzRt15Cxoa6x4AaABAg,@fatiaalifah,Aqsar says oppa Shindong very funny 😂😆😂😆😂😆 keep spirit and stay healthy oppa Shindong and oppa super junior 💙💙💙💙💙💙💙💙💙💙💙💙💙💙💙💙💙💙💙💙💙💙💙💙💙💙💙💙💙💙💙💙💙💙💙💙💙💙💙💙💙💙💙💙💙💙💙💙💙💙💙💙💙💙💙💙💙💙💙💙💙,0,2024-06-26
Kf8lamu5wMo,UgxWw8o8qvnHDbkV-G94AaABAg,@fatiaalifah,"Fatia and Aqsar always support Oppa Shindong and oppa super junior until fatia and aqsar grow up later 😊☺️☺️😊😊☺️☺️😊😊☺️☺️😊😊☺️☺️😊😊☺️☺️😊😊☺️☺️😊😊☺️☺️😊😊☺️☺️😊😊☺️☺️😊😊☺️☺️😊😊☺️☺️😊😊☺️☺️😊😊☺️☺️😊😊☺️☺️😊😊💙💙💙💙💙💙💙💙💙💙💙💙💙💙💙💙💙💙💙💙💙💙💙💙💙💙💙💙💙💙💙💙💙💙💙💙💙💙💙💙💙💙💙💙💙💙💙💙💙💙💙💙💙💙💙💙💙💙💙💙💙💙💙💙💙💙💙💙💙💙💙💙💙💙💙💙💙💙💙💙💙💙💙💙💙💙💙💙💙💙💙💙💙💙💙💙💙💙💙💙💙💙💙💙💙💙💙💙💙💙

Oppa Shindong, oppa super junior 😊😊☺️☺️😊😊☺️☺️😊😊☺️☺️😊😊☺️☺️😊😊☺️☺️😊😊☺️☺️😊😊☺️☺️😊😊☺️☺️😊😊☺️☺️😊😊☺️☺️😊😊☺️☺️😊😊☺️☺️😊😊☺️☺️😊😊☺️☺️😊😊☺️☺️😊😊☺️☺️😊😊☺️☺️😊😊☺️☺️😊😊☺️☺️😊😊☺️☺️😊😊☺️☺️😊😊☺️☺️😊😊☺️☺️😊😊☺️☺️💙💙💙💙💙💙💙💙💙💙💙💙💙💙💙💙💙💙💙💙💙💙💙💙💙💙💙💙💙💙💙💙💙💙💙💙💙💙💙💙💙💙💙💙💙💙💙💙💙💙💙💙💙💙💙

Oppa Shindong funny 😂😆😂😆😂😆😂😆😂😆😂😆",1,2024-06-26
Kf8lamu5wMo,UgyWqqy3qss1qy4snwt4AaABAg,@markjung2495,"7/1에 신혼집으로 입주하는데 새로운 집에서 ""미디어 광파오븐의 레인지 그릴 모드""로 겉바속촉 통삼겹 만들어 먹어보고싶어요!!! :)",7,2024-06-23
Kf8lamu5wMo,UgxoiXTmz5CMHMP5NUZ4AaABAg,@Eva_Ou,💙💙💙,0,2024-06-24
Kf8lamu5wMo,UgxEsm7-QuplzkGvYwJ4AaABAg,@flokim627,9월28일 결혼예정이라서 가전제품 고민하고있었는데요! 집에 넓진않아서 전자레인지와 에어프라이어를 같이 살지 대기업 광파오븐을 살지 고민중이었습니다. 기존 광파오븐이 이도저도 아니라는 의견들이있어서 고민했는데 많이 도움 됬어요! 이벤트 당첨되면 에어프라이어 기능으로 구운치킨만들어보고 싶네요.,1,2024-06-24
Kf8lamu5wMo,UgwXFAN0QKzqRkCgf0F4AaABAg,@boboddl,우앙 엘지꺼 사야징,0,2024-06-24
Kf8lamu5wMo,Ugz1RGM7CVwqXHlXJfR4AaABAg,@siashin8363,"원룸 오피스텔에서 시작하고있는 신혼부부에요! 자리가 협소해 가전들을 많이 못놓고있는데, 다기능을 하는 제품이라 원룸에 놓기 좋아보이네요 😍
하고싶은 요리는 신랑이 치킨을 좋아해서 오븐구이 치킨이랑, 제가 라자냐를 좋아해서 치즈,고기듬뿍 라자냐도 구워보고싶어요
베이킹도 되나요? 요새 빵값이 너무 비싸서 빵도 구워보고싶네요!",5,2024-06-23
Kf8lamu5wMo,Ugx4YRLRZynE-dTIhNJ4AaABAg,@user-ov7cn1cp9uu,청소...그게 어려워....그건 써보고 나야 알아,0,2024-06-24
Kf8lamu5wMo,UgzH1SBG3tHgJ4w7RFR4AaABAg,@mutiaraarsita,💙💙💙💙,0,2024-06-23
Kf8lamu5wMo,Ugx5N_p6_DtjW28qBxt4AaABAg,@팔자갓,오븐이면 제빵이죠.^^ 광파도 되는지 모르겠어요.^^,0,2024-06-23
Kf8lamu5wMo,UgxE-cPc20ARlXWgZod4AaABAg,@네모-h8s,혼자살아서 작정하고 요리하기 힘든데 오븐이 생기면 통삼겹 오븐 구이 삼겹살 한번 해먹어보고 싶어요,0,2024-06-23
Kf8lamu5wMo,UgzO2l6VEAzdLRxWwEt4AaABAg,@ivanazucca2024,Thanks Shindong! You always surprise me with the new and most advanced in technology. Now I feel the need to have that oven...,0,2024-06-23
Kf8lamu5wMo,UgwTwr7FRMJn6vGnc2F4AaABAg,@김향혜-b7q,앵 진짜 신동이네,0,2026-06-03
Kf8lamu5wMo,Ugzdg29ewkh8txd30mZ4AaABAg,@dae-young-1210,"동그리동동 동선배
동희형 아형 잘보고있어❤",0,2024-06-23
Kf8lamu5wMo,UgwujNlnH-NmLdY9r8p4AaABAg,@대머리벗방,대탈출보고싶다,0,2024-06-27
Kf8lamu5wMo,UgzdT8FgkpaWYN52fF14AaABAg,@ashim50,Shinshin ❤❤❤,0,2024-06-23
Kf8lamu5wMo,Ugwt28NkZenTzjn9_oN4AaABAg,@유정현-s2m,약간 귤구이 같은 수분 많은 과일도 되는지 궁금해요!! 요즘 과일 구이에 빠져있는데 복숭아 잘라서 구워서 바닐라 아이스크림이랑 드셔보시는거 추천드려요!! 복숭아도 광파 오븐으로 구워질까요..??,1,2024-06-23
Kf8lamu5wMo,Ugw1OBx1_eKKY6-sxeh4AaABAg,@appleyoutub,내부 기름때 세척은 어찌 하나요? 걍 스윽 닦는다고 될거 같진 않는데...,0,2024-06-23
Kf8lamu5wMo,UgwD68RYHWK7ohhadF14AaABAg,@Yeso369,"광파오븐이  에어프라이어도 되구 전자레인지도 된다고 하니 더욱 솔깃한 제품인 것 같아요 사실 제가 빵을 좋아하는 빵 순이라서 빵값이 감당이
안되더라구요.. 현재 임신중인데🤰🏻 입덧이 빵덧으로 와서 안먹으면 속이 울렁거리고 이 울렁거림은 빵으로 해결이 되어서 이제는 직접 빵을 만들어 먹어야 겠다고 생각이 들었어요! 아무래도 건강한 재료로 내가 직접 만들어야 안심이 될 것 같거든요🥹 집에 에어프라이어는 없구 전자레인지만 있는데 에어프라이어나 오븐을 사자니.. 좁은 신혼집에 자리만 차지할 것 같아서 생각조차 못하고 있었습니다 ! 그런데 신동댕동에서 광파오븐이 에어프라이어도 되고 전자레인지도 되고 오븐도 되다니요❤ 다양한 기능을 하나의 기계로 통합한 이 제품을 역시 소개하지 않을 수 없었나 봐요!🫢 역시 신동님의
안몫이란..🫢👍🏻

그래서 저는 이 미디어 플랫 광파오븐으로 빵을 만들어 먹구 싶어요!

🥪단호박 파운드 케이크

이미 식빵 틀은 구비해 놨구 유기농 밀가루와 단호박을 으깨서 알룰로스 조금만 첨가 하면 손쉽게 단호박 파운드도완성이 된답니다😊 우유에 한조각 먹으면 얼마나 맛있게요👉🏻👈🏻💛

🍝토마토 오트밀 그라탕

그리구 또하나! 토마토 오트밀 그라탕도 해먹으면 다이어트 식단도 되구 건강에도 좋은 식단이 될 것 같아요!
그라탕 용기에 오트밀을 깔구 토마토를 잘게 다져 넣어요! 올리브 오일 4숟가락에 소금 한꼬집 화룡점정으로 치즈를 올려주어 광파오븐 기능을 이용하면 멋진 브런치 메뉴가 완성이라구요!🍲🫕🍝

5:39 출력도 조절이 가능하니 조리방식에 따라서 진짜 조절이 가능해서 더 맛있는 음식이 완성될 것 같습니다!
6:19 ㅎㅎ 한국정서 라니!ㅎㅎㅎ 진짜 맞네요 재 튀김 기능 정석이쥬❤
7:00 오 가격이 정말 매력적인 것 같아요! 광파오븐 사랴 ..에어프라이어 사랴.. 전자레인지 사랴.. 자리도 많이 차지하는데 하나로 통합된 미디어 플랫 광파오븐이 이제는 제격일 것 같아요!😊

빠른조리와 건강한 요리 쉬운 관리가 다 가능하니 제 니즈를 아주 만족시킨 제품이었습니다! 신동님이 기가막히게 설명해 주시니 이해도 쏙쏙 되었어요!😊
다음 리뷰제품도 항상 기대가 된다구요 신동댕동😊❤",9,2024-06-29
Kf8lamu5wMo,UgyGRHEY1BR04qR38cR4AaABAg,@yun_yuni_,"광파 오븐 처음 들어보는데 동동쓰 덕분에 새롭게 알게 되었네요! 에어프라이어랑 전자레인지 기능을 함께 사용할 수 있다니 공간 차지 적고 비용절감에도 좋을 것 같네요👍

홈런볼 에어프라이어로 돌려먹으면 맛있다던데 광파 오븐으로도 해보고 싶네용",0,2024-06-23
Kf8lamu5wMo,UgzBDhu7mYEEGioL4IB4AaABAg,@라일락향기-m2l,엘지광파오븐은 좋다고 하던데.,0,2025-10-12
Kf8lamu5wMo,UgwyvXXUrx9I-l8ODxl4AaABAg,@비얀코,신둥님 여기서 모하세요?,0,2024-11-26
Kf8lamu5wMo,UgzCsi2Bgan2CcMtYkl4AaABAg,@user-pyrr40ima6et,이건 광파오븐 아니고 그냥 전자레인지 아님?,0,2024-11-16
Kf8lamu5wMo,UgwfIcroMHCUQsUYUyZ4AaABAg,@김영숙-d2k8v,"저는 아토피가 있는 아이를 위해서 '유기농 건강피자' 광파오븐으로 만들어보고 싶어요~😊😊

안녕하세요 두 아이의 엄마이자 전업가정주부랍니다!! 우선 신동님이 운영하시는 유튜브채널 신동댕동 채널 너무나 재밌고 유쾌하게 잘 보고 있어서 감사하다는 말씀 전하고 싶어요!

매번 전문 가전 유튜버보다 더 자세하게 그리고 다양한 제품을 알려주시고 소개해주시는 우리 신동님~ 신동님이 오늘 자신만만하게 가져오신 광파오븐인지라 보기 전부터 기대만발 일 수밖에 없었는데요~~

사실 저희 집에는 오븐이 없고 그냥 순도 100%의 가스로 운영하는 가스레인지 하나... 그리고 20년도 더 된 고장나기 직전의 전자레인지가 하나 있답니다😅 그래도 자부하는 건 이런 장비를 가지고도 우리 아이들을 위해서 그동안 정말 맛있는 음식 많이 만들어왔다는 사실인데요. 

아들이 유아 아토피가 있어서 항상 조심했고 자도 알레르기가 있어서 유전병인거 같아서 먹는 걸 특히나 조심해서 먹였는데도 아토피는 어찌할 수 없더군요😢 그래서 정말 외식 거의 일절 없이 집에서 제가 직접 몸에 좋는 재료 사다가 아이에게 맛있는 걸 만들어서 전해주었었는데요.

그런데 그 중에서도 집에서 만들기 힘든 음식들 있잖아요... 치킨이니 하는 그런 음식들..
그 중에서 피자 또한 만들기가 힘들어서 칭얼대는 아이를 달래서 부침개로 대체해주고는 했는데요.
예전에도 이런 광파오븐이 있었더라면 아이가 어렸을 때부터 먹고파하던 피자 건강하고 맛있게 만들어줄 수 있었을텐데😢

그래도 이제라도 이렇게 편리하고 성능좋은 광파오븐이 나오고 신동님 덕택에 알게 되었으니~ 이번 기회에 광파오븐 이용해서 맛드러지는 유기농 피자 만들어서 과거에 아들의 아쉬움 훌훌 털 수 있도록 해줘야겠습니다😊 너무나 좋은 제품 소개해주셔서 감사해요!",0,2024-06-28
Kf8lamu5wMo,UgwXlLPk7EHSkfF9ccJ4AaABAg,@karypan7180,💙💙💙💙💙💙💙,0,2024-06-23
Kf8lamu5wMo,Ugzgw27M2QlfUGwVTGp4AaABAg,@superiorcho,"진행도 잘하고 말도 잘하고, 끼도 많고,  슈주 멤버중엔 제일 롱런할듯.",0,2024-06-29
Kf8lamu5wMo,UgywwSRt_pPz9MoWxSd4AaABAg,@seoulian,"알리때 구매한 호떡을 광파오븐에 구워먹으면 맛있을 것 같아요! (요리 못하는거 아님... 암튼 아님) 
저도 참여 되나염....?",5,2024-06-24
Kf8lamu5wMo,UgzNgCDIE6Cvj9ZkYf94AaABAg,@GrayMoon228,에어프라이어 뒤늦게 있었음 좋겠다 생각하다가 요새는 광파오븐이라해서 생각 중이었는데 신동님이 때마침 소개해주시네요:) 통삼겹살구이와 버팔로윙과 식빵피자 만들어서 먹고 싶네요!,3,2024-06-23
Kf8lamu5wMo,Ugyj1bnNisZr4PawO_p4AaABAg,@fud535,피자,0,2024-06-23
Kf8lamu5wMo,UgwdJT-ZE1Hm8bf9nSl4AaABAg,@roze4154,"이런건 딱 재튀김용도나 기름기가적은 식품위주로만 에어프라이기 사용이 좋음 
기름많은거 생닭 , 삼겹통구이 이런거 돌렸다가는 기름때 청소가 너무힘듬 
바스켓형은 그냥 설겆이 하면되는데 
일체형은 기름때 끼면 답도없음

몇번 사용해보면 알겠지만 생닭은 그나마 먹을만해도 
통삼겹이나 , 소고기같은거 돌리면 맛도없고 돈버리는길이고 청소거리가 많기때문에 
에프 쓰다보면 결국 에프전용식품이나 재튀김용도로만 쓰게되서 
공간적인면을 볼때 광파오븐이  좋을것같고
일체형 에프 청소에 스트레스 안받는다면 갠춘할듯  

주사용처가 전자레인지고 , 보조사용처로 에어프라이기로 기기하나로 쓸때 좋아보임 
오븐기능은 잘모르겠구..",2,2024-06-23
Kf8lamu5wMo,UgyE7bFgA4e5qj7DBJN4AaABAg,@kkami001,750w 말할때부터 신뢰도 하락.. 걍 뒤로감,1,2025-03-09
Kf8lamu5wMo,UgzYlw8DtbwezazJBLh4AaABAg,@여여인희,"안녕하세요 최근이사를 해서 전자레인지 알아보고 기능이 많은걸 찾고있었습니다 
에어프라이어랑 전자렌지 같이되는건 다 
너무비싸더라고요
요건 너무 귀욥게 생기고 최애 윙도 돌려먹을수있다고 하니 자취하는 저에게는 딱일듯싶습니다^^",0,2024-07-28
Kf8lamu5wMo,UgzsXbjPZVuLqjXSnqx4AaABAg,@백마탄환자와백살공주,"요양병원에 전자렌지만있어서
요즘 대부분의 냉동식품이 에어프라이용이라 돈까스랑,윙 좀 바삭하니  원없이 먹어보고 싶어요 🫶🫶
역시 신동님 리뷰도 똑부러지시네요
귀에쏙쏙 들어오네요 
광고주님들 줄을서시오~~
제가 7년째  요양병원에 있는데 반찬이 너무하고 먹을만큼도줘서 사서해먹고싶은데 요즘 냉동식품은 99% 에어프라이 조리라 돈까스나 윙먹고싶은데 못먹고있어요
이번기회에 병동에 전자렌지말고 광파오븐으로 제대로 음식좀 먹고싶어요

신동댕동 언제나 꽃길만 걸으시고 행운이 함께하시기를 응원합니다 🍀🍀🍀🍀
빠샤빠샤 화이팅 ❤️‍🩹 🔥",2,2024-06-23
Kf8lamu5wMo,Ugxfu-FxmKB7qfpTL4h4AaABAg,@junsj87,광고하려고 공부한 듯 ㅋㅋㅋㅋ,0,2026-04-12
Kf8lamu5wMo,UgxZFcviw-AxuI8ZMPR4AaABAg,@땡큐파인,디자인이 예쁘다..할 때 이미 너무 협찬광고 스러운... 쩝... 솔직히 신동씨. 디자인이 예쁘진 않잖아요. 우리 그런 느낌은 아니잖아.,0,2025-03-13
Kf8lamu5wMo,UgwSUQwAyYOVcw6mibN4AaABAg,@딸규-k1b,와이프가 버터바를 너무 먹고 싶어해서 예전부터 해주겠다해주겠다 했는데 미디어 광파 오븐으로 꼭 해주고 싶습니다ㅠㅠ 버터바는 많은 양을 할게 아니라 가정에서 가족들과 해보기 너무 좋을것같아요!! 이벤트 당첨 되서 꼭 해주고싶습니다ㅠㅠ,2,2024-06-24
Kf8lamu5wMo,UgxK8UrhQ61AN5icqDZ4AaABAg,@sehun0827,사지마십쇼...,0,2026-05-08
Kf8lamu5wMo,UgyTyAQgEiHKykTOxRZ4AaABAg,@enk3462,"신동댕동 채널과 함께 이렇게 좋은 오븐을 소개받게 되서 감사하게 생각해요.
요즘은 아이들이 정말 좋아하는 음식을 해주게 되는데요~~~ ^^
오븐이 없다보니 전자렌지를 이용해서 그리고 가스렌지를 이용해서 해주는 요즘인데요
만약 오븐이 있다면 아이들이 좋아하는 스파게티를 제대로 해주고 싶어요.
미트볼도 직접 만들고 토마토 스파게티까지~ 이렇게 해서 오븐으로 만들어주고 싶습니다. 
항상 긍정에너지 전해주셔서 감사드립니다. 앞으로 더욱 승승장구 하시길 바라요.",0,2024-06-26
Kf8lamu5wMo,UgxiE13byOnAJs2UnG54AaABAg,@언제부자돼요,"전자렌지랑 에어프라이어 이 두개 집에 없으면 너무 서운하지만 은근 2개가 각각 차지하는 공간이 큰 편인데 광파오븐 하나면 에어프라이어,전자레인지, 오븐 효과까지 누릴 수 있으니 너무 좋네요저는 요즘 단짠단짠에 푹 빠져서 광파오븐 에어프라이어 기능으로 통닭 해먹고 싶어요 옛날통닭 형태로 먹는게 요즘 더 맛있게 느껴지더라구요 ㅋㅋㅋ",0,2024-06-27
Kf8lamu5wMo,Ugzn-4q8PEbuKxwIxCN4AaABAg,@측면삼각근-q9q,마침 오븐 구매하려고 찾아보다가 신동님 영상을 보게 되었습니다. 우선 신동님이 설명을 너무 잘해주셔서 그동안 헷갈렸던 부분들이나 궁금증이 있었던 부분들에 대해 해소가 되었네요ㅠㅠㅠㅠㅠ 간단하게는 일단 냉동 식품들 조리해서 먹고 그 이후로는 통삼겹부터 훈제 치킨등 다양한 요리에 활용해보고 싶습니다!!,0,2024-06-29
Kf8lamu5wMo,UgyjL7gcGZ2baL-ZML54AaABAg,@spacestar5547,"아이들에게 미니피자~ 해주고 싶어요 ^^ 
피자*루에서 항상 사먹고 있는데요 아이들과 재미있게 만들고
피자 맛나게 미니사이즈로 해 먹으면 소중한 추억도 되겠죠?
언제나 좋은 콘텐츠 감사합니다.",0,2024-06-29
Kf8lamu5wMo,Ugy4KYjPQf57L-TaJeB4AaABAg,@yjkim1177,"코로나19전에 프랑스에 출장 간적이 있었는데 라따뚜이 먹어봤었어요. 정말 맛있더군요 ^^
집에서 해보려고 했는데 오븐도 없고 그냥 나중에 사먹자 사먹자 한것이 그 이후로 한번도 없었네요.
만약 저희집에 딱 온다면 라따뚜이 해서 먹어보고 싶습니다. ^_____________^",0,2024-06-27
Kf8lamu5wMo,UgxbLYXQYQ2_S8WqkM54AaABAg,@유진아-e5z,넘 촌스러워요....,0,2024-11-16
Kf8lamu5wMo,UgyBErxoDI9Z8Y0eW-J4AaABAg,@belugablues,짐종국 보구 왔어요!! 🥰,0,2024-06-25
Kf8lamu5wMo,UgwKwynAle0bIQ2csk54AaABAg,@marsmars4435,"도미오븐구이 ^^ 생선요리 집에서 요즘 먹기 정말 힘든것 같아요 ^^
도미오븐구이 해서 사랑하는 부모님과 함께 먹고 싶습니다.
크기도 컴팩트하고 정말 좋은 그런 오븐이라는 확신이 들어요. 
언제나 좋은 제품 이리 발굴해주셔서 감사드립니다.",0,2024-06-29
X93fcQvjUVo,Ugym1ZuDk6YrXtLpQPJ4AaABAg,@AIT,"<통삼겹 테스트 관련>
2개 제품 구성품에 따른 조리 방법이 달라 동일한 조건으로 테스트하기는 어려운 점이 있습니다.

큐커의 경우 중간에 뒤집어 주지 않으면 바닥이 탈 수 있는 구조인 반면,
광파오븐의 경우 음식물과 바닥이 떨어져있어 직접적인 대면으로 인해 음식물이 타는 위험은 적습니다.

큐커는 사용자가 골고루 뒤집어주며 조리한다면 더 좋은 요리 결과물을 얻을 수 있을겁니다. 다만, 그만큼 많이 불편하겠죠.

자막에서도 안내드렸듯이 통삼겹테스트의 경우 '더 강하게 익힌 제품 기준'입니다.
<광안리>는 참고만 하시고 실제 구매 시에는 직접 매장에 방문하셔서 충분한 상담과 고민 후 결정하시길 바랍니다.",21,2021-12-06
X93fcQvjUVo,UgxURyVKQafmAuwlbsB4AaABAg,@이게뭐야_SIX,광파 오븐 사용전력량이 궁금했었는데 삼겹살에서 알 수 있어 좋았어요.,0,2021-12-07
X93fcQvjUVo,UgwyEp8OgkQoAJhXq7B4AaABAg,@kdkd401,"같은 밀키트로 비교해주셨으면 좋았을텐데~! 
비교영상 잘봤어요 감사합니다^^~~",32,2021-12-06
X93fcQvjUVo,UgwnafO7XI9sKQZvJKZ4AaABAg,@권유림-r7b,LG 오브제컬랙션의 광파오븐 ML32 이 제품 라인과 쿠커와 비교는 없을까요???,15,2022-01-11
X93fcQvjUVo,UgzTp-sDTHXUGgE0N994AaABAg,@funny-science,"적외선 온도계는 오류가 많아서 가열된 면에 사용하시면 안됩니다.
특히 반사가 되는 스텐은 금물입니다",24,2022-02-21
X93fcQvjUVo,Ugysum3tPCHbWj70uIx4AaABAg,@hiiit_23,근데 이해가 안되는게 큐커가 오븐기능이 없다고 들었는데 어떻게 저리 잘 익죠?,1,2025-01-16
X93fcQvjUVo,UgykHgF9QZcwTxS3qkJ4AaABAg,@goldnanaMT,이것은 삼성 광고 인가욤?,11,2022-03-23
X93fcQvjUVo,UgyCzLljJkdWm4KAb9x4AaABAg,@garykim6474,"스팀 에어프라이어가 청소가 쉽다고해서 구매할까 했는데, 기존 에어프라이어보다 덜 바삭하게 튀겨진다는 리뷰들이 있어서 망설이고 있어요-
일반 에어프라이어하고 스팀 에어프라이어 좀 비교해주세요~ 젭알~~~",5,2022-03-23
X93fcQvjUVo,UgwsBbwpZ48_NW4godN4AaABAg,@백원일-l6g,항상좋은정보 힐링방송 감사합니다 주말잘보네세요 항상응원합니다!^^,2,2021-12-03
X93fcQvjUVo,Ugz3y12d1Ss7icJyawF4AaABAg,@gravynine,와 2개 구매 비용만 100만원 넘네 ㅠ 역시 광안리 ㅠㅠ,3,2021-12-03
X93fcQvjUVo,UgycPQGXQ23p7ZlymSd4AaABAg,@MrEltopo38,엘지 광파오븐 사용자입니다ᆢ저는 기본 세팅에서 약간씩 상황에 따라 조절해서 사용하는데 아주 만족하며 사용하는 중입니다ᆢ,41,2021-12-06
X93fcQvjUVo,UgyF01qGd3fDrimc2sF4AaABAg,@nohandle1234-r1i,갓쥐👍👍👍👍,2,2021-12-08
X93fcQvjUVo,UgxDssPkXp4ETGrnikp4AaABAg,@kjh33472,Lg는 삼발이로 높이 열선 가까이 좀 높여서 돌려야해요.,1,2024-01-24
X93fcQvjUVo,UgxsvzDUfGxbferXk7Z4AaABAg,@바보사랑12,"삼성큐커는 겹살이가 탔네요♡♡
후기보면 엘지삼성 삼성승 제가 이상할까요??",2,2022-02-13
X93fcQvjUVo,UgwS-6J5PfHnlUuMDw94AaABAg,@jn2621,"엘지 선반식 32리터를 적용했었어야…
저모델은 회전식으로 삼성보다 출력이낮음",6,2022-10-08
X93fcQvjUVo,Ugxz72J4UiqjJ3t26tF4AaABAg,@Bongchuni_official,삼겹살 다 탔는데요. ㅠㅠ,0,2022-12-25
X93fcQvjUVo,UgzuWRqXiHS2BLkeppl4AaABAg,@투키-t6w,제목에 엘지오브제컬렉션이랬는데 오브제 광파오븐하고 다릅니다 수정하셔야할듯요,5,2021-12-05
X93fcQvjUVo,Ugxy3fFYwnF-kpttY8V4AaABAg,@abcdef11223,"쿼츠히터 듀얼광파 이게 머에요?ㅎ
둘중 어떤거 구매할지 고민중인데..
다른건 괜찮은데 데울때 삼성꺼는
바닥부분이 타는거보고 데우는방식이
다른건 알겠는데 lg는 전자레인지
같은걸까요?회전땜에lg는 잘안익는건지..
대충이라도 아시는분ㅠ천장쪽 청소도
두제품 장단점있던데..저는 삼성 lg둘다
좋아서ㅎㅎ고민참...그리고 앱연결은
둘다 와이파이가 꼭되야하니 저는 패쓰ㅎ",0,2022-08-07
X93fcQvjUVo,Ugz5j3Xdv_NscLtuGA54AaABAg,@BSAA,온도계 표면온도 재는거 실화냐,2,2025-02-20
X93fcQvjUVo,UgxIUKlCVj5ClHRbOF14AaABAg,@hee-l3y2g,다른 밀키트로 조리해서 신뢰성이 떨어지네요,6,2022-04-02
X93fcQvjUVo,UgxhizHnfT0A4jz_9pd4AaABAg,@민k-j2f,이게...비교가...흠....좀 그렇지않아요? 턴테이블방식이면 삼성것도 그걸로하고 해야지...,0,2023-03-10
X93fcQvjUVo,UgwUzcIKghTaaqgfyex4AaABAg,@mustyappleU,큐커는 애초에 오븐이 아닌데..?,1,2023-02-06
X93fcQvjUVo,UgxfCOmQxScBOIAWNx54AaABAg,@dsfhbr3dsokjh,두 제품이 동급이긴 함?,1,2022-01-26
X93fcQvjUVo,Ugw_V1_xF2UJswUkgLZ4AaABAg,@강제삭제,3:40 큐커에 돌린거 삼겹살 태워잖아요 왜 큐커승리 에요 어떤거로 기준으로 승리에요?,21,2022-03-12
X93fcQvjUVo,Ugxtfri521UCPVEentN4AaABAg,@GomsFactory,"이거는 용량차가 너무 커서 비교를 정확히 하기가 너무 어렵네요.
큐커는 복합렌지 느낌이고 오브제는 컨벡션 느낌이라서.
둘다 사용하기 나름인지라 조리 센스가 있으면 오브제가 낫기도 하고.
근데 그렇다고 해도 광파오븐은 예전부터 평이....흠.
그렇게 본다면 삼성이 괜히 용량을 팍 줄여서 출시한건 아니구나 싶네요.
근데 깊이를 줄여서 덩치가 산만해 보이는게 함정이지만ㄷㄷ",15,2021-12-22
X93fcQvjUVo,UgwM-B_trDOCFbxulUZ4AaABAg,@구름달-j9f,잉..? 통삼겹에서  어떻게 삼성이 승리인가요?   삼성은 통삼겹은 앞뒤로  골고루 익지도 않았는데.. 그냥 많이 익히면 장땡인가요.. 심지어 탔는데?,49,2021-12-04
X93fcQvjUVo,UgwRdrz-veAayLQ-ze54AaABAg,@bachiankim,"전자제품 테스트하는데 방진복에 마스크는 왜 쓰는지 도저히 이해 안 됨.
쇼쇼쇼인가?",1,2025-02-02
X93fcQvjUVo,UgzO3J2jbD3aQ_tcN594AaABAg,@공주-y2p8z,"엘지 순수. 
진실. 진심",0,2024-05-10
X93fcQvjUVo,Ugy5IbbqGz4LDPds8xF4AaABAg,@soonje2,기능은 사실 비슷할거같고....  인터넷으로 식재료 주문 어느정도 하시는분은 큐커 만원에 사는거나 마찬가지니....  난 큐커선택,12,2021-12-15
X93fcQvjUVo,UgzPUqnGa39LLRJTJi94AaABAg,@soonh1725,"비교도 이상하고 리뷰도 어설프고...
삼겹살 익은 걸 보면 엘지 제품이 훨씬 고르게 잘 익고 있는 과정인 것으로 보이는데 바닥 면 타버리고 위에는 훨씬 덜 익은 삼성 승리
계란찜 익힘 상태 판별 하는 거나 맛 표현도 너무 아마추어적이라 신뢰감 제로
내부 온도 측정 방식도 전혀 납득 안 가고 전체적으로 허접 하면서 엉터리 느낌...",1,2024-09-19
X93fcQvjUVo,Ugyh6NDcwLA3lXlHTGB4AaABAg,@DkotheEngineer,닭이랑 삼겹 아무리봐도 삼성보다 엘지가 더 고르게 익혔는데..? 왜 삼성 승이라고..?,12,2022-03-25
X93fcQvjUVo,UgwEzWwpOVWzp7dGpHF4AaABAg,@taepoong461,"냉동식품 비교는 같은 것으로 해야지~
삼겹살도 오히려 적당히 잘익은 엘지가
승리 아닌가...? ㅎ",61,2021-12-10
X93fcQvjUVo,UgxIWptGArMoSqJ4vAN4AaABAg,@kelele-lele,닭은 녹인 후 조리해야함 저거 버렷을듯,0,2023-04-15
X93fcQvjUVo,UgxU1j10VDzyBzN659B4AaABAg,@ibmbl,저는 LG ML39 광파 사용중인데..항상 불만인게 파워부족.. 언제 다 익는건지.. 비교테스트의 결과가 어는정도 납득이 가네요..하지만 다시 산다면 쿠진아트 같은 에어프라이 전용제품을 살 예정,5,2023-01-01
X93fcQvjUVo,Ugw0wG8I5TE3JXwzqld4AaABAg,@하얀라일락향기,"삼성오븐겸용렌지 새것같은 중고가 자주 보이길래 하나 살까싶어 검색해보다 포기했다.
산지 몇년 안됐는데 조절부가 고장났다는 글이 많더군.
그 모델이 유난히 중고가 많이 보이더라니...",14,2021-12-10
X93fcQvjUVo,Ugzyz5LDp3qnX4Yzkc94AaABAg,@사발골허니,삼성 광고 잘봤습니다,1,2022-07-31
X93fcQvjUVo,UgzPZ5-Ms_GYYh5nj-p4AaABAg,@포도맛아이스-y6u,이게 진짜 비교리뷰지이이이ㅣㅣㅣ,12,2021-12-03
X93fcQvjUVo,Ugy172LFf53U6WrmSSZ4AaABAg,@Ronald_James_Padavona,"큐거 쓰는데. 단점 말해봄.
1.전자레인지가 700와트인데 좀 오락가락 거림. 랭동제품돌리면 완벽하게 안익음. 그래서 중간에 한번 뒤집어서 익힘.
2. 그릴기능 - 두루뭉술하게 그릴이라고 표현해놓고 이게 오븐기능이라고 오해함. 일단 큐거는 '오븐'기능은 없음. 

광파 올인원 살껄 후회하는중.",25,2022-02-21
X93fcQvjUVo,Ugyvl8KulGcae6XEBvx4AaABAg,@제라-d1z,둘다 구매해봤지만 외관 도장 불량품이 환장 막장입니다. 도긴개긴 둘다 엉망진창입니다. 기업이라고 하기에는 가전 외관 상태 수준이 떨어져요. 기본에 충실하지 못합니다.,5,2022-10-12
X93fcQvjUVo,UgwbtWTa8R0bYaZ6Si14AaABAg,@공주-y2p8z,엘지 고장 절대안남,0,2024-05-10
X93fcQvjUVo,UgxqolK53MX17V8F1uh4AaABAg,@qwerty-cr4kt,스펀지 실험맨 생각난다 ㅋㅋㅋㅋ,0,2023-11-29
X93fcQvjUVo,Ugzqrd48qjJchyYXWMx4AaABAg,@Jke-wz2sx,LG가좋음,24,2021-12-04
X93fcQvjUVo,Ugx295IiUAtbEaId1El4AaABAg,@Bemjjatkkitti,아무리 봐도 오브제가 더 나아보이는데..,21,2022-07-04
X93fcQvjUVo,UgzNLWRdtL4fWkofxk54AaABAg,@alffoddl,"아니; 광파랑 직화오븐을 돌리고 똑같이 놓고 비교하면 안되지;;; 
전력이랑 소리말고는 그런식으로 차이를 낼수없잖습니까 
같은 밀키트나 직화 광파가 둘다 조리가능한 요리를 해야지;;
국민적인 기계인 에어프라이어도 넣어주면 더좋겟네요",8,2022-01-29
X93fcQvjUVo,UgwLG10hk-_RhTLwLcd4AaABAg,@이름은뭐가좋을까-p5g,어째 리뷰 내용도 그렇고 꼬롬하게 댓글마다 하트 눌러논거도 그렇고 계좌조사해봐라 삼성에서 뭐 받은거 같다,1,2024-10-30
X93fcQvjUVo,UgwIUQAPIX0DK9TGqNJ4AaABAg,@metrokim2,태웠는데 어떻게  승리에요?,27,2022-02-26
X93fcQvjUVo,UgzXRfJx2emofTlyHe94AaABAg,@dnest664,큐커사러 가즈아,4,2021-12-03
X93fcQvjUVo,UgxhF49EcmC8eQjWQgR4AaABAg,@hound_of_heaven,큐커가 취향이네,0,2022-01-11
X93fcQvjUVo,UgwxksrWlq8Zdmx69ap4AaABAg,@공주-y2p8z,역쉬. 엘지,0,2024-05-10
X93fcQvjUVo,Ugy94wbYvy4sLVfdqaZ4AaABAg,@ssdkj7690,"LG제품 안좋아요
동생이 다시 에어프라이어 사용한다요",6,2021-12-07
X93fcQvjUVo,UgyjqpShaKG9cGUZGUJ4AaABAg,@prinzeugen45,삼성광고네 ㅋㅋㅋㅋ,0,2022-09-24
X93fcQvjUVo,UgxAybbi9PiYgQT9ZNh4AaABAg,@무적교주,큐커가 젤좋은 제품이네요~,1,2022-01-21
X93fcQvjUVo,UgxyrhPMfHmOL-O8ZZp4AaABAg,@okijuhhu,"저렇게보면 큐커가 완벽해보이지만 실사용해보면 lg가 더 좋습니다

쿠커는 바닥이 회전하지않아 진짜요리시 일부분이 안익는 경우도 있습니다.

또한 닭테스트보면 삼성은 뒷면이 많이 익어서 좋다고 나오던데 실 사용시 앞뒤 벨런스가 안맞아 앞,뒤 상태가 비슷한게 더 좋은겁니딘",47,2021-12-04
X93fcQvjUVo,Ugy3eT2te_tVU0IIYm14AaABAg,@분홍검정-j1k,어느게 삼성꺼고 어느게 LG껀지 구분해주시는게....기본아닌가요...,0,2024-11-03
X93fcQvjUVo,UgzqSckGrWERrCqtfLZ4AaABAg,@parkherenow,"Gold star 때는  제일  좋타고 했었는데,,,,,역시  돈이 많은  회사가 연구진도 좋타는건가?
월급도 많아 주니까  쎄가삐지게 일하겠지?
그래도LG는  좀  있어보인다,,,,겉모양은,,,,,삼성은  삼성처럼  미끈하게만들었지만,,,,
삼성은  it모양이고,,LG는  고전적이네요,,,,,집의 디자인에  맞게,,,,젊은세대는 삼성,,나이든세대는 LG,,,,그리고  오래 쓸거면 sony..",2,2021-12-04
X93fcQvjUVo,Ugx_iuseM9sK2cg5d1J4AaABAg,@gomdory83,이맛에 광안리 본다 그거 알어? 가정은LG 이거 디 마케텡인거... 생각보다 삼성꺼 많이좋음,7,2021-12-04
X93fcQvjUVo,Ugz7j5gQDlhFny4OvvB4AaABAg,@과체중뚱냥이,뭐야 LG단점만 너무 많잖아,1,2022-01-04
X93fcQvjUVo,UgzNfhm0rUDjdjCxeDh4AaABAg,@쇼니-f6e,역시. 삼성짱~!!!!,2,2021-12-09
X93fcQvjUVo,UgxEH09TBLDDpl-Mn-94AaABAg,@rkqwlfdnjswkdxhlcnf,"그냥 가전은 LG. 
가전 삼성은 ㅋㅋㅋ 쓰레기임.  왜  LG LG 하는지는 써보면 안다.",2,2022-06-04
X93fcQvjUVo,Ugx_BUykgZxhapwIOl14AaABAg,@로키70,삼성이 5대 1 승리 압도했네요 .. 가전도 삼성인가,15,2021-12-03
X93fcQvjUVo,Ugx0-Tj-g5i2OIAxzTV4AaABAg,@dududurambo,Lg 빠들 ㅂㄷㅂㄷ ㅋㅋㅋ,0,2025-07-27
X93fcQvjUVo,Ugxr4ejjC3Y2GDVRirN4AaABAg,@김경훈-b6b,"이정도면 엘지꺼는
제 기능을 못하는것 같다 ㅋㅋ",1,2021-12-19
X93fcQvjUVo,Ugx7kO9btXQkKPV9GDR4AaABAg,@권택향,LG 오브제컬렉션 광파오븐 승ㅇ,31,2021-12-03
X93fcQvjUVo,UgzvlAV6cGmkedP8NxJ4AaABAg,@msseung8282,신뢰가 안가....가전은 LG,54,2021-12-04
mHBl2xwH8_I,UgxKUgmyqTLQx4wkrXV4AaABAg,@gogumajoah,예전에 전자레인지 구입할 때 참고했던 영강이 하디님 영상이었네요! 이런 우연이 ....❤️ LG 오브제 광파오븐 잘 사용하고 있습니다 ㅎㅎ 다양한 제품 많이 많이 소개해주세요❤,3,2024-12-25
mHBl2xwH8_I,UgxhmwfzJBQZkiEiCDx4AaABAg,@백이-x5x,"가전은 LG👍
요리 좋아하고 저도 많이 하지만 매번 요리할 때마다 팬 바꿔가면서 하면 번거롭고 설겆이도 많이 나오는데 오브제 하나만으로 다양한 기능을 할 수 있어서 너무 마음에 들어요! 디자인도 깔끔하고 구성품들도 있어서 좋네요! 얼른 저희 집에 들이고 싶은 마음..ㅠㅠ 오늘 영상 너무 잘 봤습니다 하디님!",0,2024-12-28
mHBl2xwH8_I,UgwwsWxhRo7N4m9jj0B4AaABAg,@sophia_yy,"우선, 오븐의 세련된 디자인이 너무 마음에 들어요! 오브제 컬렉션답게 모던하고 고급스러운 느낌을 주면서도, 주방 인테리어와 잘 어울리는 아이템이라 집안의 분위기가 확 살아나는 것 같아요. 🌟
그리고, 다양한 기능이 정말 편리하고 실용적이네요. 광파오븐이 빠르고 균일하게 조리할 수 있다는 점이 특히 유용할 것 같아요. 바쁜 아침이나 저녁에 시간에 쫓기지 않고, 간편하게 요리할 수 있다는 점이 너무 좋습니다. 🍳🍕
특히, 간편한 조작 방식과 스마트한 기능이 돋보였어요. 디지털 디스플레이와 직관적인 메뉴 설정 덕분에 누구나 쉽게 사용할 수 있을 것 같아요. 고급스러움과 실용성을 동시에 갖춘 제품이라 정말 매력적이에요! 📱✨",2,2025-01-03
mHBl2xwH8_I,UgySt3PD0JVcy4UD78J4AaABAg,@abcdef11223,설명이 너무좋네요^^👍,1,2022-08-06
mHBl2xwH8_I,Ugy6DoCCp3sr-4oVhMR4AaABAg,@i_m_sweeety,"안녕하세용~~~~ 지금 이거랑 큐커랑 고민중인데,
저희집 렌지대 세로 깊이(?)가 40cm이라ㅜㅜ
혹시 광파오븐 하단 다리 사이(?)세로(?) 길이를 좀 알수 있을까요?????ㅠㅠㅠ 
그 다리... 폭? 세로 폭(?)이 40cm이라면 광파오븐을 사고싶어서용🥺,,ㅠㅠ",3,2022-04-19
mHBl2xwH8_I,UgzyhmD2g_0PoarC98J4AaABAg,@jgxn-p5y,"LG 광파오븐 오브제 디자인과 기능이 정말 마음에 들었습니다! 특히 세련된 외관과 함께 다양한 요리를 손쉽게 할 수 있는 점이 매력적이에요. 주방에 딱 어울릴 만큼 멋진 아이템이라 구매하고 싶네용!
또, 광파오븐의 빠른 예열과 고른 열 분포 덕분에 요리가 더욱 효율적으로 이루어지는 점이 정말 유용할 것 같아요! 또한, 다양한 요리 모드와 자동 프로그램이 있어, 누구나 손쉽게 요리를 즐길 수 있다는 점도 큰 장점이네요. 하디님의 리뷰 덕분에 실용성과 디자인을 모두 갖춘 제품에 대해 알게 되어 구매를 고민하게 되었습니다!",1,2024-12-31
mHBl2xwH8_I,Ugx3NYTfOVvcUV0yhYB4AaABAg,@jangjang4619,가전은 역시 엘지라는 말이 정말 잘 어울리는 제품이네요,0,2025-01-02
mHBl2xwH8_I,UgzL68dM3T2zi7ChAuF4AaABAg,@순삭경제,아이린 이신줄 알았어요~...친절하고 자세한 설명 감사해요,0,2024-08-23
mHBl2xwH8_I,Ugwl-ieKKbG8vk1cghJ4AaABAg,@JH1215-b9y,"같은제품으로 스콘만들기 처음인데 사용책자 분실해서 찾아보다 왔어요
오븐 쓰려면 낮은석쇠위에 발열팬 써야되나요?",0,2024-12-30
mHBl2xwH8_I,Ugzer2kRH4Q5-GkXk854AaABAg,@MOONCHUCK-l6k,광파오븐 사용중인데 삼겹살이나 이런 기름이 많은 친구들은 나중에 후 처리가 상당하더라구요… ㅠㅠ 그래도 가끔씩 베이킹소다랑 과탄산으로 물에 풀어서 스팀스팀청소합니다 ㅎㅎ,0,2024-12-24
mHBl2xwH8_I,UgxqEzXxB05lPdFSswZ4AaABAg,@아기밥집,"에너지 넘치는 영상 덕분에 피곤했던 하루가  흥겨워졌습니다. 
앞으로도 좋은 모습으로 많은분들의 관심 사랑 받으세요~😍",0,2025-01-05
mHBl2xwH8_I,Ugz2AKx1V1VUsw97wPR4AaABAg,@전사나-e7y,캐리턱  모양 할수 있나요,0,2022-02-26
mHBl2xwH8_I,UgzFr8tWxBcExZvwIzF4AaABAg,@iiiilliiii-b1z,전자레인지도 되는거죠!,5,2022-01-10
mHBl2xwH8_I,UgyXd5OoWbtmyA6qbGZ4AaABAg,@오로라-z7f,"뚜껑 열고 닫을때 냉각때
소음 어느정도일까요?",1,2022-04-13
mHBl2xwH8_I,Ugyrz3bwtdun68i2Fdx4AaABAg,@분우청영재,와 엘지꺼는 또 다른 매력이 있는것 같아여^^,5,2021-12-08
mHBl2xwH8_I,Ugzx3BNF-nzx1pa1soR4AaABAg,@yunanli3995,엘지살가 광파살가 고민중인데요,0,2024-12-17
mHBl2xwH8_I,Ugx0QS7AL9mnCPo83Dd4AaABAg,@쪼꼬마미-l2u,"근데 쓸려고 보니
에어프라이기능으로사용하려니까,, 
예열을 하고 음식을 돌려도 음식이 안따뜻해져요ㅠㅠ",3,2024-02-07
mHBl2xwH8_I,UgxVPPzwFdlpJpaEAe14AaABAg,@쪼꼬마미-l2u,"그리고 음식없이 돌리지
말라고 하던데, 예열할때는 그래도 가능한가요?",0,2024-02-07
mHBl2xwH8_I,Ugwn18-E2hWkk_--gMZ4AaABAg,@zh5849,마침Lg오브제 사려고하는데 자세한설명 감사합니다❤. 혹시 냉동피자한판 들어갈수도 있는지요?,0,2024-03-16
mHBl2xwH8_I,UgzOIV0OamYs42shyMl4AaABAg,@행복하자-q2s,다이얼을 누르는데 누르는 용도가 궁금해요~,1,2023-10-16
mHBl2xwH8_I,UgwolGqbBDDVeiShAyZ4AaABAg,@분우청영재,머리도 이쁘네요.,2,2021-12-08
mHBl2xwH8_I,Ugxv1MQ0i7_oClnIc6t4AaABAg,@팩트-k3w,같은 모델인데 턴테이블 아닌 박스형이 더 낫지  않을까요?,2,2022-02-10
mHBl2xwH8_I,UgyxCbwoBdl2Jh-uRx14AaABAg,@여행중00,"저 엘지 제가 쓰는건데요 전자레인지 기능만 잘됩니다 
써보고 살수 없어서 산건데 후회 만땅 겉모습만 좋고 
빵도 잘 안구워져 에어후라이어 도 열이 못 미침 
비싼 전자레인지로 쓰고 있음",1,2026-05-06
mHBl2xwH8_I,UgyPxKL2kgcqEsqcV_t4AaABAg,@TV-mt2jj,잘보고갑니다^^화이팅!!😊😊❤❤,7,2021-12-08
mHBl2xwH8_I,Ugxf3FaLJP9qAWyJeWB4AaABAg,@행복-i4o-k8x,오븐사용을 어케하는지모르겠어요,0,2022-12-14
mHBl2xwH8_I,UgyM-hwK2l7yXgk9wxh4AaABAg,@문환연,스팀청소 기능은 없는 건가요?,4,2022-07-20
mHBl2xwH8_I,UgzRK1m8A9-g56_pCKR4AaABAg,@분우청영재,오늘도 목소리 좋으시고.,4,2021-12-08
mHBl2xwH8_I,Ugz9I76LbcDV3O4kyvV4AaABAg,@walkingmanpark,😅,0,2023-06-24
mHBl2xwH8_I,Ugxgs8kH6AM3GId39pR4AaABAg,@냥냥-f1p8q,위에 열선이 어떻게 생겼나요,0,2023-03-25
mHBl2xwH8_I,UgxHcWhXeAwCAhQot_p4AaABAg,@분우청영재,오늘도 옷 잘 어울리고 이쁘세요.,2,2021-12-08
mHBl2xwH8_I,UgwUkm0HH13qzEMvcH14AaABAg,@친따소,구매하면 설치제품 이라고 하는데 혹시 설치기사님이 오셔서 설치해야 할지요? 전기 플러그만 꽂으면 될것 같은데요. 그리고 LG 광파오브제 혹시 용량이 32L 와 39L 두가지 인지요?,1,2023-10-10
mHBl2xwH8_I,Ugy_D08Yd412GbMXZit4AaABAg,@라일락향기-m2l,"저가인 엘지 광파오븐을 샀네요.
가격대가 높은 엘지 광파오븐이 작년에도 나와서 이번에 샀는데 너무 좋던데.",0,2025-10-15
mHBl2xwH8_I,UgxN22ZsASHkf5E1XT14AaABAg,@junol1756,쿠꺼는 오븐기능이 없어 베이킹이 불가하여 기능은 엘지가 한수위네요,6,2022-01-29
mHBl2xwH8_I,UgyIXYX3kSlfQemCkS54AaABAg,@TV-mt2jj,광파오븐이에요^^??,7,2021-12-08
mHBl2xwH8_I,Ugy9YbPWu4MSAZeqZSh4AaABAg,@TV-mt2jj,1등,3,2021-12-08
mHBl2xwH8_I,UgyG6MnBhYE-hvUHSUV4AaABAg,@bae5794,주부라면 LG 광파 오브제지요.,3,2021-12-23
mHBl2xwH8_I,Ugygmo93ZKe37PJEBI14AaABAg,@gomdory83,또 사야하나 ㅠ,0,2021-12-14
mHBl2xwH8_I,UgyPtQ1f2109qRR0s9d4AaABAg,@열썽2,mlj39  ew하고 cw하고 무슨차이인가요?,0,2024-02-17
mHBl2xwH8_I,UgwTWwvVlELqb346o394AaABAg,@user-wo5wu6gp8b,삼성거 다지인 최고입니다..,4,2021-12-10
mHBl2xwH8_I,UgwoSYgYUD8Jto63zwB4AaABAg,@croissantpen1116,오븐 기능 진짜 쓰래기…,1,2024-11-14
mHBl2xwH8_I,Ugwm0Wmdjrkf9c44Rm54AaABAg,@냥냥-f1p8q,이거 베이킹은 무리조 ㅠㅠ,1,2023-03-25
3kTgkxr463Y,UgwGvoMe_7AC4VkjLeN4AaABAg,@sjchoi7653,동일제품 구입해서 쓰고 있는데 하단 물 넣는 곳 바닥면에 원래 고무패킹 같은 게 없나요? 탈부착 할때마다 플라스틱 소리가 신경 쓰여요 ㅠ,0,2024-06-12
3kTgkxr463Y,UgwdqbgJawSr_ocFc9B4AaABAg,@키묘-w5e3w,"전자레인지 때는 석쇠를 같이 사용해도 되는간가요? 1,2,3단은 어느 차이가 있는지 에어프라이어랑 전자렌인지에는 어느 판을 써야하는지 추가적인 설명이 없어서 아쉽네요",9,2025-03-30
3kTgkxr463Y,UgyamXD76GSNYKTwP8R4AaABAg,@comodo3213,동작시 옆 배기구에서 나오는 이상한 냄새가 심해 쓰지 못하고 있습니다. 며칠 지나면 없어지려나 기다렸는데 똑같네요. 아무것도 안넣고 테스트해봐도 동일합니다. 무슨 냄새인가요?,2,2024-07-27
3kTgkxr463Y,UgwDwErrjET2MfHJpVN4AaABAg,@호이-v4c,"똑같은 모델 에어프라이어 기능을 사용해봤는데, 분명 공식 설명과 다른 사람들 후기 보면서 똑같이 따라해도 음식이 바삭해지지 않아서 온도도 높여보고 시간도 늘려보고 여러번 시도해봤는데도 바삭해진 적이 없었어요..ㅠ 바삭한 느낌이라도 나면 모르겠는데 렌지나 오븐 조리한 거랑 달리 차이가 없어서.. 이런 경우는 문제가 뭘까요?",3,2024-07-02
3kTgkxr463Y,UgxE1ABfWBX1Do5qbVt4AaABAg,@애플민트-q1j,혹시 전면부에 불이 오른쪽만 들어오는거 같은데 왼쪽 오른쪽 다 보여야 하는거 아닌가 궁금해서 여쭤봐요^^ 원래 반쪽만 불이 보이는건지 궁금해요~~,0,2024-08-01
3kTgkxr463Y,UgwBWPzjQ8HzSAc1IZ14AaABAg,@날아라붕어빵-w6l,오븐 사용할때 일반 철로 된 베이킹틀 사용하면 되나요?  용기에 대한 자세한 설명이 없어서 넣어도 되는지 겁나네요.,0,2026-02-16
3kTgkxr463Y,UgxZAIt6Fe7SH72hl6V4AaABAg,@룰루랄라-g9g,이제품이랑 LG 디오스 광파오븐 ML32AW1 차이점이 무엇일까요???,1,2024-06-22
3kTgkxr463Y,Ugy7f6kykv6FHvS36_94AaABAg,@공중부양봉,"베이킹 할 때 한 번에 한 판 씩만 가능 한가요?   위, 아래 두 칸 정도 대용량으로 굽고 싶은데 방법이 있을까요?
휘낭시에 굽는데 오븐팬 위에 베이킹틀이 하나만 들어가니 두세번 굽는 게 번거롭네요.",0,2026-03-22
3kTgkxr463Y,UgxXRX7by_O-Kn6PmB54AaABAg,@bowbow92,"전자레인지 쓸때 석쇠위에 올릴수있는 그릇이 어떤종류일까요?
크로우캐년꺼 올려서 돌렸는데 안에서 불났어요 석쇠 녹고",0,2026-04-12
3kTgkxr463Y,Ugx_jdo39NO8bxN42ux4AaABAg,@Jinnope,이번 모델은 에어프라이기 온도 조절 되나요?,2,2024-06-09
3kTgkxr463Y,UgyzRuSr736Ca6bJXwR4AaABAg,@eunheekim2518,매 요리시 스팀물통에 물 채워서 작동 시켜야하나요??,0,2025-02-14
3kTgkxr463Y,UgwRlEKzj91kSKcxTI94AaABAg,@IIii7kej,세척부분까지 고려한걸 보니 역시 LG 구나 싶네요.,0,2024-06-28
3kTgkxr463Y,UgwTc-M0-JQyhdDinad4AaABAg,@rosemom.,전자레인지 사용시 석쇠는 빼고 범랑접시만 넣고 사용해도 되나요?,1,2025-01-17
3kTgkxr463Y,Ugx0kSwL74hzdVIWPn54AaABAg,@FRW1228,"스팀청소 기능과 스팀발생기세정 차이가 뭔가요

또한,
스팀발생기세정 세척은 가이드보니 식초왜 섞어서 청소하던데 스팀세척은 그냥 정수물만 넣고 돌리면되나요?",1,2025-10-26
3kTgkxr463Y,UgzOaszCNTL4S9trD7F4AaABAg,@금고-p8g,스팀물통 안에  세처 가능한가요 분해 세척 되나요,0,2025-02-04
3kTgkxr463Y,UgzR6tzQEfq-3npQraR4AaABAg,@위아맘,오븐 에어프라이어 법랑접시 위치 몇단인지 알려주세요…,0,2026-03-31
3kTgkxr463Y,UgzHUQnCaZW-sWJXvSd4AaABAg,@ejaybo4068,작동음을 음소거 할 수 있나요?,0,2024-05-30
3kTgkxr463Y,UgzsuXxeK8m040hm4yF4AaABAg,@81ILLHVHL,스팀청소하면 왜 내부에 습기가 없을까요?.. 스팀발생기청소하면 스팀은.잘나오던데,1,2024-05-25
3kTgkxr463Y,UgyqirwwpdumZxUxfNd4AaABAg,@iam_Oi_Li,구매하고 처음 사용하려는데 내부 부품만세제로 닦고 쓰면 될까요?? 아니면 길들이고 해야하나요?,0,2024-11-09
3kTgkxr463Y,UgwlyjIS0cXZ_PFXm094AaABAg,@한국원주민,동일 모델에 시작과  취소 버튼에 불이 안 들어오나요?,0,2026-05-22
3kTgkxr463Y,Ugxh7I2kh0atSWa6Pp14AaABAg,@hange25,해동은 어떻게 하나요,0,2026-05-27
3kTgkxr463Y,Ugy7J1kecsUcomziQN54AaABAg,@만김두밥-242,기존에 18년도부터lg 광파오븐을 인덕션아래에 매립해서 사용하고 있는데 제품 크기가 같을까요 기능이 많아져서 다시 사고싶은데,0,2024-06-10
3kTgkxr463Y,UgyVHGkMqlhW7YPn03J4AaABAg,@개구리-w5r,에어프라이어나 오븐기능을 사용할때마다 고무타는 냄새? 플라스틱 녹는냄새?가 납니다 ㅠㅠ..,0,2025-11-15
3kTgkxr463Y,UgxlMiZr2h--SiMGy0d4AaABAg,@주뱅이,에어프라이어 기능에 온도랑 시간만 추가하는건 끝까지 안하네 개 불편함,1,2025-03-18
3kTgkxr463Y,UgwmsO6e7gbhxQ5h89t4AaABAg,@웃음가득-h1e,공간에 딱맞게놓고 써도되나요? 선반같은곳에요 ..앞뒤위로 여유가 많이 있어야될까요?,0,2024-05-24
3kTgkxr463Y,Ugx6_Pza0NbmGfJwWc54AaABAg,@luckkey1624,오븐하고 구이하고 차이점이 뭔가요?,1,2025-04-08
3kTgkxr463Y,Ugz4BBiJFhKrEYk1mZR4AaABAg,@고봉균-x2k,원격제어 설정 후 몇시간까지 실외에서 원격제어가 가능한가요?,0,2026-02-28
3CPRmulsym8,UgwoNuX1rqYwVPhG4Z94AaABAg,@송송송-b2z,및에도열선이있을까요?,0,2026-02-19
3CPRmulsym8,UgyRHzQQfx6eb8fLzLZ4AaABAg,@dub8717,사용법을 안알려주노,0,2026-01-25
f23t2fpsH_M,UgxkbF-lf9vDkHXIBu54AaABAg,@쇼미남-구독할인,제품 상세정보는 영상 하단 ‘제품보기’를 클릭하시면 됩니다. 📌,0,2025-08-11
f23t2fpsH_M,UgxaH05yGo_nX9kjr6t4AaABAg,@lajollasdca,고장 잘나게 생겼다,1,2026-05-16
f23t2fpsH_M,Ugx25POKr9aH-Teg0NJ4AaABAg,@randy2509,빌트인 가능할까요?,0,2026-03-10
f23t2fpsH_M,UgwgY8benlIST_bSjz14AaABAg,@hmyena,이거 어디서 사나요 ? 영상 하단에 없어요,0,2026-01-08
-F3wLy1brOw,UgzaRVAb63m2TDBAJvN4AaABAg,@루비로망-l2r,빵도 만들어 구을수있낭ᆢ,2,2026-02-10
-F3wLy1brOw,UgzLupIBeUNNTC6T8xd4AaABAg,@nicks6519,"어떤 에프는 연기가 많이 나서 실내에서 쓰기 힘들던데, 이건 괜찮나요?",0,2026-04-28
-F3wLy1brOw,UgxnJ7kgkHSf2gJ0pcV4AaABAg,@와맛있겠다-e6j,1인도 다다익선 임 큰게 좋음 최소 10리터 부터 체감 확옴,0,2026-04-03
-F3wLy1brOw,UgxuQjgtDQELvv_zDk14AaABAg,@baldeagle5269,"위에 세척은 어떻게 하나요??
구매 고민입니다",0,2026-06-11
-F3wLy1brOw,UgytdOriL3Lw2_biset4AaABAg,@Cute-CAT2tv,유리인가요 플라스틱인가요?,1,2026-02-23
-F3wLy1brOw,Ugy0SbYdQStv50H9Kad4AaABAg,@dongpal2-h5h,이거 저도 쓰는데 좋아요!,6,2025-08-06
-F3wLy1brOw,UgwMN-fzz77MSgS2EaJ4AaABAg,@김지현-e8h9j,위에 망 씻을수있나요?,3,2025-12-30
-F3wLy1brOw,UgwRsnI9EPyzaZ7jCHl4AaABAg,@좋아요와구독알림-l5h,청소는 어때요??,6,2025-07-29
-F3wLy1brOw,UgzNulveVMQGEdzNyFx4AaABAg,@머쨍이양배추,에프 제품명 알수잇나용??,1,2025-09-23
-F3wLy1brOw,UgxG66q8BO_Yago1arR4AaABAg,@Marcha_COOCOO,1인가구에게 추천합니다.,1,2025-10-02
-F3wLy1brOw,UgzjnlHLUfnRyVRYahB4AaABAg,@포도-s3q,가격이 어느정도 인가요,3,2025-12-08
-F3wLy1brOw,UgwoOxCjveCpKlzSR1N4AaABAg,@깡서니,구매어덯게하나요,0,2025-12-13
-F3wLy1brOw,Ugx4AddwRFyIwWrwKBR4AaABAg,@HOSU4028,냉동피자 한판 안 잘라도 들어가나요?,1,2025-11-07
sASWkRXO69k,UgwNzEhi3a2y6xa6qPF4AaABAg,@dada_salrim,"에프 유목민
드디어 에어프라이어 결정! 

에어프라이어 종류 왜이렇게 많나요🥲
보고 살 수 있는 것도 많이 없구요

유튜브 블로그 리뷰
꼼꼼하게 서칭하고
제 기준에 맞는 에프는 
바로 쿠진아트 TOA- 70KR

집밥 메뉴 에프덕에 넓게 확장🪐
아직까진 너가 나의 인생에프야🫶🏻

같이 쓰실분?!🥹🥹",215,2024-01-22
sASWkRXO69k,UgywQ-rbKLyaEGVnyw94AaABAg,@aurora-bx7pu,에어프라이어 유목민은 또 살면서 처음듣넼ㅋ,74,2024-01-30
sASWkRXO69k,UgwLB4duTk3ntoGhXW54AaABAg,@yuneir,오븐이 에프의 기능을 다가지고있고 용량도 큰데.... ㅎㅎ 그래도 오븐이 덩치가 크니까 본인 맘에드는게 최고지요,368,2024-01-28
sASWkRXO69k,UgwcAQrmU6GaFxr53aR4AaABAg,@조미료-y6p,"청소가 오렵지 않다고하는데 청소 어려워 보여요 ㅠ 구매하고 사용하시면서 고기 요리해서 드시고 청소는 어떻게 하는지 영상 올려주시는 거 기대합니다... 구매하고 싶은데 청소부분때문게 고민되네요. 광파쓰는데 엘지 믿고 구매했지만 어느 부분은 과하게 익거나 타고 어느 부분은 잘 안익는 문제, 청소가 어려운 문제로 바꾸려고 하는 중이라서요. 엘지 광파는 스팀청소기능이 있지만 위에 열선과 배기하는 부분 구멍에 고기 기름 끼인건 정말이지 청소가 어렵더라고요. 요리하고 바로 스팀청소 돌이지 않는 이상 깨끗하게 관리가 어렵네요 ㅠ",28,2024-02-04
sASWkRXO69k,UgyrgoV4X92mHetupWB4AaABAg,@Apltree35,"몇년째 해당제품을 사용 중인데..
성능은 갑이나 용량이 작고 
청소가 정말 쉽지 않습니다.. ㅜ.ㅜ
이 제품은 쓰다보면 1인가구용 입니다..",309,2024-01-29
sASWkRXO69k,UgwBV1Btba5-IUC8DSl4AaABAg,@명하김-g5h,"습식 기능이 없는 에어프라이어는 요리 제한이 있어요  청소도 쉬워요 뜨거운 수증기가  기름을 녹여줘요
습식 기능은 꼭 있어야해요",22,2024-02-09
sASWkRXO69k,Ugz2BNs6eG7FjZtj2PF4AaABAg,@맑은향기-u2f,"앗.. 울 집에 있는거다. ㅎㅎ
근데.. 글쎄... 청소하기가 쉽진않구요.. 막 음식 흔들거나 뒤집는게 편하진 않더라구여. 뭔가 오븐, 스팀오븐,토스터 기능등도 에프랑 별반 다른것같지도 않구..  좀 애매해서 5개월째 에프기로만 사용중이에요.",23,2024-01-29
sASWkRXO69k,Ugx57_3bqIS4dfrQD614AaABAg,@econchoi,"딱 청소 힘들다 이거만 감수할 수 있으면
저가격에 저성능 갖춘게 별로 없음
진짜 쌉만능템이에요......",12,2024-01-30
sASWkRXO69k,UgzTYj0mbT025d-xAYZ4AaABAg,@감사해요-d5m,나랑 반대네~ 에프 버리고 오븐으로 갈아탔는데~,7,2024-03-09
sASWkRXO69k,Ugz9nPtDeVAddWM21Ct4AaABAg,@vivysong516,"직접 쓰고 있는 제가 장단점 알려드리자면,
청소는 각자 하기 나름 즉 사바사 입니다
다들 청소 귀찮다하는데 자동 청소 된거 사려면 값도 더 줘야하고 용량도 커져서 공간차지해요…
전 하다못해 손가락 두마디 만한 쿠키 구울때도
후에 바로 청소합니다
6개월 지났는데 새거 같아요
다만 올스텐은 아닙니다
(트레이만 304스텐이에요)
기능은 두말할 것 없이 좋구요
혹여 바스켓 형의 제품과 고민중이시라면
단언컨데 오븐형 에프를 추천할게요
이유는,바스켓 형의 장점을 꼽자면
청소밖에 없어요
크기도 작아 더 큰 요리를 도전하고 싶을때
한계를 느끼게 돼요
광파오븐,보토(자동청소),발뮤다 와 비교했지만
전반적으로 크기,가성비,성능,심미적인 요소까지
다 견주어봤을 때 전 이 에프 만족해요
그리고 사실거면 공구로 사세요
전 26만원 제 값주고 샀는데
후회는 안하지만 짜증은 나네요",6,2024-07-27
sASWkRXO69k,Ugx3kN-_HxQ6xbcl25F4AaABAg,@감서-e1o,공구 알림신청합니다. 너무 기대됩니다~,8,2024-01-25
sASWkRXO69k,UgxNYoHWrAHRQ8cY_mx4AaABAg,@leumi_story,LG광파오븐 전자렌지 오븐 건조 발효 다있음….,367,2024-01-25
sASWkRXO69k,UgzWqK6sPv4P2nm0IGV4AaABAg,@이미희-v6y,"단점ㅡ올스텐아님
크롬도금이라 트레이왔다갔다하면서 긁힘
음식에떨어질가능성있음.",43,2024-01-28
sASWkRXO69k,UgyFzRBPpPrHpyedwL94AaABAg,@shiftkey06,여러분 에프는 무조건 스팀되는걸로ㅠ사세오ㅠㅠㅠ 고기 촉촉함이 다르고 에프에 돌리면 말라비트러지듯 익는것도 많은데(건조) 촉촉 바삭 미쳐요ㅠㅠㅠ 스팀없으묜 한계가 확느껴져요ㅠㅠ,222,2024-01-23
sASWkRXO69k,UgxbNv-5SfcqM6gYQY94AaABAg,@Shevevd,집에 엘지 광파오븐 있는데 대댓  말처럼 성능 하나씩 어딘가 나사 빠진 느낌이긴 해요. 에프 친가에서 쓰고 너무 좋아서 기대했는데... 안은 차갑고 겉은 타고..전자렌지도 기본 시간보다 더 추가해야되고... 오븐은 제가 베이킹 처음 해보다보니ㅠ  오븐만 되는 거랑 뭐가 다른지 모르겠지만...에프랑 전자렌지만 두고 봐도 따로 사는 게 성능에선 차이 심한데...주방이 작아서 그냥 감지덕지하며 쓰고 있어요....나중에 큰 주방 얻으면 오븐이랑 전자렌지 따로 사고 싶네요ㅎㅎ,6,2024-01-31
sASWkRXO69k,UgxekWlBzlBvlZiTWgB4AaABAg,@동그라미_630,"그냥 모양이 맘에 안들었다고 해요.. 
차라리 그게 더 인간적이다..",124,2024-01-29
sASWkRXO69k,UgyOAfKawWSWLnF4r2x4AaABAg,@무정-x9t,"엘지광파오븐 방치했다가   다시쓰는데

너무 좋ㅇ네요!
  전자렌지 치우고 조리빠르고   다기능있는 광파오븐 최고입니다",8,2024-02-24
sASWkRXO69k,Ugy76rpqPss_DGQOHNl4AaABAg,@럽럽v,"에프 3개써보고 오븐도 써봤는데
쿠진아트 지금 쓰고있지만 높이가좀 낮은게 흠..
지금도 바스켓형 하나 쿠진아트 오븐형 하나있는데 바스켓형이 쓰기엔 좀 편한듯...",8,2024-01-29
sASWkRXO69k,UgwcLem27Krw-D3eKRV4AaABAg,@jenny__jang,비스포크 직화오븐레인지 다 되는데요..ㅜ,10,2024-01-27
sASWkRXO69k,UgwFIPGvEAty3IR6Qih4AaABAg,@onyourm_ark_9982,"헉 광파오븐에 전자레인지 오븐 에어프라이어 발효 뭐시기 뭐시기 기능 엄청 많지 않나요?
기존에 있던 전자레인지랑 세척하기 개힘든 에어프라이기 버리고 이거 산 게 진짜 신의 한수라고 생각될 정도인데",17,2024-01-29
sASWkRXO69k,UgxSD8zzGrMGpJ68lvB4AaABAg,@친절한조여사,알림 신청합니다. 구매 해야해요~~,1,2024-01-23
sASWkRXO69k,Ugwsts052RZWGaybW4B4AaABAg,@Mmsscc77,"저는 저광피오븐을 혼자들어 옮긴다죠ㅎㅎ
쿠진아트 전자레인지 기능은 없는거죠?",20,2024-01-23
sASWkRXO69k,UgyG2M362-ovgmm3JHZ4AaABAg,@yong0607,목소리만 들어면 앗하고 빨려들어갑니다  똑소리나네요 쿠진 좋아요,0,2024-01-24
sASWkRXO69k,UgwrU6cGs3TRC5ekMpx4AaABAg,@띵회루,저도 쿠진아트 좋아해요~ 디자인이 예뻐서ㅎㅎ,12,2024-01-23
sASWkRXO69k,UgwUMuIVDsZwrfNd3F94AaABAg,@fugher,어멍 저희 가게 업장에서 쓰는거네요!! 크로아상 구우면 진짜맛있어요!!!,9,2024-01-24
sASWkRXO69k,Ugwwn_PpsvAUjurnI254AaABAg,@kokoya09,LG 광파오븐 사용 중인데 정말 불편해요..ㅋㅋㅋ 불도 약한 것 같고 밑이 막힌 무쇠팬만 사용하다보니 에프의 효과를 못 내요 그냥 용량 큰 전자렌지😂 저도 다른 다기능 에프로 바꿀 예정이랍니다.. 저 제품은 밑에 웬 구멍도 많고 청소가 좀 어려워 보이네요 대용량이라 하시는데 육안으로 보기만 해도 높낮이도 낮아서 별로 안 들어갈 것 같은.. 전 높낮이 높은 찐 대용량으로 사려구요,2,2024-06-03
sASWkRXO69k,Ugz1rd9onEDOKoJ9yHZ4AaABAg,@myhwang8670,저도 공구 알림이요~,1,2024-01-23
sASWkRXO69k,UgwPpJs2NfVDFE4iMWl4AaABAg,@최블리-c2x,다다님 목소리 너무 듣기 좋아요. 배경음악도 항상 듣기 좋구요. ^^ 물론 영상도 많은 도움이 됩니다. 젊은 분이 너무 지혜로우셔서 많이 배웁니다. 다다님 화이팅!! ^^,0,2024-01-29
sASWkRXO69k,UgxFs8pmG8rPcb-X6lV4AaABAg,@user-ln5fu7zf5e,공구알림 기다릴게요~~♡,13,2024-01-24
sASWkRXO69k,UgyNMz68Py1iMEr0lmB4AaABAg,@그레이스-l5n,저도 공구에 참여할께요~~,0,2024-01-26
sASWkRXO69k,Ugy3He2OkRBp8Xi0ge54AaABAg,@가을사랑-v2o,나도쓰고있는데 기존에쓰던것보다 편하고 크서좋고 안에가잘보여서더좋고~❤,1,2024-01-26
sASWkRXO69k,UgyNX5UKAWeTRoyuv3J4AaABAg,@soogillsoogill,이거 청소 장난 아니에요.. 진짜 힘듦.,1,2024-05-19
sASWkRXO69k,Ugy48UM68ewbw9fz2bt4AaABAg,@rlaaudrbs777,ㅋㅋㅋ결정에 디자인역할이 8할인듯...,5,2024-01-26
sASWkRXO69k,Ugwlkd664SlY3E1gL714AaABAg,@Ilike-zw3jy,"저는 쿠진아트 미니샀는데요 
대만족 엄청 잘써요
청소도 쉽고😊
여태써본 에프만 4가지
이중에 쿠진아트가 최고",2,2024-02-06
sASWkRXO69k,UgycyOrN2nxzpH6L1cJ4AaABAg,@수수-h7r,광파워 렌즈 혹시 얼마나 사영하시고 바꾸셨나요?,0,2024-01-27
sASWkRXO69k,Ugxvq-CNBHowe-daWdF4AaABAg,@선영-i6w,무척 기대 되네요 알림 주세요~~,0,2024-01-25
sASWkRXO69k,UgyPxwCHwoyE9zz2HtJ4AaABAg,@appleapple0987,"다시 써봐도 광파오븐이 훨씬 편함, 유행따라 구입한 에어프라이어 당근행 ㅠㅠ 엘지광파오븐 17년차 고장없이 아직도 쌩쌩하네요. 😅😅",126,2024-01-29
sASWkRXO69k,Ugyf9CWFHbyYLE1GSvJ4AaABAg,@soojoomom,광파오븐에 에어기능도 있긴한데 오리지널 에어프라이기보다는 약하더라구요 전 오븐기능 많이써서 두개다;;; ㅋㅋ,2,2024-01-25
sASWkRXO69k,Ugw4Zwf0c-o6q7q_N_d4AaABAg,@유진-v7k,저도 기다려봅니다~😊,2,2024-01-23
sASWkRXO69k,UgyPoreSK7dIfYHwBrh4AaABAg,@simontempler5094,"컨벡션 오븐의 컴팩트 간이형이 에어 프라이어인데...
이게 다시 사각에 커지면서 도로 중소형 전기 컨벡션 오븐이 되더니...   이것도 에어 프라이어로 불리우네요.",2,2024-01-31
sASWkRXO69k,UgymgiunQHq73cAkm894AaABAg,@고은호세상,빌트인 오븐레인지는 오븐으로 안쓰시나요? 급 궁금,1,2024-01-26
sASWkRXO69k,UgyJRZ8bXFcveDdqV2d4AaABAg,@waniarpontana7270,저도 알람신청합니다^^,0,2024-01-23
sASWkRXO69k,UgzIXcfxDpyHL3AIgTt4AaABAg,@홍석표-y7d,얼마받고 광고 하시는지 사고싶게 광고하시네....,6,2024-01-27
sASWkRXO69k,Ugzi36mVpnNYygfwCxd4AaABAg,@애플그린-c9u,이거 다른 유투버도 쓰는 인기 있는 제품인가봐요!,0,2024-01-26
sASWkRXO69k,UgwFq2uPZuVZ02Okkfl4AaABAg,@candy-nalda,"에프 첨 나왔을때는, 쓰잘데기없는 가전 취급 받았는데 요즘은 레시피 자체가 에프 돌리세요라서 에프없으면 구현불가 음식이 많아서 필수가전이 됐네요.",52,2024-01-27
sASWkRXO69k,UgxbfWa1QxTAm5BCVhN4AaABAg,@tv-iw1ie,저두 에프 유목민 ㅠㅠ 알림이요 🎉,0,2024-01-23
sASWkRXO69k,Ugx2C22x7w6Xeim0Q254AaABAg,@Happy_doyoon,최근영상만브고 신혼부부시겠지생각했는데 애둫에 이런 깨끗하고 감성있는주방 너무 부러워요~~ 저도 이사가면 다다살림님 영상 참고해서 이것저것 구매해봐야겠어요🙋‍♀️,3,2024-01-24
sASWkRXO69k,UgwCH97d_-F4htxxbsJ4AaABAg,@오매오매,관심있어요!!!,0,2024-01-23
sASWkRXO69k,UgyzCoEenHeaYMB8ONZ4AaABAg,@Ryu5-e,공구 신청합니다~,0,2024-01-26
sASWkRXO69k,UgzOvb_LGqXBMtNHjZF4AaABAg,@하하호호호-l9c,다른 유튜버도 쓰시던데 협찬인가요?,3,2024-01-27
sASWkRXO69k,UgxtkIhzVwksOGQYBLl4AaABAg,@조은수-o2h,알림!^^,3,2024-01-22
sASWkRXO69k,UgyZ1Q8HpLbSRbpSAgF4AaABAg,@루루피-p1g,요즘 스팀기능있어서 에프로 야채 쪄서 먹던데 이건 스팀기능은 없나요?,1,2024-01-26
sASWkRXO69k,UgyqVEGp7sfljDvUjFN4AaABAg,@user-dodam0831,공구기다려😊요,0,2024-01-23
sASWkRXO69k,UgztmplMmvcFKUbZG7t4AaABAg,@Ddadadda,저두 공구 기다려요 알려주세용,0,2024-01-24
sASWkRXO69k,UgxsQcOHEeL9pfOlH_x4AaABAg,@MMM11091,에프는 크고 청소 편한게 짱입니다,3,2024-02-04
sASWkRXO69k,UgwDCcPTL-tYZhFfn694AaABAg,@혜핑,안녕하세요 에프 올려놓은 장 어디껀지 알 수 있을까요~~¿¿,0,2024-01-27
sASWkRXO69k,UgyoRGmJUHoGP-gWlwV4AaABAg,@사바하-z4k,천장에 저 그물같은 모양에 기름때 어떻게 청소가 되는지 궁금해지네요..(최소 6개월 후 고기 기름들),7,2024-01-28
sASWkRXO69k,UgyL7hFoRFYl2LUtByV4AaABAg,@bbuingv,"내부 윗부분은 어떻게 생겼나요?
윗부분도 닦기 쉬우면 이걸로 바꾸고싶네요",1,2024-01-25
sASWkRXO69k,UgyVihJY-yE-0b3qfz14AaABAg,@ylpenguin,"저는 삼성큐커쓰는 3인가족인데 아주 만족해요  ㅎㅎ
주방에 이것저것 두세가지 꺼내쓰고 넣고 너무 귀찮아서
다되는거 샀더니 확실히 너저분하지않고 편하네요
다들 각자의 삶에 맞게 사면 될듯 합니다 ㅎㅎㅎ",0,2025-02-04
sASWkRXO69k,UgxJ-EsPuVrG78vACm94AaABAg,@헤르미-i5n,알림이요!!😍,0,2024-01-23
sASWkRXO69k,UgwWzSQpjVTQrfS31t54AaABAg,@민-g9m,혹시 예전에 다른 채널로 유튜브 하지 않으셨어요?! 재밌게 보다가 갑자기 채널이 없어져서 속상했는데 목소리가 비슷하셔서 여쭤봐요!,17,2024-01-23
sASWkRXO69k,UgxGM2QGr6HStsx1KVp4AaABAg,@희망-r6n,참고할게요^^,0,2024-01-25
sASWkRXO69k,UgzVBZYBTpHRmlaBRRt4AaABAg,@ha_h_215,저도 공구 알림 부탁드려요~!,1,2024-01-25
sASWkRXO69k,Ugz8YD9jzO3uJsbmkHh4AaABAg,@ehee2814,언제 공구하시나요?,1,2024-04-18
sASWkRXO69k,Ugz3bONrBEdkXufJTih4AaABAg,@rlim1710,청소 매우 어려워 보이다 못해 불가능해 보이는데....,2,2025-06-02
sASWkRXO69k,Ugxlb8TePeD3QBMcHPF4AaABAg,@12minio_o,공구 알림 신청합니다!,0,2024-01-26
sASWkRXO69k,Ugwr9sJmE2EoGb0mTpR4AaABAg,@이지현-f8p2e,공구알림신청합니다~~😊,0,2024-01-27
sASWkRXO69k,UgwbkxO1xFmRJEyROLd4AaABAg,@유성희-r4p,닭요리 베이킹하면 냄새 벼이지않나요? 스팀오부 스팀세척 되는게 더 나을텐데요,1,2024-01-28
sASWkRXO69k,Ugzt4_peWMt01Q0RWsB4AaABAg,@보리수-i6u,전기레인지 기능도 있나요?,0,2024-01-25
sASWkRXO69k,UgwsJs11JX8LO8Q5ZhZ4AaABAg,@탈모김밥,공구 참여할께요,0,2024-01-26
sASWkRXO69k,Ugyf5vodOa5GkPOkE-F4AaABAg,@ms-r5g,저도 알림~~,1,2024-01-23
sASWkRXO69k,UgxZMl6VzXxz8NQJFfl4AaABAg,@강은호-i5v,공구 알림 신청합니다.,0,2024-01-26
sASWkRXO69k,UgwRGBX-2jX302ucXCF4AaABAg,@에잇-u3s,저도 공구 알림 신청이요~~^^,0,2024-01-26
sASWkRXO69k,Ugz1n3EWluoyRGLtubR4AaABAg,@JHL-w3i,알림설정할게요~~,0,2024-01-23
sASWkRXO69k,Ugy90GIwYB5CegZWzuF4AaABAg,@김은미-f7f,우와` 저도 신혼때 산 광파오븐 버리고 이걸로 바꿨어여ㅋㅋ 너무 좋아여`,0,2024-02-15
sASWkRXO69k,Ugw5SyXnFtTAUjZ77IV4AaABAg,@happy_JJIsoon,광파오븐에서 왜... 바꾸신거죠? Lg 오브제 광파는 스팀도 되잖아용. 궁금해요 ㅎ,8,2024-01-22
sASWkRXO69k,UgzykZT7-lw__RW8gzt4AaABAg,@쏘쏘-m9k,주변에 열은 괜찮은가요?,0,2024-07-27
sASWkRXO69k,UgxXnkcK92Hv1qO0GDl4AaABAg,@93Cherry,알림신청해봅니당,0,2024-01-23
sASWkRXO69k,UgyELiID-0uKOoxmyjV4AaABAg,@hyunjinan6475,유리컵 궁금합니다. 이쁘고 커보여요.^^,1,2024-01-23
sASWkRXO69k,Ugz-HCJGXqRHtVJh3kd4AaABAg,@풍태-r2d,공고인가요?,1,2024-01-26
sASWkRXO69k,UgyY__LrRWXJIAisMzt4AaABAg,@joolloo5934,"데우기는 잘 안된는데 어떻게 사용하시는지
문의드립니다.
전자렌지처럼 안되더라구요",8,2024-01-26
sASWkRXO69k,UgzR_3ZcEo2gD-jqFAB4AaABAg,@Orosiehari,알람신청해요~,0,2024-01-23
sASWkRXO69k,Ugxyhslx2tJsN706Bfd4AaABAg,@artmemories3605,사고 싶은데 집이 좁아서 가로 세로 넓이 사이즈를 알수 있을까요? 제품 사용 설명서에도 안 나오고 다른 유투브에도 나오는게 없넨요. 제발 부탁드립니다.,0,2025-02-20
sASWkRXO69k,UgzZ3gHkx5z3jc1OnVZ4AaABAg,@wfrkalswo,청소만 힘들다고 해서 포기한 제품인데 오래오래 잘쓰시면 좋겠네요ㅎ,5,2024-02-12
sASWkRXO69k,Ugw_JiW5K_b6PoINfpN4AaABAg,@4956pro,"자동세척기능있는것도 있던데 이걸고르신 이유는 뭔가여?
바스켓형 식기세척되는거로 사야되나
스팀오븐에프 사야되나
엄청고민했는데ㅠㅠ고민하느라 아직못샀지만요",2,2024-01-22
sASWkRXO69k,UgxKENMFFCmW8577tFp4AaABAg,@방울토마토쨈,울집에 있는 타깃에서 99불 주고 산 제품이네요 😂,1,2024-01-27
sASWkRXO69k,UgwwIrdnRt7TYohfm-V4AaABAg,@연애시대-0802,오호 쿠진아트꺼였군요,0,2024-01-25
sASWkRXO69k,Ugyc27k5ECYwf-H7OGp4AaABAg,@suran2019,공구 알림 신청이요!,0,2024-01-24
sASWkRXO69k,UgwemJTiXvYJMD8dHrJ4AaABAg,@카라-z7r1v,저도 공구요~,0,2024-01-23
sASWkRXO69k,Ugz4KL5418P6_l16uLd4AaABAg,@Index808,"배경음악 👍 
정보 👍",0,2024-02-04
sASWkRXO69k,UgzwHb3BMaQPOYKhd-p4AaABAg,@busancadot,알림신청합니다,0,2024-01-23
sASWkRXO69k,Ugw9qIr9jXvfRB90jMl4AaABAg,@jinhee2190,공구요~^^,0,2024-01-23
sASWkRXO69k,UgzUsr5OiDqi64mCHTB4AaABAg,@funnygi90,알림!필요합니다~~~~!,0,2024-01-23
sASWkRXO69k,UgzU1yV2XMAaobWZV1J4AaABAg,@eunjoochung9336,저도 에프고민인데..  왜 쿠진아트 사용하는게 어려워보일까요? ㅠㅠ,0,2025-11-17
sASWkRXO69k,Ugx1T4F1NxAucpUlchl4AaABAg,@임아련,"근데요 다다살림님 에프오븐 미국꺼라면서
벌써 오래전부터 쓰신거 아닌가요?
한두달전에도 쓰시는거 쇼츠에서 본거같아서요...
혹시 제가 다른쇼츠로 착각하는건가요!
저도 사고싶은데 이미 오븐따로 에프따로를 언니가 사준게 있어서요 ㅠ😢",0,2024-01-31
sASWkRXO69k,UgxdYhaJuz7ZjMjEPfZ4AaABAg,@송양수-p1c,"필립스가 제일좋타
에프가 처음나온게 필립스가 맛이다르다",4,2024-01-27
sASWkRXO69k,UgyX3X9WNAeusOOhiN54AaABAg,@carpedienn,에프는 무조건 대용량으로,1,2024-01-28
sASWkRXO69k,UgwuBvGNsf4h7UGC0DN4AaABAg,@na1056nuk,고장이 잘나는 브…,0,2024-02-05
sASWkRXO69k,Ugz_rLiwDv4qj5wOZAZ4AaABAg,@호호아줌마-t7y,요즘 에프+ 렌지기능  찾아보는데 ..,1,2024-01-25
sASWkRXO69k,UgwX_i21RZcxQspbaxV4AaABAg,@이제이비,전자레인지 기능되나요?,0,2024-01-26
_v34GrhrA4w,UgxkE7ZKLYNN2J8EcIF4AaABAg,@PICKPLAY-n6b,"✱ 이 포스팅은 토스쇼핑 쉐어링크 활동의 일환으로, 이에 따른 일정액의 수수료를 제공받습니다.
(쿠팡 외 다른 사이트에서 구매할 수 있는 링크 원하시는분들이 많아, 토스쇼핑에서 구입할 수 있는 링크 남겨드려요! 토스쇼핑에 영상에서 추천드린 제품이 없는 경우도 있어서 최대한 유사한 제품으로 링크 남겨놨습니다.)︎

⬇︎아이닉 에어프라이어 오븐 16L, 블랙⬇︎
https://toss.im/_m/jZNCt78B

⬇︎필립스 에어프라이어 1000 시리즈 4.2L⬇︎
https://toss.im/_m/zJ9XNZqm

00:17 에어프라이어 구매기준
01:25 아이닉 3세대 에어프라이어
02:02 필립스 2000 에어프라이어
02:33 쿠진아트 컴팩트 에어프라이어

'믿고 고르는 베스트템 가이드' - 픽플레이 입니다. 
추천드린 제품은 영상의 좌측하단 '제품보기' 버튼을 누르시면 확인이 가능합니다!",7,2025-05-04
_v34GrhrA4w,Ugzo_ONPlzfZ33X7_4x4AaABAg,@MitteNMilk,추천 감사합니다!,1,2025-12-07
_v34GrhrA4w,UgwMnimzHuvi8WUDCvl4AaABAg,@판도라-p1v,오 필립스꺼 좋아보이네요,3,2025-09-17
_v34GrhrA4w,Ugz5PbgL7sHUzbtPhqF4AaABAg,@해맑은준,넓은게 짱입니다  냉동피자가 안들어가요,7,2025-09-17
g0F60EOd3J4,UgyZz-zspfKZju6h-zB4AaABAg,@cafedong2,"📢 디디오랩 스팀 에어프라이어 15L 공동구매 2차 오픈!

1차 공구 참여해주신 분들 덕분에 정말 감사했습니다 🙏✨
요청이 너무 많아서 드디어…
2차 공구 오픈했습니다!

📌 진행기간: ~1월 14일까지.
📌 이번공구 특별 혜택 : 스텐 원형팬 증정
📌 수량 소진 시 조기 마감될 수 있어요!

👉 구매링크 : 프로필 링크 확인!",2,2025-08-21
g0F60EOd3J4,UgyfONeN_R46Lvm5k3B4AaABAg,@Jay-0-1-0,"광고 개빡쳐요 ^^
여러분 저거 못닦습니다 ^^",67,2025-12-29
g0F60EOd3J4,Ugz397IJ06_yUeKphXt4AaABAg,@크로마뇽-x5q,풀무원꺼랑 광고 대결. 누가 이겼나요? ㅎ,8,2026-01-19
g0F60EOd3J4,UgyM8BVXdIKfQugZX094AaABAg,@karmars7,광고비를 받아서,19,2025-12-18
g0F60EOd3J4,UgzruX31etCrE950Gzp4AaABAg,@어른스토리,우와 너무 좋은 템이네요~!^^😊,1,2025-08-20
g0F60EOd3J4,Ugx6_p4FOuALHtjlI6Z4AaABAg,@Jaeu-uo2ry,와우 아이디어 좋네요... 스팀 하나추가해서 청소도 편하게 해주고 다양한 요리까지 가능해지네 ㅋㅋㅋ 대박,0,2025-10-21
g0F60EOd3J4,Ugw5ROJagxjyfTHQ_O94AaABAg,@gnolboy,구입 요망,1,2025-08-15
g0F60EOd3J4,UgymMJUfXEsZOhZC4HZ4AaABAg,@saminvan,고민하다가 쿠진아트 고멧 스팀에어프라이기로 결정함 진짜 장고 끝에  저건 안써봐서 모르겠지만 일단 쿠진아트꺼는 대만족하면서 사용중,0,2026-01-22
g0F60EOd3J4,UgymPc1EBDMmoy6vPtN4AaABAg,@하루인생-r3u,같은기능 디자인은풀무원 에어프라이,4,2025-12-22
g0F60EOd3J4,Ugw8ZF4IDjqKL_jOEKN4AaABAg,@dreani10,"갈비찜이 스팀으로 하는 찜이었어? 스팀 청소모드는 괜찮아보이지만, 음식은 잘 모르겠네. 열과 스팀을 따로 주는거라서 그걸로 찜이 잘 나올지는 모르겠음.",3,2025-11-26
g0F60EOd3J4,UgzSRvWisTtJcAGXmCh4AaABAg,@lydiapark3695,레시피 영상도 부탁드려요~,2,2025-09-18
g0F60EOd3J4,UgzBtuqV_31eT1mVaxV4AaABAg,@seunghwanoh3520,복합모드에서 스팀이 나오는데 어떻게 겉바속촉가 가능한가요?,0,2026-03-18
g0F60EOd3J4,Ugwxhe-MC-yseufZ1uJ4AaABAg,@폭스-y4h,"공구특가 끝났네요ㅠ
다시한번 해주세요ㅠ
알림부탁드립니다",1,2026-02-12
g0F60EOd3J4,UgwVNWiuq3irAw9PERd4AaABAg,@앗냥요,겉은 바삭한가요 치킨 같은경우는 바삭이 생명인데 궁금하네요,0,2025-11-27
g0F60EOd3J4,UgzqbGkct1EzTpwWxAl4AaABAg,@chunghyunpark674,구입요망,1,2025-08-15
g0F60EOd3J4,UgxndsSi8fh9-K5taMt4AaABAg,@jasonethan,에어프라이 무조건 용량 큰걸로 그래야 후회 안함,0,2025-12-30
g0F60EOd3J4,Ugy9GXXr2NxMp9tihQV4AaABAg,@모나크갓,다만 가격이 비싸죠,1,2026-02-01
g0F60EOd3J4,UgzfblMCnAK-gG10yhN4AaABAg,@채영-h7v,스팀 없이 일반 모드도 되나요?,1,2025-12-19
g0F60EOd3J4,Ugx9AwmrErg33Yo3cJh4AaABAg,@하늘소망이에요,언제 또하나요,0,2025-08-27
g0F60EOd3J4,Ugwaxys92BASo0uTfJx4AaABAg,@오페라하우스-s3b,고민끝에 필립스,0,2026-05-20
g0F60EOd3J4,UgxbYGNJYGlPtZYPIZJ4AaABAg,@AA-dk5cw,갈비찜이 스팀으로 된다고요? 정말로?,0,2026-03-15
g0F60EOd3J4,Ugyrx2FO_0jXet82mLB4AaABAg,@dg6409,갈비찜이 된데 ㅋㅋㅋㅋㅋㅋㅋㅋㅋㅋㅋㅋ,1,2025-12-10
g0F60EOd3J4,Ugz_euIrwRf9snB0FDx4AaABAg,@autosave3967,광고를 쳐 받앗는데 광고표시를 외 안한거요?,0,2026-04-08
g0F60EOd3J4,UgyrEBPUlUr44Mevmwp4AaABAg,@inmyofs,유리재질 에어프라이가 대세인거 모르나봄.,0,2026-02-04
g0F60EOd3J4,UgwXu2Yo-GOFJ6V3Q-t4AaABAg,@Chany-sm5ts,하단 열선없는 그 어떠한 에어프라이기라도 완전히 익지않는다.,1,2026-02-09
g0F60EOd3J4,UgwVnAQFOWqDKpMICF94AaABAg,@bwasj73,스팀 안나오게 하고 써도되나요?,0,2026-06-08
g0F60EOd3J4,UgwDgB1TI_KENU30uVR4AaABAg,@멍지-e1d,"구매하려는데 옵션이 좀 잘못된거 같아서요~
확인부탁드려요😅",1,2025-08-16
g0F60EOd3J4,UgyZV8Tu9j9tiqqAXcN4AaABAg,@동공이약사,15년 경력 바닥에 버렸노 ㅋㅋㅋ,13,2026-01-14
g0F60EOd3J4,Ugx24RE2vqLjT4ru3I54AaABAg,@레제-x1m,스팀으로 갈비찜 한다는 개쌉소리는 태어나서 처음들어보네 ㅋㅋㅋㅋ,3,2026-02-08
g0F60EOd3J4,UgxqZFfle0UE7rtmPNx4AaABAg,@pp-lf2tu,구입요망,0,2025-08-17
4NhWv1Ug_1g,UgxN6Wr_7zs8bW05m9l4AaABAg,@뽀큐트,원본 영상은 영상 하단을 클릭해주세요!,7,2022-06-23
4NhWv1Ug_1g,UgxVc5FD1jOGUIGolJV4AaABAg,@우리들화음,아!  그래요?  저도 에어프라이기 신청했는데 일부러 스텐으로 했습니다ᆢ 구형도 괜찮다네요ᆢ와!  이분 명확하시네요~,17,2022-08-17
4NhWv1Ug_1g,Ugwwh-rwOVrimr7fKll4AaABAg,@4Haru669,"거거익선에 스텐 제품
청소하기가 편해야 함",28,2025-07-11
4NhWv1Ug_1g,UgytPCZEdBSxa95pL_N4AaABAg,@mi_soft90,"저도 터치식보다 다이얼이 편해서
쿠쿠(바스켓5.5L)로 결정했는데 신상으로  스팀청소도 되는  쿠쿠 에어프라이어(바스켓5L)가 있더라고요
터치식에 일체형바스켓인데 신상으로 사야되는건지 기존상품이 더 좋은건지
궁금해요😅",6,2025-08-05
4NhWv1Ug_1g,UgzRpJr8KsiLPC_qco94AaABAg,@jack-y1v6o,혹 케로스 제품은 어떤가요..? 리뷰가 많이 없어 고민이네요 당근에 괜찮은게 올라와서요 ㅠ,2,2025-02-01
4NhWv1Ug_1g,UgxM1MvSoGSWWieD-uV4AaABAg,@Shu7ijgdews,"어쩜 내 생각이랑 똑같은지 
유익한 정보 감사합니다 
전자식은 해킹?조정때문에
다이얼로 사고픈데 다이얼로는 작은게 잘 안나오고
그리고 거의 다 중국제품이더라구요
쿠쿠 테팔 다~~~ 괜찮겠죠??",0,2026-02-08
4NhWv1Ug_1g,UgyFdUpL41OqvShzgAl4AaABAg,@BethPark-e4f,진짜 큰게 짱,1,2026-03-18
4NhWv1Ug_1g,UgxevV-o-Fpp70go34F4AaABAg,@젬마1202,"전자렌지겸용 에어프라이어사도될까요?
이번에바꾸려는데..추천좀",1,2025-07-07
4NhWv1Ug_1g,UgxjHgWw05xukek82MN4AaABAg,@iz4iz,"미니 전기 오븐..
다들 그런게 있는지도 모르던 시절부터 30년 넘게 썼습니다
막쓰다가 욕조에 넣고 철수세미로 빨면서도 써봤습니다
분해하면 진짜 부품 아무것도 없습니다
비싼거 필요 없고 기본에 충실하면 그만입니다
저렴하면서 맘에 드는거 사시고 그 기계에 사용자가 익숙해 지는게 관건입니다
오븐 처음 쓰면서 빵 구울때 2분돌리는지 20분돌리는지 모르는게 문제인거지 기능은 아주 단순합니다",21,2024-11-17
4NhWv1Ug_1g,UgwYfUBFO82icorSiqB4AaABAg,@Seoul-p7l,쿠진아트 오븐형 60 70 중에 추천하시는게 있으신가요? 청소가 힘들어보이더라구요ㅜ,1,2025-10-01
4NhWv1Ug_1g,UgymJPNoJWAAQ1T_Z1V4AaABAg,@도봉-o3c,맞는말,0,2025-12-12
4NhWv1Ug_1g,UgxhUqkIx5cSd4Er8dZ4AaABAg,@ppgg9392,바스켓이 강화유리로 된 글라스에어프라이어는 어떤가요? 세척이랑 건강에 더 좋을거같은데 열이 잘 전달되고 가둘 수 있을지 의문이네요,0,2026-03-23
4NhWv1Ug_1g,UgxgKhaSuVOxow8aeNF4AaABAg,@kk-fx3fq,"에어프라이어 오븐 42L LOV-MO42GY 
식당이라 큰 용량의 에어프라이어가 필요한데
오븐과 믹스된 제품도 에어프라이어용 사용이 가능한 건가요?",0,2026-02-10
4NhWv1Ug_1g,UgzzfxqsJZtrZ3Bokyl4AaABAg,@상식있는사회-z8e,숏폼에서는 링크가 안되니 불편하네요,4,2024-01-08
4NhWv1Ug_1g,UgwI9E0VxSWNl4pk7y14AaABAg,@짱-w1j,"선생님중국산 제품 같은데
3가지 기능이 다갖춰진 
복합레인지인데
가격도 안비싸고 좋은데
중국산이라 왠지 폭발할거같고 하자있을거같고 무서운데 선생님은 어떠세요?? 추천인지 비추인지해서요 해외배송 반품비 4만원이래요",1,2025-10-17
4NhWv1Ug_1g,UgxEIWRB_YD6aTZF0rN4AaABAg,@eunchoiiii,"간단한게 최고맞아요 삼성복합제품쓰는데 (오븐, 전자렌지, 에어프라이어등등) 스마트쿸으로 설정된것만 할 수 있는데 개구림. 그래서 에어프라이어는 한번쓰고 안씁니다..",48,2023-05-12
4NhWv1Ug_1g,UgwBRNCLb2P1IRiG9eh4AaABAg,@찐찐-g6t,코렐 에어글라스는 어떤가요,0,2026-01-31
4NhWv1Ug_1g,Ugx8QPWiXMRYZWGdglh4AaABAg,@김오영-q3s,"악세사리ㅜㅜ
세척하기 너무 번거로워요",2,2025-08-02
4NhWv1Ug_1g,Ugx0my4marj_KRi31Wt4AaABAg,@김멋짐-m7y,엄청 고민하다가 차라리  엘지의 광파오븐 좀 저렴은 어떤가요? 전자렌지도 에어프라이도 다 자리만 차지해서요 😅,0,2024-07-23
4NhWv1Ug_1g,UgwiNUdt4i87Jdxyb454AaABAg,@hsng-w3q,"닌자 크리스피유리 에어프리이어 어때요?
리하스 5년 썼는듯 쿠진아트 비슷한용량인데 넘 작고 낮은듯  청소 넘 불편하고
당근 내놓고 닌자살까 고민중요.
청소 편의성 넘 좋은듯 맛은 다 비슷하고 해서요",0,2026-03-29
4NhWv1Ug_1g,UgxUwzwHa4emlWKM4n94AaABAg,@스머패티,보토스팀에어프라이어 어떤가요? 필립스xl이랑 고민하고 있어요,1,2024-02-04
4NhWv1Ug_1g,UgzTDRS7YkMJqp5-yi94AaABAg,@비밀의화원HJ-i8c,보트 스팀에어프라이어  어때요?,1,2025-11-02
4NhWv1Ug_1g,UgwrnM2RJcWKlww57wV4AaABAg,@dongGun5959,"안녕하세요 영상 너무 잘보고 있어요.
에프사기전 뽀큐트님꺼 보고있는데
전부 스텐이 좋다고 하는데 저는 내부소재 법랑소재도 눈여겨두는데 내부소재 법랑에다가 미디어 제품 어떨지 여쭈어봐요 댓글 달아주심 감사드리고 영상 늘 재밌게 시청하고 있어요",4,2025-02-13
4NhWv1Ug_1g,UgwcOxOdrhWhhzYwXHd4AaABAg,@문춘희-q2o,쿠진아트 오븐형은요? 제품이 너무 많아서 고민되네요 ㅜ,3,2025-09-16
4NhWv1Ug_1g,UgyxSWmO6TjnTGYLpx54AaABAg,@myetoilemika,오넬리 듀얼 스팀 에어프라이어 20L 5세대라고 청소 쉽다고 공구시장에 나오던데 가격이 쎄더군요.  이 상품은 추천하시나요?,0,2025-08-05
4NhWv1Ug_1g,Ugz-vKKunpqiESw50Wh4AaABAg,@Cute-CAT2tv,kc 믿을만 하냐 2달쓰면 ㅋㅋㅋ 녹이 스는데 뭔..,1,2024-10-03
4NhWv1Ug_1g,UgyBbO3oNgypsi3hCQB4AaABAg,@samyeolkim5764,쿠진아트와 닌자 에어그릴 중에 승자는...??,12,2024-04-24
4NhWv1Ug_1g,Ugw6j3ERwxZrjSH6TJJ4AaABAg,@GADGET8-z8x8n,KC를 믿으세요. 왜 케이씨인데. 이분 문과군.,0,2026-01-12
4NhWv1Ug_1g,UgweSQSgOCQ96O2x0ax4AaABAg,@user-rjsdn308,60리터 짜리도 있긴 하던데 그거 사면 되나요,0,2026-04-21
4NhWv1Ug_1g,UgyO0f7GxgWIZfIKFgN4AaABAg,@선미김-h3b,노영민과 공군과 지영이와 수정이와 점순이와 미영이와 일하세요,0,2026-05-12
4NhWv1Ug_1g,UgyMDdt5hZJ-4q1sDx54AaABAg,@황규순-b5n,닌자에어프라이기.그릴 은  어떤가요?,7,2024-02-03
4NhWv1Ug_1g,UgwyiKu3ULt9I6tVOYB4AaABAg,@김민성-j1h2y,제조국이 중국산도 괜찮겠죠?,4,2023-11-21
4NhWv1Ug_1g,UgxnsbTNooqWkWwrTBd4AaABAg,@채니-w7i,내부가 스테인레스로 되어 있는 게 좋지 않나요? 코팅제품들은 발암물질 나온다고 들어서…,10,2024-02-19
4NhWv1Ug_1g,UgwjDPTo64HTeoV_PYZ4AaABAg,@glooria1030,바스켓제품으로 스텐만 찾고 있었는데 대부분이 불소수지코팅이라고 되어있어서 망설이고 있어요.,2,2024-02-24
CnXSLtaVJxc,Ugw_WpJkzdWMT_Stvl94AaABAg,@ryuniiii,"오늘은 그동안 문의 많았던 소형가전 9가지 추천해 볼게요 ~

6개월에서 1년 넘게 사용해보고
찐으로 만족한 제품들만 추천했으니
영상 마지막까지 꼭 봐주기루💕

앞으로도 예쁘고 유용한 살림템, 주방용품, 가전들 기대해 주시구요 :)

00:00 시작
00:36 발뮤다 더 고항
2:08 오넬리 듀얼 스팀 에어프라이어
5:10 발뮤다 더 플레이트
7:13 발뮤다 토스터 프로
8:14 발뮤다 더 브루
8:58 코웨이 공기청정기 노블
10:16 블렌텍 믹서기
12:42 발톡스
13:41 풀리오 어깨 마사지기

여러분이 잘 사용하고 계시는
가전제품이나 살림템들도 댓글로 추천해주세요🙌🏻


#살림템 #주방용품 #살림꿀템",2,2025-11-22
CnXSLtaVJxc,UgwGoMdaf4MnCMugfXN4AaABAg,@dhkdlzlzl-b3j,5줄로 뿌린 타코야끼 마요네즈 어디꺼에요?,0,2026-04-14
CnXSLtaVJxc,UgxHS8EIPbTffpjvoc94AaABAg,@Jiyoo-l8j,공청기 기사님 반기는 멘마 시강 😆소형가전 추천 감사합니다~ 주방템알못이 류니님 덕분에 눈이 개안했어요😘,0,2025-11-23
CnXSLtaVJxc,UgwVy8F5wGzbVQofEMF4AaABAg,@hanjiii7910,"오넬리.... 에어프라이어.... ^^*
류니님   덕분에   저렴하게... 구입해서....
정말   잘 사용중입니다.... 감사합니다....",1,2025-11-22
CnXSLtaVJxc,Ugy1sxmNoXbl-ITHdRl4AaABAg,@GRIT-hu4vt,저도 오넬리 에어프라이어 공구 기다립니다,1,2025-11-23
CnXSLtaVJxc,Ugyhzv81i7kpmATfFex4AaABAg,@SUN-pr4gx,"오넬리  에프 진짜 잘 쓰고 있어요
삼겹살에 묵은김치 먹는 맛 짱!
고기먹으러 외식할일이 거의 없어요~~~
스팀이용해 야채찜도 잘해 먹구요😊😊😊
후회없는 에프요~^^
공구1차때 바로 구입😊",2,2025-11-22
CnXSLtaVJxc,Ugw4NU44RQOUl5OOk-h4AaABAg,@masaru11,어쩌다보니 발뮤다 패밀리 ㅎㅎㅎㅎ,2,2025-11-22
CnXSLtaVJxc,UgwhadCoXnlkuhnKYjZ4AaABAg,@SUN-pr4gx,"발톡스 3개구입해서 시어머니 친정언니 선물하고
저도사용요~~~티비보면서 때론 독서 음악 들으며 쇼파에 앉아 발맛사지요
아주 편안함을 ㅎㅎㅎ",1,2025-11-22
CnXSLtaVJxc,UgzLGvzNHyaCZmePuAV4AaABAg,@영선김-m1z,오넬리 에어프라이어 공구계획  없으신가요?,1,2025-11-22
CnXSLtaVJxc,UgwfqM45aR5t9fxzlVF4AaABAg,@김송희-o7p,"발뮤다  더플레이트프로
혹시공구는안하시나요?",0,2025-11-23
YxDUcwMPJ4Q,Ugy3F-kOLrq9D3HUMwt4AaABAg,@mensa2030,맥스 크리스피 메뉴가 또있넹....  다음 버전인가,0,2026-05-06
YxDUcwMPJ4Q,UgxvNbAi6Epu7NnVJFN4AaABAg,@안정님-o1o,😂좋아좋아,0,2026-06-06
YxDUcwMPJ4Q,Ugy62nJw084wwOaseRF4AaABAg,@freereaf,보통 에어프라이어로 조리한건 보관하기전에 한끼식사지않나,1,2026-05-03
YxDUcwMPJ4Q,UgzSB_gXEgTUKA3JoOd4AaABAg,@machineofsilence,조리 끝났으면 먹어야지,12,2026-03-17
YxDUcwMPJ4Q,Ugy9SFRd0iWYZ-sdcqN4AaABAg,@kuitar2615,닌자로 영상 찍고 쓰레기 제품 링크 걸어두는 수준,3,2026-04-12
YxDUcwMPJ4Q,UgyQxfhsJwujuY_kaGV4AaABAg,@junghwaoh6326,온도조절안되요,4,2026-04-07
Z9cAxhtDMXg,Ugx--1ZMea8UPEqrBCN4AaABAg,@asdf-wu9gv,여러개 써봤다는 사람이 저런 쪼만한 크기 제품이 좋다 광고하는게 흠 ㅋㅋ 에프 써본 사람은 알겠지만 크기가 냉동피자 정도는 여유롭게 들어가야됨,875,2024-05-02
Z9cAxhtDMXg,UgzuV8Hu4LuVrdeqreR4AaABAg,@그사랑-u1w,"제일 중요한건 용량임..
용량이 작으면 뭘 해도 애매함..",552,2024-05-06
Z9cAxhtDMXg,UgyJlW-DT-mkvPXcaCp4AaABAg,@yangsanchonnom,저거 유리 엄청 무겁던데요 음식 담아선 더 무겁고 진짜 단점은 용량이 너무 작아요,122,2024-04-24
Z9cAxhtDMXg,Ugym_-UcMsk6DAFS7dF4AaABAg,@MM-or2nr,광고면 광고 마크 달아야하는데...,606,2024-04-25
Z9cAxhtDMXg,UgwV7qUiZizEMJpR9MB4AaABAg,@제갈이와향연,에어프라이어는 열선부분 설거지가  제일 애매함 몇년씩 달라붙은 기름기 제거 불가능,59,2024-10-16
Z9cAxhtDMXg,UgwDVYXUk6xTHzqr6Dh4AaABAg,@우유식빵-v1c,종이호일 깔든 안깔든 밑바닥 기름에 흥건한건 똑같은거 아녀!,95,2024-04-11
Z9cAxhtDMXg,UgwvGbDHOOlfcrK3tfN4AaABAg,@lazysun7296,"그리고 저 유리만 따로 판매함~
사이즈도 딱좋음 환경호르몬 신경 안쓰고 설거지도 편함",9,2024-05-09
Z9cAxhtDMXg,UgwfmPOHtoa4u517ySF4AaABAg,@회림이,올스텐이 좋습니다. 강화유리는 설거지 잘 모르고 바로 닦는다고 닦다가 찬물에 닦는 사람은 유리 깨트릴수 있습니다. 옛날 타파락. 프랑스 비젼 냄비 사용하는거 같이 조심해야 합니다.,337,2024-04-09
Z9cAxhtDMXg,Ugz2vDJ7EbIMrlqyrjB4AaABAg,@YM-lm3cq,"요리중엔 김과 수분이 나오는데, 유리 안이 보이나요??",10,2024-04-04
Z9cAxhtDMXg,Ugwoqo4ymvhq94nzO114AaABAg,@가을이예요,"식기세척기에 들어가는 모습 보니 정말 작다 ㅋ
이건 현실에서 마주쳐봐야 함",5,2025-02-02
Z9cAxhtDMXg,Ugw4wfETI2BdINpcvEB4AaABAg,@together-w5b,"바스켓은 써본 경험이 없고 처음 쓸때부터 오븐형으로 쓰고 있는데 완젼 사랑함❤ 모든요리를 그걸로 해요 전 빵  구이 볶음밥 못하는 요리가 없음. 청소도 요리끝나고 바로 2분만 닦으면 너무 쉽고 가끔 일주일에 한번 신경써서 10분간 닦아주고 아주 아주 깨끗하고  3년째 고장 없이  잘 ~~쓰고 있어요 요리를 전자렌지와 오븐형에프로만 거의 다하고 가스는 가끔만 사용하고 가스보단 전기가 요리하기에 편해요
아무튼 오븐형 사랑해~❤❤",6,2025-02-11
Z9cAxhtDMXg,UgwlYwHmECEC7bvWjFR4AaABAg,@특수한사람,오븐형이 답이군요.,20,2024-04-09
Z9cAxhtDMXg,Ugx4cg6SItixkS6VZlp4AaABAg,@thingka206,깔끔해서 너무 좋아요,1,2025-04-07
Z9cAxhtDMXg,Ugwa6i6Ne373ZVUxZGp4AaABAg,@mari1020-1,과앙고😂😂😂,10,2024-04-12
Z9cAxhtDMXg,UgwJW0uVBD7LsAf8xiN4AaABAg,@겸w3v,"강쥐❤
넘 귀엽😊",2,2024-05-23
Z9cAxhtDMXg,UgzEkEjubm2NMiR6huR4AaABAg,@오마뷰,불.나.거.든.요~ 라이터 휘둘르는거 재미나네요.😊,2,2024-08-11
Z9cAxhtDMXg,UgyN8Tm1qUmF2EPOmG14AaABAg,@baldeagle5269,"위에 세척은 어떻게 하나요?
구매 고민이네요",0,2026-06-11
Z9cAxhtDMXg,UgwjBsok4jUCRS_znwx4AaABAg,@gracekim3740,바스켓형요~~~오븐보다 설거지 용이,4,2024-09-23
Z9cAxhtDMXg,UgwNzAZCZn2Lzz-3rnB4AaABAg,@쭹-f2t,"저랑 비슷한거 사용하시네요
저는 매직쉐프꺼 쓰는데
용량, 디자인이 똑같네요 ㅎ 
1-2인 가구가 사용하기엔 좋아요",0,2025-01-02
Z9cAxhtDMXg,UgyVms7Hjhp-LSu7_bd4AaABAg,@luna-ej8vg,저도 이 상품이랑 깉은 거 브랜드만 다른 거 4.5리터 쓰는데 저는 매우 만족해요. 1인 가구라서요. 자리 많이 차지하지 않고 속이 잘 보이고~1인 가구라면 깅추입니다. 군고구마 진짜 맛나요~,2,2025-03-09
Z9cAxhtDMXg,UgwrcmshBR8vcKzN3tZ4AaABAg,@zerowaterkr,걸러야할 광고 영상,23,2025-03-13
Z9cAxhtDMXg,UgwSvoD9y33Y_KhXODZ4AaABAg,@mollyy5161,괜찮은건가 해서 사볼까? 했는데 댓글들 보고 ㅎㅎㅎ 오븐형으로  가야겠네요~ 오븐형 추천좀요,0,2025-01-14
Z9cAxhtDMXg,Ugx9eAD2VtTuBGxsGyd4AaABAg,@thingka206,"이거 사용중인데 대만족이요
용량큰거는 오븐이용하니까 가볍게 쓰기 너무 좋아요",1,2025-04-07
Z9cAxhtDMXg,Ugwzm6_vG4J_Srf7DXp4AaABAg,@sgmarket1,그냥 오븐형 에어프라이기 사요. 그게 최고임. 오븐형 있으면 저런거 절대 안씀,226,2024-04-02
Z9cAxhtDMXg,UgwAeR651ecQMykEyiR4AaABAg,@조미란-m9h,저거 나사에 녹이 생기잖아요.녹물 나오는 음식이라 ㄷㄷ 그냥 나사까지 올 스텐레스 쓰세요,15,2024-06-04
Z9cAxhtDMXg,UgzyrWbmI-_vxGc7gUF4AaABAg,@sgr1999,사장님 👍  더욱 번창하실겁니다..,0,2024-04-21
Z9cAxhtDMXg,Ugyo7wz9bOuIpJeXWoV4AaABAg,@graciousdignity7547,에어프라이어는 필립스 제품이 인지도가 제일 높음,4,2025-03-06
Z9cAxhtDMXg,UgwJ3FkVGiulhkofZ_Z4AaABAg,@sowjrukfb,헉 저희집꺼랑 똑같....저도 강추요 ㅎㅎㅎㅎ,1,2025-02-24
Z9cAxhtDMXg,Ugxt3sMdvacpHMjk1x94AaABAg,@테너즈,"자취하면서 이것 저것 요리해보고 느낀 것은
에어프라이어는 클수록 좋다는 것입니다… 이건 거의 무조건입니다. 게다가 유리로된 에프는… 글쎄요. 감성을 원하는 것이 아니라면 유리보단 기존 제품들과 같은 재질들이 좋습니다.",3,2024-11-04
Z9cAxhtDMXg,Ugw34QooHaP9J9d3MNF4AaABAg,@TV-ur5nl,저도 저 비슷한거 쓰는데 상부 열선과 용기 사이에 공간이 살짝 떠있어서 열손실이 있는것 같아요. 시간이 좀 더 걸리는것 같아요.,0,2025-12-05
Z9cAxhtDMXg,Ugwi9RncJS2FotDsgI14AaABAg,@김성진-n8b,근데 밑바닥 축축하고 안익는건 받침없으면 저 유리도 마찬가지 아닌가 ㅋㅋㅋ,2,2025-04-13
Z9cAxhtDMXg,UgyYBrm51Cf7-qHHvft4AaABAg,@anio8885,단점    음식과  윗면 열판이 멀어서 속터짐.   중간  높이의 받침대가  부품으로 포함되어야함.,6,2024-09-22
Z9cAxhtDMXg,Ugy5tb_yjq9NPPQx0kV4AaABAg,@tvs2425,예쁘긴 하네요 ^^,1,2024-04-21
Z9cAxhtDMXg,Ugzv-CSUPImUpS2sN7t4AaABAg,@오야붕-m7q,ㅉㅉ 광고표시를 달고 영상을 올렸어야지,9,2024-05-06
Z9cAxhtDMXg,UgzgAjrn2crrpCddOD54AaABAg,@sgr1999,좋네요. 담엔 이걸로 ..,1,2024-04-21
Z9cAxhtDMXg,Ugw1EMUVIXa0bdm4L2d4AaABAg,@돼지코악마,바스켓형은 피자가 안 들어가서 결국 바꿨어요 ㅠ😂,3,2024-04-26
Z9cAxhtDMXg,Ugylu8rmDiicqwnJP454AaABAg,@greatmeerkat,예전에 유행하던 원적외선 조리기가 저런 식이었죠. 용기형이 설거지의 장점은 있지만 일반적인 냉동 피자 한판이 한 번에 안 들어간다는 단점이 있습니다. 개인 취향 차이가 있지만 제가 써보니 내부가 올스텐인 오븐형 제품이 제일 쓸만한 것 같습니다.,9,2024-10-17
Z9cAxhtDMXg,UgyRjP_iRghGk1sMArd4AaABAg,@뚜룹,"밑바닥까지 싹 닦아서 식세기 돌릴수잇능거 찾고잇엇음 . 닌자 에어그릴이랑 이거 두개 사면 조켓다 ㅠㅠ 휴 주방이 좀만더 널널햇더라면ㅋㅋㅋㅋㅋㅋ 닌자 에어그릴 ( 어떤분이 고추바사삭 이걸로 맘드는거 봣는데 짱이엇음,,,) + 저거 두개 놓으면 주방이 꽉차버이긴 할듯 .",0,2024-07-26
Z9cAxhtDMXg,UgxAoHQbuDMDczkz0ih4AaABAg,@hong-eo,자일렉 에어프라이어 검색하니까 여기 영상에 나온거랑 오븐형 에어프라이어 나오네. 영상에 나온건 모르겠지만 오븐형은 디자인 살짝 바꾸거나 브랜드 로고만 바꿔서 싼값에 판매되는 중국산 제품이다.,1,2025-04-08
Z9cAxhtDMXg,UgyuNdisB95zpUwn1wx4AaABAg,@hiimm3,에어프라이기는 청소가 관건.. 천장 보여주는 곳 거의 없음.. 열선 아예 막혀 손가락도 안 들어가 청소 불가능한 제품들 많음. 뒤집어서 조명 비춰보고 기절하는 줄 ㅠㅠㅠ,1,2024-12-29
Z9cAxhtDMXg,Ugw5ymuRC2Tn7EX9zXx4AaABAg,@콰이엇럭셔리-r2r,"이번에 매직쉐프 바스켓 삿는대5.5리터 통닭 중간사이즈 하나 들어감
생선은 집에서 굽는거 보단 업소용 그릴에구운생선 주문해서 먹는게 더 맛있다
일줄에 한두번 먹는 생선 .
오븐형은 비위생적이라서 금방쓰고 버릴거걑음 오븐형사세요  바스켓은 위생젹이고 식비도 절약할겸 5리터 짜리 삼(2인가구)
그리고 다이얼식 오븐형보단 버튼식 추천해요
나중에 에어프라이어 한대 더살생각인데 그땐 필립스 서랍형 9리터 짜리 살려구요ㅡ
에어프라이 다이얼식오븐형은 진짜 소모품이라 생각라고 산다면 추천요",0,2025-09-17
Z9cAxhtDMXg,UgwW5XI5J-c7VKW4RNh4AaABAg,@yourname-hn5de,여기에 고구마 구워먹으면 넘 맛있어요,1,2025-02-28
Z9cAxhtDMXg,UgzEf4mGH8eXyo2karx4AaABAg,@죄송합니다-k5g,이거별로예요..   일주일쓰고 당근으로팜. 유리무겁고 용량작고,6,2024-07-09
Z9cAxhtDMXg,UgxtcQizcalt84uMvH54AaABAg,@limk0604,"전 최근 구매했는데 잘 쓰고 있슴다
오븐은 따로 있기 때문에 튀김류
주로쓰니 전 딱 좋아요 
유리니 무거운건 그려려니하고요",8,2024-04-28
Z9cAxhtDMXg,Ugwa4wwT3ahShN2_vjV4AaABAg,@Bedtime_info,집에서 비슷한거 쓰고있는데...다른 에어프라이어대비 설거지 쉬움. 단점 : 너무 무거워서 손목아픔.,1,2025-04-07
Z9cAxhtDMXg,Ugw1Y9tLFQBf00Adtf94AaABAg,@우샤인너트-c9t,싸고 AS편한 쿠쿠로 샀어요. 디자인도 괜찮아요,0,2026-01-31
Z9cAxhtDMXg,UgxG2FlRpnaVorWdUEp4AaABAg,@재리_Jerry,너무쪼끄매여,1,2025-04-15
Z9cAxhtDMXg,UgzNrxV-ADp3Huwzbf94AaABAg,@user-개두식,청소 귀찮고 힘든거 빼면 오븐형이 최고의 만족,0,2025-04-09
Z9cAxhtDMXg,UgyUXspwcEY0bxlJfo94AaABAg,@user-ovnie,"같는제품 쓰고있는데.. 말씀하시는 부분은 동감못하고 유리라 자주 열어보지 않아서 확인하는건 편해요. 예쁜건 예뻐요.. 
이사가면 걍 오븐 사려고용 ㅎ",3,2025-01-07
Z9cAxhtDMXg,UgwXGIpKfIBZSJ0JvCp4AaABAg,@뉴룩,"바스켓은 닦을수 있지만 본체 청소는?
에어프라이어는 오븐형이 제일 편함",0,2024-10-24
Z9cAxhtDMXg,Ugx9rstnGTosUL_Vjdp4AaABAg,@어묵_꼬치,종이호일깔고 젓가락 한쌍 ×자로 깔아두면 조리할때 종이 위로안올라와서 안타거든요.,9,2024-04-11
Z9cAxhtDMXg,UgyKoBC-X62bkGW8EYR4AaABAg,@우투리-x8d,에어프라이어 대류가 안되지 않음? 밑에서는 어케 통과함 열이? 그래서 다들 밑바닥에 구멍숭숭뚫린건데 별로일듯,1,2025-04-16
Z9cAxhtDMXg,UgxxoHAGtbm9vD3tldR4AaABAg,@jungcindy2405,제일 중요한건....그게아니라.....잘 안뜨거워요 ㅜㅜ,1,2025-04-14
Z9cAxhtDMXg,Ugx2HLoQVu-f2kn2ML54AaABAg,@parksang2447,스텐이 조리제품. 전반에 쓰이는 이유를 알고있겠죠?,0,2025-04-06
Z9cAxhtDMXg,Ugy5Cb6LEdUnW3G_pAh4AaABAg,@달래-t5s,저도 이거쓰는데😊,0,2025-04-18
Z9cAxhtDMXg,UgxYXBxSK9-VIJjMG8x4AaABAg,@나로말할것같으면그러,ㅋㅋㅋ.. 그런데 밥통이 킬포...,0,2025-01-25
Z9cAxhtDMXg,UgxKMzgkp156n1uZd2h4AaABAg,@멜리-z1q,저도 선물받아서 그냥 쓰지 오븐형으로 사지 다들 한마디씩 거들더라고요. 고장나면 오븐형으로 갈아타려합니다 ㅎㅎㅎ,22,2024-04-12
Z9cAxhtDMXg,UgxAQwd416bVYuVVN8x4AaABAg,@ysy2205,닌자 게 좋다는 얘기가 많아서 닌자 거 검색중인데 혹시 모델명 좀 알려주실 분 계실까요? ㅠㅠ 생각보다 여러 종류가 있네요.,0,2025-01-09
Z9cAxhtDMXg,UgzykeHgMnYjNwosrjV4AaABAg,@cofiii-o,유리 사이로 공기가 들락 날락해서 맛이 떨어진다는 단점이 있다고 들었어요 맞나요?,0,2025-03-07
Z9cAxhtDMXg,UgxJAD7Rv6OwYsluRQR4AaABAg,@Lottohoon99,이걸 누가 사나? ㅋㅋ 오븐형이 최고디ㅡ,1,2024-07-12
Z9cAxhtDMXg,UgyphfkmeQ2p2HmHlRF4AaABAg,@노혀-q3i,"기름이 안빠지자녀,,",1,2024-04-20
Z9cAxhtDMXg,UgxZnjf2OIU9n8T7R9N4AaABAg,@monologue2347,돌고 돌아 필립스 대용량이 최고임,1,2025-04-02
Z9cAxhtDMXg,UgzwrVpA7wuTIwHhLwB4AaABAg,@ZombieKart,냉동피자 하나도 못돌리는 크기의 에프를 추천한다구요?,1,2025-01-07
Z9cAxhtDMXg,UgyK-_9o9Ct70dFaNkB4AaABAg,@여나여노,용량이 너무 작아요ㅠ,2,2024-04-29
Z9cAxhtDMXg,UgwQWu-7TO-sRgMEPQ54AaABAg,@삶의지혜-v9y,"유리 깔끔하고 좋네요
감사합니다",4,2024-04-04
Z9cAxhtDMXg,Ugy6PyB6fAeFMYiqTCx4AaABAg,@user-bk7xi1nh1j,에프를 제대로 써본 정상인이면 저런걸 추천할 수는 없음.,1,2025-04-13
Z9cAxhtDMXg,UgyuQV6H3HvHCwh3OxZ4AaABAg,@혜꽁이-z8d,중요한건 소리가 겁나큼니다,1,2025-03-03
Z9cAxhtDMXg,UgwWHb4gq7-M4KvjpcR4AaABAg,@7pmm,대박 집에잇는 에어프라이어 처분하고 저거 사고싶다 ㅠ,1,2024-04-27
Z9cAxhtDMXg,UgzEqYJsb4eZu_CmI5t4AaABAg,@pterious-s3m,유리 깨져서 터지면 최소 한달은 지옥임,1,2025-04-13
Z9cAxhtDMXg,UgyWxp67fZXmOJOQn5J4AaABAg,@imyour_fan,식기세척기 돌릴거면 유리 아니어도 다 잘 닦임,2,2024-04-24
Z9cAxhtDMXg,Ugw-Pdr9uH5PJMnJ5dJ4AaABAg,@마자화자부라자,용량때매 큰거쓰는거지 디자인은 보기흉하지만않으면 그냥 용량큰게짱임,0,2025-04-20
Z9cAxhtDMXg,Ugyw799XHCM1eOEittB4AaABAg,@ozu_teapot,피자 되게 좋아하네 사람들,0,2026-01-23
Z9cAxhtDMXg,UgyyOkjmSIDkZFDtWXB4AaABAg,@긍정-j6z,에어프라이어를 여러개쓰다가 버렷다고?ㅋ,1,2025-04-11
Z9cAxhtDMXg,Ugyc1sGx-PaPT2QiBix4AaABAg,@레인-l7y-o4b,구입처는요?..,2,2024-03-29
Z9cAxhtDMXg,UgzoqBhT1uRYF1LxPwR4AaABAg,@다롱이삼춘-i6q8x,"기름에 튀긴 음식 
많이 먹으면 몸에 안좋아요
삶아먹고 쪄먹는 위주로 드세요",0,2025-04-02
Z9cAxhtDMXg,Ugy_qxR32Fp_5521yAh4AaABAg,@minmi_net,종이호일 내열성인데 몇 도에서 불 나는지는 아세요? ㅋㅋ,0,2026-03-16
Z9cAxhtDMXg,UgyVLd_dIHa0MQ4R2914AaABAg,@woongsweet,"광고 아닌척하는 광고 티 팍팍나서 반감 오짐
아예 광고할게요! 느낌이면 그러려니하는디",21,2024-05-13
Z9cAxhtDMXg,UgxKHfduJagTG5UDpu14AaABAg,@chasj80,바닥망에 기름때 낀거......ㅜㅜ,1,2025-04-09
Z9cAxhtDMXg,UgwalP_JQxPskFxNXyd4AaABAg,@이중격투기,에어프라이어를 여러개써봤다니..,22,2024-04-02
Z9cAxhtDMXg,UgwfOnqCaClfRTUX9hV4AaABAg,@여름이싫은사람,뒷광고로 신고 했습니다,2,2025-12-22
Z9cAxhtDMXg,Ugzotccfp-1V3q8hiMV4AaABAg,@akyoun-e5i,도마어디거예요?,0,2024-04-03
Z9cAxhtDMXg,Ugy8yK8y84e5sYauqD54AaABAg,@taekim8253,많이 써본 사람이 저걸쓴다는 말은 빼는게 쬐끔 더 진실되 보일듯,0,2025-02-19
Z9cAxhtDMXg,UgzxyoSMS9dEXN8xogx4AaABAg,@강건마-w7d,에프 진짜 많이 써본거 맞음? 개별론데 이거... 라고 적으려고 들어왔더니 이미 신나게 까이고 있네 ㅋㅋ,0,2025-01-07
Z9cAxhtDMXg,Ugzi7gXc16DKhlXpCnh4AaABAg,@그랭구아르-x6g,오븐형 에어프라이어는 그냥 오븐 아님?,5,2024-05-27
Z9cAxhtDMXg,UgwMyNK---Mtw4_2PlJ4AaABAg,@포매-p1z,"장난해???
다다익선!
크면 클수록 좋다~~
이건 작아도 너무작음~~",1,2025-08-14
Z9cAxhtDMXg,UgyolXgNuh8_xj_EZAN4AaABAg,@우앙콩콩콩,이거 쓴지 얼마 안됐는데 손잡이 유리부분 금갔어요. 교환불가라는 답변..하하 할많하않😅,0,2025-03-04
Z9cAxhtDMXg,UgyWeJWzrcp3j0mbNGl4AaABAg,@커피중독자-j4f,난 쿠진아트 엄청 잘 씀... 전에 홈쇼핑 사은품으로 받은 바스켓형 저런제품 썼었는데 별로였음. 지금은 이틀에 한번꼴로 냉동식품 돌려먹고 고구마도 구워먹고 너무 좋음,4,2025-02-12
Z9cAxhtDMXg,UgzYbGHScSRuoThMoml4AaABAg,@hannah0691,저도이거있는데 요리가좀 오래걸려요,0,2025-02-09
Z9cAxhtDMXg,UgwnRUZRurtRM5cAUbJ4AaABAg,@성이름-g1w5d,역시 광고 ㅋㅋㅋㅋㅋㅋㅋㅋㅋㅋㅋㅋㅋㅋㅋㅋㅋ,0,2025-03-16
Z9cAxhtDMXg,UgyuzTzqlfOUk-qgHoZ4AaABAg,@냥타0,아니야 큰게 젤중요하다 이쁘고 나발이고,0,2025-04-13
Z9cAxhtDMXg,Ugz9iuzl1-E7Tq9RvWF4AaABAg,@fxxku-e6g,혼자살아도 오븐형사세요 ㅠ 16리터 오븐형 샀는데 2인용으로 딱좋아요,20,2024-04-09
Z9cAxhtDMXg,UgzwLARl40t8fVStYVN4AaABAg,@user-vh6ub3ej6j,젤 중요한 온도가 200도까지만이라는거...,0,2024-12-07
Z9cAxhtDMXg,UgxyR0Avv9eyRlyFU054AaABAg,@nolgom4351,걍 오븐형 에프가 젤 좋은거같은데,0,2025-04-05
Z9cAxhtDMXg,Ugwp2SsggHzMwA6aU8Z4AaABAg,@tunnyty8742,쇠가 최고~,0,2025-04-04
Z9cAxhtDMXg,UgyUkmnPVXNytljx2Nx4AaABAg,@10dayfit88,광고문구는 꼭 넣으세요,0,2024-10-31
Z9cAxhtDMXg,Ugx1qVkVJIbGvwMUnch4AaABAg,@레몬맛블랙,냉동 피자 넣을정도 에어프라이어 사셈 다른거 다필요없음,0,2024-10-16
Z9cAxhtDMXg,UgxFt9jCk33_a5xcfgZ4AaABAg,@스마일-d5n,"에어프라이어사놓고 이젠 사용 안 함. 너무  맛이 없어서,",0,2025-02-01
Z9cAxhtDMXg,Ugwm8K-7lBqdJ1Ri0x94AaABAg,@Hoo-u6t,호일을 거기다 까는게 아닙니다,0,2026-02-02
Z9cAxhtDMXg,UgyDoqAuA_WlIyXryFh4AaABAg,@hihee3879,종류별로 써봤으면 이런 스타일 안쓸텐데?,0,2025-01-31
Z9cAxhtDMXg,Ugwv4GEiWqAcCah1Zgd4AaABAg,@rodneymullen6186,ㅎㅎㅎㅎㅎ차단,0,2024-10-03
4xUfcPaTOwI,UgxAhzbu8F9Y9OSndXV4AaABAg,@루브루-e8m,에어프라이어는 청소가 너무 중요 ㅜㅜ 스팀도 중요하지만 구조가 단순하고 쓸데없는 벽면무늬없고 상단도 청소 가능한거가 너무 절실하네요,15,2026-04-27
4xUfcPaTOwI,UgxddyjHClYwBIzgApN4AaABAg,@honey-bo,"뽀큐트님 사무실에 있다 하신 그 대용량 닌자 모델을 기다리다 기다리다 지쳐, 현재 에프 유목민이 되었습니다. 제 맘속 에프유니콘~",12,2026-03-20
4xUfcPaTOwI,Ugz1NWU2JYHBS8bdeyd4AaABAg,@로즈-y5y,진짜 유익한 정보 감사합니다❤❤❤,3,2026-03-21
4xUfcPaTOwI,Ugxj92VL_xnROk9lc954AaABAg,@줌마력,기다렸습니다🎉,4,2026-03-21
4xUfcPaTOwI,Ugy7r0ZuEyyurtL7kbB4AaABAg,@jubilee119,예전에도 올려주신 에어프라이어 영상이 뽀큐트님을 알게된 첫 영상이었어요. 친절하규 자세한 설명 덕분에 여러 장단점과 저의 라이프스타일을 고려해서 삼성큐커를 샀답니다. 지금까지 잘 쓰고 있어오. 그 뒤로 결혼하면서 알텐바흐 줄줄이 ㅋㅋ 감사합니다. 혹시 (가능하다면)천호현백에서 뵈면 꼭 인사드리고 싶어요^^,2,2026-03-21
4xUfcPaTOwI,UgxoDaoF8EeKaXtjm4F4AaABAg,@0126sjsj,바스켓형도 추천해주세요!!,9,2026-03-26
4xUfcPaTOwI,Ugw4n08KnmzLTLMiCCx4AaABAg,@Good_Commenter,진짜 우리나라 사람들 깐깐해서 유행하면 그 물건 상향평준화까지 얼마 안걸림 ㅋㅋㅋㅋ 싸고 좋은 물건이 아니라 적당한 가격만 주면 끝판왕 급 기능,8,2026-03-24
4xUfcPaTOwI,UgzViZmjpe1aOo2rSMd4AaABAg,@김소연-v5z,"최근꺼로 리뷰되어서 좋아요!!
근데 그 사이에 쿠쿠에서 직화스팀오븐기라고 새로 나왔는데..  어떻게보시나요?
원래 쿠쿠거 사려다가 봤더니 신제품이 나왔더라구요-",0,2026-05-13
4xUfcPaTOwI,Ugw2o3_MjIYsOXvaYl14AaABAg,@Mj-xp3ti,효자손이신가요? 너무 시원하잖아요~,5,2026-03-21
4xUfcPaTOwI,Ugxal-W7zsgJOquCCNp4AaABAg,@pbpb-p8f,디디오랩 14리터쓰다가 스팀 15리터로 구매할까하는데 가격은 27마넌정도 하는데 괜찮을까요? 에어프라이어 많이 사용하거던요 청소 괜찮을까요?,1,2026-03-30
4xUfcPaTOwI,UgygNnE-7QiktWpZWtB4AaABAg,@parkj.h6975,쿠진아트 50만원대 ㅋㅋㅋ 어이가없네,103,2026-03-20
4xUfcPaTOwI,UgwXu2TTZpSwDFFu7wN4AaABAg,@쩡미-o3q,"시즌앤홈 에어프라이어는 어떤가요?
304올스텐이고 음소거기능도 있다는데 
괜찮은가요?
스테나랑 고민하면서 보다가 시끄럽다해서요",0,2026-05-06
4xUfcPaTOwI,Ugwor_MC061sUb484AF4AaABAg,@user-ex2wb4ym5j,스테나 쓰고있는데 이쁘고 좋아요,3,2026-03-25
4xUfcPaTOwI,UgzSN7J_LmRLLdaYyyt4AaABAg,@hsng-w3q,"리큅 45L
청소간편하게 팬이 되어있던데 좋아보여요.
단 사용자가 많지 않아 잘 모르겠어요",0,2026-04-20
4xUfcPaTOwI,Ugy2E1M0wUAab6_Gdit4AaABAg,@aaa-yo,"20년도 겨울에 아이닉 개선판 썼는데 얼마안지나 상부 팬 모터소음과
앞문 전원센서 인식이슈
됐다안됐다 성능은 좋았는데 은근 신경이 쓰였던",1,2026-03-25
4xUfcPaTOwI,UgwlYJfh0PKJGIb6Hk14AaABAg,@길거냥-e6q,에어프라이어 손잡이 고장나서 바꿀려는데 집에허 쓰던게 바스켓형이라는것도 처음알앗네요 ㅋㅋ,0,2026-05-11
4xUfcPaTOwI,Ugx9M7S0J02Sm_NKPNt4AaABAg,@ingosuh,풀무원 스팀쿡 15L 샀는데 만족합니다,2,2026-04-17
4xUfcPaTOwI,UgzplHBUTOCZuCJMnbh4AaABAg,@eunmaker,오븐형 중에 추천 비교 해주실 수 있을까요😢,0,2026-04-03
4xUfcPaTOwI,Ugx9jKpdfYo8J27Szux4AaABAg,@jyk0406,"에프는 청소가 젤중요
그거힘들면 쓸때마다힘들어요
그래서 저는스 스팀에프가 가장잘쓰고 스트레스도 많이안받더라구요",10,2026-03-22
4xUfcPaTOwI,UgyumZsVSIVKzpVovh94AaABAg,@고요-m5l,"저는 삼성 엘지중에 하나 사려고 벼르고 있는데 
엘지꺼 써보시고 어서어서 
리뷰영상 올려주세요❤❤❤",13,2026-03-20
4xUfcPaTOwI,UgxrPsxep3r003fO5Md4AaABAg,@Blaster_NYang,스테나 22L 21만원으로 할인해서 바로 샀어요 ㅋㅋㅋㅋㅋㅋㅋㅋ 감사합니다!,2,2026-03-29
4xUfcPaTOwI,UgxAvK_mM0MIXwF9m4x4AaABAg,@용이다,삼성 엘지 에프살까말까 고민만 거의 1년째하고있었는데 쿠쿠로 갑니다!!,1,2026-04-13
4xUfcPaTOwI,UgzM4QwSt0KAiy_y1LJ4AaABAg,@골드스푼-j4t,에프 공구해주세요~~,2,2026-03-20
4xUfcPaTOwI,Ugz5qtz25MEgWbYNkst4AaABAg,@Mr_Pandaaaaa,하지만 갠적으로 오넬리 에어프라이어 진짜 만족 대만족.,2,2026-04-01
4xUfcPaTOwI,UgyBt6LM1dJTo5L73uF4AaABAg,@Jinynjiny,저도 엘지로 바꾸고 싶어요~~~😆,3,2026-03-20
4xUfcPaTOwI,UgwcUJRH-WTQnhvUSNl4AaABAg,@쏘쏘-p2q,바스켓형 버리고 스팀에어프라이어 구매하려고 했는데 정보 감사해요~,3,2026-03-20
4xUfcPaTOwI,UgyK6MdJznBGE5Nzpkl4AaABAg,@sopranosol,아 증말 이런 리뷰 너무 조아요,2,2026-03-22
4xUfcPaTOwI,Ugw9HXOWBlxHx67EWEJ4AaABAg,@user-es5ol7ik3r,팬 입니다. 감사합니다,5,2026-03-20
4xUfcPaTOwI,UgymS1b_uprm6DubfMB4AaABAg,@dhjung5731,닌자 최곱니다,1,2026-03-21
4xUfcPaTOwI,Ugxw3GBjmjvsgRE9blh4AaABAg,@오늘의치킨-k7q,1.냉동피자가 통으로 들어가냐!,3,2026-05-02
4xUfcPaTOwI,Ugy3i8B131vqB3PEAsp4AaABAg,@김재현-l7q4l,쿠쿠 어떤 제품을 사야할까요?,0,2026-06-12
4xUfcPaTOwI,UgyVYd_39hSy-3FVdVx4AaABAg,@Wmslzj,"와 더 유튜브 잘되셨으면 ㅎ
집에 1000와트 전자레인지 있어서 에어프라이어 살려고 보는데 추천가능할까요? 쿠쿠 18리터 디자인제맘에 들긴하는데 다른것도 상관없습니다 또 스팀이있냐없냐도 중요한거 같고 초보라 잘모르겠네요 ㅠ 또 가전은 자꾸만 최신형제품보게되고 풀무원 스팀쿡마스터 플러스듀얼스팀오븐20리터 26년형도 보게되고 ㅋㅋ
스팀으로 추천 부탁드릴게요",0,2026-04-06
4xUfcPaTOwI,UgxlE_0t5Chppyb028F4AaABAg,@-king-joe-,"진짜 가격 엄청나게 올려놓는 거 같음
특히 크리스피 류 유리 광파오븐 같은 것들",0,2026-05-22
4xUfcPaTOwI,UgyZOnjwQ5Vt4lUVc8B4AaABAg,@sam-wu8hn,"순수 에어프라이 기능으로만 쓰려면 어떤거 추천하세요?
오븐레인지는 있어서요",3,2026-03-21
4xUfcPaTOwI,Ugyywr-F5zQil4OMPId4AaABAg,@Janne-n8b,17L 이상 에어프라이어 어떤 제품 사는 게 좋을까요? 쿠쿠랑 풀무원중에 고민중인데 청소쉬운게 제일 중요해요ㅜㅜ 쿠쿠추천하신다면 어떤제품 추천하시는지도 궁금합니다!,1,2026-05-10
4xUfcPaTOwI,UgxkFPJHH0-ca22SfVJ4AaABAg,@areumdaul_na,"전자레인지+에프 구매하려고 알아보는 중인데 마침 이틀 전에 업로드해 주셨네요~ 제일 정리 잘 해주시는 영상 같아요!
영상 정독하고 구독하고 갑니다^^

그런데 혹시 영상 오른쪽에 화이트 수납장 정보 아시는 분 계시나요?",7,2026-03-23
4xUfcPaTOwI,UgyTAePn_5Phr9i8U_N4AaABAg,@ajung6614,"영상보고 삼성 구매하려하는데 삼성 [큐커 멀티]랑 [큐커 오븐] 차이가 어떻게 되는지 모르겠어요 ㅠㅠ 멀티가 22l인데 오븐 32l 보다 가격이 비싼데, 기본적으로 렌지,에프,오븐 기능은 다 있는 거 같아서 어떤 차이인지 궁금한데 찾아봐도 명확하게 모르겠더라구요😢",0,2026-04-25
4xUfcPaTOwI,UgySLOniuS8HzG1lUBl4AaABAg,@하율-k9g,자취생은 공간이 부족해서 전자레인지+에어프라이 다되는 제품도 비교 추천 해주시면 감사하겠습니다!,0,2026-03-29
4xUfcPaTOwI,Ugz3WwlmETUEydVvjDZ4AaABAg,@an-rg2gw,kr 과 아이닉AO16L 중 뭐가 더 나을까요? 쿠쿠는 색상이 정말 너무 아쉬워요ㅠㅠ,0,2026-04-13
4xUfcPaTOwI,Ugx03yd8naNp5tJLa_p4AaABAg,@달J36,정보 항상 잘 참고하고 있습니다.,0,2026-03-30
4xUfcPaTOwI,Ugxw1KjyQXY8saurDkB4AaABAg,@user-xs9nv3zo8u,예산 25만원 쿠쿠 ㅊㅊ하시는데 린나이나 경동나비엔 오븐레인지랑 비교하면 어떤가요,2,2026-03-21
4xUfcPaTOwI,UgzwK8FxedJxX2n1h414AaABAg,@herbsttag0128,삼성 제품 고려 중인데 말씀하신 삼성 비스포크 오븐 32리터 모델 하나로 끝내는 것이 좋을지 아니면 삼성 전자레인지와 타사의 글라스 에어프라이어를 사는 것이 좋을지 고민 중입니다. 바쁘고 번거로우시겠지만 의견 부탁드려봅니다. 감사합니다.,0,2026-03-31
4xUfcPaTOwI,UgwWHFsZjX1ybySTX1V4AaABAg,@판교익,"혹시 비노출열선 제품은 아직까진 비추하실까요? 
청소가 용이해보여서 스테나에서  쉐프본 스팀에프오 바꿨는데 비노출구조라 그런지 체감상 2배이상 시간이 소요되고 245도로 20분이상 가열해도 실온도는 200도 정도에서 머무르더라구요.. 근데 또 다시 일반 노출 구조를 사자니 관리할 자신이 없고 ㅠㅠ",0,2026-06-07
4xUfcPaTOwI,Ugx2N9bAoLi6DirbSEt4AaABAg,@KO-yy3kx,"이사가는집 주방이 좀좁아서요ㅠ
전자렌지랑 에어프라이어 같이되는거
사고싶은데요!
락앤락 레인지프라이어랑
쿠쿠 광파오븐레인지 둘중하나 선택한다면
어떤제품 추천하시나요???ㅎㅎ

곧 아이태어나서 따로사고싶긴한데
좁아서 빡셉니다ㅜ",0,2026-04-01
4xUfcPaTOwI,UgwYFjShcFBfyKl6rgN4AaABAg,@트레블러구,"소개해 주신 제품들 다 좋지만 리터 단위도 크고 1인 가구가 쓸만한 제품들은 아닌거 같아서 
빌바 글라스 스팀 에어프라이어 4.2L 처럼 1인가구 사람들이 간편하고 청소 쉽게 사용할 바스킷형 글라스 제품들도 비교 해주세요",0,2026-05-19
4xUfcPaTOwI,UgxfEv1R_ibXyQKr0994AaABAg,@그레이스-u5b,"뽀큐트님 채널은 진리~ 믿음과 신뢰 백만개 😊
울 학원생들에게 싹다 뽀큐트 구독 지시함 😅",3,2026-03-20
4xUfcPaTOwI,UgxGswGksgywZa3IJPt4AaABAg,@gorhd7206,"에프와 레인지 겸용 삼성 구매했어요. 자리가 없어서.
아주 만족하며 사용합니다",23,2026-03-20
4xUfcPaTOwI,UgzFQtY-5ga8joyW_X94AaABAg,@런빌,뽀큐트님 지금도 스팀 에어프라이어는 설계상? 구조상? 별로라고 생각하시나요?,1,2026-04-27
4xUfcPaTOwI,UgwkangvUZqdn9_raI54AaABAg,@테라테리,"오븐기능이 좋은 큰 에프 찾는데 머가 좋을까요?
쿠진일까요?",0,2026-03-20
4xUfcPaTOwI,Ugy1FzWlHV5ew2ApWot4AaABAg,@냠냠-x4d,"엘지오브제 광파를 쓰고 있는데
에프기능 따로 원해요.. 
스테나, 닌자, 쿠진 보고 있는데 뭐가 나을까요",0,2026-04-16
4xUfcPaTOwI,UgxUxHIsc3LP9OsdSNd4AaABAg,@알리오-z1u,"아. 어이없네ㅋㅋㅋㅋㅋ에프는 냉장고처럼 십년을 내다보고 사는게 아님. 단순한 기기이고 상향화됐다 해도 에프는 에프임. 전자렌지처럼 기본적인것만 잘되면 되고 애초에 에프가ㅋㅋㅋㅋ18만원, 25만원짜리가 4-5만원에 팔겠음? 시장이 그만큼 소모품으로 본다는거임. 그냥 7리터이상 바스켓 5만원대에 사서 사서 버리거나 빵을 자주 굽는다면 4리터내외로 세컨사서 빵만굽는게 맞음. 무슨 에프를 50을줌??",2,2026-03-28
4xUfcPaTOwI,Ugy0aFDuqlH3Zy3I3xZ4AaABAg,@토리토,"자일렉 스텐 오븐 에어프라이기 24L 쿠팡에서 89,100원에 판매하고 있는데 어떤가요? 가성비도 좋아보여서 여쭤봅니다!",0,2026-06-07
4xUfcPaTOwI,UgyA3jhO22Vj2xGaj3F4AaABAg,@윤일등미,빌바 글라스  스팀 에프는  어떤지요ㅛ? 필요는한데  너무  고민되요?,0,2026-05-09
4xUfcPaTOwI,Ugwx1MKjuyvPMHWM-GB4AaABAg,@AncientGD,제가 원하는건 열선이 어디에 있든 드러나 있으면 않되고 양념 기름때 쉽게 제거 가능해야 하는데 그런 제품 않 보임. gg,0,2026-03-30
4xUfcPaTOwI,Ugwp7dvrWdvKhe-0MmZ4AaABAg,@량한-x2v,에어프라이어는 싼거 사서 1~2년에 한번 바꾸는게 나음,0,2026-05-17
4xUfcPaTOwI,UgzlLx0Mhljbz3pra0l4AaABAg,@masha1223jejus,"스테나 에어프레셔, 세번이나 교환!!! 결국 환불. 새재품이이렇게 정상 작동이 되는게 없다니…. 압력은 대체 왜 있는건지 오버스팀으로 해보니 증기가 여기 저기 새고 패널에도 뿌옇게 … 최악이었다. 대응? 마지막엔 사과 전화도 안하더라. 18. 압력 있는 에어프라이어는 스팀 작동 반드시 해봐야한다. 안그러면 낭패",2,2026-04-29
4xUfcPaTOwI,UgxmsfgkNyJsfW6b18t4AaABAg,@뽀로로-k4y,레인지 주력인 에어프라이기 기능있는 모델 추천 부탁드립니다ㅠㅠ 예산은 30만원 이하로,1,2026-03-21
4xUfcPaTOwI,UgyKktfHSpFUKBjrnUl4AaABAg,@hibom012,디자인+성능+소재 저는 스테나 좋아요!,4,2026-03-25
4xUfcPaTOwI,UgwlOf9lN96Jy3OAwZ14AaABAg,@구동백달,몇몇 제조사들은 다 마이디어 oem입니다,1,2026-03-23
4xUfcPaTOwI,UgzHNVlOg8W1Yft9qw54AaABAg,@20억홍봉사,"이틀동안 헤맸는데여, 진작 볼걸요ㅜ",0,2026-06-03
4xUfcPaTOwI,Ugzc7qp2RtH-YihGiih4AaABAg,@쩡미-o3q,"Lg디오스 
시간온도조절이 안된다는데
추천을 하시는 이유는요?",0,2026-05-06
4xUfcPaTOwI,UgxHHGUSmkqqqdHUPMN4AaABAg,@kevinrhee3281,"요즘 나오는 유리통 방식 좋아요
광파는 아닙니다
저는 코렐 바사칸 쓰는데 만족합니다
지금까지의 에어프라이 단점을 대충 다 극복 한 것 같습니다 조리 능력도 좋습니다 더 알려드리고 싶지만 광고성으로 비칠까봐  이만 줄입니다
가전제품은 과거에는 엘지일지모르겠으나 아시다시피 LG의 요즘 주가 수준에서 보듯 과거의 LG와는
차이가 있습니다  역시 경영이ㅜ인정적인 회사의 상품을 고르심이 바른 소비입니다",6,2026-03-23
4xUfcPaTOwI,UgwaZVbRqo26X57qjRR4AaABAg,@쿠앤크-d2m,메리쉐프 스피드오븐이 최고,0,2026-04-07
4xUfcPaTOwI,UgxdLnIqXDg_CVAiBJ14AaABAg,@함정화-t6x,알림신청~❤,4,2026-03-21
4xUfcPaTOwI,UgzDgG9AojbWCPaK2gV4AaABAg,@rainbow-c3r,삼성과 엘지중 뭘로 살까 고심하다가 삼성 비스포크 오븐+전자렌지+그릴이 후기가 좋아서 샀는데 엄청 만족하며 쓰고 있습니당,6,2026-03-20
4xUfcPaTOwI,UgzUTQz4H_khLifuzAt4AaABAg,@ajung6614,LG 트리플+스팀(70-80만원) 아니라 듀얼(40만원대)로 구매할거면 삼성 비스포크(30-40만원)가 더 나을까요.?,1,2026-03-26
4xUfcPaTOwI,UgxaUH_4ldCIeLxwP154AaABAg,@Co-ws1bv,"저 제품 모두 내부 스텐의 파란색 비닐 다 제거되고 출고된거 맞을까요?
플래쉬 비춰서 내부 모서리 같은 곳 사진 찍어보면 제거 없이 출고되는 곳도 있더라구요
그래서 그런지 최초 공회전시 플라스틱 타는 냄새 심하다는 리뷰도 있었어요.
다행히 제가 구매하려던 제품은 본사에서 다음 출고 분부터 시정해주기로 하셔서
몇 달 기다려서 새 제품 지난주에 받았는데
바빠서 아직 개시는 못해보고 (내일 예정)
구매하실 때 이런 것도 꼼꼼히 확인해보세요.
공정 순서에서 파란색 비닐은 떼고 조립하는게 맞습니다.",1,2026-03-20
4xUfcPaTOwI,UgxKChLcKUj77ksJ2mh4AaABAg,@서은지-s5h,바스켓용으로 추천해주신다면?,0,2026-04-11
4xUfcPaTOwI,UgwOcC2Q5bg5RioJBTh4AaABAg,@kuky0929,사용 후 청소를 할수 있는지가 젤 중요함... 작동은 다 비슷... 펜이 가려져 있으면 닦을수 없는 구조면 패스...  청소 기능이 있어야 하죠.. 펜청소도 할수 있는걸 써야겠죠.. ㅎㅎ,127,2026-03-20
4xUfcPaTOwI,UgwRPtP_35KHfLAaJ5Z4AaABAg,@J곰비옴비,쿠진아트 스팀에어프라이 좋아요 삼겹살 겉바삭속촉으로 치킨도 좋고 스팀기능 나물 몇개 7분이면 데칠 수 있어 편해요,1,2026-03-20
4xUfcPaTOwI,UgwlapBP1fZC6_AKvq94AaABAg,@라울-s7p,쿠쿠 광파오븐 가성비 개쩝니다. 생각보나 크기가 큰거 말고는 아주 만족함,0,2026-04-12
4xUfcPaTOwI,UgxClyWqY8_9tIl_BJ14AaABAg,@YUKO-m4m,제습기 소개하시는 계획 있으시나요??,0,2026-03-27
4xUfcPaTOwI,UgxpqpQxJ8d8So0454x4AaABAg,@user-t8u3g,"유리용기 에어프라이어도 비교해주세요 ~! 
코렐, 마르쿠진, 닌자요",3,2026-03-28
4xUfcPaTOwI,Ugz0S2f_DeoSMQT0CUJ4AaABAg,@D_Hwan,"삼성은 큐커오븐
엘지는 오븐레인지
이거 둘중에 어느게 더 좋은가요?
냉동피자나 고기를 위주로 쓰려고 합니다..!",0,2026-03-22
4xUfcPaTOwI,UgzlP_t1eDDObnszLWh4AaABAg,@okplus-w3u,지금 엄청 검색중이었는데 디디오랩 스팀오븐 맘에 드네요. 제가 본 가장 알찬 정보였어요. 감사합니다~,2,2026-03-20
4xUfcPaTOwI,UgzAJjNmMeZaRikQjLN4AaABAg,@라인-l1v,"좀 아쉬워요. 가격이나 모양은 그냥 보면 알아요. 설사 리뷰어랑 생각이 달라도 어차피 자기 취향 자기 경제여력에 따라 판단하면 되는데 모양과 가격 위주로 이어나가니. 

그보다 실재 기능 요리가 어떻게 나오는지. 청소가 실재 잘되는지 등 그냥 제품 정보보고는 알수 없는 것을 비교해주시면 도움이 될듯.",4,2026-04-12
4xUfcPaTOwI,UgxhJBy7vA-k_kYnMN54AaABAg,@유찌-e1x,"발뮤다, 닌자 에어그릴 쓰고있는데 
 발뮤다 더레인지...
진짜 한때 디자인, 감성 만으로 꽃혀서 미친척 샀는데  사고보니 진짜 그돈주고 살건 아니었..ㅋㅋ 
인테리어용으로 예쁘긴하지만 그 반값으로 큐커샀어도 괜찮았겠다..는 현재 생각...ㅋㅋㅋ
전자렌지 타이머가 없어서 불편..
딱 햇반 돌려먹기 좋은..ㅋㅋ
오븐모드 로스트치킨 설명서대로 구워봤는데 한번에 안되서 두번돌려야 속까지 익음..
결론 발뮤다는 전자렌지도, 오븐도 이도저도 아닌게 디자인만 예쁜...

닌자 에어그릴..
육류, 인스턴트, 생선류 고루 해먹어본결과 성능 괜찮은데 부피 자리차지 많이하고 무거워서 주방공간 여유있는집 올려놓고 쓰는거 추천..그게 아니라면 넣었다 뺐다 힘들어서 자주 안쓰게됨..
식세기 있으면 세척편함",0,2026-03-21
4xUfcPaTOwI,UgypEcFZuvUG6o70sx94AaABAg,@로즈마리yu,안녕하세요 풀무원 스팀쿡 마스터 듀얼 스팀 오븐 에어프라이어는 어떨까요?😊,12,2026-03-20
4xUfcPaTOwI,Ugw3m0vEc3s7xTCDzpt4AaABAg,@버니엄마,"유용한정보감사합니다~
혹시 스팀청소기능이 너무좋은옵션인가요?",1,2026-03-24
4xUfcPaTOwI,Ugx_w7kGujnJlgs4JIl4AaABAg,@김수진-u4n,마이디어 X23도 귱금해요,0,2026-05-06
4xUfcPaTOwI,UgxGWzow3i0iIjio7l94AaABAg,@k_jtaco,"스팀 에프 사신다면 머사시나요
풀무원? 오넬리?",0,2026-04-25
4xUfcPaTOwI,UgzaBOzaOIZdU9S5a054AaABAg,@ukeepgoing,브레빌 스테나 쿠진아트 중에 계속 고민 중입니다. 에어프라이어+홈베이킹 용도면 어떤거 추천하세요?,0,2026-03-22
4xUfcPaTOwI,Ugw-DeAH9Mb7HyPShNp4AaABAg,@유간지-p3k,닌자 공구 좀 해 주세요,4,2026-03-21
4xUfcPaTOwI,Ugzby6jBH4OArSv2lyV4AaABAg,@이주연-o6l8e,닌자 단종됐다는 큰 거 품번 알 수 있을까요?,0,2026-04-05
4xUfcPaTOwI,Ugy0X4YNWBIPilZr4fR4AaABAg,@굿굿-o9l,"좋은정보 감사해요!
오넬리 듀얼 스팀에어프라이는 어떤가요??30만원대이긴한데 삼성 엘지를 더 추천하시나요?",0,2026-03-23
4xUfcPaTOwI,UgyniFM5nNZXc6kV5m54AaABAg,@jhkhj2852,에어프라이어 가 전자렌지 기능도 할까요?,0,2026-03-31
4xUfcPaTOwI,UgySuDSdjgxSgvcteGV4AaABAg,@안정민-w3z,좋은리뷰감사,1,2026-03-21
4xUfcPaTOwI,Ugz_hn-aO_HIEs4T8ZZ4AaABAg,@susonlee5645,닌자 유리 에어플레이어 청소 어때요,0,2026-06-09
4xUfcPaTOwI,UgwJbWCfi0bgB7DBVvp4AaABAg,@비치정석,보랄에어프라이어 홈쇼핑에서봤는데 좋아보이던데 어떠신가요.ㅡ? 광파오븐방식인데 광파는 아니고에어프라이 같아요ㅜ 유리라서 좋은거같긴한데,0,2026-03-20
4xUfcPaTOwI,UgwD8U_G_icpqZKClN54AaABAg,@wolff6373,발뮤다 더 레인지는 에어프라이어가 아니지않나요??,0,2026-05-28
4xUfcPaTOwI,UgzeDhB4RrFCb0SxIWV4AaABAg,@1111aassaa,중국 A사에서 똑같이 만듬.   B사 oem 이름으로 34900원에 판매.   C사 oem 이름으로 판매 37900원.  여기까진 비슷해서 이해.  똑같은 oem A사 제품 택갈이만해서 69000원에 파는 인간들 있음.,0,2026-05-29
4xUfcPaTOwI,UgwXLDbEDr-a8FPUBBB4AaABAg,@Rj-ej5iy,뽀큐트에선 에어프라이 안 만드나요?? 작년에 올해 4월에 출시 할거라고 했었던거 계속 기다리고 있는데.ㅠ,5,2026-03-21
4xUfcPaTOwI,UgzYGdizxZ9fe7wcMel4AaABAg,@kkongmm,오넬리 스팀에프가 짱이지 팬까청소를할수있거든요,2,2026-03-21
4xUfcPaTOwI,Ugx3CBllnn9lnnqUtJR4AaABAg,@리바이의개롤트,다 거품 너무비싸다.. 난 10만원짜리 24리터 에프 잘쓰고있는데,1,2026-03-30
4xUfcPaTOwI,UgzlDdNehUGOllUIl154AaABAg,@jjaery,닌자 유리용기는요 ?,0,2026-05-05
4xUfcPaTOwI,UgyNm66wGK5Op0XYsB14AaABAg,@lekel3417,"풀무원에서 나온 스팀쿡 마스터 20l 사용중입니다. 
거거익선이 맞습니다.  
바스켓을 써오다가 오븐형 큰 걸로 사용하니 정말 좋습니다. 
양이 많으면 나눠했던 것들이 한 번에 구울 수 있어 정말 편해졌습니다만.
다만 스팀을 사용했을 때 물빠짐 구멍이 따로 없고 그대로 물이 고이는 형식입니다.
스팀프라이, 혹은,  스팀모드로 청소해줄 때 바닥에 고여있는 기름때 있는 물(양이 꽤 됨)을 행주로 빨아들이고 짜내고를 반복하는게 꽤 귀찮습니다.
다른 스팀에어프라이어에서 볼 수 있는 물빠짐 구멍이 얼만큼 귀찮음을 해소해줄 수 있는지는 써보지 않아 알 수 없지만
풀무원 스팀쿡 마스터는 다~~ 좋은데 스팀 사용 후 바닥에 고여있는 물기 제거가 귀찮다 정도가 되겠습니다.
그리고 뽀큐트님 말씀대로 풀스텐은 스팀청소를 잘 한다고 해도 결국 색이 바래지기 마련이더라구요. 
그래도 위생면에선 좋다고 보고 쓰고 있습니다.",12,2026-03-20
4xUfcPaTOwI,UgzGYIEZ2dmMcBD7uUp4AaABAg,@D_Hwan,"쿠쿠꺼 괜찮다길래 네이버 공식몰에서 후기봤는데 에어프라이어 기능은 200도 고정으로 못바꾼다고 함ㅋㅋㅋㅋ 후기 평점 낮은순으로 보면 가관임;;; 
이로써 다른걸로 다시 알아봐야 할듯요 ㅠ",4,2026-03-21
4xUfcPaTOwI,UgwQV3lYBqlKx7yBuXV4AaABAg,@임준형-l5u,Lg광파오븐 에프 잘안됨,0,2026-05-05
4xUfcPaTOwI,UgwJjx9LUceQTgmI5eN4AaABAg,@튜리,청소 편하고 가격 적당한 올스텐 에어프라이어는 어떤 걸 추천하시나요? 지금 풀무원 스팀 내부 다 변해서 바꾸려고 합니다. 열선 부분 청소도 힘든데 어떤 제품이 편할까요?,0,2026-04-12
4xUfcPaTOwI,Ugz8ucRcTZgz-IDfgIh4AaABAg,@user-jf7qp9zp9k,"실사용기는 
비스포크 큐커 삼성 예쁘긴한데
단독제품들보다 조금씩 만족도가 떨어집니다. 
넓어서그런지 시간이 조금씩 더 오래걸려요
전자렌지는 2배는 더 돌려야하구요.
에프/오븐 모드도 예열에 7-10분,, 시간 2배 맞는듯 합니다. 전용 접시 없었으면 클날뻔한 성능입니다...
에프랑 오븐이랑 저는 성능차이를 못느낄정도로 바람세기 약한것같습니다
바켓형 예열없고 5분이면 빠삭인데 ㅠㅠ
이건 용량크고 자리 1개 차지하는값인가 ㅋㅋ 그리고 비쌈 대신 이쁨
그리고 시계가 자꾸 안맞는게 시계 하나 못만드는 중국산 제품인가봐요 ㅋㅋ
폰으로 조리완료 알람은 잘 옵니다....
장점은 전자렌지 쓰다가 바로 오븐조리로 바꿀수 있는데, 저는 솔직히 전자렌지기능만쓰고 에프는 따로써요  냉동빵 굽는데 1분이면 되는데 이건 한세월이니까,, 

유리에어프라이기 브랜드없는거 10만원 정도 동일모양 팔고있습니다. 공구로삼. 마감 좋습니다. 에프성능도 만족하고 바람도 세서 창도 투명하게 잘보이고 빠삭하게 잘 됩니다. 장점은 유리그릇째 전자렌지 넣고 돌린 후 바로 에프돌리고 남으면 유리그릇째 뚜껑덮어 냉장보관 가능. 근데 사실 남는음식 생기지않음. 
그리고 기름진 요리 돌릴때가 많은데  식세기 가능하다는것도 장점

삼성쿠커가 좋은게 용량이크다는거 그래서 4리터크기 유리에어프라이기 그릇도 거뜬하다는거 ^^
큰 고기요리할때는 가끔쓰기도 합니다. 용량이크니까.... 근데 칸넣는기능이없어 삼발이는 베이킹하기엔 면적이 좀 아쉬운것같습니다.

삼성큐커는 에프는 따로 쓰니,, 그냥 비싼 전자렌지구요,  구지 구매할필요 없다는...",8,2026-03-21
6gi2RMsPDYs,UgycH1j5nqZ2devJY9x4AaABAg,@유리카트,"🔔공구 오픈했어요🔔

☑️영상 아랫쪽에 있는 
관련 동영상 눌러 주시거나

☑️제 채널 ""유리카트""로 와주세요:)",30,2025-10-18
6gi2RMsPDYs,UgxgoJYa11fVxHHWf494AaABAg,@nashcat_R,쿠진아트 신형 에프 디지털로 바뀐게  단점 1순위로 다들 꼽는건데..,53,2025-10-22
6gi2RMsPDYs,UgwQOE2MvE5uAE7FsJN4AaABAg,@bradkim-k3q6j,요리하고 뚜껑열면 위로 열기 스팀 다 나오는데 디스플레이가 얼마나 버텨줄지 걱정되서 안사고 기다리는중...,1,2026-02-21
6gi2RMsPDYs,Ugy2UeE5mL2NZAKzUIJ4AaABAg,@user-xk5us9rv7e,"와우, 너무 갖고싶네요. 알림 신청합니다",1,2025-10-19
6gi2RMsPDYs,Ugwt2vwKyjC8OyiOasN4AaABAg,@hiejinlet6035,알림 신청합니다!,1,2025-10-22
6gi2RMsPDYs,UgzQkGWFauwWFVmYXyN4AaABAg,@김은경-s4h9j,알림 설정합니다~,1,2025-10-20
6gi2RMsPDYs,Ugw6ck9sw-3RTHHxHNB4AaABAg,@coffeemania-b6r,알람신청해요~♡,1,2025-10-20
6gi2RMsPDYs,Ugwa59hDsge7oLVNxzR4AaABAg,@최은희-g2l,카톡알림신청 했습니다...고맙습니다,0,2025-10-20
6gi2RMsPDYs,UgyB7MjuHrqPNsL-EYV4AaABAg,@자유여진상,알림 신청합니다~,1,2025-10-20
6gi2RMsPDYs,UgyTO4akfO-NsN9YCJ54AaABAg,@흰뎅이,알림 신청이요~🎉,0,2025-10-18
6gi2RMsPDYs,UgwsIZamXET_fo5-QIZ4AaABAg,@Jinwoomom19,알림신청합니다 ^^🎉🎉,0,2025-10-20
6gi2RMsPDYs,Ugz-O5PgjzvC4E2jIBh4AaABAg,@Jane_seven,알림신청합니다😊,0,2025-10-18
6gi2RMsPDYs,UgxLPWHinZ7AyGKhOK54AaABAg,@avec5626,알림이요~! ❤,0,2025-10-18
6gi2RMsPDYs,Ugx3Ks1tMjThivlaHtV4AaABAg,@joyjeong4826,구매완료했어요 ^^,0,2025-10-22
6gi2RMsPDYs,Ugz6-p1MQzV9uFnd9pJ4AaABAg,@쭈니조아-z2s,알람신청이요..,0,2025-10-18
6gi2RMsPDYs,Ugz5dNZ2Cg86YWPGTCx4AaABAg,@love-0707,알람신청이요~,0,2025-10-18
6gi2RMsPDYs,UgwXwGcg6N2EdlsBnyV4AaABAg,@k-poppianocello8116,알림신청~꾸욱👍,0,2025-10-19
6gi2RMsPDYs,Ugzl_xp9ynD7gE7fgCR4AaABAg,@김경미-r2w8h,알림신청 합니다🎉,0,2025-10-19
6gi2RMsPDYs,UgxT7m81M800s-vPcKB4AaABAg,@jennyoh9364,알림신청이요😊,0,2025-10-18
6gi2RMsPDYs,UgxRgfdLwlq4MAvIQ4l4AaABAg,@주주_lim,알림신청합니다🔔,0,2025-10-18
6gi2RMsPDYs,UgxapQ2NOLxFmmi5Ljl4AaABAg,@김권-0605,알림신청해요!!,0,2025-10-18
6gi2RMsPDYs,UgxG7g02rSfcqhMMYjt4AaABAg,@yang2yong,카톡 알림신청 완료요!!,0,2025-10-18
6gi2RMsPDYs,UgwdRMi7cbGSg8JejEB4AaABAg,@mija-1004,알림신청합니다! ~~~~~~~~~~~~~~/,1,2025-10-20
6gi2RMsPDYs,UgxO-Z7oyyW-Rgtg0aR4AaABAg,@동율-t8l,알림신청합니다 ~,0,2025-10-18
6gi2RMsPDYs,UgyVmEdVTiWZvxQbP194AaABAg,@긋치그치,알람신청✋🏻,0,2025-10-18
6gi2RMsPDYs,UgycgtYkM6QhcBU9tPF4AaABAg,@깽자-b6w,알림신청해요❤,0,2025-10-18
6gi2RMsPDYs,Ugzf5JwVGPVpn6u16rp4AaABAg,@올리브그린-d2b,알림 신청이요~,0,2025-10-18
6gi2RMsPDYs,Ugywr0Q1uTsYgOaG6IF4AaABAg,@진토비-e1q,알람신청 합니다 ^^~,0,2025-10-18
6gi2RMsPDYs,UgxB17kQ_HrqP62DCIN4AaABAg,@노미화-f1y,알림 신청합니다.,0,2025-10-19
6gi2RMsPDYs,UgxhVNP3QKukvci_Drp4AaABAg,@수용-w7f,"저는다른 요리는 잘안하고
고기,생선굽기위주인데
좋은 쩨품 없을까요😊😊",1,2025-11-23
6gi2RMsPDYs,Ugw7oscdyN07jIZvQm54AaABAg,@레드-88,알림신청이용🎉,0,2025-10-19
6gi2RMsPDYs,UgwO8puBX0SLgZklj8B4AaABAg,@사랑-o7b6w,"알림신청이요~
신혼살림 장만합니다",0,2025-10-18
6gi2RMsPDYs,UgyEUX3YeH6MmKdnrDJ4AaABAg,@jaehalee6733,알람신청합니다,0,2025-10-18
6gi2RMsPDYs,UgwMBbQUEMNZMhwNVVx4AaABAg,@hkkim8184,알람 신청합니다,0,2025-10-19
6gi2RMsPDYs,Ugxgxo5q5LcJaQecsVt4AaABAg,@깨소금공장,알림신청이요👋,0,2025-10-20
6gi2RMsPDYs,UgzzheNwCOwGrB3Fd4J4AaABAg,@yyy0411,스팀기능 있나요?,0,2025-10-20
6gi2RMsPDYs,UgwPRi-SchU2a-SOYyd4AaABAg,@b-aking,알림신청해요~^^♡,0,2025-10-20
6gi2RMsPDYs,UgxGV5Ad2lr0cHPp1zZ4AaABAg,@윤이동이,알람신청이요,0,2025-10-19
6gi2RMsPDYs,UgxKd1GkrnIbdOYYqUh4AaABAg,@심정원-p9z,알림신청 합니다~~^^,0,2025-10-18
6gi2RMsPDYs,UgzjxtAxHVdt5945Kq14AaABAg,@이병옥-f3b,쿠진아트 에프 알림신청이요~~,1,2025-10-21
6gi2RMsPDYs,UgzzXDU-nUTRkkvk-Rl4AaABAg,@베아-q3p,알림신청이요~,0,2025-10-18
6gi2RMsPDYs,Ugw17_dmmdpM5dAh6X94AaABAg,@스텔라-J,알림신청 합니다 :),0,2026-01-12
6gi2RMsPDYs,UgwYOttlY0rGxDnROjR4AaABAg,@나무나별,알람신청해요,0,2025-10-20
6gi2RMsPDYs,UgxkM1EgCo37ew9hmfN4AaABAg,@아메리카노-k8m,알람신청요~~,0,2025-10-20
6gi2RMsPDYs,UgyLS1R5E-pLOaYGr7t4AaABAg,@njkim1377,알림신청해용❤,0,2025-10-18
6gi2RMsPDYs,Ugyi2XJgpZxgar3U4uh4AaABAg,@jieunchung-seno3732,알람 신청,0,2025-10-20
6gi2RMsPDYs,UgxcHzRuZQH-KaP5OkV4AaABAg,@MrAir0624,알림신청합니다.,0,2025-10-18
6gi2RMsPDYs,UgzYU3oIzNxFSRGiB9R4AaABAg,@kateahn1221,알림요청해요 기대기대,1,2025-10-20
6gi2RMsPDYs,Ugz27oXUPtx-LARA3ap4AaABAg,@바나나러버asdf,알람요❤,0,2025-10-20
6gi2RMsPDYs,Ugzf1DiE9ARIBLACoZx4AaABAg,@룡맘,알람신청,0,2025-10-18
6gi2RMsPDYs,Ugzt3XY0M2sW97KedOd4AaABAg,@haewonjung8381,알림 신청합니다,0,2025-10-18
6gi2RMsPDYs,UgzeMLWeX-tEore1dPt4AaABAg,@diodioddiddo,알림신청😊,1,2025-10-20
6gi2RMsPDYs,UgwEPHkl0rjeaZr-Lep4AaABAg,@방선영-i1t,알람신청합니다.,0,2025-10-20
6gi2RMsPDYs,UgyjcBf7DvCOlFSG0zN4AaABAg,@몽이맘-f3x,알림신청해요 ^^,0,2025-10-19
6gi2RMsPDYs,Ugw3JrBmi1k_fL7exXR4AaABAg,@햇님샤릉훼,알 림 신청!!!!😊,0,2025-10-19
6gi2RMsPDYs,UgwUuWSqZBdAc4ov7nh4AaABAg,@Cucumber-h8q,알림신청합니다,0,2025-10-18
6gi2RMsPDYs,Ugw_6Qa1aJZRCtzYHip4AaABAg,@김미경-s2u,신청합니다,0,2025-10-18
6gi2RMsPDYs,UgwB_ZMtucDoVTUrY4h4AaABAg,@김효순-m7z,알림 신청 합니다,0,2025-10-20
6gi2RMsPDYs,UgzsCFffCpeKFM2DJW94AaABAg,@또랭이-f4d,알람신청요,1,2025-10-20
6gi2RMsPDYs,UgyNJ8lV43IE8epqwL54AaABAg,@송경순-k5g,알림신청해요~,0,2025-10-18
6gi2RMsPDYs,Ugwj74QfQFqWXII8RId4AaABAg,@구제노,알람~~~,0,2025-10-18
6gi2RMsPDYs,UgxUJTU2bwt1izPvaIJ4AaABAg,@거제언니,알람❤,0,2025-10-19
6gi2RMsPDYs,UgwOARoQLJ1VfKsP-xd4AaABAg,@joy__world,알림신청,0,2025-10-19
6gi2RMsPDYs,UgzeOpChNNMdyAYKMQ94AaABAg,@미롱뽀롱빠롱,알림신청합니다🎉,0,2025-10-18
6gi2RMsPDYs,UgzEbDy5M7dxHEUrp_N4AaABAg,@yunikj37,알림신청합니다 ❤,0,2025-10-18
6gi2RMsPDYs,UgyHkpeBFrPV1mYVS3h4AaABAg,@김수연-l6o,알람신청이요~,0,2025-10-19
6gi2RMsPDYs,UgxptISgqHr9fxmAttB4AaABAg,@지공-k1x,알림신청해요 ❤,0,2025-10-19
6gi2RMsPDYs,UgxVQR5DuQ7ILKYTX3p4AaABAg,@최영-x2d,알림신청합니당~~,1,2025-10-21
6gi2RMsPDYs,UgwOJ114q3uV9QltNCB4AaABAg,@김혜정-m7e9j,알람신청해요,1,2025-10-21
6gi2RMsPDYs,UgwOMz1J64FbU7VrntR4AaABAg,@최세리-r1f,알람신청이요,0,2025-10-20
6gi2RMsPDYs,UgxSBiAZ0bpk8l9MtR94AaABAg,@통큰여우,알림 신청합니다.,0,2025-10-19
6gi2RMsPDYs,UgxSOJKzl7zvJeGrs9V4AaABAg,@jayeon4722,알림신청이요!,0,2025-10-18
6gi2RMsPDYs,Ugxvev9KgmkOHF4TK-B4AaABAg,@윤수진-x5s,알림신청합니다~~^^,0,2025-10-19
6gi2RMsPDYs,Ugzj-H2eCreK806d8u54AaABAg,@춘식이귀요미,알림신청합니다~,0,2025-10-18
6gi2RMsPDYs,UgzwYwsD3Iy0Opg5rIl4AaABAg,@또로시-p1j,알람신청합니다,0,2025-10-18
6gi2RMsPDYs,Ugxoc3kZMwtU7WmQRs54AaABAg,@김은정-f7m5l,알람신청,0,2025-10-18
6gi2RMsPDYs,UgwT6_QI8u1fJsIjvjZ4AaABAg,@권연정-y6b,알림신청이요~,0,2025-10-18
6gi2RMsPDYs,Ugy9PcD3CM4BVunUqhx4AaABAg,@minis375,알림신청합니다,0,2025-10-18
6gi2RMsPDYs,Ugy-zGncUxirpH8C-El4AaABAg,@박명진-v4s,알림신청합니다.,0,2025-10-18
6gi2RMsPDYs,Ugw0eF-cRG5k702LNOR4AaABAg,@우리-p6g,알림신청해요~,0,2025-10-19
6gi2RMsPDYs,UgzKGa3f4SXRphaIbyJ4AaABAg,@우주-p2j,알림 신청합니다,0,2025-10-18
6gi2RMsPDYs,Ugya2LQxOk6cFqG-x3d4AaABAg,@이지연-v9m4j,알림신청,0,2025-10-19
6gi2RMsPDYs,UgxrTHXi_1IsBHnirH54AaABAg,@박순욱-n8f,알림신청합니다❤,0,2025-10-19
6gi2RMsPDYs,UgzjLwUzNE3QQac9DKl4AaABAg,@폴라리스쩡,알림신청합니다 🎉,0,2025-10-20
6gi2RMsPDYs,UgxbmxyAaKsxPOAdUEd4AaABAg,@yeongjilee8958,알림신청이요!,0,2025-10-18
6gi2RMsPDYs,Ugzbj6wa6_TjHdJQoeJ4AaABAg,@향기-f5d,알람신청합니다,0,2025-10-18
6gi2RMsPDYs,UgxbXyPazBBIzkZAJaZ4AaABAg,@한가한오후-z8p,알람신청,0,2025-10-19
6gi2RMsPDYs,UgxmbeMBswTcFBq-Nct4AaABAg,@박씨의일상,알림신청합니다~~~,0,2025-10-18
6gi2RMsPDYs,UgykUf1p-MgTX7V3-Jd4AaABAg,@코코-t7j,알림신청이요~~,0,2025-10-18
6gi2RMsPDYs,UgwNJExOrob0CsKC3uF4AaABAg,@김민아-w3e2t,알림신청합니다,0,2025-10-18
6gi2RMsPDYs,UgzD_B18by6SDyeDAEp4AaABAg,@twins-t2w,알림신청해요~,0,2025-10-19
6gi2RMsPDYs,UgwnusYquApf1t5qAe14AaABAg,@가람-k9b,알림 신청합니다,0,2025-10-18
6gi2RMsPDYs,Ugy1pEP02uCMuWTcdtd4AaABAg,@민성희-g7d,알림신청합니다.,0,2025-10-19
6gi2RMsPDYs,Ugx8Q-nqsP1GEb-VQM14AaABAg,@선희김-z7e,알림신청,0,2025-10-19
6gi2RMsPDYs,UgwDiGSRq3fnYx2zQBV4AaABAg,@망고빙고-f2s,알림신청합니다 ❤,1,2025-10-21
6gi2RMsPDYs,UgwxF6zEOlp9oqXBn4R4AaABAg,@큰바다-u9e,알림신청합니다,0,2025-10-18
6gi2RMsPDYs,Ugz1YGSRCqaUKZIZPHF4AaABAg,@daisybluekim8108,알림 신청이요~,0,2025-10-18
6gi2RMsPDYs,UgzmzrfbwHOABoZkubt4AaABAg,@강이나정,알람신청,0,2025-10-19
6gi2RMsPDYs,UgwJZy1M7Pzancv2b994AaABAg,@一切唯心造일체유심조,알람신청합니다,0,2025-10-18
6gi2RMsPDYs,Ugx71obZfsrrwl53Es94AaABAg,@권희윤-w5f,알림신청합니다~~,0,2025-10-19
oSfjgfs0EBQ,UgyACCV1J4CucM5AOPd4AaABAg,@살림살이정해드림,"📌10/2 오픈예정🔔
알림 댓글 남겨주시면, 오픈시 알림드릴께요💌

쿠진아트 vs 닌자 에어프라어 실사용 장단점 비교!

제가 1년 고민하다 구매한 쿠진아트 에어프라이어
8개월동안 사용하다가 닌자 푸디로 바꾼 이유 알려드릴게요☺️

기존에 쿠진아트 에어프라이어 디자인도 너무 이쁘고✨
기능도 다양해서 이것저것 정말 많이해먹고 잘 사용해왔어요~!

그런데 청소가 너무 힘든거예요..🥲
조리용 바스켓은 분리 세척하면 되니까 문제 없는데
본체 내부 청소가 넘 어렵더라구요..🧼
아무리 조리 후 바로바로 닦아준다해도
윗쪽 열선커버는 잘 보이지도 않아서 정말 힘들었어요ㅜㅜ
(*영상에서 보이는 상태는 제가 열선커버 억지로 분리해서 세척해서 그나마 저정도인데.. 억지로 분리하니까 커버 파손되더라구요😭)

처음에 구매 했을 땐 냉동 식품부터 빵까지
이것저것 요리해먹는 재미에 맛도 정말 좋았는데~
평소에 주로 많이 해먹는게 생선구이랑 바베큐 요리다 보니
청소하는게 겁나서 점점 사용빈도가 줄더라구요..!

그래서 고민끝에 닌자푸디‼️ 구매해서~
너무 만족스럽게 사용하고 있기도 하고!
두 제품이 워낙 유명하다보니 고민하시는 분들 많을 것 같아서
저의 개인적인 의견이 제품 구매에 도움이 되었으면 해요😘

✔ 저처럼 평소 생선구이, 고기류 등 기름 많은 음식을 자주 먹는다!
✔ 본체 내부 청소를 속시원히 청소하고 편하게 관리하고 싶다!
✔ 온도와 시간 설정 등 조리방법 복잡한거 싫고 자동으로 해줬으면 좋겠다!
✔ 식품 건조기가 따로 없어서 있었으면 한다!

싶으면 ▶️ 닌자 푸디❣️추천 드려요💁🏻‍♀️

✔ 주로 냉동식품이나 베이킹용으로 사용하고 싶다!
✔ 토스트기가 따로 없어서 있었으면 한다!
✔ 내부가 보여 조리 상태를 눈으로 확인하고 싶다!
✔ 청소는 힘들어도 디자인 예쁜게 최고다!

싶으면 ▶️ 쿠진아트❣️추천 드려요💁🏻‍♀️

• 두 제품 모두 조리용 바스켓은 식세기 사용 가능하고 손세척도 편해요👍🏻
• 두 제품 모두 에어프라이어 음식 맛은 정말 맛있지만😋
생선&고기 등 그릴 요리는 닌자 푸디가 최적화되있고🐟🥩
빵 등 오븐 요리는 쿠진아트가 훨씬 조리하기 편한것 같아요🍞🥐

#공동구매 🇺🇸미국 주방가전 점유율 만족도 1위 브랜드❤
📣 닌자 푸디 스마트 에어그릴 에어프라이어 최저가 open‼

🎁구매 EVENT
✓ 닌자에어그릴 구매 후 댓글로 (구매완료❤️+1234(전화번호 뒷자리) 남겨주세요💬 추첨을 통해 5분께 [네이버페이 1만원💚] 선물로 보내드릴게요🕊️⠀
• 이벤트 기간 : 1/17(금) 까지! 
• 당첨자 발표 : 1/27(월) 공지💌

📌당첨자는 인스타, 유튜브 구매완료 인증 댓글
남겨주신 분들 모두 취합하여 선정합니다!
.
.
#에어프라이어 #닌자 #닌자에어그릴 #닌자푸디맥스에어그릴 #그릴 #오븐 
#에어프라이어공구 #닌자에어프라이어 #주방템 #살림살이 #정해드림",13,2025-01-12
oSfjgfs0EBQ,UgxriWJEanfG78NdiRB4AaABAg,@김미선-q2f5m,"쿠진청소 영상이 없어서 고민 했는데 아주
유익합니다",2,2025-02-01
oSfjgfs0EBQ,Ugz7u9J11dPPcikUCyR4AaABAg,@Andygibonedaliy,냉동에는 쿠진이 훨씬나을거같네요,9,2025-01-12
oSfjgfs0EBQ,Ugzz2UHd6s56xo0GCal4AaABAg,@sunnysunny-pn8dw,저도 그래서 바꿨어요 ㅎㅎ 청소하다가 갖다 버리고 싶더라고요 ㅎ,3,2025-01-19
oSfjgfs0EBQ,UgyIxbpLVWrwANOozmx4AaABAg,@해피해피-u9b,기름은 어디로 빠지죠?,0,2025-02-23
oSfjgfs0EBQ,Ugw5raF9cKHQR_pXjtJ4AaABAg,@민주-c4l,알람신청합니다,0,2025-01-15
oSfjgfs0EBQ,Ugzs7mnebAJMeQ_OdYp4AaABAg,@주현_zoe,알람신청 합니다,0,2025-01-13
oSfjgfs0EBQ,UgzB2kMEroB-IsHVNqB4AaABAg,@jieunlee4893,알림신청합니다,0,2025-01-12
oSfjgfs0EBQ,UgwVBQwKp4X-erQGLHp4AaABAg,@green2eyes,영상에서 스텐 트레이 넣으셨던데 정보 좀 부탁드려요😊,0,2025-01-23
oSfjgfs0EBQ,Ugy_e_krQyP8MA9-mnd4AaABAg,@런빌,"저 가드가 촘촘하지 않아서 튀지않을까?
하는데 거의 튀어있는거 없고
튀더라도 열선가드 빼고 솔로 닦을 수 있음.
물론 열선 뒤쪽은 어렵긴함.
이번에 새로나온 길쭉한 닌자도 저 안전가드 같이 커져서 괜츈함",0,2025-02-17
oSfjgfs0EBQ,UgxgIZk7T56wENoNfRV4AaABAg,@sophia-sw8ev,가드에 달라붙는 고기같은걱은 어떻게 씻으시나요.가드안에 음식 끼어서 씻기.힘들어요,1,2025-01-17
oSfjgfs0EBQ,UgxHc6EhigJrKOhlYCx4AaABAg,@Mmsscc77,"닭한마리 들어가나요?
로스치킨 자주 해 먹어서요",2,2025-03-16
oSfjgfs0EBQ,UgynYaogXoUlekiweYR4AaABAg,@0ri811,끝에 칙칙뿌린거 정보구해용,0,2025-12-28
oSfjgfs0EBQ,UgybO6UQVIsBHbksAvN4AaABAg,@써니-w9h,알람신청요,0,2025-01-15
oSfjgfs0EBQ,Ugy9Q4TfQDuzJi1Roed4AaABAg,@한유신-j7l,알람신청,0,2025-01-18
oSfjgfs0EBQ,UgyJV7_5J09IkUQEI4l4AaABAg,@오늘뭐해써니,알림신청❤❤❤,0,2025-01-12
oSfjgfs0EBQ,Ugwv8uP5Dz5uwZ2RRDR4AaABAg,@문수진-d7f,알림신청이요,0,2025-01-19
oSfjgfs0EBQ,UgwFJA5UN0fRs5QLYFx4AaABAg,@박영선-v7l,알림신청요 ❤❤❤,1,2025-01-17
oSfjgfs0EBQ,UgwCIN_UUQf1TlDGsjh4AaABAg,@jungsunlee7603,알림신청해요,0,2025-01-21
oSfjgfs0EBQ,UgyvzsL9VsgXuX7MjZR4AaABAg,@레몬에이드-x1d,아무리 좋아도 못생겨보이는 가전은 사기가 싫어짐. 나만 안이뻐요? ㅎㅎ,8,2025-01-18
oSfjgfs0EBQ,Ugwwg9N5R9iRlMPWL2x4AaABAg,@jeon_1899,알림신청,0,2025-01-12
oSfjgfs0EBQ,UgziTXykQXgtU_8y_n94AaABAg,@검빛달,"쿠진아트가 
압도적으로 
더 많이팔리는데
걍 쿠진아트나 사야겠지..",2,2026-05-01
oSfjgfs0EBQ,UgwL9JaR_QzasWEWWbR4AaABAg,@박정현-w8e,닌자에어그릴은 얼마여요,1,2025-01-19
oSfjgfs0EBQ,Ugz4wgMjosP8p5cA9zB4AaABAg,@윈디-v5u,알림요,0,2025-01-21
oSfjgfs0EBQ,UgxldVtbjY-VCNyr_gR4AaABAg,@soyounglee8219,닌자는 쿠진하고 비교하면 안돼죠,0,2025-01-17
oSfjgfs0EBQ,Ugw1A4_COO7vK7gPQ994AaABAg,@애라김-p5x,올스텐과 코팅 차이 분명 있는데 다들 좋다고만 홍보하지... 이 부분은 아무도 언급 안하네요 이번 제품도 1년간 유행일듯,4,2025-02-21
oSfjgfs0EBQ,UgwYfeMyRfNOVcmuqgp4AaABAg,@nomario,"둘다 있는데, 8개월 사용한 쿠진아트가 저렇게 광이난다고요??",0,2025-01-28
oSfjgfs0EBQ,UgzEcATJudxLQ1ZEA-l4AaABAg,@pericles21,근데 닌자는 너무 못생겼어요,0,2025-03-09
oSfjgfs0EBQ,UgwKVFS3cvg4jRkVSoZ4AaABAg,@박미정-o9g,알람신청합니다,0,2025-01-18
oSfjgfs0EBQ,UgyJ9lkgPfAhcEnzMql4AaABAg,@달빛무희,알림신청합니다,0,2025-01-12
oSfjgfs0EBQ,UgzdKxcBFEAIX5Mm8-x4AaABAg,@쭐리아,알림신청,0,2025-01-12
oSfjgfs0EBQ,UgyWHcPDZfLpE59tLhZ4AaABAg,@전지연-v9d,알림신청합니다,0,2025-01-12
oSfjgfs0EBQ,UgxSehU6IOE7yvuv-xx4AaABAg,@secretway7573,알림신청,0,2025-01-12
oSfjgfs0EBQ,Ugx2g0KZAXMoFneLmrp4AaABAg,@배다복-r6k,알림신청합니다,2,2025-01-12
oSfjgfs0EBQ,UgwMs5ILdW-_AUejlkV4AaABAg,@리아-sh,알림신청,0,2025-01-14
oSfjgfs0EBQ,UgyR31sUHuHbr0dds_N4AaABAg,@MARI_67123,알림신청합니다,0,2025-01-14
oSfjgfs0EBQ,UgywtxaJyFnMON8DbV14AaABAg,@이이연-t3m,알림신청,0,2025-02-04
oSfjgfs0EBQ,UgwwwDEk98qUK8SqPHB4AaABAg,@조현미-r5f,알림신청합니다,0,2025-01-17
oSfjgfs0EBQ,Ugxao1jYWJ0aYPWrlsp4AaABAg,@gator5554,알림신청합니다.,0,2025-02-02
UK_CEM2a4eI,Ugw3iqZ5G-5UoJ6hG3R4AaABAg,@salad_lee,"쿠진아트 에어프라이어 오픈🤍
아래 링크 또는 제 채널 게시글에서 구매 가능합니다!

💝구매 선착순 이벤트(20명)
선착순 구매 스무 분께 ‘네이버페이 포인트 5천원권’ 드립니다!
*결제 시간 기준

💝구매인증 이벤트(10명)
댓글에 [구매완료+핸드폰번호 뒷 4자리] 남겨주시면
 ‘햄튼 스터닝키친툴 세트’ 추첨해서 선물로 보내드릴게요!

https://smartstore.naver.com/nflockkorea/products/11928465530",50,2025-06-10
UK_CEM2a4eI,UgzessdeNqaF9RiFhhd4AaABAg,@Evvvvv223,"유툽 댓글에서 실사용 후기 중 부정적 의견이 절반 넘어가면 말 다 한거임 
물론 뽑기운도 작용할거고 살림 능력이나 스타일에 따라 케바케도 있겠지만
대부분 제품 살때 이것저것 알아보고 물어보는 이유가 제품의 특별한 장점과 함께 
평균에서 노는 다른 능력치의 제품을 원하거나 다른 능력치들이 워낙 좋지만 
다른 하나가 조금 불편한 정도의 제품을 원하는거지 타협이 아예 안되는 이유가 
눈에 자주 보인다 싶으면 패스 하는게 돈도 정신도 챙기는 길임",59,2025-06-24
UK_CEM2a4eI,UgyXjMMeG_UUXZduMtl4AaABAg,@Kkokkiokkokko,"돈 받고 광고하는 영상인지 아닌지 선별해서 본인이 판단합시다.
댓글에 답이 나와있네요.",176,2025-04-04
UK_CEM2a4eI,UgzbKQhWGAInKZ0deLR4AaABAg,@IIllllllIlllIlI,청소 ㅈㄴ 포기해야됨 이거 근데 빵만들땐 개좋음,25,2025-06-08
UK_CEM2a4eI,UgwHBUJvQ1lA8fjq0Pd4AaABAg,@bustravel20,"왜 살림 유튜버들 말투가 다 똑같지ㅜ
매우 거슬림ㅠ
서로 따라하는 거 싫어..😢",85,2025-06-06
UK_CEM2a4eI,Ugzy6vBp866Ihn9L6Fx4AaABAg,@shjdinsjiei,청소한번해보고 당근행,16,2025-08-12
UK_CEM2a4eI,Ugz38Nv6TQX8xKfA0x54AaABAg,@chaechaechaechae551,"하도 공구많이해서 샀는데
고기는 한번 넣어보고 청소 너무 힘들어서 식빵 데우기, 냉동식품 이런거만 넣어요😅
이거말고 스팀을 살걸 그랬나 후회 ㅠㅠ
근데 내부가 넓어서 좋긴해요 .. 청소 쉬운걸 사세요",11,2025-08-26
UK_CEM2a4eI,UgzvgH79u3B-FTa5GM54AaABAg,@alices1717,이거 쓰는데 비추에요.닭한번 구웠다가 안에 죄다 거뭇해짐.청소가 아예 안닦여요.쓸때마다 더러워서 ㅠㅠ 버릴수없어 그냥 쓰는거에요.심지어 열선이 위2 아래2만 켜짐 .고장인가.,654,2025-03-18
UK_CEM2a4eI,Ugydmrz2UQkfCxjjpNN4AaABAg,@애플망고-f4u,최근에 구입했는데  화력도 세고 좋은데요?ㅎ 청소가 쉽지않다는 후기가 있던데  바로 닦아내니  힘들진 않네요,0,2026-05-20
UK_CEM2a4eI,UgzCMfQwH4ydnfN2Ya54AaABAg,@독재-x6y,위생적 x 청소가 잘 안됨 스팀되는 걸 사십숑,8,2025-09-09
UK_CEM2a4eI,UgwpHd47NF3WclDY_Ox4AaABAg,@우리지니혀니,구매완료 6580 닌자랑 엄~청 고민하다 드뎌 공구가에 주문했네요  이제 기다리면 끝 넘 설레요,1,2025-01-05
UK_CEM2a4eI,UgzHUQVxdw1WMgtRT_14AaABAg,@jjjj4522,ㄹㅇ 청소힘들다는데,4,2025-11-12
UK_CEM2a4eI,Ugxh2B8h0YcOSqnM46h4AaABAg,@내써리뷰,천재적인데요?! 👍✨,0,2025-07-30
UK_CEM2a4eI,UgzNpncyTRAQRpKIWfV4AaABAg,@통통통80,청소하기 그그그그그그극상 ㅜㅠ,3,2025-08-01
UK_CEM2a4eI,UgxbpAb5KI8E_Sfa3NJ4AaABAg,@smile-i7o,사고 싶어요~,1,2025-01-10
UK_CEM2a4eI,UgxyTzjVhrQHIWlmDYx4AaABAg,@leeleev12,크리스피한 텍스쳐는 오븐형보다는 바스캣형태의 애어프라이어가 더 괜찮더라구요,26,2025-02-23
UK_CEM2a4eI,UgwfHQXe0_hiNBy0KTR4AaABAg,@roxywon911,"구매했어요0202,계속 벼르고있었는데 좋은가격에 산것같아요^^",0,2025-01-07
UK_CEM2a4eI,UgweSLIlzO__p5CmL254AaABAg,@맘마-g1l,식빵구워먹고 피자 데워먹으면   청소걱정  끝,3,2025-03-24
UK_CEM2a4eI,Ugzp1l6J6nowtyrvYXh4AaABAg,@Rheejaeho,풀무원 스팀에프 영상봤는데 그게 제일 좋은듯요ㅋㅋㅋㅋㅋ,0,2025-11-04
UK_CEM2a4eI,UgyTnDl7t1-KR3bhoR54AaABAg,@salad_lee,"❗️3차 오픈 2월 22일(토) 오전 11시로 변경되었습니다❗️
안녕하세요. 샐러드리입니다.
금주 일요일에 오픈 예정이었던 쿠진아트 에어프라이어는
국내 입고 지연으로 2월 22일(토) 오전 11시로 변경되었습니다🙏🏻
예약 발송으로 진행할까 고민했는데.. 입고가 계속 밀릴 수도 있을 것 같아 보다 확실한 일정으로 잡는 게 낫다고 판단되어 일정 변경하게 되었습니다🥲
기다려주신 분들께 정말 죄송하다는 말씀드리며, 기다려 주신 만큼 잘 준비해서 소개해 드리도록 하겠습니다 :)


감사합니다!",5,2025-01-31
UK_CEM2a4eI,Ugx47laMfV6IqbmGBVJ4AaABAg,@elaine9612,구매완료 3332 내부벽면 스텐으로 리뉴얼되어서 구매했어요. 기대됩니다!,0,2025-01-05
UK_CEM2a4eI,UgyONfxYxuCDKNgwG7d4AaABAg,@정남정-x4q,가정에서 쓰면 차단기 안떨어지나요,3,2025-03-17
UK_CEM2a4eI,UgxNkTmgWm-AdrV8hI94AaABAg,@jinaangellove,혹시 다음 공구 진행 예정이 있으신가요.? 여쭙니다,1,2025-04-01
UK_CEM2a4eI,UgwCeEbuNvsaZv_t7l14AaABAg,@salad_lee,"쿠진아트 에어프라이어 6월 10일(화) 오전 10시 오픈!
알림 필요하신 분들은 댓글 남겨주세요🔔",3,2025-05-30
UK_CEM2a4eI,UgxzHpHmFEUDLuxRMDp4AaABAg,@김파인-z7b,저도 사고싶은데요~~,0,2025-02-01
UK_CEM2a4eI,UgyS1dTsfd4a5mNaNUB4AaABAg,@salad_lee,"❗️예약 배송 물량까지 전량 품절되었습니다❗️

취소 분 생길 수도 있어서
주문 링크는 1월 8일까지 열어두겠습니다 :)
혹시 3차 일정 알림 필요하시면 댓글 남겨주세요🤍",7,2025-01-07
UK_CEM2a4eI,UgyFmtgSoLRk5faRINp4AaABAg,@user-armior,영상 감사합니다 거를제품 하나 추가했네요,2,2025-06-22
UK_CEM2a4eI,UgwRDchFnvzfY5-LFph4AaABAg,@muzikooa,일욜에 주문했어요~ 기대기대,3,2025-04-07
UK_CEM2a4eI,UgzwKKmzjLDdO2eO4NR4AaABAg,@박소연-j7k,"구매완료 8021
잘 쓰겠습니다!!",0,2025-01-06
UK_CEM2a4eI,Ugxgcq_bqG3RhoRptUV4AaABAg,@handoyb,닌자꺼 한번 써보세요 얘네들꺼 못씁니다ㅋㅋ,27,2025-04-18
UK_CEM2a4eI,Ugz3aCS7ky8OENu4rN54AaABAg,@smile-i7o,신청합니다~,1,2025-01-10
UK_CEM2a4eI,UgzWNzJ6xGDBHYF4kXZ4AaABAg,@초롱이입니다,전자제품들 다이얼사지마세요 버튼이 최고 쓰다보면 아실것,36,2025-04-13
UK_CEM2a4eI,UgxQfadCmijytC1VI1t4AaABAg,@한미리-o2m,"오늘 에어프라이어 받았어요
실물도 넘 이쁘네요
그런데 레시피북이 없네요ㅠㅠ",0,2025-01-08
UK_CEM2a4eI,Ugw_G4V4JOyGWjM3N4x4AaABAg,@salad_lee,"쿠진아트 에어프라이어 70kr 공구예고🩶
#한정수량 #선착순이벤트 #구매완료이벤트

🔺1월 5일(일) 오전 10시 한정수량 open!
🔺한정수량으로 품절 시 조기마감됩니다🙏🏻

미국 시장 점유율 𝟭위🥇
쿠진아트 에어프라이어 그릴 오븐✨
에프 고민만 3년하다가 내돈내산으로 들였는데
왜 꾸준히 인기 있는지 잘 알겠더라구요!

디자인 예쁜 건 물론이고
에어프라이어➕오븐➕토스터➕그릴이
한대에 다 들어가있어서 활용성 만점에

최근 내부 리뉴얼돼서 더 오래쓸 수 있고
관리와 청소도 편리해져서
이건 정착하지 않을 이유가 없어요💯

✅가장 기본인 에프 기능에 충실

쿠진아트만의 파워팬💨 기술력과
열선이 위에 4개, 아래 2개 총 6개 있어서
뜨거운 내부 공기를 빠르고 균일하게 순환시켜줘서
뒤집을 필요 없이 어떤 요리든 맛있게 완성돼요

최대 230도까지 온도 설정🌡️ 도 가능!

✅다양한 기능

에프 기능에 충실하지만
또 오븐, 토스터, 그릴 등 총 8가지 기능이 있어
요리의 범위가 더 다양해져요👩🏻‍🍳

기능이 너~무 많으면 성능이 떨어질 수도 있는데
어느 것 하나 부족한 점 없이
기능 모두 맛있는 요리를 만들어줘서
누룽지콘치즈통닭, 통삼겹, 심지어 맛있는 빵까지
이거 하나면 완성된답니다🍞

쿠진아트 에프의 본 상품명이
‘쿠진아트 에어프라이어 그릴 오븐’인 이유가 있겠죠?

✅17L 용량이지만 컴팩트한 부피

17L의 넉넉한 용량으로
닭 두마리와 30cm 피자 한판도 거뜬!

무엇보다 용량에 비해 사이즈가 컴팩트해서
주방에 내놓고 써도 자리 차지 덜 해요!
올스텐의 고급스럽고 깔끔한 디자인이라
주방이 예뻐지는 건 덤💫

————————————————————————

📌쿠진아트 에어프라이어 그릴 오븐 70kr
▪️공구일정 : 1월 5일(일) 10시 오픈 (품절 시 조기마감)
▪️구성품 : 본품 + 트레이 4종(에어프라이용 바스켓 /
베이킹, 기름받이 팬 / 오븐용 선반 / 그릴판)
▪️쿠진아트 본사 무상보증 2년

🎁구매선착순 이벤트
선착순 구매 열 분께 네이버페이 1만원권 증정

🎁구매완료 이벤트
오픈 게시물에 “구매완료 + 휴대폰번호 뒷 4자리” 남겨주시면
열 분 추첨해서 ‘쿠진아트 실리콘 집게’ 증정

🔔 알림 필요하신 분들은 댓글 남겨주세요!",4,2025-01-04
UK_CEM2a4eI,UgyfYhVm5B1cz_n0NHh4AaABAg,@영국풍경,한국 전자 제품 너무 좋아요잘 보고 9독좋아요 꾹하고 갑니다,0,2025-03-08
UK_CEM2a4eI,UgwU__FOY0GRdmRl5tB4AaABAg,@Acb-v4e,겹겹이 식빵은 시판아닌가요....유명빵집 부럽지 않은 식빵을 만든다니 뭔...,13,2025-02-24
UK_CEM2a4eI,UgxJkP6KFGwtUwMRQZR4AaABAg,@콩알-k2w,알람신청해요~😮,0,2025-01-08
UK_CEM2a4eI,Ugy_Hbjdedv2F6uNQlF4AaABAg,@누거,난 이제 아주머니들 나와서 살림 어쩌고 하면서 가정주부들이 아이템 추천 하는건 절대 안산다 애 셋엄마들 애 둘엄마들 오늘의 앞치마가 뭔지도 안 궁금해지고 말았다. 이게 다 공구때문이다. 내친김에 이 모델은 아니지만 쿠진아트 제품을 구매후 사용 한번만에 블랙박스가 되어서 복귀에 애를 먹어서 버림.,10,2025-09-08
UK_CEM2a4eI,UgzOKTtIt6iIZwIrmIZ4AaABAg,@KkDdong,알람신청!!❤,0,2025-02-09
UK_CEM2a4eI,UgxEgC4MPehDOlXj6JN4AaABAg,@Katharine-hm4do,정확한 상품명이 어찌 될까요?,4,2025-01-27
UK_CEM2a4eI,Ugz-dT9RU1eyUbPdNUZ4AaABAg,@semipark-m4s,3차구매 알림신청합니다!,0,2025-02-19
UK_CEM2a4eI,UgwSy4X24ikzp4kT4Jt4AaABAg,@gyumun1,안에 전부 스텐인데 저거 청소하려 생각만 해도 끔찍하네요,23,2025-01-20
UK_CEM2a4eI,UgxdGwzo3800DsLVPjh4AaABAg,@youonstory,전자렌지처럼 데우기 기능도 되나여,0,2025-02-22
UK_CEM2a4eI,Ugycxohl-tg0QdiAg454AaABAg,@tv-bh2or,"청소가 어렵다고 하던데?
괜찮나요 ?
사고는 싶어요.",14,2025-01-23
UK_CEM2a4eI,UgyUBlSMBoLyaSIGT6d4AaABAg,@salad_lee,"‼️쿠진아트 에어프라이어 품절로 조기마감합니다‼️

쿠진아트 에어프라이어 준비된 수량
30분만에 모두 품절되었습니다🙇🏻‍♀️

3월 23일(일) 오전 10시 4차 공구 진행 예정이에요:)
알림 필요하시면 댓글 남겨주세요🫰🏻",28,2025-02-22
UK_CEM2a4eI,Ugy3StXyngF62zhTlGV4AaABAg,@joonghoonjo5028,"쿠진 아트. toa -70a 이죠? 가격은 어떻게 되나요?  알림 신청합니다..
22일 구매할 수 있나요? 알림 신청합니다",0,2025-02-11
UK_CEM2a4eI,UgyIgg2evKI3MeJg9-14AaABAg,@salad_lee,"❗️2월 2일(일) 오전 11시 3차 오픈합니다❗️

품절 이후 재입고 요청이 정말 많았던 쿠진아트 에어프라이어🥲
본사와 조율 끝에 드디어 3차 오픈합니다!
이번에도 빵빵한 이벤트 준비했는데요 :)
다만 지난 1, 2차 물량 절반도 못미치는 수량이라서 시간 맞춰 구매해주시는 걸 추천드려요🫶🏻 당연히 선착순 이벤트도 있습니다!

🔔알림 필요하신 분들은 댓글 남겨주시고, 오픈 2시간 전부터 알림 드릴게요",9,2025-01-22
UK_CEM2a4eI,UgxzBR_KE3mSrHc_hi14AaABAg,@유포리아77,알림신청합니다😂,0,2025-02-12
UK_CEM2a4eI,Ugy5C8VBfX2RqbAaDGZ4AaABAg,@GaegolMaster,"청소 어렵고 시간 오래 걸리고 부피 크고 
전기 많이 먹고.
기름이라도 튀는 날엔 ...
특히 예전 음식냄새가 배면....
정말... 이런거 광고하고 돈받지좀 말아요.. 당신도 사기꾼",142,2025-02-22
UK_CEM2a4eI,UgycMNnDJp8HsQm9If94AaABAg,@라뷰-q3m,알람신청할께요~,0,2025-02-04
UK_CEM2a4eI,Ugw9pZq1sfapK0egMnJ4AaABAg,@salad_lee,쿠진아트 에어프라이어 내일 4월 5일 오전 11시 한정수량 깜짝 오픈합니다 :) 월요일 바로 배송되는 상품이니 참고해주세요!,8,2025-04-04
UK_CEM2a4eI,UgwRUSQrYzZS5jow_CN4AaABAg,@seung8336,다시 사고 싶다면 절대로 구매안할물건이 쿠진아트에프네요.부속품이 너무허접해서 뭘한번굽기만해도 기름이 눌러붙어 무슨짓을해도 안씻어지고 내부는 매번닦아도 기름이 눌러붙어 두세번만써도 몆년쓴것처럼 되요.닌자 그릴로 다시구매해서 고기굽고 생선굽고 야채구워먹고.,4,2025-08-08
UK_CEM2a4eI,UgwRqjGlE2YmYDoY2F54AaABAg,@vkdnjfkaus,sns에서 공구템만 안사도 갓생사는거임,0,2025-12-16
UK_CEM2a4eI,UgxcCnOBEqvVcIIj4fd4AaABAg,@niceas4e,공구가격이 얼만가요,0,2025-02-23
UK_CEM2a4eI,Ugy7gep6GrVDvCNKil94AaABAg,@zzzxx7473,사고싶어요,0,2025-02-01
UK_CEM2a4eI,Ugz_rPi-Hc_3Dho94Tl4AaABAg,@김선희-p5k,"구매완료 4946.
배송 기다려요❤❤❤",0,2025-01-07
UK_CEM2a4eI,UgzO42iSwU30sbk1EYh4AaABAg,@김지수-l3t,알림신청이요!!,0,2025-01-21
UK_CEM2a4eI,UgyuPMf38L9HHKEFqAV4AaABAg,@ms42u80,냉동피자용으로 써요 한판 안자르고 드가서 근데 고기한번굽고 다시 고기 안하게 됨ㅠㅠ,0,2026-03-19
UK_CEM2a4eI,UgxOXIaDBtZVdZirrpN4AaABAg,@freenex2012,"해동기능도 있을까요
가끔 필요해서요",0,2025-01-05
UK_CEM2a4eI,UgzyMFJExNZdaViVyQN4AaABAg,@가끔은하고픈거하자,집에 오븐형과 바스켓형 에어프라이어 둘다 있씀. 오븐형은 방치중 청소 정말 짜증남 요리시간도 오래걸림 그냥 바스켓형 에어프라이어 구매하시는거 추천,0,2026-02-27
UK_CEM2a4eI,Ugzn3tf0iyJFMAMlQQ94AaABAg,@채송화-u6z,구매하고싶어요,0,2025-02-01
UK_CEM2a4eI,UgyGk4VaEY_ZJQ3P3x94AaABAg,@이지프리-e4g,22일 구매하려고 하는데요 배송 날짜 지정할 수 있나요?? 이사를 가서 3월1일 이후에 받고 싶어서요. 😂😅,0,2025-02-12
UK_CEM2a4eI,UgyFjEqNN7w1oWCN-_d4AaABAg,@달고나-p3e,알람 신청!! 감사합니닷.,0,2025-02-10
UK_CEM2a4eI,UgwE5-xcckJuTswqP4l4AaABAg,@박은진-t5g,끝났겠죠?,0,2025-01-06
UK_CEM2a4eI,Ugwgr8t4yxlw3xCMLDt4AaABAg,@그레이스63,저두요,0,2025-01-19
UK_CEM2a4eI,UgzAVza5-oNDZQIBcul4AaABAg,@채운-g7y,"그리고청소방법도알려주세요
올스테 청소가어렵다고하던데요",0,2025-01-11
UK_CEM2a4eI,UgxokwBCiSpDuSoCOxZ4AaABAg,@이소율_soyul,구매완료 1013 드디어 샀어요.,0,2025-01-05
UK_CEM2a4eI,UgyPyNWfaKwz_gUA_IV4AaABAg,@째째리미,일단 알림신청이요~,0,2025-08-31
UK_CEM2a4eI,UgxapvlPcY_vU2tSDll4AaABAg,@가끔은하고픈거하자,오븐형 바스켓형 둘다 있지만 오븐형은 사용 안해요. 오븐형은 기름기없는것들만 구울때 사용 하시길,0,2026-03-10
UK_CEM2a4eI,Ugxegf1XDObcoG5i3Bx4AaABAg,@째째리미,내부가 리뉴얼됐다는데 스텐이 아닌가요?,0,2025-08-31
UK_CEM2a4eI,UgyeNA0s42f5JnFteQt4AaABAg,@kissme5211,공구 관심있어요,0,2025-01-30
UK_CEM2a4eI,UgxfWb83LhC9K9DEqmB4AaABAg,@황금돼지jp,알림 신청할께요,0,2025-01-04
UK_CEM2a4eI,UgyiO4uhyhZvjvXvPKp4AaABAg,@lydiapark7362,3차 알림신청요❤,0,2025-01-19
UK_CEM2a4eI,Ugzf2Q_dSfbYfR_2QQZ4AaABAg,@이화정-t1v,알람신청해요❤,0,2025-01-05
UK_CEM2a4eI,UgxtlbykdY9RLCVdHP54AaABAg,@minhi954,쿠진아트 에후 영상이 유독 많은건 광고때문인가 진짜 좋아서인가,0,2025-08-03
UK_CEM2a4eI,Ugxs0musGLVGHoNaO8J4AaABAg,@G1프리아,구매완료+1547 여러기기 고민하다가 구매해요 ^^,0,2025-01-05
UK_CEM2a4eI,UgxPvJXbKu1Xn3tfRS54AaABAg,@윤은주-t9n,알림신청이용❤,0,2025-02-10
UK_CEM2a4eI,UgzX2Ne3ZGPON2gtvEB4AaABAg,@아들둘딸하나-u9v,저도 알림❤,0,2025-01-20
UK_CEM2a4eI,Ugw9Gzlu1K612dNUULV4AaABAg,@김영주-d5o9s,3차 알림 신청합니다,0,2025-01-07
UK_CEM2a4eI,UgxPE05r6bnx8jcYhZ54AaABAg,@문진희-s2b,알람신청합니다 ~~^^,0,2025-01-04
UK_CEM2a4eI,UgxFgKvEAYaBE1LmZjN4AaABAg,@전혜진-x4o,공구 참여하고 싶어요,0,2025-02-24
UK_CEM2a4eI,UgydAlKP9AOkkYGs5E94AaABAg,@수철버들나무,"알림신청합니다
근데 공구가 여쭤봐도 되나요?",1,2025-02-02
UK_CEM2a4eI,UgwCqjm2GVYO7m_6U3B4AaABAg,@이냥냥-m5e,알람!❤,0,2025-01-22
UK_CEM2a4eI,UgzFpamVgrpuUcub64p4AaABAg,@mapatuboo,알림신청합니다!,0,2025-01-25
UK_CEM2a4eI,UgzWA_aGSh6tYFTHRSJ4AaABAg,@byeuljj-7141,구매완료 7498 공구기다렸어요~,0,2025-01-05
UK_CEM2a4eI,UgwP_nt-uhlW5Zrvs_l4AaABAg,@아차맘-h3q,알림요청드려요❤,0,2025-01-25
UK_CEM2a4eI,UgyRzHgqVRdusem4UJJ4AaABAg,@happy_duck00,3차 알람신청합니다,0,2025-02-03
UK_CEM2a4eI,UgzJUSZj2cowrzwB7s54AaABAg,@audery5292,알림을 원해요~간절히^^,0,2025-02-27
UK_CEM2a4eI,UgwEDtjQixY3rcFlJjh4AaABAg,@펭펭-i5e,결론 : 광고,1,2025-03-22
UK_CEM2a4eI,UgxPsfw2JxU8pScfQ0F4AaABAg,@유틸-w7b,4차도 하나요?,0,2025-01-30
UK_CEM2a4eI,Ugy9Vlqdz2yP0_u7Xwl4AaABAg,@ddangyul2431,또 공구일정있으면 알려주세요,0,2025-02-24
UK_CEM2a4eI,UgzAekCuPOw_H1qWLMJ4AaABAg,@SHP-we8dr,알람신청!!,0,2025-01-25
UK_CEM2a4eI,UgwTIrLUXl9Y-vZitFN4AaABAg,@lovely-y4d4i,고구마 구우면 군고구마처럼 맛있음.,0,2025-10-22
UK_CEM2a4eI,UgyzdT2tMBzmJunQMs54AaABAg,@엔젤-p6u,알람신청할게요,0,2025-01-24
UK_CEM2a4eI,UgweLRlyBQHwjGRcJ4J4AaABAg,@나라-p3t,지금 구매도 될까요?,0,2025-01-08
UK_CEM2a4eI,UgxvAvfBaDUJubspuZx4AaABAg,@찰떡콩떡맘,이거 혹시 전자레인지 기능도 있나요..?,1,2025-02-10
UK_CEM2a4eI,Ugx0PeBEkRmrkmLjC7V4AaABAg,@소닉마리오,이거 쓰는데 너무 더러움..세척이 너무 어려워서 닦을 수가 없어 흑흑ㅠ.ㅠ,0,2025-10-20
UK_CEM2a4eI,UgymcuF9N8S_d9e858t4AaABAg,@kokoko1013ee,청소지옥😊,0,2025-10-11
UK_CEM2a4eI,Ugw-P-qP1HjI_QnMeCd4AaABAg,@김진영-o2v,피자두판은 사기다,1,2025-06-30
UK_CEM2a4eI,UgyLfTxBa80f5wJEDMl4AaABAg,@한숙영-g9i,알람신청이요~,0,2025-01-27
bcs1vNirS00,UgzgFX_mcw1nL65wjAZ4AaABAg,@musicQ-y6i,실제로 몇번 써보지도 않은 공구팔이들 소개영상만 보다가 이런 실사용후기 보니 너무 도움되네요,226,2025-10-23
bcs1vNirS00,UgwbaNFkDZvZ3CqCcHl4AaABAg,@당근당근-g2o,쿠진아트만 그런게 아니라 모든 오븐 스테인리스 제품은 다 청소가 힘들고 저렇게 됨..,22,2026-03-25
bcs1vNirS00,UgxIzfSTdHiFbQKBuMd4AaABAg,@코코모-d3s,"이런 후기가 소비자들에겐 진짜 필요하죠… 요리하기 부담스럽지 않은 가전들이 좋은 것 같아요
청소가 진짜 넘 스트레스 ㅜㅡㅜ",388,2025-08-25
bcs1vNirS00,UgxUW1ew7Kqxj0KGgD54AaABAg,@Bamhaa,이게 코팅아닌 스텐의 단점임.....온도 올라가면서 이물질하고 화학적으로 결합해버려서 청소가 너무 빡셈,28,2026-01-07
bcs1vNirS00,UgzZmsl3S5FMOF_J7X54AaABAg,@마음-s6f,"전면 하부 청소하다 스테인레스절단면에 손 심하게 베었습니다.
손이 벌렁하더라구요.장갑여려겹 끼고 하셔야 합니다.아님 하부는 닦지마세요",39,2026-01-08
bcs1vNirS00,UgyCiwnd2pjaYJthZ7d4AaABAg,@엘라이나-d4l,단점을 명확하게 알려주셔서 감사합니다,256,2025-07-28
bcs1vNirS00,UgwaGp_qnlOgHmN-Lvt4AaABAg,@뽀삐토리깜순,급 사고싶었는데 다시  참을수 있게 되었네요..😅,20,2026-01-09
bcs1vNirS00,UgyVGu1sgU_DtW68yNp4AaABAg,@뮌헨에핀민들레,"안경을 벗고 사시면됩니다 평소 귀찮아서 안경벗고 다녔는데 티비보느라 안경쓰고있다가 화장실갔는데 그동안 완죤 깨끗한 내살림 칭찬이 한순간에 와르륵 ㅜㅜ 내가 이런 화장실을 썻다고 으아악
그다음부턴 몸컨디션 좋을땐 안경쓰고 청소 빡빡하고 귀찮다싶음 안경을벗고 깨끗하다 주문을외움요 😂😂😂",11,2025-12-19
bcs1vNirS00,UgzyEqmdb3kQIRvjcph4AaABAg,@ehrflqehrgod,올스텐의 단점... 잘 안지워짐... 괜히 코팅 후라이팬 이런거 사용하는게 아니죠 ㅠ,17,2025-12-10
bcs1vNirS00,UgwBN3yzwRcC7nO5IsB4AaABAg,@전원생활-e2u,사기전에 이영상을 보게되서 다행이네요,48,2025-08-26
bcs1vNirS00,Ugx2U3qBbZ9Vc13oKzZ4AaABAg,@밍돌-z9i,"3년-4년 이상 쓰고 있는데, 기본 동봉된 팬은 그냥 철 수세미로 박박 닦아서 쓰고 별도로 고객센터에 문의해서 스텐밧드 2개 더 사서 쓰는데 나쁘지 않았어요. 
사실 전 토스트와 제빵 제과에 더 많이 쓰기 때문에 고기를 굽거나 하지는 않고 돈가스나 치킨 데워 먹는 정도에요. 
진짜 흐린 눈이 필요합니다. 
오븐 크리너로 닦아도 닦이지 않는 구간이 있어요. 😂",9,2025-10-31
bcs1vNirS00,UgyA6pzvqJMPBfMGluN4AaABAg,@dangerous0101,사후관리만큼 중요한게 없죠… 청소가 힘들면 사고싶은 마음이 사라져요,119,2025-07-28
bcs1vNirS00,UgwNEUz5cmOFJ7r5S7x4AaABAg,@모르지-e7z,"쿠진아트 2년째 쓰고있는데
한두번 청소하지  않았다고
저렇게까지 심하게 오염되지않아요
애가 첫월급으로 사줬는데
정말 오븐이  있고없고 요리의 
혁신입니다.
그런데 다른오븐 쓰는 친구들얘기
들어보면 거의 다 같은고민
청소가 너무 힘들다 생각하면
오븐 쓰기를 포기해야죠.",4,2026-04-12
bcs1vNirS00,UgwGRP2G74iM8EW91Rh4AaABAg,@maybe5522,"와우.이런 행운이...
요거 살까 고민중이였는데, 감사합니다",35,2025-12-21
bcs1vNirS00,UgzRNG-DxLrXR1gqJpp4AaABAg,@ami84739,매번 닦아내서 새것처럼 유지중 12개월 사용,10,2026-01-05
bcs1vNirS00,Ugw9bnWpwYNK7xQxCUp4AaABAg,@cccr6166,"나도 흐린눈으로 보면서 사용중
세제로 닦아도 거품을 완벽하게 다 닦을수없고 해서 세제는 엄두를 못냄.조만간 바꾸는게 쵝오임",12,2025-08-18
bcs1vNirS00,Ugz5KDRrGsV156bpZxd4AaABAg,@jungyuri100,지금 버릴까 다시 닦아볼까 하고 고민하는 중 입니다.......,5,2025-11-03
bcs1vNirS00,UgwwKvN0o3hAVB7teYl4AaABAg,@수박소다,장바구니에 넣었는데 당장빼야겠네요 감사해요,5,2026-01-10
bcs1vNirS00,UgziITMFPrIL_h5tJmh4AaABAg,@Pudittorium,쿠진아트 3개월쓰고  저도 당근해버림 스테인리스기름기 변색돼 묻으면 안지워짐ㅋㅋㅋ청소뒤져,9,2025-11-15
bcs1vNirS00,Ugy8r4rlqXI5c4K-7Qh4AaABAg,@민-p3t1i,찐 이네 이건 ㅋㅋㅋ,9,2025-08-13
bcs1vNirS00,Ugy_snt-Xjj3G__TCO94AaABAg,@쭈쭈바-g3m,저 고기기름에 불붙어서 엄청 놀랬어요 소화기뿌리기직전에 꺼져서 그이후로 기름많은건 무서워서 못하고있어요,6,2025-12-09
bcs1vNirS00,UgwfouOQWfqF8it9zJZ4AaABAg,@kkcha8555,"결론, 해결방법까지 있길 바랬는데....
저도 지금 사용중인데 그냥 어쩔수 없다 생각하고 대충 닦고 사용합니다...ㅜㅜ
진짜 안 닦여요. 심지어 저 스텐받침도 몇번 굳으면 안닦여서 닦는것도 일이네요..
고구마, 빵, 너겟 정도 굽고 사용합니다.

아 그런데, 바스킷형, 전자렌지겸용오븐, 쿠진아트 이렇게 세가지 타입 써봤는데, 솔직히 기능은 쿠진아트가 제일 좋아서 안쓸수는 없겠어요. 요리가 제일 맛있게 됩니다.",2,2025-12-29
bcs1vNirS00,UgwZy2hWkny3MYtmTM94AaABAg,@바다수영은시원해,"와 이거 진짜 진짜 찐후기!!! 쿠진아트 에프 다른 모델, 전자레인지 형 모양으로 된거 썼는데 이렇게 오븐/전자레인지처럼 생긴 것들 청소가 문제인것 같아요. 그 pot형처럼 꺼내서 세척하고 뚜겅 세척하기 좋은 형태는 아니니까요.. 그런데 또 pot형은 화력이랑 들어가는 용량이 작아서 그게 불편하구요.",2,2026-01-06
bcs1vNirS00,UgyaV5d2-xVMU5cdIH14AaABAg,@봉미소쨩,요즘 많이 보이길래 이걸로 바꿀까 했는데 감사합니다..ㅎㅎ 기존에 바스켓형 계속 써야겠네요..ㅎ,0,2026-02-22
bcs1vNirS00,UgwfjWaoY4fDyURJQkl4AaABAg,@seung8336,고등어 한번 굽고나서 청소에 식겁하고 빵굽거나 피자데우기 치킨너겟같은거 뎁히는거 하고 닌자그릴사서  고기생선 구워요.,3,2025-12-21
bcs1vNirS00,Ugw_VgzlNuxcswjAs-t4AaABAg,@담-g3m,"저도 그래서 빵 굽는 용도로 쓰고 요리를 안하게ㅜ되더라고요ㅠㅠ 청소가 너무 힘든 구조에요…
저에게는 살짝 후회템입니다ㅋㅋ
단점영상을 빨리 볼걸!!ㅋㅋㅋ",9,2025-09-23
bcs1vNirS00,Ugwofa9oKHjxQiCaFH94AaABAg,@woori1359,이런 찐 후기 넘 좋아요 구독합니다 감사합니다 ❤,10,2025-08-30
bcs1vNirS00,UgysiI773AgADSJedeV4AaABAg,@dyb_dany,"청소 난이도가 어떨지 고민중이었는데,,역시나 쉽지는 않나 보네요. 도움되는 영상!!",0,2026-02-14
bcs1vNirS00,UgxBtokkJa113TWsRiZ4AaABAg,@hidychoi3942,올스텐은 아스토니쉬 키친샤이너로 닦거나 뜨거운 과탄산에 담갔다가 쓰면 깨끗. 귀찮으면 손제정제 문땐후 십분후쯤 수세미로 닦아요. 것도 귀찮아서 종이호일 깔지만😮,2,2026-01-18
bcs1vNirS00,UgyBCGUvYL9EluBLsyF4AaABAg,@jinjin-4048,정말 감사합니다 🙏,0,2025-12-31
bcs1vNirS00,UgyeUgCSLbPFD2nwoTJ4AaABAg,@dkdyk,"진짜 찐!!!!! 다른영상들에서 잘 닦인다고 하는거 다 거짓말이에여 ㅋㅋㅋㅋㅋ 
그나마 스빈또 스웨덴 수세미가 닦여요!! 근데 기름떼가 생기고 나서 열이 한번 더 가해지면 잘 안닦여요. 한번하고 닦는게 중요해요. 영상에서처럼 고기 기름은 진짜 안닦여요 ㅜㅜ 그나마 냉동식품 빵은 스빈또로 잘 닦이는편입니다.",7,2025-09-14
bcs1vNirS00,UgxEY2A_xvAgtXr8jnZ4AaABAg,@화틀러,눈감고 씁니다~ㅋ,15,2025-07-29
bcs1vNirS00,UgxjWNb3QnUfgrtKfsh4AaABAg,@wozu0909,이런 어려움이 있었네요❤,6,2025-07-27
bcs1vNirS00,UgyPPm5zDKZGs5C9eg14AaABAg,@choo3namme,저도  청소  힘들어요  제껀  문 틈으로 김도 새요 ㅠ ㅠ  얼른  막쓰고   좀더  편한거로 바꾸고  싶어요,0,2026-01-19
bcs1vNirS00,UgzQDdxcS4ofnnKhClF4AaABAg,@echoo9318,구멍있는곳 분해안되면 절대ㅜ사면 안되는 제품인듯...닦을때마다 저기 끼일텐데 그게 요리할때마다 음식에 침투될듯하네요,2,2025-12-08
bcs1vNirS00,UgxjW42VJsubTVjES-R4AaABAg,@user-gb8xxxyn5x,현실적인 후기 알려주셔서 구독했어요,0,2025-11-08
bcs1vNirS00,UgzyOG5sSdSbqtrk9RF4AaABAg,@kamekaze9306,ㅋㅋ 청소를 하지말라고 만들어 놨네,10,2026-01-06
bcs1vNirS00,UgxrMXGXkub7ElH6WlB4AaABAg,@Harry-Papa,아기 소금빵이랑 닭 구워주려고 샀다가 몇달 못쓰고 버렸습니다. 닦아지지도 않고 독한 세제로 거품청소하면 저기 구멍에 다 들어가서 닦아낼 수가 없는데 거기에 음식 다시 넣기도 뭐하고 글구 그릴모드였나? 암튼 그거 돌리면 내부에서 무슨 연기가 어마어마하게 나옵니다. 집에서 화재경보기 울렸어요. 그뒤로 버림.,2,2026-03-28
bcs1vNirS00,UgwnF4_kpYWryFcKuY54AaABAg,@ugo.0,에프사려는데 도움이 됐습니다,6,2025-08-01
bcs1vNirS00,Ugx8Fm9dYCIZOB3T95B4AaABAg,@mevius66,소중한 후기 너무 감사해요,0,2025-11-16
bcs1vNirS00,Ugxg6NC6UzIyp8sUxSZ4AaABAg,@토롱씨,진짜 이런게 찐후기🎉,0,2026-04-08
bcs1vNirS00,Ugy6ESU5HXKpT9UiOeZ4AaABAg,@hong2215,토스트기 안 쓰는게 세척이 어려움. 귀찮아도 그냥 후라이팬에 구움.,4,2025-12-10
bcs1vNirS00,UgyWIKuIaxfVB4-ZhqZ4AaABAg,@마요치킨-c2k,쿠진아트 스팀에프 신제품도 리뷰 궁금해욤,2,2026-01-14
bcs1vNirS00,UgwyXZy5X8zyQ8PeAk14AaABAg,@김영지-t4u,에어프라이어의 핵심 감사합니다,3,2025-09-01
bcs1vNirS00,Ugy4I3i44F-nz7bKUW94AaABAg,@superanniesong,"전 미국사는데, 이 oven 사용한지 꽤 오랜데, 얼마전에  the pink stuff 으로 다 완전 깨끗이 닦아냈어요. 세척 어려운건 맞는데, 맞는 세재만 찾음 되더라구요. 아주 새거처럼 보이게 돌려놨어요",6,2026-01-06
bcs1vNirS00,UgzgN1bhaFI-s0akAXt4AaABAg,@Jiyoo-l8j,찐후기 감사합니다😂,0,2025-09-23
bcs1vNirS00,UgwumyDD1RW_5XdPj_R4AaABAg,@Nutti-e1x,철수세미로 박박 닦는게 아니면 저런때는 진짜 안지워지는게 너무 슬프죠 ㅠㅠ 그래서 시원함을 가지면 흠집 나는건 덤....?!,1,2025-09-06
bcs1vNirS00,Ugxhad0ipG81vwqMJVp4AaABAg,@wonju0729,아하! 그럼 쿠진아트 사서 처음 쓰기 전에 청소하기 쉽도록  아예 쿠킹호일로 다 감싸놓고 쓰기 시작해야겠군 🤔,1,2025-12-20
bcs1vNirS00,Ugxwa61Ddj_kb1nLVS54AaABAg,@이밤비-k3u,인스타서 너무 팔아대서 볼때마다 살까하고 혹했는데 안사고 지나치길 참 잘했네,3,2025-12-20
bcs1vNirS00,Ugz06ys8XFFMCTQ6sFt4AaABAg,@yyang1258,뺄수 있는건 빼서 씻고 내부는 대충 닦아서 사용하고 3년 정도 쓰고 교체 합니다.,1,2025-09-24
bcs1vNirS00,Ugw_zj82ywl9s3n-K9J4AaABAg,@엔라이케,쿠진 에프 유명해서 사려다 이 영상보고 지금 너무너무 고민되네욬ㅋㅋㅋㅋㅋ큐ㅠㅠㅠㅠ,2,2025-10-11
bcs1vNirS00,UgxZoXNonct6qPr0MU54AaABAg,@냥글바글,이거. 자취하는아들쓰려고 미니샀는데 집에선바스켓쓰다. 이거 써보니 진짜 불편ㅜ솔직히 후기알바.공구알바들 양심없다진짜,11,2025-12-04
bcs1vNirS00,UgwezIkAL4K1NUgKRv54AaABAg,@wow7019,뽀큐트가 목놓아 외치던 세라믹 내부 제품을 샀는데.. 다행이네요.,0,2026-04-10
bcs1vNirS00,Ugw8TBh-mH6pu6rn1jZ4AaABAg,@나일론난닝구,"ㅜㅜ 맞아요
삼겹살. 한번하고 2시간 고생했어요.
냉동식품도 안데워먹어요.
그냥 딸내미 베이킹용으로만 쓰고있어요.
포기포기 청소포기ㅜㅜ
청소포기 하다가 안되겠어요 유투브로 청소 찾아보다가 선생님 유투브 ㅜㅜ보게되었습니다ㅜㅜㅜ",1,2025-10-14
bcs1vNirS00,Ugyltfv06Qw0_rnjsKt4AaABAg,@건방진몽실이,완전공감이요ㅠ,1,2025-08-30
bcs1vNirS00,UgxhZAJ8-7vz_5ZeLcF4AaABAg,@ssmikyful,"제가 쿠진아트 쓰는데 에쁘고 화력좋아서 쓰는데, 청소 무서워서 생선 안굽고 고기도 안구어요. 빵만 토스트할때 씁니다 ㅠㅠ 그래서 촤근에는 스팀청소되는 모델을 다시 사려고 해요",0,2026-03-02
bcs1vNirS00,UgzYXo-SfsFO4cwk6q14AaABAg,@millionaire-h5o,어머!!!  대단한분 나타났다 🎉🎉🎉,0,2025-12-18
bcs1vNirS00,UgzRl96eAFKBJTQiJVN4AaABAg,@Art-v9i7v,"이런게 진짜 필요했음 발뮤다 토스터기 아래 저런 열선 땜에 청소하기 진짜 힘든데
이것도 궁금했음......",0,2026-01-14
bcs1vNirS00,UgztBOwiSNMaL4s8JJJ4AaABAg,@고래밥-w5f,제가 이 영상을 보고 세척 되는 에프 사고 지금 너무 행복합니다,0,2026-01-04
bcs1vNirS00,UgzIGzE5SY1E2S-TWi54AaABAg,@Tarowa,"설거지 세척 때문에 안샀었는데
유리바스켓이 에어프라이어가 있더라구요.
드디어 구매했습니다 ㅋㅋ
빵도굽고 돼지고기 닭고기도 구웠는데
겉바속초...후라이팬이나 전자렌지로 한것 보다 훨씬 맛있더라구요. 오븐형보단 다양한 요리는못하겠지만 충분히 만족스럽네요.",2,2025-09-20
bcs1vNirS00,UgyW1m3_J3SiRtu6cN14AaABAg,@모리셔스윈디,청소허다가 안돼서 이사갈때 결국 버릴생각하고 쓰고있답니다ㅠ 써봤으니 알게된 사실😅,0,2025-10-23
bcs1vNirS00,UgwDggdPWmCAunkEQLB4AaABAg,@kionakim4741,진짜루.. 흐린눈 해야함요ㅠ,2,2025-12-21
bcs1vNirS00,UgwndqVvuXbUpuwg-E94AaABAg,@강냉이-q8e,요런 스타일 미니 오븐 있는데 세척 땜에 손이 안가서 토스트만 거기에 하고 에어프라이어는 따로 씀 토스트용으론 쓸만 함 ㅋㅋㅋ,0,2026-01-04
bcs1vNirS00,UgyIjudCW7hs-MG58hp4AaABAg,@EdenK-r9j,공감..버리고싶어요,0,2026-02-25
bcs1vNirS00,UgwAVahc4kKnQFL-pyB4AaABAg,@ysmy1911,주방 기름때에 베이킹소다가 짱임,1,2025-10-30
bcs1vNirS00,Ugy90Vfjec4hq8G7VEB4AaABAg,@티아넨트,빵이라도 구울거 아님 그냥 에프를 사셈 에프는 많이 돌려도 수분기가 조금이라도 남아서 괜찬은데 얘는 그냥 마른장작이 됨,1,2025-09-18
bcs1vNirS00,UgwTe4BGDi0xoF8mVrd4AaABAg,@miyoungkim-g5b,"사용 후 바로바로 부속품들 씻고, 내부 닦아서
깨끗하게 잘 사용중입니다.
근데 청소가 귀찮긴 합니다.",0,2025-09-09
bcs1vNirS00,UgzphXPRAr4RaPhNWy94AaABAg,@bobong_0902,"물만 좀 받침대에 넣으면 ㄱㅊ은데 
구형이라 스팀기능없어서 힘들긴할듯",1,2026-01-11
bcs1vNirS00,Ugz1UyIgD0KDWTRZvLV4AaABAg,@natalieg1856,같은 이유로 저도 다시 바스켓 스타일 에프로 돌아갔어요,2,2026-01-05
bcs1vNirS00,UgxyOLX1eDMKA0IZ03B4AaABAg,@엄마-y4z,저도 나중엔 기름 쩐내까지 나서 버렸어요 ㅠㅠ,0,2025-12-29
bcs1vNirS00,UgwUL71PHA7imdknIkx4AaABAg,@ErinJohn-w1l,"개선된 스팀에어프라이기 쓰는데
내부 청소기능이 있어 짱입니다👍👍",0,2026-04-09
bcs1vNirS00,UgzW87ofcxIxMlkiKBB4AaABAg,@슬며들다-x7u,디자인때문에 진심 몇달째 고민중인데 이거 보고 사기싫어졌어요 감사합니다,0,2026-03-10
bcs1vNirS00,Ugzp4-_2GnyyYWG_KY54AaABAg,@Happy17432,"바스켓형에프,오븐,쿠진아트에프등등 다써봤는데 빵같은거 안튀는거 데우는정도지 삼겹 닭 생선같은거 튀는요리 해먹음 청소가 젤 짱남.그런요리류는예전한경희광파오븐이 짱임. 물로 시원하게 세척 ㅋㅋ 난 그냥 요즘은 식세기에 넣어돌림. 뚜껑은 걍 물티슈. 결론은 저거 다 구비해놓고 상황에 따라 쓰고있음 ㅋㅋ",0,2026-02-04
bcs1vNirS00,Ugwf3h2TJvqLsPqMp_B4AaABAg,@justice1776,"스팀에어프라이어로 사용해보세요.
청소에 최적화되어 있어요.^^",0,2025-12-27
bcs1vNirS00,UgzcevasOk26d9rK2hl4AaABAg,@뚜치따치-q9x,맞아요 청소가 정말 답이 안 나오는 구조라서 현재 기름때가 화석처럼 굳은 상태로 방치중 입니다 새로 사야하나 아님 저 무거운것을 들고가서 세척서비스를 받아야 하는지 고민이네요,2,2025-10-23
bcs1vNirS00,Ugx_91jmCQ-10zMSt514AaABAg,@정해정-u6i2r,내건 풀무원인데 사방에서 물이나와 청소도  잘되어 좋씁니다 근데 냄새는 시간을 두고 빼야합니다,1,2026-01-20
bcs1vNirS00,UgwAZj61FpnVWXvnsHd4AaABAg,@Heeee48,쿠진아트꺼 쓰다가 1년뒤 갖다버리고 유리로된 바스킷형으로 갈아탐 바로바로 헹굴수있는게 유지관리에는 짱임,3,2025-10-09
bcs1vNirS00,UgyoeQBBLmjFW7ZPJ4N4AaABAg,@nayeonkim6115,못사겠네요 감사합니다 ❤,1,2025-12-22
bcs1vNirS00,UgzhXERv5utA6UmZHat4AaABAg,@bonnykyeon8763,"저도 그래서 닌자그릴 또 샀어요 쿠진아트는 냉동식품 고구마 빵 굽는용도로 쓰고 고기는 닌자써요.
고기는 닌자가 1등입니다.",0,2025-09-04
bcs1vNirS00,Ugw10y1PqN5t1Ot4xJ94AaABAg,@dwysoqozq,그냥 후라이팬이 최고ㅠ,0,2026-02-09
bcs1vNirS00,Ugy-NBmehFRy_NitUEB4AaABAg,@kyuripark1740,그거땡에 유리바스컷 사러다가 피자 등이랑 다양한거 하긴 힘들어서 쿠진아트 사서 오늘 뜯었는데 반품해야하나 고민 중이네요ㅜ,1,2026-01-17
bcs1vNirS00,Ugx2GXN7cmBYPUksE594AaABAg,@평시민-l9n,바닥은 종이호일을깔고하는방법도있음..바로바로 소주로 닦아주니 저는 거의 새것처럼쓰고있어요....통삼겹살 냉동식품위주로 조리중입니다..,29,2025-07-29
bcs1vNirS00,UgwU7fqyZ723TpwS4tB4AaABAg,@허탱,"저도 다른 에프 사서 6개월만에 바로 저 제품 쿠진아트에프 사서 쓰고 있는데, 토스트 같은 류만 해먹어요. 청소 못할듯하여.. 1년 좀 넘었는데..스팀에프로 또 바꿔야하나 싶은데..에프에 고기류를 안돌려서 그냥 쓰는 중이긴해요
피자나 돈까스 돌리다가 튄거 진짜 안닦기더라구요. 근데 또 토스트는 너무 잘되서 빵러버인 남편이 너무 좋아라 하고 ㅋㅋㅋ",0,2025-12-22
bcs1vNirS00,UgzLQvmG3xhhgfo-Pm14AaABAg,@권은주-r1c,좀 쓰다가 버렸어요,1,2025-10-28
bcs1vNirS00,UgzBarxCEz5OaUpImu54AaABAg,@브라보걸,저도딱저래요ㅜ.ㅠ 받침대는 본사에주문해서다시샀고 청소는 잘안되요ㅠ. 에프가아니라 토스트기가맞는거같아요,4,2025-08-27
bcs1vNirS00,UgxcfkVCs0E6FkNHeTp4AaABAg,@문병훈-t1g,"삼겹살 한번 굽고  청소하다 죽는줄 알았음
설계한 친구 욕좀 먹어야함",9,2026-01-22
bcs1vNirS00,Ugy3d9y_gTH5KOR1RmR4AaABAg,@AA-sc9mo,저도 이거 사고 고기 한번 굽고 이래서 아직 못쓰고 있어요 ㅠㅠ 걍 처박아둠 ㅜㅜ,0,2025-11-08
bcs1vNirS00,UgwvBpdgUuUSBcwb6kV4AaABAg,@emilyb5129,요런 느낌의 에프 쓰다가 결국 버리고 열선 노출 안된 에프로 갈아탔네요ㅠㅠㅠ 세척 너무 힘들어요,0,2025-11-02
bcs1vNirS00,Ugz6-syf-YUvCqrtIol4AaABAg,@boowawa5552,쿠진아트 고기 잘 구워지는데 진짜 ... 쟁반에 시커먼 때 절대 안지워짐,0,2025-08-19
bcs1vNirS00,UgztY6xfVqTfDRAOT6B4AaABAg,@설이-m5h,이거 찐 입니다.,0,2026-01-23
bcs1vNirS00,Ugy8Wth9u3VcMeaST_d4AaABAg,@jessicaon30,"좋은 정보 고맙습니다 
타원형스텐 접시는 어디건가요,?",0,2026-01-07
bcs1vNirS00,UgxeiyFBI0rYxdWaGG94AaABAg,@estellejoel8833,"베이킹위주로 써서 별 신경쓰이지않음
미트파이 피자 치즈바스크만으로도 결과물이 넘사벽이라 그것만으로도 뽕뽑은 느낌
청소에 촛점 맛춘다고 스팀기능 있는거 사면 물통 씼고 관리하는것도 일임
무엇보다 쿠진아트보다 맛이없음
내가 관리하는 방법은 기름기있는 음식 조리했을때만 닦고 아직 뜨거울때  알콜 묻힌 키친타올을 집게로 쓱싹 닦는걸로 끝
열 조리 기구이니 열로 인한 자국은 감안해야하고 화덕의 개념이라 완벽한 청소에 집착하면 어떤 오븐이든 쓸수가 없음
쩌먹는 요리만 해야지

고기요리는 스텐 무쇠 후라이팬이나 직화가 제일 맛있음
잘게 썬 고기를 오븐,에프에서 구우면 수분이 빠져나가서 뻑뻑함
그래서 삼겹살 덩이리로 굽는 걸로 홍보하는거임
잘게 썬 고기는 에프에 생고기를 굽지말고
후라이팬에서 1차로 구워서 수분을 가둔다음
에프 오븐에서 나머지 익혀주는게 훨 맛있음
기름도 훨씬 적게 튀고",1,2026-05-10
bcs1vNirS00,UgwLXMwmwlKdlSFD5I14AaABAg,@나백-x1z,광고아니고 풀무원 스팀쿡 사고 청소부담 사라졌어요 ㅋㅋ 진짜 저런 에프는 나중에 청소 하다보면 스텐 다 긁히고 ㅠㅠ,0,2025-12-21
bcs1vNirS00,UgyKGbqHcs-MhMPnUZh4AaABAg,@cocos007,"잘 안닦여요   안쪽도 바깥쪽도     
스트레스받아서 당근에 팔아버리고 
버켓형으로 다시 샀음",0,2025-12-30
bcs1vNirS00,UgxSo56oqyR4YvXH0wZ4AaABAg,@서연변-n2w,"그래도 쿠진아트로 스테이크 구우면 잘됨. 스테이크 사먹을 일이 없으니 흐린눈 하고 씀
조리후 바로 손세정 티슈로 닦으면 어느정도는 닦아지고
식초나 베이킹소다 타서
물한컵 넣고 돌린다음
헹주로 닦아내서 잘 쓰는중
돈있으면 고기용으로 닌자그릴 사고싶긴함",0,2026-04-19
bcs1vNirS00,Ugzjgwq9w-5VwZH7VW54AaABAg,@토리누나00,쿠진아트 예쁜 외관에 혹해서 샀는데 시나몬 요리하니까 문가가 누리끼리해지고. 안이 많이 지저분해지네요.,1,2026-01-12
bcs1vNirS00,Ugwfx8BKGavm38PVqSJ4AaABAg,@user-yh9kx7pq4o,호일을 이용하면 훨씬 편해요,0,2026-01-15
bcs1vNirS00,Ugzpfe4_UimlG3AcKu54AaABAg,@myungheelee5683,쿠진아트 쓰고 있는데 기름때 안지워져요ㅠ,0,2026-02-11
bcs1vNirS00,UgxcfsZOR1uUq1dEw_54AaABAg,@lemoncsy,이번에 쿠진아트 스팀에어프라이어도 나온 거 같던데 그것도 세척이 힘들까요?ㅠ,0,2025-08-04
bcs1vNirS00,UgxvRL98u0IaYhWu_-V4AaABAg,@이혜령-g6v,"판매할때는 좋은점만 말하니까..
 저도 모 유투버가 저 에프 좋다고 하도 그러길래
엄청 고민하다가 거의 살뻔했는데",0,2026-01-13
XTY9Ftrfk_g,Ugy7mBTGXrtiCplTiiZ4AaABAg,@Atom1988-u3m,오븐형 살려면 스팀 강추입니다. 맛도 맛이지만 청소가 정말 편리하네요.,41,2024-09-30
XTY9Ftrfk_g,Ugy286yYbFGkB4kRKix4AaABAg,@양도실,아이닉 쓰고 있는데 요즘은 닌자에어그릴이 좋아보여요 가격이 비싸지만 성능이 진짜좋은 것 같아요,10,2024-11-26
XTY9Ftrfk_g,UgwmJ1VeV9VUEh77isJ4AaABAg,@퉁퉁이-n6h,정리 훌륭합니다,14,2024-04-30
XTY9Ftrfk_g,Ugzutybuh5CHkng6Fq54AaABAg,@세포분열,와 프로 일잘러의 보고서를 보는 기분이네요!! 많은 정보를 복잡하거나 어렵지 않게 깔끔하게 전달해주셔서 항상 감탄하며 보고 있습니다👍👍👍,32,2024-04-26
XTY9Ftrfk_g,UgxOmi5Vm7K-biTCbWd4AaABAg,@lovethang3324,"각각 장단점이 극명한듯 어차피 세척은 둘 다 불편함(오븐은 내부 세척, 바스켓은 전체 세척해야함) 장점을 보고 원하는 기능을 선택하면 될듯",14,2025-03-24
XTY9Ftrfk_g,UgwL6ThocR2DtECbaY54AaABAg,@kwonlee-fh1mm,에어프라이어는 바스켓이 편하더라구요 오븐형은 다 되고나서 끄낼때도 화상 조심하셔야 하고요 청소도 바스켓에 비하면 불편하고요 어르신들이나 애들이 쓰기에는 바스켓이 편하더라구요,8,2024-11-02
XTY9Ftrfk_g,UgwH_60jRPzjV03U2IB4AaABAg,@마루맘-i3i,유리 바스켓형 청소 너무 쉽고 편해서 잘샀다고 생각해요,23,2024-05-27
XTY9Ftrfk_g,Ugwf_KONE1PBJ4Nz9GN4AaABAg,@kyungeunkim848,"두가지 다 사용했는데 두가지 다 
좋아요 필요에 따라 사용하면  될것 같고
부엌이 넓으면 둘다 가지고 쓰세요",10,2024-06-07
XTY9Ftrfk_g,UgxhYAC-htMT9NbyI7d4AaABAg,@가을뜰,"어쩜 이렇게 궁금한 것들만 쏙쏙 잘 전달하시나요... '진짜 똑똑하게 구매'하도록 돕는데는 구매리즘 채널만한 곳이 없습니다!! ^^
쿠진아트 에어프라이어 고민 중이라 예전에 봤던 영상이지만 다시 보러 왔어요. 
장단점 비교랑 완성된 요리까지 딱 보여주니 구매 선택 고민이 싹 사라지네요. 
좋은 영상 만들어주셔서 감사합니다..👍👍👍",6,2025-02-24
XTY9Ftrfk_g,Ugy9aZSEfdAePVSsvPR4AaABAg,@김정민-b1h,"정말.. ㅡ_ㅡ 디테일이 어마어마 하네요~~~ 영상도 다 직접 찍으시고 ~!!! 멋짐 멋짐 입니다. ^^!!!!
많이 배우고 갑니다 ^^ 
올스텐이면 확실히 관리가 편한것 같더라구요..",35,2024-05-15
XTY9Ftrfk_g,UgxthUj_B6MXM1YkYJd4AaABAg,@promenade-Seoul,쿠진아트 생선 굽고 나면 안에 생선 냄새 베이지 않나요? 현재 광파오븐 쓰고 있는데 생선 그릴하고 나면 냄새 너무 남아서 그 기능을 안쓰고 있거든요. 냄새 베이지 않는다면 구입하고 싶어요,7,2025-01-11
XTY9Ftrfk_g,UgwA4hgckDLG62qukbh4AaABAg,@322-k1e,오 이거 딱 2개 고민중이었는데 ㅋㅋㅋ,0,2025-12-24
XTY9Ftrfk_g,UgynFrjN_wU-YI1xpI54AaABAg,@Lotust2k,디테일한 설명과 체험~선택 유형까지~믿음이 가는구매리즘 입니다~유용한 정보 감사합니다 😊,0,2024-11-09
XTY9Ftrfk_g,UgynL4RHbN9odiKQwf94AaABAg,@Wmslzj,처음에 스텐 얘기할때는 아닌거에대한 위험성을 얘기했는데 종일호일? 쓰는거 보고 도긴개긴 느낌이 ㅋㅋㅋ,10,2024-08-06
XTY9Ftrfk_g,UgxLeisuDolc2Ry-_7x4AaABAg,@멍구멍구-j2g,감사합니다 :-) 많은 참고가 되었어용,0,2024-12-28
XTY9Ftrfk_g,UgxJJKECAHHbEPkoh0R4AaABAg,@연어-q7e,"아이닉 잘되긴 하는데
로스팅트레이 고무가 자꾸 밀리고
점점 찢어져요😢",7,2024-05-12
XTY9Ftrfk_g,Ugz22t-k1LPvaqB7RmF4AaABAg,@꾸루룩꼬륵,닌자구형이랑 아이닉중에 고민하고 있는데 멀사야 잘쓸까요…오븐형이 있는데 너무 커서 시간도 오래걸리고 잘 안쓰게 되네요.,1,2024-12-17
XTY9Ftrfk_g,UgwCWTMmR_09Sbuvb1d4AaABAg,@고장난장난감-h1f,전 개인적으로 오븐형으로 안 산거 엄청 후회하고 있습니다. 쿠쿠에서 나온게 디자인이 이뻐서 샀는데 엄청 후회 중 조각 피자만 돌릴 수 있어요 ㅠㅠ 돌릴 때 한판 다 돌려야 하는데... 그리고 조리 중간에 꼭 뒤집어 줘야 음식 퀄이 좋아집니다... 여기서 추천하는 오븐형이 진짜 쿠쿠랑 비교질 하다 안 산 제품인데... 저는 첨 쓰는 거라 싼거 써보고 바꾸지 뭐 했는데 이중 지출하게 생겼네요...,4,2024-11-06
XTY9Ftrfk_g,UgyY8KeuHUYdM6W_3st4AaABAg,@green-z5f1g,영상퀄이 좋다,12,2024-08-26
XTY9Ftrfk_g,Ugxi0714CmaTcnzCUCF4AaABAg,@햄토찌,열선이 오븐형의 단점이라고 하기에는 바스켓형도 상부에 열선이 있어서 청소가 어려운 것은 동일합니다!,26,2024-04-26
XTY9Ftrfk_g,UgxV0jIWZUiNrXv7g4B4AaABAg,@콜레브-p4y,스테인에스 트레이등을 연마작업을 어떻게 하시나요?,0,2024-12-08
XTY9Ftrfk_g,UgwbAtymVtgGvxiNyft4AaABAg,@SJ-zq6dd,"우리 가족들이 가장 잘 사용하고 있는  주방소형 가전,  쿠지니 에프
'오븐도  잘 사용하고 있는데 궂이 에프까지 필요할까' 라는 생각으로  한참 밥통필립스 유행하던 그때에도  에프 안사고 버티고 있었는데 
쿠지니 사용  5년차 후기,   만족도 최상",7,2024-06-04
XTY9Ftrfk_g,UgwFrSHk8ljMlvfqDOh4AaABAg,@dallo_come,에어프라이어 진짜... 한번 살때 꼼꼼하게 나에게 맞는 스타일 따져보고 사야돼요. 그냥 막 사면 후회하고서 처치도 곤란 ㅠ,8,2024-04-26
XTY9Ftrfk_g,Ugx37Nbt0MCuwIzBsKl4AaABAg,@hadayam,입주하면서 오븐 에어프라이기 스팀 다있는 빌트인이 있는데 에프가 바삭하게 안되네요 이경우 바스켓형사는게 답인가요,2,2024-06-23
XTY9Ftrfk_g,UgyDbIl80KGhUP_GC2R4AaABAg,@황금옥수수,오븐은 풀무원게 낫지 않나? 스팀쿡이 올스테인리스라  더 좋을텐데,2,2024-06-12
XTY9Ftrfk_g,UgyyPcIyiri2O8xBC6t4AaABAg,@밍주-s7h,"쿠진아트 내부 스테인리스 아니라서 힘들다는 댓글들이 많아서 찾아보니 리뉴얼되서 
내부 스테인리스 스틸로 유지관리 편하다고 강조하네요",15,2024-12-19
XTY9Ftrfk_g,UgxjYtth1e57BxG2TGh4AaABAg,@gracekim3740,식빵 베이킹때문에 무조건 오븐형 사려 했다가.. 이 영상 보고 현실 직시에 큰 도움 받습니다,1,2024-06-03
XTY9Ftrfk_g,Ugyp7TdY0sTHcZkfH2B4AaABAg,@a11맘,아이닉 올스텐 에어프라이어 ao 16리터도 있던데 어떨까요?,2,2024-09-25
XTY9Ftrfk_g,UgybLplsJ6u7_WFgFRx4AaABAg,@SL-lz4ij,"에어프라이어 쓰면서 조리모드는 써본적이 없는데 저게 의미있는건가요?
그냥 온도랑 시간만 음식에 맞게 조절하면 끝인거같은데",0,2025-05-31
XTY9Ftrfk_g,Ugz6ywf3DKnoVGC5Wzh4AaABAg,@BethPark-e4f,영상 너무 좋고 설명 좋고 목소리 너무 좋으십니다,0,2024-08-17
XTY9Ftrfk_g,UgwlXlZ9Ot29dzr17PR4AaABAg,@Euryaleferox,집에 오븐이 있으니까 바구니형을 사야겠는데요,2,2024-09-15
XTY9Ftrfk_g,Ugw4ru1PhjCgHQTNK8t4AaABAg,@최효진-p5d,엘지 오브제 광파오븐 어떤가요?,0,2024-09-23
XTY9Ftrfk_g,Ugz4mDNoIKzesYPGY2h4AaABAg,@hanjihye6025,글라스사려고 하다가 들어와 보고 있는데… 오븐형은 우선 제외하고 있거든요,1,2024-05-03
XTY9Ftrfk_g,Ugyig_f2mEkrecuwYBJ4AaABAg,@yjsays,아이닉 에어프라이어 잘쓰고 있어요! 추천!,16,2024-05-06
XTY9Ftrfk_g,UgzMnlFb3xFrnu2PUVh4AaABAg,@이단희-z6z,설명 감사합니다❤❤❤,5,2024-10-01
XTY9Ftrfk_g,UgxzwyvZepLxKdzhqnl4AaABAg,@깜순이-g7q,바스켓형 7L 정도면 시중에 파는 냉동피자 한판 통채로 다들어가나요?,0,2024-10-03
XTY9Ftrfk_g,UgwJouB0130Q2S4not14AaABAg,@yikris2259,리뷰 굿,0,2025-03-09
XTY9Ftrfk_g,UgxGTyhEKHymu0NrhQV4AaABAg,@namnamnam.....,벌써 그리운 목소리😢,2,2025-04-16
XTY9Ftrfk_g,Ugybl2LgvjZbtWqMrFt4AaABAg,@STALILA-o3j,"스텐 절대 구입하지 마세요.
청소 진짜 힘듭니다.
기름이 있는 음식은(삼겹살. 생선. 치킨등등) 고열로 인해 기름이 눌러붙습니다.
문제는 이게 웬만해서 수세미로 밀어도 안닦어요.
이건 스텐의 성질때문에 베이킹소다로 힘들게 밀어야 그나마 없어짐.
스텐으로 된 후라이팬. 냄비또한 똑같습니다.
청소하기 진짜 힘듦.
그냥 테프론 코팅으로 사용하다가 나중에 닳으면 교체만 하면 됩니다.
브랜드가 있는 제품은 따로 팝니다.",19,2024-07-29
XTY9Ftrfk_g,UgxGv7c-fNzKFoN7jmF4AaABAg,@아보하아보하,설명 자세히 해주셔서 도움 되었네용,1,2024-07-13
XTY9Ftrfk_g,Ugxk_Ph6WZ28pr2Npwp4AaABAg,@estherchung5949,그릴판이 불소수지 코팅인거지요~,2,2024-08-31
XTY9Ftrfk_g,UgzhXyl553NLe_NZPxx4AaABAg,@a11맘,에어프라이어 바스켓으로사면 피자만들기나 빵만들기는 안되는거죠~?,2,2024-09-25
XTY9Ftrfk_g,UgyTSOFOCtCg8358L3p4AaABAg,@신의한손-u4m,"아이닉 바스켓형 우리집에 있는거임.ㅋㅋ 신기 
이거 속안에 보이고 완전 잘되요",19,2024-05-03
XTY9Ftrfk_g,Ugx_IHlb8exLVtuURqt4AaABAg,@huhjjang2,"쿠진아트 제품은 외부만 스텐이고 내부는 알루미늄철판에 코팅 제품입니다. (제품 상세페이지에도 나와있는 부분이고요)동영상만 보면 오해의 소지가 있어보이네요.60모델은 트레이도 스텐이 아니고요, 70모델은 트레이가 스텐으로 바뀌었다고하고요. 두 모델 차이가 이 부분이 가장 큰 것 같아요. 내부도 이왕이면 스텐인게 좋지만, 트레이는 직접적으로 음식을 올리고 세척하고 하기때문에 스텐 필수고요. 요즘엔 내부도 전체 스텐인 제품도 많으니 오븐형 구입하시려면 다른제품들도 비교해보시는게 좋을것 같아요.",234,2024-04-29
XTY9Ftrfk_g,UgzDNoAdtQ-Jtx5H27l4AaABAg,@tjp5062,청소가 안되는게 너무 큰단점이네요..,2,2024-04-26
XTY9Ftrfk_g,Ugxr_06BC-pVHW9Litd4AaABAg,@국민은실용을원한다,닌자제품도 마니쓰던데 같이 비교 해줬음 좋았을텐데 암유발한단해서 선택장애가와 아직못사고있는데...,1,2024-12-22
XTY9Ftrfk_g,UgwJDRAj8xSYwHBRfDB4AaABAg,@estellejoel8833,"바삭함은 바스켓을 이길수 없음
오븐형에프는 오븐일 뿐",4,2024-04-27
XTY9Ftrfk_g,UgxZVFavIXLKWNAvhel4AaABAg,@gracekim3740,바스켓형 아이닉외 유리창 스텐 다른 것 또 추천하실 것 없을까요?,2,2024-06-03
XTY9Ftrfk_g,UgxEs9A4sEJpUO5hCIF4AaABAg,@종이-c4u,소소 에어프라이어 엄청 잘쓰고 있어요! 용량 큰 올스텐 제품이 좋아요!,2,2024-08-07
XTY9Ftrfk_g,Ugw89UlXIO1EpHaMY4R4AaABAg,@ffigaro1,3차 공구 알림부탁드려요~,0,2024-05-12
XTY9Ftrfk_g,UgzE_t3PKnN8wWCgLB94AaABAg,@라일락-o2w,"아이닉 저거 쓰는데 스텐이라 얼룩이 잘 생기고 잘안씻김..안쪽 트레이 고무가 자꾸빠지고 음식물이 잘끼임.. 피자가 한판안들어가서 잘라써야함.. 엄마집 쿠진아트꺼 사드렸는데 부러워 죽겟음..청소하기힘든건 둘다같음.. 바스켓살때도 오븐형은 청소 힘들다하고 바스켓이 더 잘쓴다해서 샀는데.,난 다시 산다면 오븐형사겠어요",10,2024-09-16
XTY9Ftrfk_g,UgzO9c5pklKQ2JIBQxp4AaABAg,@은비박-j7q,"1인으로는
둘다  너무 큰거 아닌가싶은데요.
혼자써도 큰게 나은건지~
볼수록 고민되는",0,2025-01-15
XTY9Ftrfk_g,Ugx13gw86n-U13K68yZ4AaABAg,@sorakang2853,"아이닉 동일 모델 수년째 쓰고 있는데 사면에 들러붙은 기름때가 어떤 세제로도  안지워져서 골치에요.
바스켓 열면 너무 더러워보여서 스트레스.",76,2024-05-01
XTY9Ftrfk_g,UgwceiuKduO1mZ7JlWp4AaABAg,@아니지-d5c,23리터로 큰거 샀더니 열원이 좀 약해요.,1,2024-04-26
XTY9Ftrfk_g,UgxMgtCy-M7GnluPCwh4AaABAg,@박민수-f4q7z,보랄은요?,0,2024-08-23
XTY9Ftrfk_g,UgxcFJgi3m-GoSbpDgl4AaABAg,@슬기롭게-w2o,아이닉 오븐형이랑 쿠진아트랑 비교 했으면 더 좋았을것  같아요,0,2025-04-08
XTY9Ftrfk_g,Ugy4jc9dCveWVbLfs2x4AaABAg,@HONG-rx1wu,하이고 댓글 보니까 머리 아푸다 막상막하 팽팽하네요 햇갈려서 구입 포기/// 업체 관계자들 두 모델 장점만 골라서 만들면 대박 터지것다,9,2024-07-17
XTY9Ftrfk_g,UgzdjaXYFblF_bHqSbB4AaABAg,@SLIM.VER.,바스켓형 믿고삽니다!!!!!!,0,2024-07-02
XTY9Ftrfk_g,UgxLDxGFjEuxsnDD4Nh4AaABAg,@민트시기,"사야지. 사야지 하다. 이 영상 참고로 오븐형 구입 했습니다. 수월한 조리 조작으론 아이닉이 땡겼지만, 조리 후 번거롭게 식기에 옴기지 않아도 될거 같아, 쿠진아트를 선택 했습니다. 조리 후 트레이에서 바로 시식이 가능 할거같네요. 머니머니해도 손이 2번 안 가는게 최고죠.",0,2025-10-06
XTY9Ftrfk_g,UgzjHT6sXRqZYml6ZkF4AaABAg,@핫투-k5y,풀무원 스팀쿡 리뷰해주세요 제발 ㅜㅜ,1,2024-10-02
XTY9Ftrfk_g,Ugwwpu4uIeme-ynYYj14AaABAg,@정민숙-i3y,쿠진주문햇는디~~청소힘들다니 우째야될지ㅠ,0,2026-02-13
XTY9Ftrfk_g,UgyjQdeJVgK5d7zgeld4AaABAg,@당근당근-g2o,오븐형 스테인리스 아무리 세척해도 탄자국? 그런게 지워지지않음..  그리고 감튀예로 오븐형이 맛이없음..,1,2025-04-02
XTY9Ftrfk_g,UgzMC57v2Db0Rij4YvN4AaABAg,@여정-k5g,바스켓 꺼낼때 자꾸. 손이 디여요 ㅜ.,1,2024-07-05
XTY9Ftrfk_g,UgyrGUIDUksBL0hGkkV4AaABAg,@김경아-f3n,아이닉 16L 오븐형도 있는데 이거도 용량 크고 올스텐이라 좋아요~~ 친언니한테 선물했음! 추천해용,7,2024-05-07
XTY9Ftrfk_g,UgyoUYQQ4rCFTZRhhVN4AaABAg,@이은경-l6z,이 시간 정보 감사드립니다,0,2025-03-23
XTY9Ftrfk_g,UgzQiB6q0RXuFtwmeUl4AaABAg,@sworddm6948,식단으로 닭가슴살을 하려고 하는데 적합할까요? 바스켓용으로 하려하는데,0,2024-09-05
XTY9Ftrfk_g,Ugw2pyeGKF1mtnL5l5V4AaABAg,@siyoon9338,"스텐 연마제 제거보고 왔더니
연마제는 어떻게 하지
먼저 이 생각이 드네요",6,2024-08-02
XTY9Ftrfk_g,Ugw7kMbhr1DPKDtKuTV4AaABAg,@핸드레이크-k8i,스테인레스 제품이면 연마제사용으로 식용유랑 식초 구연산세척같은걸 해야하지 않나요?,11,2024-04-28
XTY9Ftrfk_g,UgzczBOjkMSbtBPiOEt4AaABAg,@user-hs24jl45q5IKJ,오븐형인데 스팀이 안되니 청소가 애매하네요,2,2024-04-26
XTY9Ftrfk_g,Ugz3X1NgoaI4-C99XUl4AaABAg,@감획득,"오븐형은 세척이 불편해서 바스켓으로 골랐어요
아이닉 쓰고 있는데 만족합니다.
단점은 바스켓 테두리부분이 뜨겁다는 부분
몇번 데여보면 학습이 되어 이젠 안데임 ㅎㅎ",28,2024-04-26
XTY9Ftrfk_g,UgzBbXZDiDkxdOgxFZ54AaABAg,@k-anrndghkw9824,에어프라이어 두가지 형태 써 본 결과 에어프라이는 무조건 바스켓형이 편하고 좋다,66,2024-05-15
XTY9Ftrfk_g,UgzuPFYzrLPAkWg5M2p4AaABAg,@구인지-x2u,쿠진아트 내부 공간 스테인리스 아니에요 팬이랑 조리 도구가 스테인리스이고 내부 면은 코팅이에요 쿠진아트 쓰고 있는데 청소가 너무 힘들어요,98,2024-04-26
XTY9Ftrfk_g,UgwNZ1rVIlAq8ed_ccd4AaABAg,@edsna9889,"세척기 있고 내부 바스켓 분리 되는거 아니면 그냥 세척기 돌릴수 있는 오븐형이 더 편함 내부세척도 오히려 편함 
바스켓형은 내부 윗부분이 내눈에 직관적으로 안들어오니 그냥 쓰는거임 
튀김류나 삼겹살 바스켓 형에 한번 만돌리면 그냥 기름찌들어서 쓰는거임",3,2024-05-14
XTY9Ftrfk_g,UgzKBWLyTrcW1rjasvR4AaABAg,@yh2boy,1인 가구로 쿠진아트 9I짜리 구입해서 사용하고 있습니다. 너~~~~~~~~~~ 무 좋아요!,14,2024-04-27
XTY9Ftrfk_g,UgyYtPoCwPnmImRddDh4AaABAg,@hck-y1r,스텐이 언제부턴가 유행이 되는데 왜 뜨는지 이해 불가. 스텐은 관리도 어렵고 청소도 어려움. 관리 잘해도 금방 변색되고... 에어프라이기를 스텐팬처럼 기름 코팅하고 쓸 것도 아니고 이건 무슨 관리 노하우도 따로 없음. 에어프라이기는 스텐이 아니라 내부 코팅된 제품을 써야 그나마 관리가 편함.,2,2024-11-06
XTY9Ftrfk_g,UgxGWfos-HGWhnyMcDR4AaABAg,@조인영-d9e,올스텐?,0,2024-05-15
XTY9Ftrfk_g,UgydcFJFV4fvCaBhBvl4AaABAg,@kimparklee3305,"바스켓 형은 재료를 층층이 분리해서 넣을수 없고 속이 깊기떄문에 재료를 넣고 꺼내기 오히려 더 불편한 느낌. 특히 피자 꺼낼때 아주 힘듭니다 . 세척도 오븐형은 재료 올려둔 석쇠망, 바닥 받침 트레이를 식세기에 넣어버리면 되기 때문에 편해요",30,2024-04-26
XTY9Ftrfk_g,UgwcHQucQm0xw3tXJhB4AaABAg,@yimonion,"쿠진아트 오븐형, 지금 사용하고 있지만 저 에어프라이어 진짜  최고예요👍👍👍",0,2026-01-21
XTY9Ftrfk_g,UgwsYFUwNDQ69IlcvpJ4AaABAg,@OkabeRintaro-v1g,"둘다 좋은 제품이지만, 채소찜 기능있고 청소가 편한 락x락 바스켓형 스팀으로 샀음.일단 냉동만두 해봤는데 신세계네여. 그냥 에어만 있는거랑 차원이 다름. 공간만 더 있었으면 오븐형 샀을텐데...",35,2024-04-26
XTY9Ftrfk_g,UgyW6BseAgN26VY64o14AaABAg,@불주먹피바다,쓰기편해서 바스켓이 손이 자주 갈거 같아요. 근데 작동법이 아날로그?인 애들이 전 좋드라구요😢 터치같은애들은 고장나면 무조건 A/S밖에 없어서 전자식인 물건사면 A/S도 편한지도 알아보게되는거 같아요...ㅠ,15,2024-04-26
XTY9Ftrfk_g,UgxeGwZuJGDwfHz64eB4AaABAg,@NatalieFuller-x6n,Young Jose Miller Kenneth Williams David,0,2024-08-26
XTY9Ftrfk_g,UgxtqCng3c9vb2T3C9N4AaABAg,@dadsdsaad6912,"에어프라이어가 필요하면 에어프라이어 사고
오븐이 필요하면 오븐사는게 제일 좋은 듯.

오늘도 구매리즘 영상은 최고",10,2024-04-26
XTY9Ftrfk_g,UgxQ1c4he5EAnKfcsuJ4AaABAg,@독수리부엉,오래된 에플 버리고 하나 살까하다가 안사기로했습니다 냉동식품 잘 안먹기도 하고 건강 생각해서 삶고 쪄서 먹기로 결정했어요~,13,2024-11-16
XTY9Ftrfk_g,Ugw8rxVrrhX26KcpSuB4AaABAg,@D.Jonnie,아이닉보다 바닥면 넓은 바스켓형은 없나요?,8,2024-04-28
XTY9Ftrfk_g,UgwfZ9Dceca3Up5sLHl4AaABAg,@당근당근-g2o,스테인리스.. 청소 감당 안됨.. 오븐형은 진짜 청소불가임,30,2024-09-05
XTY9Ftrfk_g,UgzYU-m1VD2cnT9lQW94AaABAg,@혀니혀니-i5j,"안녕하세요! 추천해주긴 바스켓형을 샀는데요 올스테인리스잖아요?
연마제 제거작업은 안해도 되나요? 딱히 주의사항에 없긴한데 보통 스테인리스는 연마제 제거하고 쓰라고하던데 불안해서요!",14,2024-05-04
XTY9Ftrfk_g,Ugwu_adlyCiVkhEF8GR4AaABAg,@Demitry-Park,"20년 다된 쿠진아트가 아직도 비교대상으로 나오다니...
쿠진아트 청소 드럽게 어려움",11,2024-05-13
XTY9Ftrfk_g,Ugy5_Xxkcw0K8nDS0-54AaABAg,@조인영-d9e,"쿠진아트 에어 프라이어 올스텐아니죠?!...ㅠㅠ여기서 소개 듣고 올스텐인줄 알고 구매 했는데 올스텐 아니네요.....ㅠ
기본구성품은 스테인리스가 아니네요..",60,2024-05-15
XTY9Ftrfk_g,UgxYI5hZTrKAIw8LfLR4AaABAg,@snoopy_HS,"냉동피자를 주로 먹으려는데
바스켓 형 중에
피자를 안 구기고도
들어가는 건 없나요?",11,2024-05-27
XTY9Ftrfk_g,UgzJTAznonp00cUo9LB4AaABAg,@Starflo_wer,"너무 잘봤습니다
오븐형에 올스텐 + 다이얼방식이 아닌 제품도 추천해주세요!",2,2024-04-26
XTY9Ftrfk_g,UgyzQo4DHSmaHXOuwpN4AaABAg,@alpo0701,아이닉 사용중인데 장점중 하나가 처음에 배송 올때 연마제 제거해서 옵니다!!!,1,2024-10-03
XTY9Ftrfk_g,UgzgottZdyk9dizpduB4AaABAg,@iIlIiIiliIl,"잘봤습니다
몇주전사놓고
청소 어렵다해(알고샀지만)
육류.생선요리는 아직 시도하지않고있어요.
사용법도 완전 숙지 못하고있네요.",0,2024-04-27
XTY9Ftrfk_g,UgwZQbpjL148fxTWYuF4AaABAg,@경선김-x9w,기름땜시 오븐형 방식의 제품은 관리가 힘들어요. 바스켓형은 종이 호일 깔고 면 기름관리가 한결 수월해요. 그래도 오래쓰면 기름때 쩌는건 어쩔수 없어요.,1,2024-04-27
XTY9Ftrfk_g,UgxdjVmswQlumYhRRsl4AaABAg,@렌텐로즈,멀 사야 하는지 더 헛갈리네요,5,2024-11-09
XTY9Ftrfk_g,UgzLwfBiTBYEABXlYt14AaABAg,@Apple-gps,캡슐커피머신도 추천좀 해주심 감사요.,12,2024-04-26
XTY9Ftrfk_g,Ugxx2xwUY6xxcAfAGvx4AaABAg,@이롤-t8s,쿠진아트 이쁘다고하는데 볼때마다 식당에있는 젓가락 컵 소독기같은데,0,2025-11-26
XTY9Ftrfk_g,UgwTETpp4NflNGFUedJ4AaABAg,@유튜브난영이,쿠진아트오븐 발열은 어떤가요?? 외관의발열로 열손실이 많은지요?,1,2024-07-31
XTY9Ftrfk_g,Ugxwx4hLO4BuOBSb_Ch4AaABAg,@joneqk9375,"저는 에어프라이어를 생각만 하고 있다가 사은품으로 받게 생겨서 사용하게 되었는데, 반품 2번하고 아예 다른 상품으로 받아 다른 사람 줘버렸어요;; 브랜드 이름은 생각 안나는데, 그래도 후발주자 정도는 되는 브랜드로 알고 있었는데, 사용하면 바스켓 부분이 약간 녹는 거 같은거에요;;; 그래서 결국 복합형 중 lg 제일 큰 광파오븐 사게되었어요. 모든 기능이 다 있어서 범용으로 좋긴 한데, 다른 제품 사용은 안해봤지만 뭔가 애매 한것 같기도 하더라구요. 그치만 32L로 용량도 크고 230도까지 온도를 올릴수 있습니다. 근데 확실히 용량이 크니 딱기엔 편한 편인 것 같습니다. 밑에 보니 스팀 기능이 있으면 닦기 편하다는 분 있던데, 전혀 쓸모 없구요. 그냥 물이나 베이킹 소다 희석한 물 뿌리거나 그릇에 담아 전자랜지 기능으로 물을 증발시켜서 딲는게 제일 좋더라구요.",6,2024-04-26
XTY9Ftrfk_g,UgzJaSXgzIBPw5c1TcN4AaABAg,@ganadara9900,스텐은 금방 변색된다던데 괜찮나요?,3,2024-06-14
XTY9Ftrfk_g,UgxGLnAysDXclYkf5xF4AaABAg,@사에바,감사합니다 긴 설명으로 구매를 하지 않기로 했습니다,1,2024-10-05
LJVFZbub94U,UgxYYgUI861X0YQ2SJR4AaABAg,@앳키친,"▼ 에어프라이어 (오븐형 vs 바스켓형) 직접 다 써본 25년차 주부의 추천 ▼
👉쿠팡 최저가(169,050원)정보를 알려드리니 꼭 확인하고 구매하세요. (와우 쿠폰 할인)
https://bit.ly/41lzg21

이 영상은 쿠팡파트너스 활동의 일환으로, 이에 따른 일정액의 수수료를 제공받습니다.",4,2026-01-01
LJVFZbub94U,UgzrUs3A090pQlMVyF94AaABAg,@cocoxoxo4858,독거청년입니다 도움이 되었습니다 감사합니다.,1,2026-05-12
LJVFZbub94U,UgwnloVlFR5NtYGJnH54AaABAg,@3535min2,용량설명이 있었으면,1,2026-04-04
LJVFZbub94U,UgzvKld6OlnkUiTuSXF4AaABAg,@darkngel012,오븐형 5년간 사용하고 있는 입장에서 공간도 넉넉하고 쉽게 구울 수 있는 장점이 있는 반면 그만큼 청소가 쉽지 않습니다... 매번 청소하는것도 귀찮아서 결국 앞뒤 옆으로 튀긴 기름들이 나중에 굳어서 닦기가 쉽지 않게 되고 뭐 그렇습니다.ㅋㅋㅋ 또 한번 전체적으로 닦을려니 쉽지가 않더군요. 성능이 좋은 만큼 관리가 어려운게 또 에어프라이어 오븐형 인거 같습니다.,17,2026-01-30
LJVFZbub94U,Ugy_TiBBov8jRI4i1CN4AaABAg,@golbyeongdeunglove,"출력도 뻥스펙으로 적어놓는 브랜드도 있더라고요
콕스타 제품은 사지 마세요 

콕스타 12L KSEAF-4000에서  -> 인스턴트팟 인스턴트 옴니 프로 오븐형 에어프라이어 18L 으로 바꿨는데요
비교 해드리면, 적혀 있는건 똑같이 1,800W인데. 출력이 달라요
콕스타도 베이킹 버튼은 있는데, 베이킹 안돼요. 걍 반죽이 주르르 흐르는 정도
옴니 프로는 베이킹이 돼요

전기는 딱 떨어지는 숫자의 영역인데, 이렇게 장난질 쳐도 문제가 안되는 건지 이해가 안가더라고요
둘 다 내가 사면 값이 떡락해서 마음 아픈 조리기기

예산이 적어서 제빵 실기 연습만 딱 하려고 18L 샀는데
23L 에프 보니 대궐 같네요",18,2026-01-04
ZRYJqBNAMJ4,UgyPKAZUqb2s5e-DDHN4AaABAg,@어우덥다더워-q7k,신조 쩐다..이런 유튜버들 더 흥해야돼진짜,37,2024-06-02
ZRYJqBNAMJ4,Ugz9ZSO3gDgmp6p6t8B4AaABAg,@특이점기록빌런,"이거 보고 구독 눌렀어요
구독자가 없는것도 아닌데 광고 하나 없이 찐으로 리뷰하며 돈보다는 양질의 컨텐츠 우선하는 모습에 믿음이 갑니다",26,2024-09-02
ZRYJqBNAMJ4,UgzwNjKOwGWtod-kDud4AaABAg,@MinjooHY,광고 공구 다 마다하는게 현실적으로 쉽지가 않은데 정말 좋은분이신거 같아요 ㅎㅎ 행복한일만 가득하시길 😊,26,2024-06-03
ZRYJqBNAMJ4,UgwZTpVwpeT7whQSooB4AaABAg,@태종태세비욘세-y4x,광고 싹 거절하고 찍는 유튜버가 어딨냐고요😂 메일함 오픈하신건 쫌 충격... 이런 당신을 사랑하지 않을수가 없다!!❤️,136,2024-06-02
ZRYJqBNAMJ4,Ugzkg4HwjB-cddNNa2F4AaABAg,@미애짱,"제가 초이프님을 좋아하는 이유는 다른 살림 유투버들은 약간 직업성이 짙고 솔직히 광고 같은데 초이프님은 뭐랄까 신나보인달까 
즐거움이 느껴져서 저도 즐겁게 보고있습니다 
즐거움이 1도 없는 내인생에서 찾아오는 사막에 오아시스같달까 ㅎㅎ화이팅입니다 ❤❤",10,2024-06-03
ZRYJqBNAMJ4,UgzgNdfsRxY3P045K2p4AaABAg,@띠로리-1,에어프라이어 초이스 언제할까 기다린사람 손..!! 세상 꼼꼼이가 산거 따라사기..♥,8,2024-06-03
ZRYJqBNAMJ4,Ugw0WXU8cFnw8SMnUjl4AaABAg,@꺄오아우우우,와 찐 내돈내산… 정말 구독자 입장에서 고민해주시고 꿀팁 그냥 막 뿌리시는…. 천사신가요..?! 그래서인지 초이프님이 광고하시는 건 일단 좀 믿고 보게 되는 것 같긴 합니다ㅋㅋㅋㅋ,8,2024-06-02
ZRYJqBNAMJ4,UgyS636U9pz_2ddzODx4AaABAg,@이선영-u9z6p,"초원님 마음씨 너무 이쁨요ㅠㅠㅠㅠㅠ
진짜 안볼수가없어ㅠ",7,2024-06-02
ZRYJqBNAMJ4,UgxmuXFWOMexEMRuADd4AaABAg,@man_g2897,우왕 ! 영상 넘 넘 짧게 느껴지는 ... 체감상 5분 ... 초원님 너무 유명해지지마요 .. 아니 유명해져요 .. 아니 안돼 저 혼자만 알고싶은 유튜버 1순위 .. 🫶,10,2024-06-02
ZRYJqBNAMJ4,UgxZkXYq0EYYKPP1PJ94AaABAg,@유니나-p4t,"광고로 올리는 살림템들은 보지도 않고 좋아요는 당근 안누르는데
댓글까지 다네요 ㅎㅎㅎ
구독자들 많이 늘어나길♡♡♡",2,2024-09-08
ZRYJqBNAMJ4,UgzVJKuEs3z6G2yoeTJ4AaABAg,@Ddxsv,내 최애유튜버 초이프 언니 보는맛에 살아요...월요일 극복 완료!! 이번 한주도 힘내시고 행복하시길 바랍니당~❤❤❤❤,2,2024-06-02
ZRYJqBNAMJ4,Ugww9TwmnzatFHsDlWd4AaABAg,@sooni3696,엇!! 오늘은 일한다구 늦게 보았어요! 오늘도 감사합니다!! 좋은밤 되세효오❤,2,2024-06-02
ZRYJqBNAMJ4,UgwWa_zaDQ2RIKdcGIZ4AaABAg,@dyk2800,ㅠㅠ저한테 꼭 필요한 영상이에요 ❤❤❤초원님 추천템은 믿고 따라 삽니당 ㅎㅎㅎㅎ,2,2024-06-03
ZRYJqBNAMJ4,UgxdEuozg4GcyWzoeUV4AaABAg,@연인-t8g,진짜 사랑해요오...... 영양제 장바구니에 담아둬야지...❤,3,2024-06-03
ZRYJqBNAMJ4,UgyapLl9hNEpTqEE4bJ4AaABAg,@happy-r1b,초원님 콜라겐 영상 보자마자 고민 하나도 안하고 샀는데... 지금 넘나 피부 황금기예요🤍🤍🤍🤍 믿고 가는 이프초...🫶🏻,2,2024-06-02
ZRYJqBNAMJ4,Ugw0CxXz90xzLhRJaLd4AaABAg,@채채-w6j7k,초이프님 영상 보고 바로 산 사람들은 불만족을 크게 느끼지 않는 사람들이 많아요 ㅋㅋㅋ 너무 걱정 마세요!!,1,2024-06-05
ZRYJqBNAMJ4,Ugxd1wYPFZeVyPD1_N54AaABAg,@nurimoon-,"초이프님 얼굴 보러 왔다용💗~~
26:20초 순삭인데요????ㅎㅎ
에어프라이어 기다렸었눈데!! 후기도 잘 기다려볼게용 ~~~진정성 있는 초이프님보며 오늘도 잘 배우고 갑니다요~👍🏻",2,2024-06-02
ZRYJqBNAMJ4,Ugx5SuwIXPyFAZ5FiPR4AaABAg,@iaminhawaiiorheaven,와 살림템 너무 유용해요 !!!! ㅋㅋㅋㅋㅋㅋ 자주자주 해주세요…❤,1,2024-06-14
ZRYJqBNAMJ4,Ugx9S6i5xk3DuMeEUYF4AaABAg,@잉서-w5q,"웅니..신나서 달려나가는 모습 넘 귀엽구 힐링..🩵

웅니 덕에 혼쟈 사는 대학생..꿀팁 쟌뜩 얻어갑니닷~~!! (담엔 청소용품도 가득 츄천해쥬세요)

항상 건강 조심하시구 행복하세요..!!!!!",0,2024-06-02
ZRYJqBNAMJ4,UgwkfJYOCvyKzd2GhRN4AaABAg,@sonani_sona,"와웅 깐깐하게 고르시는게
제 성향이랑 비슷하셔서 계속 보게 되네용 ㅋㅋㅋㅋㅋ",2,2024-06-02
ZRYJqBNAMJ4,Ugym1xuTuR_KD8xuK714AaABAg,@bang0002son,유투브에 진심인 마음이 느껴져요 신중함과 진정성으로 제작한  영상을 알게된 저는 행운이네요^^,0,2024-06-07
ZRYJqBNAMJ4,UgzfkQG6KcmAyW-n3Nx4AaABAg,@초하나-u2n,Entj 초이프님 픽은 나는 믿고 삼요!!!!!이런 영상 너무 죠하 내년입주인데 너무 좋아용❤,0,2024-06-14
ZRYJqBNAMJ4,UgzLefhADDdNtD2uMY94AaABAg,@orotcii,"초원님 영상길면 땡큐라구요>< 물론 편집이 더 힘드실수도 있지만,, 오늘도 잘보고갈게용~~ 

+유튜브도 일이라 수익을 좇는게 당연한데 구독자들과의 신뢰를 더 중요시하는거 대단하고 현명한거같아요! 
그런 초원님인걸 알기에 종종 광고하는거 더 믿을수 있을거같아요 ㅎㅎ 구독자입장에서는 솔직하게 주기만 잘 조절한다면 괜찮은거같아요 ㅎㅎ광고도 넘스트레스 받지말고 종종 가져와주세요 ㅎㅎㅎ",1,2024-06-02
ZRYJqBNAMJ4,Ugy56cVmNn7Hjhy92y94AaABAg,@Lovely_young95,아니 너무 찐 감동 받았어요.. 신혼준비중이라 에프가 너무 궁금했었는데 이렇게 신경써서 올려주시고…😢 진짜 온몸에 소름 돋으면서 감동받은 적은 처음이에요..!(초이프님 사신거 바로 사면되겠다! 생각했는데 ‘아직 사지마세요!!’하시는 것도 저희 생각 해주신거라 너무 감사해요❤),0,2024-06-03
ZRYJqBNAMJ4,Ugw9LwPOJwe_UBXgYt94AaABAg,@지니-q2k4l,저 원래 이런 정보영상은 잘 안보는데 초이프 쇼핑하울? 주방템? 이건 당장봐…. 주방템 언박싱에 방방 뛰는 주인장님 귀여워요ㅠㅠ 제가 비록 결혼에 ㄱ자도 안가고 신혼은 아니지만 잘 기억했다가 언젠가….. 초이프님의 영상을 참고해 살림…?해보겠습니다! 오늘도 넘 잘봤당ㅎ❤,0,2024-06-03
ZRYJqBNAMJ4,UgyZP2sOg2Lx3u5fWDt4AaABAg,@soy9994,정말~초이프님의 구독자님을 위한 아낌없는 정보공유~드디어ㅜ에프사신거 너무 축하드리고 제마음에도 너무 만족스럽네요~저도 되게 꼼꼼항 성격인데...초이프님 쇼호스트 하셨어도 대박나실듯~❤❤,0,2024-06-04
ZRYJqBNAMJ4,Ugzvxep4Ev8HTIlcvj54AaABAg,@꿈을이루는모녀,"어머나~ 요즘 이런 진정성 있는 유튜버님이 계시다니!!!
다들 구독자가 늘면 광고, 공구로 물들어 가서 아쉬웠는데...
우연찮게 영상 보게 됐는데 구독합니다.
초이프님은 멋진 유튜버네요^^
진짜 사용해 보고 추천하는건 오늘처럼 공유해 주세요. 도움 많고 갑니다😊",0,2024-06-09
ZRYJqBNAMJ4,UgyEUwpoWabbC44HuL54AaABAg,@bigbear74,비타민 남은거 물에 헹궈드시는거 보고 빵 터졌네요 너무 소박하신것 같아요 ~~에어프라이기는 저도 기다려야겠네요~~^^❤,1,2024-06-06
ZRYJqBNAMJ4,UgxurGxQwj-_iofrEGB4AaABAg,@튜후튜후후,"너어무 정직하다.., 저도 재원전자 엄청 잘쓰고 있긴 한데 청소가 힘들어서 저 제품 고민중이었어요ㅎㅎ초이프님 한달뒤 후기 보고 결정하겄슴다!! 앞장서주심에 무한감사 🫶",0,2024-06-11
ZRYJqBNAMJ4,UgzQI8TqtYkNE-MCxG14AaABAg,@rlxh88,ㅠㅠㅠㅠㅠㅠ이런 영상 너무 좋아요 일상이랑 분리된 게 다시 찾아보기도 좋구요.. 25분 넘는 영상이 유일하게 반가운 채널..🫶 구독자 생각해주시는 마음도 넘 따땃해요🧡🧡,15,2024-06-02
ZRYJqBNAMJ4,Ugyvzv9Mt92xXPJHqfx4AaABAg,@어썸블러썸,생얼인데도 너무 예쁘세요!!!좋은 상품 공유해주셔서 감사합니당😊😊,0,2024-06-09
ZRYJqBNAMJ4,Ugwc5vBXOQTyQ6oRlWd4AaABAg,@yubiduby,저도 물건 하나 살 때 엄청 고민하고 찾아보는 편이에요 피곤한 스타일이지만 이렇게 고민하고 산 게 마음에 들면 정말 쓸 때마다 기분이 좋더라구요 그런 점에서 초이프님이 추천해주시는 것들은 아묻따 구매해도 괜찮을 거 같네요! 좋은 템들 공유해주셔서 감사해용🩵,0,2024-06-10
ZRYJqBNAMJ4,Ugzcu0vqBEZEubjxYEJ4AaABAg,@박지혜-v6n,"정말..
사랑스럽고
멋져요..🤍",0,2024-06-02
ZRYJqBNAMJ4,UgwoYgdA7-501BTkMNh4AaABAg,@chabamlife,유튜브 최고 혜자채널😂😂 97년생인 저는 초이프님 채널보고 꿀팁 많이 얻어용,0,2024-06-03
ZRYJqBNAMJ4,Ugz8tI0V9XLuKKYi1Mx4AaABAg,@수미-z9s,저 진짜 에프 후기맘 기다리고 있어요!!!!! 남편한테 초이프님 후기보고 바로 따라 살 거라고 영상도 보여주고 미리 얘기해 둔 상태랍니닿ㅎㅎㅎ 후기 기대할게욤💙🩵🫶🏻✨,0,2024-06-04
ZRYJqBNAMJ4,UgzdFcmvavjGbJ4TP6N4AaABAg,@Gaji_lover,"초원님처럼 완전 주부는 아니지만 집안 살림을 많이 신경 써야하는 입장인데, 매번 보면서 많이 배우고 참고해요👍 유튜브 해주셔서 너무 감사해요ㅜㅜ 덕분에 정말 너무 도움되고 많이 배우는것 같아요..!! 저도 나중엔 초원님처럼 야무지고 똑 부러지게 살아보고싶어요ㅎㅎ🔥💚",0,2024-06-02
ZRYJqBNAMJ4,UgzcsTfdDPUVxb9kyLx4AaABAg,@user-Thrisson,"역시 초이프님 영상은 꿀템가득👍👍
저번편 사케동 남편 만들어줬더니 인생 사케동이라며 엄청 좋아하더라고요☺️ 완전 굳!!",0,2024-06-02
ZRYJqBNAMJ4,UgwLAfNfmXk_MVpsobB4AaABAg,@Hakunamatata.7,"초이프님 덕분에 미루다미루다 저도 드디어 싱크대 수전 바꿧어요! 
늘 초이프님 덕분에 반성한답니다 고마워용",0,2024-06-07
ZRYJqBNAMJ4,UgzQGIikRSHQwfzK0d94AaABAg,@도시여자_k3n,제품 정리해서 올려주심 너무 감사할거 같아요,2,2024-06-15
ZRYJqBNAMJ4,UgwTcG9ItEKepkeDWCB4AaABAg,@쭌찐-p9k,"저는 New에프 영상 올라올지 모르고 재원꺼 구매누를뻔ㅎㅎ 너무 잘 쓰시고 가격도 저렴해서 다음번엔 무조건 재원사야지 했는데 더 좋은게 나와버렸어😂 
영상 길어도되니 고민한티 팍팍내며 유용한정보많이 주세요
오늘도 26분 어케 지나갔나모를정도였어요❤",0,2024-06-03
ZRYJqBNAMJ4,UgzL1ShEsXw4I3zg3f94AaABAg,@Aileen2035,"와…고춧가루 용기 한닮째 못사고 있었는데 좋네요~ 오일 스프레이도 탐나요!!!
글로벌 나이프 쓰고있는데 추천해용>< 아무리 좋은칼이어도 칼날 갈아주먄서 써야되더라구요 점점 무뎌지긴해요 ㅠㅠㅎㅎㅎ",0,2024-06-02
ZRYJqBNAMJ4,Ugw39jEPPMXKKXTaH3B4AaABAg,@Tv-iq3ul,"얼마전 팬이 되었습니다.! 
진정성이 느껴져서 너무 좋았더랍니다.
걱정인것은,,
초이프님이 에프 후기 올리면..왠지 주문폭주로
품절될것만같은 느낌적인 느낌~.
기다리고 있을께요",0,2024-07-02
ZRYJqBNAMJ4,UgyMPIG9E9lRpQAazM54AaABAg,@minayun5123,마음이 진심이라.. 자꾸보게되요. ❤,0,2024-09-07
ZRYJqBNAMJ4,UgwRQU8B2QLpQUnyh5h4AaABAg,@마카다미아마카다미아,사랑해여 초이프님ㅜㅜㅜㅜ어설픈 초보 주부에게 많은 도움이 됩니다!! 구매 뽐뿌 오는게 많네요,0,2024-11-14
ZRYJqBNAMJ4,UgzIRdgCVkIfvkZi5Ld4AaABAg,@say1601,저도 10월 결혼준비하면서 이것저것 사려고 보고 있는데 참고할게용 >< 영상을 통해 실 사용후기들도 넘 궁금하네요,0,2024-06-14
ZRYJqBNAMJ4,UgxOyFUYfkEG9CYDffl4AaABAg,@minchoi_s,"내가 구독하는 유튜버들 중 넘버원,,진짜,,,사랑스러움+투명함 무슨일이냐구요ㅠㅠ
초이프님 그릇들 보면서 신혼살림 준비했었어용ㅎㅎ
인소일 그릇 내돈내산했답니당ㅎㅎ
아직 만두 안먹엇 써본 적은 없어욬ㅋㅋ 
아무튼 콜라겐 그때 결혼준비한다고, 큰 돈 나가서 안산거 후회되고,
지금 올영앱에 찾으니 조금 할인되서 판매하더라구요,,,그거라도 사서 먹고있겠습니다(?)!!!!!!",0,2024-06-04
ZRYJqBNAMJ4,UgxNge2CqRTz3BJAQ5N4AaABAg,@kkaluk,이번에 줄리스초이스에서 새로 콜라겐 나왔는데 좋다더라구용!! 유투버 윰님이 마케할때 한번 드셔보시면 좋을것같아용ㅎㅎ(최근에 해서 다음까진 좀 걸릴것같지만용…ㅎ),0,2024-06-04
ZRYJqBNAMJ4,Ugy07mskODkDFFFyYuZ4AaABAg,@평온한날,스크레치에 보조개 사과라고 하는 긍정적 마인드👍🏻,0,2024-06-03
ZRYJqBNAMJ4,UgzyL5nYbD_-kT0K3jd4AaABAg,@김정미-i6v,초이프님꺼 따라하다 요리에 관심 붙인 1인.....요리뿐만 아니라 여러 정보도 쏙쏙 따라가겠어요.....❤ 더 흥하시길 !!!!,3,2024-06-02
ZRYJqBNAMJ4,UgyS9sVQMB2AtwC7iq94AaABAg,@백승운-s3u,멋지시네요😻😻,0,2024-06-02
ZRYJqBNAMJ4,UgxCmSVqsYGIb72NhoZ4AaABAg,@binhindu,언니가 사면 따라 사고 싶어져요~,0,2024-06-09
ZRYJqBNAMJ4,Ugx_NuvbBpeafzKBlPp4AaABAg,@mimi-go6so,일요일 선물이다.....🎀 오늘 주말 출근했는데 퇴근 전 행복하네용 :^>,5,2024-06-02
ZRYJqBNAMJ4,UgwgwDhi3fSm7_540md4AaABAg,@꼰대가르송-f6t,글로벌나이프 강추합니다! 가벼워서 쓰기좋아요,0,2024-06-02
ZRYJqBNAMJ4,UgxDcTLYJtqhBoYb8VZ4AaABAg,@동선김-y1x,저도 물건 구매하는 스타일이 초이프님과 정말 비슷해요~ 에프 고민하다가 결국 구매했는데 디자인에서 제가 구입한 에프가 탈락됐네요😂 그래도 저의 선택을 믿으며 유용하게 사용하겠어요!,0,2024-06-07
ZRYJqBNAMJ4,Ugy0G12meca4olYAhU14AaABAg,@ppol448,와 배수구망!!! 음식 끼는거 너무 귀찮았는데 저도 구매해야겠어요! 초이프님 늘 좋은 정보 공유 감사해요❤,2,2024-06-02
ZRYJqBNAMJ4,Ugz5HY_JagESYRBFI5l4AaABAg,@김승연-q7c,결국 에프를 사셨군여!!! 저는 기다리지 않고 풀무원을 샀답니다ㅋㅋㅋ 10리터 작은걸 사서 그런지 뒷판이 오돌도돌하지 않아서 만족하면서 쓰고잇서요ㅋㅋㅋ 고민하던 내용을 같이 공유해주셔서 제 선택에도 큰 도움이 되었습니당 지금 산 에프 대만족하시길!! 다른 제품 정보들도 정리하고 올려주셔서 감사해요~,0,2024-06-03
ZRYJqBNAMJ4,UgwU_JmoziD7QAEqcHF4AaABAg,@ksnr718,"응?ㅋㅋ긴영상인데 이렇게 빨리 끝나기 있기?없기?ㅋㅋㅋ
살림템은 언제봐도 좋아요👌",0,2024-06-04
ZRYJqBNAMJ4,UgxQw0GaT3aiZrF9zCx4AaABAg,@오마카세-r7p,마음이 너무 예쁘네요~^^,0,2024-06-02
ZRYJqBNAMJ4,UgyXrYHU714cw6EsHFJ4AaABAg,@샐리-l9v,나 이분 너무 좋다… 스며들게 되고 옆집언니같고 믿음직?스럽고 ㅠㅠ 왜 울컥하지 ㄴㅋㅋ,3,2024-08-22
ZRYJqBNAMJ4,UgyaOLV-ShyZ_k-fQ594AaABAg,@lifeissojm,"역시 믿고보는 초이프의 초이스,,✨ 줄리스초이스랑도 운명인것 같은데여,,,? 관계자님덜 우리 이푸님과 정기적으로 어떻게 안댈가여?후훟ㅎ 다른 브랜드에서 사먹다가 가격부담이 되서 안먹다가 초이프님 추천으로 사먹었는데 주최자도 수수료는 받는 공구형식이 아니라 그런가 정말 가격이 저렴했어요!! 또 그런 협업(?)하게 되신다묜 무조건 달려올게요 ㅋㅋㅋㅋㅋㅋ 그리고 구독자이름 정해오신다고 하셨는데 갑자기 생각났는데 초이스는 어떤가요,,,,,? 초이프님을 선택해서 보러오는 구독자이니깐요?💘 (오글거리지도 않쥬?😇)",0,2024-06-02
ZRYJqBNAMJ4,Ugx08tvZJLf_O4vdu8p4AaABAg,@이정실-q7q,"밀폐용기에 찾던중 알고리즘 타고  여기까지
왔네요  똑띠  초이프님
구독 합니다",0,2024-09-15
ZRYJqBNAMJ4,Ugx55Bwk8mjda0CGd0d4AaABAg,@doublexh4366,집밥 알고리즘으로 들어왔다가 너무 꼼꼼하구 야물딱진 모습에 구독중이에요ㅎㅎㅎ 조리도구 고민중이었는데 칼 구매는 어디서 하신건가요?? 쿠팡에는 세트가 없어보여요ㅠ,0,2024-06-23
ZRYJqBNAMJ4,UgzkMoW4q1mqIaaAbmx4AaABAg,@뭉치큰눈나,정말 좋은 제품은 공구를 해주셔도 좋을 거 같지만...초이프님이 그러 인해 힘들다면 안해주셔도 됩니다!!! 링크만으로도 충분해요❤,0,2024-06-02
ZRYJqBNAMJ4,UgzJll78PzbrYDezk2J4AaABAg,@sooddu,그렇게 고민하도 고민한 끝에 고른거니까 믿고 덥석 사버리는거라구요 😍 대신 고민해주셔서 고맙숩니당...ㅎ;ㅣ히,0,2024-06-02
ZRYJqBNAMJ4,UgxR4gA3kLkHez3hGyV4AaABAg,@Zosun-s7e,"고민은 초이프님이 대신해주고 살림 상품은 제가 사는 ,, 증맬루 감사합니다 ㅋㅋㅋㅋ
제맘을 읽으신듯 에어프라이어 고민하는줄 어케 아시구 ㅎㅎ 꺅 너무 좋아용
+) 앗 ㅋㅋㅋㅋㅋ 영상보구 7월까지 기다릴게욬ㅋㅋㅋ",38,2024-06-02
ZRYJqBNAMJ4,UgwTI_vAJlBNG6ncmB14AaABAg,@hyomni,정말 초이프님께서 비교해서 구매하셔서 저는 그거보고 믿고 사는거같아요😅,0,2024-06-02
ZRYJqBNAMJ4,UgyZgGmTcguZxbFUCxp4AaABAg,@fox03111,쉘퍼 완전 좋아용ㅋㅋ 초원님 손맛에 쉘퍼콤비면 대박일듯요.. 스팀에프 강추요! 냉동식빵에 토마토소스 발라서 피자만들어먹어도 완전맛있어요 ㅋ 만두는 겉바속촉ㅋ 에프로 돌리는경우는 온도 좀 높게 돌려야 에프처럼 바삭하더라구요,0,2024-06-02
ZRYJqBNAMJ4,UgxPpuOF65cuoTcuEUl4AaABAg,@wlgns0807,"요즘 정주행하고있어요~저렇게 많은 광고를 거절하는 유투버라니,,,요즘 가위보고있는데 참고할께요😊",0,2024-08-24
ZRYJqBNAMJ4,Ugz0QrS6TrWW5l6ST6l4AaABAg,@라라-m3n,추천템들은 물론이고 오늘 입은 원피스도 예뻐요!!!!🤍🧚🏻 😊,4,2024-06-02
ZRYJqBNAMJ4,UgzGgS1eL2eweXEdafN4AaABAg,@bakeyoung,"꺄 신혼살림하는 사람으로서 이런 영상 너무 좋아요!!!! 꼼꼼하게 고려하셔서 구매하시는 초잎님 덕분에 저는 고민의 시간도 덜구 초큼 더 편하게 구매하게 되네용ㅎㅎ 이번 영상도 참고해서 볼게요!!😊🌷감자합니당ㅎㅎ

아! 저번에 소분용기도 잠깐 알려주셨었는데, 초잎님만의 음식 소분 방법 같은 것도  잠깐 소개해주실 수 있다면 알고 싶어요!!!🥹🤍",1,2024-06-02
ZRYJqBNAMJ4,UgwlJFQCmpH6-r6FYh54AaABAg,@qualu,초이프님 접시 추천으로 입문했는데 정주행중이에요 ㅎㅎㅎ 혹시 화이트 원피스도 정보 알 수 있을까요?? 너무 이쁘네요🥺🥺,0,2024-09-02
ZRYJqBNAMJ4,UgzyECfMrHS4Q4btw094AaABAg,@kyuwon_choi,콜라겐 초이프님 추천으로 먹고이써요..🩵🩵( 담당자님 보고있나!🥹) 좋은 제품 소개시켜주셔서 감사해요 항상 잘 보고 있습니당🩵🩷,1,2024-06-02
ZRYJqBNAMJ4,UgwxF7Kx_MhH9z0sy9Z4AaABAg,@annakr1435,초이프님 꿀템 추천 감사해요😊 호옥시 영상 중간에 11:30 입고나오신 화이트 원피스 넘 예뻐서 그런데 제품명 알려주실수있을까융ㅋㅋ,1,2024-06-07
ZRYJqBNAMJ4,UgzJ-O65iR_AWDOBFSV4AaABAg,@ssodul,"안녕하세요!
금요일에 신혼집 입주하고 초이프님 영상에나온 아이템들 하나씩 따라서 사고있는 구독자입니당😊
정말 많음 도움을 받고있어요❤
혹시 영상속에 보이는 조리도구걸이랑,컵올려놓으신 선반?은 어디서 구매하셨는지 정보부탁드려도 될까요?",1,2024-06-10
ZRYJqBNAMJ4,UgytSYxIw5IAadkPceJ4AaABAg,@EunjaLee-sl2gn,바로 사고 싶은데 참아볼게요 ㅎㅎㅎ,0,2024-06-06
ZRYJqBNAMJ4,UgxmtBNgo3g9UB9NdPJ4AaABAg,@sunyoungbae1569,"자주 입고 나오는 잠옷같은 옷은 어디서 사시나요?
볼때마다 어디서 사는지 넘 궁금해요~
주방집게에 집착 있는데 일본 센부도 집게 추천드려요",0,2024-06-03
ZRYJqBNAMJ4,UgwBSCeiTQggSlnEj_V4AaABAg,@쪼리퐁zzoripong,"To. 줄리스초이스 관계자님
제발 초이프님이랑 협업 한 번만 더 해주세요....🥺
지난 번에 한 박스만 사고 먹고 있는데 주변에서 피부가 점점 좋아지는 거 같다는 얘기 듣고 있어요!! 한 박스만 산 거 후회하는 중ㅠㅠ
게다가 물에 타서 얼음 넣어 먹으니 아이스티 같아서 커피도 줄이게 돼서 넘 좋습니다....꼭 한 번 더 진행해주세요....❤️",3,2024-06-02
ZRYJqBNAMJ4,UgyfIftqA9OtXKKSnLN4AaABAg,@podolee_,저도 에어프라이어 언제 구매하시지 기다리고있었어요 실사용 후기도 기대합미다🥹💜💜,0,2024-06-02
ZRYJqBNAMJ4,UgzlOSp6B4IPSdAtosp4AaABAg,@아다지오_0613,"오늘도 참 야무진 리뷰여따!! 수전필터는 2~3개월마다 갈아주심되요^^ 
건강한 식사되시길❤",0,2024-06-02
ZRYJqBNAMJ4,Ugy7in-Ya4wgojH1q_F4AaABAg,@동동구리-n5l,뜬금없지만.. 배우 김혜윤님 느낌이 나요 ㅋㅋㅋ 선업튀 볼때 자꾸 초이프님 생각났어요 ㅋㅋㅋㅋㅋㅋ,0,2024-06-02
ZRYJqBNAMJ4,UgxuJNXCZ3qGF3ognXt4AaABAg,@may_love_1109,"오늘 엔딩 에프 뚜껑 닫으면서 탁!하고 끝나는 게 너무 급엔딩 느낌이라 빵터졌어요🤣
안그래도 요즘 신혼살림 찾는 중인데 이프님 덕분에 장바구니가 또 둔둔해졌습니다👍 감사해요💛",1,2024-06-02
ZRYJqBNAMJ4,UgykJcB0_46UgVrk1iN4AaABAg,@u_udini9558,"재원전자 에어프라이어 리퍼제품  샀는데 자취+신혼 뽕을 뽑고도 살려달라는거 멱살잡고 쓰다 최근에 타사 에어프라이어로 넘어왔어요ㅋㅋ 잦은 이사로 혹사 당했지만 진짜 튼튼하고 고장 없어요ㅎㅎ
카이 칼은 결혼준비하면서 샀는데 한 4년 쓰니까 날도 무뎌지고 매번 칼갈이 쓰는것도 번거로워 이번에 글로벌나이프로 넘어왔는데 신세계에요! 손크기나 용도에 맞게 다양한 제품군이 분포되어있어 수요에 맞게 살 수 있어 좋네요. 새거라서 좋은가 싶기도 한데 좀 더 써봐야겠어요.",0,2024-06-10
ZRYJqBNAMJ4,Ugy8vRbKrwtwtbxE5WR4AaABAg,@jinaamy,안녕하세요 매일 영상 잘 보고있는 구독자입니당 혹시 핸드폰케이스 정보 알수있을까요?❤️,0,2024-06-03
ZRYJqBNAMJ4,Ugzb_Xu7Q48leLkA5lF4AaABAg,@랄라리랄라라라,와!! 오늘 에어프라이어기 검색했는데 맘에 드는걸 못찾고 있었던거 어떻게 아시고?! ㅎㅎㅎ 대박 저 화이트 완전 좋아하는데… 입틀막 감사합니다❤,1,2024-08-30
ZRYJqBNAMJ4,UgziKs9rQyTURQPHsSR4AaABAg,@kyubum,ㅋㅋ 에프 돌려먹으려고 맛동산부터 사온게 포인트,0,2024-06-02
ZRYJqBNAMJ4,UgxtopiBAlIJEnxJitl4AaABAg,@city9508,저는 쉘퍼사서  일년째 너무  잘 요리를 하고있어요  찜 요리같은건  찜기 꺼내고 끓이고  그  과정때문에  많이  안 해먹었는데 쉘퍼 산 후로 엄청  짐 요리  많이 먹고있어요~~~쉘퍼  완전  강추욤!!!,0,2024-06-02
ZRYJqBNAMJ4,UgwPvIBIcGciWxDEtX94AaABAg,@holdencaulfield7,흑흑 저 여기서 영업당해서 기존에 쓰시던 에프 똑같은거 사서 잘쓰구있는데 이것도 이쁘네요? 요리영상이 더 기대가 됩니다~,0,2024-06-02
ZRYJqBNAMJ4,UgzST1Cby7x8wSDWNvt4AaABAg,@누나콩이-v4g,일요일의 행복..초이프 영상업데이트❤❤❤  저도 지난에 콜라겐 4박스 구매해서 잘 먹고있어요. 입터짐 방지용으로 회사에서 아침에 아이스티 겸으로 마시고 있어요! 아직 엄청 대단해!!! 라는 느낌은 안 들지만 뭐든 꾸준히 먹어야 효과가 나타난다는거~  예쁜 에프로 요리영상도 부탁드려요!,0,2024-06-02
ZRYJqBNAMJ4,UgzF_kFvxPZVCMGvedJ4AaABAg,@trexzjtls,"와 저도 딱 같은 시기에 고민하다 디디오랩 까지 갔다가 결국 아직 구매 못했는데,,, 바로 따라 사려다 일단은 진정 해보겠슴다,,,",0,2024-06-02
ZRYJqBNAMJ4,Ugx0C2lq6PbNyhrsE5x4AaABAg,@w1ldw1sh,이번주 마무리 잘 하고 갑니다요❤,0,2024-06-02
ZRYJqBNAMJ4,UgzORy9Cn0kLYOCoxx14AaABAg,@제이진-e4r,알밥..야끼소바 레시피 궁금해요😢,0,2024-06-02
ZRYJqBNAMJ4,UgwZ2hr9uGlKG5kEGgV4AaABAg,@Sol2ba,저희는 영상긴거 너무너무너무 조하용..🫢,3,2024-06-02
ZRYJqBNAMJ4,Ugyb74VEbWhMl7xNSCN4AaABAg,@맵구짜구-b7b,"혹시 예전에 알려주신 일회용 장갑이랑 고무장갑! 에어프라이어용 종이 등등 생활용품 공유해주신 영상이 어디인지 아시는분 계신가요??ㅠㅠㅠ
혹시 제품명 아시는분 공유 부탁드립니당😂😂 ㅠㅠ",0,2024-06-09
ZRYJqBNAMJ4,Ugx2kC0JxsPTIpLRyVV4AaABAg,@littlelambenglish,"저 영상 거의
다봤는데 콜라겐 이야기 해주신 건 어떤편일까요??",0,2024-06-03
ZRYJqBNAMJ4,UgwOJXPagXXVi2oBGVp4AaABAg,@꽃메-k9x,"쉘퍼는 음쓰도 좋아요.
에프도 좋공",0,2024-06-05
ZRYJqBNAMJ4,Ugz9qCsyRTQJM_ncNPF4AaABAg,@iiliIIii1Illi,역시 초원님 현명하세요. 이게 별 거 아닌 것 같아도 . . 구독해서 영상 잘 보다가도 어떤 방식으로든 공구하기 시작하면 진짜 뭔가 정 떨어지는 느낌이라 바로 구취하거든요 저도..ㅋㅋㅋㅋㅋㅋㅋㅋ 뭐 찐 사용 후에 하는 공구다!!! 이런 말도 솔직히 저는 별로 안 와닿고... ㅠ 어쨌든 구독자 상대로 돈 벌려고 하는거니까요. 암튼!!!!!!! 솔직하게 보여주셔서 오히려 더 좋아졌어요 초원님이 ㅎㅎㅎㅎㅎ,0,2024-06-03
ZRYJqBNAMJ4,UgwBNZzidLilp89u4F94AaABAg,@또치네일상-z3l,구독과 좋아요 꾹꾹 눌렀습니다 화분옆에 있는흰색수납장 구입처랑 상품명 궁금합니다 ㅡ감사합니다,0,2024-08-17
ZRYJqBNAMJ4,UgyLoBTsfxDXFCSOHPh4AaABAg,@김미란-m4v,"초이프님!!!! 전 전자레인지랑 광파오븐이 다 되는 걸로 신혼 때 샀다가 레인지가 너무 안되서 9념째 스트레스
받고있습니다😂😂 곧 이사라서 잘되는
레인지를 살지 아님 오븐레인지를 살지
너무 고민인데 이건 후기가 어떻게 되실까요??😢",0,2024-08-27
ZRYJqBNAMJ4,UgwqHqYM8fzi7qIzOtt4AaABAg,@Lovely_young95,17:08 양쪽으로 나눠지는 가위 위생용으로는 너무 좋지만! 설거지하시거나 사용하실때 조심하세요..! 동일한 제품은 아니지만 헐거워지거나 사용하다보면 아차 싶을때 한쪽을 똑 하고 놓치더라구요..! 자나깨나 발조심! 가위 양쪽 잘 결합되어있는지도 확인 또 확인!!!!😊,0,2024-06-03
ZRYJqBNAMJ4,UgyB51JUBH7DG2eYEIR4AaABAg,@silvy1225-r3p,영상잘보았어요 :) 오일스프레이는 저도 구매해봐야겠어요!! 에어프라이어 사용해보시구 꼭 리뷰부탁드려요! 저희집은 에어프라이겸용 쿠커인데 주방 왼편에 콘센트쪽에 꽂아 썼더니 에어프라이모드를 하면 전원이 차단되더라구요😢😢주말마무리잘하세용:),2,2024-06-02
Co62hchNaG0,Ugx_DH57wiamlBzvkyN4AaABAg,@먹쪼이,"30만원날리고 다시산 스팀에프..
여러분은 고생하지말라고
후기남겨어ㅡ❤
⭐️체크체크⭐️
1. 서비스센터 평 보기 (리얼후기참고하세요...)
 
2. 에어프라이기 기능이 잘되는지 확인
우리의 목적은 어쨌든 에어프라이기 때문에
다른 부수적인 기능보다는 에어프라이기의 기능이 가장중요!

3. 물통 체크 
아래에 있으면 꼈다 뺐다 엄청 불편함...정말임...

✨️제품정보는 영상쇼핑탭참고✨️",23,2025-01-29
Co62hchNaG0,Ugy3mWPVgV-nAtFVtYd4AaABAg,@minchoi5559,물통위치... 스팀조리중에 물 떨어져서 보충할일 생기면 뜨거운거 열어서 통 빼야해요.....,36,2025-08-05
Co62hchNaG0,UgyuiaLtqM5DonNqLRt4AaABAg,@daejinjo8729,믿고걸러야겠다 이사람은,88,2025-09-08
Co62hchNaG0,UgxsNrRH-i_5nrEcXch4AaABAg,@jogavy3212,"풀무원 구매했는데 풀무원도 10L 15L는 물통위에 있습니다. 사실 에어프라이어 기술이나 생산이 95프로가 중국에서 생산 oem,방식이여서. 제품  찾다보면 동일한 구조 또는 내부 구조랑 아예같은 오르테랑 풀무원 15L 제품,  h (현대)몰 자사 pb 스팀기능은 없지만 극 가성비 9만원대 구매가능 현날짜기준, 
여러 자료 찾아봤는데 에프는 삼성,엘지, 풀무원, 디디오랩,제원 정도 제외하면 보토, 아이닉, 한경희(바스켓 구조)정도까지 여기에 중소기업이기는 하나 검색해보니 보랄제품 스팀기능없지만 9만원대라서 염두해볼만함. 쿠진아트는 미국브랜드이지만 아래에도 열선이 있고 스팀기능이 없거나 알루미늄+ 불소수지 코팅, 그리고  내부용량이 너무 작아서...아쉽고 
위 영상 제품은 어떤제품인지는 모르겠지만 풀무원도 10,L  15L는 물통 위에 있습니다.",9,2025-12-18
Co62hchNaG0,UgzMtWTluUEv607Nnlp4AaABAg,@버터스튜,저 풀무원이랑 오넬리랑 고민중인데 확실히 좋나여?,4,2025-07-11
Co62hchNaG0,UgyNOno_gg4ZA5scpUN4AaABAg,@Atom1988-u3m,구입하고 보니 타사 모델들에 비해 비싸네요. 살짝이 아니라 많이..... ㅜㅜ,12,2025-03-12
Co62hchNaG0,Ugzq4L5Bn_s-2f6l6Dl4AaABAg,@hyungwoopark3564,"오넬리 좋은데 전면 유리가 약해요...
그릇 살짝 부딪혔는데 파손...",8,2025-02-17
Co62hchNaG0,UgyrARsYnM1zNezj9wp4AaABAg,@비산-n3k,오 이거보고 풀무원꺼삿습니다 감사요 😊🎉,46,2025-09-30
Co62hchNaG0,UgyPRmUNkteeQvJv_JR4AaABAg,@home1212-x6c,스팀 사용 중 물 보충하려고 문 열면 스팀 확 빠집니다. 진짜 문 내부에 있는게 좋다고 생각하시는지요? 광고면 차라리 다른 단점을 언급하시지 굳이 단점 아닌부분을 왜...,6,2025-11-18
Co62hchNaG0,UgwhGVN1UG6VltEuNzt4AaABAg,@didghlckd,풀무원꺼 잘쓰고있는 1인ㅋㅋㅋㅋㅋ,6,2025-09-26
Co62hchNaG0,UgxcUioMnALe4CIDHbB4AaABAg,@김태양-o9i,에어프라이어 바꿔야 하는데 참조 할께요~,4,2025-01-29
Co62hchNaG0,UgxW9f96mhbhNQ0QyiZ4AaABAg,@난나나나나나,쉘퍼는 어떤가요,0,2025-08-16
Co62hchNaG0,UgwbhuaB6b5EiOannKp4AaABAg,@bobong_0902,"풀무원꺼 더좋음ㅋㅋㅋ
오넬리 중간에 물부족하면
문열어야하는데
열기 확빠짐ㅋㅋㅋㅋㅋ
기계를 잘 알지도못하면서 영상제작하셨누ㅋ",7,2026-03-25
Co62hchNaG0,UgwrHgT9qevCkcAaPCp4AaABAg,@조터치,"크크크크
띵동 씨~~ 오늘은 에어프라기 소개군요
난 오븐기 구매해가 쓸기다요♡♡
수고 했슈~~~~",6,2025-02-13
Co62hchNaG0,Ugy9WYMet7Dq5vSmZu94AaABAg,@o1ny2n,물통 밑에 있는거 그럴게 안힘들어요 .. 풀무원 진짜 좋음,46,2025-09-14
Co62hchNaG0,Ugz3s_F_88xENNa63vF4AaABAg,@jjkown9010,저도 풀무원 샀어요 덕분에,2,2026-03-26
Co62hchNaG0,UgwkTwLIBvJvf1NAt_h4AaABAg,@세이예스2,기존에 사용하셨다던 풀무원 에어프라이어의 리뷰영상은 안보이네요?,41,2025-05-02
Co62hchNaG0,Ugw_jqaZ2pDz66vamN54AaABAg,@율율이네맛있는순간,"이건 크기
어떤가요?~",0,2025-03-20
Co62hchNaG0,UgyOt8pG8UGKoczqVVF4AaABAg,@불량아재,댓글 감사합니다.. 풀무원으로 갈게요,25,2025-11-25
Co62hchNaG0,UgwfhoebSBffx9e80c94AaABAg,@한겨로로,오넬리 요즘 공구 많이 하길래 큰걸로 바꾸고 싶어서 고민하는데ㅋㅋㅋㅋㅋㅋ 이분 풀무원때문에 고생했다는데 인스타 아이디 3개 다뒤져도 풀무원후기 없음ㅋㅋㅋㅋㅋㅋㅋㅋㅋㅋㅋㅋ 지금 풀무원 쓰는데 그냥 풀무원 20L사야겠음,0,2026-04-07
Co62hchNaG0,Ugx62mkoMZ3z-FuzEE54AaABAg,@Upstand-o3v,디디오랩 존나좋음 풀무원도 좋지만 디디오랩 2년째.아주 잘쓰고있음,0,2026-06-10
Co62hchNaG0,Ugyz85ZKB2_cTvXViBp4AaABAg,@19482-q,"뭐고 무슨 채널 운영을 이래하노 답글도 싹퉁바가지가 없네,,,,에반디",28,2025-09-04
Co62hchNaG0,UgybFNSaC9G4OdHzKsV4AaABAg,@jogavy3212,오넬리 제품인가요?,2,2025-12-18
Co62hchNaG0,UgwQs7--ldDphs-tcgN4AaABAg,@Cep-e8x,이 유투버가 광고하는 제품은 무조건 사면 안되겠다. 풀무원 때문에 고생했다면서 그거 관련 후기 영상은 없네?,73,2025-08-15
Co62hchNaG0,Ugz-Rb5C2pZJk7NmYsV4AaABAg,@가즈아-m6i,광고충이냐?,9,2025-06-14
Co62hchNaG0,UgzOZHxlpwkqhGXQetB4AaABAg,@8koora853,88친구의 찐후기가 느껴짐ㅋㅋ,4,2025-01-29
Co62hchNaG0,Ugyze4JTZXQNYMZ_BDB4AaABAg,@지은김-u4f,청소는요,2,2025-02-01
Co62hchNaG0,Ugyl9_OpnwCXCXgBsGR4AaABAg,@수아림,저진짜 궁금한게 있는데 답변부탁드려요😢 스팀에어프라이어기는 에프기능만 했을때 안바삭하다던데 진짜인가요😢,5,2025-06-13
Co62hchNaG0,UgxiQW0hcBYIaJsc2aB4AaABAg,@shineyoursorrow,물통 위치는 별로 안 중요하고요. 진짜 중요한 건 저 다이얼입니다. 버튼으로 누르는거 진짜 귀찮아요.,0,2025-12-05
Co62hchNaG0,Ugz6fomDB7OK7AP__yl4AaABAg,@꿀단지-g6o,"지지리고생한  영상은 어디있나요?
난  얼마전에 이제품사서  두루두루 잘쓰고있는데ᆢㅋ
어떻게 쓰면  지지리고생을하게되나요?",12,2025-08-16
Co62hchNaG0,UgwvAfwGwB6g2bzvxvd4AaABAg,@머라노-e6h,에프는 풀무원이지,0,2026-03-26
Co62hchNaG0,Ugxhcr2Dvnjbvoa64WR4AaABAg,@세이예스2,풀무원꺼 구매하려고 리뷰보는 중인데 님  채널 어디에도 풀무원 에어프라이어 리뷰가 없는데요? 멀쩡한 물건을 고생한 거 아시죠 하면서 겁나 안좋은거 마냥 근거없이 까버리시면 어떡합니까 두 제품 기능차이도 없어보이는데 가격은 2배 이상 차이나더만 당연히 풀무원이지,41,2025-05-02
Co62hchNaG0,Ugx7BfYj0Gn8cE7ay_94AaABAg,@유어네임-g8s,리뷰 수준이 뭐이래 그냥 광고라고 해라 정보필요해서 왔는데 이브랜드 신뢰만 져버리게 만들어버리네 광고도 이런식으로하는 튜버한테 맡기다니..,96,2025-05-17
Co62hchNaG0,UgygxwMSy8XkVz-l6eB4AaABAg,@미사동보안관,에어프라이기는 무저건 큰거사라,7,2025-01-30
Co62hchNaG0,Ugxc8SpUnozfSldsYHN4AaABAg,@llyandy626,풀무원 1세대가 물통 위에 있다가 밑으로 내려온 이유가 다 있습니다...,28,2025-10-27
Co62hchNaG0,UgxfNobF1_gKUWbvcmd4AaABAg,@내써리뷰,천재 기타리스트 등장! 👍🔥,2,2025-07-30
Co62hchNaG0,Ugy_4kzsOGjaC8uigD94AaABAg,@youngranlim6124,ㅠ 영상 쇼핑탭  못 찾고 있어요..도와주세요,3,2025-03-30
Co62hchNaG0,UgxIyf02qdBNmtOnStZ4AaABAg,@쪼젬젬이,에어프라이기가 잘 안되나요? 전에쓰시던거는?? ㅠㅠ,5,2025-02-17
Co62hchNaG0,Ugxtenp0lnGOCvlGVst4AaABAg,@강해상-u1d,물통 위치가 뭐그리 중요함?ㅋㅋㅋ 무슨 기능 비교라도 하던가 ㅋㅋㅋ,1,2025-12-14
Co62hchNaG0,UgwXikUPhreyeZTH9K14AaABAg,@gohosG,"제가 이분이 그리 불편해하는 풀무원 스팀쿡 마스터 20L 쓰는데
물통 저렇게 무식하게 억지로 삐딱하게 밀면서 못넣는거 이해불가
그리고, 문 열어야 물통 빠지는 구조 매우 불편합니다
스팀에프 돌릴 때 기존에 있던 물(생수, 정수) 그대로 쓰다가
모자라서 물부족 알림 뜨면 그냥 밑에서 빼서 넣고 다시 돌리면 되는데
저런 구조는 문 여는 순간 안에 스팀 다 빠지고, 열손실 생겨서 매번 신경써야하고
물통크기 때문에 겉으로 보기보다 실제 내부 공간이 작습니다",28,2025-08-18
Co62hchNaG0,UgzNN6VYv8lGlF42r154AaABAg,@억-w,물통이 왜 오븐 안에 있누 세상에,3,2025-12-23
Co62hchNaG0,UgyqOQroycnuboBy2S14AaABAg,@ilililili9646,뭐지.. 물통 아래 있는거 대충 밀어 넣어도 들어가는데....,7,2025-09-26
Co62hchNaG0,UgwIaOrdT0JEcVPsRk54AaABAg,@morrisjeong3987,"잘못사서 고생하신 거 몰랐는데 혹시 어디가면 볼 수 있나요? 참고로 보고싶어서 그런데 링크부탁드려요, 찾아봐도 못찾겠어요 ㅠㅠ",1,2025-12-19
Co62hchNaG0,UgzwaIajmcRX1N81q7d4AaABAg,@user-np6gw2fi8v,다른 영상에선 물통이 위에 있어서 불편하다던데 여기는 아래에 있어서 불편하다네ㅋㅋㅋ,4,2026-01-09
Co62hchNaG0,UgwhhGm379imp7ngWdt4AaABAg,@goodbyehi2910,이사람에게 광고 ㅋㅋ 왜줬을까 ㅋㅋ 진짜 리딩이 별로 반감만 가네용,0,2026-05-08
Co62hchNaG0,UgxL063wpsje9DlA4Xd4AaABAg,@sunsee6798,물통이 아래에 있으면 왜 꼈다 뺐다가 불편한가요?! 궁금해서요! 위에 있어도 꼈다 뺐다 해야하는데..직접 해보질 않아서 상상이 안가서 여쭤봅니다!,2,2025-08-23
Co62hchNaG0,UgwXh1sG_frd9lJjpSN4AaABAg,@꼴뚜기-j5q,풀무원좋은데...지금 쓰고있음..이사람 왜케 편파적임?,0,2026-04-24
Co62hchNaG0,UgzR8xN1iYpOGaRJkcB4AaABAg,@JK-dl9db,역시 믿고거르는 유튜버 덕분에 풀무원 샀습니다 ㄱㅅ,2,2026-03-17
Co62hchNaG0,UgwaXMoqcL7fyg1ZI5p4AaABAg,@____________4141,도대체 에프돌릴때 종이호일 까는 멍청한 짓은 어딜가나 있네,3,2025-07-09
Co62hchNaG0,UgzL5dsSNfjfXOHj0IV4AaABAg,@아하바-k2v,물통 밑에있는 풀무원쓰는데 전혀 안불편함,3,2026-01-14
Co62hchNaG0,Ugwfjbpsy9z6K4GnSat4AaABAg,@soonbbo1626,풀무원꺼 엄청 좋은데…?,1,2026-03-01
Co62hchNaG0,Ugx_RrdM7ordwD2WYX94AaABAg,@도봉-o3c,"에프는 부속품많은거사지마세요.
안쓰게되고,비싼거사지마세요.
어차피 에프자체가 대단한 기술을요구하는게아니다보니
만드는업체가 엄청많습니다.단순한게젤좋아요.",1,2025-12-12
Co62hchNaG0,Ugz0UmCY3vkqQSTnj1J4AaABAg,@ernst.j,"물통이 아래 있는 제품이 훨씬 좋던데... 좀 작은 사이즈 사고 싶은데도 물통이 위에 있어서 구입이 망설여질 정도고 큰 제품 사서 공간차지 해야 하나 고민중이네요. 
200도 가까이 올라가서 윗부분이 상당히 뜨거운데 
물통이 BPA free 플라스틱이라도 매일 자주 사용하니까 열기에 노출이 덜 되었으면 좋겠더라고요. 아래에 물통  있어도 불편하지도 않고 잠깐 불편한 게 훨씬 나음... 건강이 우선이니까",2,2026-03-16
Co62hchNaG0,Ugx-HJFe_mhB1LJpl2x4AaABAg,@아빠-h1z,근데 덩치가 커지면 그냥 컨벡션 오븐인거지 왜 굳이 스팀에프 대형 에프 이렇게 신조어를 만들어서 신문물인거처럼 포장하는거지? 난 안속는다,0,2026-01-06
Co62hchNaG0,UgwC2dLXVVbYsWA3dKp4AaABAg,@golbyeongdeunglove,"진짜 좋은 에프 사려면 
윗불 뿐 아니라, 밑불 있고 베이킹 가능한 모델 사세요

독일 기술 어쩌구 하면서 제조는 중국에서 한
버튼만 많은 헛빵 모델은 피하시고요
베이킹 버튼은 있는데 베이킹 안돼요
로티세리니 이상한 악세사리 많은 것도 비추요
(양이 얼마 들어가지도 않고 녹도 잘슬음)

최소 18L는 돼야 제빵 틀 들어 갑니다
제과 제빵 제대로 연습해 보려면 40L 가정용 오븐으로 가셔야 하고요
저는 북미 판매 1위 제품 쓰는데 환율에 따라 가격이 비트 코인 처럼 출렁거리더라고요
15만원에 샀습니다. 나름 그때 가성비 훌륭했습니다",0,2025-08-17
Co62hchNaG0,Ugzbe6Ox9MbHmkbYUud4AaABAg,@YK-xc8go,풀무원 제품이 100배 더 좋은듯,6,2025-09-22
Co62hchNaG0,Ugzv_gn6JoX8IS81Na94AaABAg,@BSM0301,채널접어라임마,4,2026-01-07
Co62hchNaG0,Ugy8vRD0MGeZTBo94uV4AaABAg,@이루다-e9p,이사람은 장단점을 말하려면 정확히 해보던가..머지?그냥 비평가야?,0,2026-03-12
Co62hchNaG0,UgxUcUbgyJPCV5_g8x14AaABAg,@user-오지개666,아놔 구매욕구 땡기네요.ㅋ,2,2025-01-30
8KnHU9LN4FI,UgxzrG6kftPNNvl5HqJ4AaABAg,@ittemtube,"📌 제품 상세정보는 영상 하단 [제품보기] 클릭하면 보실 수 있어요.
📌 제품 구매 문의 및 협업 문의 
이메일 : wehanie@naver.com
카카오톡id : trendlab0211",0,2025-10-10
8KnHU9LN4FI,Ugz5qyNv05nKN-X-G6h4AaABAg,@도연구-u6c,100만원 ㅋ,1,2026-02-22
8KnHU9LN4FI,UgxmSa0p-lVzpywd3Bh4AaABAg,@parkj.h6975,디자인만 합격임,1,2026-03-08
6DWjdFzVdX8,Ugxh-Zyn50ve3yOmh754AaABAg,@자전거-m2y,대단한 정성이 느껴지네요 !,21,2023-03-16
6DWjdFzVdX8,UgyVtYSEkCvezQ1kaTh4AaABAg,@나야-j7u,정성 이보여서 좋아요 샀다해도 최고네요,5,2023-08-08
6DWjdFzVdX8,Ugw4wKFrVmwRBwCXzQh4AaABAg,@방구대장뿡뿡이-h7e,요즘 음식을 직접 하는 사람들도 있네요ㅎㅎ,19,2023-03-10
6DWjdFzVdX8,Ugy7PHTm0fopCPDW_CB4AaABAg,@영국풍경,솜씨가 대단하네요  9독 좋아요하고 갑니다,1,2025-03-07
6DWjdFzVdX8,UgzL8M_e6Uc7LoUGW9t4AaABAg,@사선에서-r3g,우레탄 폼 발포되는줄 알았네~~^^;,4,2023-03-12
6DWjdFzVdX8,UgwbHpGfE7GU9CrxyZ54AaABAg,@redseoyeon,친구가 애기델꾸 놀러오는데 참고합니다!!,0,2025-09-16
6DWjdFzVdX8,UgyMpn0tVcBYKR1f2hR4AaABAg,@김경화-h1z6f,밥 주3~♡,0,2025-10-22
6DWjdFzVdX8,UgwDcp5A6nx_ihoyO9B4AaABAg,@이주은-t5z,"한 사람이 하기에는 너무 많은 노동.
여러음식을 딱맞는 온도에 맛있게 내기에 너무 힘듦.
외식문화가 훌륭하게 발달되어있고  전문가 음식이 적당한 가격에  어디서나 먹을 수 있는 현실에서는  그닥 반겨지지는 않음.",0,2026-06-12
6DWjdFzVdX8,UgxLYB-Cd4SQnDu2pot4AaABAg,@사선에서-r3g,"와아~~!!!
입에서 눈물이~~~;;;",6,2023-03-12
6DWjdFzVdX8,UgwQrTMfs2Bix50B4KR4AaABAg,@개콥,우와,6,2023-03-11
6DWjdFzVdX8,Ugypo3hSFjSNpQx4P614AaABAg,@금비랑,육사가 나오면  해사  공사도 나와야쥬,0,2026-05-21
6DWjdFzVdX8,UgzZeEjpSxQCmz8FrMF4AaABAg,@히둥이kBs,마누님 절받으세요,0,2025-03-19
6DWjdFzVdX8,UgzYRaO7XqzCuXGFofl4AaABAg,@쟤시켜알바-t1z,"배미ㄴ... 아, 아니다;;;",0,2025-10-21
6DWjdFzVdX8,UgwqtGl6W-e59jb1UaZ4AaABAg,@강나루-z8h,"이젠 저런 수고가 그닥 좋아 보이지 않네요,내가 참 많이 변했네",0,2025-06-11
6DWjdFzVdX8,UgwmsMhso5fjM5mAlzt4AaABAg,@jesus-godblessyou,진상들이네 누가집에서 집들이합니까 ㅋㅋ,4,2023-09-21
_gNvYwAuCpU,UgyP6D6zm5Jm0G1vw1h4AaABAg,@cookduck,"#집들이음식추천 #파티요리 #쉐프윈316최저가공구중✨
곧 출산예정인 만삭인 친구가 
애기 보러 놀러올겸
순산 기원 홈파티 했어요🧡🎉
만삭인 친구 모습보니
저도 출산을 했지만 제가 다 기분이 이상하고 떨리더라고요
정말 맛있는 음식 대접하고 싶어서
메뉴 고민만 일주일 동안하고
누구나 실패없는 조합으로 메뉴 구성했어요 ◡̈ 

4가지 메뉴 다 친구부부가
정말 맛있고 센스있다고 극찬!
손님초대하실때 꼭 해보셔요
박수갈채 받으실수 있을거에요!

자세한 레시피는 아래에..👇🏻👇🏻
*고민 많이 해서 만든 레시피이니 출처 밝혀주시면 감사드려요🐥🫶🏻
───────────────────

전부 4인분 기준입니다 ◡̈ 

🧑🏻‍🍳냉제육(필동면옥 스타일 소스🧡)
돼지앞다리살 600g 미원1T 소금1T 된장1T
1️⃣ 큰 냄비에 물 2L정도 넣은 후 미원,소금,된장 넣어 풀어주기
2️⃣ 팔팔 끓으면 돼지앞다리살을 큼직하게 토막내어 물에 다 잠기도록 넣기
3️⃣ 15분 끓인 후, 불 끄고 뚜껑 닫아 1시간 동안 방치
 *서서히 식어가는 잔열로 속까지 익히는 방식인데,
 진공 없는 수비드방식이라 생각하시면 될 것 같아요!
 훨씬 부드럽고 맛있어요
4️⃣ 1시간 뒤 물에서 꺼내 랩으로 단단히 감싸기
 *성시경님은 무거운 걸로 눌러 더 탄탄하게 만드시는데
  저는 이 과정은 생략했어요
5️⃣ 냉장고에 2시간~하루정도 넣어두기
6️⃣ 먹기 전에 꺼내 최대한 얇게 썰기

🌶️오리표 필동스타일 소스
간장2T 고춧가루1t 식초1.5T 참기름1T 설탕1T 통깨1T
연겨자 1~2t 다진양파3T

🧑🏻‍🍳핫윙
닭윙 700g, 소금, 후추, 맛술1-2T
양념재료: 버터2T 스리라차2.5T(혹은 고추장)
 꿀 1.5T 레몬즙1T(혹은 식초) 물 1T 간장1/2T
1️⃣ 닭윙은 키친타올로 눌러 물기 제거하고
  뼈사이 가운데 포크로 한번 콕 찍기(양념 잘 배임)
2️⃣ 소금 후추 맛술로 밑간하고 감자 전분 뿌리링
3️⃣ 예열한 에프에 180도 15분 뒤집어 5분
4️⃣ 팬에 버터녹인 뒤 나머지 양념재료 넣어 살짝 끓으면
5️⃣ 튀긴 닭윙 넣고 빠르게 섞은 뒤 불끄기
6️⃣ 파슬리 솔솔 뿌리면 더 맛깔남!

🧑🏻‍🍳️가지버섯솥밥
쌀 400g(4인분), 물은 쌀과 동량, 가지 한개, 표고버섯 4-5송이
쯔유1.5T 가루육수 한봉, 참기름1T
양념장: 맛간장4T 물4T 들기름2T 쫑쫑썬 부추 한줌 들깨가루 1-2T
 *맛간장1T은 진간장2/3T 설탕2/3t 맛술1/3t정도로 대체 가능
1️⃣ 쌀은 세척한 뒤 물에 30분이상 불리기
2️⃣ 솥에 쌀과 물, 쯔유, 가루육수, 참기름 넣고 팔팔 끓어오르면
3️⃣ 먹기 좋게 썰어둔 가지, 표고버섯을 넣고 뒤적인 뒤
4️⃣ 약불로 줄여 뚜껑닫고 20-25분 끓이기
5️⃣ 불을 끄고 10분 뜸들이기
6️⃣ 양념장 만들어 곁들이기

🧑🏻‍🍳참외샐러드
참외1개 루꼴라50g 
참외 과즙
필수: 올리브유2T 소금 후추
생략가능: 레몬즙1 알룰로스1

───────────────────
💜자주 묻는 영상 속 제품
▫️쉐프윈 매직핸즈 소테팬 26 멀티웍 22 
▫️쉐프윈 파티웍 28",111,2025-06-17
_gNvYwAuCpU,UgzjRRmy_urcac0qVrR4AaABAg,@b1t-r8g,볼때마다 요리를 참 잘하시는게 느껴져요 ㅠ 남들이 하는 뭔가가 쉬워보인다는건 그사람이 엄청난 고수이기 때문이래요. 저는 막상 하다보면 요리는 여전히 어렵던데.. 정말 쉽게쉽게 잘 해내시는게 대단해요,436,2025-06-17
_gNvYwAuCpU,UgwtznZZBGoKMksQ8Mt4AaABAg,@빠뿌뚜뿌-d8u,이 양념이 없으면 다른걸로 해도 된다고 얘기해주시는거에 맘이 편해져요,115,2025-06-20
_gNvYwAuCpU,UgwN70G0jiKy3MGoblZ4AaABAg,@룰루YOUTUBE-v9x,가지버섯솥밥 ㅋ⫬ㅋ⫬ㅋ⫬ㅋ⫬ㅋ⫬ㅋ⫬ㅋ 화음하는게 너무 귀여워 뽀짝헤 죽어버려,86,2025-06-19
_gNvYwAuCpU,UgzwpdyNxXpiXey_ciF4AaABAg,@이지선-r4w,하아아아ㅏ앗윙!!! ㅋㅋㅋㅋㅋ,48,2025-06-17
_gNvYwAuCpU,UgzVC0nu2bh-VYh2DQp4AaABAg,@박옥영-7j,"요리학원을 다니신적이 있으신가요?!
요리사 자격증 있을듯
요리 넘 잘 하시네유",31,2025-06-17
_gNvYwAuCpU,Ugz_gJPSE9_Z-7WQOM54AaABAg,@santamonica22,뚝딱 뚝딱 잘하시네요~,10,2025-06-19
_gNvYwAuCpU,UgzZMGlEgvh1C1xTzsN4AaABAg,@달린다하니,"고수다~~  
음식할때 손도 맛잇게보여요 흐흐 ㅋㅋㅋㅋ  😅😅😅",7,2025-06-17
_gNvYwAuCpU,Ugyveee0IjMMC4vudVV4AaABAg,@shtl-pe7pz,오리님이랑 친해지고 싶아요 ~^^ 어쩜 이렇게 뚝딱 뚝딱 잘 하세요,5,2025-06-17
_gNvYwAuCpU,Ugxupk9aazHq_CslQQp4AaABAg,@ez-ral,앜ㅋㅋㅋㅋㅋ 사람들이 발작한다는 그 ‘냉제육’ ㅋㅋㅋㅋ큐ㅠㅠㅠㅠㅠ 트렌드 빠르시네요. 침외 샐러드 지금 당장 저녁으로 해먹을래요!!,7,2025-06-17
_gNvYwAuCpU,UgxEIT8JtaaD8WpK7zl4AaABAg,@솜다리-d6j,맞벌이인데 요리를 이리 잘하신다니~~❤,8,2025-06-17
_gNvYwAuCpU,UgxO-rfxkhDboiwZ7jl4AaABAg,@우헤헷-c2e,다같이 먹을때는 닭봉을 더 추천해요😅 아무래도 남앞에서 뼈를 발골하는게 쉽지는 않으니까요ㅎㅎ,26,2025-06-20
_gNvYwAuCpU,UgwW8tN1lHzDh4h8j1x4AaABAg,@corrblurful,"우와~여름에 너무 잘 어울는 집들이 요리인것 같아요.👍참외 샐러드, 냉제육은 꼭 해보고 싶네요",3,2025-06-20
_gNvYwAuCpU,UgwYelCCWyIdbjbOZlN4AaABAg,@hjm1118,핫~~~윙~~~ 너무 재밌음 ㅋㅋㅋㅋ,5,2025-06-18
_gNvYwAuCpU,UgwrXPIZuqCV8l400pB4AaABAg,@민성혜-q4v,참 잘했어요^^,8,2025-06-21
_gNvYwAuCpU,UgyrAAJiT6PHVkjnFLB4AaABAg,@Zxrr67,"이번 요리 역대급,,🤤",7,2025-06-18
_gNvYwAuCpU,UgwIuyb_MQT6cwomLQt4AaABAg,@핥빝-b5s,"나는 진짜 오리님이 좋다. 야무지고,귀엽고,멋있고 다하네!자꾸 정들어!!!!❤❤❤❤❤❤늘 잘보고있습니당!!!",12,2025-06-19
_gNvYwAuCpU,UgzB6SRJrgBQbHr5Hdp4AaABAg,@신유안-t7h,오리님 에프 청소는 어떻게 하시나용..? 고기 한 번 익혔다가 윗면이 그대로 숯댕이가 되어버렸어요 ㅋㅋㅋㅋ큐ㅠㅠㅠ 😂,4,2025-06-19
_gNvYwAuCpU,Ugyr7-TcU-jRTBkNux14AaABAg,@싱그러운우주인,"볼때마다 느끼지만 너무 기여워요 ㅋㅋㅋ
혹시 육수가루 공유될까요? ^^

메뉴 선정 너무 조화롭네요 
맛이 상상이되서 ㅋ",2,2025-06-19
_gNvYwAuCpU,UgwAAy3KyCfGar4TjG54AaABAg,@오드리이-n5p,딱 요대로 손님초대요리 해볼게요~ 👍,4,2025-06-17
_gNvYwAuCpU,UgxbvdW-_WPWpRGw-014AaABAg,@summebreeze_twinkle,냉제육 진짜 맛나보여요 역시 오리님 레시피!,4,2025-06-21
_gNvYwAuCpU,UgxF_MjUtXvU1uZwcSp4AaABAg,@김선희-u7n6z,예전에 재미있게 본 영화인데 J님 목소리로 들으니 아는 얘기어도 재미있습니다. . 늘 잘 듣고 있 습니다. .,1,2025-06-27
_gNvYwAuCpU,UgxGaTi4ZdB-Vxek3jp4AaABAg,@abc-vm3oi,오리님 지인 되고 싶어요...다 너무 맛있어보여요 ㅠㅠ 냉제육 해보고 싶네요 ! 겨자 들어간 소스 제 취향일 거 같아요 ㅎㅎ,4,2025-06-17
_gNvYwAuCpU,UgyA9PtyvtHk8fliish4AaABAg,@퍄퍄-u7d,요리금손 넘 부러워요~~,4,2025-06-18
_gNvYwAuCpU,Ugwptj2XJQLGTAmdEnR4AaABAg,@희-r6r,"완전건강식이네요 대박짱
참외에루꼴라조합 제가그냥 넣을거없어서했던조합이었는데
여기에나오니까
나센스있었네?신기하다
여튼 다제가좋아하는것들
저도갈래용",2,2025-06-21
_gNvYwAuCpU,Ugwp9D8H6xCxBthYbtZ4AaABAg,@avatoraa3317,"참외샐러드 유튜브에 잘 없던데
여기 있네요! 저도 참외 샐러드 좋아해요^^
다른 요리들도 맛있을거 같아요! 도전!! ㅋㅋ",3,2025-06-19
_gNvYwAuCpU,UgxnsN7LWIAujMxQE0Z4AaABAg,@ggoltoki,내앵~ 제유욱~~ 안하시고 (소곤)냉제육 하시니까 뭔가 섭섭 ..ㅎ,3,2025-06-18
_gNvYwAuCpU,UgykkNkcaLa80L0vLpZ4AaABAg,@해피-s2v,"항상 좋은 레시피 공유해주셔서 감사합니다 
너무 좋아요",0,2025-07-21
_gNvYwAuCpU,Ugx3wfEHoaJvSGtV2-l4AaABAg,@임지혜-i5l,"아이들 해줬는데 또 해달라도 해서 또 보러 왔어요 
영상 오래오래 남겨쥬세요",0,2025-11-10
_gNvYwAuCpU,UgweJ_aUG4eZST9Q2S54AaABAg,@eunjung7733,"설명할때 넘 구여워. 
꽤엑~ 하앗~윙~
가~~~지이~버섯~더엇밥 🎶 
어쩜 나도 초대해줘요 
달려가서 얼굴보고파요~",1,2025-06-28
_gNvYwAuCpU,Ugxq2RhaOK7z8YXz_PF4AaABAg,@달푸김,음식요린데 왜 잼있는 영상같죠??ㅋㅋㅋ아귀여웡,0,2025-06-23
_gNvYwAuCpU,Ugwa9UG0eRSn8Xq7eIp4AaABAg,@초롱-e3q,야무지시네요 😊,0,2026-05-10
_gNvYwAuCpU,Ugz7aZfx1EmnJ2_-GXh4AaABAg,@리쿠의취미생활,"저두 친구할래요ㅠㅠ
맛있겠다ㅠㅠ",0,2025-09-30
_gNvYwAuCpU,Ugxz7xTUlImOdGMsarV4AaABAg,@Chef0Zero,이분 찐이네요 바로 구독합니다,1,2025-07-17
_gNvYwAuCpU,UgxtSKrMtHOj7Ld9ltt4AaABAg,@나나-z3n2x,요오리 친구님들 너무 부럽네요,2,2025-06-18
_gNvYwAuCpU,Ugw4LtXj1takV7wuFq94AaABAg,@김영수-k4y,귀여운 요리천재 꽥,1,2025-06-22
_gNvYwAuCpU,Ugz-NSK1ZlspaqNiB7J4AaABAg,@유렌-y,"보다보니 할만한게 꽤 있어서 구독했어요 ㅎㅎ 만들기는 편한거같은데 재료가 항상 없 ㅠ
친구하고싶네요 저도 ㅋㅋ",0,2026-06-02
_gNvYwAuCpU,UgxLWvdOGZFvnRjnAeB4AaABAg,@nicon1125,참외속 드레싱으로! 편안❤,3,2025-06-20
_gNvYwAuCpU,UgxkvjaSnPOib7svD0V4AaABAg,@앤조-s8l,대체 어디가 어떤부분이 쉽다는 것인가용~~~~~~~,2,2025-06-20
_gNvYwAuCpU,Ugy4tPHaCgdsNTcLYIh4AaABAg,@bath2340,고기넣고 물이끓기시작하면15분인거죠?,2,2025-06-18
_gNvYwAuCpU,UgyUp17iZ7gynMo95A54AaABAg,@참새짹짹-h3z,고기 잔열로 익히고 바로 먹어도 맛있나요?,0,2025-09-26
_gNvYwAuCpU,UgwmoCZIx_IvjXYCW_R4AaABAg,@이현정-y7k6v,이대로 수육이랑 솥밥 해서 칭찬받았어요~ 특히 수육은 냉장했다 먹어도 잡내도 안나고 소스도 정말 맛있네요!,0,2025-09-29
_gNvYwAuCpU,Ugww76iA_mFPAktApTx4AaABAg,@꾸리일기,대박😂😂😂,1,2025-12-30
_gNvYwAuCpU,UgzKyWZJKEjWPnm9LO54AaABAg,@완두콩-e3v,요즘분들은 장비와 재료만 있으면 그닥 어렵지않게 그럴듯하고 맛있는 음식 만들수 있어서 좋을거 같아요😊,0,2025-09-18
_gNvYwAuCpU,Ugyns18eFu-aWceb40t4AaABAg,@무드있는고라니,혹시 참외샐러드 담은 접시는 어디걸까요?,0,2025-07-19
_gNvYwAuCpU,UgzRMbivG-90eCtrgx54AaABAg,@tangomango5360,"근데 , 냉제육이 생각보다 괜찮더라구요, 야들야들하니 😋",2,2025-06-18
_gNvYwAuCpU,UgwzDa7qvACQ7IO56GN4AaABAg,@job-kk7te,배불렀을때보다 아기 낳으면 집안일하기가 더 힘든데 대단하십니다,0,2025-08-05
_gNvYwAuCpU,Ugw-ganc8CW8PQjjtHR4AaABAg,@happyyyyyyi,에어프라이 어디건지 궁금해요~☺️,0,2026-01-10
_gNvYwAuCpU,Ugx3gAp71fJdh8WUkyZ4AaABAg,@00whitewolf00,우와우 최고밥상,0,2025-07-05
_gNvYwAuCpU,Ugwh2NCLJO3nvyNMIHV4AaABAg,@유지윤-u3o,금손 주부,3,2025-06-20
_gNvYwAuCpU,UgwNK7Sz4pE9CC5_Nst4AaABAg,@moonary-유투브,밥에 반찬이나 국은 없나요?,0,2025-07-24
_gNvYwAuCpU,UgwKWvt5eAfa4xY6_Mt4AaABAg,@tangomango5360,“냉제육~~“ 어우 깜짝이야 😂❤,4,2025-06-18
_gNvYwAuCpU,UgxdEeQmQMj-B5upHEZ4AaABAg,@shiuchul,혹시 촬영이 거울 버전일까요. 모두 왼손을 쓰셔서..신기해서 ...제가 할수 있는 요리도 있어서 반갑습니다.😅,1,2025-06-21
_gNvYwAuCpU,UgxnhmkhyR88GKCn5ld4AaABAg,@말티푸행복이의하루,엄마 나도 먹을래❤,1,2025-06-20
_gNvYwAuCpU,UgwT2CwkjyTNZ1sn_Hx4AaABAg,@수진-f2h,와🎉후다닥잘한다😅😅😅,1,2025-06-21
_gNvYwAuCpU,UgyC1Qi1FQpXlrZaXLd4AaABAg,@02-u8m,너무 맛있어 양적어,0,2025-12-23
_gNvYwAuCpU,UgwabtPRozuSEub8d5J4AaABAg,@코코코인대박,하앗윙❤,1,2025-06-20
_gNvYwAuCpU,UgydZl78fTdBdcP5S9d4AaABAg,@EUN_BIN-k6o,요오리님 혹시 저 스켄사각 트레이? 공구 뚀 하시나요,1,2025-06-17
_gNvYwAuCpU,UgzTFdNNZrNTsaAC3cJ4AaABAg,@Lilith_coffin,마싯겠다,0,2025-10-24
_gNvYwAuCpU,Ugx9cXZz4m8WzhfPDHx4AaABAg,@22jjajoo,오리님 초대받고싶다앙,0,2025-08-08
_gNvYwAuCpU,UgyKgAwS69CpMnQ4Cst4AaABAg,@이민철-w5x,미원대체는 무엇이 좋을까요??,1,2025-06-17
_gNvYwAuCpU,Ugxtac-wdsVv0l716BF4AaABAg,@SosoSoso-bf5sw,핫윙 뭐뭐넣으셧나요,1,2025-06-23
_gNvYwAuCpU,Ugwp0CSj3xiV6QiTccl4AaABAg,@SLMCXAXZ,참외시 친하게지내요^^,1,2025-06-21
_gNvYwAuCpU,UgzjpBf7xdtMr-elRSt4AaABAg,@user-my9dq4bm9x,김치 주세여~,1,2025-06-22
_gNvYwAuCpU,Ugzw_4lXLF4R40f_bH14AaABAg,@haru-jv3mb,유리컵은 어디껀가요..?,1,2025-06-19
_gNvYwAuCpU,UgwZ2tKRkgKfvMloAKl4AaABAg,@라라-b7j,가루육수는 어디 제품일까요?,1,2025-06-21
_gNvYwAuCpU,Ugy48gLha50NdjkZZIF4AaABAg,@bxiwowp12,"솥밥 
쌀 분말육수 쯔유 참기름
버섯 가지
양념 맛간장 물 부추 들깨가루",0,2025-06-29
_gNvYwAuCpU,Ugzji6QRNVzzLFJzz5R4AaABAg,@골든레이디-d7d,에어프라이어   어디  제품인가요?,1,2025-06-17
_gNvYwAuCpU,UgxINnFiMgypVxTjL3B4AaABAg,@bru-yk9ie,식당을 열어주세요,1,2025-06-21
_gNvYwAuCpU,UgyXxrFNFpwdwWzQfUp4AaABAg,@jj-x4k,"솥밥 냄비는
어떤건가요?",0,2025-07-14
_gNvYwAuCpU,UgxzrVWzDwU94Rm0r1B4AaABAg,@epepep9629,"아니, 애엄마셨다구요? 전 자취하시는 아직 어린 분인 줄 알았는데",1,2025-06-21
_gNvYwAuCpU,UgzxloHrfPmoTwXHM1V4AaABAg,@Lulu-i6e,깜짝이야 누가속삭이나 했음ㅋㅋㅋ,2,2025-06-17
_gNvYwAuCpU,UgykfPzEtSjoJHmANNt4AaABAg,@myungkim423,Wow!,0,2025-08-09
_gNvYwAuCpU,UgzD4E_mwZyErHfqLzt4AaABAg,@임빙-r3s,닭이 왜이리 비린내가 나는가 했는데 요즘에는 다들 안씻나 보구나 ㄷㄷ,0,2025-08-29
_gNvYwAuCpU,UgyTH6eDjl6N6w3vkq14AaABAg,@Iiiiop-z3w,에프 어디건가요?,4,2025-06-18
_gNvYwAuCpU,Ugzcgk6-7RezuK9LhZt4AaABAg,@초코슈팅팝,닭을 씻어야한다는 사람도 있고 그냥 바로 조리하라는 사람도 있던데 뭐가 맞나요?🥲,6,2025-06-17
_gNvYwAuCpU,Ugwuwa3XfZymIezb24Z4AaABAg,@강진아-h9m,계량스푼 어디건지 알수있을까요?,1,2025-06-20
_gNvYwAuCpU,UgxfLRDAEdBkw8yHvd94AaABAg,@월천여사1-b3z,이번주말엔 냉수육으로 꽥~,1,2025-06-20
_gNvYwAuCpU,Ugwp8KJb7TseYgZJQUB4AaABAg,@tyutyu4244,김치!!!!!!!!!!,1,2025-06-20
_gNvYwAuCpU,Ugyh0xRQJ2BEFUBmwY54AaABAg,@1127hmajde,냉수육아닌가요? ㅎㅎ냉제육인가용?,7,2025-06-17
_gNvYwAuCpU,UgyAEjWAGGTc2BOatGN4AaABAg,@양배추2통먹었다,냉제육은 정호영 레시피가 짱임~~,0,2025-06-24
_gNvYwAuCpU,Ugy2M2p5fqdC4iGEKpV4AaABAg,@차민경-w1z,닭봉 안씻는거 킹받네,0,2025-08-04
_gNvYwAuCpU,UgzSEviL-F9w5xkUQC54AaABAg,@망고젤리-c5e,믓쟁이 오리님❤,3,2025-06-17
_gNvYwAuCpU,UgxxadP6TVr4exY4U3Z4AaABAg,@chimh316,설마 닭을 안씻고 하시는건가요,0,2025-07-01
_gNvYwAuCpU,UgzkJIvKrgQ47M0nokt4AaABAg,@iliiiliilililiili,아이고 야무져라,1,2025-06-22
_gNvYwAuCpU,Ugzulaw1t3UHRuR8TVB4AaABAg,@유하다-z7,닭봉은 안씻나요?😢,4,2025-06-20
_gNvYwAuCpU,UgxI0aAzc8cOnGRI1dF4AaABAg,@슴슴-v4s,추가로 배추 겉절이만 있었으면 하는 아쉬운 상차림~~,1,2025-06-21
_gNvYwAuCpU,UgzIAXIf2oy3SOyxpjN4AaABAg,@tv-maruami,닭을 왜 안씻나요?😢,6,2025-06-19
_gNvYwAuCpU,UgzOCkN00wSqHQjVKHN4AaABAg,@Jjangddu,제개인적 취향이지만 너무 말투가 오글거려요ㅠㅠㅠ 편안하지가않아서 요리보는건 좋은데 꽥 하는것도 오바같아여ㅠㅠ,0,2025-07-05
_gNvYwAuCpU,UgxKIV9auFRN-2MncCR4AaABAg,@joo-nq8fr,닭을안씻는거에요?😮,1,2025-06-22
_gNvYwAuCpU,Ugy-5MPbKsUO2dmWo5V4AaABAg,@드림e2o,목소리가 얄미워ᆢ,2,2025-06-17
_gNvYwAuCpU,UgwCjvpWbAGpblIq3cR4AaABAg,@음-p5g,제 인생도 강좌해주셨으면 좋겠어요ㅠㅠ(농담입니다),0,2025-09-21
xXorzKw_ntM,UgymNEbtEsC6dvrHP0x4AaABAg,@bunny-ji1nx,아 너무 이뻐요. 대리만족 느끼고 갑니다 ㅠ,1,2026-02-08
xXorzKw_ntM,Ugx1lM7ryUdXBw6LFYl4AaABAg,@SaerocJung,사각접시 정보 알고 싶습니다,0,2026-06-01
xXorzKw_ntM,UgwQaEhjCN8ZRhZdee14AaABAg,@balance3484,메뉴판까지 세팅하시고 고급레스토랑이 따로 없네요 문어초회랑 새우담은 사각그릇도 특별해보여요~ 정보 부탁드려요!!,11,2024-11-20
xXorzKw_ntM,UgwuWh-ya9LWqKzcaV14AaABAg,@주-s2y9r,"너무이뻐요
직사각 플레이트 정보 얻고싶습니다ㅜㅜ",0,2026-03-07
xXorzKw_ntM,UgzPnZ14FFQhly5QN8Z4AaABAg,@beaut_if_ul,와 미쵸따🎉,0,2025-12-07
xXorzKw_ntM,Ugx1OLYrzwVTJ0RL4zB4AaABAg,@심현지-d1k,"우와 ㅠㅠ 저도 해보고싶은데 메뉴판은 어떻게 준비하셨나요 테이블보랑 모든 디테일 여쭤봐도 될까요 , 😂ㅎㅎㅎ",0,2025-02-13
xXorzKw_ntM,UgwH7YvfzBte3dQWx6N4AaABAg,@dystopia-f7w,레스토랑아닌가요 ㄷㄷ 와 너무 부러워영,0,2026-02-18
xXorzKw_ntM,UgwuFWHPYbOlEF55DHd4AaABAg,@juha9934,냅킨이랑 냅킨링 정보 알수있을까요❤,0,2025-08-13
xXorzKw_ntM,UgyupEUZKtgouBd-Vel4AaABAg,@hanee012,대박!!솜씨가 장난아니셔요~~~😊,9,2024-12-31
xXorzKw_ntM,UgzjhpoXlgH5iFtT6fd4AaABAg,@킹폼통키,메뉴판까지 대박인데요! 너무 좋아하셨을것 같아요😊 류우니님께서는 힘드셨죠😂 고생많으셨어요!,1,2024-11-19
xXorzKw_ntM,UgydCcPQL53XGiNFpgp4AaABAg,@peanut_lia,쉐프가 와서 해주시는거 아닌가요?😮혼자 다하신거예요??,0,2025-04-11
xXorzKw_ntM,UgwGgcDe2OLfMKuSgAR4AaABAg,@jeehyehuh,식탁 정보좀 주세요~~,0,2025-02-18
JGOk5QVu5cQ,UgzdZ8754P7CCiPkaOF4AaABAg,@쩜핑루비,손님이 되고 싶습니다...,897,2020-03-19
JGOk5QVu5cQ,UgymbH4vYIEgpKXGRIN4AaABAg,@은애의소반,"구독 했어요
너무 잘하세요
잘볼께요~^^",19,2021-03-05
JGOk5QVu5cQ,UgwygnLit-SVwkJimep4AaABAg,@Jangchenworld,안해먹을걸 알지만 왜때문인지 자꾸 보게 되는 요리영상...,14,2019-11-19
JGOk5QVu5cQ,Ugxr3-fgtp4Hcf4blqd4AaABAg,@이름이없어-d3g,간단하지만 자극적이고 설탕 고추장 범벅인 요리들이 판치는 와중에 진짜 요리다운 요리네,28,2022-04-28
JGOk5QVu5cQ,UgwHuDD47DvK-e0m9gZ4AaABAg,@DJ-w1p,꿀 레시피 손님접대에 최고 한국요리이네요,10,2020-05-07
JGOk5QVu5cQ,UgyUm4WtS6HAhP8tpvl4AaABAg,@은하수-m7x,고급진 손님 초대요리 굿이요~ 즐청으로 머물러 행복가득 담아보면서 살며시 손잡고 갑니다. 사랑으로 가득 담아보는 하루되세요. 복지ooo!,11,2024-01-16
JGOk5QVu5cQ,UgxFw4wbS8kr6u88MLV4AaABAg,@choiyoungwhoa1581,"소소황님 "" 고급 요리 ""좋은 영상 잘보고 응원합니다.
비오는 오늘 좋은 하루  되시고 황금연휴 잘 보내세요 ^^^🫰 🫰🫰",16,2024-02-29
JGOk5QVu5cQ,UgyMkv7nr09oTcVSZU94AaABAg,@전승희-t1o,레시피를 적어주시니 고맙네요 자상하셔라~~♡,15,2021-08-30
JGOk5QVu5cQ,UgzcmkwGi0urVcaz9E54AaABAg,@지리는데,정갈하다,7,2021-09-01
JGOk5QVu5cQ,UgxS-avTI231bSEP02J4AaABAg,@유하이나,"돌아서면 뭘 해서 상 차리나 생각이 안 나는데 저장했다 응용해 봐야겠네요.
맛있게네요. ^^",80,2019-08-28
JGOk5QVu5cQ,UgxiC_I8Coy2Tbbw5-x4AaABAg,@yyc3420,굿입니다 큰손님이 올때 꼭 다시 와야 겟어요,8,2021-01-03
JGOk5QVu5cQ,UgyMqVkNytMQ3H-efsd4AaABAg,@엄마의건강밥상m,집들이할때 이음식하면 탄성이 저절로 나오겠네요.,7,2020-03-06
JGOk5QVu5cQ,UgyT6t7BlCctk7vKBqt4AaABAg,@셀린-r9w,최고 이거보니깐 손님초대 하고 싶어지네요 ㅋㅋㅋㅋㅋㅋㅋㅋ,39,2019-08-29
JGOk5QVu5cQ,UgzDCMZmuIFb01hjc0B4AaABAg,@hathaway8005,"90년대 추억의 집들이
돌잔치 음식이네요
맗이 만들었어요",9,2021-09-08
JGOk5QVu5cQ,Ugz7pHbYyeOcATxac4l4AaABAg,@손현숙-x6e,"10:34ㅋㅋㅋㅋㅋ  2PM 인줄
 너무 웃겨요 ㅋㅋㅋㅋㅋㅋㅋㅋㅋㅋㅋㅋ",3,2021-08-14
JGOk5QVu5cQ,UgyVov51dEzINqMJ-8B4AaABAg,@wait_shorts1,플레이팅이 머선..129...눈으로 호강하네요ㅠ,8,2021-09-15
JGOk5QVu5cQ,Ugyya85j1zwDC9qGIVd4AaABAg,@TV-jy4wc,"안녕하세요
완전  수준급이군요
대단하십니다
다시 또 보고해서
도전ㅋ
꾹꾹 누르고 갑니다
자주 올께요",10,2019-09-26
JGOk5QVu5cQ,UgwZPpQcjXWKPEdDpex4AaABAg,@김혜숙-o1w,손님초대요리 진짜 끝장입니다. 시간이 너무 많이 걸릴듯.ㅜㅜ,36,2020-08-07
JGOk5QVu5cQ,Ugyv7AK56YzwhUNMZ4J4AaABAg,@Kyongkim-p2v,와 정말 고급스러운 손님 초대음식이네요.,6,2024-01-29
JGOk5QVu5cQ,Ugw5j8YfH4Z26mnzhlN4AaABAg,@해피맘-z3j,"외식부럽지 않은 요리실력이네요
군침만 흘리다 갑니다😋^0^",17,2020-08-08
JGOk5QVu5cQ,UgxKUxwrkLe39MnzPph4AaABAg,@부동산투자가이드,나도 손님 추가요~~,2,2020-11-15
JGOk5QVu5cQ,UgxYX5KTKKBVSWwbxtd4AaABAg,@갸갸-f5s,6:37 10:13 아진짴ㅋㅋㅋㅋㅋㅋㅋㅋㅋ진지하게 보다가 빵터졌네요ㅋㅋㅋㅋㅋㅋ와 음식들 손님들한테 따라해서 내보려구요! 영상 진짜 감사합니다!!!ㅜㅜ,13,2020-10-13
JGOk5QVu5cQ,UgxCOa-n1k8nNXEhU8J4AaABAg,@현팬더,오늘 오후준비해서기다린다,2,2024-02-14
JGOk5QVu5cQ,UgzNAssvqt7KOto21xd4AaABAg,@file1108,"계란 노른자 윽 ㅋㅋㅋㅋㅋ 
매실청 픽!!",3,2023-07-18
JGOk5QVu5cQ,UgzvVjt-D5dlMuyMW914AaABAg,@misswang1238,와..무슨 여자보다   요리를 더잘하네..손끝도 야물딱지고  와이프될사람 진짜 행복하겠다..,2,2021-01-11
JGOk5QVu5cQ,UgysofbIydel7YsksQh4AaABAg,@wunsookpark3913,"자주 큰손님을 초대했던 부유했던 나의집~
어머니가 포인트중의 핵포인트로 빼놓지않았던, 버로그--매뉴들
젊은분이 이런 전설의 요리들을 연구하고 전파해줘서 뿌듯하고 고마우이~~   ^_^",7,2020-02-28
JGOk5QVu5cQ,UgzWUM3EMSyA4n3BvEl4AaABAg,@김영화-t4d,넘 예쁘요,4,2021-01-20
JGOk5QVu5cQ,UgyfMRW7XIq23GYlcjR4AaABAg,@boood01,금손....❤,4,2022-12-23
JGOk5QVu5cQ,Ugyyq66T86oik8lvyxZ4AaABAg,@pppp-m9b,"안녕하세요 국어 시간에 배운
선플 달기 프로젝트를 하고 있습니다 좋은 음식 요리 영상 올려주셔서
감사합니다😊😊 다른 분들도 
좋은 댓글 달기를 부탁드립니다!",3,2023-08-28
JGOk5QVu5cQ,Ugx_-FBktrdmLpyP3fV4AaABAg,@진-k7h7j,와 비쥬얼이 침꼴딱하고갑니다 구독!!,10,2020-08-27
JGOk5QVu5cQ,UgxmIPWGpy-yB28BwKN4AaABAg,@김민숙-y8y,요리도 스마트하게 뚝딱뚝딱하시네요~,18,2019-08-29
JGOk5QVu5cQ,UgwlcyYmQT1ZHYyo7z54AaABAg,@이승현-y4e,"대에박~!!!
사랑받는 며느리 되기겠어요 ㅎㅎㅎㅎ

윽~!!!저도 놀랬어요 ㅋㅋㅋㅋ",6,2019-08-31
JGOk5QVu5cQ,Ugz2_WZGjlSQNNXh5Zd4AaABAg,@zzang0415,와~~대박👍👍👍👍,5,2021-01-08
JGOk5QVu5cQ,UgyICQUW86NjEBQQ2at4AaABAg,@hskphrsjmgkdhrbsekshr,👍🏻구독했어요^^꼭 손님상으로 만들어볼려구요~,6,2019-09-01
JGOk5QVu5cQ,UgwxbHaW7OSZzBo6Esl4AaABAg,@bbrarly,쿱 샐러드 구울때 투피엠인줄 자막보고 빵터죳어요 ㅋㅋㅋㅋㅋㅋㅋㅋㅋㅋㅋㅋㅋㅋㅋㅋㅋㅋㅋㅋㅋㅋ,2,2022-06-30
JGOk5QVu5cQ,UgzBRM5ZC8QpQVAfBwR4AaABAg,@머거바,이렇게 만들어 놓으면 손님 초대 할 맛 나겠어요 .... 와우~,10,2021-05-08
JGOk5QVu5cQ,UgxKKbkorAknjQ-oFTN4AaABAg,@정세윤가요tv-w7w,"반갑습니다 
손잡고갑니다
다시들어와 시청할께요~🥰😍💝",2,2020-08-24
JGOk5QVu5cQ,UgzJH4-GzP8v8i6uqkR4AaABAg,@송이-v7z,손이 야무지시네요,3,2020-05-01
JGOk5QVu5cQ,Ugy7p9MwDQRtueY7G5V4AaABAg,@수향-n7t,저도 손님이되고 싶군요,2,2021-02-16
JGOk5QVu5cQ,UgwhqnQD7ggvR0WFTpt4AaABAg,@임현옥-g8e,와우 최고예요 요리해 보겠습니다 ♡,6,2025-03-23
JGOk5QVu5cQ,UgxcKRJT-rwhNOdegI54AaABAg,@루비-i4w,말없는게  넘  좋음  굿,5,2023-09-13
JGOk5QVu5cQ,UgzyFM8qkV_puRETXm54AaABAg,@oddsends,"Wooooooooooooooow
I enjoyed watching full
Really yummy yummy recipe
Yummy yummy food 🥙🥙🥙🥙🥙🥗🥗🥗🥗🥗🥗🥗",6,2020-05-17
JGOk5QVu5cQ,UgwQsssOV92RU4E6zGV4AaABAg,@tv-ks4no,예쁜 요리 같아요 잘보고갑니다  좋아요 구독하고 갈께요,3,2020-05-03
JGOk5QVu5cQ,UgwhZTz06Jw87pPkgVt4AaABAg,@손현숙-x6e,좋아요~구독!,3,2021-08-14
JGOk5QVu5cQ,UgwtPljcNJR8aRVDQ1R4AaABAg,@필수조-d4r,와우 구독꾹@,2,2021-11-13
JGOk5QVu5cQ,UgyoVGLr2Y1El2nT5-t4AaABAg,@강정숙-j1k,"대박!!!
무슨 말을 할까요^^
완전~~~~
잘 하네요^^",13,2019-08-28
JGOk5QVu5cQ,UgyAlmh7dRx-rKcg74l4AaABAg,@younghong3030,이번토요일 작은며느리생일상차려줬더니 넘맛있게 되서 뿌듯했어요 닭가슴살로한것만 빼고 다했는데 레시피대로했는데 다들감탄,2,2021-03-14
JGOk5QVu5cQ,UgzhSWTbRqrM7WO6tKh4AaABAg,@sky_068,So yummy i love it thank you for sharing your delicious recipes keep safe see around god bless,5,2020-08-13
JGOk5QVu5cQ,Ugzy3sZPQOW7vZ9bN3F4AaABAg,@미화정-c7l,"21일  귀한손님을
선생님  영상보면서
정성껏  만들어 드렷습니다
다들 👍  라고 해주셨습니다
너무감사드립니다",2,2022-08-27
JGOk5QVu5cQ,Ugz2myYTzURUPzpCivx4AaABAg,@안개비-m8m,"옛날생각납니다
교자상 차리던 그 옛날이~~~~
오늘보니 너무 새롭습니다
수고하셨습니다",6,2021-02-04
JGOk5QVu5cQ,Ugye8Q84BZUwcPIkxPd4AaABAg,@꿀템리뷰-c8f,오오 이거보고 저도 ㅋ 손님들 오시면 해드려봐야겠어요 잘보고 갑니다,6,2020-05-16
JGOk5QVu5cQ,UgxH02TstRqwj_2tgYp4AaABAg,@쑤앤쪼니,"우와 손님와도 안떨리겠어요
이번에 셔머니 집에 오시는데
참고할게용~~~^^",7,2019-10-01
JGOk5QVu5cQ,UgyZohrzbyaPDS24tqp4AaABAg,@야생화-z3n,주부들보다.더잘하십니다. 손님오실때.꼭 도전할게요.,4,2021-07-02
JGOk5QVu5cQ,Ugwtah9T41OxCzMA2mh4AaABAg,@양동훈-o3l,고맙습니다. 감사합니다.ㅎㅎ 화이팅입니다. ㅎㅎ,3,2022-03-07
JGOk5QVu5cQ,UgwiRU66g7rG87JnlNx4AaABAg,@sinderelah1494,"""윽!"" 비명소리 ㅋㅋㅋㅋ
나도 놀랐슴다 ㅋㅋㅋ
현실감 있어 좋았슴다 ㅋㅋㄱㅋㅋ",43,2019-08-28
JGOk5QVu5cQ,UgxA-6OEiCd4qQEt0JV4AaABAg,@목련향,"소소황쿠키님! 반가워요
우리 친구맺어요 자주 찾아뵙고 요리 배울께요",4,2020-04-03
JGOk5QVu5cQ,UgxC9TnX7xAb249X8M94AaABAg,@beaut_if_ul,유익해요,7,2024-03-25
JGOk5QVu5cQ,UgyjKOO_xV7tHXK4M0R4AaABAg,@ehgg7896,곧 손님 초대를 하는데  감사합니다 ~!♡♡♡,7,2019-08-28
JGOk5QVu5cQ,Ugy3cdrQRmG36E_kRJ94AaABAg,@user-zn5si8fq3f,"좋은영상감사합니다,",2,2024-01-20
JGOk5QVu5cQ,UgzxZzt3U3qZyyMaq0F4AaABAg,@리아-w7i9m,"굿굿굿ㅡ보기좋아요 
감사해요😅",5,2025-01-08
JGOk5QVu5cQ,UgyZ0uLjGf6RvYIC_jR4AaABAg,@midok5082,집들이도부담없이할수있겠어요~~~구독눌렀어요 서로소통하며지내요~~^^,2,2020-09-28
JGOk5QVu5cQ,UgyDP2i30MG-v_7tTKh4AaABAg,@marilynlee7310,와우!! 😲😲😲😲😲,3,2020-12-22
JGOk5QVu5cQ,Ugz35KdoFnnN_r51Aqp4AaABAg,@김경숙-j5n,예비사위 초대할때 참고해야겠어요,2,2020-04-03
JGOk5QVu5cQ,UgxIFKot2BiXI-5suMh4AaABAg,@mikyungko3605,ㅋㅋㅋㅋㅋㅋ 유머감각이 뛰어나시네요 ㅋㅋㅋ,5,2019-08-28
JGOk5QVu5cQ,UgzGzh3MPXT7crC8R8R4AaABAg,@이아이-k3c,와~👍👍,2,2020-04-09
JGOk5QVu5cQ,UgxosluLMd730cHSUDV4AaABAg,@팍민돌-s7c,맛잇는 음식이네요 적극 구독누릅니다  유튜버 ♡팍민돌♡ 인사 드립니다..,5,2020-12-12
JGOk5QVu5cQ,UgzkVPucQvqlRlJKQTl4AaABAg,@다육또바요,❤❤ 굿 👍 ❤여러가지 레시피입니다 ㅎㅎ 잘보고갑니다 군침땡기게 하네요 홧팅입니다 ❤,2,2023-04-15
JGOk5QVu5cQ,Ugx5z8qG2rVtnjiSqAl4AaABAg,@LifeonMoon,연말이라 음식머할까 찾아보다가 영상 자알 보고갑니다아~😊😊,9,2019-12-16
JGOk5QVu5cQ,Ugy6Z6TIFziXI_JGLil4AaABAg,@hsmuckbang2583,정성이듬뿍담긴 요리네요~~^^초대요리짱이네요~~♡,13,2019-08-28
JGOk5QVu5cQ,UgzyI_qO-f6rykFrBXF4AaABAg,@백설공주-i2y,"아하하항 인간미철철 
1ㅇ월에손님오는데 3가지 배낍니당",2,2023-07-18
JGOk5QVu5cQ,UgyejBnndl6zIHIV_Q14AaABAg,@sheelle0925,와..대단해여 잘보았어요,5,2020-08-24
JGOk5QVu5cQ,UgwmAfKmbtLLzsUNFBF4AaABAg,@손영숙-h3r,저장해두고 다시 함 봐야겠네요,2,2021-09-05
JGOk5QVu5cQ,UgxtVzVex7SFTRz3lDp4AaABAg,@변유진-m5q,요리실력 대단하십니다 요리잘하는분 사랑스럽고 존경해요 잘배우고 갑니다  감사합니다,43,2020-08-18
JGOk5QVu5cQ,UgyggiLiR5mhvZR1RmB4AaABAg,@pyspak129,"감사해요
 귀한 레시피 
잘 담아가서 
활용 잘하겠습니다
구독 꾸욱 ‥ㅋ",7,2019-08-28
JGOk5QVu5cQ,UgyXVxgdt0MGnMgkDq94AaABAg,@정미숙작가의오십수업,저도 손님이 되고 싶어요^^,2,2021-01-18
JGOk5QVu5cQ,UgzYlFJVFAG_IarpUjN4AaABAg,@허보영-d5h,소소황님   요리너무잘하시네요   정말  맛깔나게하시네요   우와 대박 너무맛있겠어요     존경스럽습니다,6,2020-12-13
JGOk5QVu5cQ,UgxZSqiHRV7VvZ2_78V4AaABAg,@since-mf6ju,이거다 이거! 내일모레 엄마미 생신에 이렇게 올려야겠어요! 재능기부 감사합니다😉,2,2020-12-06
JGOk5QVu5cQ,UgxMn8lMQSp-kexy_mp4AaABAg,@부산여인,잘 보고 갑니다  집들이 음식으로  딱이네용 ㅎ,7,2019-08-30
JGOk5QVu5cQ,Ugw6Dwdq7d_iR144K354AaABAg,@수수탤니,정말 잘배우고 갑니다   맛이 끝내줄것 같은데 발로 해먹어 봐야 되겠네요  안녕하세요 탤리인생 이 인사왔어요 구독과 좋아요 꾹꾹 이웃맺고갑니다 탤리 tv올림,2,2020-05-19
JGOk5QVu5cQ,UgxdD2eaFrEIV8ujKOF4AaABAg,@yangskitchen106,콥샐러드는 손님음식으로 생각안해봤는데 구성도 화려하고 좋네요~,8,2019-08-30
JGOk5QVu5cQ,UgwB47aB0r1_rQKY1hp4AaABAg,@꽃네육,와 짱이예요,2,2020-07-17
JGOk5QVu5cQ,UgwHukqdbiJRo8SD0A14AaABAg,@wp2174,"소소황님은 꽃미남에 요리도 아주 맛깔스럽게 잘하는 분인건 확실합니다 ㅋ
손님치를때 꼭보고 해야 겠어요 
세상에서 가장 사람들이 갖고싶은것은 아마도 요리 잘하는 머리일 겁니다 ^^",5,2020-03-09
JGOk5QVu5cQ,UgwFtkNrqNqu0cn8MIx4AaABAg,@청웅농장복숭아,"임실열매농부입니다 
너무너무 맛있어요",2,2020-11-18
JGOk5QVu5cQ,UgytepriY8nxNE5P8Q94AaABAg,@mukkosu,집들이 음식 이렇게 할 수만 있다면 진짜 끝장이겠죠. 저같은 사람도 할수있을까요? 특히 오향장육 색깔보고 군침이😭😭다 맛있어보이기도 하지만 정성과 시간이 느껴지는 음식들 최고입니당👍👍👍👍👍👍👍👍,9,2019-08-30
JGOk5QVu5cQ,UgwI4XEZ5oMaN6pqIAF4AaABAg,@윤뼈대있는가문,넘! 웃겼어용~~~~~,2,2021-01-06
JGOk5QVu5cQ,UgwfYAKyeMFnyZD_Z1t4AaABAg,@Seline2323,"고기 조물조물 하시는 모습이 손이 진짜 야무지신것같아요^^
집들이 할때마다 메뉴 고민인데 요거 참 좋으네요!!
처음 왔는데 영상 잘 보구갑니다! 자주 뵈어요 소소황님 : )",15,2020-08-07
JGOk5QVu5cQ,Ugx9IjIs-JqpMPfaTV94AaABAg,@산과들-j8l,맛있겠당~~^^,2,2020-12-19
JGOk5QVu5cQ,Ugwo9Vc5sA9zBGHkeP54AaABAg,@12.3빛의혁명,우 ㅡ와 여기서 두가지 따라하겠음 감사합니다,4,2025-03-13
JGOk5QVu5cQ,Ugz4vvrXBvMUdn_FDWl4AaABAg,@Vlog-ub8qs,"통오징어 맛있겠다 
오향장육 만들어서 먹을래요 😋👍",2,2021-11-12
JGOk5QVu5cQ,Ugwnhd9r-t40XKwu8vx4AaABAg,@노해정-l9t,손님초대해도 될것 같네요.  좋은영상감사합니다,6,2020-08-15
JGOk5QVu5cQ,UgwiMTd7mvcWmCZJRdt4AaABAg,@써니Choi,와~~~👍👏👏👏,2,2023-07-30
JGOk5QVu5cQ,Ugzjztx2ERt2IIFAFs94AaABAg,@Yes___Dini,10:32  개웃김ㅋㅋㅋㅋㅋ,18,2019-12-10
JGOk5QVu5cQ,Ugy2TI9-b32ZfIAWUhd4AaABAg,@kfood7,오징어숙회도 이렇게 예쁠수있네요!,3,2020-12-10
JGOk5QVu5cQ,Ugw4XuwMzNMimh0qTl54AaABAg,@행운-l8n,"대박이네요..한번도전해봐야겠어요..난 해파리,샐러드는 재료를 모두섞어셋팅하는데 저렇게 가지런하게 셋팅하니 한층더 고급지네요..많이배우고갑니다.^^",23,2019-08-27
JGOk5QVu5cQ,UgwlU15Sf2yqwsMGJQB4AaABAg,@hoonscook1612,잘보고가요~,2,2021-01-20
JGOk5QVu5cQ,Ugycff24BoEhq94_dH54AaABAg,@이이민경-e1s,최고예여!~~👍👍👍,3,2023-11-23
JGOk5QVu5cQ,UgyJ80hq6ksxgMMNrPx4AaABAg,@KoreanHerbs,예술입니다~~^^,3,2020-09-24
JGOk5QVu5cQ,UgxjrrRr-XFqSXSe41J4AaABAg,@박영아-q8g,감사 합니다,6,2024-12-25
JGOk5QVu5cQ,UgyEOPVo7GdmMG-5T-t4AaABAg,@꿀단지-e2o,와~우~👍,3,2021-01-03
JGOk5QVu5cQ,UgyF7M2PIXt-lBtNCNZ4AaABAg,@hahahata7,오!! 생일상에 해도좋을듯😎👍 구독하고가요~💜,11,2019-08-29
dUUyfhG9p8A,Ugy8Emf_P5uVT9aoItp4AaABAg,@Piglhat,"실패 없었던 집들이 음식!🏠🩷
바퀜 없었으면 어쩔뻔 했을가 싶어요...ㅎㅎ
급하게 집에 손님이 온다면! 
이레시피 꼭 참고해서 만들어보세요!
맛도 플레이팅도 다 만족하실거에요🫶🏻

바퀜은 내일 오픈인거 아시죠!!
제가 3년째 뽕뽑고 있는 주방템 중 하나인데
식재료 보관에는 이만한게 없어요..🙏🏻🙏🏻
내일 오전 10시에 만나요🤍",5,2025-07-09
dUUyfhG9p8A,UgxxzNGYWBphKtzYZv14AaABAg,@user-dd9wy8sd5h,우리집기준1인분  다들 소식좌😢,11,2025-07-10
dUUyfhG9p8A,UgxMDnMrEWHaVzinWFV4AaABAg,@너나들이1,족발하나 아구찜하나 더 시켜야 돼긋네 ㅎ,74,2025-07-09
dUUyfhG9p8A,UgzSdAkvQ50rK_yqqIh4AaABAg,@bittersweet6879,와.. 진짜 대접 받는 기분 들 거 같아요,9,2025-07-09
dUUyfhG9p8A,UgzV5xfTXgrSGhIVNEZ4AaABAg,@happin87,오진짜 언니대박이예요ㅎㅎ저도해봐야겠어요 언니저 구독눌렀어용ㅎㅎ 언니레시피보고해보려구용,0,2025-07-20
dUUyfhG9p8A,UgxFciT7aZ515-KhEct4AaABAg,@jokebear23,우와 찜기에 차돌숙주찜이라니..❤️ 너무 좋은데요?! 손님 오시는 날 아니어도~ 집에서 해먹기 좋을 것 같아요 ㅎㅎ,0,2025-07-09
dUUyfhG9p8A,UgweFlb8HZvZIq1WGFl4AaABAg,@rose45232,야무지게도 하시네요.,2,2025-07-09
dUUyfhG9p8A,Ugzv3IlcowXMtD0l7qV4AaABAg,@므므-x6x,오이스터 와인 호주 신행갔을때 자주 먹었던 와인인데 반갑 ㅠ,0,2025-07-13
dUUyfhG9p8A,Ugz_EU4xDf0Je-8I7EZ4AaABAg,@김민아-u4c,차돌박이는 냉장제품을 써야하나요? 냉동은 안 되겠죠?ㅠ,0,2025-12-23
dUUyfhG9p8A,Ugy3MsoWUcXudg3Guxd4AaABAg,@별을그리다-d1k,저 찜기? 어디껀가요?,0,2025-12-30
dUUyfhG9p8A,UgxpwKKR2rLGoU7h1x14AaABAg,@나무-v2l,맛있겠지만 2인분양인디여,17,2025-07-09
dUUyfhG9p8A,Ugy4u-esudU-0gflyDB4AaABAg,@랑이Lang2,영상에 나온 밥 국그릇 세트 정보알수있을까요??😮,0,2025-07-09
dUUyfhG9p8A,UgwIEBSodLpwGACNUzF4AaABAg,@oohhhihunjn,월남쌈 담은 접시는 어디껀가요 ??!,0,2025-07-11
dUUyfhG9p8A,UgxbUFRBAuMuR76dCBl4AaABAg,@무-q1b,와이고~~. 이런 사람 며느리로 보고 싶네.새울 자르는 칼도 조그맣게 이쁘네..,0,2025-07-09
dUUyfhG9p8A,Ugz5uDDN9oipnqyx7Vx4AaABAg,@지원강-g8k,찜기 정보 공유 부탁드립니다,0,2025-07-09
dUUyfhG9p8A,Ugx3JHlPSfR7Aq5P9J94AaABAg,@3talk,차돌숙주찜은 몇분을 찌나요?,0,2025-07-09
dUUyfhG9p8A,UgxJZTf8cAR1_M-B3lF4AaABAg,@양말을도비에게,쪼꼬만한 칼은 어디제품일까요~?,0,2025-07-10
dUUyfhG9p8A,Ugx3oWq7akOYDGm-hCh4AaABAg,@김미경-v2j2f,차돌 찔때 냄비에 물 넣어야죠?,0,2025-07-10
dUUyfhG9p8A,UgwEO3PPSYXcNYbL6DJ4AaABAg,@companyys6754,찜기제품 정보 알려주시겠어요?,0,2025-07-10
dUUyfhG9p8A,UgxZRmegqAGbm3_q7yN4AaABAg,@이충신-k7w,집에 저런게 잇다고???? ㅋ,0,2025-07-10
dUUyfhG9p8A,UgyKhAhPaV3ldsx-ADF4AaABAg,@SunKang-g3r,ㅇㄷ,0,2025-08-11
dUUyfhG9p8A,UgybHpoZ4PyvprXJHIZ4AaABAg,@bbovely_2,알림부착드입니다,0,2025-07-09
dUUyfhG9p8A,UgzLpBvCdOouOdAMW9p4AaABAg,@la_0tulipe,헉 혹시 어디숙주사셨나요? 통통해보여요,0,2025-07-26
dUUyfhG9p8A,Ugy0yfSGiQ4HXMcvFeJ4AaABAg,@김대연-k5j,알림주세요,0,2025-07-09
dUUyfhG9p8A,UgzeTJrgoRDgXq4IcOV4AaABAg,@가을하늘-h9y,집에 늘 차돌숙주부추레몬 등 저렇게 있나😂😂,0,2025-07-14
0KEXtsv0M5M,UgwJxdlLJ3OtzMyKYvd4AaABAg,@cookduck,"#집들이음식추천 
#파티요리 

인스타 스토리에 하도 올려 아시겠지만
얼마전에 아기 100일이었어요💛
멀리 사는 가족들이 축하해주러 오셔서
오랜만에 솜씨발휘 해보았어요ㅎㅎ

선정한 메뉴는 절대 실패없는것들이라 저장해두시고
손님초대하실때 꼭 해보셔요
박수갈채 받으실수 있을거에요!

자세한 레시피는 아래에..👇🏻👇🏻
───────────────────

전부 6인분 기준입니다 ◡̈ 

🧑🏻‍🍳아롱사태전골
아롱사태 2.8kg 59,570원(코스트코 작년보다 가격 올랐더라구요🥲)
양파1, 대파1, 통후추30알정도, 월계수잎 5-10장, 
부추 400-500g, 모듬버섯 400-500g정도, 국간장2T, 참치액 3T

1️⃣ 아롱사태는 물에 10분 데치거나 찬물에 1시간 정도 넣어 잡내, 핏물 제거
2️⃣ 냄비에 물 2.5~3리터 넣고 양파, 대파, 통후추, 월계수잎 넣고 50분-1시간 끓이기
3️⃣ 아롱사태는 건저내고 냉장고에서 차갑게 식힌 뒤 얇게 썰기
4️⃣ 삶은 육수는 버리지말고 채망에 불순물 걸러주고, 식으면 기름 건저내기
5️⃣ 전골팬에 부추, 버섯, 아롱사태수육, 육수 넣은뒤 참치액, 국간장으로 간한 뒤 끓이기
6️⃣ 다진마늘2T 설탕2T 연겨자2T 양조간장6T 식초4T 섞어 양념장 만들기
7️⃣ 끓으면 양념장 찍어 드세요

밀프랩 해두신다면 아롱사태 수육 담고, 육수를 부어 냉장 혹은 냉동해주세요
고기가 촉촉하게 유지되며 해동시에 냄새도 안나고 맛있어요!


🧑🏻‍🍳모듬버섯솥밥
잡곡쌀 600g, 물은 600-700ml, 모듬버섯 150-200g
데친 은행 40알(생략가능), 쯔유2T, 가루육수 한포

1️⃣ 버섯은 세척한 뒤 먹기 좋은 크기로 썰어두기
2️⃣ 잡곡쌀은 물에 40분이상 불리기
3️⃣ 냄비에 잡곡쌀, 물, 쯔유, 가루육수 넣고 강불에 끓이기
4️⃣ 끓어오르면 주걱으로 바닥까지 뒤섞고 약불로 줄여 뚜껑닫아 20분
5️⃣ 불끄고 버섯, 은행넣고 뚜껑닫아 10분 뜸들이기
6️⃣달래 한줌(뿌리부분 칼옆날로 눌러 다지고, 1cm정도 길이로 썰기), 진간장4T, 고춧가루1T, 매실청2T, 참기름1T, 다진마늘1T, 깨소금 약간 넣고 섞어 양념장 만들기
7️⃣ 솥밥에 양념장을 취향껏 곁들여 먹기

🧑🏻‍🍳식전샐러드
야채믹스 180g, 오렌지1개, 오이1개, 당근1/6개, 고수 조금
그 외 취향껏!
올리브유 3T, 발사믹 3T, 소금 두꼬집 후추두꼬집

🧑🏻‍🍳두릅초회
두릅 700-800g, 초장
1️⃣ 두릅은 나무부분인 밑동을 자르고 붉은 전잎은 손으로 떼기
2️⃣ 작은 가지가 보인다면 칼옆날로 긁어내기(데치면 연해지나 더 부드럽게 하기 위함!)
3️⃣ 물에 3번정도 씻어내기
4️⃣ 끓는물에 소금 1T넣은 뒤 두릅을 두꺼운 부분부터 넣고 30초 뒤에 전부 넣기
5️⃣ 총 1분 30초-2분 데쳐낸 뒤 찬물에 3번정도 행구기(쓴맛이 빠지는 과정)
6️⃣ 고추장3T, 고운고춧가루1T, 설탕1T, 사과식초1T, 물3T, 다진마늘 조금 섞어 초장만들기
7️⃣ 찍먹하세요😋

───────────────────
💜자주 묻는 영상 속 제품
▫️쉐프윈 매직핸즈 후라이팬28cm(전골), 멀티웍 22cm(솥밥)
▫️모도리 도마
▫️알텐바흐 스텐밧드 스몰, 롱, 스퀘어 라지
▫️웩 튤립
▫️삼분육수",57,2025-04-14
0KEXtsv0M5M,UgyI4E11N0QHt2P1Uh14AaABAg,@쩡쩡-t5n,아롱사태 전골 비주얼장난아니네요 제가 초대받고 싶네요ㅋㅋ😅,311,2025-04-14
0KEXtsv0M5M,Ugw6L8lEchkoyQVdZMl4AaABAg,@kris8207,메뉴 구성 자체가 직전에 요리하는게 아니라 미리 시간적 여유를 가지고 준비 할 수 있는 거라서 초보 분들에게 너무 좋을거 같음.. 솥밥만 하면 나머진 전날 다 준비해도 될 정도인게 너무 좋네요.,51,2025-07-08
0KEXtsv0M5M,UgwV4saMxw9BgsnaEdl4AaABAg,@오하이오-e9i,아니 남편분 너무 행복하시겠어용❤,73,2025-04-14
0KEXtsv0M5M,UgwBUnsRSfMQRyNXA_p4AaABAg,@냐무냐무밍,요리 진짜 잘하신다....,18,2025-04-14
0KEXtsv0M5M,UgzyFmHl9uInAdTdTLx4AaABAg,@민짱짱이,"시판 채소믹스 샐러드 정말 꿀같아요 ㅎㅎ 저거랑 몇가지 채소(깻잎!!!) 추가해서 월남쌈도 좋고, 포케 만들어도 좋아요 ㅎㅎ
집에 인원이 적으니깐 저런 샐러드 믹스 저렴이 보이면 사놓는편이에욤

다른 채널들은 이제 공구만 올리던데, 이런 팁까지 주셔서 너무 좋아요!
늘 영상 잘보고있어요! 감사합니다~",42,2025-04-14
0KEXtsv0M5M,UgzDau3KT9rGb93o7ml4AaABAg,@user-kkukkukkakka,"요오리님 너무 대단하셔요…!
백일 아가 있는데 저렇게 상차리기 너무 어려운데요 ㅠㅠ 게다가 매번 메뉴도 다양하고 새로워요! 늘 재밌게 잘 보고 있숩니다! 
아, 저희 애들 “꽥” 한번 듣더니 재밌는지 자주 말하고 오늘은 그거 안보냐구 그래요 ㅎㅎ",9,2025-04-14
0KEXtsv0M5M,UgxuJ37rziLigVXn8kp4AaABAg,@은동이딸,아롱사태전골 너무 맛있을 것 같아요ㅎㅎ 푸짐해서 더 먹어보고싶네요!ㅎㅎ,2,2025-04-17
0KEXtsv0M5M,Ugw9EK6VzAF91FKRYoZ4AaABAg,@fiestasu,요리 컨셉 확실하게 정말 잘하시네요.,2,2025-05-18
0KEXtsv0M5M,UgzrJF0EjPG6s8WBq3F4AaABAg,@uesr_redmoon,맛잇겠다아아아... 아롱사태에 냉면도 먹고싶네여 ㅋㅋㅋㅋ,7,2025-04-14
0KEXtsv0M5M,UgyeXOAm4zWzcpf90RB4AaABAg,@정시크,넘 깔끔하고 좋은조합이에요!,4,2025-04-18
0KEXtsv0M5M,UgzBBM74LD1WDO2X7KR4AaABAg,@delicate4318,애기가 벌써 100일!!!! 저도 딸내미가 300일 넘었어요 10개월 아기 ㅎㅎ 이제 곧 돌이고 애기 첨엔 언제크나 했는데 어느순간보니 너무 금방크는거같아서 이젠 좀 천천히 자랐으면 좋겠어요 ㅎ 오리님도 애기랑 행복하세용🎉,6,2025-04-16
0KEXtsv0M5M,Ugy2-DBTtCxQ-2f91Ox4AaABAg,@서슬지-q4p,"아롱사태전곤...  저거 사먹으려면 얼만데😵
이렇게  해먹어보고싶네요🤗",4,2025-04-17
0KEXtsv0M5M,UgzEGf1pac5o4A_h8OV4AaABAg,@hello.3060,"꽥🪿🪿🪿🪿 너무 귀여워요😂😂😂

직접 꽥하고 소리 내시는 건가요?😮",5,2025-04-14
0KEXtsv0M5M,UgwlFA5sRBKZra43vVl4AaABAg,@Riaaa_pw,와 뚝딱뚝딱 대박이세요,4,2025-04-14
0KEXtsv0M5M,UgxKax5aqskf6vTFNlV4AaABAg,@wakeup4729,집들이할 집부터 사야죵,2,2025-06-01
0KEXtsv0M5M,UgzJtaFcUCAlGi4NmM54AaABAg,@may2783,오...엄청 좋아요! 5월에 유용한 메뉴!,1,2025-05-01
0KEXtsv0M5M,UgzzShDS6tuDAuaNww94AaABAg,@Lim-jp9by,아롱사태수육찜 너무 먹고싶네요~,1,2025-04-18
0KEXtsv0M5M,UgzRdhRhlE7ra0zEuTt4AaABAg,@하늘바다달빛,젊은 분이 진짜 잘 하시네요👍👍👍,3,2025-04-19
0KEXtsv0M5M,UgwPwvZsftyJYBFYWSd4AaABAg,@burgerBob-g9u,언니는 손이 이미 장금이 손임ㅋㅋㅋ,1,2025-04-17
0KEXtsv0M5M,UgyCbP8y6yba9_1wI4t4AaABAg,@은미박-x9c,이거 말고도 요리할때 참치액 자주 사용하시던데 참치액 말고 대신 쓸수 있는게 있을까요? 다들 많이 쓰길래 저도 사서 써봤는데 저는 비려서 못쓰겠더라구요 ㅠ.ㅠ,0,2025-04-14
0KEXtsv0M5M,UgyZ0SnbNDzSVFuFU1l4AaABAg,@엄빠대디,이거 보다가 샤브샤브 먹으러 나가네요!!,1,2025-04-27
0KEXtsv0M5M,UgzcHNNVZ6BHd1ItY4B4AaABAg,@jhyunyang,맛있겠당,0,2025-11-08
0KEXtsv0M5M,UgwSdduol9ds7Bck7FR4AaABAg,@오렌지사과귤,저녁7시에 집들이인데 오전9시에 아롱사태 미리 삶으려고 하는데 괜찮나요 삶아서 냉장보관 하려구요! 육수에 담근채로 냉장보관 하면 될까요?,0,2026-01-30
0KEXtsv0M5M,UgzdJcQbiRX4VX9ZgGB4AaABAg,@EUN_BIN-k6o,요오리님 남편분 진짜 행복하실듯 ㅎㅎㅎㅎ 아롱사태 도전해봐여겠네용,1,2025-04-16
0KEXtsv0M5M,UgzIpsN6cZSPIxSE1fx4AaABAg,@NariKang-l4y,두릎 데칠때 쓰는 냄비랑 채반 어디꺼에요? 사이즈가 딱 좋아보여서 궁금하네요,0,2025-04-19
0KEXtsv0M5M,UgyusrQUHkU5AWai7TV4AaABAg,@예쁜오리-w7n,"아롱사태는 냉장고에 얼마나 넣어둬도 될까요? 
전날 미리 삶아둬도 될까요?",0,2026-02-12
0KEXtsv0M5M,UgxvhF_vVdOeanKsUqp4AaABAg,@narurira,왜 맨날 시작할 때 끝이라고 하고 끝날 때도 끝이라고 하는지 궁금했는데 끝이 아니라 꽥이었네요. 이제야 보이는 아이디ㅋㅋㅋㅋ,2,2025-04-14
0KEXtsv0M5M,UgwMZ1PecbJKnT7KFZR4AaABAg,@꾸욤이-e2r,양념장통 어디꺼에요~?🤍,0,2025-04-18
0KEXtsv0M5M,Ugx0euT-H_UcpdRe8mZ4AaABAg,@로아미니,얼마전에 보고 꽥~ 이 자꾸 생각나서 다시 와서 봄..,0,2026-03-09
0KEXtsv0M5M,Ugzkn9icSSFQZFrCPhB4AaABAg,@JPark-tx2ii,아 침고이네요,0,2025-04-14
0KEXtsv0M5M,UgxFLL1nQpo6PjSVak14AaABAg,@손가은-e5d,볼 때마다 돈내고 가고싶어요 ㅋㅋ,2,2025-04-17
0KEXtsv0M5M,UgyvjyRFd-oxgLTMU-Z4AaABAg,@주피터-e6h,채소믹스는 식초물에 담궜다 흐르는물에 헹구면 되나요?,1,2025-04-14
0KEXtsv0M5M,UgwIEEZiWRVNjIXiDq14AaABAg,@AliceCarlyleCullen1,언니 언니는 사람때문에 스트레스 많이 많이 받으면 어떻게 대처해요????,1,2025-04-16
0KEXtsv0M5M,UgxXf6xtYawJq2tsxPR4AaABAg,@user-cr7db4fv9n,"와
내롤모델❤❤❤❤",0,2025-10-14
0KEXtsv0M5M,UgwdEjo1uBho-MTxLLt4AaABAg,@이소연-p2n,두룹 데쳐서 김밥으로 드시면 넘 맛있어요~^^,1,2025-04-25
0KEXtsv0M5M,UgyWgJ4wJBz75-KC3KJ4AaABAg,@은미박-x9c,예전에도 물어본것 같아서 찾아보니 아롱사태 활용법에 있네요 멸치액젓이나 대게백간장 맞죠?,1,2025-04-14
0KEXtsv0M5M,UgzSpwu-Kr2IrmEKaep4AaABAg,@뿌애앵,아롱사태....맛있겟다😮,1,2025-04-18
0KEXtsv0M5M,UgyTMHzH8nojvTOMxzh4AaABAg,@안혜정-y7l,혹시 냄비 크기를 어느정도로 해야할까요ㅠ,0,2025-10-13
0KEXtsv0M5M,UgxzIOuqr6ARf9AA7et4AaABAg,@mymotherandfather,요호~!,0,2025-04-21
0KEXtsv0M5M,UgzsQ27_1Qa7m68xojN4AaABAg,@SeheeAn-f7n,야무져야무져 .. 닮고시퍼효,0,2025-11-30
0KEXtsv0M5M,UgxKwEL_ND1FzQNos8V4AaABAg,@사쿠야잉,아롱사태는 밀프랩할때 국물하고같이하는건가요,1,2025-04-15
0KEXtsv0M5M,Ugw23BAPO-oiBdyNWG94AaABAg,@yj6635,소금후추 글라인더 어디껀가요?,0,2025-04-17
0KEXtsv0M5M,UgziwrtzFht-CtsTlJB4AaABAg,@쩡-r3f,올리브유랑 발사믹 추천 좀 해주세요,0,2025-04-16
0KEXtsv0M5M,UgxirZgbVtilvilXd0N4AaABAg,@만두귀신-f9i,"은행은 하루 10알이면 충분해요.
30알 넘게 먹었다가 머리가 아파서
두통약 먹은 기억이 몇 번 있어요. ㅠㅠ",0,2026-01-27
0KEXtsv0M5M,UgzuMjHqFW6pOYzZKLF4AaABAg,@lotus3110,발사믹 정보좀요~,0,2025-04-18
0KEXtsv0M5M,UgyqmD4EcXphc2oH-Yx4AaABAg,@김현정-q8q3n,"와~~ 대단대단
너무 이쁜 새색시",2,2025-04-14
0KEXtsv0M5M,UgzlM0DOd8Euxegmqml4AaABAg,@와플이-o8c,하세요오~~~,0,2025-04-16
0KEXtsv0M5M,Ugz44G97AIcBNVNp56N4AaABAg,@Fsujftuj,아롱사태 안질긴가요?,0,2025-08-05
0KEXtsv0M5M,UgwBje0JUmqNI7a7fOl4AaABAg,@kking-Yeong,아롱사태 또 사러가야겠넹,0,2025-04-14
0KEXtsv0M5M,Ugyu4PBNl0T9wEzh3hR4AaABAg,@random-name-w2c,아롱사태 전골,0,2025-04-17
0KEXtsv0M5M,Ugz5WgzoKV9wYRYz4-t4AaABAg,@cytaap,쌀부터 조리하는거 안해봐서 너무 무서워 망할거같애,0,2025-04-14
0KEXtsv0M5M,Ugz1-9theBR1fJGgw294AaABAg,@났네화,?????,0,2025-04-22
0KEXtsv0M5M,UgzUP_JVIzu4PZ3ko3x4AaABAg,@gosavage9756,이분 진짜 요리 뚝딱뚝딱 하시고 하나같이 다 셍스만점 맛있어보임….,0,2025-04-17
0KEXtsv0M5M,UgyAWVkeEiV1faQ7E4B4AaABAg,@beluga9820,대벅,0,2025-09-06
0KEXtsv0M5M,UgwtDqKzBNp5pnb6VYx4AaABAg,@adfutd1352,"차라리이게낫지  
어디핑거푸드식 집들이올라오면
진짜미처돌아버려  맛잇다고
더없냐고 이럼 난어디서내나?
이게사실맞는거지",0,2026-01-14
0KEXtsv0M5M,UgwPE_uSZCsKQ6ohGqx4AaABAg,@rrrtt3819,아 근데 너무 나이드신분들이 좋아할 메뉴만 있는거 아니에용?ㅜㅜ20대 30대도 좋아할 집들이 메뉴 없을까용,0,2025-04-20
0KEXtsv0M5M,UgxRWo0mtYn6KI1L_G54AaABAg,@콩알셋-m3d,내 남표니야 미안해ㅜ 나도 이렇게 차려주는 아내가 되야는데ㅜ 앞으로 이거 보고 배워서 잘해줄겡😢,0,2025-04-17
0KEXtsv0M5M,UgwqJ3NfgIjhOZ9x6zV4AaABAg,@생명의오른손,아롱사태 전골 초대남 지원합니다,0,2025-05-07
0KEXtsv0M5M,UgzgYZjn_5L_kZbdVEF4AaABAg,@user-yk2eu8uu8u,누나 나랑 결혼하자,0,2025-04-16
0KEXtsv0M5M,UgzpAM59JzviDtDJ_bN4AaABAg,@hihiorange,여보,0,2025-04-19
0KEXtsv0M5M,UgzyKIqA2P1muosZ2jh4AaABAg,@태양-d6l9e,금손이시네요,0,2025-04-15
0KEXtsv0M5M,Ugz4Djh_9x5b-lQcO194AaABAg,@evisionTel,0:51 요 냄비는 채반이랑 세트인가요? 다른 유튜버도 쓰는걸 봤는데 데치기에 유용해보여요. 어떤 제품인지 궁금합니다.,0,2025-11-25
tyGZ-A2kf78,UgzqftiU5pXGwCnynAZ4AaABAg,@정-g3u,베리님은진짜 맛을 떠나서 너무 보기좋고예쁘게 잘만드세요 멋찌다룽...,3,2024-02-06
tyGZ-A2kf78,UgyGqdbN0IeNB5OfQsB4AaABAg,@jjjeoung,레시피쫌알려주세요,0,2025-10-02
A9K0cywztq0,UgzRLWiSqgO_D7WgTfp4AaABAg,@E777-q3i,앉지도 못하고 코스로 음식 해내느라 먹는 사람들은 좋았겠지만 고생이 넘 많으세요 대단하세요,807,2025-01-26
A9K0cywztq0,UgwOahdXlkBtLJ62XH94AaABAg,@반짝반짝빛나-e1q,와 정말 대단하세요! 음식 솜씨도 손님 대접 정성도 진짜 대단하십다!! 🎉🎉🎉,412,2025-01-25
A9K0cywztq0,UgxQ12wUBTSrqfb2KK14AaABAg,@트리니티-x9w,입가에 미소가 😊 볼때마다 입을 다물지못하네요. 센스도 요리솜씨도 뭐하나 빠지는게 없으세요😊,173,2025-01-23
A9K0cywztq0,UgzKf8U-dhCz1aP6RLx4AaABAg,@미선한-z3e,"정말 대단하세요❤❤
요리못하는 게으른 저한테는 하느님같은 존재😂❤❤",144,2025-01-23
A9K0cywztq0,UgwD0s-8E6Gf2_GAT214AaABAg,@하늘바다달빛,"대단하시고~~^^
저 자리에 있는 분들 부럽고^^",54,2025-01-25
A9K0cywztq0,UgyJlcgbBoo-ZETIikN4AaABAg,@작은비치-d6j,"와~!! 부럽고요~♡ 가족과 이웃에게 늘 맛난 음식과 따뜻한 사랑으로 대하심이 진심이라 참 귀하세요~^^
음식을 기쁘게 만들어내시며 나누시는 섬김이 복된 손길이라 늘 존경스럽네요~~♡
주방에 관해 조금씩 배워가는 일인이라 많이 배우고 있어서 감사드리고 응원하네요...ㅎ",131,2025-01-23
A9K0cywztq0,Ugy6Ax1Pi90ix1ElaVt4AaABAg,@Lkkhff,저 정도 음식을 장만할수 있도록 장볼수 있는 경제력 능력자 남편,223,2025-01-27
A9K0cywztq0,Ugwe0uHNy9HurSmcSYJ4AaABAg,@나노폭스,"나도 집에 손님 많이 초대했는데, 지금은 무릎이 아파서 ㅠㅠ 힘들지만, 그때는 모두가 즐거웠죠~ 건강할 때 즐거운 시간 보내시길 바래요!!^^",21,2025-01-28
A9K0cywztq0,UgxAV51xTy8JJTT2c1t4AaABAg,@이지연-g7u,어려보이는데 대단하네요~~보통솜씨가 아니넹,37,2025-01-25
A9K0cywztq0,Ugzww56rFzdc86883554AaABAg,@달린다하니,준비를같이하고 음식을 먹을땐 다같이즐겼으면 좋겠어요 😢,69,2025-01-29
A9K0cywztq0,UgySa23JlJxvTswJngR4AaABAg,@김윤정-f1y,"뚝딱뚝딱 부러워요~~
주부로써 반성합니다~!!

스테이크와 야채샐러드 딱 제스타일~😊😊😊",35,2025-01-23
A9K0cywztq0,UgzlvER47cajfpMd4up4AaABAg,@몽실맘-p9r,"손도  빠르시고  음식도  잘하시네요 
저런 능력이  부럽네요",22,2025-01-26
A9K0cywztq0,UgxP5vR14j4g49e6Ls14AaABAg,@ymk6063,와 정말 고생많으셨네요. 맛있고 정갈하게 잘 차리셨네요❤ 근데 뒷정리 상상하니 후덜덜입니다.ㅎㅎ,49,2025-01-28
A9K0cywztq0,UgyPwyDGSC6-ALpmvZJ4AaABAg,@Chiho33,보는내가 왜 지치는걸까요.. ㅋㅋㅋㅋㅋ 저 음식을 드시는 분들 부럽습니다🥹,95,2025-01-23
A9K0cywztq0,UgzENzwemBbuVi4gVZ94AaABAg,@머리어깨-t7x,"재력이 넘치니 한우스테이크로 척척.. 
부잣집 집들이 좋네요",145,2025-01-27
A9K0cywztq0,UgzwCDh6Fz1is1rHFrZ4AaABAg,@밍크목도리,요리재료의 컬리티가 일반 서민이랑 격이 다르네요 주인장님의 재력이 느껴져서 부럽네요,40,2025-01-27
A9K0cywztq0,Ugw4hbUZJ2JETCdb3wZ4AaABAg,@통-u7i,"우리도 오늘 집들이 했어요
회 주문하고
LA갈비 하고 그냥 밑반찬  정도요
ㅎ 하이라이트는 매운탕에 라면 끓인게 😅😅😅😅",27,2025-01-26
A9K0cywztq0,UgzWd9b6DmTaSIhwBIp4AaABAg,@이선주-y6j8p,나는 못하고 하고싶지도 않을듯.진짜 대단하시네요.존경,6,2025-11-03
A9K0cywztq0,UgxlZIG2YtHq4NCXD-J4AaABAg,@jadoosatang12,"저희 엄마랑 비슷하세요 본인 먹는것도 좋아하시지만 다른사람 맛있게 해서 먹는걸 보는것도 좋아하시거든요ㅎ 음식은 장보고 손질,  요리, 치우고 정리까지 보통 손가는게 아니잖아요 대접받는 분들도 감동하셨겠네요ㅎ",34,2025-01-28
A9K0cywztq0,Ugx4FdEF088bV0JFHrp4AaABAg,@bilgeshin4714,어쩜 그릇도 이렇게 센스있게 잘 사셔서 파리는것도 맛깔나고 이쁘게 하시는지 ... 부러워요. 저는 ... 뭘해도 일단 생긴게 망함 ..😂😢,5,2025-02-22
A9K0cywztq0,UgyPxwKC7GjH2rKAHHR4AaABAg,@임미애-t4i,"요리를 잘하고 못하고를 떠나서 대용량의 요리를 한다는것 자체가 대단하다고 생각함다
그리고 뒷정리는 어떻고요
혹시 남편님이 다 해 주시나요...?",6,2025-01-23
A9K0cywztq0,UgwD6sb4SE82BEfBj7h4AaABAg,@핑핑희-n6y,진짜. 고급지다,25,2025-01-23
A9K0cywztq0,UgzdGQz_8kpQtkciKPl4AaABAg,@서지영-e9x,와~~대단하십니다^^,8,2025-01-25
A9K0cywztq0,Ugy8zHhbn-DGTgYJ3qt4AaABAg,@jih.391,도마 높이가 높아서 어깨가..수고하셨네요,4,2025-01-27
A9K0cywztq0,UgwcMd_N7-u8SoVezOt4AaABAg,@a36626427,"코펜하겐 넘이뻐오ㅡ
음식도 잘하시고
멋지세요",4,2025-01-28
A9K0cywztq0,Ugw4IOF86HtZ1TvVt014AaABAg,@유연숙-m8y,"70인데 나도 4,50대는 저랬지 많이 해서 잘 드삼 젊음이 최고 ㅡ",9,2025-01-26
A9K0cywztq0,UgxhiY4yASFU1i8Rw5Z4AaABAg,@리피오나,와.... 6시간! 저는 유튭보고 하나 요리하는데 1시간40분ㅋㅋㅋㅋ당분간 안할듯..😂 친하게 지내고싶네요❤ㅋㅋㅋㅋ요리하느라 고생하셨어요!,0,2025-03-11
A9K0cywztq0,Ugwk5RGfADRCsDkkOmR4AaABAg,@정년한,"와~~대단하십니다👍👍👍👏👏👏
세프님인가요?😂😂",3,2025-01-27
A9K0cywztq0,UgzpKHY-SqI4spLWf494AaABAg,@엥두초,"진짜  음식에  진심  이세요.❤❤❤
솜씨,맵씨  뭐하나 빠지는 게 없어서
넘나 부럽네요.^-^♡",0,2025-11-23
A9K0cywztq0,UgztqcUg46XIX8tw5Ul4AaABAg,@cookbyeunjung5972,"이유님들 그동안 많이 기다리셨죠?!
(기다렸다고 말해줘요🫶ㅋㅋ)
정말 오랜만에 업로드하는 요리영상입니다
영상이 너무 밀렸어요 ㅠ

얼마 전 캐나다에서 친구가 놀러와서
오랜만에 지인분들 초대해서 파티했어요~~
무려 6시간 집들이!??
집들이하다가 하루가 다 갔어요🤣

메뉴는 총 5가지
부라타치즈샐러드
굴마리네이드
석화찜
한우모둠스테이크
불고기파스타

전 집들이 준비할 땐
플레이팅 그릇부터 준비해요
세팅이 준비가되면 그때부터 재료 손질하고 요리를 시작합니다
부라타치즈샐러드 소스로
특별한거 없이
널리브, 레오나르디 발사믹, 소금, 후추 준비하면
엄청 고급지고 맛있는소스 순식간에 완성~~ :))

스테이크도 미리 소금 후추로 간하고
널리브로 마리네이드 한 후,
1시간 뒤에 센불에 약간 태우듯이 구웠어요^^

2편은 내일 업로드할께요☺️

#6시간집들이",60,2025-01-23
A9K0cywztq0,UgwHWrGKZ2kMOIZ-uuR4AaABAg,@trytrue777,"우아 요리품격이 다르네요~레시피랑 주방도구도 좀 공유해주세요!!
저렇게 고급지게 먹고싶다ㅠㅠㅠ",2,2025-01-28
A9K0cywztq0,UgzpX9XbTGJVrxOJEMJ4AaABAg,@난하-x4t,칭찬합니다.노력과 정성 ~ 우러러 봐지네요~~,8,2025-01-26
A9K0cywztq0,UgxAmDlfFQM4hfKLnKt4AaABAg,@홍승범-g5l,"정성이...
댸댠하심~~!!!",5,2025-01-26
A9K0cywztq0,Ugzxv0wac0vGqyO7Mdl4AaABAg,@pass337,"정말 대단하세요...
50대 중반  손목이 아프고 여기저기 몸이 너무 아파요.. 젊을때  몸 아끼세요..",2,2025-11-14
A9K0cywztq0,Ugyzz1ipzw_SvmVd7rJ4AaABAg,@soimodf,엄마였으면 좋겠다 와이프였으면 좋겠다 라는 생각이 드네요 언제나 멋지십니다,16,2025-02-06
A9K0cywztq0,UgzB4IWIJ01fsH6cKL54AaABAg,@jiny5822,볼때마다 대단하세요 작은체구에서 대량음식을 뚝딱뚝딱하시는거보면 진짜 대단하셔요ㅠㅠ❤,0,2026-03-14
A9K0cywztq0,Ugzf31N6ZqRsoxiDqKJ4AaABAg,@user-pt3hj9qx3l,"이정도 재료비에 노동력들이려면 외식이 나아요 ㅜㅜ
고생하셨어요(경험자)",23,2025-01-27
A9K0cywztq0,UgxmZGysNAktc4UPgv54AaABAg,@elyse-k8l,콘텐츠 찍으려 6시간 고생하셨어요,2,2025-11-29
A9K0cywztq0,UgwD1s0_J7zFn0sa1YV4AaABAg,@나누리-m1j,"볼때마다 경이롭다
요리 싫어하는 못하는 나로선 ㅎ",21,2025-01-23
A9K0cywztq0,Ugx5G7gkgJNe1oHYSeF4AaABAg,@acetop23,애기같은 얼굴로 살림 최소 30년 한것 같은 손놀림..센스에...이건 재능이구나 싶네요~  ㅎ,0,2025-03-22
A9K0cywztq0,UgyH7w8bWgX8ir5cpWF4AaABAg,@둥이둥이-m1b,"아니 어떻게 한명도 안도와줌?
좋아서 하는거겠지만 나만 요리하고 있고 다들먹고 있어
서러워ㅠ 지금은 좋을지 몰라도 나중에 애크고 나이들면 힘들어요
주부 21년차의 경험입니다ㅠㅠ
요리는 겁나 잘하시네요!!^^",0,2026-05-23
A9K0cywztq0,UgyjY-ec-0Tsy_bVj3R4AaABAg,@미쁘다-o4u,진짜 손 야무지시네,3,2025-01-26
A9K0cywztq0,Ugxi4bBWzBe1m10D5dZ4AaABAg,@구로동쟌,집이 대게 좋아보여요.. 어딘가요??,0,2025-01-26
A9K0cywztq0,UgyQCIAUVU83R6Vo5iF4AaABAg,@KiwoogChung,무튼... 부럽고요... 행복한 모습에 항상 부러울 따름입니다!^^,0,2025-10-11
A9K0cywztq0,UgwZtAKlXve9LxmPcbd4AaABAg,@줍줍이집사,"음식 차리시는 센스가 엄청나시네요
남편분이랑 아드님이 엄청 복받으셨어요🎉",0,2025-12-09
A9K0cywztq0,UgzlMseMK6bMHd_CwIF4AaABAg,@비비안-n2z,"같이앉아즐기는문화가되었으면합니다
요리는여자만해야하나요?",5,2025-01-27
A9K0cywztq0,UgxasINK09Z5H2Wn39B4AaABAg,@라일락-j5b7s,일류요리사  뺨치는솜씨네요  너무 대단하십니다,1,2026-01-30
A9K0cywztq0,Ugw6xahKLoNP_PfnBMx4AaABAg,@이지원-m3r9w,혹시 음식시작전에 뿌리고닦는게 어떤건지 알수있을까요 저희집주방이랑 너무같아서 여쭤바요,0,2026-06-12
A9K0cywztq0,UgyLcKcQccwvNf44G414AaABAg,@j크르스티나,"정말 존경스럽네요~
댓글은 자주 못남기지만
자주보면 살림 팁도 많이 얻고있습니다~",2,2025-01-23
A9K0cywztq0,Ugxg7jcUQDLrIsGnR-F4AaABAg,@복숭아푸딩,"대형접시 어디서 사셨나요?
넘 이뻐요~~
그 사이즈에 이쁘기까지~~",0,2025-11-26
A9K0cywztq0,Ugw9OO9qdb3IN-2rpOB4AaABAg,@아빠밥주세여,캐나다에서 오신분 양식보고 놀랬겠어요ㅋㅋ 한식 기대했을듯ㅋ,1,2025-02-05
A9K0cywztq0,UgzYSWPEjerEMS_sX2l4AaABAg,@태정태세문단.속,진짜 천성이 꼼꼼하고 부지런하신거같아요,0,2026-01-16
A9K0cywztq0,Ugy2OxsV2oTmRlK3eah4AaABAg,@김진희-l3h7u,"볼때마다 항상 감탄하며 봐요
살림이며 음식 그리고 주변분들 챙기는 것도 ...
스테이크 구웠던 후라이팬 어디껀지 궁금하네요?",0,2026-01-13
A9K0cywztq0,Ugy6vm2KvR58G5ZArzp4AaABAg,@행복-g2c,볼때마다 참대단하십니다 직업이 무엇인지 궁금해요 😊,7,2025-01-23
A9K0cywztq0,Ugy0nUv5-4LqFIRvHop4AaABAg,@peaceful-e9x,와~~~정말 대단하십니다,1,2025-01-25
A9K0cywztq0,UgzBGOjQc1m8YoQC60l4AaABAg,@현동양-d8w,정성이 정말 대단하다,4,2025-01-27
A9K0cywztq0,UgwxnxwoZTG_y83cR0V4AaABAg,@vjfisjwnci-76j,공감되네요 ㅎㅎ 하지만 차리는거보다 치우는게 더힘들다는 ㅠㅠㅠㅠ 화이팅!!,0,2025-12-02
A9K0cywztq0,Ugy4hn7gBMqQY564Nv14AaABAg,@AEK-w7b,"힘이 장사 입니다.
장보는거 진짜 힘들고 재료손질부터 완성된 음식까지.진짜진짜 칭찬합니다.😊",0,2025-11-25
A9K0cywztq0,Ugx1XM-Hcl44RsnKvbh4AaABAg,@숙희강-n5d,고기 굽는 펜 어디 제품인가요?😅,0,2025-03-03
A9K0cywztq0,UgwiVyxDqBMlcnc-xHx4AaABAg,@순종이-f2m,진짜 고생하셨네요~,0,2025-04-24
A9K0cywztq0,UgwrS3gx9KfDcEo7Zfh4AaABAg,@김충곤-m3r,이분 가정에 음식에 진심인듯 남편분 부럽씁니다 행복하게 사세요^^,0,2025-12-26
A9K0cywztq0,UgzBB_aVx4PlhN7QFqZ4AaABAg,@7oj7k,"젊은분이 대단하시네
그릇도 예뻐요",0,2025-01-30
A9K0cywztq0,Ugz-FK1yPdZ5dtcSiLl4AaABAg,@mccol1298,"앗 이분 동생한테 대용량 해주시던분이군요!
오랜만에 알고리즘이 안내를~ㅋ",0,2025-01-28
A9K0cywztq0,UgyE3ukdWbP1Hi0t0fh4AaABAg,@인터스텔라-y9u,진짜 넋나간거 같아서 안쓰러워보여요 고생하셨어요,0,2025-09-07
A9K0cywztq0,UgyqwgZzA5a2jWFfIVR4AaABAg,@박선희-v8k,저렇게 썰은 음식 담아내기 편하게 만든 도마도 있네요,0,2025-03-04
A9K0cywztq0,UgwxRB26wu073bPh26p4AaABAg,@둥이맘-i9z,에어후라이기 정보 부탁드려요!!,0,2025-03-22
A9K0cywztq0,UgxHpJP9nl0Gd81H-xZ4AaABAg,@유리에-m3z,꿈의 주방❤ 너무 부러워요~~,0,2025-01-31
A9K0cywztq0,UgxWmNzjrwLkJTin2CJ4AaABAg,@jeun_daily,어!! 저는 고기를 좀 덜 익혀주세요 😆😆😆,2,2025-01-23
A9K0cywztq0,Ugx3tJenzsyHrQCP9rF4AaABAg,@도날드덕덕w3p,젊은분이 넘 잘하네~~~~~참합니다~~👍🏻👍🏻👍🏻,0,2025-02-11
A9K0cywztq0,UgwGM3YZ0XHWbBYFoKN4AaABAg,@해피캐럿,장보는것만 얼마 드셨나요??,0,2025-01-29
A9K0cywztq0,UgxNvc83a48OvX3wnfl4AaABAg,@초록비-u1e,고기 구운 팬  어디 제품인지 알려 주실수 있나여?,0,2025-08-08
A9K0cywztq0,UgzHxxyb7vYkMqzqDht4AaABAg,@김진옥-l8j,집들이는 누굴위해...너무 고생하셨네요..스테이크는..너무...익었음..그리 할 분이 아닌데...힘들어보이셨네요,1,2025-10-23
A9K0cywztq0,UgyXdS4tC4Qw8274w5B4AaABAg,@하트뿅-o4v,음식정말 잘하시네요 밖에서  부페먹어도 될텐데  은근히 일이많죠 손님오면 개고생 ㅋㅋ 남편은 장식이구나,1,2025-01-26
A9K0cywztq0,Ugx-FsQJuMEUhR4beoB4AaABAg,@illliiillililill,혼자서 저 많은 양을 준비하고 넋 나갈만 하시네요 ㅋㅋㅋㅋ,0,2025-01-29
A9K0cywztq0,Ugy_8livp6oCwJlQdkB4AaABAg,@은숙채-f7k,혼자한거 맞아여???,0,2025-12-30
A9K0cywztq0,UgwKvOiG_5QvJ8H7s8B4AaABAg,@큐큐-y7b,요리도 재능인듯 일만 하고 살아서 요리는 통 안해봐서  저렇게 집들이 음식 엄두도 안남😂😂😂😂,0,2025-03-27
A9K0cywztq0,Ugx_HacsPN21yfAfoxl4AaABAg,@휘뚜루마뚜루-p5t,"주변에 이렇게 살림하는 사람을 본적이 없음😅
다 배달이고 쉬운 한식
이 분은  거의 전문적으로 요리 배운 연예인 주부같음",0,2026-02-25
A9K0cywztq0,UgzkttGV9mAgbgIVqKt4AaABAg,@hyunsookhwang1934,인덕션 칙칙 뿌려 닦으시든데 몰 뿌린신건지 궁금합니다,0,2025-01-26
A9K0cywztq0,UgwznpI4Nk-DZBBGoKJ4AaABAg,@핸들은뭐니,"채소 뭐 넣고 세척하세요?
배달음식 없는 정성 가득한 집들이음식이네요",5,2025-01-26
A9K0cywztq0,UgwqO7XvQ88lIJcZHsB4AaABAg,@이이석엽,소고기 기름 튀는거 어마어마해요  저희는 전원주택이지만 소고기는 마당에서 굽는것로 철칙이에요,0,2025-10-09
A9K0cywztq0,UgwoGfCbo3pQ_5qX_6N4AaABAg,@김형남-c9e,참잘하신다.애기나와네❤,0,2025-01-23
A9K0cywztq0,UgyskMp9okKry6F4hzt4AaABAg,@화니유-o2e,고기굽는팬은어디제품인지 알수있을카요?,0,2025-01-29
A9K0cywztq0,UgxKznQQ1pygNScHxw94AaABAg,@cms93067,연약해보이시는데  음식하시는거보면 대단하세용❤❤❤,0,2026-06-05
A9K0cywztq0,UgzSUPrDGRpbjSrYCRl4AaABAg,@플라워-m7y,식탁의자 어디제품인가요?,0,2025-01-27
A9K0cywztq0,UgwqM-x8DjRAbQoMfaJ4AaABAg,@밍이-p2m,"요리 실력이 대단하시네요🎉
스테이크 팬이 전골팬인가요..
아님 궁중팬인가요?",0,2025-02-12
A9K0cywztq0,UgwbnrFK2TYtsdJ-MdR4AaABAg,@김영란-d1z,어쩜 이리도   요리를 잘하나     부럽  이집은   식비가 많이  들겠네,0,2025-07-23
A9K0cywztq0,UgybCqi9YBTV9vP3i3t4AaABAg,@써니텐-u9x,유튜브 방송 요리 인가 아님 진짜 살림 잘한다. 요리 맛나겠다 먹고 싶다,1,2025-12-15
A9K0cywztq0,UgxA_doZ6E0HU8-GV614AaABAg,@이미자-c6p,척척 차려내는음식솜씨부럽 예뻐요,0,2026-01-26
A9K0cywztq0,UgwjsYZdCwonu6xkJNJ4AaABAg,@잔나사랑해,주방상판 세척시 스프레이랑 야채씻을때 넣는세제 정보 부탁드려요,0,2025-10-26
A9K0cywztq0,UgyC7PoiefBwGTBv7_h4AaABAg,@migogi5092,"저도 손님 초대 좋아서 
준비하는거부터 좋아서~~  
즐기지않으면 못해요~~
실력이 워낙 뛰어나시기 때문에 
방출하셔야 됩니다😂😂
무조건요~~  ㅎㅎ 
제가 요리한거  안남기고 다 드시고 가시는게 제일 행복 ~~^^",0,2025-09-28
A9K0cywztq0,Ugz3NvpZLeRDBvgl5FF4AaABAg,@날사랑해브러,"요리 도구들이 좋네요
멋집니다.",0,2025-12-01
A9K0cywztq0,Ugwa5TT04oW_c6bzt5p4AaABAg,@맹꽁-t5r,야~~ 부지런하당~~,1,2026-01-15
A9K0cywztq0,Ugxi7EweScmMOD_GeON4AaABAg,@user-dy8yy5ry4j,미나리 씻을때 뭐 뿌리는건가요?,0,2025-01-27
A9K0cywztq0,UgwLL98QfLjR7tBwDL94AaABAg,@아티-o3w,야채과일 세척제 뭘로 하시는 걸까요?,0,2026-05-31
A9K0cywztq0,UgzCli2qGXu8y8HJyLl4AaABAg,@쏘쏘-e1l,도마가 높아보여서 어깨가 무지 아플듯 보여요ㅜㅜ.,2,2025-01-26
A9K0cywztq0,UgyBscvFNYlppsDC01R4AaABAg,@무소유-g4y,정~~~~~말 대단해요,0,2025-07-16
A9K0cywztq0,UgwBlzU3-7uYOC7vdeV4AaABAg,@코코배추,음식솜씨 진짜 최고최고❤❤❤❤❤🎉🎉🎉🎉,7,2025-02-06
A9K0cywztq0,UgxFBgj_4SO931gMvkN4AaABAg,@e8m9z,존경스럽네요.우와!,0,2025-02-10
A9K0cywztq0,Ugy2LND4Z52fEW7xvB14AaABAg,@초천재-b3s,굴찜 할때 쓴 전자렌지 같은거  뭐예요?,2,2025-01-27
A9K0cywztq0,Ugye_joDeZOpgj2y_-94AaABAg,@김명숙-x7m8d,고생하셨어요,0,2025-01-29
HwNbhi-ASlc,Ugx4k_ymD0yi5iQ3n7l4AaABAg,@Ming-bl1rm,혹시 토마토 등갈비 요리 레시피 알수있을까요??,0,2025-03-12
VmBrBCLjKAo,UgwIEjEowox6SizJNBt4AaABAg,@냠냠링,6:29 새송이떡갈비,11,2024-03-10
VmBrBCLjKAo,Ugy6WXUE2taZ89pBEPx4AaABAg,@jeeyonhong4510,"손이 무척 빠르고 푸짐하게 해서 꼭 제 스타일이네요. 유튜브 많은 요리 채널에 젊은 분들이 하는 요리가 맛깔스럽지 않은데, 정말 남편은 복으신 분이네요",0,2026-04-20
VmBrBCLjKAo,UgztcAXTc352T8j4zY54AaABAg,@Kangsaetbyeol,"집들이메뉴,, 참고해서 잘 준비해볼게요!! 도움 많이 됐어요!",0,2025-09-15
VmBrBCLjKAo,UgzllhbKwwzJ_gha1Bt4AaABAg,@princezelly,최고에요 제가먹거싶어요...,0,2024-09-02
VmBrBCLjKAo,Ugz_ogCa6ZRgFDTmHtJ4AaABAg,@sushidushi8472,"솜씨가 대박이다, 댓글 안 달 수가ㅜ없네요.",9,2023-12-09
VmBrBCLjKAo,Ugy9FHsk8J0f4vqAgIx4AaABAg,@conyconycocoy,요즘 이렇게 직접 요리해서 집들이 하는게 흔치 않은데 대단하시네요😊,34,2023-09-26
VmBrBCLjKAo,UgwSgbn3-aGUrvs_ANt4AaABAg,@dkssudgh6747,곧 집들이 해야하는데 이 영상 보면서 따라해보려고 해요~~! 참고영상 감사합니당❤,3,2023-12-13
VmBrBCLjKAo,UgxPd9Ldt4eE59ebVUx4AaABAg,@꽁이-c3n,안녕하세요 넘 뚝딱뚝딱 잘만드셔서 구독합니당 ㅎㅎ 혹싀 다진마늘 소분용기는 어디꺼쓰시나요??,0,2024-09-02
VmBrBCLjKAo,UgzZLgEW99s9XrG5Z-l4AaABAg,@리하-l2h,다짐육 몇 그램 구매하셨나요?,5,2024-03-16
VmBrBCLjKAo,UgxiQzIfPiTO3TCGcWx4AaABAg,@Akbarali-wf6qo,Hi .I'm from india .this is my first time watching your vlog and I immediately subscribed you.your cooking is very inspiring. 😊❤,1,2023-12-25
VmBrBCLjKAo,Ugz0J-iH73r5sNZ19zN4AaABAg,@yooweon9,좋다..❤,3,2023-09-08
VmBrBCLjKAo,UgzwcaDbsfdp3r2B9TJ4AaABAg,@9189boys,달걀껍질에 살모넬라균 있으니까 도마 위에 올리지 마세용,0,2024-08-18
VmBrBCLjKAo,Ugwpox23YK0K-jnHwPN4AaABAg,@윤자네일상,대박~~~~👍👍배워갑니다ㅎㅎ,4,2023-09-26
VmBrBCLjKAo,Ugzb33nf3dy2_43EEot4AaABAg,@ddoo5456,음식들ㅇ너무 맛있어보여요ㅠㅠㅠ혹시 새송이떡갈비 고기 몇그램 기준일까요???,0,2024-03-28
VmBrBCLjKAo,UgwOh8UFtqUhKS3td294AaABAg,@신주영p3q,손크신거 너무좋아용 ❤,4,2023-12-18
VmBrBCLjKAo,UgweSmokMRf7-zLgkmB4AaABAg,@dkk-e7w,"감자대신 고구마로 똑같이 하면, 고구마고로케가 되는거죠?",0,2026-05-20
VmBrBCLjKAo,Ugy-0BkLwG6rn-hFm0h4AaABAg,@Nyofama_golf,저도 새댁인데 한 솜씨 배울 겸 구독 눌렀어요❤❤❤,2,2023-10-16
VmBrBCLjKAo,Ugwvw6NQ8_B2vF-Dk8F4AaABAg,@랑이-v8c,혹시 불고기 양념도 다짐유600g으로 맞춰 적어주신걸까요?!,0,2025-04-10
VmBrBCLjKAo,UgxOrs2WlgNLi4S3PhN4AaABAg,@yhl5571,"혹시 새우는 어느정도 되는양을 튀기셨을까요?
글구 혹시 새우 어디서 구매하셨는지 알 수 있을까요? 튼실하고 크기도 좋아보여서요 ㅎㅎ",0,2024-02-23
VmBrBCLjKAo,UgyYfj_TCUh6yrneuJR4AaABAg,@이민정-e6u7f,"집들이메뉴중에서 제일 맘에들어요.
눈요기가아닌진짜 맛도있고 맛있게잘먹을음식들로만한거같애서
진짜 최고예요... 진짜 감탄하고갑니다.
2차메뉴준비과정도 있으면좋았을텐데..
눈으로참고하고갈게요 ㅎㅎ
너무잘봤습니다. ^^ 
아참. 감자는 뜨거울때 으깨는게 잘된다고들었는데. 으깨는거까지 미리 해놔둬도 될까요??",24,2023-09-13
VmBrBCLjKAo,Ugx7GkBLhXH8DgKcKP54AaABAg,@fgm8287,멋진 아내시네용😊,5,2023-08-23
VmBrBCLjKAo,Ugx-__qEQWCvOa7YvqZ4AaABAg,@yurikim88,"안녕하세요, 남편. 회사 사람들 집들이 온다고 해서 집들이 영상 여러개 봤는데. 주먀님 영상 너무 잘 봤어요. 감사합니다!! 

새송이갈비 저도 만들려는데, 굽는 거 빼고 미리 하루 전날에 만들어놔도 괜찮을까요? 당일날 만드는 게 맛있을까요.?",0,2025-07-09
VmBrBCLjKAo,Ugz8eFLoq8C4l3yzvFp4AaABAg,@함귤,찹쌀물은 어떻게 만드신 건지 조언 구할 수 있을까욥...?!,0,2025-07-31
VmBrBCLjKAo,Ugx-rYaDO5O_6xOYMmt4AaABAg,@밍크베이지,좋아요❤,2,2023-11-06
VmBrBCLjKAo,UgyiZ41WhuyBCO-jtPx4AaABAg,@성유-s9k,고생하셨네요~,3,2024-01-16
VmBrBCLjKAo,UgyBG9Rp7RAY5sWtoBN4AaABAg,@whadayou,새우튀긴 후 소스와 소스용량가 궁금해요.,0,2024-02-22
VmBrBCLjKAo,UgwxE3dIIHpHpDbN_1J4AaABAg,@행복하_지우,"혹시 테이블 1600,1800 길이 어떤거에용?? ㅠㅠ😢",0,2024-08-20
VmBrBCLjKAo,Ugzr90pFLzGqnqwmjtJ4AaABAg,@yeobong-dakbal,나무도마 어디서 사셨는지 알수있을까요?,0,2025-09-26
VmBrBCLjKAo,UgynOAYcZBBYIFro5Yh4AaABAg,@옥수수콩인데용,전부치고 전모아놓은소쿠리어디서샀나요?,0,2025-02-01
VmBrBCLjKAo,UgyhsRFXn-i9DtJjTK54AaABAg,@Young-xm4kt,새송이 넘 두껍게하면 질기니 주의하세요!!,0,2025-11-06
VmBrBCLjKAo,UgwrxrF_6q0Bk1KxJrl4AaABAg,@kitsch777,와아..친구들 집들이때 참고할게용👍근데 새송이 떡갈비 다진고기 양은 얼만큼 준비하셨나용~~,2,2023-10-21
VmBrBCLjKAo,Ugyq7wiiUGrw0-ERiUd4AaABAg,@파리정,우와 저도 집들이 요리를 해봤지만 이렇게 먹음식스럽고 사랑스러운 요리는 처음이네요 하나하나에 정성이 가득하네요 집에서 따라서 해먹어볼게요!,10,2023-09-26
VmBrBCLjKAo,UgxEcyK0HDFCtnUerhJ4AaABAg,@haram_튜브,불고기몇그람인가용ㅎㅎ,0,2024-11-22
VmBrBCLjKAo,Ugyecwe6pvKiMidetzl4AaABAg,@gracecanlas,Epic meal! You did well!!,1,2023-11-09
VmBrBCLjKAo,UgzdpTnsGx3nhApd7iB4AaABAg,@xX_unnamed,떡갈비는 맛도 있고 보기에도 멋져서 손님 대접용 요리로 좋겠네요~꼭 해봐야겠어욯ㅎㅎ 혹시 사용하시는 실리콘 집게 정보 얻을수 있을까요?,2,2023-09-19
VmBrBCLjKAo,UgxAwrIoYHCgm68eVBR4AaABAg,@wrqqr,ㄷㄷㄷㄷㄷㄷㄷㄷㄷㄷㄷㄷ소름,0,2025-04-06
VmBrBCLjKAo,Ugz4DFbCb3mJsiSJ7154AaABAg,@또로도똥-z2m,뚝딱뚝딱 정말 잘하세요! 요린이는 부럽습니다,3,2023-09-17
VmBrBCLjKAo,UgzXcm3-3YTqQUobR1p4AaABAg,@김진아-b7v7m,"직업이 영양사님이신지, 조리사님이신지, 요리사님인가요?
남편 복받으셨네요😊",2,2023-12-16
VmBrBCLjKAo,UgzxvUiN5Mej3bbJP9h4AaABAg,@eunhyeseo6554,집들이 메뉴들 전부 따라해보고싶네요ㅎㅎㅎ감자으깨셨던 투명보울은 어디서 구매하셨을까요~~?,1,2023-09-21
VmBrBCLjKAo,UgydGMTBZAPvp6veuOB4AaABAg,@채여름-m2e,알고리즘에 이끌려왔는데 따라하고픈 메뉴들이네요 계속 다시보기하면서 따라해봐야겠어요~^^ 혹시 새우는 어떤거 구입하신거에요?,4,2023-09-21
VmBrBCLjKAo,UgwtuQZcDcS1WQRLJ6l4AaABAg,@kigd654._,"실리콘집게는 어디제품일까요😅😅

구독도 하고갑니다~~^^",2,2023-09-23
VmBrBCLjKAo,UgzapWn0K3NB5WJtNMB4AaABAg,@euyeobi,조합이 너무 좋고 쉽게 뜍딱뚝딱 하시는게 멋있어요..!,2,2024-07-30
VmBrBCLjKAo,Ugz16EubgUYdP0JVY_d4AaABAg,@kellyliza-x8d,아이디어 많이 얻어갑니다 다 맛나보여요 ❤❤,0,2025-04-04
VmBrBCLjKAo,UgzBIMrb6Nv72PBvhtx4AaABAg,@송희-f5q,"요리를 쉽게 빨리잘하시네요
소스 재료른 자막이나 더보기란에 메모가됐음 좋겠네요 궁금해요",0,2023-10-02
VmBrBCLjKAo,UgxYmebBcdgCvzvacxJ4AaABAg,@rapha-p2e,대단하시다. 다 내가 좋아하는 메뉴들~,2,2023-09-30
VmBrBCLjKAo,UgypFXKZ_LRuecE2ttt4AaABAg,@sae__hause,스탠 국자!!! 처음 알았어요!!!! 집에서 튀김이라니…. 진짜 부지런한 사람만 할 수 있다는…!,1,2023-09-03
VmBrBCLjKAo,UgybETg1HtC44Rb3FbZ4AaABAg,@ss-gq3ww,요리도 깔끔하게 지대로 하시네요ㅎ  후라이팬 정보 좀 알려주세요^^,3,2024-01-12
VmBrBCLjKAo,UgzQu6ok6As0QebqFEh4AaABAg,@jeongaejo7079,우왕♡따라해보고 싶은 음식이 많아요^^팁 얻어 갑니다.그리고 전 채반 구입처를 알 수 있나요?,1,2023-10-03
VmBrBCLjKAo,UgxsNRCsn3fTT2qBBfx4AaABAg,@누누눠너너너,"안녕하세용 잘 보고 있어요
따라하고싶은데 레시피 더보기란같은 곳에 써주시명 안될까용😂
요리알못이라 봐도 정확한 계량 없으면 못해서요ㅠㅠㅠㅠ",1,2023-09-24
VmBrBCLjKAo,Ugz--8jHzdEScUkRzeh4AaABAg,@이구월-i3y,칼 갈아서 쓰셔요~~ 다칠 것 같아요 1:50,1,2024-01-09
VmBrBCLjKAo,Ugz8OwwiSmWnbZQQu3N4AaABAg,@다노-u8u,저도 준비해보려고하는데용 찹쌀물대신 무엇으로 대체하면 좋을까요^^,2,2023-09-07
VmBrBCLjKAo,Ugxge1lRtHYRZcvgQDt4AaABAg,@유부니,안녕하세요!! 영상 잘봤습니다👍🏻👍🏻 혹시 새우는 어디에서 구매하신지 여쭤봐도 될까요?,1,2023-11-18
VmBrBCLjKAo,UgzjA_qM85VZ-8-p7UJ4AaABAg,@콩-2love,대단하시네요! 저도 결혼하면 도전해보고 싶어요👍 마음만요 .. ㅎㅎ,1,2024-01-14
VmBrBCLjKAo,UgzPsmXwWcoWNgh-JaV4AaABAg,@이지영-g7p3m,"안녕하세요~ 혹시 떡갈비 찹쌀물 필수 일까요...?! 대체되는 부분이 있는지 궁금합니다 
제가 요린이라서요 찹쌀물은 어떻게 만들면 될까요 ㅠ",1,2023-11-12
VmBrBCLjKAo,Ugxrf8qTssA6oZfb2bB4AaABAg,@홍봉금,국수소스가너무되직하면맛이덜해요^^,1,2023-12-09
VmBrBCLjKAo,UgzsJpf1OLXB8s_XWJJ4AaABAg,@wonjin__,"떡갈비소스만들 때 꿀 대신 
올리고당 넣어두 되나요?!!",1,2023-12-04
VmBrBCLjKAo,Ugw6URJoBs-5DF7SjGJ4AaABAg,@이가영-h5j,너무 잘 봤습니다! 혹시 밥그릇이랑 국그릇 어디껀지 알 수 있을까요?? 14:47,4,2023-12-21
VmBrBCLjKAo,Ugwk1ulnRb_R_St_fu14AaABAg,@박미나-n3w,"손톱색깔 예뽀요!!
어디껀지 알려주세요!!",1,2023-12-13
VmBrBCLjKAo,Ugz46E65N67_dHgYXel4AaABAg,@박두부-i3c,야채보관용기 궁금해요😊,1,2024-02-06
VmBrBCLjKAo,Ugxf5DgiyFeQFMcaC0t4AaABAg,@윰윰윰-p1l,저도 10월에 이사한후로 직접 요리해서 집들이를 네번 했었는데 이영상을 미리 봤더라면 도움이 많이 됐을거같아요 아쉽 ㅠㅠ 요리 뚝딱뚝딱 너무 잘하시네요 다음집들이때 참고해서 요리해볼게요 영상 재밌게봤습니다❤️❤️,1,2023-11-22
VmBrBCLjKAo,UgyR3-ExPgbM7pRpCcZ4AaABAg,@ryugong,"요리 잘 하시는거 부러워요ㅠㅠ
0:54 감자채칼 5:28 유리볼 정보 궁금해요",5,2023-11-01
VmBrBCLjKAo,Ugzg033CTkZL9Sr3df14AaABAg,@hyello-8002,김치삼겹 볶음 하실때 고기랑 김치는 어느정도 들어갔나요??,2,2023-09-26
VmBrBCLjKAo,UgyF3_klCMZKQnSAXEh4AaABAg,@byeo_rii,떡갈비 다진고기 몇그람 준비하신거에요??ㅎㅎㅎ 찹쌀물도 필수인가요?ㅠㅠ,2,2023-11-30
VmBrBCLjKAo,UgwlUxoc6Fh-DjfrlyF4AaABAg,@이혜선-m8q,고기는 몇 그램인가요?ㅠ이번에 처음 집들이인데 너무 떨려요...,1,2023-10-15
VmBrBCLjKAo,UgwiUMT_cYCQGYRpC_V4AaABAg,@White-qf3d,이렇게 전날 손질해두면 디데이에 몇시간정도 걸렸나요????,24,2023-10-25
VmBrBCLjKAo,Ugz73yvPwyoecptjpAR4AaABAg,@tofunyyon,불고기 고기는 몇 그램 하셨는지 여쭤봐도 될까요?,2,2023-08-31
VmBrBCLjKAo,UgyOWMwxWvndqogjSeB4AaABAg,@황금골드-z2p,스탠채망바스켓세트는 어디껄까요~아무리찾아도저런게 없어서요~😢,2,2023-09-22
VmBrBCLjKAo,UgxHuPMzOezUzEKfbuZ4AaABAg,@gajja-e8m,안녕하세용 떡갈비용 떡은 어디서 구매하셨어용?,1,2023-09-22
VmBrBCLjKAo,UgzVRGarAWCm13FBbah4AaABAg,@이민정-e6u7f,"싱크대.수전 일체 정보궁금합니다
  ^^",1,2023-09-13
VmBrBCLjKAo,UgwoFqQh7X8lM44spiR4AaABAg,@베로베로-c4x,"식탁 어디껀지 알고싶어요
그릇두요😊",1,2024-07-14
VmBrBCLjKAo,Ugyf_jIk5d3hQjfAzAp4AaABAg,@youngbromom,식탁 어디제품인지 여쭤봐도될까요❤,1,2023-09-26
VmBrBCLjKAo,UgwKZJehOxfwIuqI8ll4AaABAg,@뭉뭉이-s6q,찜기 정보 알수있을까용,0,2023-12-27
VmBrBCLjKAo,Ugwh1zcMcGKqOqfgbXJ4AaABAg,@스틱스-c7p,후라이팬  어디제품인지요,1,2023-12-17
VmBrBCLjKAo,Ugw2AGRqlf8lQFXwt2N4AaABAg,@여신미녀-b5c,바지락된찌 레시피는 왼쪽에안적혀있어요ㅠㅠ,1,2024-07-19
VmBrBCLjKAo,UgztqHWGjk_V7Llt1z54AaABAg,@dalddoong,떡갈비 고기는 소고기인가요?,1,2023-12-28
VmBrBCLjKAo,UgwmMNkzfeFI8lk8Et54AaABAg,@이희성-r9g,고기 몇그램인ㄱ가요?,1,2024-02-20
VmBrBCLjKAo,Ugw0_kzrxyoJ_4R37Vd4AaABAg,@SecretMember-n9d,쫌 치네예,1,2024-07-01
VmBrBCLjKAo,UgwqKNUvHEdFRy5yzNZ4AaABAg,@kamon9981,"칼이 않 들어
써는게 힘들어 보여요ㅠ",1,2024-02-10
VmBrBCLjKAo,Ugw9itkeYna1PkB6en14AaABAg,@치쁘릿,바지락이 아니고 동죽 같네요,1,2023-10-20
VmBrBCLjKAo,UgydKO5C5CPoxVVlIqh4AaABAg,@쑤우니,야채 보관용은 어디 제품인가요?,1,2023-09-24
VmBrBCLjKAo,UgxjBI11HZDivRv137F4AaABAg,@조윤주-l3c,찹쌀물은 어떻게 만드나요?,1,2024-01-05
VmBrBCLjKAo,UgxnYL-UDhYXBDM3lM54AaABAg,@dashoony,이게 무순일이곸ㅋㅋㅋㅋ😂피식했음 아...,0,2023-10-02
VmBrBCLjKAo,UgzRskEZ7kNC6PHD8wR4AaABAg,@woowoo_vlog,요리를 어쩜 이리 잘하시나요. 음식이 다 예뻐요옹. 영상 감사해요💛,8,2023-09-23
VmBrBCLjKAo,UgwFDEDY1ad1jXaGZLl4AaABAg,@임하영-y2n,너무 과소비로보인다 부잣집도이렇게는안먹던데,0,2023-10-02
CzUOlmE7OLg,Ugzpqv7FkWoL87EQ92R4AaABAg,@남편확대범_신혼요리,"▼ 10년 낭비 끝에 정착한 l 후라이팬 2개 살 돈으로 한 번 사면 평생 쓸 수 있는 ""가성비 스텐팬"" 보러가기▼
https://youtu.be/-f2yUnLrpII",3,2024-09-14
CzUOlmE7OLg,UgwMhsMe668snazFHDl4AaABAg,@haru5474,"손님 초대 요리 베스트 5 레시피 소개해주셔서 고맙습니다.
이렇게 맛있고 완벽한 요리를 먹으면 확대될 수밖에 없겠어요.                                                                                        like   758",2,2025-09-30
CzUOlmE7OLg,Ugwn0kky9dOCXpIwcuh4AaABAg,@쁘띠-l9r,"요리를  뚝딱  참잘하시네요.~ 따라하기  쉽겠어요,  감사합니다._^^",2,2024-08-21
CzUOlmE7OLg,UgwrtBn7wvY7x5apzjV4AaABAg,@릴라-g4e,새송이 떡갈비 넘 맛있겠어요~~~^^꼭 따라해볼게요🙂,1,2024-08-08
CzUOlmE7OLg,UgzgK2iiuXdxoTv0ISp4AaABAg,@최하늘-g7o,뒤집개 너무 귀여워요ㅋㅋ,0,2026-04-02
CzUOlmE7OLg,Ugxy2NCP_kLAH7Alral4AaABAg,@로쥬마리dd,너무멋잇어요❤,0,2025-03-22
CzUOlmE7OLg,UgxK6jqoxq55L6YLonl4AaABAg,@woniwoni-v6e,집들이요리로 좋으네요~,0,2025-06-27
CzUOlmE7OLg,UgzXLHLVxhvJiCeycwR4AaABAg,@한라904,"미역국 끓
일때 양파한개 통째로 넣어보세요~
맛이훨씬좋습니다
그리고 고기가들어가니 마늘조금넣고 끓여보세요~",3,2026-02-03
CzUOlmE7OLg,UgxBpxKzkMu-4FOKMRB4AaABAg,@이선영-v3k3h,"세상에나 예쁜새댁이신거 같은데요
어쩡이리 요리를 쉽게쉽게 잘하세요
54살 아줌마 감탄중~~~
너무 대단합니다😊",0,2025-04-16
CzUOlmE7OLg,UgxLvfJwXqKF_vW00eB4AaABAg,@Sera_98,와 진짜 저 도전해볼게요!! 요리하면 주방이 너무 오두방정이라 으으으 ㅠㅠㅠ 힘들어용,0,2025-11-11
CzUOlmE7OLg,UgwEsUxJVL56jane64J4AaABAg,@TheLeehawon,김치찜에 물은 몇g부은건가용?,0,2025-11-20
CzUOlmE7OLg,UgyovL6BFHFvPp5HrEB4AaABAg,@강영규-r1t,하루만에할수있는건가요?,0,2025-03-04
CzUOlmE7OLg,UgxSNTEhdEVEMFT-eFB4AaABAg,@밥없다,무등외식 에서 주문❤  꼬기 회❤,0,2026-01-27
CzUOlmE7OLg,UgycrHGKJf3zHXNbNq94AaABAg,@파랑지베자부계,새송이떡갈비 따라해볼께요 소고기 다짐육인가요?,1,2024-09-03
CzUOlmE7OLg,UgwQR-z7OCfl86_IjIt4AaABAg,@쩡윤-c8u,5가지 레시피 음식 몇인분 기준인가요?,0,2024-12-09
CzUOlmE7OLg,UgyM1dtyeBa4DvfhFI54AaABAg,@beyondy4614,"대단해요
김치찜ㅡ씻지말고
그냥요",0,2026-06-01
CzUOlmE7OLg,Ugw_8CJT9jNnhi26fwl4AaABAg,@김희성-k6r,네. 서울은 호박전은 애호박으로 부쳐요.,2,2025-02-11
CzUOlmE7OLg,Ugx29zNBaj49rPtnDHB4AaABAg,@mjh-sd7od,호박전은  애호박으로  하는거  아닌가요? 늙은호박은   아닌거  같은데요,2,2025-03-01
CzUOlmE7OLg,UgxznWJWDD32h8dPV6N4AaABAg,@조하은-x9r,다짐육이 소고기 인가요 돼지고기 인가요~??,0,2024-12-02
CzUOlmE7OLg,Ugw7OU-xAUgYAfZSHc54AaABAg,@살림일기,생신상 미역은 칼이나 가위로 자르지 않아요.손으로 잘라야 됩니다.미신이겠지만.싑게는 마른 미역을 잘게 부수어 사용합니다.,0,2024-08-20
-2Ot1tTeQK8,UgyIzmGRIy-CVpBrBpZ4AaABAg,@_foodie_jen,"손님초대요리 이걸로종결


아침메뉴,
홈브런치,
손님초대요리,

진짜로 어디에 내놔도 손색없고
그냥 미친맛..

제가 해먹어보니까
바게뜨빵에 하는게 꽤 중요한거같아요

저번에 반미샌드위치 해드시고
남은 바게뜨빵 있으시다면
이거 해드셔보세요!

없으시다면…
사….!
ㅋㅋㅋㅋㅋㅋㅋ

바게뜨빵이 주는 두툼하면서 겉바속촉한 식감과 함께
한입 베어물면 이 다채로운 맛들이 입안에서 그냥…

팡팡 터져요…

긴말 안할게요

너무 고오급진 맛인데
풍미 미치고 입안에서 파티 하는 느낌이에요…

내일 바게뜨 또사러가야지…


재료
바게뜨빵 반쪽
바질페스토
브리치즈
하바티치즈
방울토마토(올리브유,다진마늘1,소금후추 간)

토핑
파슬리(생략가능)
꿀(필수!)



-저는 아침으로 같이 먹으려고 스크램블 에그랑 감자구이 곁들여먹었어요!
-감자, 토마토, 빵 모두 처음부터 에프에 같이 넣어서 익히는것보다 
감자랑 토마토만 20분 에프에 먼저 돌려놓고 
나중에 5분정도 남았을때 바질페스토+치즈올린 빵 넣어 구우셔요! 
저는 다같이 넣었다가 중간에 빵만 미리 일찍 뺴놨더니 감자랑 토마토 다될때쯤 치즈가 굳어있어서 다시 넣고 좀 더 데워줬어요. 


Ingredients
- Half a baguette  
- Basil pesto  
- Brie cheese  
- Havarti cheese  
- Cherry tomatoes (seasoned with olive oil, 1 clove minced garlic, salt, and pepper)  

Toppings
- Parsley (optional)  
- Honey (a must!)  

I had this with scrambled eggs and roasted potatoes for breakfast, which paired really well!  

Instead of cooking the potatoes, tomatoes, and bread all together from the start, try air-frying the potatoes and tomatoes for about 20 minutes first. Then, with about 5 minutes left, add the bread with basil pesto and cheese on top. I made the mistake of putting everything in at once, and while I took the bread out earlier, by the time the potatoes and tomatoes were done, the cheese had hardened. I had to put it back in to warm it up again.",402,2024-10-15
-2Ot1tTeQK8,UgwMihOsFUwY-MqoQEN4AaABAg,@mint_choco58,요리하면서 세상 무심한 표정에 먹을 때 달달달 다리떠는 거 ㅋㅋ 이 분 매력터진다,1735,2024-10-15
-2Ot1tTeQK8,UgwPjlkHYRVA8_CAox94AaABAg,@jmkang318,설렁설렁 대충하시는것 같지만 숙달된 고수의 향기 ㅋ 이 언니 요리에 찐이신거,430,2024-11-28
-2Ot1tTeQK8,Ugy-cXM48t1EimE02m94AaABAg,@dopqm26gcbw-t1q,아니 근데 끊임없이 새로운 메뉴가 나오는게 진심 리스펙인데요?? ㅋㅋㅋㅋ 대단하시다,357,2024-11-05
-2Ot1tTeQK8,UgxiTQSqC1R46tcXB6R4AaABAg,@mikepark8025,너튜브 방황한지 10년만에 이제야 만났네. 적당한 난이도에 건강하고 세련된 느낌의 메뉴. 감사합니다😊,73,2025-01-11
-2Ot1tTeQK8,UgwgplriXbf-PiqYUs54AaABAg,@chloe.k9772,미안해요. 한국은 치즈가 너무 비싸서 못 먹겠어요.😂😂😂😂,175,2025-07-18
-2Ot1tTeQK8,Ugxa7ly9cQPHqJGxu8h4AaABAg,@User-hf93RxhbfEhoy,와 신기하네요 어떻게 이렇게 구도를 다양하게 찍지 진짜 프로 감독님이신가요,333,2024-10-17
-2Ot1tTeQK8,UgxO_z9mHH4ZYi0_PAB4AaABAg,@마클마클,"시니컬하고 
쿨한  목소리에  간단한듯  뚝딱뚝딱  할거다하고
먹을거다  넣어먹는  매력~있으심",27,2025-02-06
-2Ot1tTeQK8,UgwaZ3LL5sCaQFZ5Hhh4AaABAg,@sunny-ge8wg,이 언니 귀찮은듯한 목소리 넘 중독적이야😊,19,2025-01-31
-2Ot1tTeQK8,Ugzwaq_erCiSnfTnaZ54AaABAg,@봄날-q3n,딱 제가 좋아하는 스타일😊 뚝딱 너무 잘 하신다~에프 활용 진짜 잘 하시네요,93,2024-10-16
-2Ot1tTeQK8,Ugxk7rFymSzvwZ7VFlV4AaABAg,@호호님-g3v,카메라 구도는 이쁘게 잡아놓고 요리는 무심하게하는거 웃긴데 매력적이야... ㅋㅋㅋㅋㅋ  귀찮아보이는데 결과물이 좋네욤❤,153,2024-10-20
-2Ot1tTeQK8,UgxvNHAkFt9Ai4v8yT54AaABAg,@까자-n8x,늘 생각 하는건 이렇게 잘 드시는데 너무 날씬하신거 아닙니꽈..ㅋㅋ,31,2025-02-15
-2Ot1tTeQK8,UgxYfJkgktwQuicPXGN4AaABAg,@j.s4572,"무심한 말투 너무 매력적이네요😊
점점 떡상 하시는게 괜히 응원하게 됩니다 ㅎ
어쩌다보니 계속 보고 중독 되다보니 정주행중..😂",28,2024-10-16
-2Ot1tTeQK8,UgxE_7CwQpjJjg47XX54AaABAg,@treew03,처음부터 끝까지 사랑스럽다❤,22,2024-12-30
-2Ot1tTeQK8,UgzMqCzxxnYnHqutUoB4AaABAg,@Sue-sh6tf,다리 떠는거 넘 매력적이에요 ㅍㅎ,7,2025-01-16
-2Ot1tTeQK8,UgyrSMiGqh7rO9LKksl4AaABAg,@sukyokim473,"목소리와 스피드가 너무 마음에
드네요❤",8,2024-12-02
-2Ot1tTeQK8,Ugzt6pTgsCzqu6M-95l4AaABAg,@진서-g9z,"영상보고선 넘 매력넘치잖아~~ 라고 생각들었는데, 댓글들도~~저랑 같은 마음이시내요.
죄다~~ 저장 😂",7,2025-01-19
-2Ot1tTeQK8,UgzNy2AXQ0z2kVEytHV4AaABAg,@뚜루-r9e,아 진짜 맛잘알 ㅠㅠㅠ 바질페스토에 구운토마토 치즈 진짜 맛없없 조합이죠..거기다 감자에 스크램블까지~~ 절대 맛이 없을 수 없는 아~~넘 맛있겠어요ㅠㅠㅠ 저녁10시.. 야식먹기 좋은 시간 ...  빵 만들어 먹어야지~싶다가도..부엌가면 귀찮아서 그냥 밥이랑 반찬 들고와요... 😂 대리만족하고 갑니다~~~,19,2024-10-15
-2Ot1tTeQK8,Ugy0Da75OP4A_oKf8ix4AaABAg,@김은경-r1n,"넘맘에듬
공주병1도없어서
참
이쁘네요❤",6,2025-02-14
-2Ot1tTeQK8,UgyPVUKewqFQnQ5AkZx4AaABAg,@Msaeji_b,차아바타 빵도 맛있네요 ㅎㅎ 맛나게 잘 먹었어요!!!,4,2025-01-04
-2Ot1tTeQK8,UgzcsZPm2ztbfmSTlO94AaABAg,@soyeonkim4589,다리 떠시는거 ㅋㅋ 아 진짜 웃겨요^^😂,6,2025-03-06
-2Ot1tTeQK8,Ugx4rOrhdOWoofstcdh4AaABAg,@Jessie-t8y,오 너무 쉽고 간단하게 알려주시는걸로 최고인거 같아요. 감사합니다,13,2024-10-15
-2Ot1tTeQK8,UgwlddyiB95VXFwqqB14AaABAg,@placeinthesun,아무의욕없고 식욕도 없다고 확신하던 차에 보니 나 입맛없는 거 아니었네~~를 늘 일깨워주시네요 😂😂😂,8,2024-12-11
-2Ot1tTeQK8,UgyAV8ibJi6T5tCPym14AaABAg,@6666choi,요리하는 모습은 엄청 새첩은데   씽크대서서 먹으며 다리떨고 뜨거운거 먹고 앗뜨거하는 게 넘 매력있으시네요 볼매여 볼수록 매력~요리법도 엄청 간단해보여 도전하고 싶음 😊😊,8,2024-11-16
-2Ot1tTeQK8,UgxdA-Gg_cbA5aunuZ54AaABAg,@ladybuffa,저세상 답답하게 우아떠는 요리 유투브 보다가 푸디님 일머리 좋은 거 보면 세상 속이 다 시원함.,1,2026-02-10
-2Ot1tTeQK8,UgxCztpgbCp5AzuxaTp4AaABAg,@김강민-q2v,와우!! 보여주기식 요리가 아니라 찐요리닷!! 이 언니 매력적임~^^,8,2024-10-16
-2Ot1tTeQK8,UgywlvUqIpoa1jZdOAd4AaABAg,@내꿈찾아-m9y,뜨건거먹는 표정이  찐 정감있음~~^^,3,2025-01-22
-2Ot1tTeQK8,UgxM2VvSyeEHtqoLZdl4AaABAg,@miahn7451,"ㅎㅎㅎ😂
다리 덜덜덜~~~ same here!!!
맛있어 죽겠따능
한짝다리 바이브✨️✨️",10,2024-12-27
-2Ot1tTeQK8,UgzcgQ_mmIIa8oCdusZ4AaABAg,@준표-i4j,"속도 미쳤다ㅎㅎ
한국인이 좋아하는 1.5배속ㅎㅎ",60,2024-11-26
-2Ot1tTeQK8,UgxKXWAczW3IUYzPt_B4AaABAg,@모모-e5j,요리를 쉽고 간단하게 뚝딱뚝딱 넘 잘하시는것 같아요 ㅎㅎ 보고있으면 따라해보고 싶어져요 좋은 영상 감사합니다!,4,2024-10-18
-2Ot1tTeQK8,UgwzUAvm3iE1qI3F8mt4AaABAg,@Nagne5,진짜 귀찮은데 먹는걸 더 좋아해서 움직이시는 느낌 ㅋㅋㅋㅋㅋ,45,2024-11-22
-2Ot1tTeQK8,UgyTst_MT2VSdNeZJyx4AaABAg,@jiaim2039,마지막에 맛있음에 발동동 너무 귀여웠어요 !!,7,2024-11-28
-2Ot1tTeQK8,UgzJ6hNC5T4GmUDVNK14AaABAg,@남혜정-u2i,손 진짜 빠르신것 같아요~ 솜씨 너무 좋으세요~^^,2,2025-02-28
-2Ot1tTeQK8,Ugz62kqsDByXwAo-BOF4AaABAg,@임효정-l1j,"더이상못참고구독합니다
쵝오",5,2024-10-15
-2Ot1tTeQK8,Ugx7O0OOfPdklLGK_LB4AaABAg,@다잘될거야화이팅,큰아이 내일 아침메뉴로 해야겠어요 늘 아침메뉴 고민인데 고급진데 맛 영양까지 어디하나 손색없는 요리 알려주셔서 감사합니다. 꼭 복받으시길 바래요,2,2024-10-15
-2Ot1tTeQK8,UgxtbolNPrxXbio7abB4AaABAg,@우기엔수기,"털털한데다가 귀염귀염...
요리는 거들 뿐!!!👏",3,2024-10-15
-2Ot1tTeQK8,UgzANKbXjKuR0fzzIa14AaABAg,@한엣지,"와 너무 빨라 ㅋㅋ
이런 영상 제발 천천히 풀버젼 해줘잉ㅎㅎ
봐도봐도 매력 쩔어❤",1,2025-03-17
-2Ot1tTeQK8,Ugy94lsrM7PS7fiAwjt4AaABAg,@meowlsing,영상 너무 깔끔하고 스타일 좋아서 쭉 정주행 중이에여!!!!! 음식들도 다 너무 맛있어보여요 😊,4,2025-01-17
-2Ot1tTeQK8,UgwVZ2FACX8KrNAgz254AaABAg,@정연-6,"우와 진짜 쉬우면서 맛있으면서 플래이팅까지
예술이네요 이래서 젠님 영상을 기다릴수밖에 없는거같아요
바쁜일로 몰아볼때도 있는데 볼때마다 감탄해요^^
아이디어도 좋은데 플래이팅도 쉽고 멋지게 하셔서
많이 따라하게되네요 넘 감사합니다♡",1,2024-10-15
-2Ot1tTeQK8,UgwPTczjrIhMJlhvMvJ4AaABAg,@jaeeunoh,만들어먹어야죠 ❤,3,2024-10-15
-2Ot1tTeQK8,UgwrP3XH9fybKnF8XiF4AaABAg,@블랙커피-r2j,무심 시크 한 요리법 겉멋내지 않아서 보기 너무 편하고 좋아요 엄지!!,1,2024-10-18
-2Ot1tTeQK8,UgzqXkqzNoe4m0GJzyd4AaABAg,@02040404,다리떨기. 너무 사랑스럽습니다 ❤😂,4,2024-10-27
-2Ot1tTeQK8,Ugx3jnob5-0NIC6c9nB4AaABAg,@movielee8548,"이 언니 볼수록 매력터지네요
요리에는 눈이 안가고 표정 손짓 몸동작에만
집중하는 나...얼굴도 이쁘고 뭐든 무심하게 척척 만들어내는게 최고십니다~😊",0,2024-10-23
-2Ot1tTeQK8,UgwczWG2ylKExvFptGZ4AaABAg,@barkingfruit,이거다 이거다 됐다❤ 감삼다💕 맛나게 먹을게염💕,3,2024-11-22
-2Ot1tTeQK8,UgxkRooDPQgYwj1dsPd4AaABAg,@LUKAMUSIC-i3q,너무이쁘고 귀여워~ ㅎㅎ,2,2025-04-19
-2Ot1tTeQK8,UgwPHgOUUD_hdGYGZpp4AaABAg,@오혜진-u5y,나 이언니  넘조아해,3,2025-07-17
-2Ot1tTeQK8,UgwXQ1ykLeVBRqHNwTR4AaABAg,@pinkmonkeys8735,무심하지만 누구보다 열심이신 목소리 중독되욬ㅋㅋ😂 잘 보고있어용,1,2024-10-18
-2Ot1tTeQK8,Ugx55s2Hy2bVXo-iIlN4AaABAg,@chkim318,"젠님~
요리 후딱 잘 하시는거 같아요~
올리실때마다 따라하고 있어요~!!
앞으로도 쭉~~쉬운 레시피 올려주세요~❤",1,2024-10-17
-2Ot1tTeQK8,Ugwwm05DVxFQu16wQyV4AaABAg,@Milkyrang,도도한 목소리 매력적❤,3,2024-11-30
-2Ot1tTeQK8,UgxjMlC2DBD6chl6Q1J4AaABAg,@맘마-g1l,"카메라 구도 넘 좋아요 포커스 완벽..  무엇보다 주절주절 독백이   핵심으로 빛납니다..ㅡ난 하기싫어,  근데 넘나  맛있어!   일어나자  ^실시  왼벽^-그리고 뻗었다고요",2,2024-11-12
-2Ot1tTeQK8,UgwTXHOnVAaOiCECzl94AaABAg,@돌코롬꿀단지,조금만 천천히 설명해주시면  감사하겠습니다~~ 너무 빨라서 따라가기 힘드네요^^;;,9,2024-10-15
-2Ot1tTeQK8,UgznOPgciygK4h3BUfx4AaABAg,@user-cq3ev3gi2v,맛이 없을 수 없는 조합이네요🤤 배고파졌어요..,1,2024-10-19
-2Ot1tTeQK8,UgxZTYPMamCFUwnuzoF4AaABAg,@하하하-f8n,쿠킹호일 코팅 반대부분에 음식닿고 열까지닿으면 몸에 안좋아용,5,2024-10-20
-2Ot1tTeQK8,UgzqxhTqBgPI3qsvu-B4AaABAg,@허슬V7go,무심하게 요리하는데 결과물 대박 이쁘고 맛있어보임요,1,2024-10-18
-2Ot1tTeQK8,Ugzfe_O7K4-7N2g960x4AaABAg,@유연숙-m8y,억수로 똑똑 ㅡ요리 잘하는 사람 특히 메뉴 늘 다양히게 ㅡ학습자료 일도 잘해 요리도 잘해 부모님께도 잘해 남편한테도!!!! 짱,0,2025-01-28
-2Ot1tTeQK8,Ugy-tvTwHcu8P_BgTwd4AaABAg,@miryonglee1488,"복잡하네여. 
급 포기..😅😅",3,2024-11-07
-2Ot1tTeQK8,UgxqRWnbUM6lA0npTuB4AaABAg,@최진호-b4b,진짜 졸려하면서 만드는 모습 너무 이뻐요❤❤,1,2024-10-16
-2Ot1tTeQK8,UgwvuQGAvEG4vu58v4l4AaABAg,@매매-n1q,"해서 지금 먹고 있어요~
정말 맛나요~어제밤보고 귀신같이 빠르게 
총알 배송해서 아침에 받아 이제 먹습니다.
따라해보기 처음이데 풍미 미쳤다리~^^
전 두툼한 식빵인데 좋네요~
마늘이 달큰해지면서 구수~
찐한 바질향에 니글니글 짭짤꼬소한 치즈~ㅋ
짭짤할때 포근포근한 감자가 입안 쏙 
들어와주면 짱이네요~
고맙소  고마워용~잘 보고있어요~",4,2024-10-18
-2Ot1tTeQK8,UgxwuWmgHBimRTtUWpF4AaABAg,@kangnamkim1672,매력 있는 유튜브 응원해여,1,2026-01-09
-2Ot1tTeQK8,UgwsHrcupUfZpu0V26J4AaABAg,@reden-s,뚝딱뚝딱~~왤케 잘 하는거죠?^^ 손도 빠르고,8,2025-02-05
-2Ot1tTeQK8,Ugy0n5hvxw-xIYhj6bp4AaABAg,@ellie_ssss,"맛있게 만들어 놓고 맛있게 먹는 모습에
덩달아 크~ 하며 진실의 미간찌푸리게 되는 영상❤",0,2024-10-15
-2Ot1tTeQK8,Ugw2G5XSoyHTw4USn-V4AaABAg,@JH우아미,"영상을 볼때마다 느끼는거
맛있게 아주 씩씩하게 잘만든다 또 하나 남편은 무슨 복이야^^~~~
저도 이런 며느리 얻게 해주세요 ㅎㅎ",3,2024-10-17
-2Ot1tTeQK8,UgwCYRrkSP9zM87MdRh4AaABAg,@ywha2,늘 만족한 시식타임에 다리 떠는 모습 정말 웃겨요. 영상에 넣자고 한 사람 센스 짱!,1,2025-03-19
-2Ot1tTeQK8,Ugy7DDJomIOn29uWpyR4AaABAg,@남양불매운동,"와,..  방울토마토 저정도 구워서 바르면 머리가 아플정도로 달텐데 거기에 꿀 ? 
방울토마토 구웠으면 단맛 추가는 좀 아닙니다",2,2024-10-16
-2Ot1tTeQK8,UgzCfmlhwnxw_-d7T7R4AaABAg,@맑은물-b9p,"세상간단하면서 이해하기쉬워 해봐야겠네요
치즈만2가지사야겠어요
ㅎㅎ감사합니다",0,2025-07-01
-2Ot1tTeQK8,Ugwi6fqj0NEDteXs-wR4AaABAg,@finejiae,따라 해 먹었는데 맛있더라구요!!! 감사합니다😊,0,2024-12-12
-2Ot1tTeQK8,UgxIGiTenQC_6gsZeDZ4AaABAg,@이진경-g7y,무심한듯 툭툭 하시는 요리가  퀄리티가 장난아님요~~♡♡,0,2025-05-22
-2Ot1tTeQK8,UgwtFPPRAPJw-UcbQWR4AaABAg,@울림-h3b,"요리 다하고 먹을때 장갑 끼는게 킬포😂😊❤
요새 한국도 감자철이라
여기저기 감자 많이들 주시는데
물러가고 있는 방토랑 최근 수확한
마늘 넣고 내일 아침 브런치각~!!!
탄단지 합이 훌륭해요~ㅎㅎ
오늘도 맛난하루 되세요~😊❤🎉",1,2025-07-01
-2Ot1tTeQK8,UgzR-6Xxu6RZgQGktVB4AaABAg,@빛으로가는소리,어쩜 혼자 찍고 편집까지 이렇게 잘 하시는지 감탄이요~♡,1,2025-03-02
-2Ot1tTeQK8,Ugw-i1THOsIII8UScHp4AaABAg,@MissKo_1004,와~~~침넘어갑니당~~~ 🤪😋❤,1,2024-10-18
-2Ot1tTeQK8,UgyE8gg3XUe2PHZZQ754AaABAg,@박애리-p7l,"와~~
 볼수록 구독 안할수가 없네여!",0,2025-01-21
-2Ot1tTeQK8,UgxBJbX8jTAnNM744Op4AaABAg,@hjlydia7634,"언니는 제가 항상 보면서
느끼는건데 요리도 진짜 진짜 잘하시고 얼굴도 예쁘시고 이렇게 요리해서 드시는데도 살도 안찌고 완전 부럽❤❤❤",0,2024-10-19
-2Ot1tTeQK8,Ugw1Rk_VI6OZYwnbnl14AaABAg,@할수있다-u7n,안녕하세요 ~ 미국에서 잘 보고 있어요 :) 요리 자극 뿜뿜 !! 화이팅예요,0,2024-10-15
-2Ot1tTeQK8,Ugyp3NqqRW2aYiPjMnp4AaABAg,@미소지음1004,누구나 다~~~한번쯤 꼭 해보고 싶게~~👍,0,2025-10-11
-2Ot1tTeQK8,UgzTpNWQ_kz_LzlN3214AaABAg,@laniakeasupercluster-q1l,와........... 이번 주말 아침에 해먹야겠어요😍,1,2024-10-17
-2Ot1tTeQK8,UgwLxDk96kNkPouGYw54AaABAg,@yell_story,처음에는 딕션이 적응이 안되어서 그냥 그랬는데 중독성 미쳤네요 ㅎ 그와중에 털털한 성격 👍👍 구독하고가요!!,0,2025-05-20
-2Ot1tTeQK8,UgwUIINzjhfk9hQTja14AaABAg,@하람공쥬,매번 너무 감탄하면서 봐요~^^진짜 매력쩔어요,0,2026-03-06
-2Ot1tTeQK8,UgyJPNtyJF9Nv2sZHKN4AaABAg,@안성진-l5s,"정말 감사합니다.  푸디젠님꺼 보면서 에프를 사버렸는데.. 해주시는 레시피 보면서 하나씩 해보는데...너무너무 맛있어요~~^^
너무너무 감사합니다~~",0,2025-03-31
-2Ot1tTeQK8,Ugye3Hu7vcHa47FsC3B4AaABAg,@tv-lj1gq,요즘 뜨길래 그냥 들어와봤는데 참 대단하다 생각듬 무심히 툭~하는 요리가 대박임~~요리도 똑똑하게 조합해서 잘하심,0,2026-04-06
-2Ot1tTeQK8,UgzcrTs-A8FuPwxEj5F4AaABAg,@knockcat,군침도네요.  다음주 해먹어봐야징~~,0,2025-03-23
-2Ot1tTeQK8,UgwiM_-V4HnbhMzOvt54AaABAg,@mk-eh3ig,네스프레소커피기계 좋아보여요~~~~❤,0,2025-01-10
-2Ot1tTeQK8,UgwUG3EYJsoDCts2wb94AaABAg,@kimmina9079,은근 중독성있는 영상😊  맛있겠당ㅋㅋㅋㅋ,0,2024-10-15
-2Ot1tTeQK8,Ugzw6chgb5O-xfwOUjN4AaABAg,@이윤서-b2h6l,바로 해먹었어요!! 너무 맛있었습니당 다른 레피시도 마니마니 공유해주세요~~,1,2024-10-27
-2Ot1tTeQK8,UgzUqAQM_SpfyRpDRZd4AaABAg,@happiness0828,와~ 영상보면 기분이 너무 좋아지네요 ^^ 엄지척3개 ^^,1,2024-12-16
-2Ot1tTeQK8,UgxXlWJRuJbQ1fsLywd4AaABAg,@ginakim4357,레시피 감사합니다😊,0,2025-01-26
-2Ot1tTeQK8,UgyvyEl6is4pxZZwgOB4AaABAg,@도르도르-r5t,"신랑분은 완전 좋겠습니다
아내가 음식도 잘해, 미인에, 성격까지 좋아 ^^",1,2025-03-18
-2Ot1tTeQK8,UgykzduelUjy21ya7jl4AaABAg,@박주일-m2d,아닠 전 색깔보고 고구마인줄 알고 클릭함^^; 브리치즈 미니가 있는데 해봐야겠어요,1,2024-10-15
-2Ot1tTeQK8,Ugzzn6SoxR5mm7zYQU94AaABAg,@프리지아-d8k,미쳐 진짜 같이 먹고 싶음ㅎㅎ 꼭 해볼께요 😊,1,2025-03-07
-2Ot1tTeQK8,UgxHFUUFbaRWkfOZIxJ4AaABAg,@달순INTJ-T,손님초대요리도 그렇고 이걸로 제가 해결할 것들이 보이네요+_+b 정말 항상 감사합니다!!!,0,2025-10-07
-2Ot1tTeQK8,UgzM7v1TBBaROyZW4KJ4AaABAg,@쀼이-k3g,앜ㅋㅋㅋ 언니 또 급해서 주방에서 먹는거밬ㅋㅋㅋㅋㅋ 전 저기에 그릴어니언추가해서 먹을게요!! 아오 침나와🤣,1,2024-10-17
-2Ot1tTeQK8,UgxQgiYV-2gU31CztWR4AaABAg,@쭈이-l9o,너무 맛있어 보여요~~^^🍳🎉,0,2024-10-15
-2Ot1tTeQK8,UgzXfL8kP5oTCVNtSpF4AaABAg,@정유선-w3x,뚝닥뚝닥 잘하시고 매력쪄네요,1,2025-03-20
-2Ot1tTeQK8,UgwHRXi89tmqxRojS5h4AaABAg,@망고-d2x8x,"쉽게쉽게 요리를 하시네요
마지막 다리떠는게 미쳤다~~❤❤",1,2024-11-11
-2Ot1tTeQK8,UgyQz58O0QLWcK30wSl4AaABAg,@melonkinGo___o,"먹을때 찌그러지는 미간..
매력있어!",0,2024-11-02
-2Ot1tTeQK8,Ugz9Xjp1geQE9_55tSB4AaABAg,@성은정-y6o,앙 맛나겠어요😊❤,0,2024-10-16
-2Ot1tTeQK8,Ugw7t1_UQZxSvnmBLtx4AaABAg,@gracekim8344,"젠님따라 에프랑 밥솥 같은거 다 사서 ㅠㅠ 따라해먹는 재미가 넘 쏠쏠해요,,, 요알못 덕분에 요리에 흥미 생기고 자신감도 꽤 생겼답니다,,,?ㅎㅎ 이것도 당장 내일 아침에 해먹을거에요 >.< 제 최애 요리 유투버여요,,,오래 오래 해주세요,,, 😊 (기회되면 쓰시는 ㅈㅔ품들 하루 각잡고 영상 찍어 올려주세요,,, 예를들면 매직랩같은거 잔잔바리들요,,, 저 쌀통도 따라 샀잖아요,,,ㅎㅎ)",0,2024-10-17
-2Ot1tTeQK8,UgwInk3mOAa6ZgK9pB94AaABAg,@이세은-h2y,넘 맛있어 보여요 나중에 해 먹어야지,0,2025-06-27
-2Ot1tTeQK8,Ugx_wEkgJG27N6tu3v54AaABAg,@moon4760,꼭 만들어먹을께요❤,1,2024-10-15
-2Ot1tTeQK8,UgyZW-QiINeaBe5jkih4AaABAg,@judy2099,Chick fil A  아침 사서 집에 가는데 이영상이..ㅜ.ㅜ 담엔 꼭 브런치로 해볼께요^^ 젠님 짱^^❤,1,2024-10-15
-2Ot1tTeQK8,UgyvU6UWsCGg8xGkicB4AaABAg,@B-otamin,잠옷바람 다리떠시는거 넘 귀여우심 ㅋㅋㅋㅋ❤❤,1,2024-12-23
U3cLaJ5N8Z0,UgxatthEMR-MzaJRPrB4AaABAg,@박수민-g5b,땅콩겨자소스 레시피를  자세히  올려주시면  감사하겠습니다 ~~^^,8,2025-09-06
U3cLaJ5N8Z0,UgwcIsmerW4FqV5lU3x4AaABAg,@semsem9797,비젬이 앞에만 크게 니오다가 뒤에가 안나와용 ㅠㅠ 비젬도 소리가 크고ㅠㅠ 기본 영상도 잘보고 있는데 쇼츠에서도 그 분위기를 잘 갖고 오시면 영상이 너무 이쁠거 같아요,14,2023-08-17
U3cLaJ5N8Z0,UgwnoRMxEJ5B3YPpjth4AaABAg,@happy-ingan,소스는 무슨 소스인가요? 레시피 알려주실 수 있나요?,4,2025-05-19
U3cLaJ5N8Z0,UgyejQvopfrNZRFLVdl4AaABAg,@창하-s6s,저도 소스레시피부탁드려요,1,2025-09-30
U3cLaJ5N8Z0,Ugx-nxWlIy6jLHRO5f54AaABAg,@Lucia69-r5r,저도 소스레시피 부탁드려도 될까요??,0,2025-10-26
U3cLaJ5N8Z0,Ugzaspqp6Xb-gM-uS9N4AaABAg,@sunshinecha7015,"I enjoy all your videos so beautiful and very satisfying, when I got married I will cook for my husband like this ❤, all the best unnie 🎉",3,2023-10-08
U3cLaJ5N8Z0,Ugw5Tctg6eHS0pvs_vx4AaABAg,@하주희-n5w,돌돌 만건 뭐로 만건가용?,7,2023-11-19
U3cLaJ5N8Z0,UgwJ8Ar4uWuTgfO2SiJ4AaABAg,@또리-222,안녕하세요 소스 머머한거에요??,2,2025-03-08
_PUFZM6vZQw,UgxuXlehKFQ1FZDejOd4AaABAg,@mokri_house,"👉🏻 instagram : mokri_house 

이제 고기 삶지 마세요! 이게 정말 되네요…🫢
⠀
삶는것보다 쉽고 간단한데
양파향도 은은하게 나면서
촉촉하니 냄새도 안나고 맛있더라구요!
⠀
가뜩이나 더운 여름에는
불 앞에 서서 요리하기 힘들잖아요..
이제 초간단 수육보쌈 이렇게 만들어 먹자구요🥹
⠀
수육이랑 먹으려구
겉절이 호로록 만들어서 순삭 했답니다…😋
( 겉절이 레시피는 피드에 있어요! )
⠀
📌 목리집 박주부 tip 맨 아래 적어둘게요
⠀
🏷️ 재료
-통삼겹 반 (250g)
-미림 4수저
-소금
-후추
-양파 큰거 1개
⠀
🏷️ 만드는 법
1.그릇에 통삼겹 반 ,미림4수저 넣고 앞뒤로 적셔주고 소금 후추 간 해준 뒤 냉장고 10분 숙성
⠀
2.전자렌지용 용기에 양파 1개 채썰어서 가득 깔고, 숙성 고기 올린 뒤 랩핑 후 구멍 뽕뽕뽕
⠀
3.전자렌지에 10분간 돌려주면 촉촉보쌈 완성!
⠀
⠀
📌목리집 박주부 tip
🏷️ 미림 먼저 넣고 소금간해서 그런지
소금 넉넉히 뿌린거 같았는데 짜지 않았어요
소금 간 넉넉히 해도 될것 같아요
🏷️ 전자렌지 성능이 낮은경우 조리시간은
5분 정도 추가로 해주세요!
🏷️ 집에 허브솔트 없으실 수도 있을꺼 같아서
소금 후추 사용 했는데 허브솔트 뿌리면 더 맛있을꺼 같아요
🏷️ 원래 레시피는 소주(소주잔 한컵) 였는데
전 미림 사용했어요

좋아요 / 구독 / 알림설정 꾹….🤍",39,2023-06-22
_PUFZM6vZQw,UgyZp9W8KcDGrxt8Qvl4AaABAg,@psy__duck,와 여러분 자취생은 이 레시피로 꼭 해드세요 목살300그람으로 15분돌려서 했는데 잡내 없고 야들하고 너무 맛있어요!!,372,2024-12-23
_PUFZM6vZQw,UgwcF5Ip4vvKBjH44sF4AaABAg,@윤정규-r3b,와 이걸 전자렌지로 할 생각을 못해봤네. 주말에 해봐야 겠다.,7,2026-04-28
_PUFZM6vZQw,UgyUr1P4YJ0aVybq1ER4AaABAg,@비요네,뒷다리 수육용으로 미림없어서 맛술로 15분정도  재우고 전자렌지 10분 했는데 맛있어요! 전 다이어트 중이라 지방 없는 부분으로 해서 좀 퍽퍽하게 먹었는데 다들 촉촉한 부위로 먹어보세요+_+,105,2024-11-15
_PUFZM6vZQw,UgzbybbBh-cbsRJT3YJ4AaABAg,@아임미1,진짜 초간단..맛은 환상일것같네요,33,2025-03-26
_PUFZM6vZQw,Ugz9yNlJbRNE1U2o_lV4AaABAg,@l9urenyyyyyy,잡내나고 별로일줄앗앗는데 맛잇네여 …,15,2025-11-17
_PUFZM6vZQw,Ugw0JkPGxWMHLMeayFZ4AaABAg,@Wiwiwi-o3l,"지금 만들어 먹었는데 엄청 맛있어요,,,, 알려주셔서 감사합니다",5,2025-12-16
_PUFZM6vZQw,Ugwb7zGGbQtsL_yB1HB4AaABAg,@성진곽-f3y,요리간단하고  좋네요  구독했어요  영상  많이많이  올 려주세요❤,2,2026-05-16
_PUFZM6vZQw,UgyG7ZVU1QUBdhDYMsZ4AaABAg,@가을여름-e6h,맛있네요...,6,2025-05-29
_PUFZM6vZQw,UgxLwaPHlihLLWi3BZp4AaABAg,@락풀어줘,전자렌지로 수육을? ㄷㄷㄷ,11,2025-07-06
_PUFZM6vZQw,UgxSxA5ZPBoFKB8EszV4AaABAg,@리하나-z4m,갑자기 수육이 먹고싶어서 간단하게 하는법 찾다가 해봤어요! 전 양파없어서 삼겹살위에 파랑 버섯 올려서 했는데 짱 간단하고 맛있네요❤,9,2026-01-27
_PUFZM6vZQw,Ugyi8P6VS4L97RT3q8V4AaABAg,@aisa_rand,크아악 고맙습니다..최고다..저장하고 고기살 일 있으면 꼭 해먹을게요..,4,2025-11-22
_PUFZM6vZQw,UgwqMS6nZ6TMoNKB5Rd4AaABAg,@정수아-e9u,"속안까지 잘 익나요?
미림대신 미청 넣어도 될까요?",1,2025-10-28
_PUFZM6vZQw,UgxiAAP9Nwn7tSnK2B94AaABAg,@가나다라마바사아-r1c,"전자렌지로
지코바 치킨 만드는 요리
방법도 만들어 주세요",6,2025-08-25
_PUFZM6vZQw,UgwUJz9BAEFsoe1nRaB4AaABAg,@이사람-k7d,오늘저녁 당장,0,2026-04-11
_PUFZM6vZQw,UgwLMLGqmjJ9yKwcgZ94AaABAg,@말하는감자-t6z,드럼세탁기 쓰고 있는데 탄산소다 세탁통 안에 바로 넣나요?,0,2026-05-20
_PUFZM6vZQw,UgwO09uxikx8XuZzRNh4AaABAg,@사가나다라맙아사,와 너무마시써여!!!! 자취생 퇴근하고 수육삶을 생각에 아찔했는데 전자렌지 찜기로 10분만에 완성했아여ㅠㅠ,7,2026-01-07
_PUFZM6vZQw,Ugwl27zVNFKli1ygSEN4AaABAg,@nicetomeetyou-hey,양파는 냄새만 안 나게하고 버리나요?,26,2024-09-07
_PUFZM6vZQw,UgzQNcuBHNAh5Cnt_it4AaABAg,@sweetzzzz,랩이 다 녹아버림. ㅠㅠ😢,0,2026-06-11
_PUFZM6vZQw,Ugy9OcK6tlN0cPBXvX14AaABAg,@Ip110.12_o,와 개고수,0,2026-02-14
_PUFZM6vZQw,Ugw7I9oNsnshSiseV_B4AaABAg,@철수강-c5o,미림을 써서 굽거나 삶은 고기 맛보면 달아요,10,2025-08-20
_PUFZM6vZQw,Ugz9FukGiPmTvfisJnd4AaABAg,@mjyun5072,이게가능! ? 헐 해바야겟네,1,2025-12-31
_PUFZM6vZQw,UgyqwxssJuqs_FoV-ip4AaABAg,@blueocean4231,냉동고기도 가능할까요?,1,2025-12-25
_PUFZM6vZQw,UgzhO3IvP4jtVhQwZC54AaABAg,@김신환-z7s,랩씌우면 고온인데 환경호르몬 괜찮은건가요?,4,2026-05-25
_PUFZM6vZQw,Ugz9gwiU4d1EilaMQrh4AaABAg,@hwasinns,수육이 10분?,1,2025-10-24
_PUFZM6vZQw,UgzqZX_gdtCSmTi13cl4AaABAg,@bbom56,안녕하세요 혹시 미림 말고 맛술 사용하면 안될까요..!?,9,2025-03-08
_PUFZM6vZQw,UgzDkWy_7OuT-mNX1tR4AaABAg,@suyu-oi,오늘은 이걸로.. 👊🏻,0,2023-06-24
_PUFZM6vZQw,UgwSexgfGF6BWDFWhNd4AaABAg,@이사람-k7d,비닐랩 대신 뭐 좋을까요,1,2026-04-16
_PUFZM6vZQw,UgyK9RWZFVkEqOgSjYd4AaABAg,@흥청망청인생낭비,나 한시간동안 뭐했농...,0,2026-05-12
_PUFZM6vZQw,Ugz0D5NT9Njfa4GPaMd4AaABAg,@브리타니스-y4t,음... 속은 생각보다 잘 안익을 것 같고 ... 생고기 아니면 실패할 느낌,1,2025-10-30
_PUFZM6vZQw,UgxBYXTE11TWLHyzRUt4AaABAg,@Blankefect0001,혹시 ..전자레인지 몇 와트로 해야할까요 ㅜ 700으로 10분 넘게 돌렸다가 지금 비닐도 다 녹고 고기도 다 탓어요 ㅠㅜㅜ,9,2026-01-27
_PUFZM6vZQw,UgwXyhN4U3aXUBs9ST14AaABAg,@바지락칼국수-s5e,보쌈,0,2026-05-24
_PUFZM6vZQw,Ugz4hHmnPbQ6dfI_bd94AaABAg,@glth1442,안녕하세요!! 애기 재우기 전에 해놓을 까 하는데 혹시 숙성을 10분 넘게 해도 될까요??,9,2023-08-16
_PUFZM6vZQw,Ugww-UKWcfJQUVqDBMl4AaABAg,@sjpark497,이게 진ㅉ?ㅏ 됨???,0,2026-06-09
_PUFZM6vZQw,UgzT1cLRo-C6xRKhcep4AaABAg,@이고니-v5o,양파는 버리나요 먹나요,8,2025-01-27
_PUFZM6vZQw,UgyMU7wbaOB3Fp1RikZ4AaABAg,@박미라-l5r,돼시고기 3분이상 렌즈돌리면 영양소파괴😊,3,2025-09-25
_PUFZM6vZQw,UgxVw_yZr4g0qy49bdl4AaABAg,@CanadianSniperQ,...냄새 지립니다... 전 비추요..,3,2025-11-02
_PUFZM6vZQw,Ugx0B3sKpPIeWkjQVoZ4AaABAg,@제천대성-b8q,숙성시간 추가하면 20분인데요??,2,2026-04-04
_PUFZM6vZQw,UgwQ7Gmf_gkhrIWAsl14AaABAg,@왕자탄백마-i4e,미림이 뭐죠?,5,2023-06-22
_PUFZM6vZQw,UgykaB5d1G_UGzPmBzh4AaABAg,@제왑삐-q2t,락앤락에 뭐넣고 염병하는순간 껏음,4,2025-10-17
_PUFZM6vZQw,Ugx3gpNtCZXqiUxfx6x4AaABAg,@suzuki77889,냄새 심함ㅡㅡ,4,2025-10-18
hLebTJkMXqo,Ugz4vk7U29hz54r7XZx4AaABAg,@유년시대-b5u,귀가 즐겁다옹~~^^ 눈도 ^^,1,2025-08-21
hLebTJkMXqo,Ugxav1w5oBdL3emyv0t4AaABAg,@이지원-n3l,접시는 어디 제품인가요?,2,2025-03-30
hLebTJkMXqo,UgyCsSG0sCpiMSZYyM14AaABAg,@하루-v5c2l,새우에 간은 하지 않아도 될까요😊,0,2026-02-11
7WAFlmpobM0,Ugx5_0K04wi6i_EKqzB4AaABAg,@ssunday-j4y,좋은정보 잘 보고 갑니다👏,1,2025-05-22
7WAFlmpobM0,UgwUMHU_QFNzXIrMV254AaABAg,@동심초-pyo,"말이 빨라서 ㅎㅎ
설명도 부족~",4,2025-12-02
aLXv8GNqnYM,Ugx6A3wEvJgK49_9ToB4AaABAg,@choif,"Q. 이런 영상 또 언제 올라오나요?

안녕하세요, 초이프 입니다. 
이 영상을 올린지 3개월이 넘었는데요!
업로드 관련 질문 주시는 분들이 계셔서
이 고정 댓글로 답변드립니다:)

위와 같은 묶음 영상은 VLOG에 집밥이
최소 30개는 쌓여야 제작할 수 있으므로
1년에 많으면 겨우 서너 개 만들 거 같아요.

그래서 확실한 일정을 말씀드리기 어려운 점
양해 부탁드리며,  더 많은 집밥이 궁금하시다면
이후 업로드된 VLOG를 참고해 주세요:)

부족한 솜씨의 야매 요리지만...
좋아해 주시고 또 기다려 주셔서 감사합니다!

from. 2023. 06월 cho

--------------------------------------------------------------------------


30가지 레시피를 보기 좋게 편집하다 보니
자잘하게 잘려나간 컷들이 꽤 있네요!

혹시나 이해가 안되실까봐
조금 더 상세한 레시피를 적어 
더보기란에 올려두었습니다.🙏🏻

끝에 말씀드린 것처럼
이런 모음 영상은 3~4개월에 한번씩
만들 예정이에요! 앞으로도 제가 만드는
집밥을 브이로그에 종종 담아보겠습니다:)

오늘도 감사드려요🍀✨💚

from. 2023.03월 cho",124,2023-03-12
aLXv8GNqnYM,Ugxsc8sr8uRA8Rb9w7B4AaABAg,@리제이크-c2t,맞벌이 육아휴직중인 남편입니다. 오늘 초이프님 레시피대로 퇴근한 아내에게 저녁 뚝딱해주니 잔소리가 90프로 줄었네요. 요리영상 자주올려주세요. 육후남자들의 희망입니다...!,528,2023-03-27
aLXv8GNqnYM,UgyfONpuJoW-uGwfJoR4AaABAg,@하얀구름-y8j,오메 볼때마다 놀라운 새댁입니다.남편분은 전생에 나라를 구하셨소,217,2023-03-12
aLXv8GNqnYM,UgwFCz_cro-6h4o5FNB4AaABAg,@tothemoon3903,"0:48 강된장 케일 쌈밥
1:23 시금치 카레
2:32 부채살 꼬치구이
3:20 아몬드 카레
4:14 홈 메이드 라자냐
5:12 순두부 찌개
5:50 연어 오차즈케
6:49 꼰낄리에 바질 파스타
7:45 단호박 훈제 오리찜
8:11 명란 부추 비빔밥
9:33 부채살 삼색 덮밥
10:22 순두부 그라탕
11:20 닭목살 닭갈비
11:59 고등어구이 온소바
12:54 해물 야끼우동
13:55 목살 양념구이
14:47 다짐육 알배추 전골
15:54 해물파전
17:45 저수분 수육
18:49 오므라이스
20:40 바지락 술찜 수제비
22:29 명란 비빔우동
23:34 만두 그라탕
25:33 부대찌개
26:44 냉장고 털이 타코
28:17 야매 유산슬
29:52 고갈비
30:39 우삼겹 된장찌개
31:59 봄동 비빔밥
33:22 봄동 샤브샤브",559,2023-03-12
aLXv8GNqnYM,UgxlvyqmrAWesnxnvgd4AaABAg,@SKY-x3l6t,요리를 배운적이 없다고 하시지만 20대에 이정도 실력이시면 일단 요리에 대한 감각을 타고나셨고 거기에 창의성과 센스를 겸비하여 훌륭한 요리가 탄생하네요. 남편분 너무 행복하겠어요~ 일단 요리하는걸 즐겨야 이렇게 할 수 있는거죠? 😂,8,2023-11-21
aLXv8GNqnYM,UgwKWWvU1h9I6MAcwKd4AaABAg,@김철수-w2w,"남편분 세금 두배 내지 말고 와이프분이랑 행복하게 사십쇼~
좋은 사람들끼리 만나서 행복하게사시는거 진짜 부럽습니다",10,2023-03-13
aLXv8GNqnYM,UgyneKcOn-MR6MDYzLZ4AaABAg,@소용돌이-r9p,0:49 강된장케일쌈밥 5:52 연어오차즈케 8:13 명란부추비빔밥 9:34 부채살삼색덮밥 10:26 순두부그라탕,3,2025-03-10
aLXv8GNqnYM,Ugwvab3vpiULCibGHAt4AaABAg,@노란내복-g9c,아니 요리를 배우신적이 없다구요?? 그럼 이건 타고나신 능력이네요!! 진짜 대박 보는내내 입벌리고 봤어요❤❤,2,2023-09-14
aLXv8GNqnYM,UgyVAQQR278W1ai3ci54AaABAg,@A달달-p2g,"디자이너신가..? 맛도 있어 보이지만 엄청 예쁘네요
남편분 매일 오마카세 드시네 ㅋㅋㅋ 개부럽다 ㅋㅋㅋㅋㅋㅋㅋㅋㅋㅋ",1,2024-02-10
aLXv8GNqnYM,UgyR76ofPfIIMrITJZd4AaABAg,@겨울커피,20대시라구요? 어쩜 이렇게... 야무지세요...😮😮😮 엄청 배우고 가요.👍👍,1,2023-07-26
aLXv8GNqnYM,UgzIv2SssQ3xkL0rn014AaABAg,@샴브레이레빗,"👍 칭찬을 어떤말로 해야할까요~ 기특하고 예쁩니다
아무리 집에 살림하는 전업주부라 해도 쉬운 일 아닙니다
이런분들의 남편분들 생각을 해보면
남편분 전생에 나라를 구했나봐요",11,2023-11-24
aLXv8GNqnYM,Ugx7ektPqRO90PbMp054AaABAg,@소희-f2d,저도 결혼 7개월차 20대 꼬맹이 주부입니당❤ 구독 누르고 남편 맛난거 많이 해줄게요,1,2023-05-17
aLXv8GNqnYM,UgxQLxhZ-8M56ddpct94AaABAg,@D_ZZANG,와 음식이 진짜 이쁜데요....💛 20대주부가 만든거라니.. 장인의느낌이 느껴지는뒈😮,1,2023-11-14
aLXv8GNqnYM,UgyHjs-5ufCEHCH-Yox4AaABAg,@slowstepswithjune,천재인가……,1,2023-04-11
aLXv8GNqnYM,UgyQuNJtJZwPVzAGzBh4AaABAg,@vely_song,평생 소장각❤,1,2023-05-06
aLXv8GNqnYM,UgzAnW9jOa07qK2G4Zp4AaABAg,@Do_rai_삥뺭뽕,악악  1등 !! 집밥 모음집 너무 조하요오오오옹🤍🤍🤍,6,2023-03-12
aLXv8GNqnYM,Ugyr6r9GttEUIbpS3at4AaABAg,@jj4814,정말 야무지시네요 결혼앞둔 아들에게 따라해보게 해야겠어요 저두 케일쌈밥잊고 있었는데 케일 주문했어요 복 많이 받으세요❤,1,2024-10-05
aLXv8GNqnYM,Ugzsff2KBbojMQm-OL94AaABAg,@kimgaga,"와……메모메모저장저장📝📝📝
영상느낌도 좋구 요리 뚝딱뚝딱 너무 잘하세요!!",2,2023-05-15
aLXv8GNqnYM,UgyEVLvXgJGCSV9jjiJ4AaABAg,@olive1999103,"요리전공자의 솜씨~^^
요리를 배운적 없다는게 믿기지 않을 솜씨와 감각이네요~뚝딱뚝딱 하는게 살림 30년이상 한 어머님들 같아요",5,2023-03-14
aLXv8GNqnYM,UgwlNFTTqC-1OTuonVd4AaABAg,@Berrytube2023,본업이 있으시단 댓글에 놀랄 따름입니다. 워킹맘 반성 ㅜㅠ 주말 막판에 본게 아쉽… 제가 좋아하는 일본풍 요리들도 있어서 넘 좋네요.. 냉동 재료들을 활용한걸 많이 올려주셔서 활용해보고 싶어요. 이런 수고와 정성 감사합니다. 유튭 대박나세요!! 남편과 동생분 대박 복 받으신거 꼭 알아주시길요,9,2023-05-14
aLXv8GNqnYM,UgwJoTqoFrAk6gvLRF14AaABAg,@꼬마돌탱이,이렇게 정성스레 레시피 파일까지 올려주시다니ㅠㅠ천사가 따로없네요ㅠ,5,2023-03-12
aLXv8GNqnYM,Ugw_k_5ZosEqkZwOaHd4AaABAg,@하초-q1c,밥할때마다 그대를 찾는 나랑뇨자.. ❤,0,2023-11-21
aLXv8GNqnYM,UgzQNcmXWnEz5wbmh_14AaABAg,@김예경-c9u,"어쩜 후딱후딱하면서도
예쁘게 요리를 잘해요~~",1,2024-08-24
aLXv8GNqnYM,UgzCThgxFawSCkiBT3d4AaABAg,@iiliIIii1Illi,영국 사는 주부 구독자예요! 건강하고 비교적 간단한 집밥 레시피들이 많아서 꼭 따라해보려구요!! 넘 야무지게 잘 해드시는 초이프님 리스펙~!!!,30,2023-03-12
aLXv8GNqnYM,UgyuPGjMtV5KqkgQrKp4AaABAg,@jeonghoonhan8300,"1:25 시금치카레
13:56 목살 양념구이",1,2023-03-22
aLXv8GNqnYM,UgwuTrSLT9EVAlx5kRR4AaABAg,@doula_loggia,오~ 이거 임산부들에게 레시피 추천해줘야겠어요 ^^,1,2023-05-22
aLXv8GNqnYM,Ugy9ggsamWWookjOVLt4AaABAg,@고연오-u4d,얼굴도 예쁜데 요리까지 짱이네요 남편분 장가 잘갔네요😊,6,2023-05-02
aLXv8GNqnYM,Ugypg8a2anmGmEjlaFF4AaABAg,@aliesoo1617,"저도 20대 부부에요!
알배추 완자전골 남편한테 해주니까 넘 좋아해요 ㅎㅎㅎ 감사합니당!
다른 메뉴들도 도전해봐야겠어용 짱짱맨❤",1,2023-08-26
aLXv8GNqnYM,UgxFPIwUKeDbELgi9TJ4AaABAg,@cherry7243,"츄베릅 ㅠ 메뉴들도 전부 따라해보고 싶게 맛있어보이고 맛있게 드시는 남편분, 동생분과 행복해하는 초이프님 모습에 마음이 따수워져요 ; _ ; 
레피시 목록에 소중히 간직하면서 하나씩 도장깨기 해볼게요 !",9,2023-03-12
aLXv8GNqnYM,UgxYJq49m5MOh5KCylh4AaABAg,@김재은-t2h,너무 이쁘고 멋지시구 목소리도 정말 좋으셔용 맛있는거 많이 드시고 두분 행복하세요오🍤🍣🤎,1,2023-05-13
aLXv8GNqnYM,UgwmmGsny_z7BoyXzP14AaABAg,@lmubinn,부지런함의 끝판왕..! 저도 주로 차려먹지만 저렇게 본인만의 레시피를 차려 드시기까지 얼마나 많은 요리를 해보셨을지.. 대단하세요 ! 그리고 초이프님 목소리가 참 안정감 있게 들려서 매번 영상 볼때 듣기 편안하고 좋아요 🫶🏻,48,2023-04-08
aLXv8GNqnYM,Ugy6e6R7SYTEGmeAq6p4AaABAg,@김현정-k6i,"자세한레싶 더보기란을 찾았는데 안보였는데,파일이 있었네요~❤❤감사❤😊",1,2023-05-13
aLXv8GNqnYM,UgxgqlpXduEdYrGXMgB4AaABAg,@하늘우산-health,"와~~젊은사람이 센스있고 넘 잘하네요.
40대 주부인데..요리에 취미가 없어서 가족들에게 미안함 ㅠ. 반성하며 몇가지 배워갑니다~~",0,2023-09-16
aLXv8GNqnYM,Ugy_7sWv-uMyjsBHajh4AaABAg,@EZkim-zo9iw,또 보러왔어요ㅋㅋ 매일 밥해주다보면 뇌정지와서 뭘먹일지 막막할때가 있는데 이영상보면 브레인스토밍 되면서 메뉴선정이 돼요ㅋㅋ 이정도로 정성껏 예쁘게는 못하고 대애충ㅋㅋㅋㅋ,0,2024-10-27
aLXv8GNqnYM,UgyVRJlOu3k0wfKn30R4AaABAg,@Okdaebak77,"온세상에 이토록 요리 잘하시는분들이  많이 있을까요? 
너무 잘봤습니다 ~ 즐거운 
크리스마스 되시길....😊",0,2023-12-22
aLXv8GNqnYM,UgxRTepQnN2WlW5qwql4AaABAg,@user-rf1us1kd8t,두 분이 너무 잘만나신 것 같아 보기좋다 ㅎㅎ,0,2025-07-16
aLXv8GNqnYM,Ugziw5IBKnCveFemOYd4AaABAg,@클린그레이스,"와
. 타고나셨네요..!!
남편분 사랑 듬뿍 받겠어요!!♥♥",0,2023-09-15
aLXv8GNqnYM,Ugw_VHwi0kUk8Fq0G1p4AaABAg,@연듀-n3j,어떻게 맛있고 이쁘게 잘만드시는지 ㅠㅠ  플레이팅이 너무 잘하셔서 부럽네요🥺🥺,7,2023-03-12
aLXv8GNqnYM,UgxQ11f-NXFeYaDSmIZ4AaABAg,@에비츄-d1s,"간단하면서도 너무 맛나겠어요~감사합니다
늘 행복하세요😊",1,2023-08-01
aLXv8GNqnYM,UgyXrPtmbp_lgue-B094AaABAg,@초미작,"와 손이 어쩜 이리 야무지고, 플레이팅도 예쁘게 하는지요!  사랑스러운 주부에요!",4,2023-05-17
aLXv8GNqnYM,UgyMx_FVUAzc-BfxVxF4AaABAg,@강민아-l2b,"오와.. 댓글을 안 쓸 수가 없네요..
재료를 요리저리 알뜰히 사용해 요리하는 창의력에 박수를!!! 한국 와서 새벽배송의 편리함때문에 코스트코에서 장 안보니 늘 냉장고에 먹을게 없는 기분이었는데~~ 다짐육, 부채살 다시 소분해야겠어요!!! 같은 재료 다른 느낌 요리들을 소개해주셔서 감사합니다❤",0,2024-01-15
aLXv8GNqnYM,UgxH8ON1xdAD-kgdxQd4AaABAg,@쥬르-i7n,한국인이 좋아하는 속도에 이렇게 많은 레시피를 간결 정확히 올려주셔서 너무나 감사해유❤❤,4,2023-05-09
aLXv8GNqnYM,UgxIrul1YPJ7Ml60fhN4AaABAg,@Ohgugu_O_O,"봄동비빔밥 양념 미쳤네요. 전 여기다가 김가루,참치 넣었더니 미쳤어요..겁나 잘먹었어용 초이프님🩶",0,2023-12-14
aLXv8GNqnYM,UgykPixHJFzgMe3CXKN4AaABAg,@SP-ph8il,요리센스가 진짜 좋으시네요! 무엇보다도 손이 크신점이 맘에듭니닼ㅋㅋㅋ,0,2023-11-29
aLXv8GNqnYM,UgzV4ETAb9XCD6rm8zV4AaABAg,@unata_4741,꺄하 이런 영상 넘 좋아용 ㅠㅠㅠ 꼬꼬마 주부로서 잘 따라해보겠습니다!!!!ㅎㅎㅎㅎ 초이프님은 플레이팅도 넘 예쁘고 맛나보이게 잘하시는 것 같아요💗,0,2023-07-05
aLXv8GNqnYM,UgwenHDHSkpwKNkNotd4AaABAg,@코스모-w4k,레시피 정리 된거 너무 좋아요ㅠㅜ 감시합니당,0,2024-09-24
aLXv8GNqnYM,UgyJx4YmTA6FUAXfJ7d4AaABAg,@Tomas5639-d7q,잠만.이요리들 야미네요 따라해야겠어요😮😊,0,2024-07-22
aLXv8GNqnYM,Ugw4RpF3KBb2A_IaPxp4AaABAg,@hsyoooooo,"못하는게 없는 초이프님❤️ 구독자도 많이늘고 영상 퀄리티도 너무 멋져서 제가 다 뿌듯 ㅎㅎ 레시피영상 잘 참고할게용
이 세상 사람들 초이프님 영상 재미난고 알아줘야해..🫶🏻",5,2023-03-13
aLXv8GNqnYM,Ugx3K0LNIoLS16_l1Uh4AaABAg,@agcxfuj,이거또한 재능이라ㅠㅠ,0,2023-12-12
aLXv8GNqnYM,UgzDh68TflxiepcUMZB4AaABAg,@ANG-dkd,요리를 정말... 정말 잘하시네요...! 멋진 영상 올려주셔서 감사합니다!,0,2023-11-26
aLXv8GNqnYM,UgxeJn2Hc24ff48Rk6t4AaABAg,@경기v열무의맘,레시피 공유해 주셔서 감사해요! 영상하고 레시피 참고해서 하나씩 도전해보려합니다 :D,0,2023-05-05
aLXv8GNqnYM,UgzN7bJY4aUQwocq0n94AaABAg,@heeymin1582,아이디어가 너무 좋네요.~❤,1,2023-09-12
aLXv8GNqnYM,UgxY6DmDlK-8uYTKJ7l4AaABAg,@readerbean6281,초이프님은 20대 꼬맹이 주부 아니고 똘똘이 주부예요^^  40대 워킹맘들도 좋아할 메뉴들이 많이 있어서 초이프님 영상 저희 언니한테도 공유했어요.,0,2024-09-29
aLXv8GNqnYM,UgzqdbC3L8Hxq4MsJld4AaABAg,@ssogeum,"4:14 라자냐
10:24 순두부그라탕",1,2023-07-29
aLXv8GNqnYM,UgzS46HTXGmZRiwhp5l4AaABAg,@난나난나다라,너무 맛나 보이는 음식을 뚝딱뚝딱 너무 쉽게 ㅎㅎ 감탄하고 갑니다 b,0,2023-08-06
aLXv8GNqnYM,UgwdClUAbM9L7AYv2Wx4AaABAg,@가지밤토리,정말 감사합니다 ㅜㅜ💜,2,2023-09-16
aLXv8GNqnYM,UgwBybeyMFz0A1AC1NF4AaABAg,@이마크여친-o4j,우와...1분 레시피 감사합니당 ㅠㅠㅠㅠ,0,2023-12-06
aLXv8GNqnYM,UgzupHvlBIPEXM9XxRZ4AaABAg,@아횽-r9f,영상에... 파일까지 준비해주시다니 감사합니다. 요리할줄모르는 신혼 맛있는밥 저희로 해먹어볼께요!!!! 그리고 냉장고. 냉동실 정리법도 알려주세요!!,0,2023-12-26
aLXv8GNqnYM,Ugy-r-pBR639UHJeylJ4AaABAg,@---ze4tu,진짜 대박이다 저도 이십대 초보새댁이에요 언니(나보다 멋지면 무조건 언니) 도장깨기 해볼테니까 앞으로도 계속 계속 올려주셔야 해요.. 진짜 약속이요❤,3,2023-03-25
aLXv8GNqnYM,UgwlgBNrmDeg_kp72OB4AaABAg,@토리토리-p4u,이런 걸 재능이라고 하나봐요❤ 계속 시청하게 하는 매력입니다.,2,2023-03-13
aLXv8GNqnYM,Ugz-VmAuqBWodM4SBsF4AaABAg,@밥또,어떻게 어리신데 알뜰하고 야무지고 요리까지 잘하셔서 매번 볼때마다 감탄이에여 ㅎㅎㅎ 남편분 전생에 나라를 몇만번 구하셨나봐요 👍🏻☺️저는 혼자 자취하지만 따라해볼게용,4,2023-03-12
aLXv8GNqnYM,UgzvkdpY_vrPJ8b2kyB4AaABAg,@숙맘-u8j,저도 20대 주부가 된 주부입니다! 요리하는 게 이해가 안 가고 어렵고 그랬는데 초이프님 영상 보니 이해가 쉽게 되는 거 같고 한번 만들어서 먹어도 좋을 거 같았어 영상 보면서 한 번씩 만들어봐야겠네요😂 요리할 때마다 맛이 먼가 밍밍해서 걱정이 많았네요ㅠ 임산부이다 보니 아직 서툰 요리지만 보고하면 잘 될 거 같네요!,7,2023-03-31
aLXv8GNqnYM,Ugyf-sjrhPbsHF-lZsl4AaABAg,@zzangyogo4800,이정도면 웬만한 요리연구가나 요리왕 저리가라네요😊😊,4,2023-04-07
aLXv8GNqnYM,Ugxy1lu--aJ8ACsNeY94AaABAg,@먹방요정여울이,하루에 한메뉴씩 도전해볼게요 플레이팅도 너무 예뻐요❤,0,2023-11-21
aLXv8GNqnYM,Ugz_jY-5vTNb7SwftNV4AaABAg,@숲속-s7z,"놀라워요😂
어쩜 새댁이 어찌 이리 뚝딱뚝딱 요리!!!
모든 잘하네요",3,2023-03-24
aLXv8GNqnYM,UgwLEsnFt4zH79ZaywV4AaABAg,@Hantoshil,와! 레시피 감사합니다😊😊,0,2023-11-20
aLXv8GNqnYM,UgyE4HIAMyPWv3nfMNN4AaABAg,@데이지초록,뚝딱뚝딱 너무조아요!!!!!!,0,2025-07-22
aLXv8GNqnYM,Ugy8Xbh85xrA7ypPejB4AaABAg,@q.a-ee8ql,"요리에 야매요리가 어딨나요ㅎㅎ요리는 정답이 없는걸요. 배웠다고 다 잘하지도 않고, 배우지 못했다 해서 다 못하지도 않아요. 야매요리. 그것만큼 웃긴 말도 없네요ㅋㅋ
옛부터 주부들은 살림, 요리를 배워서 하진 않았습니다. 다들 감으로 하는거죠ㅎㅎ 그 감이 좋냐 나쁘냐에 따라 솜씨가 달라지는 거구요.
요즘 저희같은 2~30대 주부들은 정보가 많은 사회에 태어나서 어디서 본 게 많다 보니 센스있는 사람들은 안 배워도 곧 잘 하죠.
초이프님도 센스 좋고 감 좋고~ 그래서 예쁘고 멋스러운 요리가 잘 나오는 것 같아요^^",1,2023-03-21
aLXv8GNqnYM,UgxLvScb-9poSIOLZhB4AaABAg,@얼음마녀-행복,멋지세요. 천천히 하나하나 따라해볼께요,0,2023-09-14
aLXv8GNqnYM,Ugw2-Nr5v8pzMnAW0dN4AaABAg,@ClairHome-fe6pe,활용력이 대단하신데여?! ㅎㅎ 참고하려구 구독하구 가요~~~😊,0,2023-07-04
aLXv8GNqnYM,UgxfRZTmZfkz1txkJCd4AaABAg,@쿄쿄쿄-t2u,초이프님 레시피 공유 감사해용❤공유해주신 보람 있게 건강한 메뉴들로 끼니 잘 챙겨먹어볼게요💗,3,2023-03-12
aLXv8GNqnYM,UgxiCdmjfvEAHbI6_PB4AaABAg,@2play246,멋져요…..😮❤,0,2025-05-25
aLXv8GNqnYM,Ugx_5ycO6CQAXRq_Mjp4AaABAg,@wlgnl456,와 다짐육 진짜 알차게 쓰시네요 !!!,0,2024-06-28
aLXv8GNqnYM,UgwjLsyhR1U8099C8h54AaABAg,@gwangpa_jubu,주방이 정말 깔끔하네요~ 잘보고갑니당!,0,2024-06-07
aLXv8GNqnYM,UgyCqEsL52-OwCvMbg94AaABAg,@umustbmyloxe,정성스런 파일까지...ㅠㅠㅠㅠ 책 내셔도 되겠어요!!!!,4,2023-05-05
aLXv8GNqnYM,UgxFhhb20D3KFDSCyMJ4AaABAg,@계좌불러강동원,"ㅋㅋㅋ처음엔 모든 요리가
야메였지요. 그러다가 사람들이 찿으니
수요와 공급에 의해서 이름이 탄생.
초이프님만의 요리가 탄생.
아직 아무 이름도 없지만, 그 무엇도 될수 있다는 반증ㅋ",5,2023-03-12
aLXv8GNqnYM,Ugw-20eCcx5x9Jtuotd4AaABAg,@daolong2723,와.....................미쳤댱,1,2023-08-01
aLXv8GNqnYM,UgxohF-Yky5dKKSksNV4AaABAg,@블라블라-u1v,진짜 제목이랑 썸네일 내용 모두 넘 잘뽑으신것같아요!!,3,2023-03-12
aLXv8GNqnYM,Ugz7WDnIOi9t_P1czDJ4AaABAg,@애주디,"초이프님이 천사 맞네요~
자세한 레시피까지^^
영상 올려주셔서 감사해용~♡",2,2023-03-12
aLXv8GNqnYM,UgxUwixZMDBSD4-af314AaABAg,@Sugang_,"너무 힐링 하면서 봤어요 🤍 음식에 정성과 사랑이 가득가득 후 3-4개월 열심히 가다려 보겠습니당,,",3,2023-03-12
aLXv8GNqnYM,UgwlsvGXWxFFlqa8f6t4AaABAg,@Ongloh1,Love watching your videos❤ Could you kindly include English subtitles in your future videos please? Thank you!,1,2023-05-30
aLXv8GNqnYM,UgyQ1tLUpga9FTv9dfV4AaABAg,@StutiOi,"언니,,,
정말 알이 꽉꽉 찬 영상이네유
꼬옥 따라해볼게용! 
매번 이렇게 알찬 영상들로
찾아와 주셔서 감사합니당❤",2,2023-03-12
aLXv8GNqnYM,UgwqNhgCYoxfg-avPJJ4AaABAg,@Hajin-mh5pm,꺄  이번주영상업로드양 무슨일인가요오🥺❤️❤️❤️ 일요일밤 초이프님 영상보면거 힐링할게요🤍🤍🤍,2,2023-03-12
aLXv8GNqnYM,UgxJwH3lcfIP5s21qsp4AaABAg,@ming_O3O,정성이 대단하세요 감동적❤ 요리모음 진짜 좋아요! 다음편도 기대됩니다🫶🏻🫶🏻,2,2023-03-12
aLXv8GNqnYM,UgzfpKpIJI38A31WOAp4AaABAg,@albowalbowalbow,완전 지금까지 내가 먹던것과 다른 새로운 요리들이라 해볼게 많아져서 정말 좋습니다. 요리들이 다 건강식이라 더요.,2,2023-03-12
aLXv8GNqnYM,UgwIMxLN2KGDUHH5mGx4AaABAg,@쏭-y8l,저장하고 꼭 한 번 따라해 볼게요!!! 레시피 간편하고 너무 좋아요. 감사합니다아아,3,2023-03-21
aLXv8GNqnYM,UgwxaP7wgWAyPrDUNdt4AaABAg,@eocjstk78,15초 보자마자 구독눌렀서요,0,2023-12-23
aLXv8GNqnYM,UgxdSSw6I9sie37yZnt4AaABAg,@StutiOi,"언니 !

요리 영상 보다보면서 느낀건데
친구들 집초대해서 만들어주면 좋을
간단하지만 있어보이는 요리 ! 
같은 영상 만들어주시면 정말 좋을 것 같아유! 
정말 잘 따라할 것 같아유 ㅠㅠㅠ❤",4,2023-03-15
aLXv8GNqnYM,Ugw2uaxoA4JKDl7HuHZ4AaABAg,@miriview9602,"전 이렇게 여러가지 메뉴를 한 영상에서 보는게 좋더라구요!!! 
저도 퇴근해서 저녁만들어 먹는데 유튜브 메뉴 하나 만드는 영상이 너무 길면.. 지루하기로 하고! 
메뉴 서른개를 하나의 영상으로 알려주시니까 너무 좋아요ㅠㅠㅠ 다음것도 기대할게용♥",3,2023-03-15
aLXv8GNqnYM,Ugw8_38HfvnUfeG4ei94AaABAg,@eunhye2685,"순두부 그라탕
오므라이스
케일쌈밥
봄동비빔밥",0,2023-11-28
aLXv8GNqnYM,Ugz7Z3nvXIwREtGvl6Z4AaABAg,@죠뎐과주인사이,역대급입니당,0,2025-12-14
aLXv8GNqnYM,Ugwk9usB1z2_-zNfErV4AaABAg,@Doctor-UK,오와 귀염뽀짝 뭔가귀여워요,0,2023-11-20
aLXv8GNqnYM,Ugw4hKORBErj-cnRg894AaABAg,@김세진-g6r,이쁘세요~^^♡♡♡♡자기야~^^♡♡♡♡♡♡♡♡,3,2023-05-07
aLXv8GNqnYM,UgypkPi5awjf_CzYKfF4AaABAg,@행복한아침-k9g,"진짜 초이프님은 못하시는게 없어요!!!ㅎㅎㅎ
저도 초이프님 같은 분이 아는 지인이였음 좋겠네요 ㅠㅠ",4,2023-03-20
aLXv8GNqnYM,UgySd8gLbmUnwIeb8qt4AaABAg,@monicalee9331,"0:48 강된장 케일 쌈밥
4:14 라자냐",1,2024-12-27
aLXv8GNqnYM,UgzCPT1KXqd2fIT9Qrx4AaABAg,@Annie-pp9bb,대단 대단...,0,2023-09-27
aLXv8GNqnYM,UgyR0NsKcvxt4fmD6_14AaABAg,@밈민미,"진짜 간단하고 알기쉽구 깔끔하구 완전…돈내고 봐야하는 영상이에요🥹 공유 감사합니다,,❤ 꼭 다 해먹어볼게용ㅎㅎ",2,2023-05-16
aLXv8GNqnYM,UgyjM-PUSZAgBYllRpd4AaABAg,@silverchoi9671,코스트코 하울 영상으로 유입되어 초이프님의 요리실력에 허덕이고 있어요.,2,2023-03-12
aLXv8GNqnYM,UgzmZqV0rrvTA74Bb8t4AaABAg,@류지원-e2k,요리모음집 완전 필요했어요!!!!!!! 감사합니다😊❤,3,2023-03-12
aLXv8GNqnYM,Ugxhy-EU82E9z5TjKtx4AaABAg,@라라-m3n,카레에 아몬드 넣은거 진짜 신의 한수에요!! 아이들도 너무너무 잘먹더라구요 맛있다면서 🥰 감사해요~ 레시피 잘 활용할게요❤️,3,2023-04-17
sgliEQ5VQV0,UgzgoBNIUkHcKL3AAMN4AaABAg,@frauheo,"저처럼 요리 애송이에게 추천하고 싶은 
저는 너무 도움 받았던 100g 법칙! ..

간설파마~ 이 한식 공식은 많이들 아실 것 같은데 
제가 올해초에  요리 배우고 싶어 
클래스 다니고 책보고 할때!  
우연히 한 영상을 봤던 게 올해 큰 도움이였어요. 

한식공식은 전문가 분들도 많이 이야기 해주시지만
100g 법칙은 과학적인 근거가 있고 고런건 아님!!  ㅎㅎ 
유튜브 채널명은 ‘슈퍼땅콩’님이고 
그 분의 친정 어머니 조언이었다고 합니다!! 

이 분 ‘요알못을 위한 요리강의’시리즈 아주 좋아요
5년전 영상인데 계속 해줬으면 좋것더라고요 ㅠㅠ 
.
.
.
일단 유명한 한식 공식
✔️장-설-파-마-후-참-깨 

많은 전문가 분들이 
한식은 기본 이 베이스 공식에서 크게 벗어나지 않고! 

‘장’을 메인으로 하고 
맛보며 원하는 맛을 추가하는 형식으로 
레시피를 구성한다고 하시더라고요! 
.
.
.
저는 근데 요걸 알아도 너무 혼란스러웠던게! 
‘그래 비율은 ‘장’이 2고 
나머지가 1이라는 건 알겠는데! 
재료양이 매번 다른데 이 ‘장’을 얼마나 넣어야 하는지
모르겠다는거였어요.

그때 본 영상이 ‘100g 법칙!’
유튜버 슈퍼땅콩님이 알려주시는 건데 
요약해서 말하면 

✔️재료 무게 100g당  1숟가락으로 계산해
‘간’을 맞추면 좋다는거였어요.
 
**단 국물요리 같은 건 제외, 
**소금은 많이 짜서 소금으로 간 할 때는 과할 수 있음
.
.
.
그래서 예를 들면 
불고기하려는데 고기가 200g이면 간장 2숟가락,
시금치 무침 하려는데 시금치를 300g 사왔으면 
간장 3숟가락으로 넣는거죠 .

닭고기, 갈비살 같은 재료는  뼈가 있으니까! 
1/2로 계산해 100g당 반숟갈로 계산하면 좋다고 하셔요. 
  
이렇게 하면 
모든 간이 딱 맞았다! 이건 아닌데 ㅎㅎ 

레시피 없이 
나물 사와서 바로 무칠 때 
이 법칙을 적용하니 얼추 맞고 
근접한 맛이 나더라고요!
 
예전에는 한숟갈 한숟갈 조심스레 넣고
맛보면서 한다고 
오래 걸렸는데 좀 더 편해진 기분? 
간이 딱 맞을때도 꽤 있어 희열이고요 ㅎㅎ   

정리하면 맛보고 좀 더 추가해보는 식으로 
연습하는 중입니다!! 

싱거우면 더 넣으면 되는데 
짜면 곤란하니까 100법칙보다 
한 숟가락 덜 넣어보는 것도 추천 

고추장과 간장이 둘 다 쓰이면 
입맛에 따라 , 요리 종류에 따라
재료 300g 기준 
고추장(2) 간장(1) 이렇게 해도 되고 
간장 비율을 늘려도 된다해요.

요리에는 여러 변수가 있어
모든 상황에 적용할 수 있는 
수학 공식같은 딱 떨어지는 팁은 아니지만 
제가 꽤 도움을 받았던거라 올려 보아요! 
 
다음 5탄은 요리 못하는 사람에게 
너무 필요햇던 살림템 정리로 찾아오것습니다 ㅋㅋ



#근데이걸알면서 
#왜남편시키냐
#이런질문거절합니다 ㅋㅋ 
#혼자있을때는 
#나먹는거만들때는
#진짜열정적인데 ㅋㅋㅋ 
#뚜호랑있으면 
#괜히내가하기싫음… 
#그리고혼자하면왜이렇게
#요리가잘되고
#막상해주려고하면실패함 ㅋㅋㅋ 


.
.",354,2025-08-03
sgliEQ5VQV0,UgyrmWkg0C0sDk2yXLN4AaABAg,@greenvibeisfp,와미치겟다 이런공식이있었다니 정말고맙습미다 리얼루 !!!!,809,2025-08-03
sgliEQ5VQV0,Ugx5WyWzKhbAwwARxBp4AaABAg,@hyeam5,이걸 이렇게 설명해 주신다는 것 자체가 요똥에게 넘 감사해요!!!,145,2025-08-04
sgliEQ5VQV0,UgwI6TUXaraHr6Ref5R4AaABAg,@iii_xoxoxo,미쳤다 이렇게 명쾌한 요리 초보 강의 처음이에요‼️‼️‼️‼️ㅇ😍❤️‍🔥❤️‍🔥❤️‍🔥❤️‍🔥❤️‍🔥❤️‍🔥❤️‍🔥❤️‍🔥❤️‍🔥,35,2025-08-09
sgliEQ5VQV0,Ugx--E6qFNE3lKd2cfZ4AaABAg,@김은경-x5j,지금 결혼 8년차고 애둘 있는 사람인데요!!! 이제야 이걸 알게되다니 너무너무 감사해요!!!!!!❤❤❤,95,2025-08-07
sgliEQ5VQV0,UgyEi5aM6YFJ5Euewe14AaABAg,@michellewhang2475,20년 주부인데도 많이 배우네요. 감사해요,11,2025-08-20
sgliEQ5VQV0,UgzA7DU414LLaKTeq-F4AaABAg,@임사랑-v6g,음식 너무너무 싫지만 결혼해 사랑의힘으로 만들어도 넘넘 싫은데 만들어도 힘들고 어렵고... 10년이 넘어도 모르겠는데 저런공식을 알면 좋겠다 했거든요!!! 그러다 이영상 이 아~~~ 탄성이 나왔어요 이영상 을 외워야 겠네요😄😄😄👍👍👍,32,2025-08-11
sgliEQ5VQV0,Ugy9hAb5u-_NrV1Ylgp4AaABAg,@makitty302,우와 진짜 저처럼 요똥에게 너무 감사한공식이네요 당장 이 법칙으로 해볼게요 너무감사해요정말로❤❤❤❤❤❤,5,2025-08-24
sgliEQ5VQV0,UgyJ0yOiVjPiI6LKxIx4AaABAg,@Lalaland00,똘똘이 스머프같아요!😂,5,2025-08-13
sgliEQ5VQV0,UgxH3ocJaa_SiH6Z1kp4AaABAg,@bana_banana,간설파마깨후참.. 몇년전 승빠영상에서 봤는데 뇌리에서 지워지질않음ㅠㅋㅋ,5,2025-08-22
sgliEQ5VQV0,UgxyIAWRCoFN2nv_dm94AaABAg,@가수김혜진TV,명강의입니다~최곱니다~^^,51,2025-08-08
sgliEQ5VQV0,UgwlQXkq-U6Nb6idf-h4AaABAg,@스마일-z6c,와~~~ 똑띡이~!!! 💯👍👍👍😊,12,2025-08-05
sgliEQ5VQV0,UgyFsh3H57uRgFaWkht4AaABAg,@아르-p5o,와 진짜 귀에 쏙,8,2025-08-09
sgliEQ5VQV0,Ugwcm8cLPBmyEjuVWRh4AaABAg,@sceec,강사님이신가요.? 듣는 사람이 쉽게 느껴진다 = 잘 가르친다,4,2025-08-08
sgliEQ5VQV0,UgzcMgNYeRQK3SQsQPd4AaABAg,@Kono_Kim,의무교육에 넣어야해 진짜,38,2025-08-03
sgliEQ5VQV0,UgwjoIl-po5tJMxk4GF4AaABAg,@이혁규-z3l,"신혼수업 4탄 과 5탄 쇼츠보고
아..이분 찐이다
저에게는 그저 빛입니다ㅠㅠ
바로 좋.댓.구.알 갈겨버림ㅎㅎ❤",3,2025-08-16
sgliEQ5VQV0,Ugw8k0BP_Pof3VpIwmh4AaABAg,@빛나리-e8b,50대인 저도 저장합니다. 대~충의 공식이네요. 훌륭하시네요,2,2025-08-15
sgliEQ5VQV0,Ugx25pl4e1Hx8wagi894AaABAg,@내목도리,유튜브 쇼츠중에서 제일 유용한 영상이였어여,19,2025-08-08
sgliEQ5VQV0,UgzKpqxZDn_oUYSylgl4AaABAg,@OTL-T0T,와 너무 좋아요 너무 이로운 영상입니당 👍🏻👍🏻,13,2025-08-03
sgliEQ5VQV0,UgwMZQmHL3V0k7dsOMh4AaABAg,@이희-d1m,천재이십니다~~~,2,2025-08-19
sgliEQ5VQV0,UgySFRMYJHkg3VSLLh54AaABAg,@말랑콩이-r1u,와 미첬넹... 갑자기 확 와닿아요,2,2025-08-14
sgliEQ5VQV0,UgxU3o5AfOJGzJlK26F4AaABAg,@b-o-n-y-a,"헉 후추 양이 너무 많잖아요. 
설탕도 좀 줄여주세요^^",4,2025-08-13
sgliEQ5VQV0,Ugy3te3zFJF9pVAlo7N4AaABAg,@양귤-x2w,감사합니다 교수님,3,2025-08-10
sgliEQ5VQV0,UgzQPpqFKmRLAYk33eZ4AaABAg,@내떵꺼만발랄,감사합니다♡♡♡,4,2025-08-09
sgliEQ5VQV0,UgwMfRUwEuVEE3zbpFR4AaABAg,@기픔-u7p,와 천재,4,2025-08-03
sgliEQ5VQV0,UgwRDzhUjO9YeCG3K-d4AaABAg,@jwkim7611,후추 한숫기락?!?!? 후참깨는 비율과 상관없이 요리 후 적당량 넣어주시는 겁니다. 파 역시 2로 가는게 좋을듯. 장설파마 2121. 재료가 쫌 별로고 건강 상관없으면 2221.,113,2025-08-13
sgliEQ5VQV0,UgxNf85c9Bdpus9SRXB4AaABAg,@user-happyrich11,와... 진짜 사랑해요...,0,2025-12-09
sgliEQ5VQV0,Ugx6KafWX39-_3XCsnt4AaABAg,@박병관-95,이거 승우아빠 강의잖아요😮,4,2025-08-10
sgliEQ5VQV0,UgxgUccLGSeHNFGJWqV4AaABAg,@발라당이들,정말 감사합니다 ❤,2,2025-08-11
sgliEQ5VQV0,Ugw2vwMZR3OJcpiuM4Z4AaABAg,@cheongyju,넘나 귀엽노❤,5,2025-08-03
sgliEQ5VQV0,Ugz2gykGmAktZDeFPJR4AaABAg,@빌리맘80,오~~^^  떠든사람 공주님 설명 귀에 쏙쏙 너무 재미있는데  너무 실용적이네요~!!,4,2025-08-04
sgliEQ5VQV0,Ugwnz2I83slMoMyNilN4AaABAg,@낙타로드,이원일 셰프가 여럿 자취러 살리네요 🧐👍,2,2025-08-10
sgliEQ5VQV0,UgxfoO8bv1QkcffKIAZ4AaABAg,@user-wlfkfdldi,이거 너무 좋은거같아욬ㅋㅋㅋㅋ,1,2025-08-14
sgliEQ5VQV0,Ugwq018udlIoZNdPDk14AaABAg,@도담-u9k,근데 진짜 맞는 것 같아요ㅋㅋㅋㅋㅋ 최근 간단 레시피들 따라하면서 집밥해먹는데 양념장이 거기서 거기입니다.. 특히!! 마늘은 정말. 모~~~~든 음식에 들어가요,3,2025-08-05
sgliEQ5VQV0,UgwXA6YSt93dE2EhUcd4AaABAg,@무제-t1i,좋은 정보 감사해요~~,1,2025-08-09
sgliEQ5VQV0,UgwxWYedpXyysv8SLMJ4AaABAg,@진맘-g1x,오~~정말  재밌게  강의하시네요~~,7,2025-08-03
sgliEQ5VQV0,UgwP4KkZUtPpKm7Yzq94AaABAg,@sweet.little_Kitty,헐 자취생에겐 너무너무너무 감사한 정보예요…. 진짜 요리를 해도 내가 아는 맛이 안 나와서 항상 답답했는디,0,2025-08-20
sgliEQ5VQV0,UgzBOtzU7HVFfBAORGV4AaABAg,@jieunlee261,오호! 배우고갑니다.😊,4,2025-08-03
sgliEQ5VQV0,Ugw9qI0gaKX2Yfzc6YV4AaABAg,@goshot79,"어머 이런 깊은뜻과 비율이 있었구나~~~~ 진짜 너무좋은정보 
손가락막대기 너뮤 귀엽 ㅠㅠㅠㅠㅡ",0,2025-08-04
sgliEQ5VQV0,UgxoXQoQUrRRJLPWGGp4AaABAg,@leeleejinjin,와 요리 늘 어려워하고 했던 요리도 다시 레시피 찾아보고 양념장 어려워했는데 이공식만 외우면 되겠네요!,0,2025-09-05
sgliEQ5VQV0,UgyLYwK-Qprh0LBsQK94AaABAg,@김선희-u7n6z,"주부경력 29년인 저는 아직도 요리에 자신이 없어 매번 요리책에 나오는 계량을 보며 합니다..
사실 한식 양념 거기서 거긴데...
이렇게 좋은 방법이 있었군요..
이걸 기본으로 조금씩 간을 보면 되겠네요..
간설파마후참깨..꼮꼭 암기하겠습니다..^^",69,2025-08-03
sgliEQ5VQV0,UgzxR59D5sJWOB73DhR4AaABAg,@user-145zxy,와... 드디어 적당히라는 마법에서 깨어난 기분입니다,1,2025-08-20
sgliEQ5VQV0,UgzktjaZpi34_Aojiml4AaABAg,@Bomi-mom,와우 대박입니다 😊,3,2025-08-03
sgliEQ5VQV0,Ugx9XQzWhdbYHotzxDl4AaABAg,@따띠짱,진짜 유익해요 머리에 쏙,0,2025-08-20
sgliEQ5VQV0,Ugxy8AqaaeiuzAoHaG94AaABAg,@희나-f3s,헉 이런공식 너무 소중해요❤,0,2025-08-26
sgliEQ5VQV0,UgzjjUTf6SCfx9unvtd4AaABAg,@대박이랑백설이랑-s3b,오 넘 좋아요. 늦게 결혼해 맬 유툽 보고 요리했는데  최고에요 😊😊😊,0,2025-08-20
sgliEQ5VQV0,UgwY9xJE2aDyuHMDnqJ4AaABAg,@juheoseon,"진짜! 감사합니다 평생 기준이 됐어요😂
 제가 20년정도 혼자 요리하면서 계속 답답했던거였어요😮
 진짜 꿀꿀꿀기준❤",1,2025-08-03
sgliEQ5VQV0,UgwKw07llI0_S51u24p4AaABAg,@hionlee5923,대박입니다 최고~!,0,2025-08-26
sgliEQ5VQV0,UgzDxGbszdro03K_DsR4AaABAg,@user_timothy,이 시리즈 보고 구독했어요 재생목록 있었으면 좋겠어요,0,2025-08-09
sgliEQ5VQV0,UgwWmIp2_TGyWWYipMd4AaABAg,@러브홀릭-n2d,좋은정보 감사합니다 ^^,0,2025-08-18
sgliEQ5VQV0,UgzYC1SVYcsprDm2hEV4AaABAg,@user-ti6um5up7m,똑똑한 설명 굿!!,0,2025-08-17
sgliEQ5VQV0,Ugyl4BzRmqFVPIGzyJF4AaABAg,@jnc1140,이런컨셉 좋아요,0,2025-09-27
sgliEQ5VQV0,UgwpkSXjvFiEVG4jzfR4AaABAg,@August_SEe,"워딩이랑 목소리가 김희선 배우님 같아여😮
캡쳐하고 갑니당ㅎㅎ",0,2025-08-10
sgliEQ5VQV0,UgzIKWczrgY2F2new9x4AaABAg,@핑크스톤yj,아 이 시리즈 왤케 잼나고 유익한거얌😆🤣,1,2025-08-03
sgliEQ5VQV0,Ugx2R0WkUQmWqz5Bhop4AaABAg,@김수진-v8n8f,유용한 정보네요,0,2025-08-18
sgliEQ5VQV0,Ugz3PJ2kBjvMjf8CZeN4AaABAg,@hun-d5s,와... 남자한테도 유익했습니다 👍🏼👍🏼,1,2025-08-29
sgliEQ5VQV0,Ugxy7dKKJz6SaphITG14AaABAg,@iwvpa,세상에 이런 마법같은 주문이 ㅠㅠㅠㅠ 요알못은 감명받고 갑니다. 감사합니다!,0,2025-08-05
sgliEQ5VQV0,Ugx6zEfPcfa30_zjKL94AaABAg,@ReptileStory,1타강사❤,1,2025-08-09
sgliEQ5VQV0,Ugy5R0nemMqLl9_K5D94AaABAg,@38317-K,오..저장❤,2,2025-08-03
sgliEQ5VQV0,Ugwo6ZxT930RdNWyNeF4AaABAg,@왐먀,영상 정말 좋네요! 쇼츠가 유익하기 쉽지 않은데 참 좋아요~,0,2025-08-06
sgliEQ5VQV0,UgwBnXQn7Ihr2qWD6ZB4AaABAg,@바람개비-g3n,이런거 자주 올려주시요,0,2025-08-18
sgliEQ5VQV0,Ugy38xBbYrJqxn-0nOx4AaABAg,@오팔-s7l,오 완전 꿀팁이네요 고맙습니다!,14,2025-08-03
sgliEQ5VQV0,UgxtHGuCbt9-Do41aSN4AaABAg,@안쏘-v5p,와 대박꿀팁,1,2025-08-04
sgliEQ5VQV0,UgxJjb2EGT50cGVR5754AaABAg,@pihoom,와 미쳤다 너무나 감사합니다,0,2025-08-05
sgliEQ5VQV0,UgzlxZSpGZa0M6qpSSN4AaABAg,@샛뾰리,헐 대박!!!!,0,2025-08-19
sgliEQ5VQV0,UgzdrMICb3i5x1EOIVd4AaABAg,@그래그린,요점정리 예술이네요,0,2025-08-04
sgliEQ5VQV0,Ugy0TjyjWTPDbIBd4zV4AaABAg,@God_dead8,"이거 한식조리기능사 자격증 실기 시험보면 학원에서 알려줘요ㅋㅋㅋ 오랜만에 옛날 생각나네요ㅋㅋㅋㅋㅋ 여기에 초무침 비율 공식도 있고, 냄비밥 공식도 있어서 응용해서 하면 좋아요ㅋㅋㅋ",1,2025-08-10
sgliEQ5VQV0,Ugy3iUyyQ-eK-cDd7bl4AaABAg,@fly77haha,211셰프님이 가르쳐 주셔서 저도 잘 쓰고 있는 공식이에요 ㅎㅎㅎㅎ,0,2025-08-20
sgliEQ5VQV0,Ugxy11ZrQJ0P1kwo4_x4AaABAg,@hanjin2485,똑똑하십니다🎉,0,2025-08-19
sgliEQ5VQV0,UgzT1eVdu0hbX8E-BAl4AaABAg,@투데이콤마,천재….🫢,0,2025-08-04
sgliEQ5VQV0,UgzunBpO8sPn75UU_5x4AaABAg,@odinary2,선생님이 너무 이쁘시네,0,2025-08-29
sgliEQ5VQV0,UgzJNBljpzKiFjFFqMB4AaABAg,@user-on2en5nj3q,100g당 한숟가락이라는건 섞어놓은 양념 한숟가락인가요 각 양념재료마다 한숟가락인가요,7,2025-08-15
sgliEQ5VQV0,UgyhW044Odm3jyAS5Ad4AaABAg,@gotFISH153,"Frau 허님, 짱!",0,2025-09-01
sgliEQ5VQV0,Ugx0EbFQ634bLI8A5q94AaABAg,@Illlliiiliillli,와 진짜 배웠다,0,2025-08-22
sgliEQ5VQV0,Ugx50wzaRmvElPdr_dp4AaABAg,@user-gi5fr1vv8r,진짜감사합니다,0,2025-08-08
sgliEQ5VQV0,UgwIXkR-BmltcUreY1B4AaABAg,@새벽내음,천재 😂,0,2025-09-03
sgliEQ5VQV0,Ugyf25SXMB7ArJ4XI8J4AaABAg,@sarangi2917,쩐다!!!!,0,2025-08-05
sgliEQ5VQV0,Ugy3dfIZmQtXmQCl_vV4AaABAg,@밍밍-o4o,감사합니다 스승님,0,2025-08-22
sgliEQ5VQV0,UgzxdHFqOgfivVqd_UB4AaABAg,@s무아,선생님이 똑소리 나네요 ㅎㅎㅎ,0,2025-08-20
sgliEQ5VQV0,UgylnfvVDmOoxrYzhKV4AaABAg,@노마드시골처녀,"아따 비율까지! 훌륭합니다❤
요리레시피 매번봐도 막상 요리하려면 못하는게 그게 간장이2 인지 고추장이 2인지 ㅠ",0,2025-08-12
sgliEQ5VQV0,UgwaVEZmeJDvUFfgICJ4AaABAg,@호이호2,와이거 진짜 ㅋㅋㅋ 무슨 일타강사 강의 듣는것같네ㅋㅋㅋ👍👍👍,0,2025-09-05
sgliEQ5VQV0,Ugwcsc8lmNoTASZAUQB4AaABAg,@블링쩡,ㄸ ㅏㄸㅏ봉~~!!!!!!🤩,1,2025-08-03
sgliEQ5VQV0,UgxNXVLuWGkftSbc7BR4AaABAg,@hana0__0,이렇게 확실하게 짚어주는거 넘 좋아!!!,11,2025-08-03
sgliEQ5VQV0,Ugw-8FluxSOcV8vU7wt4AaABAg,@나의시선-m4m,이 시리즈 너무 웃겨요~ㅋㅋㅋ,0,2025-08-03
sgliEQ5VQV0,Ugw7hYeRVLVe7xrW0L94AaABAg,@gib2138,오호!   대박,0,2025-08-10
sgliEQ5VQV0,UgwgpyUngyZRQDam31N4AaABAg,@감자5-p4z,최고다,0,2025-09-20
sgliEQ5VQV0,UgxmJjmIMl73vML9H494AaABAg,@이영아-w8x,이영상보고 구독햇씀돠 😊,0,2025-08-13
sgliEQ5VQV0,Ugyh6ncFie_VyY4c3vZ4AaABAg,@코카-c2u,와 개꿀❤,0,2025-08-25
sgliEQ5VQV0,Ugz6lTIskHD7IOI51e54AaABAg,@0010_han_seul,"장설파마후참깨
2111111
100g법칙 : 메인재료 100g당 1스푼 (뼈 있을시 1/2)

*간설파마-불고기 고설파마-제육볶음
@선생님 이렇게 요리별 소스 조합 더 알고싶어요..😢",1,2025-08-09
sgliEQ5VQV0,UgwpVVAPynD074_bkvF4AaABAg,@kimmr.9119,감사합니다.,0,2025-08-21
sgliEQ5VQV0,Ugy3dvAzq1re_aHm3-94AaABAg,@kwangja73,와 천재다,0,2025-08-18
sgliEQ5VQV0,UgyIXesSv2YZCERwri14AaABAg,@지니지니지니-w4k,오 꿀정보를 이리 쉽게설명해주시다니👍👍,0,2025-09-17
sgliEQ5VQV0,Ugy4yJap1O0YfilO9154AaABAg,@user-kw7vy3ov4u,오 개꿀팁,1,2025-08-03
sgliEQ5VQV0,UgzMzS3lGC-lLP9wcFh4AaABAg,@안쏘-v5p,"알림❤
새신부가된지 한달 됐어용!!!!
주방용품은 젤 좋은거 사려고 스타우브 염탐하고 있었는데 오예!!!❤🎉🎉",0,2025-08-04
sgliEQ5VQV0,UgxysmH4J6OlWUPDMMF4AaABAg,@scottlee8340,겁나 귀엽네...ㅋㅋㅋ,0,2025-08-20
sgliEQ5VQV0,UgxLYGXPBYD1PfpEcT54AaABAg,@milling_cutter,찌개도 비슷하게 물 그램에 맞춰하면 될까요?,0,2025-08-31
sgliEQ5VQV0,UgxG9Kd1PAP0XAyxm-V4AaABAg,@구배기-x3g,필채가 너무 이뿌네요,0,2025-08-27
sgliEQ5VQV0,Ugw0hJxbTXjRmoqraZV4AaABAg,@morrisjeong3987,개그인 줄 알았는데 엄청 유용한 정보네요 😍,0,2025-08-25
sgliEQ5VQV0,Ugw31EZoUQ7spKBkJCl4AaABAg,@푸-n1o,똑똑한 요리사님 수학천재다 ㅋ,0,2025-08-09
sgliEQ5VQV0,Ugy1aV_CDOkyRmYF5s14AaABAg,@바다-f7q,감으로 이런건가?? 하고 있었는데 공식이 이미 있었다니!..,1,2025-08-09
eU6VoHNUTlM,Ugz_R-NsvVp9CJWrgHR4AaABAg,@행복하자-u4s,먼저 삼겹살을 충분히 익혀야 지방이 익을텐데,139,2023-07-31
eU6VoHNUTlM,UgzEvuWuvmNm6JJEazx4AaABAg,@mintchokochicken,"""라면 끓인 적 있죠?""
""네!""
""우선 팬에 밥 올리고...""
""교수님, 진도가 빠릅니다""",8113,2022-11-24
eU6VoHNUTlM,UgxvaZvdB8toLCLHS2V4AaABAg,@Invisible-clown97,일단 삼겹살을 내가 원하는 만큼 올리면 단순해지진 않습니다..,9854,2022-11-13
eU6VoHNUTlM,UgzjfM4m7BEs9l9FlKB4AaABAg,@ch_romoly,"삼겹살을 볶고 나중에 밥넣는게 더 맛있다는게 함정
이건 쉽다는게 좋은것인듯",735,2024-05-03
eU6VoHNUTlM,UgwFPPdI1xSiArQ8gld4AaABAg,@Dakchisem,쉽게 알려주셨지만 삼겹살 볶다가 나온 기름에 약불로 바꾸고 다진마늘 넣고 살짝 볶다가 밥 넣고 수분 날려주면 더 맛있습니다!,399,2024-06-30
eU6VoHNUTlM,UgxAwNIg4JbOtwT9KzV4AaABAg,@yooej1127,아이스크림 한 스쿱같은 정갈한 다진마늘 한 스푼 👍 👍 👍 👍,715,2022-11-10
eU6VoHNUTlM,UgxjdgolnZNY76ItyMB4AaABAg,@saehyuckbang9674,"와 개꿀 레시피네
당장 라면 끓이러 가야겠다",1171,2023-01-28
eU6VoHNUTlM,Ugwe0SUQuWTcdPR-4x94AaABAg,@ien5182,한국의 마늘한숟갈과 서양의 버터한숟갈의 조합이다,825,2022-11-09
eU6VoHNUTlM,Ugz423twoXITy1IgJth4AaABAg,@프랍,삼겹살만 먼저 볶고 나머진 레시피대로 해먹는 중인데 밥알 하나하나에 기름 코팅되고 은은한 마늘향과 고소한 버터향의 조화가 미쳤읍니다.. 미간 찌뿌려질 정도로 맛있읍니다.,17,2025-02-03
eU6VoHNUTlM,UgySbFP5TrfXSI_OZhN4AaABAg,@singsong9300,"혈관 막히고
배 나오고",1,2023-08-05
eU6VoHNUTlM,Ugzt8S3hUVmqSTSbK7t4AaABAg,@nrmlcrsh,버터보고 실망했다가 다진마늘보고 좋아요 눌렀습니다.,29,2023-05-07
eU6VoHNUTlM,UgzeBH3h0Ulf0XACQIN4AaABAg,@bigmacpllz,한 숫갈 이래푸다간 등짝씨게맞을듯 ㅋㅋㅋㅋㅋㅋㅋㅋㅋㅋㅋㅋㅋ,339,2022-11-11
eU6VoHNUTlM,UgzwFIBeE5mkfQr6_zl4AaABAg,@taehyoninaeshop,다진마늘에서 한국인의 정을 느낍니다,1287,2023-05-04
eU6VoHNUTlM,Ugz7-8PLS4tc2unqldB4AaABAg,@심프로,"삼겹살 먼저 충분히 익히고 시작하자
너 방금 덜익은거 한숟가락 뜬거같다...",241,2023-08-19
eU6VoHNUTlM,UgxTcDoQS464wE7b2fd4AaABAg,@시온인뎁쇼,"고기부터 파랑마늘 볶아 시작하면 간장
약간 팬에 태우 듯이 하면 감칠맛까지 잡고
더 맛있어요",218,2024-05-28
eU6VoHNUTlM,UgwUat0qXXVOMmAcpHB4AaABAg,@멍충이-l4d,라면 끓일수 있죠 말투 ㅋㅋㅋㅋㅋ 은근히 킹받네,218,2022-11-11
eU6VoHNUTlM,UgxoQBvP9rlMSGeP6Lp4AaABAg,@mw8980,이 영상을 보고 라면 못끓이는 사람이 되었습니다.,504,2022-11-14
eU6VoHNUTlM,UgwIizJWf5L3Pz9m3vZ4AaABAg,@도바다-i7t,이거 진짜 존맛임 ㅋㅋㅋㅋ버터없이 삼겹살기름으로만 먹어봤는데 ㅜㅜ 넘행복했음,639,2022-12-07
eU6VoHNUTlM,UgykRLKRb23hoYHMIYx4AaABAg,@uni747132,"간장대신 굴소스 추천
담백함이 어마무시함ㅋ",27,2024-05-11
eU6VoHNUTlM,UgxyY5eoqnwFYnNR8jx4AaABAg,@물어뜯는곰,꿀없는 허니버터볶음밥 뭐 그런건가요,1,2023-09-03
eU6VoHNUTlM,Ugw7-2pe_0TmhGzBU0V4AaABAg,@J_siasia,다진 마늘 하아아아아아아아안 숟갈이잖아욬ㅋㅋㅋㅋㅋㅋㅋㅋㅋㅋㅋㅋㅋ,11,2022-11-13
eU6VoHNUTlM,UgyfugN9cbQXrplng014AaABAg,@JKturbo4U,이 음식먹다가 일찍 이세상떠날듯😂,25,2022-11-11
eU6VoHNUTlM,UgxYZ_RbKYWbOjJti7l4AaABAg,@blankind0t,기가 막히고 혈관도 막히는 끝내주는 맛,94,2023-05-02
eU6VoHNUTlM,Ugxu9mIcNiS0zLxyoQp4AaABAg,@웨오오오옹,간장 말구 굴소스 넣어도 맛있을것같아요!,3,2023-09-10
eU6VoHNUTlM,UgwK_UxEjtnp24Xu6Ah4AaABAg,@jamesdakrn,삼겹살은 먼저 익히고 그 기름에 밥에 버터 마늘 간장 넣고 볶는게 나음,8,2024-04-29
eU6VoHNUTlM,UgwfZQqNbsElhGR5vSJ4AaABAg,@미구-i4j,"“라면 끓인 적 있죠?“
”아니요“
”아..네..“",144,2023-03-16
eU6VoHNUTlM,Ugxm1YmoPv_kJXzV_z94AaABAg,@부산역노숙자,완벽한 한국인의 마늘 한숟갈이다..,76,2022-11-11
eU6VoHNUTlM,Ugy3YIEwd_9Dv1kdpBN4AaABAg,@꽃화련-s6t,"와우 ᆢ 정말 단순 하지  않은거 같아요!!
양념 잌  ㅋㅋ    😂    마늘  왕스푼 ᆢ",86,2022-12-08
eU6VoHNUTlM,UgzZv85m-A8Q8Afm4c94AaABAg,@제리-y9b,버터에 불편했다가 마늘에 편해짐,1,2023-07-29
eU6VoHNUTlM,UgzO8QDfHaFSwCt189l4AaABAg,@Marzo_,"먹어보고싶당....
고지혈증위험이라 먹을수가없군용",0,2024-04-26
eU6VoHNUTlM,Ugx4oicHcf5f2Sp-YB94AaABAg,@현맨-w7b,"다진마늘 한숟갈 확실한거죠?
ㅋㅋㅋㅋㅋㅋㅋㅋㅋㅋㅋㅋㅋㅋ",379,2022-10-28
eU6VoHNUTlM,UgzrBDdcrGN1K7bx2-t4AaABAg,@레아-h7r,???: 삼겹살 원하는만큼 올리니까 자리가없어요,187,2022-11-10
eU6VoHNUTlM,Ugws_X45Ec8ZIbESsjh4AaABAg,@김종완-u3i,"""설명 은 단순한데 과정이 단순 하지가 않아요""",24,2022-10-28
eU6VoHNUTlM,UgzxkCmUe2UNhViC4dR4AaABAg,@브로콜리-u7r,삼겹살 원하는 만큼올리니까 공간이 없는데요?,1,2023-08-05
eU6VoHNUTlM,UgxTEogrykfYG7nHUOh4AaABAg,@민주만세,백퍼고기누린내 날거임,1,2024-08-20
eU6VoHNUTlM,UgyjhtB9Pz-NpSpYcfx4AaABAg,@yi_o015,”칼로리도 단순하지 않아요“,10,2023-02-03
eU6VoHNUTlM,Ugw5rjtpChAVGZwRl594AaABAg,@오즈-k6v,삼겹살 기름에 버터까지... 기름짐의 끝이네ㅋㅋ,7,2022-11-12
eU6VoHNUTlM,Ugz0EX_xbNk_54ndDVh4AaABAg,@이준표-x4w,ㅋㅋㅋㅋㅋ요리 유튜브 보면서 마늘양보고 다른의미로 엉? 한건또 첨이네 ㅋㅋㅋㅋㅋㅋㅋㅋ,26,2022-11-10
eU6VoHNUTlM,UgwJNpp3n95s2npa9AJ4AaABAg,@indonesiahelmets,"1.물컵 3분의1컵 물끓인다.
2.삼겹살 다 익고 물 자작할때 소금후추 마늘 진간장 
3. 밥먼저 넣고 버터는 나중에 넣는다 끝.
삼겹살은 항상 잘 익힙시다 . 

진짜 돼지고기 덜익은거 잘못 먹으면 그 돼지비릿맛에 기분잡치고 건강, 정신건강 다 ,,무튼.",29,2024-07-13
eU6VoHNUTlM,UgwAEW-pFUJ3FFxNXut4AaABAg,@koicat,"고기를 먼져 굽고 나머지 재료 넣어주면 
정신건강에도 좋을듯",223,2022-10-28
eU6VoHNUTlM,UgwcgUyx9SBaEu-1gEF4AaABAg,@isaacissac6667,버터 들어갈때 정색하려다 마늘 들어가는 거 보고 빵끗,225,2022-11-10
eU6VoHNUTlM,Ugzts3DhlHwcPDubC394AaABAg,@user-is5dw7oe8f,맛있겠어요 ㅠㅠㅠㅠㅠ,4,2023-02-03
eU6VoHNUTlM,Ugz9qH-w6bO_HgVHBK54AaABAg,@정문환-z7r,쑈즈한잔 추가히야?..~더 맛이살지이.. 🤣🤣🤑🤑👍,2,2024-06-08
eU6VoHNUTlM,UgzmlhMM_6zSYoTgItt4AaABAg,@RichardLee-vw9fo,❤,1,2025-04-20
eU6VoHNUTlM,Ugzhi9nAGYdrJQgHJbJ4AaABAg,@황필립의잡동사니,어렸을때 간장버터밥 가끔 먹었죠 저기에 오징어 젓갈넣고 비비는 것도 맛있어요^^,5,2023-05-07
eU6VoHNUTlM,UgxVRWE3rGjkeeqIvFR4AaABAg,@dinosaur_editing,형 덕분에 맛있는거 많이 해막고있어요!!! 특히 집에혼자있을때 개좋음,5,2022-11-11
eU6VoHNUTlM,Ugz14nEzOzdMoi9ou9J4AaABAg,@krystalhell,ㅋㅋㅋㅋ 다른 나라 사람들이 보면 기절초풍할 '한숟갈' ㅋㅋㅋㅋㅋㅋㅋ,22,2022-12-30
eU6VoHNUTlM,UgxgcrvwytRWr_kEGKV4AaABAg,@리롱이이이,마늘밥인가?!,1,2024-09-04
eU6VoHNUTlM,UgyqeDHtTQRFg4Wm_AR4AaABAg,@badasalang33,트랜스지방을왕창넣었네 ㅋㅋ😊,1,2024-10-06
eU6VoHNUTlM,UgyrcmBeFw3kpvRlOEh4AaABAg,@h.1312,"버터에 간장. 맛없을 수가 없지~  껄껄
잘익은 김치 있으면 금상첨화!!",10,2023-03-26
eU6VoHNUTlM,UgzC-cz0aZTP-9qGp_R4AaABAg,@Esquire22222,"느슨해진
혈관에 긴장을 주는 음식이네",4,2023-03-07
eU6VoHNUTlM,Ugx1tXGdobV80Ac9JQR4AaABAg,@UNI_BAE,"고기를 편마늘하고 먼저 볶고, 나머지 재료 넣고 다시 볶으면 더 맛있을듯!",17,2022-12-07
eU6VoHNUTlM,UgzwOTCnfENkB1PzXZ94AaABAg,@pickmeup307,맛있겠어요!! 고기 먼저 살짝 볶고 시작하시면 더 쉬울거에요~,0,2024-09-25
eU6VoHNUTlM,UgxHllMXr8WnqpgNSjp4AaABAg,@맥도널트럼프,해명의 신,1,2024-06-06
eU6VoHNUTlM,UgzSwl1P4WHTikilNX54AaABAg,@E_N_T_P,"???:다진마늘 한숟가..라ㅏㅏㅏㄱ...
라면이나 끓여야겠다...",7,2022-11-10
eU6VoHNUTlM,UgzB8Zoa-3opR2fzuxF4AaABAg,@김후니-h1t,우리는 이런걸 원한다 하기 어려운 영상보단 이렇게 쉽게 해먹을수있는 영상,26,2022-12-04
eU6VoHNUTlM,Ugz2sAYr8Y4tqJ0cT354AaABAg,@djwoo2011,삼겹살에 버터를 또? 😅😅😅,4,2022-11-24
eU6VoHNUTlM,UgzUNuH51QhmQtAe2Fx4AaABAg,@juwan1820,우와 맛잇게 살찌겟다 잘봣어요 :),0,2025-05-31
eU6VoHNUTlM,Ugz-vLrYEualX1JJ7YB4AaABAg,@Precute43,ㅋㅋ 지금 적당히라그랬지? 요리 다 뒤졌다 ㅋㅋㅋ,1,2024-05-01
eU6VoHNUTlM,UgwKo8QlW8Tm0LMeKZB4AaABAg,@쫘슥,와 라면 잘 끓였다....,15,2022-11-30
eU6VoHNUTlM,UgzERZ2-MU51u16uDWJ4AaABAg,@donghakim630,라면은 끓일 수 있는데 돈이 많이 없어요 😂,4,2022-12-30
eU6VoHNUTlM,Ugye5eLkOuJ6BNlk2hJ4AaABAg,@응아망,"소금 후추 ""적당히"" 뿌리는거에서 난이도 급상승...",37,2022-12-28
eU6VoHNUTlM,UgyxSoHMiMv8Q6qNC8V4AaABAg,@이권우-f2s,완전 엉망이네 ㅋㅋㅋㅋ,1,2024-05-26
eU6VoHNUTlM,UgyufpIBl7FD1LY8MJh4AaABAg,@일분득템,"잘보고 갑니다 ㅎㅎ 저도 따라 해볼게요 
추천꾹",0,2026-04-21
eU6VoHNUTlM,Ugx-83rIl-fNh8D4FoB4AaABAg,@heonykim996,"대패삼겹과 다진 마늘이 없을 경우 
계란 3~4알과 참기름으로도 괜찮은 맛을 냅니다. 익숙한 맛이 무서운 법.",8,2022-11-17
eU6VoHNUTlM,Ugz0QmCykgwqudglcFd4AaABAg,@hyunle07,라면 끓일 수 있죠? 그럼 미적분 책 펴세요,33,2022-10-28
eU6VoHNUTlM,UgwmnDb0hOyT4mnOTyp4AaABAg,@vip_jsgs,"""그 대신 들어가는 돈은 단순하지 않아요""",11,2023-03-11
eU6VoHNUTlM,Ugyw_3myy5obFdemrPt4AaABAg,@대일이네,마늘 양ㅋㅋㅋㅋㅋㅋㅋㅋ개웃기닼ㅋㅋㅋㅋㅋ,0,2025-09-16
eU6VoHNUTlM,UgwVEyUlUuP44Z1C69J4AaABAg,@JJJJJ.55,그라인더... 좋아보여요,0,2024-06-20
eU6VoHNUTlM,UgwlP0T7x71oaM6VBjN4AaABAg,@이호준-q9j,단순하긴한데 고기 먼저 굽고 나온기름에 마늘 넣고 볶다가 밥넣고 진간장 넣고 볶으면 더 맛있을거 같은데,63,2022-10-28
eU6VoHNUTlM,Ugz4BoFq4HViliQjBnN4AaABAg,@campfishing2,삼겹살을 볶다가 마늘 넣고... 버터 넣고....밥을 맨 나중에 넣고 볶으면 더 맛있지 않을까요?,11,2023-04-30
eU6VoHNUTlM,UgyS0Mmok2hsb1NT9fZ4AaABAg,@부르니부름,혈관이 막히는 맛있는 맛임,63,2022-12-21
eU6VoHNUTlM,UgxkyI6oQS9zfgWXMw14AaABAg,@몰왕검1,삼겹살이 탔습니다 숨 죽을정도가 어느정도입니까?,2,2024-10-03
eU6VoHNUTlM,Ugyp0Zd8M-DMhCbiPZh4AaABAg,@박병길-s4h,"""원하는 만큼, 요만큼, 적당히"" 에서 이미 라면 수준을 넘어간 듯 합니다.",1,2024-06-05
eU6VoHNUTlM,UgxVkNwsipRaD8hzSTV4AaABAg,@무지개반사-Rainbow,살도 단순하게 찌지 않겠는데,14,2022-10-28
eU6VoHNUTlM,Ugw6MIP0-SsFJv8hcpl4AaABAg,@bongbong4602,"맛이 단순하지
않은 이유 : 마늘양이 와😮",16,2022-11-29
eU6VoHNUTlM,UgwgO2PHLyyuBy7zPt14AaABAg,@ssssss-hh7ob,버터 좋아하다 동맥경화 걸린다~,4,2023-04-25
eU6VoHNUTlM,UgywjrBfKcIX0_C1yWh4AaABAg,@k-gq8yc,아니다진마늘더넣어야되요,1,2024-06-07
eU6VoHNUTlM,UgxnFCorzTMidUIcRV94AaABAg,@반짝반짝빛나는별가득,삼겹살 안익어보야요 헐..,1,2026-04-24
eU6VoHNUTlM,UgzhRMBhWLo9fqLJn4F4AaABAg,@dhwoabzkeiwbs,저게...다진마늘 한숟가락 분량이였구나...,5,2022-11-10
eU6VoHNUTlM,UgxpSHT7IL6vt6eR8wt4AaABAg,@KangNohPark,정보) 요알못에게는 '중불'의 개념이 없다,16,2023-01-27
eU6VoHNUTlM,UgzVWlN6pc0Wxc7FHx14AaABAg,@하늘-m5l5b,마진다늘 폼 미쳤다,5,2022-11-09
eU6VoHNUTlM,UgwLk-fK2lF45tFgHVp4AaABAg,@sainz.power1,아 다이어트 하는데..ㅠㅠㅠ 넘 맛있겠다,0,2024-08-23
eU6VoHNUTlM,Ugxz685emZuzVJg8bdZ4AaABAg,@origamiorigami2510,와~~,1,2024-05-27
eU6VoHNUTlM,UgxoTjs6t3jw4yMtKDd4AaABAg,@foodkr,달군팬에 버터랑 마늘넣고 볶다가 삼겹살 넣고 살짝 구운 후에 밥이랑  간장..이렇게 순서가 바뀌면 더 맛있어질꺼 같은데 어떠세요^^,7,2022-11-11
eU6VoHNUTlM,Ugw5Y1KgYil6rd7v-Fl4AaABAg,@nabipark1892,걍 다때려박고 볶으라는거 보고 얼탱이가 나가서 갑니다.,5,2022-11-09
eU6VoHNUTlM,UgzRWXt_zvrODYX-GTh4AaABAg,@강인유-x2g,저런거 먹지 마세요. 건강은 야금야금 문제가 되는데 저건 정말 당신을 성큼성큼 죽일겁니다. 저런거 먹기 시작하면 다른 음식도 저렇게 되고 죽음의 나선환에 빠집니다. 심근경색으로 바로 죽으면 다행이지 합병증으로 남 피해주면서 반신불수 됩니다.,7,2023-03-06
eU6VoHNUTlM,UgxLBsFH9-zmpy3gSsh4AaABAg,@자취생-42,집에서 해먹으면 맛있을거같아요!,1,2026-01-04
eU6VoHNUTlM,UgzyC1JUHfhH3HUgqvh4AaABAg,@HHYY-m3p,으 삼겹살기름까지 다먹는거자노ㅠㅠ,2,2024-06-28
eU6VoHNUTlM,UgwNIPLfyV4r2HMmbSV4AaABAg,@간지간지,ㅋㅋㅋㅋㅋㅋㅋ아 마늘에서 빵터졌네요,0,2024-06-06
eU6VoHNUTlM,UgzbLu4jpZpgqPZ9VdF4AaABAg,@Wonder245,뭐야 나 라면 못 끓이는 거 였네...,1,2024-10-22
eU6VoHNUTlM,UgyttRdbsW3224Je6594AaABAg,@하이핑구,다진마늘 양 보고도 아무도 태클 안거는거 보니 진짜 한국인은 한국인이넼ㅋㅋㅋㅋㅋ,1,2025-03-23
eU6VoHNUTlM,UgxRbCf1LiBsngf_ylx4AaABAg,@ersione,한숟갈 보고 뿜었네 ㅋㅋㅋㅋㅋㅋ 역시 한국인 ㅋㅋㅋㅋㅋㅋㅋㅋㅋㅋㅋㅋㅋㅋㅋㅋㅋㅋㅋㅋㅋㅋㅋㅋㅋㅋㅋㅋ,0,2024-06-21
eU6VoHNUTlM,UgzD7goLaKB5rVQHaox4AaABAg,@동이강-t5k,잘 익혀먹어 쇠고기 아냐,1,2024-05-30
eU6VoHNUTlM,Ugwuy15ADPa2qy7oCSR4AaABAg,@강도일-x1w,이건 진짜 맛있겠다~~ㅎ,0,2024-05-29
eU6VoHNUTlM,Ugz48LUPVxq8FXNApVR4AaABAg,@읭잉-g3t,다진마늘 한 숟갈 왜케 웃기죠ㅋㅋㅋㅋㅋㅋㅋㅋㅋㅋㅋㅋ,0,2024-04-28
eU6VoHNUTlM,UgyuJxL4ZHQngx5k5tt4AaABAg,@QAWBB,익은밥에 생고기를 넣고 같이 볶네 컬쳐쇼크 그 잡채,2,2024-04-27
eU6VoHNUTlM,UgxxNrOyGNbTq93UZvd4AaABAg,@summerhot9522,쇼츠에서 올리는 음식 1년간 섭취하면 성인병100%다 ㅋㅋㅋㅋㅋㅋㅋ😂😂,0,2024-05-01
eU6VoHNUTlM,UgyM9Kp1-q-Zhh2qbhl4AaABAg,@아빠의한끼노트,너무 맛있어 보이네요~ 저도 꼭 해봐야겠어요^^,0,2026-01-27
eU6VoHNUTlM,Ugz_Iy92Dq9P3sbH3aN4AaABAg,@pkh866,방금 해먹었는데 맛있네요,0,2025-02-15
UPsN9u_dSYU,UgxdxSGJNL25XyME3pZ4AaABAg,@2you_salim,"영상 속 냄비, 프라이팬 모두 쉐프윈으로
최저가 공구중입니다🖤

▪️버터갈릭새우 - 소테팬22
▪️차돌박이숙주찜 - 파티웍28
▪️파닭전 - 소테팬22

무조건 성공하는
초간단 집들이 메뉴 3가지🤟🏻
3가지 메뉴 모두 소스와 함께 드셔야 더 맛나요🤍

1️⃣ 버터갈릭새우
1. 큰 사이즈 새우로 준비해주세요
찬물에 담궈놓으면 금방 녹아요
2. 키친타올로 물기 제거하고 새우등에 칼집을 내주면 
모양이 더 예뻐요
3. 소금, 후추로 간하고 잠시 대기
4. 팬에 다진마늘 버터, 올리브오일 넣고 약불로 볶다가
새우 함께 볶기. 새우가 익을때까지 볶아줌
5. 파슬리로 데코하고 타르타르 소스 찍어 드세요

2️⃣ 차돌박이 숙주찜
1. 차돌박이 한팩 준비(300g)
2. 당근, 팽이버섯 깻잎을 차돌위에 놓고 돌돌 말아줌
3. 숙주 씻어서 스티머에 올리고 그 위에 차돌 예쁘게 올려줌
4. 중불로 고기가 익을때까지 쪄줌
5. 참소스에 청양고추 송송 썰어 넣고 찍어 드세요

3️⃣ 파닭전
1. 닭정육 한팩 준비(500g)
2. 잘게 가위로 닭을 잘라준 후
3. 우유120ml, 액젓1, 굴소스1, 다진마늘2, 맛소금 2꼬집
닭에 넣고 20분정도 재워둠(청양고추는 선택)
4. 전분가루 7스푼 넣어서 섞어줌
5. 앞뒤가 바삭하게 구워먹아야 진짜 맛있어요!
6. 소스(간장2, 설탕1, 맛술2, 다진마늘1)만들어서
찍먹이나 부먹 입맛대로 드세요 :)

#실패없는
#집들이메뉴
#홈파티메뉴",112,2024-11-27
UPsN9u_dSYU,UgzTch1iOdECtFY2FCZ4AaABAg,@함애리-h5x,"무조건 해  볼게요
닭전은 우리집 식구도 좋아해요
감사합니다",20,2024-11-28
UPsN9u_dSYU,UgxIAmUXV9n93wgT1-x4AaABAg,@eunjung7733,어~~소금 후추갈갈이 슬림형이네요 어디것인지요?,9,2024-12-03
UPsN9u_dSYU,UgyCt7z-Ldcdz2IIR7N4AaABAg,@sanaraesanarae,이야~할 때 좀 귀찮아도 직접 해서 만들어 먹이는 그 기쁨이 있는 것 같아요! 파닭전 해먹어볼게요~~!레시피 감사합니당,1,2025-06-03
UPsN9u_dSYU,UgwKmkTghCuFsJT17OV4AaABAg,@박윤정,한번 만들어서 크리스마스에 먹어봐야겠네요.,0,2024-12-06
UPsN9u_dSYU,UgzYy-GmVg0mxniqk2R4AaABAg,@흰둥이-tr07,파닭전할때 기름은 어떤거 쓰신건가요~!,1,2024-12-23
UPsN9u_dSYU,Ugxfi_F9oAYvmO77O8J4AaABAg,@윌이야,혹시 갈릭버터새우 소스도 만드신건가요?!,1,2025-01-14
UPsN9u_dSYU,UgwSrL9lcPX4UxT73CV4AaABAg,@curtain__call__,파닭전 꼭 해먹어볼게요!,10,2024-11-30
UPsN9u_dSYU,UgyvwrCsdU_nEj8fDph4AaABAg,@recarrot2,갈릭버터 새우 소스 어떻게 만드나용?!?!,0,2025-05-14
UPsN9u_dSYU,UgyRezf09sFAXuERVj94AaABAg,@희진공주-g4e,소스들이  열일하는 메뉴들이네요^^❤,0,2026-02-28
UPsN9u_dSYU,UgxQfwo94uCxhSoFdbd4AaABAg,@꺌룰랭-n2i,맛있어보이네요~^^,0,2024-11-27
UPsN9u_dSYU,UgyCEFmbfu8HlMmUfMN4AaABAg,@꽃순이7,파닭전할때 재워둔 우유는 버리는거죠??,2,2024-11-30
UPsN9u_dSYU,Ugw3rhmRqKGrVSS1bO54AaABAg,@이은우-c7g,파닭전 잘게닭다져도 되나요??,0,2024-11-30
UPsN9u_dSYU,UgwzHXXQn5Tbmhwxj6x4AaABAg,@badori97,"다 좋은데 집들이 하려면 양이 아쉽습니다 ㅠㅠ 여자 셋만 모여도..
저는 두 배 해야겠어요",14,2024-11-30
UPsN9u_dSYU,UgzKDzrDFmzLbQJf1cp4AaABAg,@jieun4179,새우에 마늘은 다진마늘 인가요?!,0,2024-12-21
UPsN9u_dSYU,UgwwvqLJm2n_l48YU3F4AaABAg,@gogomommy,최고!,0,2026-03-31
UPsN9u_dSYU,UgywisrIbivV4seESmx4AaABAg,@채운-g7y,소금후추그라인더 어디건지요?,1,2025-01-13
UPsN9u_dSYU,UgwSWt8cBz2H2Ks2Sz14AaABAg,@감사한마음-b1v,쉐프윈 알람신청했는데 언제인가요?,0,2024-12-06
UPsN9u_dSYU,UgyDWi7XNtHiHYCYfzB4AaABAg,@단비-x4d,파닭전에 닭은 닭정육이라 되어있는데 닭다리살 해도되나요?,1,2025-03-01
UPsN9u_dSYU,UgxeZWmkKJjq4MKio5V4AaABAg,@박지혜-k9h6o,닭세척우찌하시는지요,1,2024-11-27
UPsN9u_dSYU,UgwXAWrz6AVh-aJjdV14AaABAg,@jjwwjj1216,다른 건 몰라도 닭파전에 극찬 받았습니다. 이거 찐임. ㄹㅇ 섹시푸드,3,2025-08-22
UPsN9u_dSYU,UgyP0b9MRk9Mk9vggjl4AaABAg,@젠이_bb,버터는 무염인가여 가염인가요,0,2026-05-01
UPsN9u_dSYU,UgwEC-PTpEZ0sMAwzoh4AaABAg,@성진영-t8s,공구 어디로 가나요?,1,2024-12-02
UPsN9u_dSYU,UgwU0355O3KJXEe46sJ4AaABAg,@빌리진-y3o,"파닭전
레시피는요?",1,2024-12-04
UPsN9u_dSYU,UgwjRMlHbEHtNVst9YN4AaABAg,@Kim-zd5fm,닭은 세척안하나요?,0,2025-01-03
UPsN9u_dSYU,UgyLu4iCbYhIObSGtMF4AaABAg,@쩡으니옷,"넘 맛겟어요
닭은 안심으로 하나요 ?",0,2024-12-29
UPsN9u_dSYU,UgyTm6M-SM_6gjBhbsd4AaABAg,@뜨둥이,새우는 어디서 구매하나요?,1,2025-03-30
UPsN9u_dSYU,Ugyk38nGGpIcrVnARV94AaABAg,@ssun-t3p,버터갈릭새우 완성해서 담은 접시 어디껀가요? 넘 예뻐요~플레이팅도 예뻐서 집들이음식으로 정말좋네요,0,2024-11-29
UPsN9u_dSYU,UgyfnWd7w-I62T9ESXN4AaABAg,@인생은변한다,치킨맛나나요???,0,2025-07-18
UPsN9u_dSYU,Ugw8KYfcmewRh85w2f54AaABAg,@송숙경-b6l,"소금,후추 그라인더는 어디꺼일까요?",19,2024-11-30
UPsN9u_dSYU,UgyGQe8oDiOF7qeejTx4AaABAg,@행운-d4c,👏 👏 👏 👌,0,2024-12-19
UPsN9u_dSYU,UgyN3VQdlmhmWZxSpMR4AaABAg,@령이-p6j,파닭전 잘 모르겠어요. 닭이 그리 빨리 익나요?,0,2024-12-04
UPsN9u_dSYU,Ugzt_2O43Hg1HvF4Cfx4AaABAg,@tess6386,파닭전은 만드는법이...없네요,0,2024-12-13
UPsN9u_dSYU,UgzxkPj0xt1SSgZPSsh4AaABAg,@결-x2j,😮😮❤❤,0,2024-12-11
UPsN9u_dSYU,UgznajFbaKpmFy0jpHN4AaABAg,@daytime97,파닭전은 어떻게 만드는지 ..파가 안들어가네,0,2024-12-03
UPsN9u_dSYU,UgyImAYJyKO6KWVfsrd4AaABAg,@프라하의단무지들,외국이라 깻잎이 없는데 대신 넣을수 있는게 뭐가 있을까요,0,2025-01-27
UPsN9u_dSYU,UgwxdLMzpuftNHg627F4AaABAg,@리바이_칸쵸,새우는  한번  데쳐서  요리하면  불순물이  제거되요  ~,30,2024-11-29
UPsN9u_dSYU,Ugy4mZ8WL6SqB_7RdKJ4AaABAg,@청산-jts,파닭전에 파는 언제 쓰나요?,13,2024-11-30
UPsN9u_dSYU,UgwAf9Xoag4CVac7wpV4AaABAg,@miyaoworld,🩵,0,2025-11-21
UPsN9u_dSYU,UgzPZEoJDakpBIcNs7t4AaABAg,@이희구-l9n,버터갈릭새우 찍어먹는 소스는 뭔가요?,1,2024-12-03
UPsN9u_dSYU,Ugywg_BEMvhqutOeaWJ4AaABAg,@봄이-z1g,이분은 고급요리만 하는듯,1,2024-12-03
UPsN9u_dSYU,UgzRHhubzZnCwhTC6jh4AaABAg,@kyojeongjeong4078,참소스는  뭐예요?,1,2024-12-01
xpgnqhTjvNo,Ugzb_ePxJv1K0DHuxeB4AaABAg,@dodaicook,"요알못도 절대 실패 없는 아롱사태 수육 레시피에요! 시간만 있으면 과정은 엄청 간단해서 집들이할 때 끓여두고 다른 요리 준비하기 좋아요!✨ 제 최애 이리온파김치랑 찍어 먹는 소스랑 같이 먹으니 미쳤....소스 레시피도 적어두었으니 꼭 함께 드세요!💗

☑️재료
아롱사태 수육용 500g, 대파 1/2대, 마늘, 소주 반컵, 부추, 팽이버섯, 후추

☑️찍어먹는 소스
간장2 스푼, 설탕1 스푼, 물 2 스푼, 식초1 스푼, 겨자 or 와사비 1/2스푼


✨아롱사태 핏물 제거 30분 필수!✨

1. 냄비에 물 1.5L부어주세요
2. 마늘, 대파, 소주, 후추 넣고 핏물 뺀 고기 넣어주세요
3. 쎈불로 끓이고 끓으면 중불로 1시간 30분 끓여주세요
4. 전골냄비에 부추, 팽이버섯, 고기 올려 육수 부어주세요
5. 끓으면 완성! 소스 꼭 찍어드세요🤤

오늘도 맛잇게 드세요!💗",33,2024-04-14
xpgnqhTjvNo,Ugx9hRm6kIg9VgE49vp4AaABAg,@vio-hee,실제로 이렇게 따라하면 ㅈㄴ 질겨요 꼭 압력솥으로 30분 하세요 그냥 끓인거랑 압력 솥이랑 차이 ㅈㄴ 나요 (두개다 실제로 해봄),53,2024-06-13
xpgnqhTjvNo,Ugwpp4C-764QNrSCVkN4AaABAg,@최성민-u6z,"고기 끓이면서 쌍화탕 하나 까서 같이 끓이면
고~~~~~오~~~~급 된다잉",15,2024-06-10
xpgnqhTjvNo,UgyU4qTdFn5PETSdpgZ4AaABAg,@dongkyuoh9846,도전해봐야겠네요,6,2024-05-12
xpgnqhTjvNo,UgxGoFO9cnXTfZgDCZZ4AaABAg,@ypianomusic,"크...소주안주로 짱짱인데, 너무 과정 복잡해보여서 안해봤는데, 이 영상보니 해 볼 용기가!!❤",2,2024-04-21
xpgnqhTjvNo,UgyNlRs3APa1Eiwf5ox4AaABAg,@지바누보,너무 맛있어 보이네용,8,2024-04-14
xpgnqhTjvNo,UgxKzHt_qn6Y5Y0CsVZ4AaABAg,@김영준-c3s9d,맛있어보여용😢,2,2024-04-14
xpgnqhTjvNo,UgyloDhQbGkBtkk4M2l4AaABAg,@disgusting_magam,잔뜩 해서 2번 먹엇따,6,2024-05-20
xpgnqhTjvNo,UgyLtqhktkQ9680eqUJ4AaABAg,@고양이혀,오늘 혼도레시피 잘 써먹었습니다❤,0,2024-10-13
xpgnqhTjvNo,UgwiKJxpKljNWc32PRZ4AaABAg,@맛잘알87,육수에 사골육수한팩넣고 먹으면 더 존맛이예요!!,0,2024-06-18
xpgnqhTjvNo,Ugy7lNvkbHBeOJGeOIB4AaABAg,@Poque-7,잠옷 정보 궁금해요!,0,2024-04-14
xpgnqhTjvNo,UgxfKY0zK9Nj9bpBO1V4AaABAg,@hyeryeangcho,팬 정보궁금해요!,0,2026-02-25
xpgnqhTjvNo,UgyrO0KnffSsjlj1Lxp4AaABAg,@heekyungpark2281,오늘도 좋은 영상 감사합니다.,1,2024-04-14
xpgnqhTjvNo,UgxNRwG8icJAC6OluKR4AaABAg,@하시마유토,인스타그램 에서 본 영상 이네요 유튜브 구독 누르고 가요,0,2024-04-25
xpgnqhTjvNo,UgwxzdxodiKsB4fiKdR4AaABAg,@eun-ji사랑-u6v,"모든 고기를 찜솥에 찌면 완전 맛있다는 거!!!! 다들 뭐 물에 삶고, 압력솥에 찌는 데....찜통에 찌는 게 정석임!!!",0,2026-05-12
xpgnqhTjvNo,Ugyrh2W3Sv_ddcXAlId4AaABAg,@짱이엄빠,"아 이게 너무 먹고싶었는데
마트갈때마다 아롱사태를 못찾았다는.. ㅜㅜ",0,2024-05-15
xpgnqhTjvNo,Ugxga994UU01xWEI2jF4AaABAg,@bigherokws6291,"한명이 하니까 
다들 따라 올리는거 진짜 웃기다 ㅋㅋㅋ",2,2024-05-15
xpgnqhTjvNo,UgwFXLJO-P9CkzO-4lV4AaABAg,@유가영-w2t,예~~쓰!!!^^,0,2024-07-04
xpgnqhTjvNo,Ugwhzofke0ZyzH0Kad94AaABAg,@R.M6,집게로 집어 먹으면  멋져 보이는 줄 알아.,0,2024-05-21
xpgnqhTjvNo,UgwUKdrU20M2B_kfTK94AaABAg,@Naduyo,"사태는 최소 세시간입니다
저 레시피로 하시면 백프로
질깁니다
제가 많이 해먹어서 압니다

압력밥솥은 사십분 이상",2,2024-07-05
xpgnqhTjvNo,Ugz8PtG8k9XFaaOUAqZ4AaABAg,@이강-s2l,고기의 신선도가 맛을 좌지우지함,0,2024-06-29
xpgnqhTjvNo,UgzyIDmqi2Jdnqqt9TR4AaABAg,@Wooonseok,후추만 넣고!?,0,2024-05-14
xpgnqhTjvNo,UgyRmpcuJqf2gyThmNl4AaABAg,@gyu-k1o,예스스스,0,2024-06-10
xpgnqhTjvNo,UgxrAy8VFCoE8RjVOcF4AaABAg,@메이플-n3p,무슨 고기인가요? 고기 부위가 궁금해요 !!,0,2025-07-25
xpgnqhTjvNo,Ugzi-cJX9G3fT6gRasp4AaABAg,@이미정-i9r,소주 대신 다른 거 넣을 거 없을까요?,0,2024-05-28
xpgnqhTjvNo,UgzvSftOniyFbCEEyrJ4AaABAg,@박박-q1p,간은 필요없나요?,1,2024-07-09
xpgnqhTjvNo,UgzN8o-mqyk-V2KnogR4AaABAg,@bel-lee-v,안은진 배우인줄 알았아여 😊,2,2024-07-07
xpgnqhTjvNo,UgxYss44ORsBuHoVTK14AaABAg,@권성현-m7v,금손을 넘어선 다이아몬드손,0,2024-04-16
xpgnqhTjvNo,Ugyxgzvu5DtqLEIM48h4AaABAg,@chrischo7671,소고기와 부추는 같이먹으면 안된다고 어디서 그러던데?,0,2024-04-20
xpgnqhTjvNo,UgxNuNZXQw4MrpXVLxV4AaABAg,@Wooonseok,혹시 맛이 있나요;;???,0,2024-05-14
xpgnqhTjvNo,UgwQh1M5C0ucXrA8FvR4AaABAg,@죽어도찬물,사태살인가요???,0,2024-04-21
xpgnqhTjvNo,UgxK0VPwRM-nig0tRF14AaABAg,@Dinosaur-Pig,이번주 금요일 저녁 당첨~~!,1,2024-06-12
xpgnqhTjvNo,Ugxqrc-_2vIcPIqLLYF4AaABAg,@하루-v5c2l,고기는 뭐로 하셨나요,0,2026-02-11
xpgnqhTjvNo,UgzLBb6AFlCBo2ojcLt4AaABAg,@김민석-k9c4e,부채살,0,2024-06-02
xpgnqhTjvNo,Ugziw_aTyzVgAu4Y4EB4AaABAg,@투뿔아빠,와이프가 가끔 해주는데 뭔가 허전하면서 맛있어요ㅋ,3,2024-05-20
xpgnqhTjvNo,UgzIvj23frwYvcYUkVZ4AaABAg,@승호의요리이야기,뭐야😅 순식간에😊 좋은데요 👍,1,2024-05-11
xpgnqhTjvNo,UgzQgD2LnFqsywiIMuZ4AaABAg,@가을남자쿄,느끼~,0,2024-05-19
xpgnqhTjvNo,UgytR_iAVDu9c-xTGrt4AaABAg,@hml3917,제주서귀포흑돼지맛집 제주서귀돈으로오세요❤❤❤❤,1,2024-06-13
xpgnqhTjvNo,UgzndK5VF2F0QNnmG8p4AaABAg,@Jesuswithme1982,아롱사태 500g of beef로 번역해놓은거 개킹받네ㅋㅋ,0,2024-06-18
xpgnqhTjvNo,UgzMu9YbH0T8L--Hs4B4AaABAg,@HyungHoon,너무 줄였는데,0,2024-05-24
xpgnqhTjvNo,UgwqU8kmpg0otm6E2s94AaABAg,@kkumull,아아아직도 난 니꺼 연애중~,0,2026-05-25
xpgnqhTjvNo,UgzK1AZglaSyNVXBWdB4AaABAg,@아무것도-t6f,립밖에 안보여용ㅎ,0,2024-04-22
xpgnqhTjvNo,UgxxBTjbBYv4vji-4t54AaABAg,@진갑선-u2j,끓이는 것이 아니고 삶는다,0,2024-05-05
xpgnqhTjvNo,UgwtyoqmnEegvNGvX0l4AaABAg,@Latte_day-s4w,하;;; 고기 질겨졌네;;;,0,2025-12-13
xpgnqhTjvNo,UgxPfRYqsxsfAMPC-8B4AaABAg,@crj3438,왜저랑 잠옷똑같은거입으셨어요!!싱기해,0,2024-05-19
xpgnqhTjvNo,UgzRTn25IkmsEC40NKN4AaABAg,@박경나-u8n,"잠옷 바람에
저녁 안주만들어  술 하잔 드시는  군요.
맛나게 드세요.",0,2024-06-07
xpgnqhTjvNo,UgwqO_zM3dXYHLBHQz54AaABAg,@LEE_DONG_HOON,국간장 좀 넣으면 크…. 끝날듯,0,2024-05-17
xpgnqhTjvNo,UgyO1iM29RKQJHhuy814AaABAg,@상상-q5v,ㅋ  영상정보가 영~~  개판,0,2024-05-16
xpgnqhTjvNo,Ugw_LB1RB_kP69TiCUl4AaABAg,@독고웅dokgo_woong,사태,0,2024-05-18
xpgnqhTjvNo,UgyGlxMW5HpA1S854wJ4AaABAg,@gabojagogogo,개쉽넹,0,2024-05-23
xpgnqhTjvNo,Ugzcv7ynWepIE5j5IzN4AaABAg,@minjeoi,개고기집 가면 딱 이 비주얼이던데,0,2024-07-05
xpgnqhTjvNo,UgwzFtJ1OfmqQFaHZ954AaABAg,@황성규-b1h,간을 전혀 안했네요? 찍어먹을 소스라도 있어야할듯,0,2024-05-30
xpgnqhTjvNo,UgwMdVQElwyAtdAWBiZ4AaABAg,@벚꽃-d3r,뭐야 고기 넣은것은 되지고인데 고면으로 올린것은 소고기 잖아 참나,1,2024-05-29
xpgnqhTjvNo,UgzGObNmPzm9pDqgBfF4AaABAg,@handleAmerica,요즘 집개로 먹는사람 왜이렇게 많나... 중국인만 그런줄 알았는데,0,2025-06-06
xpgnqhTjvNo,Ugz3mfI2IkqKyRqv-Gh4AaABAg,@양빛나-t3f,개고기 레시피로도 좋습니다,0,2024-05-20
xpgnqhTjvNo,UgxETMY61vW7jJSBw8Z4AaABAg,@정정정-u1f,집게로 먹는 건 보기 쫌..,1,2024-05-18
xpgnqhTjvNo,Ugyg5IByxGg1jeNuThV4AaABAg,@goekadlek,"뭐지?
내가 여지껏 본 여자들 중에 제일 예쁜데…",3,2024-04-23
xpgnqhTjvNo,UgxAmXk7VGPtN-K5cQF4AaABAg,@-GWD-,간을 하나도 안하는데 맛있다구요? 말이 안되는데,0,2024-05-03
xpgnqhTjvNo,UgzdqTuv7rXul4HeoBx4AaABAg,@justice2518,"????1시간30분 끓인다고?????
하....",2,2024-05-21
xpgnqhTjvNo,UgzqbAcGPqMEOcEA6x94AaABAg,@솔클라테스,처음에 들어간 건 돼지고기인데…나중에는 소고기로 바뀐 거 같은디…아닌가?,0,2024-05-13
O4EhvD3gi5w,UgxeFPKH2BhFpOcsTlx4AaABAg,@kjs3133,"공주님  목소리  정말  차분하니   이쁘네요

적어둬야  겠어요",11,2024-04-16
O4EhvD3gi5w,UgwmHPssHm7aRpbsalB4AaABAg,@핑뀨-w2t,이런 영상 너무 좋아요!❤,2,2025-04-01
O4EhvD3gi5w,Ugx-HW9FHq-kas-ZU9l4AaABAg,@Hasu-xk1wm,❤️ Greetings! from Argentina 😊,0,2025-05-10
O4EhvD3gi5w,Ugw7vONNSUZXug2ml1l4AaABAg,@망구식탁,ㅎㅎ꺄🩷목소리 너무 이쁘시네용😍,2,2024-04-22
O4EhvD3gi5w,Ugz9oDq7jqV-_dIyaoJ4AaABAg,@asmr-rm7ul,❤,0,2024-11-19
O4EhvD3gi5w,UgxrfY0qXY0jmuhkuid4AaABAg,@감자난초-e7c,"알뜰공주님, 목소리도 예쁘시네요😊",5,2024-04-16
O4EhvD3gi5w,UgzyLknqgeQvvWmxg2J4AaABAg,@NoChink,시판응 달고써요 집된장같은거 네이버에서 찾아보고사세요,0,2026-03-17
O4EhvD3gi5w,UgylF4wyVA1xjlA_bHd4AaABAg,@Lovejoon2,맛간장 레시피는 없나용??ㅠㅠㅠ,0,2024-06-23
O4EhvD3gi5w,Ugy2vzaqgYKe6sW25yR4AaABAg,@햄벅-t7e,맛술도 알려주세요,1,2024-04-16
O4EhvD3gi5w,UgxfLaduJVLRL26j3Il4AaABAg,@남인숙-h3w,맥된장마트에도 잇나요?,1,2024-08-01
-EhE1gd6lFc,UgyvYqW_EVVu7hLHNa14AaABAg,@jhlove-t3e,와아~ 이렇게 해도 맛있겠어요^^,0,2025-06-02
szwr9b9oUi4,Ugw6d0COUTU_VuoyEiZ4AaABAg,@blacktoothwine,"다시다는 선택이아니라
필수 에 공감 백만👍👍👍🥰🥰",6,2025-02-15
szwr9b9oUi4,UgwrHgR5RBVrHDssFg14AaABAg,@우엉-z8d,진참치액 사용하는데 저도 진참치액 추천해요👍,0,2026-04-02
szwr9b9oUi4,UgwBl1r6do8DeuMlE7t4AaABAg,@선이-h4k,혜야님 추천으로 굴소스 저거 샀어요 ㅋㅋ  다른것도 나중에 떨어지면 추천하신걸로 사보께요 ㅎㅎ,0,2025-02-11
szwr9b9oUi4,UgxvcUPW7KXwtyh_bhN4AaABAg,@이은지-s8w,맥된장은 진짜강추!,0,2025-02-10
szwr9b9oUi4,UgyRhGIKSEu6NdMPd1B4AaABAg,@Hoo0oonism,된장!! 정보감사드립니다!,0,2025-02-09
szwr9b9oUi4,UgySmPoU55JTpanYVOh4AaABAg,@benny5939,"된장 : 맥 or 다솜
간장 : 까먹음.. 부산 쪽 브랜드 2개 있음
고추장 : 맥 or 노브랜드 
참치액 : 빨갱이 통
굴소스 : 이금기 프리미엄

그 외는 생각이 안난당
장만 제대로 된거 써도 뭐... 좋슴다",0,2025-02-18
szwr9b9oUi4,Ugze9nmUejQLxbZCgWl4AaABAg,@in2345,"맥된장 MSG 알러지 심합니다
저는 다시다등 각종 MSG 알러지 너무 심해서 한번 먹고 나눔했네요....참고하시길요",0,2025-02-13
szwr9b9oUi4,Ugwe3m01-1KUuB7NjhJ4AaABAg,@박쪼코,고추가루 마늘,0,2025-02-12
szwr9b9oUi4,UgxYX-kEb1AzZCKBcbZ4AaABAg,@엽기고양이,맥된장  너무 짜요   연두 추천합니다,0,2025-02-15
OEassmynRro,UgygASWbsbFLuPXd-N14AaABAg,@유지만,"제가 사용한 제품 정보는 영상 화면 아래쪽 제품 버튼을 눌러주세요💗

평소에 촬영이나 레시피 연구를 안할 때는 실제로 이렇게 자주 먹어요! 마땅한 반찬이 없을 때 두부만 있으면 뚝딱 만들 수 있고, 자주 먹어도 쉽게 안질려서 요즘 저희집 단골 메뉴랍니다 ㅎ 여러분도 맛있게 드시길 바라요! (아빠 감사합니다😘)

[아빠표 매콤 두부조림]
- 두부는 단단한 부침용을 사용했어요! 찌개용 두부도 가능하지만 부숴지지 않게 조심하세요
- 두부의 겉수분을 어느정도 날린 후 기름을 둘러주세요!
- 매운 걸 못 드신다면 고춧가루의 양을 줄여도 돼요
- 양념은 타지않게 약불로 졸여주세요!",463,2025-06-22
OEassmynRro,UgwhRDhQ55xxrUSDTJR4AaABAg,@HanRiver1987,아부지 넘 다정하시다...🥹,3877,2025-06-22
OEassmynRro,UgyCL4-QJftFh50up5h4AaABAg,@샤다-g1i,17년차 주부~두부 먼저 굽다가 기름 중간에 두르는거 배워갑니다,3960,2025-06-22
OEassmynRro,UgzZ4UgxBTBRZXEFN914AaABAg,@윤니-W,아버지분 진짜 다정하시다..,1044,2025-06-22
OEassmynRro,UgxlnBozA0wS3xf9T4R4AaABAg,@도담-u9k,아버지가 알룰로스를 아시다니.. 밥을 해주다니ㅜ 진짜 가정적이시네요. 울 아빠는 회사다니는 엄마보고 밥 안차려준다고 욕하는데..,1845,2025-06-23
OEassmynRro,UgyiBg72P8p9w-5hLj94AaABAg,@태태-s9u,세상에 팬에 달라붙을까바 두부는 항상 기름부터 들이 붓고 사방팔방 기름 튀어가며 구웠었는데 굽다가 기름 넣는거 진짜 꿀팁이네요❤,533,2025-06-26
OEassmynRro,UgwRtEB70MkNOUCd9CJ4AaABAg,@rarayo6345,아버님이랑 사이 좋으시네요. 돌아가신 아빠 생각나서 좀 울컥... ㅠㅠ 언제나 건강하셨으면 좋겠어요.,835,2025-06-22
OEassmynRro,Ugyuf5mALUx7iTX7JJd4AaABAg,@내사랑-동글,아빠~~❤웅~~대답하시는게 어찌나 귀욤하신지용👍자상하신 아버지 짱👍👍,161,2025-06-26
OEassmynRro,UgwDJI69im3_0EJtnQR4AaABAg,@어차피-x7y,"우리 아버지께선 된찌를 그렇게 맛나게 해주셨는데 넣은 거 하나도 없어도 왜 그렇게 맛있던지 돌아가시고 나선 그걸 먹어볼 수가 없네요 씩씩한 엄마 다정한 아버지 괜히 보고 싶고 눈물납니다 
좋아보이고 부러워서 글 납깁니다 행복하시길 아버지께서도 건강하시길",64,2025-06-25
OEassmynRro,UgzCLi59g2wuJiZ-e3V4AaABAg,@changheecho8318,"아버지가 저렇게 다정하시니
가족모두 행복은 기본이네여
멋진아버지 핫팅입니다",228,2025-07-27
OEassmynRro,UgziE5CL4MSmDFK-Va94AaABAg,@이끼장미-s8r,"맞아요
두부는 프라이팬에 수분 날려주면서 굽다가 나중에 기름 넣는게 훨씬 편하고 좋아요
달라 붙는게 걱정된다면 기름칠을 약간만 해주고 굽다가 기름 넣어주면 튀는거 거의 없어요",80,2025-06-26
OEassmynRro,UgwefbkB9XZdNBo334J4AaABAg,@ljinho1001,근데 아버님께서 알룰로스를 자연스럽게 말씀하시는게 제게는 의외네요,93,2025-06-22
OEassmynRro,UgxGtLB_oPga4otR7WB4AaABAg,@3e732,두부 구울때마다 날아오는 기름방울땜에 데었는데 꿀팁 감사해요,101,2025-06-22
OEassmynRro,UgzOQ7c0-YoR3pm9Qjp4AaABAg,@emem7128,고마워 ~~ 응 ~~ 기여버여 ㅜㅜㅜ😍❤,107,2025-06-22
OEassmynRro,Ugz1tzeZHk-DvYuebVl4AaABAg,@캘리-e8j,머선 이런 아부지가 다 있노     👍 👍 👍 👍 👍,203,2025-06-27
OEassmynRro,Ugw_ZLSZjbz1tsKGkMh4AaABAg,@ButteredFlied,왜눈물나냐ㅜ 이씨 ㅜㅜ 아부지짱,136,2025-06-24
OEassmynRro,Ugw1fOPqUV75kGB47cR4AaABAg,@언제나happiness,아빠가 참 친절하시네요~^^~,43,2025-06-25
OEassmynRro,UgwDPnbi5V-g-ZB9tdd4AaABAg,@코코렝렝-v9l,"1. 양념장-간장2 고추가루2 알룰1 굴1 다진마늘1 후추후추, 물.
2.두부300g잘라 굽다가 기름 두르고, 뒤집으면
3.양파,파 한켠에 넣고 기름볶다가 두부위에 얹고 양념붓고 졸이기. (깨 솔솔 참기름)",453,2025-06-22
OEassmynRro,UgwbjJIxzQ5XCFD3WEB4AaABAg,@배정옥-o4i,"나이 70살
굽다가 기름넣는다는것 
배워갑니다
아빠 딸 가정적이고
부럽습니다",19,2025-06-28
OEassmynRro,UgzOhMqCC0yZAzIzH-l4AaABAg,@초롱토토토비,멋진 아빠❤🎉😊,34,2025-06-25
OEassmynRro,Ugz2bX0AmTmQjycJxe14AaABAg,@mandheling1,"마지막에 끊을 때 흡사 엄마톤 같은 '응~~~' 너무 좋네요 저 삼십살 넘었는데 입양,, 안 되겠죠? (울아빠 귀막아)",170,2025-06-22
OEassmynRro,UgyjsHylqfE7QmcFay54AaABAg,@Mmmmmlsoo,가정적이고 다정한 아빠 너무 부럽다,10,2025-06-28
OEassmynRro,Ugw94yv7hSyy-xawx-Z4AaABAg,@나나-z3n2x,아부지 너무 다정하시네요❤,72,2025-06-22
OEassmynRro,UgxgSFyvtMNYkGsS_BB4AaABAg,@천국보다아름다운-j3i,두부조림이 아니라 아빠의사랑이네요 ❤,11,2025-06-26
OEassmynRro,UgwN4LbL8rXH0CVQX8Z4AaABAg,@Happilyever-l9z,평생 먹으며 아빠가 생각나는 음식이 있다는게 축복이네요,9,2025-07-23
OEassmynRro,UgxITb6R-rZjGgCIHER4AaABAg,@바이올렛ya,"아빠~~
완전 다정다감~~
응~~~😅😅
부럽네요",8,2025-06-25
OEassmynRro,Ugyo3T0GiGHOw-C69lF4AaABAg,@심심한쌍둥이,"울 아부지는 저기에 다듬은 다시멸치랑 양념장 넣고 바특하게 조려주셨는데..
이제 다시는 맛 볼 수 없네 ㅠㅠ",61,2025-06-27
OEassmynRro,Ugyvz1hc-WRMv-jRuYp4AaABAg,@sky-ackerman,와 아버님 진짜 짱이시다❤우리 아빠랑은 정반대ㅠㅠ 두부에 미친 사람으로써 만들어 먹을게유,7,2025-06-22
OEassmynRro,Ugw4Ezir65ii2rckgIJ4AaABAg,@lazido1058,맛은 당연히 있을 것 같고 아빠랑 통화하는 음성 넣은 편집이 너무 좋아요! 베셀작가 유지만님 영상 제작센스까지 이제 다 갖추신 듯 😊,26,2025-06-22
OEassmynRro,UgwgiqhTFFkL5G3Srs94AaABAg,@sdle5924,"간이 신기할정도로 딱 맞고 밸런스가 너무 좋아요 두부 먼저 구우니 기름도 안튀고, 들기름으로 굽고 들어간 조미료는 굴소스 하나인데 정말 군더더기 없는 옛날 두부조림 맛이에요 다시다넣고 이것저것 다 넣었던것보다 맛있어요 감사합니다 😊",8,2025-08-28
OEassmynRro,UgyZQB55-fYv6WoD_Vx4AaABAg,@peachpeachhh,"👩🏻‍🍳두부조림 레시피(2인분 기준)
1. (기름X) 두부 300g 굽기
2. 굽다가 기름 두르기
3. 양념장 만들기
간장2 고춧가루2 알룰로스1 굴소스1 다진마늘1 후추 물100ml
4. 양파 1/2 대파 한 줌 썰기
5. 두부 한 면 바삭하게 구워지면
    기름 좀 추가해서 한쪽에서 양파 대파 넣고
    볶다가 합쳐주기
6. 양념장 고루 뿌려주고 졸여주면 끝! ♡",6,2025-10-28
OEassmynRro,UgzR9fW1aq_zlN4Q1Wd4AaABAg,@수정냥,아빠라는 사람과 저 정도 분량의 대화를 해본적이 없다,5,2025-06-25
OEassmynRro,UgyewuoQb3p6Yo20XQd4AaABAg,@bboyam_2,"두부조림에 두부 굽는 거 첨 봐요!!!!두부 짱좋아해서 이것저것 해먹는데 이것도 해묵을게요 ,,❣️",8,2025-06-22
OEassmynRro,Ugyq3QQ-J2um5ImUUB14AaABAg,@꽝이면안돼-e9n,아버지 대충해 하고 말하는게 완전 고수 느낌...저런 아빠가 되고 싶다,2,2025-08-01
OEassmynRro,UgwaCVuhsEXOkiguaAV4AaABAg,@욍왕지기,왕 아부지도 요리천재이셔요!!!!,7,2025-06-22
OEassmynRro,UgxUUb-QcvESk9JPc_N4AaABAg,@SARANGHAEYO777,"진짜 자상한아빠,자상한남편은
세상 복중에 정말 큰복인듯..",1,2025-08-07
OEassmynRro,UgzYHVnmlc34eTjiHG94AaABAg,@fubao_love468,오 두부 있는데 내일 해먹어야지~!😊🤤,10,2025-06-22
OEassmynRro,UgzXciKAyfBMOQMctwZ4AaABAg,@들자구,아빠 So sweat ❤❤❤하십니다,8,2025-06-25
OEassmynRro,Ugyvoqb6HaFdsEVn6jV4AaABAg,@신양선-f4z,자상한아빠시다  우리아빠님  짱 짱최고🎉,5,2025-08-01
OEassmynRro,UgyWg9t7uugTv2LxcQp4AaABAg,@singeobda,마지막에 유지만님이 고마워~하니까  웅~할때 같이 톤 올라가시는거 넘귀여운 ㅋㅋㅋ,2,2025-09-28
OEassmynRro,UgxQ9UU0RjV2a4p0d254AaABAg,@skyjin26,내일은 이거 해먹을께요^^ 레시피 간단하고 좋아요. 아부지 다정해서 멋져요😊,3,2025-06-24
OEassmynRro,UgxZxbkzz2FIvTq1wz54AaABAg,@yj-t2h,주말마다 아빠가 반찬을 해주시는 삶이라니!!ㅋㅋㅋ엄마가 맛있게 해주시긴하는데..아빠가해주시는거 신세계~~~~부러워요,2,2025-07-26
OEassmynRro,UgxamcLXVG12lGZAGk14AaABAg,@hwayoungoh3571,정겨운 부녀간의 전화통화! 더 맛나겠어요! 🥰,3,2025-06-24
OEassmynRro,UgySmocC0tjmFHWm-zp4AaABAg,@낭만고양이-n1k,아버지가 다정하고 가정적인집안이 화목하기도하고 자녀들이 공부도 잘한다네요 아버님 넘 좋으세요~~,1,2025-10-26
OEassmynRro,Ugxyig2CwssS1N0uC954AaABAg,@my-_moon,알룰로스도 아시는 다정한 아빠시네요. 레시피감사합니다.,2,2025-09-23
OEassmynRro,UgyBPAq4qG7nP-R4uJd4AaABAg,@whtiei1115,"아부지 쪼끔 넛코 그,그 넛코 하시는 말씀 바이브에 찐손맛이 있는거임ㅋㅋ 음식은 하는사람마다 같은 레시피도 맛이 달라ㅜ",2,2025-07-04
OEassmynRro,Ugzd51U82eEiHqB1D0p4AaABAg,@prettymagic78,딸래미가 고맙다고 하니까~응~(솔톤),4,2025-06-22
OEassmynRro,UgwJEx-_1OjrF0wioal4AaABAg,@채연이-i6o,괴기없으면 밥 안먹는 아들이 요거 너무너무 맛있다고 한그릇 뚝딱했어요!! 영상 감사히 잘 보고 있습니다🤭,2,2025-08-03
OEassmynRro,UgySV5oHVuZXjfOBVBh4AaABAg,@user-pj9gr2dp1j,"들기름에 굽다가 그 양념 넣으면 더 맛나요
그냥 물보단 멸치육수는 더더욱 맛나요~~",6,2025-06-26
OEassmynRro,UgyYedgQYyAPValh9cJ4AaABAg,@Solnimmmm,유지만님 경상도분이신가바요~~ 두부조림~~? 앞뒤로~~~ ㅋㅋㅋㅋㅋㅋㅋ 너무 정겨워서 좋네여 ㅋㅋㅋㅋㅋㅋㅋㅋㅋ,2,2025-06-22
OEassmynRro,UgzXi2rci2EDsACGFKt4AaABAg,@sh-bt5vc,"시댁이 부산인데   시아버지도 남편도 다 일찍떠나서 그런지  경상도 억양 들음  그냥 그 시절로 데려다주는 것같아요  
두부조림 레시피를봤을뿐인데   오래전 추억 가득한 그 시절 생각나네요",17,2025-06-25
OEassmynRro,Ugz7ePtwdP4WTSXa7SN4AaABAg,@holypolarislee,아버님의 레시피 설명도 상냥하고 주인장 요리 실력도 좋네요 ㅎㅎㅎ,2,2025-07-24
OEassmynRro,Ugx2BRkfiC65TgufrgN4AaABAg,@Chikzic,아웅 아버님 넘 스윗하고 멋있으세요😊,3,2025-07-19
OEassmynRro,UgzENFBk7vNh2N0D-aR4AaABAg,@최이수-c8z,자상한 아빠 최고네요ㅎ~~~❤,2,2025-07-06
OEassmynRro,UgzU4TTs8zme0TTyV-t4AaABAg,@modu_2,귀여워용 훈훈한 가족,3,2025-06-23
OEassmynRro,UgwFvF1nxgkQOzEvFqZ4AaABAg,@phoebe24l7,소스 진짜 기가맥히네요ㅠㅠ 요리쇼츠 여러개 따라해봤는데 댓글다는거 첨인것같아요 너무 맛있게 잘먹었습니다👏,1,2026-04-20
OEassmynRro,Ugx1oTFKCzXgK2h0KzV4AaABAg,@찐이-h8q,아빠 ❤ 응 ❤ 너무 귀여우셔,3,2025-06-26
OEassmynRro,UgzPB6-Nm-qo1Obw7IF4AaABAg,@char3355,아빠♡이쁜딸♡,13,2025-06-27
OEassmynRro,Ugy9khE6RdL4pH__ikl4AaABAg,@CJ대한통운택배기사-u8d,레시피 고마워요~ 아빠랑 통화하는딸 사랑가득 너무 예뻐요~😊,1,2025-07-04
OEassmynRro,UgyqsACB9mDaclyPteh4AaABAg,@Shunaqu,"진짜 저런 아버지라면
제가 조금은 좀 더 나았을 거 같아요
부럽네요",3,2026-01-23
OEassmynRro,UgyMSAcSellg1-F-OWV4AaABAg,@NewCreation617,고마웡 하시는 먹소리가 참 귀엽고 사랑스럽네요🥰 아버님이랑 다정하게 통화하는 소리에 저도 기분이 좋아지는 영상이었어요ㅎㅎㅎ 저도 요즘 두부 많이 먹는데 이거 도전해볼래용 감사해요!!,0,2025-07-31
OEassmynRro,Ugzi0DRaIUAp6KWluRd4AaABAg,@TheChristina77,뒤비잖아~~~~빵터졌어요!!아버지 사랑❤,1,2025-07-06
OEassmynRro,UgxTn-LG886oPbpuSX54AaABAg,@평범한매일,다정한부녀❤,6,2025-06-22
OEassmynRro,UgxPOS3swTZrl1HQkXx4AaABAg,@에오-g5w,유지만님 가족이랑 같이 살지만 일정때문에 매일 혼자 차려먹는 사람으로서 너무너무 간편한데 맛있는 레시피 올려주셔서 감사해요 진짜 사랑합니다,1,2025-06-24
OEassmynRro,UgzUw1sUDNKsaLsxDD14AaABAg,@수미-o9s,진짜 아부지 넘 조아❤❤❤❤❤,22,2025-06-25
OEassmynRro,Ugz9PTJqdCaL3NbMHz14AaABAg,@그이름-b1j9p,"와~어떻게 만드는지도 모르는데
설명만 듣고 저정도로 잘 만들다니
아빠 닮아서 요리 금손이다.",1,2025-07-11
OEassmynRro,UgyKCnclFq4EWuSL15R4AaABAg,@무뇽-w5z,"두부 굽다가 기름넣어.
양념장 간장2 고춧가류마이 알룰로스1 다진마늘마이 후추 물반컵 굴소스1 
대파 양파 같이좀 굽고 양념부어서 졸여
깨 참기름 뿌려서 먹어!",2,2025-06-24
OEassmynRro,UgykhqLsXVfunB73EWR4AaABAg,@ghjyys,금방 해먹어봤는데 밥도둑이에요ㅠㅠㅠ두부 잘 안 먹는데 이렇게 먹음 그냥 하루죙일도 먹을거같은😂 아부지 레시피 감사합니다!,0,2025-07-07
OEassmynRro,Ugy5BwUVJDrBnBcs05F4AaABAg,@bhlee573,두부 붙히기전에 전자렌지 30초 돌리면 수분이 날라가서 기름안튑니다 참고하세요,8,2025-08-15
OEassmynRro,UgwsQiGFvS8iC7RKUjF4AaABAg,@이원재-z5r6r,갑자기 갱상도 울아버지 보고싶네요.아부지 넘 다정하셔요😊,1,2025-07-14
OEassmynRro,UgwKgLIttEGV9zxZtV54AaABAg,@kinglocker,"굴소스가 없어서
뭘로 감칠맛이나 포인트를 줄까 하다가
멸치액젓 반스푼 넣었더니 ㄹㅇ 기사식당 이모님 두부조림이 나왔습니다",5,2025-10-10
OEassmynRro,Ugw_EYSi3j-3xo2ujrV4AaABAg,@maru-f9z,헐 저도 아빠한테 두부조림 하나 배워서 완전 자주 해먹는데...!! 저희집 레시피랑 거의 비슷해요...ㅋㅋㅋㅋㅋㅋ 이거 짱맛... 양파 더 많아도 맛있음,2,2025-06-27
OEassmynRro,Ugw39K0C2Zw_bM-qqIt4AaABAg,@감사하게-b1l,양념장에 참치캔한개 섞어서 부으면 맛은배가됩니다,5,2025-06-25
OEassmynRro,UgwqL1D4uAS1i6cpojB4AaABAg,@91cimille,"항상 잘 보고 있어요 ㅎㅎ진짜 레시피 최고입니다!!
제가 오징어를 좋아하는데 오징어레시피도 만들어주세요!",0,2025-06-24
OEassmynRro,UgwP9OFFgsrkuvf_HBJ4AaABAg,@thanks10042,알롤로스 대신 올리고당 넣어도 되나요,3,2025-06-25
OEassmynRro,Ugwu4pYWDFO8adfu5ZV4AaABAg,@유유-r2y,와 다정한 아부지❤ 부럽네용 굽는 중에 기름 부어보겠어용,1,2026-04-13
OEassmynRro,UgzdHn1qxlycWXmBk6h4AaABAg,@JL-fq1cn,마누라랑 피치못할사정있어 따로살고있음. 이거해서먹어보라해서 오늘해봄. 진짜존맛,3,2025-08-14
OEassmynRro,Ugwli_XdIVMXYgF5CX94AaABAg,@jiyoonson6301,"두부 먼저 굽는 게 엄청난 꿀팁이네요!
좋은 팁 배워갑니다.
감사합니다  ❤",0,2025-06-26
OEassmynRro,UgxNvnSU8HAZxWaw7-l4AaABAg,@ethanhunt2451,"사실 평범하지 않은 팁이 많이 들어가 있음. 두부를 그냥 부치다가 기름을 넣는다는가, 굴소스가 들어간다던가, 중간에 한 쪽에 야채 기름에 볶는다는가.. 그래서 아마 평소에 저 레시피랑 똑같은 맛으로 두부조림 만든 사람 거의 없을 것임.",15,2025-10-05
OEassmynRro,Ugz9HFjHd4j8QII7Yl54AaABAg,@초코송이-v2m,"매번 두부조림 레시피 전전하다가... 이거먹어봣는데 젤맛잇어요~~!! 😊  
앞으로 두부조림은 이걸로 정착하려구용 !!  다욧용으로 양배추채썬거랑 팽이버섯 같이넣어도맛잇네용😊",1,2025-06-30
OEassmynRro,Ugxb2kOqfTA1TO7frul4AaABAg,@dddd-jk7iy,헐 기름 두르고 부치는게 아니었다고??,6,2025-06-22
OEassmynRro,UgxBoB-a0xTUPJ9DJhh4AaABAg,@Jadestone_lee,"하이톤의 고마워~~~~  와
역시 하이톤의 웅~~~~
넘 따숩다 😊",2,2025-06-28
OEassmynRro,UgxeEy9asAWBuFi1vPZ4AaABAg,@LeeIRENEE,"양념에 추가되는 물 양이 좀 많아보여요
물 섞기 전에 간 함 보고 물 양을 조절해 봐요
굴소스도 들어가기 땜에 어지간한 간은 얼추 맞을텐데 물이 많아 간이 싱거워질 듯 하네요
조림처럼 먹어야 하는거라 자박해야 하는데 
조려지기 전에 이미 흥건해 보이네요.
물 양 조절이 아버지 맛이냐 아니냐 일 듯",5,2025-09-19
OEassmynRro,UgwmVVbC2dMdmNhFtYB4AaABAg,@잔망지니-j3y,와~ 넘 맛있어요~ 두부조림에서 왜 제육볶음 맛이나죠? 짱짱 레시피 감사해요❤,1,2025-08-04
OEassmynRro,UgzGGyRgESBPUrJtEc94AaABAg,@봉봉-q1z-v4u,아빠 넘 좋으시다. 행복한 딸.  부러워요.,5,2025-07-01
OEassmynRro,UgyLPLQwniLncZIa6Y54AaABAg,@yan_da.,다정한 아부지 조타 캬 울 아부지는 맨날 나 안해! 몰라! 이러는데 ㅋㅋㅋ,0,2025-06-23
OEassmynRro,UgxYU7C4gPSXuvxklBl4AaABAg,@프리스카-uc,오~좋은꿀팁 감사해요. 두부가 냉장고에 있네요. 내일 아침 해뵈야겠어요~😊,0,2025-06-22
OEassmynRro,UgzGCKKKv694hYqymY54AaABAg,@Cheddar_cheese_meow,여름 도시락 메뉴 추천해주세요 !! 금방 쉬지 않고 냄새 덜 나는 걸루요 !! 그리고 항상 잘 보고있숩니다 유지만님😊 덕분에 다이어트 맛있게 하고 있어요 ㅎㅎ,0,2025-06-25
OEassmynRro,UgzVtiwGwl8-ZazG0wN4AaABAg,@써니Choi,아버지와 딸~~넘 좋네요~~👍👏👏👏😍⚘️⚘️,1,2025-06-26
OEassmynRro,Ugyh8_NdaampnCUrt0p4AaABAg,@sunny-of9tj,"너무  잘하시는  거예요😂👍
부녀지간 ~^^부럽습니다!!
건강하세요😂😂🎉❤",0,2025-08-05
OEassmynRro,Ugz_PhHmxRye80t46A94AaABAg,@츄츄-x2l,진짜 너무 맛있어요ㅠㅠㅠ 두부조림 드디어 정착합니다 집에 맵찔이 있어서 고춧가루 1스푼만 넣었는데도 너무 맛있었고 알룰로스맛도 하나도 안나요 그냥 맛있음 감사합니다ㅠㅠ,1,2025-07-02
OEassmynRro,UgyhV6DnZ7qo6Nwn5954AaABAg,@yorijoride,마침 부침용 두부가 있는데 이번주에 해먹어야 겠어요😊 아부지 레시피 감사합니둥❤,0,2025-07-07
OEassmynRro,UgwG4EiHTfruuMR6T3N4AaABAg,@와이-g7p,아빠한테 레시피를 받다니 😮 쏘 스윗❤,1,2025-10-15
OEassmynRro,UgxNz7sC3bSB58duKXN4AaABAg,@pipi6477,가족들한테 해줬더니 맛있다고 잘 먹어요 감사합니다!,1,2026-01-07
OEassmynRro,Ugx3Xm7s-hxiNDOWu8x4AaABAg,@jgmgmpjpm,"오늘도 라면끓여먹으려다가
아까 본 이 쇼츠가 생각나서 바로 해먹었어요
감사합니다",0,2025-06-23
OEassmynRro,Ugz0iA9GUsCox618kjV4AaABAg,@김현지-j5v,"저희아빠였음 성질이 급하셔서
그냥 가~~와~!!! 하셨을듯요.😂😂
(가져와! 내가 한다)",1,2025-07-06
OEassmynRro,UgzwDkgUfT40WF9fio14AaABAg,@jjj-fl1ie,방금 해먹었는데 너무 맛있어요 감사합니다!! 아부지도 최고!!,1,2025-12-16
OEassmynRro,Ugw_925rWj72DYW2h8l4AaABAg,@lovelyshine-r2x,맛있어요~!!!마지막에 들기름 둘러주니 더 맛남❤,0,2025-06-26
OEassmynRro,UgwZ_OqblE3YNlvDlfB4AaABAg,@TV-bk2hy,"오오
어제 두부사온거 있는데
저도 함 따라해볼께요ㅎ
아버님팁 잘얻어갑니다 👍👍",0,2025-06-25
OEassmynRro,UgwP1iyDfk8nV-fz7l54AaABAg,@jmj3446,"두부 넣고 기름 두르기, 야채 따로 볶다가 섞는거 꿀팁이네요^^
낼 맛있게 먹을게요~~",1,2025-06-28
7mTgxA8aZ8s,Ugwtj617NwAq5C_XzHp4AaABAg,@leejin3632,스타우브 사이즈가 어케되나요?,2,2025-04-23
7mTgxA8aZ8s,UgyOblZaJaYe68hquw54AaABAg,@kiimil,밥 간은 따로 안해도되나용??,0,2025-12-29
7mTgxA8aZ8s,Ugysn2OPgwJWsyG4YDN4AaABAg,@blue_m1101,숫가락 올리러 가도 되나요?🤤,0,2024-03-31
C2XI_RDI5ak,UgyeMWcPuevckAOemch4AaABAg,@Piglhat,"1만원으로 반찬 8가지 만들기!
배달비 확 줄여준! 반찬만들기🩷
계란은 쿠팡에서 지난주에 시킨걸로 
사용했는데 개당 266원꼴로
전재료 다해서 1만2천원에 
반찬 8가지 완성했어요✨
한번 만들어두면 국만 끓여서 한끼 먹으면 되니까
꼭 한번 만들어보세요🙏🏻

☑️계란장
재료 : 계란5개,청양고추1개,쪽파1개,양파반개,깨
양념 : 진간장 반컵,물 한컵,설탕3스푼,맛술1스푼,참치액1스푼,올리고당3스푼

양념에 작게 썰어둔 야채 넣어주고
미리 삶아둔 계란 넣어서
반나절 냉장고에서 숙성해주면
초간단 계란장 완성!

☑️소세지 야채볶음
재료 : 비엔나 소세지,양파,파프리카(생략가능),당근(생략가능)
양념 : 케찹 듬뿍,진간장1스푼,굴소스1스푼,설탕2스푼

소세지 먼저 구워서 80% 다 구워지면
야채 넣고 케찹,굴소스,설탕,진간장 넣어주면 끝!

☑️새송이버섯 볶음 
재료 : 새송이버섯,청양고추(생략가능)
양념 : 간장2스푼,굴소스 2/1스푼,올리고당1스푼,참기름 1스푼,다진마늘 큐브한개

새송이 먼저 볶아서 숨이 죽으면
양념 넣어서 한번 더 볶아주고 참기름으로 마무리!

☑️어묶볶음 
재료 : 어묵,양파반개,파1개
양념 : 진간장2스푼,굴소스2스푼,설탕1스푼,다진마늘큐브한개,참기름,통깨

어묵은 물에 살짝 데쳐주고 물이 졸면
기름 넣고 양파,파,양념 넣어서 볶아주면 끝!
고소하게 참기름 또는 들기름으로 마무리!

☑️감자볶음 
재료 : 감자,당근,양파
양념 : 진간장1스푼,소금 조금,후추 조금

감자는 볶기전 미리 물에서 전분물 5분 빼주고
감자,당근 넣고 80%정도 익으면
양파,양념 넣고 볶어주면 완성!

☑️계란말이
재료 : 계란,소금

계란말이는 사각팬과 약불만 있으면
누구든 예쁜 계란말이 완성이에요!
약불로 조금씩 계란물 부으면서 말아주시면 됩니다!

☑️두부조림 
재료 : 두부 반개,양파,파,청양고추(생략가능)
양념 : 간장2스푼,물엿1스푼,고추가루1스푼,고추장2스푼,맛술1스푼,다진마늘 큐브한개

두부를 먼저 기름에 부쳐주고
양파,양념,물 100ml 넣어서 졸여주면 완성!
마무리로 참기름 또는 들기름 살짝 넣어주면 고소해요!

☑️두부부침
재료 : 두부반개,계란

남은두부는 계란말이 하고 남은 계란물에 뭍혀서
두부부침 해주면 됩니다!
계란물에 맛 소금 살짝 넣어 간해주시면 더 맛있어요!

레시피도 간단한 반찬 8가지 공유드립니다🩵

✔️반찬용기 엔에프락은 현재 최저가 진행 중 입니다!",64,2025-01-22
C2XI_RDI5ak,UgzQ3xoHoI_ayK599vh4AaABAg,@유나리-i8y9e,내 남편은 저걸 하루에 다먹는다는...소식좌나 가능한 식비이네요,211,2025-02-21
C2XI_RDI5ak,UgxK8v7Vye4OvTbolRR4AaABAg,@이재은-g4u,"바쁘고 냉장고도 복잡해서 저는
두가지 이상으로 하나의 요리를 합니다
봄동 콩나물 무침
느타리 호박 봌음
메추리알 소고기 조림
시금치와 두부무침

 이런식으로 두가지  섞으면
그릇수 줄이고 냉장고 넓어지고
한번에 두가지 재료 먹고",19,2025-02-14
C2XI_RDI5ak,UgyLIDcta0TlxtQvUxd4AaABAg,@하늘에구름처럼,울집 남편은 밑반찬 안 먹어서 슬퍼요 라면을 먹어도 참치한캔 넣고 된장찌개 먹어도 차돌 넣어야 하고 짬뽕도 차돌.. 식대 넘 많이 들어요😢,15,2025-02-15
C2XI_RDI5ak,UgyXHljqWCLswZkaEb54AaABAg,@emmarose5894,양이 한 이틀 먹으면 끝날듯.,24,2025-02-19
C2XI_RDI5ak,UgzdbylzGba4KJFCL3N4AaABAg,@dori4fam,"정말 대박이에요! 전 맨날 된장에 오이무침, 나물정도만 먹는데..! 계란은 남편이 안조아해서 그거빼고라도 다 해봐야겠어요!! 감사합니다!😊😊",29,2025-01-23
C2XI_RDI5ak,UgwowQcb27fM5t1oRVN4AaABAg,@re-create6662,"계란장빼고 냉장고 냉기샤워하면 맛없어 지는거네...아쉽지만
남편은 복받은셨다 직접 알뜰하게 이리 만들어주는 와이프 만나서 행복하실듯",9,2025-02-09
C2XI_RDI5ak,UgxZl_oJK4990aFbLkh4AaABAg,@만두국밥-w3s,고맙습니다 부모님 반찬 만들기 1일차 시도 해봅니당,0,2026-04-30
C2XI_RDI5ak,Ugw8NfgPuAwhaum9GQd4AaABAg,@쵸코맘-u5f,살림꾼이세요!!!😊,6,2025-02-15
C2XI_RDI5ak,UgxQeSgB8P9AyhZsotd4AaABAg,@kykim2594,바로 먹어야 맛있지만 냉장고에 넣음 안먹게 되요 ㅜㅜ,8,2025-02-26
C2XI_RDI5ak,UgyPtLycXFl2JQLZhFd4AaABAg,@christina1004,"맛있는 건강식 뚝딱이네요 ㅎㅎ
감자볶음 먹고 싶었는데 이영상이 뜨네요
알고리즘이 제 마음을 다 아나봅니당😘🩷
조만간 만들어 먹을께요 감사합니다👍✨️",2,2025-02-25
C2XI_RDI5ak,UgzZh8cM1osEyLS_sRJ4AaABAg,@saisoyki,재료만 봐도 만원이라뇨....이미 소세지 계란 두부에서 넘어가요,38,2025-02-16
C2XI_RDI5ak,Ugw632DPNctwC0xkUAR4AaABAg,@박다솜-b7p,여기나온 반찬 전부.. 냉장고 한번 들어갔다 나오면 절대 안먹는 우리 남편...,15,2025-03-16
C2XI_RDI5ak,UgxHtNRDE0Xm50lc-1t4AaABAg,@봄.딸기,저정도 양은 저희 집에선 한끼 먹는 양 인데.일주일 반찬이라고 하니 먹는거에 돈은 잘 안들겠어요. 매끼마다 뭐 먹어야할지 고민이 너무 큰데 방법이 있을까요.,4,2025-02-24
C2XI_RDI5ak,Ugy30E-7dggywvHyiyF4AaABAg,@daymay549,뚝딱뚝딱 부럽네요.,0,2026-01-01
C2XI_RDI5ak,UgxVK5sO4N_kyJcdZYh4AaABAg,@조미진-u4g,기본적인 양념과 야채 등 부재료가 다 있어야  가능한;;,69,2025-02-24
C2XI_RDI5ak,UgzDJC0KMCyAHr0IWhd4AaABAg,@클레이-u2k,야무지다^^,5,2025-02-26
C2XI_RDI5ak,UgyUkaNHw5pVnXnQzwJ4AaABAg,@LashaGorgiladze-p5v,"손이 좀 가는 메뉴들도 있는데 금방금방 뚝딱뚝딱 하네요~
여윽시 시월모바일 알뜰폰요금제는 아무도 못따라오네 ㅋㅋㅋ 알뜰폰최저가라 가격 아무도 못따라오고 인터넷도 빨라서 다들 만족하며 이용중임ㅠㅠ",195,2025-03-25
C2XI_RDI5ak,UgybXblWj3H0QIiYMZJ4AaABAg,@나-h6g6e,새댁이 알뜰하게 요리하시네요~,0,2025-12-02
C2XI_RDI5ak,UgybCc5hm5DNSnnyJel4AaABAg,@Hendos-s3l,따라해볼게요 😮,1,2025-02-05
C2XI_RDI5ak,UgybAlKLi0futeyiCi94AaABAg,@에덴의안식,우왕 맛있겠다,0,2025-11-05
C2XI_RDI5ak,UgwljWU1ilsd_blrNCh4AaABAg,@경숙김-v1b,"일주일 두고 먹기에는 !!
그때그때 해먹어야 맛있는 종류들이네요",31,2025-02-17
C2XI_RDI5ak,UgzQ9Xitd2mkuNm6IVd4AaABAg,@대일이네,저정도면 하루는 아니라도 이틀 정도면 다 먹을거 같은데요 ㅠㅠㅋ,1,2025-08-28
C2XI_RDI5ak,Ugyuz9M6YCJOnXLAAch4AaABAg,@ramilil225,우리 남편은 2끼에 다 먹을 반찬이네용 ㅎㅎ,2,2025-02-27
C2XI_RDI5ak,UgyUQAl9TRXrEEAje7d4AaABAg,@ttarayummy,오우 반찬하나 추가요~❤❤좋아요,0,2025-02-22
C2XI_RDI5ak,UgzJ8W6_Rq_161hBfut4AaABAg,@캔디-u4b,하루치정도되는양을 일주일이라고요ㅎㅎ,11,2025-02-24
C2XI_RDI5ak,UgzQIN9wZFSg-jNRxxx4AaABAg,@내일은오늘이그리워질,"개 부럽,,, ㅠㅠ",0,2025-07-30
C2XI_RDI5ak,UgxvVIZykwqT4VLwFCN4AaABAg,@ohc9571,현명한 새댁이네,3,2025-02-15
C2XI_RDI5ak,UgyXJsUs1oKGggqUi2J4AaABAg,@선희김-l8v,일주일의 기준이 누구죠? 소식자라도 어림도 없을듯 ㅎㅎㅎ,3,2025-08-13
C2XI_RDI5ak,UgxCwEy1CPSACgI2VJ94AaABAg,@lululala88888,저게 어찌 일주일치야.....,2,2025-08-16
C2XI_RDI5ak,Ugx_Zub0Crv5Ym_v60R4AaABAg,@수연-dr,오왕..이런 남자 있으면 바로 잡아야지,3,2025-02-13
C2XI_RDI5ak,Ugzbjzh7b0LjCmmqAA14AaABAg,@myeongE1004,"혹시 반찬통은 어느거 사용하셨나요.
저도 계란장이나 만들어 놓으려구요ㅎ",0,2025-03-04
C2XI_RDI5ak,UgxlSjZO0xBiTXnVdlV4AaABAg,@울랄라-e3g,저희집 한끼 식사네요,2,2025-02-25
C2XI_RDI5ak,UgzDfM5JRe2TQEfA-dV4AaABAg,@인생은변한다,반찬통 어디건가요?????? 깔끔하네요.,1,2025-03-01
C2XI_RDI5ak,UgxQ4WiW7b6ZhB-zXuh4AaABAg,@hjds486,후라이팬 어디껀가요?^^,0,2025-02-23
C2XI_RDI5ak,UgySg9zxto03nBuerzN4AaABAg,@캔디-j8c,후라이팬 정보 알수있을까요?,0,2025-05-12
C2XI_RDI5ak,UgxSITGBXhOE1GS9R2V4AaABAg,@day_8477,계란말이 해놓고 몇일먹어도되나용?,0,2025-09-19
C2XI_RDI5ak,Ugy1EDKnoZNqgywnLYl4AaABAg,@꿀지h,반찬통 어떤거 쓰시나요!???,0,2025-04-14
C2XI_RDI5ak,UgymPab5axUBhT26gj54AaABAg,@ld_1999,제 남편은 냉면용기에 밥 먹는데 과연 다음 날 까지 갈까요? ㅠㅠㅠㅠㅠㅠㅠㅠ,0,2026-05-17
C2XI_RDI5ak,UgzwikHu-5xdb3oaZXl4AaABAg,@면서-o6e,반찬통 어디 제품일까요?! 영상 너무 깔끔하고 유익해요💛,10,2025-02-07
C2XI_RDI5ak,Ugwxdmkzn8G_TaGXg2t4AaABAg,@아내_도시락싸는_남편,안녕하세요!? ’아도남‘ 채널을 이제 막 시작한! 매일 아내 도시락을 싸주는 남편입니다! 좋은 레시피 감사드립니다!👍 새송이 버섯 조림은 총알버섯으로 하신건가요?😊,0,2025-02-11
C2XI_RDI5ak,UgyBt_Y0SuIlzpglm_R4AaABAg,@김은영-r9x6f,"이거 하루반찬정도 되겠네요
소식좌만 가능한가봐요ㅜㅡㅜ",0,2025-03-11
C2XI_RDI5ak,UgwVs-RjRVFkvgQuC8x4AaABAg,@오골킴,계란말이개잘하네,0,2025-05-05
C2XI_RDI5ak,UgyoFGFup_2Sdrf-6at4AaABAg,@김민정-u7h,계란말이 뒤집개 알려주세요😅😅,0,2025-01-25
C2XI_RDI5ak,UgxdkeyXeCCqmq_AtvB4AaABAg,@조윤정-b6w,저는 한끼에 다먹을수있어요 ㅋㅋㅋ,0,2025-09-06
C2XI_RDI5ak,UgyHSBUbN3f-q7_ynsJ4AaABAg,@멍냥꽁,칼집 비엔나를 사더라도 돼지고기 함량보고 사는게 맛있어요 저건 닭고기 많이 들어서 가격에 비해 저렴한 맛임,14,2025-02-16
C2XI_RDI5ak,UgwSB8fAATt4zdSdtL94AaABAg,@포도송이_777,대충 계산해줘. 3~4만원은 들어가겠네요,1,2025-03-13
C2XI_RDI5ak,UgyDqJBNsES4SUOo5mR4AaABAg,@꼬리아-f1x,저렇게 만들고 저녁에 배달시키기,0,2025-02-20
C2XI_RDI5ak,Ugxddx7CpMyUH7k6go54AaABAg,@shining2848,울집 한끼 반찬,0,2025-08-13
C2XI_RDI5ak,UgznLa0MiNcZKPKu1WR4AaABAg,@깐나커플,이걸 일주일동안 먹어요?ㅠㅠ.. 3일이면 사라질거같은데요😅,0,2025-10-13
C2XI_RDI5ak,UgwCrrf10WYnpPKXJZp4AaABAg,@김혜연-l1l6o,보는것만으로 힘들ㄷㅇ,0,2025-02-24
C2XI_RDI5ak,UgxtpgGQPB-U7GT-USp4AaABAg,@뿌잉뿌잉-y3m,"반찬할때 해주고 해주고는 정말 자신이 뭐에게 해줬다는건데 .. 자기자신한테 ex ) 선영이 닭가슴살 먹어주고 , 요거트 머거주고 이건 지자신한테 셀프했다 는뜻이라서 하지만 이분은 가족을위해 음식을 해주고 있는거니까 ..",0,2025-01-25
C2XI_RDI5ak,UgyHnrlkm6AuyIUZc8R4AaABAg,@Monday-vy8dx,반찬그릇 정보 부탁드려요!😊,0,2025-02-18
C2XI_RDI5ak,UgxiWH4YT3ds2P1xHp54AaABAg,@이예지-z7s,도마어디꺼에요?,0,2025-01-26
C2XI_RDI5ak,UgzdjMRIO0xJskGlvkN4AaABAg,@moomoozi2,저 양으로는 두끼에 끝날 양임,0,2025-03-02
C2XI_RDI5ak,Ugz-co_REKc-ks9rMUZ4AaABAg,@야옹이-d8b,일주일은  아닙니다.. 하루 반찬이구만 ㅡㅡ,1,2025-03-27
C2XI_RDI5ak,UgzlzfIxQWOxH7SfNEt4AaABAg,@그러거나-n4l,온통 기름으로 조리한거밖에 없네..,2,2025-02-16
C2XI_RDI5ak,UgxE4mV5dhmIPKA-4jB4AaABAg,@내맘대로-w7e,허걱,0,2025-02-20
C2XI_RDI5ak,UgwYgLxm-6zGsAEQDNt4AaABAg,@hahaha-v3o-n5q,계란만 만원😢,0,2025-03-02
C2XI_RDI5ak,Ugx1RQUtEsp1GurEbo94AaABAg,@LANSONG-b9l,"저렇게 해서 금방 먹어야 맛있지 냉장고 들어가는순간 맛이 너무 떨어져서😅
냉장고 들어간 볶음반찬은 안먹는편이라...",19,2025-01-28
C2XI_RDI5ak,Ugwc6-ibbtqpUOBAolN4AaABAg,@rora111,부재료 값은 조상님이 대주나,0,2026-05-05
C2XI_RDI5ak,Ugx2oda3z_X2kQqGlld4AaABAg,@hepburn_leee,에이~~요즘식제료값이얼만데만원은아니다ㆍ,0,2025-03-03
C2XI_RDI5ak,Ugwi0Uaomwe9gEuM1QV4AaABAg,@madampark2848,"일단저기재료말고 부재료까지사면만원이훌쩍넘어버리네.
다진마늘.청양고추.양파.파.굴소스",1,2025-02-22
C2XI_RDI5ak,Ugza_h3kRmp0_ohrs414AaABAg,@지영유-v8p,두부조림과 부침한 하얀팬? 어디서 사야되나요? 꼭 가르쳐주세요 상표와 팬이름 알려주세요~~^^,2,2025-02-27
C2XI_RDI5ak,UgxbqmvEOv5bjcrDByJ4AaABAg,@이정현-i5r,다 불이자냐,0,2025-07-28
C2XI_RDI5ak,UgxUDpY8FqU5CdP3oI94AaABAg,@pa6149,남편에게 해주는 반찬을 소세지를 하나요? 햄 소세지 발암물질인 거 모르세요?,1,2025-02-15
C2XI_RDI5ak,UgwsArTvOwPNJ-BaLyd4AaABAg,@엄마유트브-v5z,두부한모로 두가지 반찬을? 간식?,0,2025-11-30
C2XI_RDI5ak,UgysjYkRpDGHyknQeTV4AaABAg,@까망눈-d2j,우리집 남자들이 다 싫어하는 메뉴 ㅠ,0,2025-03-25
C2XI_RDI5ak,UgxtBi6Ox3YEPYRBUJ94AaABAg,@도쉬바,계란 소세지만 만원이 넘네..,0,2025-06-15
VcczRUVJyRQ,UgyNeW0JXdkLiXPD8_x4AaABAg,@user-ds6oc9zo8i,금방 만든 반찬 맛있는거 모르는 사람 있나 바쁜 맞벌이라 아이디어 보러 왔는데 댓글에 죄다 냉장고 들어갔다 나옴 안 먹는다느니 귀찮아도 그때그때 만든다느니 ㅉㅉ 그런 분들은 이런 쇼츠 보지 말고 걍 넘기시라고요,574,2025-03-22
VcczRUVJyRQ,UgxWuYLktnFn5PG72uZ4AaABAg,@사사-w6u,"사람이 사는 방식이 다 다르고 상황이 다 다른건데.. 댓글보고 당황했네요,,,,,저에겐 너무 유익한 영상이에요!!",271,2025-05-11
VcczRUVJyRQ,UgwrdS1IAJlUJCZFdWl4AaABAg,@양라파,워킹맘은 퇴근하고나면 너무 힘들어서  매일 할 시간이 없는데  주말에 후다닥 해 놓으면 좋겠네요 좋은정보 감사합니다^^,72,2025-05-07
VcczRUVJyRQ,UgyiF3esQ3XIX3zVx_J4AaABAg,@withus0,계란장 봉지에 하는 아이디어 좋네요. 밀폐용기에 계란 잠기게 하려면 간장이 은근 많이 들던데,110,2025-02-28
VcczRUVJyRQ,UgwzisQ0DsCNMXUXUgl4AaABAg,@hsmlove260,"반찬 없어 못 먹는거 보다 시간 없어 대량 만들어 두고, 그때 그때 꺼내서 데워 먹어도 맛만 있습니다.^^  갓 한 반찬 맛있는거야 말해 뭐합니까..당연한것을..",12,2025-06-27
VcczRUVJyRQ,Ugz1ouEzfcxkurjVXpF4AaABAg,@삼둥이유라엄마,"와... 진짜 요즘 반찬 뭐 해줄지 너무 고민이였는데
이거 보고 바로 따라해봐야겠어요ㅠㅠ
유라가 입 짧은데 이건 잘 먹어줄것같은 느낌적인 느낌",9,2025-04-07
VcczRUVJyRQ,UgxhL0psITrbWyjn69J4AaABAg,@이도봉-u1z,"사람 사는게 똑 같냐? 생각이란걸 하세요.
본인들 기준에서만 생각하지말구요. 우물안 개구리입니까? 
금방 만든거 맛있는거 모르는 멍청이가 어딨어요? 한심한 댓글들 보다 속터져 디지겠네
주인장님 힘내세요😊",110,2025-03-24
VcczRUVJyRQ,Ugw-5xuiupYPwiP4arF4AaABAg,@고양양이집,오늘 다 만들엇어요 ! ㅎㅎㅎ 일주일 걱정없겠네요 ! 또 다른반찬종류들 만들어주세요 !!!❤❤❤❤애보면서 만든다고 시간이 좀 걸렸지만 이제 맛잇게 먹을 일만 남앗네요 !,4,2025-07-15
VcczRUVJyRQ,UgxhwQBUe77qAevqogZ4AaABAg,@힐링밥상12,여러가지 요리 후다닥이네요. 이렇게 해봐야겠어요. 좋은정보 감사합니다😊,3,2025-12-02
VcczRUVJyRQ,Ugwc9-C2KdUW2tYggr54AaABAg,@vlogbystacy,와 맛있어보여요 만들어보고싶은거 많네요~ 반찬 아이디어 잘보고 가요,2,2025-06-30
VcczRUVJyRQ,UgzqEW_qmRXBg0Nk0Gp4AaABAg,@jin2mo594,"다들 부지런한가 보네요 매일 다른 반찬 해먹고! 
숙주를 전자레인지에 익힐 생각은 못해봤는데 좋은 정보 감사해요 영상 잘봤어요 ^^",41,2025-02-27
VcczRUVJyRQ,UgyvAVCHyJQdPcb1t9Z4AaABAg,@ga-j9f1r,우와 저도 육아랑 일하면서 반찬 만드는거 생각하기 너무 힘들었는데 너무 좋은 정보 감사해요! 당장 내일 따라서 만들어놔야겠어요👍,3,2025-05-24
VcczRUVJyRQ,Ugz-oG4y-wB23i1LvRB4AaABAg,@효동손,영상이 너무 빨라요 ㅠㅠ,14,2025-07-20
VcczRUVJyRQ,Ugwi1n1IrnQrHF-qlTJ4AaABAg,@mmummu2624,헉 안그래도 반찬해보려고했는데 한번 만들어볼게요! 보기만해도 맛있어보이는~!~!,0,2026-02-04
VcczRUVJyRQ,UgzmrRsJsomcBrKrApV4AaABAg,@정원배-j6e,감사합니다 ❤❤❤,0,2025-02-28
VcczRUVJyRQ,UgzybFgdc0v-0Bwm7f54AaABAg,@송주영-m8o,좋은 정보 감사합니다~~~,0,2025-07-01
VcczRUVJyRQ,UgzV5OBMB6_JL4Igead4AaABAg,@Jonunmong,진짜 맛있겠다...,4,2025-10-12
VcczRUVJyRQ,UgwGdAvn4Gauw6ImI0h4AaABAg,@sanaraesanarae,진짜 반찬 만드는 날은 부자 된 것 같잖아요! ㅎㅎ 맛있는 반찬 레시피 감사합니다:),7,2025-06-03
VcczRUVJyRQ,UgzYKY7eMOT13jRLc4p4AaABAg,@이현정-u7f9h,한번 해놓고 먹기 딱이네요,0,2025-07-08
VcczRUVJyRQ,Ugxg-U2aOR8qfEs5P1d4AaABAg,@머시라고요,따라 해먹어 봤는데 오뎅 양념 여기가 최고존엄 무생채도 개맛있어요,4,2025-05-16
VcczRUVJyRQ,UgwczUULJsojGGa0s6p4AaABAg,@의랑-n5l9m,"4,5,6,8번 다 해먹엇는데  맜있어요~~",0,2026-03-15
VcczRUVJyRQ,UgzAtVXZTXBdf9e6lsV4AaABAg,@injik_mansooc_jjas,아이디어가 좋으시네요 잘 봤습니다,0,2026-02-25
VcczRUVJyRQ,UgwoQn6TWzslLVHkOa14AaABAg,@김승호-w3s,레시피 감사합니당,2,2025-04-28
VcczRUVJyRQ,UgyidL5tXk0F7yJkFxx4AaABAg,@츄피츄피츄,"일끝나고 반찬하는데 너무힘들어서 못하겠어요..포기. 그냥 하루에 1,2가지만 할게요",1,2026-05-26
VcczRUVJyRQ,UgwPdcgLBV-hCK7Jl3h4AaABAg,@이상우-r4u,밥도둑 반찬 이네요~^^,0,2026-03-07
VcczRUVJyRQ,Ugy7vudTwxOijWQ1Gql4AaABAg,@별바래기,대단하시네요...여보 ~~~~,3,2025-04-26
VcczRUVJyRQ,UgzVD-b7wLqD8TDadep4AaABAg,@꽃쏭0726,누가 이렇게 해주면 맛있게 먹을 자신 있는데  ㅎㅎ❤ 반찬 만드느라 고생하셨어요 워킹맘 화이팅입니다❤,0,2025-10-04
VcczRUVJyRQ,UgyNB55l53vMkzWqeiJ4AaABAg,@모든노래mono,"너무 식비많이 들어서 검색햇어요 
도움되는 영상이네요 😂😂",1,2025-06-09
VcczRUVJyRQ,Ugyx13Qx_uMVnI4CdHx4AaABAg,@세밍밍22,"저도 앞으로 남편될 남자친구 도시락 싸주게 되었는데 더 풍족하게 만들어줄 수 있을 것 같아요 :) 감사합니다!! 채식 좋아하는 남자친구 위한 영상♡♡ 미리미리 만들어두면 2~3일은 힘 안 들이고 풍족하게 먹이겠어요!! 아무래도 도시락은 싸주는 사람 체력전이라 간단한게 최고
도시락통 좋은거 사서 데우면 되고 찬 반찬은 놔뒀다 먹어도 좋으니까요~ 그럴거면 김치도 그때그때 만들어먹지 왜 냉장고에서 꺼내먹나 몰라요 :) 구독했어요 앞으로도 다양한 반찬 부탁드려요!!!",1,2025-08-11
VcczRUVJyRQ,UgyrkznCYe69vRgqqt94AaABAg,@weekendescapeee,"감사합니다.
돈아껴야하니 예전에는 안하던 요리를 하게되네요 !
요즘 물가가 미쳐가지고 ㅠ",3,2025-09-25
VcczRUVJyRQ,UgwB4naLFOWnHhRGfu14AaABAg,@감삼인,집밥 맛있겠다ㅠㅠ,2,2025-06-16
VcczRUVJyRQ,UgwV-8ARLsSvrMVnOLp4AaABAg,@루모스-x8c,워킹맘 아이디어 얻으려 왔습니다 감사합니다 ㅠㅠ,0,2026-05-04
VcczRUVJyRQ,UgyFNLdRRbf3wYzztbF4AaABAg,@robynlee_종현,아내 집밥해주고싶어서 찾아보다가 넘 좋아보여서 재료사서 만들어보고있습니다. 좋은레시피 주셔서 감사해요,11,2025-09-08
VcczRUVJyRQ,Ugw8HPIQ0M2gebz5BQt4AaABAg,@립립스틱-r4c,집 밥이 최공최공🎉🎉🎉,0,2026-04-15
VcczRUVJyRQ,UgwL3jxAUigmji_Mqx94AaABAg,@ayeshamerry621,"진짜 너무 대단합니다 ㅠㅠ 일주일치 만든 반찬으로 
계속 같은 반찬으로 드시는지 궁금햐요~!",0,2025-08-31
VcczRUVJyRQ,Ugw7sLfthd3POK75xLV4AaABAg,@김정선-e4j,👍🏻👍🏻👍🏻🤩🤩😍🎉🎉🎉❤건행,3,2025-05-13
VcczRUVJyRQ,UgyJI7iMNLrcdgrmdh14AaABAg,@냥승광-z1t,안뇽하세요! 영상 잘 보고 배워갑니다 ㅎㅎ 혹시 반숙계란장은 얼마나 숙성해야하나요~?,0,2025-09-02
VcczRUVJyRQ,Ugyexh679W4HT5BZj354AaABAg,@myun-w4x,"정말 맛있겠당.. 저렴한 가격으로 맛있게 만들 수 있는 반찬 만들기 잘봤구요, 싱겁고 맵지않게 만드니까 너무 좋네요.. 건강에 좋은 반찬이라서 너무 좋은것 같네요.. ^^",7,2025-07-04
VcczRUVJyRQ,Ugy6dQGqdtdpvC9xRz14AaABAg,@제리포4,야무지심다.. 저 손 사고싶어여,1,2025-10-04
VcczRUVJyRQ,UgwNeJwvJTCGKvOXl3h4AaABAg,@또띠-w7u,"매일 다른 반찬 원하는 사람들, 냉장고 들어간 반찬은 쳐다도 안본다는 사람들은 본인이 직접 매일 다른 반찬으로 그때그때 만들어먹으면 되겠다 그쵸 ? 나는 반찬 좀 해보니까 정말 손 많이 가는걸 알아서 엄마가 그냥 해두신 반찬 꺼내 먹는것도 감사한데말이죠. 금방 만든 반찬 맛있는걸 누가몰라요 힘들면 그럴수도있는거고 결국 불만인사람이 만들어 먹으면 해결되는건데요
다른 댓글 몇몇 보니까 진짜 어처구니없어서 주인장님 힘내세요",1,2026-04-17
VcczRUVJyRQ,UgyOfONfOEho7k1wDfR4AaABAg,@강혜원-m8p8s,우리 아들 한끼ㅜㅜ 반찬하기 너무 힘들어요ㅜㅜ,0,2026-06-10
VcczRUVJyRQ,UgzgESnfnMT2-I7QvE94AaABAg,@liliiiiililill,아 배고파,0,2025-12-24
VcczRUVJyRQ,Ugw77dgL7MwMlfh987F4AaABAg,@qw1r7d6j,저는 저정도 만들면 1주일 넘어갈듯한데 냉장보관으로 며칠까지 가능할까요?,3,2025-06-19
VcczRUVJyRQ,UgwYxEfYtL_bdtVbcs94AaABAg,@글리세린-r5p,나물 같은건 일주일씩 냉장 보관 가능한가요?,0,2025-06-26
VcczRUVJyRQ,UgyGzr8XnHUu61_SI9x4AaABAg,@굿이브이,본문 어디서봐용?,0,2026-05-12
VcczRUVJyRQ,UgxfERZU-qHYq5lpZfR4AaABAg,@Saraswatiiiiiiiii,헐 일부러 이런 영상 찾아서 온건데 악플이 많았나보네요 영상 감사해요ㅠㅠ 맞벌이부부라 따라해보려고 찾아왔어요,0,2025-08-30
VcczRUVJyRQ,Ugy6-xcYBO7g1OJ3Ir94AaABAg,@Kkangduooiiii,반찬은 몇 주 안에 다 먹어야 할까요?,0,2025-08-16
VcczRUVJyRQ,Ugw0cGgA7BEvVAoGOtF4AaABAg,@정수아-e9u,무도 그람수 알려주시지?ㅡ,0,2025-10-19
VcczRUVJyRQ,Ugw72IIOhmxphn_9bZR4AaABAg,@김알알-t8g,재료하고 레시피가 어디에 있다는걸까요?,0,2026-05-30
VcczRUVJyRQ,UgxBh-c9Taz3cT948vx4AaABAg,@jin-fi2sv,그럼 이 반찬을 일주일동안 먹는거애요? 계속?? 저도 그렇게 하는데 다들 질린다고 해서ㅠㅠ,0,2026-01-24
VcczRUVJyRQ,UgxWQACdv1oe887k93F4AaABAg,@딩도꼬,혹시 액벗은 무슨 액젓....,0,2026-04-01
VcczRUVJyRQ,UgxghpeFoYQ6DKx05Px4AaABAg,@sunpark2829,"무슨 액젓일까요?
참치 멸치 여러개라서요",0,2025-06-24
VcczRUVJyRQ,UgxZ_PViH4aC29UoSht4AaABAg,@Hokoung,우리집은 한끼에 다 끝나요 ㅠㅠ😅,0,2026-01-23
VcczRUVJyRQ,Ugzmwu3lnV4_oHM8tYF4AaABAg,@네네-h5i,도마무ㅏ에요??!,0,2026-01-31
VcczRUVJyRQ,UgyZK_9rVPIBYWMCQz54AaABAg,@YURIA999,💜💜💜,0,2025-07-19
VcczRUVJyRQ,Ugy_divtM3izHB06Ub14AaABAg,@정수아-e9u,무나물 볶을때 물안넣어도 안타나요?,0,2025-10-22
VcczRUVJyRQ,UgyH0FccbIa9vqptN8J4AaABAg,@Jeeeda,2끼 이상 안먹는 우리집 노답😅김치 3종류 마른반찬1. 고기요리1. 찌개나국 1.채소반찬1 는 필수인 우리집😊한식 식단은 노답노답😂아이디어 잘 활용해볼게요,2,2025-03-01
VcczRUVJyRQ,UgwIPV_QhWsPaTvlg4t4AaABAg,@김영은-y2c,후라이펜?.? 저거 몬지 알수있나요??,1,2025-02-25
VcczRUVJyRQ,UgwXPmhqC9kPOCsS2Y54AaABAg,@예수님의전사,새송이버섯은 물로 씻어야 되나요?,1,2025-08-20
VcczRUVJyRQ,UgxZV_61uhTjxZH4RQF4AaABAg,@RibuHa-k3e,장본거항 레시피 오디서 봐용?? ㅜ ㅜ,0,2025-08-30
VcczRUVJyRQ,Ugw9n4Ru0VyYDs1reWN4AaABAg,@성지용-c9u,본문설명어디지?,6,2025-02-27
VcczRUVJyRQ,Ugy7-fmPtYGfnB5S2Sh4AaABAg,@이민트-z9x,양념 어케 하는데요...,0,2026-04-13
VcczRUVJyRQ,Ugx0AdfHaUZ3XWEu89R4AaABAg,@양검맨,좋은아내,0,2025-09-10
VcczRUVJyRQ,Ugxq9rdPn0teo-d37LF4AaABAg,@가지가지의일상공유,액젓은 무슨액젓 쓰나요??,0,2025-05-22
VcczRUVJyRQ,UgxdeX_3JJZcUadpJh54AaABAg,@nananasxzvzz9644,어묵은 무슨 액젓이에요?,0,2025-12-30
VcczRUVJyRQ,UgzegN-MmofKQ4Pn5yV4AaABAg,@몰라-w1j5k,계란20개로 계란말이 했는데 4인가족 한끼에 다 없어짐..,2,2025-09-11
VcczRUVJyRQ,Ugy-Qtb5GhUTqwTE1SF4AaABAg,@Sean_Ow,I think I don't really fit in with this comment section,1,2025-04-14
VcczRUVJyRQ,UgyCUCQsiuAwXXKiywZ4AaABAg,@eunsinkim982,저정도면 3인가족 한끼정도인데...,1,2026-04-11
VcczRUVJyRQ,UgxVM10YG_3QMADuH4Z4AaABAg,@곰_gom-y,오뎅은 진짜 냉장고들어가면 끝이에요😢,0,2025-03-06
VcczRUVJyRQ,UgzBJ-7hHwZByFA-JGt4AaABAg,@봄봄이-g9e,"일주일을 먹어야
해놓고주지
한번먹음 끝",21,2025-02-26
VcczRUVJyRQ,UgzSpPKFZJYlSnvGput4AaABAg,@선희-d7i,냉장고 들어갔던 밑반찬은 남편이 잘 안 먹어서 간단한거라도 그때그때 한가지씩 해서 먹어요,38,2025-02-28
VcczRUVJyRQ,UgyLCVNf4hsFfU9UXw94AaABAg,@RightHere-ev5en,계란말이 너무 어려워요 진짜,0,2025-05-22
VcczRUVJyRQ,Ugy2cPilwBKFYQ5b0oR4AaABAg,@liy0314,왕초보라 몰라요 ㅠ ㅠ😢,0,2026-02-07
VcczRUVJyRQ,Ugzyh49P17OxRCELIOV4AaABAg,@jeeaun68,저정도 양은 일주일 못가요,0,2026-02-12
VcczRUVJyRQ,UgzB3ijnJbhmpXwnkVN4AaABAg,@냠-k9m,만오천원이 아니라 간장 설탕 등등 사니깐 6만원이 들어요 ... ㅜ,0,2025-09-05
VcczRUVJyRQ,Ugy2su7ooYQb5P7pYuF4AaABAg,@임선영-u2w,저게 다 만오천원으로 가능한가?,3,2025-02-27
VcczRUVJyRQ,Ugw7fTsaITPz3b9Vgkt4AaABAg,@Chicago_Ohare,근데 저 재료들이 합쳐서 만오천원 넘을 것 같은데....,0,2026-03-20
VcczRUVJyRQ,Ugy0XJxUEhEFQULrUCR4AaABAg,@김종순-e1b,ㅋㅋ 저게 한끼라는게  문제,1,2025-03-02
VcczRUVJyRQ,UgyxMM4HPluH2Hzki2l4AaABAg,@무지개-v3m,일주일동안 같은반찬 먹어주는 가족들이 있긴 있구나.. 냉동밀키트 만드는 영상들도 보면서 저똑같은걸 저렇게 만들어놓으면 소비는 언제 다하나 하는 생각이 들던데 말이죠,29,2025-02-26
VcczRUVJyRQ,Ugz361-GqYvRIFrIjkB4AaABAg,@이상호-c5d5l,빨라,0,2025-06-14
VcczRUVJyRQ,UgzHrBd2G2zkFkNvtxh4AaABAg,@임점순-b3o,반찬은 아무리 바빠도 한 가지라도 그때그때 해 먹는 것이 맛있습니다,10,2025-02-27
VcczRUVJyRQ,UgzIOcPU7vaEp_4AUZ94AaABAg,@상훈남-w4t,"어묵 숙주 무나물은 그날바로 먹어야
맛있어요 냉장고 들어가면 잘안먹어요",0,2025-12-29
VcczRUVJyRQ,UgwiL7RtreRDkpOuduV4AaABAg,@김성열-h2p,이게 마른반찬이냐?,0,2026-02-08
VcczRUVJyRQ,Ugxasb3702f59msjuil4AaABAg,@정기영-h7q,만들고 싶은되 귀찬음 시간도 없고요 ㅠ 반찬가게에서 2만원정도 사면 1주일정도 먹습니다,0,2026-01-20
VcczRUVJyRQ,UgyqOdvDgZr2reQ3WuB4AaABAg,@jbdc16d1f8,숙주는 하얗게 무친게 맛있더라고요 실수로 딴 생각하다 콩나물 무치듯 고추가루를 넣고 무쳤는데 확실이 하얗게 무친게 맛있음,0,2025-08-24
VcczRUVJyRQ,Ugwduh-h7Ef3uTmWRwp4AaABAg,@jyneti,"몇몇댓글 극혐이네 바로한거 맛있는줄 모르는 멍청이가 어디있냐. 그래도 자취생 맞벌이부부 등등 많은 사람들이 저렇게 밑반찬 만들어두고 산다
뭐 1-3일이면 맛이변해?? 맛이 없어질뿐 한여름 아니면 나물빼곤 안상함. 상힌다?? 침묻은 젓가락으로 손댓겠지. 진짜 시간남아도는 몇몇 사람들 대단허네 ㅋㅋ",0,2026-06-11
VcczRUVJyRQ,UgxvnDnmSO4Sk9hkQcB4AaABAg,@sup_yur,저걸로 어떻게 일주일을 먹지 이틀이면 없겠는데,2,2025-06-16
VcczRUVJyRQ,UgzeHmP33PmCfbehOOh4AaABAg,@부계-i4q,일 끝나면 손가락 까딱하기 싫던데,0,2025-05-31
VcczRUVJyRQ,UgzGgIzKVJlgcRDjBYF4AaABAg,@hc4791,"친정엄마 오신데서 나물등 많이 해놨는데
냉장고서 나온음식 안드셔서 새로 해드렸어요",0,2025-03-03
VcczRUVJyRQ,UgyqIjY1HMaIiZJIDgB4AaABAg,@멍게-t9y,구내식당가서 끝날때 반찬 얻어와서 묵어면 된다. 안주면 말고...,0,2026-01-24
VcczRUVJyRQ,UgyO18jGB0TCWa0S1Hp4AaABAg,@류빠,정신사납,0,2026-04-02
VcczRUVJyRQ,UgweanR_kSBG1YhE9UB4AaABAg,@H-F-R-Y,저걸 어떻게 일주일이나 놔두나요... 3일만 지나도 맛이 변하는데,0,2025-03-27
VcczRUVJyRQ,UgzxBzCgU9vscg64xkB4AaABAg,@Goodluck-r6i,만들어 놓고 1주일씩 먹으면 맛없어요.  하루이틀 먹을양만!,1,2025-03-01
VcczRUVJyRQ,UgwRk7TSTPftD2ExQEF4AaABAg,@user-rz1lj6ur6i,"일주일냉장고에넣다먹으면
세균덩어리",3,2025-02-28
VcczRUVJyRQ,UgxlYuHuwzdClmKwKBx4AaABAg,@나니-w5n,저거 다 무생채 한 가지 빼고는 다 일주일 못 가는 거잖아,0,2025-09-08
VcczRUVJyRQ,UgzOBCk7djFmIooorcp4AaABAg,@lmh750806,"같은 반찬을
일주일 동안
먹는다구요?
신선도가 떨어
지고 여름엔
맛이 변질될텐데",3,2025-03-13
VcczRUVJyRQ,UgxdFLsH2jWDsmIVoOJ4AaABAg,@김인옥-q2w,"음식은 금방만들어
먹어야 맛있지
똑같은 음식 일주일
이나 먹으라고
질리는데",3,2025-02-27
VcczRUVJyRQ,UgwkW_itM0xuxdmOFnp4AaABAg,@sjwon,한번 먹고 버린다,0,2025-09-27
VcczRUVJyRQ,Ugwsz5L8Ra23xWYJtzl4AaABAg,@쭈우-j6y,계란말이를 일주일 우찌먹노,5,2025-03-02
VcczRUVJyRQ,UgztargFycrB-QJ9zQZ4AaABAg,@뽀에버-s5k,이틀만 지나도 맛이 없어,2,2025-05-03
e_7cKb4WANk,Ugz9DZxUi3fMiTyfNnp4AaABAg,@아요남-99,"오늘의 반찬 : 오리고기단호박찜🧑🏻‍🍳

✅재료

• 단호박 1통
• 오리고기 반팩
• 양파 1개
• 굴소스 2T
• 후추 솔솔
• 다진마늘 1T
• 페퍼론치노 2개
• 피자치즈 1팩

✅레시피

1. 단호박 한통을 베이킹소다로 닦아줘요

2. 전자레인지에 7분정도 돌려서 약간 익혀줘요
(이래야 단호박에 칼을 넣을 때 잘들어가서 안 다칠 수 있어요)

3. 단호박 뚜껑 부분에 칼집을 내줘서 구도를 잡아줘요

4. 안다치게 조심히 단호박에 구멍을 내줘요

5. 숟가락으로 씨들을 제거해주세요
(안에 있는 씨들을 제거하려고 과하게 파내다 과육까지 파내면 단맛과 영양소가 줄어드니 살살 파주세요)

6. 양파 1개 깍둑썰어주시구요
(고기의 양을 늘리고 양파를 줄여도 됩니다)

7. 팬에 식용유 두르고 양파, 다진마늘, 오리고기를 볶아주세요
(단호박에 넣고 찔거니까 양파는 너무 익지않게 조금만 볶아주세요)

8. 굴소스 2스푼으로 간해주시고 페퍼론치노도 2개 넣어서 매콤한 맛 조금 넣어주세요

9. 마지막으로 후추 뿌려서 한번 더 볶아줘요

10. 단호박에 넣어서 찜기 중불로 15분정도 쪄줬어요

11. 꼭짓점마다 칼로 잘라주면 꽃 모양으로 펼쳐져요

12. 뭉쳐 있는 음식 좀 풀어주고 피자치즈 뿌려서 전자레인지 5분 돌려주고 파슬리 뿌려주면

13. 완성⭐️",2,2025-05-18
e_7cKb4WANk,UgyIAzvVu7ikPr0qObt4AaABAg,@pinkyaza,완전 1자로 칼넣는게 아닌 뚜껑이 속으로 안들어가게 \  /이렇게 사선으로 찔러넣으면 어떨까요? ㅎㅎㅎ,0,2026-05-06
e_7cKb4WANk,Ugzn6XmM6JhTy-8eH314AaABAg,@Whale_Dream_9181,뭔가 간단하면서 고급진 레시피네요! 맛있을꺼같아요!,1,2025-05-18
e_7cKb4WANk,Ugz5zcABlP18qP58EeR4AaABAg,@fdsa6853,오리고기 그램수가 어떻게되나요,0,2026-01-09
e_7cKb4WANk,Ugzn_xb7T5dED0oag1F4AaABAg,@소은-m6c,피자치즈 ㅋ,1,2025-05-20
e_7cKb4WANk,UgzQROk9U4xT6VDGdDh4AaABAg,@최붓,찜기가 없으면 냄비에 물 살짝 넣은채로 천천히 익혀도 될까요?,0,2025-11-06
e_7cKb4WANk,UgzCXeM0xx17IjA0gYN4AaABAg,@page0187,아내 도시락싸는 남자 채널인줄알았네 뭐이렇게 컨셉이 완전 똑같아,1,2025-05-20
WB6-Q8YenL4,UgzD5fpI2SkHtLbQYql4AaABAg,@진자유-s1o,ㅎㅎ  솔직한 요리 🍲^^,0,2023-08-26
L0HaiccnZTQ,UgxSAw_ICwrFsCNlDIN4AaABAg,@J31d323,안녕하세요! 영상 잘 봤습니다. 혹시 침대 프레임 제품 명 알 수 있을까요 ??,0,2026-05-25
L0HaiccnZTQ,UgzV-4xMxhPNaqplBYZ4AaABAg,@증평개미,로봇 청소기 귀여워,0,2025-10-24
L0HaiccnZTQ,UgxSCzh3nBYQzQvMhJ14AaABAg,@미소-t5v2g,야무지네요 인테리어 참고하고갑니다,1,2025-09-14
L0HaiccnZTQ,Ugz_Mih03rXiTXaXzvN4AaABAg,@yh2boy,입주 축하 드립니다. 요즘은 자산이 있으면 어떻게 될지 모르는 세상이라 든든하죠.,2,2025-09-14
L0HaiccnZTQ,Ugx9M2wiqnLnR-fageV4AaABAg,@벤볼릭-y3f9s,구너무너TV님 안녕하세요! 벤볼릭 디퓨저입니다. 협업 메일 전달드렸는데 아직 확인이 안 되신 것 같아 댓글로 다시 알려드립니다.,0,2025-11-10
L0HaiccnZTQ,UgyvtCknBbb3obShATN4AaABAg,@와우ww-v9l,구매 목록 다 알수 있을까요??,1,2025-09-23
L0HaiccnZTQ,Ugx7iLfTDcwo0yew3Bd4AaABAg,@Rico-zss,로보락 조심하세요,1,2026-01-10
L0HaiccnZTQ,UgxrPySoRkbUUMYVNFl4AaABAg,@당근주스-y3h,안녕하세요 매장 정보도 알려주실 수 있나요?,0,2025-11-09
L0HaiccnZTQ,UgxXaMguaA8MpxcMt-p4AaABAg,@medizxcv0751,"무타공 lg에서 25만원주시고 하신건지 아니면
사설업체에 맡기셨는지 궁금해요!",0,2025-12-14
0hhwAs05MZk,UgyGJHkTIH4C-9OtTE94AaABAg,@침알노_mattresspick,"🏡영상 속 제품 정보 정리한 링크입니다! 
https://bit.ly/4oT9Mmf

이 포스팅은 오늘의집 큐레이터 및 쿠팡 파트너스
네이버 브랜드 커넥트 활동 일환으로
이에 따른 일정액의 수수료를 제공받습니다.",0,2026-02-16
0hhwAs05MZk,UgwieWpj5mspaSegyR14AaABAg,@yooniie_21,매트리스 커버랑 암막커튼도 궁그매요 😢😢,1,2026-01-06
0hhwAs05MZk,UgyTO1Ipz8Yke7DLf2x4AaABAg,@한여름-e2x,소파 어디껀가욤? 구경하는재미가 있네요 ㅎㅎ 잘 봤어요,1,2025-11-07
0hhwAs05MZk,UgwgNbctA8T4JJCBFjB4AaABAg,@zzini__a,거실에 놓은 조명 정보 궁금해요ㅎㅎ,1,2025-11-12
0hhwAs05MZk,UgzSIZniQz8pRhDrAoB4AaABAg,@HJH1126,쇼파쿠션 정보 알고싶어요!,1,2025-11-24
0hhwAs05MZk,UgzvN0pa9v9EqIiQUol4AaABAg,@겐조bitmain,프레임 어디껀가요? 고정댓글이 안보이는데요 ? 타임라인 말씀하시는건가요?,0,2025-11-23
0hhwAs05MZk,Ugwn68E9uzk3Xfv8gsF4AaABAg,@박현우-f9e,세라믹식탁이랑 의자 정보 궁금해요!,2,2025-10-26
0hhwAs05MZk,UgwcbBJ7OU-OCbyLRkp4AaABAg,@정재훈-f2k,안녕하세요 소파 어떤 제품 쓰셨는지 궁금합니다!,1,2025-11-16
0hhwAs05MZk,UgzbeNp7Py2JNty0ujN4AaABAg,@aekimm,시스템장 정보 알고싶어요!,1,2026-01-25
0hhwAs05MZk,Ugx6izJsxu4IyN7o-O94AaABAg,@치선김-q5q,쇼파 정보 알 수 있을까요,1,2025-11-12
0hhwAs05MZk,UgygR2MDf7_RFQeX9g94AaABAg,@홍길동-s7,안방 프레임 이름궁금합니다^^,0,2026-01-07
0hhwAs05MZk,UgzT-JgzxqnlTeo2O-d4AaABAg,@suasimpson2186,로청 어디꺼 쓰세요???,2,2025-11-08
0hhwAs05MZk,UgxnyxabUKPaAt0ScKp4AaABAg,@seonmiPark-l4h,침대프레임이랑 스프레드 정보.알고싶습니다 ㅎ,2,2025-10-27
0hhwAs05MZk,UgxNRHNI0SdmBRHi3jR4AaABAg,@uauallyday3382,안방 매트리스 사이즈가 어떻게 되세요?,0,2026-01-06
0hhwAs05MZk,UgwU9JuWAjHDsnmJDpx4AaABAg,@arr996,"아기방, 안방 수납장이랑 침대 프레임 정보 부탁드려도 될까요~? 딱 제가 찾고 있었던 구조에요 🥹",1,2025-10-26
0hhwAs05MZk,Ugzov4TS_NkhI3VdDfJ4AaABAg,@syu_ni,침대 프레임 정보 알고싶어요,1,2025-10-27
0hhwAs05MZk,Ugx_Adoqj7FEpOO8iZ94AaABAg,@Ohgugu_O_O,소파 어디건가요~??☺️,1,2025-11-05
edaiixBq-50,UgzeXN0zybekMKob1dN4AaABAg,@Piglhat,"신혼집 혼수 주방템 3가지👰🏻🤍🤵🏻#공구예고 
최저가 알림 신청은 댓글 남겨주세요!

드디어! 오래 기다려주신 쿠자 쿠도🔪
실리만 조리도구가 돌아왔어요!
두가지 모두 집밥 하면서 너무 잘 쓰는 제품이라
이것만 바꿔줘도 집밥이 훨씬 편해지실거에요☺️

✅1. 쿠자 쿠도 단품/세트 (📌11/13 최저가 오픈)
쿠자는 제가 1년을 사용해보고 올해 초 소개드렸던 제품인데
칼은 단기간 사용해서 좋다고 판단할 수가 없어서
녹이 안생기는지 오래사용해도 부식이 없는지
어떤 재료든 절삭력이 좋은지 
테스트하는데 오래걸렸어요...!🙏🏻

쿠자는 칼 날 부터 손잡이까지 이음새 없는
올스테인리스 소재로 위생적이면서
고급 스테인리스 316 소재로
항공부품해도 사용되는 최고급 소재라
한번 사면 평생 쓰게 되는 칼이에요!

1년반 사용하면서 녹 전혀 없었구요 
한번도 칼날을 갈아주지 않았는데도
절삭력 하나는 끝내줘요..👏🏻

✅2. 실리만 조리도구(📌11/14 최저가 오픈)
실리만 조리도구는 3년째 사용중인데
코팅,스텐,주물 어떤팬에 긁어도 스크래치 없이 
안전하게 사용 가능하고 진한양념에도 강해서 
냄새,색배임 걱정없이 오래 쓸수 있어요!
열탕 소독은 물론 식세기 사용까지!👌🏻
이유식 만들때 사용하는 만큼 소재도 안전해요!
혹시라도 이염이 남아있다면 
햇빛에 하루정도 놓아주면 감쪽같이 사라져요✨

✅3. 일본 이와노 도마 
(수입 제품으로 공구 일정은 아직 미정입니다!)
서브 도마로 쓰려고 샀는데 너무 잘 쓰여서 공유드려요!
색배임,칼자국 걱정 없고 김치,해산물도 OK!
얇아서 보관도 컴팩트한데 가볍기까지 해서
휘뚤마뚤 사용 할 가벼운 서브 도마 찾으신다면 강추 합니다🙏🏻

🔔최저가 알림 신청은 댓글 남겨주세요!",8,2025-11-11
edaiixBq-50,UgzCDQex9OeHDHU8cjZ4AaABAg,@seung8336,ㅋㅋ집에 오는 손님마다 너네집 칼 뭐야? 이렇게 묻는다구요?,11,2025-11-16
edaiixBq-50,Ugxg4kY8j2rKxL3VLfV4AaABAg,@dodobubu9830,3번 알림❤,1,2025-11-13
edaiixBq-50,UgwCdaJQFDUPhc-uNjZ4AaABAg,@각설탕-f9c,3번 알림신청합니다❤,0,2025-11-13
edaiixBq-50,UgwuSLO2z9NlX_1eMNN4AaABAg,@노현정-s9w,3번 도마 알림신청해요❤,0,2025-11-14
edaiixBq-50,Ugxd2BV7Fs800aSrgN14AaABAg,@jihyekim3700,3번 알람신청이요!,0,2025-11-14
edaiixBq-50,UgxugKZbhd8rmbBKAhB4AaABAg,@윤치영-g3c,3번 알람신청합니다~,0,2025-11-12
edaiixBq-50,UgwbPHCbij__SrxwJ-N4AaABAg,@qhf0317,3번 알람이요❤,0,2025-11-12
edaiixBq-50,UgwsAGFrNRSjWnxzp094AaABAg,@셋쇼마루-i3m,3번 알림신청합니다 😊,0,2025-11-14
edaiixBq-50,Ugws9fCP00htlIPkdU94AaABAg,@ppoh_yaht,3번 알림신청❤,0,2025-11-16
edaiixBq-50,UgygBXEHNSnLHmFhDOh4AaABAg,@춘배누나-b1h,"2번째는 사서 쓰는중인데..음..
어두운색 사거나 아님 다른저렴이들 사서 자주 바꾸세용",0,2025-11-11
edaiixBq-50,UgxELb1JHP83guvHk0l4AaABAg,@minjikim3575,3번 알림신청이요!,0,2025-11-13
edaiixBq-50,Ugx2TbGhNkws4DqEJDp4AaABAg,@임지연-p5q,3번 알림신청함돠,0,2025-11-13
edaiixBq-50,UgyG4LF0L6nmvtyhzS94AaABAg,@언제나왕이쁘니,3번 알림신청합니다~,0,2025-11-12
edaiixBq-50,UgwRhYMs10R9m8YE1JR4AaABAg,@이상희-t2h,3번 도마알림신청합니다🎉🎉,0,2025-11-16
edaiixBq-50,Ugxd4tI--Z0MPe9XqPJ4AaABAg,@김규리-u6t,3번도마 알림신청이요❤,0,2025-11-15
edaiixBq-50,UgzXnzb4HqAZBPyYCst4AaABAg,@AhreumShin-o8e6b,끝났을까요오오😂,0,2025-11-25
edaiixBq-50,UgxIdh4zbcV5uBU0YxZ4AaABAg,@빼빼마르소,3번 알람 신청요,0,2025-11-12
edaiixBq-50,UgwnoyBTEU2HIPJ89GV4AaABAg,@지온이화이팅,3번 알림신청이요^^,0,2025-11-14
edaiixBq-50,UgzJAC7QYc-_cyERgvZ4AaABAg,@이건달-f3m,3번 알림신청 !,0,2025-11-16
edaiixBq-50,Ugygm8UZHhy4PJ7aDYV4AaABAg,@인절미미-n5l,2번 3번 알림이요!!,0,2025-11-11
edaiixBq-50,UgxVN-8BUedWruTJGfJ4AaABAg,@큐티의시간,3번 도마요,0,2025-11-14
edaiixBq-50,Ugy8Fn3csvI_iObmm-V4AaABAg,@Djdneuenemek,칼이 붙는 나무함인가요?저 제품은 어떤건가요?궁금합니다!,0,2025-11-12
edaiixBq-50,UgxK8vuYBEZ6bi9lXDF4AaABAg,@신슬기-n8q,3번알람신청입니다! 사진에 나무도마는 공구예정 없으시나요??,0,2025-11-15
edaiixBq-50,Ugx0KrIb6HKpb_V6P654AaABAg,@문혜숙-o8q,3번 도마 알림신청이요|,0,2025-11-15
edaiixBq-50,Ugyo1sHjSqNpqqLr_Wx4AaABAg,@ch3271s2,3번 알림신청해요,0,2025-11-13
edaiixBq-50,UgxcxK2ekos-atqnS254AaABAg,@지영박-c3u,3번 알림신청합니다,0,2025-11-16
edaiixBq-50,UgxDG5omnRj-ARtDqcZ4AaABAg,@하입-v5z,방금 구매했는데 구매인증이벤트는 따로 없는거죠?ㅎ,0,2025-11-14
edaiixBq-50,UgzLW7xTUxTjJOR0slB4AaABAg,@리치리치,3번 알림 신청이요,0,2025-11-16
edaiixBq-50,Ugze1wLCse1MvGQXMRp4AaABAg,@yh8310,3번 알림신청이요,0,2025-11-12
edaiixBq-50,UgynlSR_kZjTw0tSIkF4AaABAg,@Ae-zu5xo,3번 알림요청,0,2025-11-14
edaiixBq-50,UgwAbxj_3qLwS37_RMZ4AaABAg,@톨톨-s8n,1번 3번 알림신청이요!,0,2025-11-11
edaiixBq-50,Ugzmh7Yu562MLqEjkD94AaABAg,@1Akdlzmfrkawk,3번 알림신청이용,0,2025-11-14
edaiixBq-50,UgyLtyqJxGvB5nwPUwF4AaABAg,@원더우먼-d3x,"2번, 3번 알림 신청합니다❤",0,2025-11-17
edaiixBq-50,Ugyraq-7y7DhE21BZPh4AaABAg,@김정은-v8u6x,"1번, 3번 알림이요!",0,2025-11-12
edaiixBq-50,Ugxv4VHA5kaQzIZZVoh4AaABAg,@쪼꼬쪼꼬야,셋다 알람신청❤,0,2025-11-12
edaiixBq-50,UgyM605m0qGJf6GFwNR4AaABAg,@김선미-w9y5p,도마 알림❤❤,0,2025-11-13
edaiixBq-50,Ugyb6aKW5_SeIFriKgR4AaABAg,@정은희-i6g,3번 알림신청요~,0,2025-11-24
edaiixBq-50,Ugzy-yx8ETzS8qWF5Cl4AaABAg,@Jin0P-bo1uh,셋다 알람 신청해요😊,0,2025-11-13
edaiixBq-50,UgyMIv7WS3dqH4-vKIJ4AaABAg,@miyeon7192,"1번, 3번이요~~",0,2025-11-13
edaiixBq-50,Ugy1-HN4GEnKwJrcV2h4AaABAg,@올리브-r6t,3번신청요,0,2025-11-17
edaiixBq-50,UgxK7takH7G4paQ6T514AaABAg,@영이-e5k,"1,3번 알림요~",0,2025-11-26
edaiixBq-50,UgzhTqMKzKvJv3kfOYd4AaABAg,@김미경-z7h,알람신청이요 ❤,0,2025-11-12
edaiixBq-50,UgyCeaODw0UBFMf-Cd14AaABAg,@duwwit,도마 알림 신청,0,2025-11-15
edaiixBq-50,Ugyi9MutAqVvpq8yPrx4AaABAg,@HEYU643,3번 알림🩵,0,2025-11-13
edaiixBq-50,UgxVK5LQW2SRu1r7Qlp4AaABAg,@바질토마토-y5x,3번 도마알림신청합니다,0,2025-11-16
edaiixBq-50,Ugy_LplMxdHfCV5FOcN4AaABAg,@지니-l5j,도마신청합니다,0,2025-11-16
edaiixBq-50,UgxTjsijD8jmw0zSwQh4AaABAg,@해으니-z5f,도마 사이즈를 알수있을까요?,0,2025-11-11
edaiixBq-50,UgzuN2mzuTqhuM_1-zx4AaABAg,@퐁퐁이-r4q,도마신청,0,2025-11-20
edaiixBq-50,UgyPL3jupkEsgF64RVB4AaABAg,@붕믈리에,"1,3번 알림이요!",0,2025-11-11
edaiixBq-50,UgwWAbIMpizHets-fEh4AaABAg,@서은옥-l1j,3번알림요~~,0,2025-11-19
edaiixBq-50,UgwwTLWQ96kHPt-goet4AaABAg,@김태정-r9x,3번알림,0,2025-12-04
edaiixBq-50,Ugzer9efX5JOoyA4LiB4AaABAg,@minsunyeu7220,도마알림이요ㅣ,0,2025-11-16
edaiixBq-50,UgyFCFT4tzOzHnCrdzh4AaABAg,@enukyungkim7164,3번 알림신청,0,2025-11-13
edaiixBq-50,UgxTR1o103lJboNL8Fp4AaABAg,@cozny,쿠자칼세트요!!알림신청드려요,0,2025-11-20
edaiixBq-50,UgwF6lrwLVo9LQcGLyt4AaABAg,@진도리-v8x,알림신청!,0,2025-11-18
edaiixBq-50,Ugwx7UY5tFX62vMMp-d4AaABAg,@jiyunjeong9834,쿠자세트 도마 알림,0,2025-11-30
edaiixBq-50,UgxrsKHkptnh8OMysEh4AaABAg,@정혜정-h4n,3번 도마 알림신청요,0,2025-11-15
edaiixBq-50,UgymRO64VwIjwR34dHd4AaABAg,@bluemountain569,3번 알림이요,0,2025-11-13
edaiixBq-50,UgyoMgsBjzL7x7lr5DB4AaABAg,@효효-u2k,"1,2,3번 알림신청합니당",0,2025-11-25
edaiixBq-50,UgxdTeOIfGGfKHSYIeZ4AaABAg,@behappy0903,1번 2번 알림신청이요😊,0,2025-11-13
edaiixBq-50,UgyCtgpTnncWNIYmIB14AaABAg,@BYSHIN-B,우왁 칼이랑 도마요!!!!,0,2025-11-11
edaiixBq-50,UgzHvY3iYYaTl1u6F754AaABAg,@기역-l9k,도마 알람 신청이요,0,2025-11-11
edaiixBq-50,Ugxq4I6iRVWxpw4UvBB4AaABAg,@hyeonaekim6132,"1,2번 알람 신청이요!",0,2025-11-12
edaiixBq-50,UgzoWACUthbvqVkpbbR4AaABAg,@미주0425,3번,0,2025-11-14
edaiixBq-50,Ugy5vhreF1lu0SA060Z4AaABAg,@star-my7pu,2번 3번 신청,0,2025-11-14
edaiixBq-50,UgwDOtnM8wETmyhPg1h4AaABAg,@나무아이js,3번알림신청해요,0,2025-11-14
edaiixBq-50,UgzNlH1f8DdwBySi7I94AaABAg,@가용-i6q,알림신청할게요!,0,2025-11-11
edaiixBq-50,Ugz8Bp8l47F4RNn3JcF4AaABAg,@김상연-u7m,3번 알림요,0,2025-11-13
edaiixBq-50,Ugx7btq05EYj6oGGVdZ4AaABAg,@연수-k1z,도마 알림신청,0,2025-11-11
edaiixBq-50,UgzvERjUDHSkkfXl-IR4AaABAg,@JEYang-w2q,"2,3번 알림신청합니다",0,2025-11-13
edaiixBq-50,UgyLaphus8fsvrlq40V4AaABAg,@신혜윤-n4b,3번알림신청,0,2025-11-16
edaiixBq-50,Ugxidz21C_NCz1dT9nR4AaABAg,@윤럽-i3i,도마알람신청합니다❤,0,2025-11-16
edaiixBq-50,Ugz4MEDLjrlMpZ2jFYt4AaABAg,@쩡다움,알람신청합니다❤,0,2025-11-12
edaiixBq-50,UgyC0uAXvGorIJye-El4AaABAg,@parusia1027,3번 알림,0,2025-11-13
edaiixBq-50,UgzZUKolml0CDAKCkNd4AaABAg,@김현정-h8t,3번알림이요,0,2025-11-13
edaiixBq-50,UgwuzJjj5dsg7JBwZql4AaABAg,@달큰jj,도마 알림신청해용,0,2025-11-11
edaiixBq-50,UgzTcid2D4l0Al-mtgR4AaABAg,@도연_1208,1번 3번 알림신청 합니다,0,2025-11-12
edaiixBq-50,Ugz-Rr7Bo7HSNv_o7QJ4AaABAg,@마쮸왕,"2,3번 알림신청합니당",0,2025-11-13
edaiixBq-50,UgxaYQ-z8EuNHHoLphh4AaABAg,@곽찬훈-x6m,3개다 알람이용!,0,2025-11-13
edaiixBq-50,UgylU4gCAN8KU096aUR4AaABAg,@김미정-y7m9w,"1, 3번 알림신청합니다.",0,2025-11-12
edaiixBq-50,Ugz3kkHPU3z5HY7obk94AaABAg,@얄리얄리얄라숑얄라리,오,0,2025-11-12
edaiixBq-50,UgzsnUHGTUi-sDqhCSl4AaABAg,@쿰웬지이,1번알람신청합니다,0,2025-12-03
edaiixBq-50,Ugy1_A5_Lrbw0FXR1yR4AaABAg,@이쁨-y4c,"2,3번 알람신청요",0,2025-11-13
edaiixBq-50,UgxzGtbm98rURTzfotp4AaABAg,@kk지혜-z6s,셋다 알림신청합니다~♡,0,2025-11-12
edaiixBq-50,UgwfNP-LSQvhZiTvC-54AaABAg,@곽정미-x4q,3번도마 알림신청요,0,2025-11-18
edaiixBq-50,UgwLBLbMvnaEyDK3mix4AaABAg,@알선자,3번알림요,0,2025-11-11
edaiixBq-50,UgymUjj-gQ6bPINIBgx4AaABAg,@부싼촌넘,다이소에 다 팜.....,0,2025-12-11
edaiixBq-50,UgyhkXSFKlAimRtpL5N4AaABAg,@김영순-h4r,도마알림신청합니다,0,2025-11-11
edaiixBq-50,Ugw14r27JgHU-YsIXfR4AaABAg,@망구식탁,알림신청합니다❤,0,2025-11-11
edaiixBq-50,Ugw7UP-W0g4e75c_8Vx4AaABAg,@zoomin0520,1번 신청합니다,0,2025-11-12
edaiixBq-50,UgwTEJr2LQ38XYqdUMB4AaABAg,@울밤톨이,알람신청🎉🎉🎉🎉🎉🎉🎉🎉,0,2025-11-13
edaiixBq-50,UgwoW-nm3iunTaTYIXJ4AaABAg,@____-bv7xb,알림신청이요 😊,0,2025-11-11
edaiixBq-50,UgytvBHUrVZRwb081sZ4AaABAg,@ssong1334,모두 알람신청합니다!!!!,0,2025-11-11
edaiixBq-50,Ugy52p7DJCcNVw2rN_t4AaABAg,@란김-v9m4y,모두 알람신청합니다~!,0,2025-11-11
edaiixBq-50,Ugxtfah6-Nq80Mc4qBt4AaABAg,@박은경-i1f,알림신청이요 ❤,0,2025-11-15
edaiixBq-50,UgzXpLMrlmSrRwwRLN14AaABAg,@daisy-jc2xe,"1,2,3번 알람이요",0,2025-11-12
edaiixBq-50,UgzAwqZQSZNtfeXnIp54AaABAg,@럭키-l4l,알림신청합니다~!,0,2025-11-11
edaiixBq-50,UgyipzccylbZwGtKQWh4AaABAg,@HeeryungYu,1번 2번 알림신청합니다,0,2025-11-13
edaiixBq-50,UgzIHpqKoJoqjEUjjpl4AaABAg,@송미애-p3z,셋다 알람신청합니다,0,2025-11-12
i8TF5jQfTkk,UgxdgYacPRb2CFAK2Ad4AaABAg,@dyom.y,"✅카카오톡 채널 [됴미] 검색 후 친구추가하시면 
공구 오픈날 구매링크 보내드려요! 🫶🏻 

⭐️⭐️⭐️ 제 댓글 아래 말고 영상에 그냥 남겨주시면되어요. 제 댓글 아래는 누락될 가능 성 있어요ㅠㅠ

1️⃣316TI 핀일로 고메팟 📌8/25최저가 오픈
저의 첫사랑같은 냄비 핀일로 😍
됴미식탁 많이 좋아해주시는데 저희집 요리의 8할은
바로 이 고메라인이 담당하고 있어요.ㅎㅎ
여러냄비 쓸 필요없이 딱 이 라인만 있어도 왠만한 요리 다 커버됩니다. 
최고급 스텐소재 316TI 에 자그마치 통5중인데,
국내생산이라 가격에 거품이 없고, 믿을 수 있어요. 
발암물질 0% 무독성 연마제를 사용해
보다 안심하고 사용할 수 있는 것도 장점 ! 

2️⃣프리파라 브루클린 프레시매니저 📌9/23일 최저가 오픈
정말 말그대로 돌고돌아 정착한 저의 인생밀폐용기!
다시 신혼으로 돌아간다면 ㅎㅎ
알록달록 밀폐용기 안쓸거구요 무조건 이거 씁니다!
식세기/전자렌지/열탕소독 모두 OK 날개없어 열고닫기 너무 편하고 
밀폐력까지 짱짱해요. 
1차 이후 문의 정말 많이 주셨는데 드디어 돌아왔어요.
선착순 이벤트있으니 알림 필수입니다! 

3️⃣실리만 실리콘 조리도구 
작년 6월에 내돈내산 구매해서 아직까지 잘 쓰고 있는 조리도구!
1년넘게 거의 매일 사용했는데
변형없이 새것처럼 튼튼해요 ㅎㅎ
유명한 ㅇㅂㅅㄹ 조리도구도 같이 쓰고 있는데,
물론 좋긴 하지만 원목이라 까슬거리고 
식세기 못돌리는 점이 조금 아쉽더라구요.
실리만은 식세기 완전가능 ! 
세척이 편하니 손이 더 자주가요 ㅎㅎ",50,2024-09-19
i8TF5jQfTkk,Ugyo86Rct9iIw2HkOxR4AaABAg,@완두빵-q2e,1번 공구원해용,5,2025-03-12
i8TF5jQfTkk,UgxlRscdaG5D6Us6xQp4AaABAg,@무니요요,이런 팟캐스트 넘 좋아요 ㅎㅎ,0,2026-06-10
i8TF5jQfTkk,UgwvfJfft4_WqewnZbR4AaABAg,@딱지-123,"그래도 스텐이 최곱니다
저도 트라이탄 밀폐용기 쓰고 있지만 냉장고에서 가장 신선도가 높은건 스텐316밀폐용기가 최곱니다",45,2024-10-10
i8TF5jQfTkk,UgxC4jka07PTkLLXg9B4AaABAg,@내써리뷰,"천재적인 발상! 👍
상상력 최고네요! 👏",1,2025-07-30
i8TF5jQfTkk,UgzGPEKXc8Yfm9Zz82d4AaABAg,@양정희-y6j,구매했어용~기대됩니다^^,0,2024-12-26
i8TF5jQfTkk,UgyPU2pdcuuYpRl6i8R4AaABAg,@최강미-q9w,저도  알림신청합니다 ^^  넘이쁘고  요리도잘되네요 ~❤,1,2024-11-15
i8TF5jQfTkk,UgwX2PK0XqkBHYskaZh4AaABAg,@해방냥D,3번 실리만 조리도구 알림 신청해요😊,0,2024-09-23
i8TF5jQfTkk,UgzPVu5sQsAeHqIJ4tB4AaABAg,@sue_6342,3번 알람신청이요~,0,2024-11-22
i8TF5jQfTkk,UgwxwXGjLGqy99mPZZR4AaABAg,@이성희-m9k6q,알람 신청합니다 ~❤,0,2025-02-12
i8TF5jQfTkk,UgzJkgGoV7BjW0Pansp4AaABAg,@tyuiop-i1q,"새 손잡이 뚜껑, 이뿐데 스팀홀이 없어서 내용물이 식으면 냄비와 뚜껑이 붙어서 뚜껑이 안 열림, 뚜껑을 뜨거운 상태로 싱크대 놓으면 뚜껑이 싱크대와 한몸되어 안 떨어지니 잘  사용해야함",2,2026-02-14
i8TF5jQfTkk,UgyK1kzFkcS4rhdp6jF4AaABAg,@거창사과-w8o,넘 이쁘네요~,0,2025-02-20
i8TF5jQfTkk,UgwA4FVaLcyrJL3e8Z14AaABAg,@아몬드-z6m,"1,3번 알람 신청합니다",1,2024-09-23
i8TF5jQfTkk,UgxxNMTp7IDypBMFJO14AaABAg,@김영희-f3e,1번3번 신청요 ❤😂🎉,0,2024-09-21
i8TF5jQfTkk,Ugzew5eVTVROiRUwOQ54AaABAg,@전금주에,3번 알람신청합니다,0,2024-10-02
i8TF5jQfTkk,Ugy2QsGGpYvqkwyabH54AaABAg,@콩딱-f2w,3번 알림신청 합니다 ~,0,2024-10-04
i8TF5jQfTkk,UgytYRo8fkHPwwmIeu54AaABAg,@아자아자-w8i,"드디어 ㅋ
ㅎㅎ 알림신청합니다",0,2024-09-23
i8TF5jQfTkk,Ugz38l-sSeUxmiQFeHF4AaABAg,@유쁘-s1p,3번 알림신청합니다~,0,2024-10-01
i8TF5jQfTkk,UgwN1HQNPB04EnW6Kq14AaABAg,@YM-ee1gn,3번. 알림신청합니다~,0,2024-10-18
i8TF5jQfTkk,UgzOx2tWMrf36XCskQR4AaABAg,@배고픈여우-p7k,"1번,3번 알림신청합니다!!",0,2024-09-23
i8TF5jQfTkk,UgwjHySt2DjzrOBrQ8d4AaABAg,@로제정,3번 신청합니다,0,2024-09-23
i8TF5jQfTkk,UgwM-fYTBv6rR6jKsVB4AaABAg,@박진숙-z2u,궁금한게 있는데요.반찬통은 플라스틱인데 반찬 냄새나 물듬은 없는지요?,2,2024-10-17
i8TF5jQfTkk,UgwhPfQl81izhy5dCKh4AaABAg,@신은비-i2h,3번 알림신청❤,0,2024-10-01
i8TF5jQfTkk,UgxxadRdvW3pPI5vHLB4AaABAg,@ejjji-f6n,법랑 냄비 넘 이뻐요 어디꺼인지 알 수 있을까요~!,0,2025-05-04
i8TF5jQfTkk,UgyKiavdJfHXOers9Rx4AaABAg,@해피블루-s9m,"2,3번 알림신청합니다^^",0,2024-12-22
i8TF5jQfTkk,UgwN78eheWJUi1hM8_14AaABAg,@Siah-c1c,1번   신청합니다. 😮,0,2024-10-26
i8TF5jQfTkk,UgxFeMWQO0zZt3D2JbJ4AaABAg,@yeon4103,알람 신청합니다😊,0,2024-10-04
i8TF5jQfTkk,UgyfCMlmhkmfdzS0ljp4AaABAg,@faithppp,3번 알림신청합니다,0,2024-09-25
i8TF5jQfTkk,UgxreQRP012GiK1RkN94AaABAg,@Dmzidzid,3개 모두 알람신청합니다!,0,2024-11-27
i8TF5jQfTkk,Ugy1hF4JGnTS77PCsZp4AaABAg,@bomirang,1번 신청합니다. 예뻐요.,0,2024-09-26
i8TF5jQfTkk,Ugy1qsCR-l6XuqOmUQh4AaABAg,@EGIokdong,1번 알림요청합니다😂,0,2024-09-26
i8TF5jQfTkk,Ugz4hq5ZFLwzHZ9Izlt4AaABAg,@papoi5176,3번 알람신청요,0,2024-10-10
i8TF5jQfTkk,UgwJjEKn1xSw01ZNB0N4AaABAg,@Pwzudy,전부다 알림신청합니다 ~😊,0,2025-01-25
i8TF5jQfTkk,UgxYtvM0pZR0su8HP5t4AaABAg,@이소희-g1f,3개 모두 알림 신청할게요❤,0,2024-10-22
i8TF5jQfTkk,UgxCSlVrOPrg3QCuwnN4AaABAg,@장희정-m6d,3번 알람신청,0,2024-10-05
i8TF5jQfTkk,Ugybpd_Rv7ei7qKc9I54AaABAg,@모카럽-x6w,알림신청요 마지막 화면 큰정사각브런치팬 어디껀가오?,0,2025-01-23
i8TF5jQfTkk,Ugztfb4mKfSK99vL2o14AaABAg,@Rj-ej5iy,"1,3번 알람신청합니다~~ㅎㅎ",0,2024-09-21
i8TF5jQfTkk,UgzoaiBJJTk-kSeB9PN4AaABAg,@jykfree,알림요청합니다 ❤,2,2025-03-15
i8TF5jQfTkk,Ugy1P6asqxmJN6zkuV54AaABAg,@나는나-y5x,1번 기다릴께용,0,2024-11-25
i8TF5jQfTkk,UgwYS1ZZcbpgns0M9u94AaABAg,@쓰는살림,장바구니 바로 담았습니당 ㅋㅋ,0,2026-02-13
i8TF5jQfTkk,Ugz2YWh0WkEVQP0UM5V4AaABAg,@쩨쩨이-m3k,3번 알림신청이요,0,2024-09-23
i8TF5jQfTkk,Ugz-xdUCi1c9gnUzD9F4AaABAg,@윤슬-d9c,3번 알림신청이요.,0,2024-09-25
i8TF5jQfTkk,UgyUTQZs57lKcY1MZ2V4AaABAg,@최현희-b5e,"1번, 3번 신청합니다.",0,2024-11-20
i8TF5jQfTkk,UgxWVMA9_U28gD4ePa94AaABAg,@이윤교-v2x,1번 알림 신청해요!!❤,0,2024-09-24
i8TF5jQfTkk,UgwfJnmvIxlTmfg5spJ4AaABAg,@윤희박-w7v,실리만 조리도구 알림이요 ❤,0,2024-12-04
i8TF5jQfTkk,UgwmjvsQbgm2yEgQt3R4AaABAg,@yk9372,"1,3번 알람 신청 합니다~",0,2024-09-22
i8TF5jQfTkk,UgzQZvI-owuuKIsoHZ54AaABAg,@미륵-n1e,고메팟 조리 중에 들러붙지 않나요?,0,2025-04-07
i8TF5jQfTkk,UgxNWWAWif6-UESW_sN4AaABAg,@최윤이-f9b,3번 씰리만 조리도구 알림 부탁!!,0,2024-09-22
i8TF5jQfTkk,UgxkDBnHh6KZ6DNQKMV4AaABAg,@선영-o9l,1번.3번 알림신청이요~❤,0,2024-09-24
i8TF5jQfTkk,UgyBQREn3znC1Pgro6x4AaABAg,@구찌-f6v,계란말이 팬 정보 알수 있나요?,2,2024-09-23
i8TF5jQfTkk,UgxNqHSVUCrcu3zfcQV4AaABAg,@희얌-b5b,"핀일로 구매완료입니당^^
넘 기대되네요 ~~~",0,2024-10-07
i8TF5jQfTkk,UgyZhFulQqGyFJK2t2F4AaABAg,@원지영-n8c,"1번 핀일로 고메팟,
3번 실리만 조리도구
알람신청이요~",0,2024-09-23
i8TF5jQfTkk,UgyXs6C-9ZNKLibrDUJ4AaABAg,@kkocknimchoi8884,"조리도구 카레나 김치 물들진
않나요?",1,2025-01-10
i8TF5jQfTkk,Ugxr2Bf5D655TH15a3J4AaABAg,@예원에서,1번 2번 알람 신청합니다 ⏰,0,2024-12-08
i8TF5jQfTkk,UgyNsARNIY1RQNxmhUV4AaABAg,@reden-s,1번 3번 알림 신청이요^^,0,2024-09-23
i8TF5jQfTkk,Ugz4agsWPFChB26x1_54AaABAg,@김영미-e3s9i,1번 알림신청이요~~,0,2024-09-23
i8TF5jQfTkk,Ugy2uqTS2IWIrfsEHPl4AaABAg,@Grace-d1q7v,1번 알람신청해요❤,0,2024-09-22
i8TF5jQfTkk,UgwjII8ogelm9x4UiaR4AaABAg,@나도-f9g,2번 3번 알람 신청합니다~,0,2024-09-21
i8TF5jQfTkk,Ugw5CCTgAoiA7ZBCKUp4AaABAg,@DH-hs8vl,1번 알람신청 합니다..,0,2024-09-27
i8TF5jQfTkk,UgxFQzGFSJaVu_brdn14AaABAg,@굿데이-t3g,알람신청이요!! 스텐냄비 모두요~,0,2024-11-01
i8TF5jQfTkk,UgwaERvoaHjCnUJqz-N4AaABAg,@hjlee-lg4dp,신청합니다!,0,2024-11-28
i8TF5jQfTkk,UgxjkgulC_j6xPindeJ4AaABAg,@Kkm-n9i,1번 알림 신청 합니다!!,0,2024-09-27
i8TF5jQfTkk,Ugx21RP3SUaK9kXyvDR4AaABAg,@하이이이-b7g,3번 알림이용,0,2024-10-04
i8TF5jQfTkk,Ugz7Nhx6rP4_jPFdeEt4AaABAg,@화이팅-k2d,주문했어요,0,2024-12-26
i8TF5jQfTkk,UgyeLcwHZ-NlX_nC-7N4AaABAg,@한숙조-f9v,3개모두 알림신청합니다❤,0,2024-10-27
i8TF5jQfTkk,UgxBui3aQCJ2DgR4Pux4AaABAg,@K나비-k7m,알람 신청합니다 ~~~,0,2024-09-21
i8TF5jQfTkk,UgwV2iIE-yn3R8tc9t54AaABAg,@둥이맘v,알람 신청합니다,0,2024-09-23
i8TF5jQfTkk,UgxXIIzdQTlh-4oP2ch4AaABAg,@구찌-f6v,1번 3번 알람신청요,0,2024-09-23
i8TF5jQfTkk,Ugz67ur2_XbxyTBn2Bx4AaABAg,@라일락향기-d2h,"1번,2번 알람 신청 합니다",0,2024-11-10
i8TF5jQfTkk,UgyT14D6G7-Hfrw0eq54AaABAg,@spendfairy_jj,1번 3번 공구 알림신청합니다😊,0,2024-11-25
i8TF5jQfTkk,Ugwj6qjTspcKJBuNlJl4AaABAg,@수수꽃다리123,1번  알림 신청합니다❤,0,2024-11-10
i8TF5jQfTkk,Ugy32i4T0wR5MhYG9194AaABAg,@Psyche-y2m,"1,2번 알람 신청합니다~",0,2024-09-26
i8TF5jQfTkk,Ugx1rAsZNR_MyTD-Pm94AaABAg,@yunikj37,2번 3번 알림신청이요~♡,0,2024-10-09
i8TF5jQfTkk,UgzXB88Sh-Q71uhRcKF4AaABAg,@띠로리-c6d,2번 알림 신청합니당 : ),0,2024-10-11
i8TF5jQfTkk,UgzMdRAoSPn2EHIYVgl4AaABAg,@jooyoungkim511,1번 알람신청 합니다~~,0,2024-09-22
i8TF5jQfTkk,Ugx7kCj6ZYFi_ckv1Lh4AaABAg,@이미녕-r3y,1번 꼭❤,0,2025-08-10
i8TF5jQfTkk,UgwTVTiQ5olA2ziqSzd4AaABAg,@앙녀-w5t,"1번 2번 알람 요청합니다 
특히 1번 꼭 갖고싶어요",0,2024-12-08
i8TF5jQfTkk,UgzIUbMbPR3nFqiFPW14AaABAg,@박미해-n4u,2번 공구 알람신청합니다,0,2024-12-21
i8TF5jQfTkk,UgzxYzlG24qtqtXx3Xt4AaABAg,@thyme3621,1번 공구신청합니다 !!,0,2024-09-29
i8TF5jQfTkk,UgwJj0Z0cWM3_mDUS5p4AaABAg,@nurihan4204,1.3번 알람신청 합니다,0,2024-09-24
i8TF5jQfTkk,UgzETRcWHCvd5NgbzG94AaABAg,@안순교-r4f,2.3번 신청요,0,2024-11-14
i8TF5jQfTkk,Ugwh8d23XfYcRCEOXsF4AaABAg,@standingblue,핀일로 공구 기다립니다😊,0,2024-12-02
i8TF5jQfTkk,Ugwsg4MsFoI1S9_We6B4AaABAg,@퀸이글,플라스틴.실리콘은 가급적 쓰지마세요,0,2026-06-04
i8TF5jQfTkk,UgxUhxo84NV5MobCKv94AaABAg,@Rachelkim1119,전부 알림신청합니다!!!,0,2024-10-02
i8TF5jQfTkk,Ugy5M4SUBL_39_Hxb054AaABAg,@taeyule3893,후라이팬 추천 좀 해주세요 가스불용으로요,0,2025-01-17
i8TF5jQfTkk,UgzOe9SIoN0CEi32eAx4AaABAg,@melodys7170,몽땅 알림신청 합니다😢,0,2025-02-23
i8TF5jQfTkk,UgxigU_gl_gvsRrfnOl4AaABAg,@Black-q9h3w,1.2번 알람신청해요 ❤,0,2025-05-17
i8TF5jQfTkk,UgwyWPFvP5-ACA-Sztd4AaABAg,@선우정윤,1번3번 공구알림이용😊,0,2024-12-21
i8TF5jQfTkk,UgxhMOztJGFXStn7gWV4AaABAg,@Black-q9h3w,1번2번 알람신청요😊,0,2024-09-21
i8TF5jQfTkk,UgyF59TESjIEz7aUDBF4AaABAg,@miyeonchoi3060,다음번 공구 1.3 알람신청요~,0,2025-02-21
i8TF5jQfTkk,UgwR1kgSrAYppmlcnmF4AaABAg,@SSON_TV,알람 신청합니다 ❤,3,2025-01-12
i8TF5jQfTkk,UgwXwysw6fpltQal8bV4AaABAg,@엘지-z3h,알람신청함다,0,2024-09-22
i8TF5jQfTkk,UgxDwy_HH3kDN9Lx8rx4AaABAg,@정수미-z4r,1번알람신청합니다❤,1,2024-09-22
i8TF5jQfTkk,UgyV8ngHM7UF5N8rSYl4AaABAg,@정진희-k2s,3개 모두 신청합니다,0,2024-12-02
i8TF5jQfTkk,UgyKcnmOlzYHqg0wD514AaABAg,@미술관에간사자,1번 알림신청할게요~,0,2024-09-22
i8TF5jQfTkk,UgwhM6UM14IKu67C4N14AaABAg,@메리는귀여워,알림 신청합니다😊😊😊,0,2025-08-22
i8TF5jQfTkk,UgwH8ifLCiN_JDEiJbV4AaABAg,@아이비-n2y,❤,0,2025-02-19
i8TF5jQfTkk,UgzDGxv7K5QkiSUit0d4AaABAg,@행복바라기-s5m,1번 3번 알람신청합니다.,0,2024-09-28
i8TF5jQfTkk,UgzCk3iUVH-iX_G0wdd4AaABAg,@강지현-l9i,1번. 2번 알람 신청합니다,0,2024-11-25
i8TF5jQfTkk,UgxYxlRzjhKFga5VXV54AaABAg,@김정-q4k,알람신청할께요^^,0,2024-09-22
N4MGzIP_OH0,UgxTyvT-AoMWgMn7Wyt4AaABAg,@Lulu-c7r2b,전자렌지 사용할때마다 불편하겠어요,10,2026-02-01
N4MGzIP_OH0,UgyFFbpNqn2vDkQXbHV4AaABAg,@미쁘다-o2u,요즘에는 냉장고장 짜는거 좀 촌스러움,2,2026-05-28
N4MGzIP_OH0,Ugzm9Ss7o9w-onX8Kcp4AaABAg,@my_ggultem,좋아요,0,2026-05-26
N4MGzIP_OH0,Ugx4uVmHCDiXKfsd5yB4AaABAg,@kongkong9650,냉장고색이랑 주방 상하부장 필름 색은 뭘로 하셨을까요??,1,2026-01-11
N4MGzIP_OH0,UgycrGJUq_czdwzeIad4AaABAg,@한주희-b5o,식기세척기 무슨 색상 인가여?,0,2026-01-23
ThYR6eW8raA,Ugyf0_6PiPq8lYCad694AaABAg,@haedalhome,"매일 매일쓰는 주방살림 추천템 5가지🧼🫧
없으면 안되는 살림템들 소개드려요🫶🏻

✅ 비스비바 클라드 렌지가드
요리할때 사방으로 튀는 양념들 다 막아주고
이염은 물티슈나 행주로도 쓱쓱 진짜 쉽게 지워져요✨
디자인도 깔끔해서 저희집은 항상 올려두고 사용중이예요.

✅ [공구] JVR 올스텐 미니멀 식기건조대
📌 공구 마감했습니다
바스켓과 슬라이드랙 분리, 결합이 가능해서
수납,세척, 건조 다양하게 활용할 수 있어요🫧
특히 식기세척기가 있거나 좁은 주방에 추천드려요.

✅ 하뮤 원터치 쌀통
원하는 만큼 버튼을 눌러 계량컵에 쌀을 담을 수 있고
그대로 세척까지 가능해 훨씬 편리해요🥣
제습제 넣는 공간도 있어 습기 관리도 가능해요!

✅ [공구] 실리만 조리도구세트
📌공구 마감했습니다
어떤 쿡웨어든 스크레치 걱정없이 마음 편히 사용할 수 있고,
진한이염도 열탕소독과 햇빛건조를 
반복하면 사용하면서 자연스럽게 옅어져요✨

✅ [공구] 트루쿡 감성 세라믹 쿡웨어
📌 최저가 8차 공구오픈(4/15~4/21) 
📌 구매는 해달홈 프로필 클릭>커뮤니티 클릭해주세요세라믹 코팅이라 안전하고,
음식이 눌러붙지않아 쉽게 요리할 수 있어요🍳
다양한 열원과 식기세척기 사용 가능해요🧽

-
🔔 알림신청 : 본 영상 댓글로 '원하시는 제품명+알림' 작성해주시면 오픈시 대댓글로 알림드릴게요
📍 구매방법 : 공구 오픈 후 [ 해달홈 프로필 클릭 > '커뮤니티' 링크 클릭] 해주세요",30,2024-04-10
ThYR6eW8raA,UgyWWJbXbhhV7llF-aJ4AaABAg,@youngsunshin4264,"세라믹 코팅 안전하지 않아요~
저도 그런줄 알고 샀는데 그냥 코팅팬 그이상도 이하도 아님. 다른 코팅팬에 비해 잘 들러붙음. 안전한걸 원하면 스텐팬 써야됨.",17,2024-06-08
ThYR6eW8raA,UgzbRp5qXRHOZJwJmZd4AaABAg,@김삐까-o5c,바로 벽닦는게 낫다는 분들이 계셔서 써봐요 벽닦는 수고보다 가드닦는 수고가 덜한데 특히나 임신했을때 벽에 손닿는게 힘들어서 산거라 이후로도 잘쓰는중 특히 벽이 약간 울퉁불퉁한 주방은 더 좋음,80,2024-04-16
ThYR6eW8raA,Ugy3eaJiCgF-7fYYCjh4AaABAg,@snj2429,와 진짜 내가 좋아하는 톤은 주방이네요ㅜㅜ아이보리 너무 예뻐요...,3,2024-06-09
ThYR6eW8raA,UgyAouytqIu9jq759S94AaABAg,@kong_shoppingcart,주방템은 이것저것 다 사고싶다...,0,2026-04-15
ThYR6eW8raA,UgziMExUj9qMJIIG9L54AaABAg,@킹-p9d,쌀 보관함은 쌀을 실온에 보관할 수 있을 때만 사용가능한가요? 저는 쌀을 실온에 보관하면 곰팡이가 폈었어요,4,2024-05-20
ThYR6eW8raA,Ugx96qrxyHypbcum_ch4AaABAg,@뭐필요하슈,양념 튀는 거 정말 스트레스인데 좋아 보여요! 꿀템 추천 감사합니다~❤,0,2025-09-06
ThYR6eW8raA,UgygDn1yvP1_QZhi8md4AaABAg,@최은정-p5n9p,저 쌀통 나도쓰는데 이쁘고 편리함,3,2024-04-25
ThYR6eW8raA,Ugzhb4rCRw4lKBWw-JB4AaABAg,@jjeongtem,다 사고싶은 꿈템들이네요!,0,2025-09-23
ThYR6eW8raA,UgyI0COFglEpetko_BF4AaABAg,@이플-j5r,렌지가드 필수라고 생각해요. 워킹맘은 아이들이 요리 해먹고 난뒤 바로! 닦을수가 없어요. 저녁에 퇴근해서 닦을 수밖에 없어서 렌지가드는 필수라고 생각해요. 잘 안 지워지는 기름때는 손소독제나 알콜스왑으로도 닦이더라고요.,24,2024-04-21
ThYR6eW8raA,UgzkxY0hbBbJnt29ia94AaABAg,@살림감자-p6d8s,주방이 너무예쁘네요~~~,0,2025-10-17
ThYR6eW8raA,UgzuQo3iNS4UQIYsf8V4AaABAg,@장순실-d4n,"JVR식기건조대,렌지가드
알림요청합니다~^^",2,2024-04-23
ThYR6eW8raA,UgwgOkxPvgoIwrIbfI94AaABAg,@럭키새븐,일단 주방이 너무 이뻐요 ㅠ 식기건조대는 확실히 녹방지가 좋더라고요 녹 스는거 보면 짜증 왕창...,0,2025-03-05
ThYR6eW8raA,UgyRfNS22C6jzUdapn14AaABAg,@조유진-h2h,"앞으로 계획된 공구 알림신청요~~
저한테 필요한 것이 몇개 있네요...",0,2024-05-17
ThYR6eW8raA,UgwuRU4xv7kk1OHuK5F4AaABAg,@songkeyStudio,"살림꿀팁 감사합니다.영상 분위기가 너무좋아요🐾💙 
살림먹푸랑 친구해요🐻‍❄️❤❤",0,2025-09-16
ThYR6eW8raA,UgxJvYYkYjmrrH8rCfN4AaABAg,@해내리-w4b,식기건조대 알람신청해요,2,2024-07-11
ThYR6eW8raA,Ugxtv_73fdq6NeagYWp4AaABAg,@승아-s9j,안녕하세요! 칼이랑 가위 보관함은 어떤 제품인가요?,0,2024-07-17
ThYR6eW8raA,UgxdQegfTrnYmYA8gQJ4AaABAg,@쓰는살림,쌀통에 진공 기능도 있을지 궁금하네여,0,2026-01-16
ThYR6eW8raA,UgzKyCGxXQqD8eVXMPV4AaABAg,@라미-u6vv,행주는 어떤거 사용하세요?😮,0,2025-02-08
ThYR6eW8raA,UgzUwdh4x0t1baLk5Kt4AaABAg,@잘살자-l6g,쌀통 넘 좋아요 저도 사용한지 1년 됐어요~,0,2025-08-29
ThYR6eW8raA,UgwS4YKpTkcXdQiZH-V4AaABAg,@홍미라-b5l,쌀통 혹시 쌀 나오는곳이 완전밀폐 되나여? 틈이 있나여? 완전 밀폐되는 제품이 사고 싶어서여.,0,2024-05-17
ThYR6eW8raA,Ugx9WLqePncxq-zF-wF4AaABAg,@배집사-n8q,인덕션 위에 가드는 먼가요,0,2024-04-16
ThYR6eW8raA,UgyegRo4HA9U_kuSpeh4AaABAg,@easyhome_pick1,필요템이네요^^,0,2026-04-23
ThYR6eW8raA,UgwTS2I2IU0q2fcSIbd4AaABAg,@슝-j7l,렌지가드 알림요청❤,1,2024-04-22
ThYR6eW8raA,UgxXSHoGrXeBr4RH1Rd4AaABAg,@하루-d1i2j,"혹시
한참전 구매한
인덕션패드
색상이 변했는데
원상복구 가능할까여?",0,2025-03-18
ThYR6eW8raA,Ugy4LpIFK4LxMEwmRRx4AaABAg,@비비안-t8s,렌지 가드 알람 신청,1,2024-06-12
ThYR6eW8raA,UgzGBn5A_dADNelTUyh4AaABAg,@759봄,렌지가드 알람신청합니다,1,2024-04-17
ThYR6eW8raA,UgyvKv6caXNkJiSYpKx4AaABAg,@오로라-v2w,실리만 조리도구세트 알림이요😊,0,2024-05-23
ThYR6eW8raA,UgymgPEBSxIun3x8aZx4AaABAg,@entj9350,"실리콘 조리도구는 그냥 검정색으로 사는게
정신건강에 이롭습니다. 저도 흰색쳐돌이인데 실리콘 조리도구는 검정색임. 흰색 여러 번 샀다가 햇빛에 건조하는 것도 이젠 화딱지남.",0,2025-02-15
ThYR6eW8raA,UgzApYc-fWqH4A-OUd94AaABAg,@snj2429,실리만 조리도구세트 알림이요❤,0,2024-06-09
ThYR6eW8raA,Ugwj_NC3CY50tgnF-wJ4AaABAg,@민선-x5o,"렌지가드, 실리콘조리도구세트,
알람신청",2,2024-04-17
ThYR6eW8raA,UgzBxUWDuDpA3WnH7L14AaABAg,@이희연-y6w,비스비바 클라드 렌지가드^^알림신청합니다~,0,2024-12-17
ThYR6eW8raA,UgwRa1K__dSOMbA_jj54AaABAg,@홍곤듀,트루쿡 쿡웨어 알림이요~~,0,2024-06-07
ThYR6eW8raA,Ugx2Yy85BTlT6WCyi694AaABAg,@friday6136,"렌지가드, 실리만, 식기건조대 알림 신청이요",0,2024-05-27
ThYR6eW8raA,UgyFIJi4G9tYtqpvpgR4AaABAg,@ryankim33,렌지가드 구매처와 사이즈 좀 알수 있을까요?,0,2024-12-03
ThYR6eW8raA,Ugzx_GJn2-9i3iAA3aV4AaABAg,@hyegyeong2,렌지가드 공구 계획있으실까요~?,0,2024-09-19
ThYR6eW8raA,Ugy77ohZr_mylqzVPeh4AaABAg,@브롱-m3l,인덕션 위에 덮개 정보 알수 있을까요,3,2024-04-15
ThYR6eW8raA,UgzdQgvDQv-3q-x3trh4AaABAg,@쩡2-t2r,올스텐 식기건조대요~알림신청해봅니다~,0,2024-05-18
ThYR6eW8raA,Ugy9I56Q7bXHgnl_1HJ4AaABAg,@질척벨벳,렌지가드 조리도구 알림 신청합니다,0,2024-05-01
ThYR6eW8raA,UgxdHOpRGdAP7PJItBt4AaABAg,@siasia8296,ㅁㅣ니멀 식기건조대 알림신청해요~~,0,2024-04-29
ThYR6eW8raA,UgwqUR--Og2vrNlkMRx4AaABAg,@이쁜여우-k9k,렌지가드 지금은 구입못하는걸까요?,0,2024-05-27
ThYR6eW8raA,Ugzn8EliutbG__J1Y4p4AaABAg,@Yyyyyy012-z2k,쌀에까만거 벌레인가요?,0,2024-05-16
ThYR6eW8raA,UgxX9eDsRgVFa9DVift4AaABAg,@saraha-u7q,비스비바 클라드 렌지가드 + 알림신청,0,2024-05-01
ThYR6eW8raA,UgwJwkJQOX5026kK7TB4AaABAg,@미니멀라잎-s1d,쌀통 링크 좀 부탁드려요,0,2025-11-08
ThYR6eW8raA,UgzK5F-HhhDzeUm7Nm54AaABAg,@아자아자-h9u,렌지가드 알람신청 합니다,0,2025-03-02
ThYR6eW8raA,Ugzv4OKDikzgvs0I2SZ4AaABAg,@한윤자-c4l,렌지가드.식기건조대 알람신청이요,0,2024-07-16
ThYR6eW8raA,UgwXueyeqsVbhIBULh14AaABAg,@김유리-d6p,미니멀 식기건조대 알람신청요,0,2026-04-08
ThYR6eW8raA,UgzU17hOEcwMawVuOQN4AaABAg,@진영-j6u,렌지가드 알림신청 합니다.,0,2024-04-15
ThYR6eW8raA,Ugzxvh-bp9pfa_XkpfF4AaABAg,@문프로-x9v,랜지가드 알람신청,0,2024-06-11
ThYR6eW8raA,UgzzppamCKdINgDiAcx4AaABAg,@채정민-r5k,"렌지가드,쿡웨어 공구알림 신청합니다",0,2024-06-07
ThYR6eW8raA,UgxZ1OcshpbHqawaZLB4AaABAg,@찡이-g7c,쌀통알림신청이요,0,2025-12-11
ThYR6eW8raA,UgyWHJUrrU2wKmn9r2l4AaABAg,@janeh2607,식기건조대 가격도 그렇고 사이즈도 그렇고 식기보다는 컵건조사이즈임..,0,2024-09-15
ThYR6eW8raA,Ugwvag5QH5L7BiVgWfZ4AaABAg,@kyunga_closet,JVR미니멀식기건조대 알림 신청합니다,0,2024-05-24
ThYR6eW8raA,UgzXJlLKryqe_EA4N494AaABAg,@긍정적인삶-l7q,렌지가드 쿡웨어 알림 신청해요,0,2024-06-12
ThYR6eW8raA,UgxMKEdPJNn_yOSCzUp4AaABAg,@onew.b,렌지가드 알림주세요 😊,0,2024-04-12
ThYR6eW8raA,UgxfWYruIJveI4PEkDZ4AaABAg,@이용화-r8u,"JVR식기건조대.렌지가드.실리만조리세트
알람신청합니다",0,2024-05-26
ThYR6eW8raA,Ugw7fB7yRxK-GXaOdqp4AaABAg,@윤슬-u4g1u,알림~~❤,0,2024-06-07
ThYR6eW8raA,Ugygvqf6Mb-haJsAFd54AaABAg,@메롱이-s4c,"렌지가드
조리도구세트
알림신청",3,2024-04-14
ThYR6eW8raA,Ugx9cTo4ILOKDOooufR4AaABAg,@love-jc,렌지가드 알림요청,0,2024-05-27
ThYR6eW8raA,UgwvCIlB2D4K8RcrNb14AaABAg,@ittsmeyun,렌지가드 알림신청,0,2024-05-24
ThYR6eW8raA,UgyySuA4Kojh86MaoAZ4AaABAg,@김건희-k7i,"인덕션위에 올린 매트 어디껀가요?
인덕션아닌가요?
인덕션위에올리면 불이붙던데ㅠ",0,2024-04-16
ThYR6eW8raA,UgxXsaLhEgEiH8NWrv54AaABAg,@livingharu,부엌에 조을듯,0,2025-09-12
ThYR6eW8raA,UgxKh18PRKq4-0Z5ze54AaABAg,@jisookson3428,"렌지가드, 실리만 조리도구 알림신청요",0,2024-05-23
ThYR6eW8raA,UgwNyPsD_Ih9jOI891J4AaABAg,@진콩-v3g,세라믹쿡웨어  비스바바클라드렌지가드 공구 알림요,0,2024-04-13
ThYR6eW8raA,UgxHY30a-UgevGNruMx4AaABAg,@미경김-r7d,렌지가드 알림신청요,0,2025-01-13
ThYR6eW8raA,UgxA4oEkh_iR-TWoIml4AaABAg,@Diana2-m2t,조리도구세트 알람신청 합니다.,0,2024-05-30
ThYR6eW8raA,UgxFFTunaF0teiB8QRJ4AaABAg,@모모-l9t,모두 다 알림신청합니다,0,2024-05-10
ThYR6eW8raA,Ugwvbsybyz-TVKKwGlN4AaABAg,@토리맘-j8i,공구 또 안하시나요?,0,2025-01-17
ThYR6eW8raA,UgxGsKPZ-XACxTR5HQR4AaABAg,@마르셀린-o5m,렌지가드 알림요,0,2024-04-13
ThYR6eW8raA,UgwTDIoUxzVbA15b1hh4AaABAg,@은경한-c9s,알림신청해요,0,2024-05-22
ThYR6eW8raA,UgyYEEDLBo97ILChdnl4AaABAg,@이효은-n6i,미니멀식기건조알림신청요,0,2024-05-16
ThYR6eW8raA,Ugzy_fXvHI4S6J--JA54AaABAg,@해피-g6p,"렌지가드, 트루쿡 알림",0,2024-05-17
ThYR6eW8raA,UgwTKgEiByicMV91MLF4AaABAg,@미소aa,렌지가드 알림주세요,0,2024-04-12
ThYR6eW8raA,Ugyz14VvoSOcRHuE4c14AaABAg,@won_story_life,렌지가드 알림 주세요,0,2024-04-14
ThYR6eW8raA,Ugz_DUOVsur5wJFSkTV4AaABAg,@전윤경-m2z,"렌지가드, 실리콘조리도구 알림",0,2024-04-14
ThYR6eW8raA,UgxYsq6Kcd5QnCjol1l4AaABAg,@ahn2340,렌지가드 알림,0,2024-04-11
ThYR6eW8raA,Ugwd45OC8UkYXQjZmNB4AaABAg,@류은희-v2k,미니멀 식기 건조대 알림요,0,2024-04-11
ThYR6eW8raA,Ugxe5LiLOcik1AXy9MZ4AaABAg,@하얀겨울바다,세라믹  알림,0,2025-04-13
ThYR6eW8raA,UgxI0akosbic2tuey4R4AaABAg,@운동합시다-i1g,내눈엔 컷코가...ㅎ,0,2024-04-15
ThYR6eW8raA,UgwvcUzZvkF8RtEXZG54AaABAg,@im1681,트루쿡  알림신청요,0,2024-04-17
ThYR6eW8raA,Ugz2FgneybDjzC_ikPJ4AaABAg,@shb4744,인덕션 매트는 어디꺼 일까요?,0,2024-04-18
ThYR6eW8raA,UgyV0yAiW-xrvhLfval4AaABAg,@꿈의거처-h4q,알림신청,0,2024-04-14
ThYR6eW8raA,UgzDd6aAmf2w4A5_Hat4AaABAg,@19.91km,비스비바 3년전에 사서 아직도 잘써요ㅋㅋㅋ인테리어를 올 화이트로 했는데..렌지 가드 없었음 어쩔뻔했나 싶어욬ㅋㅋㅋ,1,2024-05-10
ThYR6eW8raA,UgzFyNiVxdfHBCaDgrB4AaABAg,@ping-fl1gr,마지막냄비.. 너무무거워요,0,2025-04-01
ThYR6eW8raA,UgwI1K8Mco70OWqPnl14AaABAg,@kim00tv-g6z,그냥 벽을 닦으면 안되요?,17,2024-04-15
ThYR6eW8raA,UgzRnEjpUz76FKu13EV4AaABAg,@키키-c2r,알림,0,2024-04-12
ThYR6eW8raA,UgyKwD5DjU8i2kcLYOF4AaABAg,@욤욤940,렌지가드도 공구 하나용?? 알림이요~~,0,2024-04-13
ThYR6eW8raA,UgwYWMwB3o5hyF-mQsR4AaABAg,@컴벳k,렌지가드 알림요~!!,0,2024-04-12
ThYR6eW8raA,UgwZL5NARqmXBYdMHzZ4AaABAg,@kyoungpark7408,렌지가드 불필요.. 바로 벽 닦으면 됩니다.,11,2024-04-15
ThYR6eW8raA,UgzLhesAmiRaRzPhmLN4AaABAg,@A_D380,쓰고있는데 별로다,0,2025-03-05
ThYR6eW8raA,Ugz2lfwpEGK1gMCIpEd4AaABAg,@h-블링,"식기건조대, 트루쿡 알림",0,2024-05-09
ThYR6eW8raA,Ugwf4yc79rv19P2odkt4AaABAg,@플로라-c3b,렌지가드 알림,0,2024-04-12
ThYR6eW8raA,UgyggOEtoxurOjJgGTJ4AaABAg,@봉봉봉-f7i,렌지가드 알림,0,2024-04-23
EXK6liR-SGI,UgyH8SOst7P5N6K-F3Z4AaABAg,@suyonglee-wo5kk,주방템까지 집 인테리어랑 깔 맞추니 이질감 앖이 이쁘네요😊,1,2025-10-21
STmb2sJW0Q0,UgyIE8ZQUt1F67ZasnF4AaABAg,@WAMBOFFICIAL,"안녕하세요 여러분 여자A남자B 입니다. 이번달 월간 쇼핑은 디자인 보고 고른 저희집 가전들을 리뷰해봤는데요. 자취할때부터 쭉 쓰기 시작한 제품들도 있고, 결혼 할 때 구매해 사용한지 1년 정도 되는 친구들도 있는데, 사용하며 느낀 장단점을 솔직하게 담아봤습니다 :) 저희처럼 인테리어 중요하게 생각해서 가전도 디자인 중심으로 고르시는 모든 분들 참고해보시길 ✨ 혹시 저와 다른 사용 리뷰를 느끼신 분들이 있으시다면, 그것도 댓글에 다른 분들 참고하실 수 있도록 자유롭게 리뷰 부탁드려요 ! 

+ 아래 소개된 제품들은 모두 내돈내산 직접 구매한 제품들입니다.

00:00 INTRO
00:56 디자인 가장 취향저격인 전자레인지&오븐 #발뮤다 #더레인지 리뷰
03:17 현시점 제일 예쁜 밥솥 #쿠첸 #브레인밥솥
06:16 정착한 제습기 #삼성전자 #삼성제습기
08:50 얼음정수기 솔직후기 #코웨이 #아이콘2 #얼음정수기 장점 vs 단점
12:15 인테리어 안 망치는 공기청정기 #LG #에어로부스터 공기청정기
14:36 흡입 + 물걸레 청소기 #LG #코드제로 #오브제컬렉션 후기 
*코드제로 요즘 에센스 화이트라고 해서 아예 흰색도 나오더라고요. 베이지 싫으신 분들은 요 컬러 살펴보셔요.
16:05 화이트 인덕션 끝판왕 #디트리쉬 #인덕션 실사용 후기
18:41 너무 만족한 식기세척기 #삼성 #식기세척기



🤍 Instagram @olnlor https://www.instagram.com/olnlor/
📧 비즈니스 문의 olnlor@shortenm.com",11,2025-06-06
STmb2sJW0Q0,Ugw1ZjwanpXRWHa9b5F4AaABAg,@dotoryismylife,벌써 결혼하신지 1년이나 되셨나요!!❤ 시간 참 빠르네요… 잘 봤습니다🤍🤍,3,2025-06-06
STmb2sJW0Q0,Ugx4TDcmlU6j1bV2mp14AaABAg,@DosonKim,오늘도 잘 볼게요 🙇🏻‍♀️♥️,2,2025-06-06
STmb2sJW0Q0,UgwVEMOPsrrzE5nVfhp4AaABAg,@doheekim6864,꼼꼼한 꿀팁!❤,4,2025-06-07
STmb2sJW0Q0,Ugz1Ht8gX8ppnL2scSZ4AaABAg,@ursidecook,우와 너무 좋은 리뷰 감사합니다 혹시 뒤에 앉은 쇼파!! 정보 알수있을까요,0,2025-06-12
STmb2sJW0Q0,UgzNHsNAIRYmdz398Zt4AaABAg,@수정-e6j8u,예쁜거 많이 보러 왔습니다 대리만족 😋,0,2025-06-07
STmb2sJW0Q0,Ugx3KBCwPW4UxfAHi_B4AaABAg,@뚜뚜뜌뚜뜌,처음 세 가지 제품 우리집 신혼가구랑 일치하네용💛,0,2025-06-07
STmb2sJW0Q0,Ugx_zRs0V2ZP6AWFP0x4AaABAg,@tinaarhen2924,신혼집 채우는 중이라 이번 주제 너무 흥미롭게 잘 봤어요!! 뒤에 나오는 쇼파가 너무 예쁜데 혹시 제품명 알수있을까요?,0,2025-06-08
STmb2sJW0Q0,Ugy44LTOTwA2b-U1nNN4AaABAg,@자이언트펭수-c4j,Lg제습기 조용하고 좋아요~ 올해 샀는데 여름 잘 보낼듯요~,0,2025-06-08
STmb2sJW0Q0,UgymkALh7r5Qz3rYZkl4AaABAg,@쟁이-r5r,"내년에 결혼하는 신혼입니다.. ♥ 
딱 인테리어나 생각이나 가구 등등 완전 제 취향인데.. ♥ 신혼 가구도 만약 다시산다면 추천가구..! 랜선추천가구 ..! 요런 컨텐츠 매우매우 필요합니도오...🥹🥹🤍 젭알...",0,2025-06-07
STmb2sJW0Q0,UgyP4W9MuVVZpT-XU694AaABAg,@mokajelly6443,안경테 너무 이뻐요!  정보 알 수 있을까요?,0,2025-06-11
STmb2sJW0Q0,UgzYHWp7A8X6IQNtmGd4AaABAg,@heehehe-n3i,"혹시 옛날에 피키캐스트에
나오시지 않으셨나요..? 되게 재밌게 봤는뎅,,",0,2025-06-29
STmb2sJW0Q0,UgzUhnrhdg5BQpVLB-54AaABAg,@stovstay,저도 코웨이정수기 설치했는데 추출구에 끼우는게 있는데 설치할때 안받으셨나요-? 그거 있으면 확실히 덜 튑니다 :),0,2025-06-11
STmb2sJW0Q0,UgyidzHtIWj55BaL3aR4AaABAg,@rose0920jyh,"하나하나 다 알아보고 구입하신 것도 대단해요~ 전 머리 아파서 lg 오브제로 싹 다 맞췄는데, 다 해서 3천 덜 나왔는데 공청기랑 제습기 추가 구입하려고 보고 있는데 이것도 오브제로 맞출까 아님 찾아볼까 고민했는데 오브제로 사야겠네용~",0,2025-06-10
STmb2sJW0Q0,UgwlxrIBayyod3UQ_Fh4AaABAg,@한나-c2t6c,뜬금없지만 옆에 두신 검정색 큰 컵 정보 궁금해서 글남겨봅니당 😊,0,2025-08-07
STmb2sJW0Q0,UgyZKnm7hUS2y_3J7kp4AaABAg,@user-qk3ws2hg8b,벌써 결혼하신지 1년이라니 축하드려요❤ 저도 디트리쉬인덕션 사용중인데 너무 마음에들어요🥰,5,2025-06-06
STmb2sJW0Q0,Ugyi1E8oxWO_yRw5Gnx4AaABAg,@ohcutedo,"제 밥솥이랑 똑같네요! 내솥 스테인리스 처음 써봤는데 밥풀 진짜 많이 붙고 다 먹고 불려놔야 하는 거 다 받아요!
밥 빨리 되서 좋은데 아쉬워요ㅠㅠ",0,2025-08-11
STmb2sJW0Q0,UgzgxXuZEhU146RWZQ54AaABAg,@IiIiIIiiiiiIIiIi-c1l,발뮤아 최근에 나온건 전자렌지가 좀 개선되긴 했어요 !!,0,2025-11-04
STmb2sJW0Q0,UgwwurDQRIxE-aiK2ap4AaABAg,@genieousS2,usm 모니터 거치대 사이즈가 어떻게 돨까요! 더레인지 제품 크기상 거치대가 딱들어 맞아보이는데 검색해서 나오는 사이즈는 작은듯 해서요 ㅠㅠ 손민수 하고싶은데요 ㅠㅠㅠㅠ😢,0,2025-12-17
STmb2sJW0Q0,UgxjjyaJXzTLvJfu3Zh4AaABAg,@써니숑,혹시 비데추천도 받을 수 있을까용?,0,2025-06-07
STmb2sJW0Q0,UgyrbaG41VqqfdrtP194AaABAg,@taeribubu_,식세기 세제는 무얼 쓰시나요!?,0,2025-06-07
STmb2sJW0Q0,Ugy_WJNgZDzBpzvlSbd4AaABAg,@rosakeem9219,디자인이 1순위야..,22,2025-06-06
STmb2sJW0Q0,UgwlgSCRlARzbzvBgAh4AaABAg,@YOONHYOUNGLEE,"더레인지 구형모델 조작부 헛도는거, 더레인지에 전화했더니 아예 리콜하고 새제품 보내주시고(구형 새제품으로) 헛도는제품 수거해 가셨어요!
제가 교환 받은 건 시간이 좀 지나긴 했지만, 그래도 한번 발뮤다에 문의해 보셔요 :)",1,2025-06-07
STmb2sJW0Q0,UgzGbcaLL6eTXC2GUlB4AaABAg,@부다미-m2g,"식세기 색상 문의드려요,!",0,2025-06-13
STmb2sJW0Q0,Ugwafrsg6G_m9MZFGih4AaABAg,@AN-ic4mn,"시아님 알찬 리뷰 너무 잘 봤습니다😊 저도 같은 제습기 쓰고있는데, 저는 에너지효율 스티커도 거슬려서 떼서 뒷면에다가 붙였어요! 잘 떼지고 다시 잘 붙는답니다 추천드려요ㅎㅎ",0,2025-06-07
STmb2sJW0Q0,Ugz-YQ37kKarpPyPX554AaABAg,@Ll2674-q3g,엘지제습기 신형쓰고있는데 진짜 조용하고 제습도 잘돼요 ! 추천,0,2025-06-07
STmb2sJW0Q0,UgzpPmzkgFW6hb_5Ald4AaABAg,@kyeong4058,와오 저 오늘 결혼했는데 시아님이런 영상이라니 미친타이밍,0,2025-06-06
STmb2sJW0Q0,UgzlavaYwMTJwrVji8h4AaABAg,@sol-0823,안경이랑 귀걸이 정보 알 수 있을까요? 넘넘 볼드하구 시크한데 시원해보이고 예뻐요.❤❤,6,2025-06-08
STmb2sJW0Q0,Ugz7LJoRQUSV2QVR7ch4AaABAg,@mskim3104,아 그리구 검정 쇼파 정보도 부탁드려요😮,0,2025-06-06
STmb2sJW0Q0,Ugw447GjgvPOP3s4RXt4AaABAg,@sep0252,"저희도 더레인지 구버전 사고 다이얼 고장나서 수리 맡겼었는데요~ 수리 맡기시고 나면 더 빠져드실거예요... 정말 수리 프로세스 너무 세심하고 편해서 발뮤다에 완전 감동받았구, 14만원 정도 내면 신버전으로 교체 가능하다구해서 교체 받았어요~ 
신버전도 약간 수평이 안맞아서 맘에 안든다고 문의했더니, 사용 몇번 했는데도 새제품으로 묻고따지지도 않고 바로 보내주셨습니다ㅠㅠ (심지어 교환아니고 하나 더 보내준 다음 둘 중 나은걸로 고르라 하셨음...ㅠㅠ) 시간 더 지나기 전에 수리 빨리 맡겨보세요!!",3,2025-06-06
STmb2sJW0Q0,UgwYwk3zukezHqovHiB4AaABAg,@Shine-dn6us,예민하고 화딱지가 쉽게 나는 사람들이 시각적인 전문성에 있어 보통 탁월한 편입니다.,1,2025-06-08
STmb2sJW0Q0,UgyX5A7-BlUH1yPjGr94AaABAg,@yskim11,발뮤다 더 레인지 공감합니다.  발뮤다 디자인에 반해서 성능 신경 안쓰고 구입했는데 온도 시간조절 헛돌고 .오븐 온도는 현저히 낫고 저희꺼는 전자레인지 돌릴때 찌지직 소리가 심해  AS문의하니 40만원돈 얘기하길래 .어이없어 하는데  더 레인지로 이런 류의 컴플레인이 많았는지 16만원 내면  기존꺼 반납하면 신모델을 보내준다는 가스라이팅 ㅋ 당해서  그것도 바로 내일 보내준다해서 얼떨결에 다시 들었네요. 맞아요. 디자인 무시 못하죠. 저희는 더 브로잉도 사용중인데  에스프레쏘 음료 지양하느라 하루에 몇번씩 핸드드립 힘들어서  구입했는데 핸드드립만 못하나 기계가 핸드드립처럼 내려주니 너무 잘 쓰고 있어요.,0,2025-06-08
STmb2sJW0Q0,Ugzuiet-9S0Ubo_t_BZ4AaABAg,@mskim3104,혹시 발뮤다더레인지 거치대 정보좀 알수있을까요,1,2025-06-06
STmb2sJW0Q0,UgxGg0gTMTL0cUk2qrB4AaABAg,@블레스유-g1t,갑자기 영상이 없어졌나요!??,0,2025-06-21
STmb2sJW0Q0,UgwOWKd5DFmpwwcADiZ4AaABAg,@tarishlight7352,발뮤다가 이쁘긴 한데 레인지 밥솥 모두 느리다는 평이 많던데 진짜 그런가보네요..  이쁜거에 혹 했다가 마음이 접어지는 부분입니다.  그리고 전 엘지무선은 너무 흡입이 약해서 밀레유선으로 돌아왔어요..,0,2025-06-07
STmb2sJW0Q0,UgxbCyE8D2Kk5RLehvB4AaABAg,@사람낙천적인,"더 레인지 받침대 너무 궁금해요..!
혹시 정보 알려주실수 있을까요😢?",1,2025-06-07
STmb2sJW0Q0,Ugy8cxhiIEarb0gvYr94AaABAg,@annoyedcatthatsme,뜬금 없지만 셔츠 정보 궁금합니다...❤,8,2025-06-06
STmb2sJW0Q0,UgzR0fpHN8c5wn5iHEl4AaABAg,@새로운-jin,살아보니 흑백컬러가 제일 감성있더라.,0,2025-07-27
STmb2sJW0Q0,UgxvaeiEegHOWJuhxcZ4AaABAg,@솜솜-w1k,1등❤🎉,0,2025-06-06
STmb2sJW0Q0,Ugx8SwMFyaZTcIq3VPd4AaABAg,@pyuvely,셔츠랑 이너 정보 궁금해요...!!!,2,2025-06-07
T0V2Hfnhxx0,UgyCrsVM_fhowtxrLAN4AaABAg,@김별이-y9c,저도 신축 이사왔는데 전부 꽤 비싸게 들이셨네용  신축 이사하면 진짜 돈 쓸일 천지인거같아요 ㅋㅌ,22,2024-06-25
T0V2Hfnhxx0,UgztC4rNTFMh7-rA8Il4AaABAg,@Jiyule_piano,집 너무 깨끗하고 예쁘네요! 2편도 기대됩니다 ㅎㅎ,21,2024-06-24
T0V2Hfnhxx0,UgyJ6y93EIUJbyjWldx4AaABAg,@힝구리라-c6w,아내분 남편분 목소리가. 다 좋으시네요~행복하세요!,11,2024-07-05
T0V2Hfnhxx0,Ugz2T9nDYsr33emzcJt4AaABAg,@woongko,"10:30 와 대박ㅋㅋㅋㅋ 집에서 혼자 박수쳤네요 너무 귀엽습니다.
저도 이번에 같은 평수로 이사가는데 제가 생각했던 구성과 비슷해서 도움 많이 됐습니다.",7,2025-03-03
T0V2Hfnhxx0,UgxFw4KIgJhFIpzL5b14AaABAg,@메리봉719,두분 너무너무 귀여우셔용^^ 남편분은 목소리가 진짜 좋으시네요 나레이션할때도 좋으신데 일상 목소리도 너무 좋으시네요!!,6,2024-06-28
T0V2Hfnhxx0,UgzBrrAfTDOAHjhkbMp4AaABAg,@ki8240,아내분이 무척 귀엽고 유쾌하시네요~~ 사랑스런 부부의 모습 잘 보고 갑니다~~^^,5,2024-07-22
T0V2Hfnhxx0,UgwnuJ135dzL407LxjZ4AaABAg,@김민주-q2j4u,와이프분 귀여워요 ❤저도 곧 이사인데 하고싶었던 제품 겹쳐서 재미있게봤습니다 행복하세요,7,2024-07-04
T0V2Hfnhxx0,UgxKqUYkqYuRTr453-V4AaABAg,@Ignatius-c3t,너무 행복해보이셔서 보기 너무 좋아요~,6,2025-05-30
T0V2Hfnhxx0,UgxvswC3hkjFwVF3qu54AaABAg,@코돼지.a,2편 가대하며 구경 잘하고  갑니다~,9,2024-06-24
T0V2Hfnhxx0,UgwH1nHtqe765PkX9xl4AaABAg,@딸기양-i2m,만원 발견했을때 와이프분 표정 넘 귀여워요😊,4,2025-02-17
T0V2Hfnhxx0,UgyBsGTsOPu9d2Ooe5l4AaABAg,@kingsununnie,집이 넘 이쁘네요😊,9,2024-06-24
T0V2Hfnhxx0,UgxVTmOg6U4QjCl_0QJ4AaABAg,@이형근-b8u,다른건 잘 모르겠고 사랑하는 부인과 개는 너무 부럽고 멋지고 예쁘네요…^^,4,2024-08-07
T0V2Hfnhxx0,UgwaP2C0rEnqIxAaBx14AaABAg,@박소영-o9o8o,좋은정보 감사요~~^^ 다음편 기다려져요~~♡,6,2024-06-24
T0V2Hfnhxx0,UgzTE8CUYrzgjOvZJEF4AaABAg,@fluty,커피머신 꼭 제일좋은거 사라는 남편분 쥔짜 멋져요~~~~,3,2024-08-02
T0V2Hfnhxx0,UgwTkQuBJ4yFS309PMV4AaABAg,@soo8816,우와~ㅎㅎ 보고있는 데 나중에 가전제품 살때 참고 많이 될 거 같아서 넘 좋아요! 보금자리 너무 잘 꾸며놓으셨네요~~,3,2024-08-04
T0V2Hfnhxx0,UgwsslIRribSzIYwUUp4AaABAg,@mrd7357,완전 실용적인 영상...뽐뿌와요 ㅠㅠㅠ😂😂😂,21,2024-06-24
T0V2Hfnhxx0,UgwHY1uvYn70Qf2GFm14AaABAg,@연-p5c,따뜻한 목소리가 마음이 편해지네요~~ 두분다 따뜻하고 행복해보여요^-^,2,2024-10-18
T0V2Hfnhxx0,UgzjaBgCcvaY2ok8-Eh4AaABAg,@hyemipark2470,"보면서 미소가...  
두분 귀엽네요ㅎㅎ",4,2024-06-30
T0V2Hfnhxx0,Ugwvsl9HTz9Y3nBJfKx4AaABAg,@userhomevel,축하드립니다❤❤,3,2024-06-25
T0V2Hfnhxx0,Ugym2yaA0ikxPDo-OpF4AaABAg,@블럭킹-r9j,내용이 너무 유익하네요,4,2024-12-28
T0V2Hfnhxx0,Ugzi4-Tv5h3uPgzZXbJ4AaABAg,@대박-l4d,"이런 상황에서도 참여율 최곱니다~~
역시 퇴근남 존재감!!!!!!!!!",1,2024-08-08
T0V2Hfnhxx0,UgwkxqrnUVcVKy1XB-J4AaABAg,@콩-j2m,소파에 있는 콩이 방석 ㅋㅋㅋㅋㅋㅋㅋㅋㅋ 자꾸 콩이가 앉아 있는 거 처럼 보이네요 ..,2,2024-06-25
T0V2Hfnhxx0,Ugw9JVWcsXrYlevLVnV4AaABAg,@김윤수-x3h,두분 이쁘게 사시는 느낌이 들어요. 남편분 목소리가 편안하고  넘좋네요. 행복하게 사세요~^^,1,2024-07-17
T0V2Hfnhxx0,UgzURd3iKzZZoMBY2NZ4AaABAg,@jasminejo1367,2편기대돼요 ㅎㅎㅎ 얼렁올려주어용ㅎㅎㅎ,2,2024-06-26
T0V2Hfnhxx0,Ugw4XTM3sUbkpYr0Rhp4AaABAg,@Nong-Rock,캬...듣기 편한 목소리 너무 좋아용,1,2024-06-30
T0V2Hfnhxx0,UgzwAa9hTBzrFFTHI8F4AaABAg,@젤리카424,"세탁 건조기 따로~~넘 좋아요!!  👍 
부엌 수전과 싱크에 100만원, 남편분 크게 쏘셨네요  완전 good!!!!",1,2024-07-24
T0V2Hfnhxx0,Ugw6RVm3ldq7BoeohDJ4AaABAg,@듀뿅,두분 덕분에  좋은정보 얻었습니다. 감사합니다.,3,2024-07-03
T0V2Hfnhxx0,Ugwf9ghTxrHKeW3YrCd4AaABAg,@jwc2710,아날로그는 가슴이 뛴다... 낭만 있네요!ㅎㅎ,3,2024-07-31
T0V2Hfnhxx0,UgycB_YDl2Poh_T7zHp4AaABAg,@yhj8143,2편 넘기다리고있어요 ♡,2,2024-12-29
T0V2Hfnhxx0,UgwohwT_ZPoYYiK5sFt4AaABAg,@ek-nz7md,수전 설명하시는 와이프분 표정이 반짝반짝 빛나요 ㅋㅋㅋㅋ 자랑하실만 합니다 ㅋㅋ 너무 좋아 보이네요~,1,2024-06-26
T0V2Hfnhxx0,UgzGmqK76yTdY-lkJ154AaABAg,@nals1166,어서 2편을 올려주세용!! 너무너무 궁금해요 😊😆,2,2024-07-02
T0V2Hfnhxx0,UgxG8dWKemdvh1wHugd4AaABAg,@funnist369,"보물같은 유튜브를 발견한 것 같아요. 기부를 못하는게 아쉽지만, 영상보며 행복하겠습니다.",0,2024-06-27
T0V2Hfnhxx0,Ugx-0-kSp7EscGITCjd4AaABAg,@hithere_you,영상이 편안하네요 ^^ ❤,2,2024-11-14
T0V2Hfnhxx0,UgypVbwwrMVQNRRG_QB4AaABAg,@Leejamogtv,축하합니다^^ 저도 신희타 청약되었는데 입주시 아주 많이 도움될거 같네요 아직 한참 많이 남아있어서 너무 부럽습니다 행복하게 잘 사세요🎉,1,2024-07-07
T0V2Hfnhxx0,Ugy3_fjGRlZdJ_wQDfR4AaABAg,@농땡-c9u,평소구독했는데 씨리얼에나오셨네요~잘보고가요!,1,2024-06-25
T0V2Hfnhxx0,Ugz0eveszwfSKqQBqa94AaABAg,@꾸르떡-q9p,커튼 얘기할때 살짝은 공감하면서도 ...그냥 하는 얘기 같은데?! 했는데 바로 수동이 더 쌉니닼ㅋㅋㅋㅋㅋ 빵터지면서  백배 공감이요 저도 더싸서 수동했어요.....,1,2024-06-28
T0V2Hfnhxx0,UgwBSXF9J5HhJ7vi8kB4AaABAg,@wng321,너무 잘봤어요 감사합니다,2,2024-08-27
T0V2Hfnhxx0,Ugx36jwJJSNhP4YGA114AaABAg,@봄봄-g5v,27년도에 신축아파트로 입주 예정이라 요즘 부쩍 가전이나 인테리어 관심 있어서 보던중에 댓글 남겨요 ㅎㅎ 두분다 너무 귀여우세요 목소리도 편안하니좋으시구 또! 같은 파주라 더더욱 반갑네요 ^^ 영상 자주 올려주세요 구독할게요 :),1,2024-12-06
T0V2Hfnhxx0,Ugx31WXuBaFY7V58whF4AaABAg,@LizKwon,앗 저랑 똑같은 소파 ㅋㅋㅋㅋ 이거 소파 넘 좋아요…..,4,2025-11-01
T0V2Hfnhxx0,UgzgCkPAF7uXjrZhX-t4AaABAg,@mmt8623,저도 2025년 3월 신축 입주라 이거 저거 사야 할 것도 많고 생각할 것도 많고 머리가 아팠는데 진짜 여러가지 정보 감사합니다~~ 그리고 목소리가 진짜 좋으세요. 아나운서 하셔도 될 듯~,1,2024-09-30
T0V2Hfnhxx0,UgwZzR_gkaYgiESC2NF4AaABAg,@KIMMI0417,알차게 잘 꾸미셨네요. 강아지 넘 귀욤,0,2024-07-05
T0V2Hfnhxx0,UgwgeexlOQB2PXWruWN4AaABAg,@유리나-o9o,"랜선집들이 잘 했어용🎉
두 분 다 이사하고 집 인테리어하신다고 고생하셨어요
2편이 기대됩니다😊😊",5,2024-06-24
T0V2Hfnhxx0,UgztJCFSqeXQ1Bv4hzx4AaABAg,@박지연-q8i,오늘 첨 와봤는데 와이프분 너무 귀여우세요.. ❤❤❤ 잘봤습니다. 행복하세요^^,0,2024-12-29
T0V2Hfnhxx0,UgynqFglPGqkREz1YEF4AaABAg,@힐러-c1y,두분 진짜 귀여우세요  귀여운부부,2,2024-10-14
T0V2Hfnhxx0,UgzXT7tXet6_XQtmo8N4AaABAg,@iaminhawaiiorheaven,와 너무너무 꿀템 많네요!!!!,1,2025-01-05
T0V2Hfnhxx0,UgyqT4U384_t9onXwWN4AaABAg,@đassđĥĥǰǰ,쇼파 너무 이뻐보이는데 확실히 가격이 나가긴 하네요,5,2024-09-06
T0V2Hfnhxx0,Ugzjy0xozwqUSYwgXZp4AaABAg,@해바라기-s1n,넘 감사합니다❤❤❤,1,2024-11-05
T0V2Hfnhxx0,UgxZqr1FmRTwfozVOmN4AaABAg,@JJW-wb9tt,어디서 많이 본 구조와 뷰라고 생각했는데 옆단지 이웃이시군요~ 전 5단지입니다 😊,1,2024-08-21
T0V2Hfnhxx0,UgzjLsl8Dby1cCx5ind4AaABAg,@김상만-l1k,쇼파 맘에드네요,5,2024-06-24
T0V2Hfnhxx0,UgzK2x0aGR8vFcJ_24x4AaABAg,@cherryrang5616,구우독🎉 인테리어 넘 이뽀요!!... 식탁 제스탈 ㅜㅜ,1,2025-01-12
T0V2Hfnhxx0,UgzmFXObH2yT2BmuLdd4AaABAg,@coolair1923,축하드립니다~ 영상 너무 잘봤습니다^^,7,2024-06-24
T0V2Hfnhxx0,UgwiZOqcI-pi78q-01J4AaABAg,@타스-s8p,정말 잘 봤습니다 감사합니다,0,2025-05-11
T0V2Hfnhxx0,Ugwz6-g1un9DnxvYsSh4AaABAg,@아이윌디자인,이제 더 행복하시길~^^,2,2024-06-26
T0V2Hfnhxx0,UgxQ47UEcG3Hr1i7fKV4AaABAg,@국화꽃풀빵,잘봤어요. ^^; 구독 좋아요 했어요.,0,2024-09-12
T0V2Hfnhxx0,UgwiEctC5-FBxDWDqBZ4AaABAg,@재주니-q2i,"스텐바이미를 화분받침에 올려쓰면 끌고댕기기 아주편해요 ㅎㅎ 바퀴작은걸로 잘골라보세용
가성비말고 감성으로가고싶으시면 원목에 바퀴박아서 파는것도있습니다~^^",3,2024-08-01
T0V2Hfnhxx0,UgyHVD9vgygHDuWr2b14AaABAg,@성현김-o9n,파주 일산쪽 이신것 같은데 인테리어 보러왔다가 반가워서 여러영상 더 봤네요 ㅎㅋㅋ 차분한 목소리 아주좋군요,0,2025-05-01
T0V2Hfnhxx0,UgxO5wFSKzlkgGVRomx4AaABAg,@S45-45,3000에 이정도알뜰살뜰 다잘샀어요.  구멍이하나도없네요😊,5,2024-06-25
T0V2Hfnhxx0,UgwJiFMsRaX5G25BHgx4AaABAg,@dik8788,두분 너무 따뜻합니다.행복하세요.,0,2024-11-22
T0V2Hfnhxx0,UgyqeT0dnyWLA4PmBd54AaABAg,@즐겜-l1d,목소리 진짜 좋으시네 부럽다,1,2025-01-11
T0V2Hfnhxx0,UgxzrkWv2EmLNoLGDIl4AaABAg,@하서-e8i,"두분다 목소리도 편안하고 좋으네요~.
이쁜부부입니다.
구독할게요^^",0,2025-10-04
T0V2Hfnhxx0,UgznC-Y09m9_RJn9hb14AaABAg,@힝구리라-c6w,"콩이 자기공구하는모습
너무 귀여워요~",4,2024-07-05
T0V2Hfnhxx0,UgxdLbWuhiwR6nrAQZt4AaABAg,@보라dori,부인이 정말 착하시네요.부럽습니다.아름다운 사랑 하세요 ❤❤,1,2024-07-09
T0V2Hfnhxx0,UgwkCVMTQbBmQ36ZzYx4AaABAg,@tvjigum,"아내분도 귀엽고, 남편분 목소리에 아내에 대한 사랑이 뚝뚝 떨어져요. 두 분 행복하세요 ❤",6,2024-09-30
T0V2Hfnhxx0,Ugzh7rwzcnUlCwnJZEd4AaABAg,@user-oo5jy1be6f,두분이 사시는데 살림이 많은편인데.... 아이가 생기면 자잘한것 정리하실텐데 아까워서 조금 걱정인듯....집이 아름답네요!!~~^^부러버라~ㅋㅋㅋ😂 신혼의 행복을 맘껏 느끼시면서 좋은 추억 마니 만드시길 바래요~~^^🎉🎉동굴 목소리로 설명하시는데 매력으로 다가오네요~^^두분 행복하시고 ❤ 마니 나누세요~~^^,1,2024-07-03
T0V2Hfnhxx0,UgzDahr_7SVGmvef0QB4AaABAg,@행-h5v,입주가구 알아보다 보게 되었어요~너무 사랑스럽고 귀여운 커플이세요~❤,0,2025-07-29
T0V2Hfnhxx0,Ugxn7-UBLHWXXGgIvV54AaABAg,@이지영-v6x5f,"너무 이쁜 부부입니다
저희 신혼때 생각나면서 행복하게 영상 봤어요
새집에서 항상 행복하세요",6,2024-06-25
T0V2Hfnhxx0,UgznqvIyYhyhoxmhjpN4AaABAg,@연-p5c,스텐바이미 리뷰보러왔는데 저도  로봇청소기 나르왈 디자인이 맘에들어 고민중인데 후기 기대돼네요~~,0,2024-10-18
T0V2Hfnhxx0,UgxAHYDC514-q6uGOj94AaABAg,@bismillah-q6i,남편분 목소리도 좋고 아내를 사랑하시는게 느껴지네요  축하합니다 두분 행복하세요,4,2024-07-28
T0V2Hfnhxx0,UgxCWJt8vxJRhMDgY7l4AaABAg,@yulyoon5967,어..!! 이사예정이라 랜선 집들이로 검색해  컨텐츠 보는 중인데 인생녹음중 커플분이랑 목소리가 똑같아요..!!🤩🫢🧐,0,2026-04-12
T0V2Hfnhxx0,UgyYlUwkP9o2YshxP8J4AaABAg,@polo3633,저두 나르왈 직배수쓰는데 어플로 작동만하면되니 너무편하고 청소도잘하고 애정템ㅋㅋ,2,2024-07-17
T0V2Hfnhxx0,UgxxGcVDjFyI9H_2sTd4AaABAg,@황동엽-t8x,재밌게 잘 봤습니다,0,2026-05-11
T0V2Hfnhxx0,Ugz5YFEjRcB5jdBK06p4AaABAg,@윤스-d4i,"저도 올해 10월 스몰웨딩 합니다. 
저도 소소하게 행복하게 살고싶네요~~^^",1,2024-06-27
T0V2Hfnhxx0,Ugyqhz9GcUOJ9EsBGsl4AaABAg,@dqpzmfvbbvsm23,아내분 말씀하시는게 은근 매력이똬 헤헤,2,2024-07-28
T0V2Hfnhxx0,UgzgQTmmAUbbd_8-Ost4AaABAg,@은사랑-k2s,예쁜 부부 ^^  행복하세요,0,2024-10-29
T0V2Hfnhxx0,UgwXMov-awmpZX5EWaF4AaABAg,@SosoArchive88,집도 이쁘고 다 좋네요😂😂😂,0,2026-03-24
T0V2Hfnhxx0,UgzYwZ6JOpnVy7r4OtJ4AaABAg,@doridotos,"임대주택 영상부터 여기까지 보고 있네요 ㅎ
남 부럽지 않게 사는 모습이 흐뭇합니다.",0,2026-01-22
T0V2Hfnhxx0,UgxZMi1_PAi8w9M2QG94AaABAg,@리호-t1d,두분 넘 귀여우세여 보기좋아용,0,2026-02-27
T0V2Hfnhxx0,UgxynjOqeL8ulLVtVpp4AaABAg,@헤이츕,안녕하세요 . 깔끔하니. 너무. 좋네요 😊. 혹시. 일룸책상에. 하얀색 매트. 정보 알수있을까요?,2,2024-06-24
T0V2Hfnhxx0,UgwH0z_9OSC_-V4ifvt4AaABAg,@wjddnwo,아내분 너무 착하고 귀여우신듯 행복하세요🎉,0,2026-02-17
T0V2Hfnhxx0,UgyFeiYSHrvPHG0ka_R4AaABAg,@in양아,"안녕하세요 평소에 잘보고 있던 구독자입니다. 영상들 쭉 보다 가지고 계신 생각들이나 고민들에 공감이 많았습니다. 게다가 저도 현재 원흥 삼송 지구 임대주택거주하다 이제 창릉 신희타 당첨되어 같은 테크트리 같아 동질감을 느꼈습니다.  같은 동네 살며 오며가며 마주쳤을 수도 있었겠네요 😂 
다름이 아니고 동굴리언님 이제 신희타 옵션을 결정해야 하는데 생각보다 비싸더라고요 
시스템 에어컨정돈 해야하는데 나머진 고민스럽더라고요 혹시 진행하신 옵션들 있으십니까?",1,2025-02-08
T0V2Hfnhxx0,Ugyn1QPvD2N8snyv19F4AaABAg,@mmt8623,안녕하세요^^ 저도 25년 4월에 신축 입주를 앞두고 동굴리언님 영상을 참고하면서 열심히 공부하고있어요~ 할게 왜이렇게 많은지..신경쓸게 한 두가지가 아닌데 정말 대단하신 거 같아요. 저도 봄날목공소에서 냉장고장이랑 아일랜드 하고 싶은데 공사할 때 만족하셨나요?? 만족하셨다면 저도 당장 계약하고 싶어요~~,1,2025-01-03
T0V2Hfnhxx0,UgyZ3SpnRLCYQfvbVPh4AaABAg,@고상익-v7h,탁월한 선택이네요 ㅎㅎ 가전은 역시 엘지입니다 ^^,6,2024-06-24
T0V2Hfnhxx0,UgxZuaNB0keNxA-hd8p4AaABAg,@SHOT0912-d4k,와우 식탁이랑 쇼파 가격 후덜덜,3,2024-11-10
T0V2Hfnhxx0,UgzpvTH53-9q-u4Rxht4AaABAg,@hyeppora,신희타 영상으로 대출 관련해서도 보고 싶어요!! 모기지+주담대 알고 싶어요!,0,2024-09-05
T0V2Hfnhxx0,Ugzd9L4SHFSOfVGbqWh4AaABAg,@실버탭-f1u,"물건 고르시는 안목이 좋으시네요^^
남자 반팔티, 반바지 브랜드 추천 바랍니다^^",0,2024-07-03
T0V2Hfnhxx0,UgyvmXlFI_vqvF7Bnhp4AaABAg,@5212852,신축아파트 좋네여 행복하게 사실 새 보금자리 축하드려요 주변은 시간이 다 해결해줄거에요 2편 기대할게요!,3,2024-06-25
T0V2Hfnhxx0,UgwH5iJX2p5gmr7fNct4AaABAg,@오승택-b4s,영상 잘봤습니다!! 혹시 아트월에 시계 걸때 쓰셨던 제품 뭔지 알 수 있을까요?,1,2025-04-07
T0V2Hfnhxx0,Ugxd-j2fH_bhxVvHqbV4AaABAg,@shn3019,강아지가 젤 부럽네요...,1,2024-06-26
T0V2Hfnhxx0,Ugwq_Luyn_R4v4n7r0t4AaABAg,@Shinaehong-z8n,너무 행복한 부부 보기좋습니다,0,2026-01-30
T0V2Hfnhxx0,UgzZ2WoUdzGTEenTwGh4AaABAg,@khan-yn3mm,검소하고 알뜰하게 잘 하셨어요,0,2026-05-11
T0V2Hfnhxx0,UgyYpGwqDgmYijl9v4Z4AaABAg,@ga-x2u,"강아지 수건 세탁기 돌리면 털이 세탁기에 남아있지 않나요??? 전 그게 겁나서 따로 손빨래 하고 있는데 너무 귀찮아서요 ㅠㅠ 
그리고...두 분 너무 귀여우셔요~^^",0,2024-10-18
T0V2Hfnhxx0,UgzpjHLGGilUXEcWQcd4AaABAg,@ahmadahmad-nh2st,Coba gitu railing nya dibuat lebih tinggi lagi . ngeri banget kalo ke trigger buat terjun ke bawah 😮,0,2025-02-05
T0V2Hfnhxx0,UgywvHvOGwKxPk3IxSZ4AaABAg,@Lao_100,비슷한곳에 이사갈 예정이라 많은 참고가 되었습니다,0,2026-04-09
T0V2Hfnhxx0,Ugx97xWHL7iGZBbrvq94AaABAg,@danyi_nyang,층간소음매트 후기 넘넘 궁금해요!!!,1,2024-06-26
T0V2Hfnhxx0,UgzJPron3Tdt_Dyihht4AaABAg,@wonder_wonder16,오 이사하셨군요,0,2024-07-16
T0V2Hfnhxx0,Ugz-GZ5_9bWlRs0UjgZ4AaABAg,@그진요,평면도 올려주심 좋을듯,1,2024-07-30
T0V2Hfnhxx0,UgwEQcgv8LRHfOXKXoB4AaABAg,@냠냠-o4o1p,아내분 졸귀탱😊,0,2024-09-28
T0V2Hfnhxx0,UgwhsVz-2dZx9ElChiR4AaABAg,@뚜뚜요닝,혹시 2편은 언제...... 나올까유? 😂,0,2026-01-13
T0V2Hfnhxx0,UgzQSkM_ihK8Lf9p6hJ4AaABAg,@유누의세상,오옷 여기 쌍용?! 친구네집 뷰랑 비슷하네용 ㅎㅎ,1,2025-01-04
T0V2Hfnhxx0,UgwjJ_KNnkfevb9p9Np4AaABAg,@llll지나lllll,아내분 너무 귀여우셔요. ㅋㅋ,0,2024-08-17
s9GuY81A_iU,Ugxdb4idEFy1V_oF5494AaABAg,@택시라이프한편,"구독 좋아요 알림 설정 눌렀어요~😊
유지니님 안녕하세요😊
구독자 10만 가즈아😊
😊
주말 잘 보내세요~~😊",2,2025-08-31
s9GuY81A_iU,UgxrtzkivYh_AavStuZ4AaABAg,@이겨라-f4o,으아 보기만 해도 피곤하네요 고생하셨어요😂,5,2025-08-31
s9GuY81A_iU,Ugy_FIS0Zxs4JcnkLiJ4AaABAg,@비넨,와 저도 곧 입주하는데 집이 예쁘네요 행복한 생활 하세요!,3,2025-09-02
s9GuY81A_iU,UgzxDMvEzK_NdeR1DF54AaABAg,@니세-n6l,"으아 ㅠ 영상잘봤습니다 고생하셨어요..!!!저희도 딱 34평구축에, 11월초 이사생각이라 2달안에 가구,인테리어 다해야합니다..가전은 그냥 냅다계약했어요 ㅎㅎ이번주말에 인테리어업체미팅시작하는데ㅠ 너무 걱정이고하네요 혹시 견적같은거 어느정도되셨는지 여쭤봐도될까요ㅠ!?",1,2025-09-02
s9GuY81A_iU,UgyZcJCvduFBW3FN6P14AaABAg,@제니스영재,침대랑 프레임 뭐사셧나요? 베스트 슬립 제품인것 같던데.. 저는 모피어스 구매 생각중인데 아직 프레임은 결정 못햇네요.,1,2025-09-07
s9GuY81A_iU,UgzORCSyb4PXBnuAdBp4AaABAg,@ORANG__E,황토집이 진짜 너무 예쁘게 변했는데요?? 벽지 울면 나도 울거같은데ㅠㅠㅠㅠ,2,2025-08-31
s9GuY81A_iU,UgyKT6nlfoYLHEXZHoR4AaABAg,@김쏘_so,주방조명 버터색상 어떤제품인지 알려주실수 있을까용?!,1,2026-02-26
s9GuY81A_iU,UgypUPJoiQJocEQ_PNJ4AaABAg,@jerry1487,랜선집들이도 해주세용🩷,2,2025-08-31
s9GuY81A_iU,UgxzsYE1swXf5toJk1x4AaABAg,@건데이즈,"이불은 어디제품인가요?
냉감소재라하셔서 궁금해요",0,2026-04-15
s9GuY81A_iU,UgzhBcpMemBBvblNehB4AaABAg,@토토-z4i,혹시 식탁의자는 어디서 사셨는지 물어봐도될까요? 일반 식탁이랑 다르게 색감이 넘 예쁘네요❤❤,0,2025-12-02
s9GuY81A_iU,UgyWscKV3tGHUDZW2b94AaABAg,@ha-j2l-p6x,식세기 냉장고 둘다 어떤 컬러 하셨나요?,0,2026-03-23
s9GuY81A_iU,Ugw9WlGHtXUjoMPI-e14AaABAg,@twice-zzang,에어컨에 벽지운거 나같으면 전화해서 받으면 쌍욕갈김 절대못참음,1,2025-08-31
s9GuY81A_iU,UgznLB19i-Mk3CbzBcR4AaABAg,@갓지헌-i4n,혹시 리모델링 전 가전제품 미리 사고 견적 받아도 아무이상 없나요? 냉장고 빌트인이라던가 그런것들도 혹시나,0,2026-02-08
s9GuY81A_iU,Ugz7GJGZl2t57LVj5554AaABAg,@JO-ug1de,저도 이제 신혼부부 유튜브 시작 했어용❤ 우리 서로 구독하고 소통해용,1,2025-10-28
s9GuY81A_iU,UgwZgY17Br7IxebbaKd4AaABAg,@유지니이잉,로봇청소기도 엘지인가요?,1,2025-08-31
s9GuY81A_iU,Ugy5-9R7Wie3K3RY8yp4AaABAg,@홍당무-q5z,어떤 대출받으셨어요??,1,2025-09-01
CD4--pltLls,Ugwogh37WMSiO4cyu2t4AaABAg,@피아노-z7h,깨끗한 이유는 조리를 잘 안해요,201,2024-07-15
CD4--pltLls,Ugw2G6hhP7ukkwNVmJR4AaABAg,@momomooomoom,양념통이 저거밖에없는게 비현실적,68,2025-08-25
CD4--pltLls,UgwYd1wWMPbjGbKocqV4AaABAg,@cshbr8465,깨끗한가장큰이유 물건이별로없어서,1681,2024-01-23
CD4--pltLls,UgxDNdgts8toBGtFQuJ4AaABAg,@young.r7211,"저건 부엌이 클때 이야기
 부엌 작은.집들은 저렇게 하고 싶어도 못하죠",81,2024-07-15
CD4--pltLls,UgymtsoNW7th6-_UQw54AaABAg,@gum1080,수납할데가 많으니  깨끗하게 할수있는거  같아요  주방 설계를  실익있게 잘했네요,83,2024-01-31
CD4--pltLls,UgziNzemlcVAUy0Ju194AaABAg,@SSEON0320,이렇게 살고싶지만 좁은 부엌과 별로없는 수납공간 때문에 ㅠㅠ 없는 물건도 꽉차보이네요 흑흑,225,2024-02-15
CD4--pltLls,UgwDviJSCObjUHso5et4AaABAg,@엠마뉴엘-z4w,"짐이 많이 없어야 가능이더라구요
짐부터 버려야!",466,2024-01-26
CD4--pltLls,UgyFy2rt-mxf2N67PQd4AaABAg,@_all_or_nothing,이집은 수납공간이 짱!! 많네요.  살림이  밖으로 나올 이유가 없을듯요 ㅎ,103,2025-05-07
CD4--pltLls,UgxioZmRHfto4eRJI3R4AaABAg,@user-cl1gn3wu3s,그냥 바로바로 써야되는 그릇종류나 양념장은  빼놓고 쓰네요 편하게 사는게 최고에요~,16,2026-03-12
CD4--pltLls,UgyRsEb0hXIdW8O6PlF4AaABAg,@룩킹포더퓨쳐,세상에서 젤 같이 살기시른 사람 >>>결벽증<<<,8,2025-09-16
CD4--pltLls,UgwfzciaYslT2DTwUR54AaABAg,@떠요이-h6j,"일단 제 경험상 언젠가 쓸 지도 몰라서 버리지 못했던 물건들(색 바랜 용기, 일회용 수저와 젓가락, 유통기한 지난 식재료 등) 부터 1년 이상 안썼다면 버리는 게 우선인 것 같습니다. 버리거나 빠르게 써버리거나.. 물건 자체가 적어야 미니멀하게 살 수 있어요^^(저도 미니멀해지려고 현재진행중~)",25,2024-02-04
CD4--pltLls,UgxLVienCR50fcoIF-B4AaABAg,@kokoya09,"물건이 적은 것도 이유는 맞는데, 결국 수납 공간이 많아야 물건이 적어 보인다는.. 좁고 수납공간이 적은 집은 필수템만 갖춰도 공간이 모자라서😂ㅋㅋㅋ 주부는 아니지만 저도 지금 사는 집은 수납공간이 적어서 정리해도 결국 꺼내놓을 수 밖에 없는 물건들이 많네요ㅎㅎ 곧 넓은 데로 이사가는데 장에다가 다 정리 하려구요..!!",37,2024-05-22
CD4--pltLls,Ugxdqbem-rBv7cgKhG14AaABAg,@민들레-y7b,서랍형 싱크대가 제일 부럽네요.,325,2024-01-22
CD4--pltLls,UgzyPGLqQXNZc8A_OnJ4AaABAg,@threepiggies7351,"깨끗한 가장
큰 이유는 씽크대가 크고 수납이 많네요.",13,2024-05-16
CD4--pltLls,UgwrIOVZj45KIF9pvM14AaABAg,@seoro00z,걍 수납공간이 큰거 같아요.... 하부장에 텅텅 빈거 보고 ㅇ0ㅇ 함...,9,2025-05-27
CD4--pltLls,UgxhuwI4v7ANUPVRDwR4AaABAg,@멜리-z1q,"식세기로 한 짝 들어가고 냄비, 후라이팬만 해도 이미 문짝으로 6칸울 차지 하는지라... 물건 적고 수납장많음 깔끔하죠. 집작고 수납장 적으면 꿈이더라고요 ㅜㅜ
부러워하며 지나가요 ㅎㅎㅎ",48,2024-01-31
CD4--pltLls,UgzoLoLFpCofiJOHLvp4AaABAg,@임승용-i5z,"우리 주방도 항상 깨끗해요.
와이프가 배민 VIP입니다ㅜㅜ",164,2024-02-17
CD4--pltLls,Ugy3_-ignOS5BRDkT0l4AaABAg,@EddieYoon-xf4ij,깔끔하거나 불편하거나 선택,6,2024-02-08
CD4--pltLls,Ugy93RqL-QmIUz_GUcx4AaABAg,@abcdef-ug4kr,집에서 밥 안 해 먹으면 깨끗함,245,2024-01-21
CD4--pltLls,UgyTe-V4dUxLuIIifKB4AaABAg,@yjk4624,깨끗한 이유는 요리를 잘 하지 않아서,8,2024-05-12
CD4--pltLls,UgyP9LkmWO--ShnHJWh4AaABAg,@오햇피,아무일도 하지않으면 아무일도 일어나지 않는다.,66,2024-05-13
CD4--pltLls,UgwM5YMQqFErjBWnsap4AaABAg,@KIM_DANGDANG,"스텐밥솥 너무 이뻐요
어디껀가요?",13,2024-02-02
CD4--pltLls,UgxfNVcvRhx7n0f2Gmt4AaABAg,@pinegrove-u4u,"나도 물건들 나와있는거 별로 안좋아해서 정리 좀 하는 편이지만, 이집은 그냥 빈집같네요 ㅎㅎ",5,2026-03-09
CD4--pltLls,UgzoWu_xdJWPQivgOCd4AaABAg,@크로오브,제가 선호하는 주방이네요. 어느정도 수방 수납력이 좋아야 가능한데 저도 이번에 이사가는곳은 수납이 엄청 좋아서 다 집어넣고 사용할 예정이랍니다 ㅎㅎ 참고할게용,77,2024-01-23
CD4--pltLls,UgzQbr-dEjqDx-jWbuN4AaABAg,@좋은세상-t7f,나이드니까 깔끔한거보다 힘 안들이는게 좋아서 다 꺼내놓았어요. 편해요. 다만 늘 정리하고산답니다.,2,2025-12-22
CD4--pltLls,UgyHpMCoPiYi13XepAN4AaABAg,@skdj31,저도 싱크대위 말고 하부장 안에 넣고 싶은데 쓰고 나서 물이 뚝뚝 떨어질땐 어떻게 하시나용.... 신경안쓰고 그냥 하부장에 넣음 혹시 곰팡이 쓸거나 할까봐요ㅠ 꿀팁 있을까요?😅,1,2025-12-07
CD4--pltLls,UgytTgudjFXZxnY6rUB4AaABAg,@남편오늘부터주방출근,우왕 넘 깔끔하네요,0,2026-04-03
CD4--pltLls,UgwOV7gej-l33GGBdQh4AaABAg,@12qwrtkdowow,정리정돈 수납왕 인정임다😊,0,2026-03-02
CD4--pltLls,UgyqScZ2CiKZU-HjN2d4AaABAg,@ACAねz,사용한 물건을 다시 집어 넣으면 누구든 말끔하게 살 수 있음 문제의 시작은 자질구레한 물건들 죄다 꺼내 놓는거임,3,2024-05-23
CD4--pltLls,UgzckUViXro2My3sdJJ4AaABAg,@cypress3644,"하부장 서랍형 높이를 첫칸은 낮게 두번째 칸은 깊게 짠 게 킬포네요. 저는 반반했더니 시각적으로는 통일되어 예쁜데, 실용성 측면에서는 좀 아쉬워서,, 결국 수저보관용 서랍 있는 주방수납장 추가로 들였어요.

하부장 서랍 깊으면 조리도구나 키 큰 기름병 같은 거 저리 보관하면 진짜 깔끔할 듯요. 담 인테리어 때 참고해야겠어요,,😊",9,2024-01-22
CD4--pltLls,Ugyma_-0mIRIQ8f50vl4AaABAg,@Komasi-lt7yu,꿀팁 잘보고 가요!,1,2025-07-12
CD4--pltLls,UgwJgWYoVGv99VRoxuN4AaABAg,@영블리-p6y,살림이쁘게도하시네요❤❤❤❤구독누르고 갑니다 🎉🎉🎉🎉🎉🎉,0,2024-01-25
CD4--pltLls,Ugw9PjnBXA_zpKVHOaJ4AaABAg,@콩콩이-c5c,솥냄비 갖고싶어요^^,5,2024-01-23
CD4--pltLls,UgxAZbdv1lBHC0BKqMN4AaABAg,@윤윤-q5h,이영상이야 말로 진찌 꿀팁이네요,1,2025-12-28
CD4--pltLls,UgxrU8kpVf-7MtyJylt4AaABAg,@산새소리-o4d,결국 부지런함이죠^^ 저렇게 만들어놓고 안 넣어놓는 사람도 있어요.,3,2024-04-28
CD4--pltLls,UgywhmOLD_O-IAjoOZx4AaABAg,@ksygo0411,좋은기운이 깃들수 밖에 없네요. 많이 배우고갑니다.😊,0,2024-01-30
CD4--pltLls,UgxMw-NA9TfIkH7N6JB4AaABAg,@주방아이디어,깨긋하니 정말 좋아요,0,2026-01-28
CD4--pltLls,Ugwxg67ppGPvmldb9U94AaABAg,@sami-dx6hz,"비우기를 잘하는 분이네요
깔끔하고 세련된 주방입니다~",2,2024-01-25
CD4--pltLls,UgxBEaQiUbwUx_uRD9Z4AaABAg,@juiceapple1867,저거슨 싱크대가 저래야 가능!ㅠ,0,2026-05-21
CD4--pltLls,UgyhlcPQED40SJgXDPZ4AaABAg,@알고보면멍청이,"양념같은건 냉장고 보관이 많아서,냉장고 신경쓰임
생선안굽고 부침게만 안부쳐 먹어도 주방깨끗함",18,2024-01-28
CD4--pltLls,Ugx5RcHPS03NawXzbGR4AaABAg,@강경숙-c5m,"깔끔하시고 절구통 보니 요리도 잘하시는것 같아요. 
나무 절구통 구입처 알고 싶어요.",4,2024-01-25
CD4--pltLls,Ugw2MMTC1lXJzxpo6At4AaABAg,@뮤즈8,밥주걱은  어디껀지 알수 있을까요?,4,2024-01-21
CD4--pltLls,UgyPnW6ExMmguwHGo7N4AaABAg,@my_ggultem,좋아요😂,0,2026-06-11
CD4--pltLls,UgypOIom9ydR3YSx5Th4AaABAg,@정현옥-s5n,자석집게 어디서 사나요~?,1,2024-01-16
CD4--pltLls,Ugwp-EFJTy5PRm5Tt0R4AaABAg,@김아현-o8l,"깨끗한 이유 넓은 주방수납
꼭 필요한 주방도구 
집안 물건들 
언제나 부지런함이 최고",18,2024-02-01
CD4--pltLls,UgxV4_4wCXlO8dwLEu54AaABAg,@gubbyqueteodeia-g67,새 구독자가 생겨서 정말 좋았어요.,0,2025-12-11
CD4--pltLls,UgxHhY9GhTrgvGvMPMt4AaABAg,@bsjnlauhbsmwa,솥밥통 왤케 예뻐요! 와웅 탐나네요,0,2024-01-27
CD4--pltLls,UgzAYbowQc4MumV8M_14AaABAg,@소라인생반짝반짝빛난,새거같이 잘 쓰시네요,1,2024-01-24
CD4--pltLls,Ugy3U6ehiclhX7O56Wp4AaABAg,@YSG-19,주방이  엄청 넓으시네요.깔끔할수 밖에 없어요.,0,2026-03-23
CD4--pltLls,Ugwxe-Lvhxl6DkK9V9l4AaABAg,@edina3493ify,칼 보관 어떻게 하셨나요,2,2024-01-17
CD4--pltLls,Ugzb4xwR_e7jr89VuYl4AaABAg,@조으네-j8k,"키친타올 걸이 어디껀지 궁금해요
붙이는 건가요?",3,2024-01-23
CD4--pltLls,UgxAnPe9TkDJRRMlPtp4AaABAg,@우마소-k2m,"주욱 꺼내놓는거 싫어해서 진짜.,.병인가싶었음.
넓은데로왔는데도 나와있는거보이면 스트레스받음.
한..주방만 15평넘었으면 좋겠어요~ㅋㅋ.
냉장고도 베란다로뺐는데..동선이너무안좋음.ㅜ",14,2024-01-23
CD4--pltLls,UgwDny7Dm7e9qLtqx7R4AaABAg,@금음박,냉동밥용기랑 고무장갑 정보좀요~~,0,2026-04-11
CD4--pltLls,Ugz1hqGGHOVl0-5RYId4AaABAg,@ellewoods1571,"김미경 강사님 강의들으면서 자랐는데 진솔하게 이야기 해주시는게 더 맘에 와닿아요 앞으로도 선한 영향력 끼치면서, 오래오래 가르침
주세요❤",0,2026-03-08
CD4--pltLls,Ugz2ChNrF2C25XEvMFF4AaABAg,@은혜-q1y,잘하시네요,0,2024-01-25
CD4--pltLls,UgxLkKG9_lNfjH39KSp4AaABAg,@오미순-f7y,솥밥냄비은 어디 껀가요,4,2024-01-15
CD4--pltLls,UgyWYNfUE6iKQFhZVN54AaABAg,@cactusjean8235,자주 쓰는 믹서기나 밥통은 어디서 보관하나요??,1,2025-02-25
CD4--pltLls,UgxrqyHy6XqYplMkQ2t4AaABAg,@Pk1-t7q,정말 깔끔하게 정리도 잘하시고 좋네요,0,2024-03-16
CD4--pltLls,UgxaAVmAAK9e0Qo1my54AaABAg,@Idontcare-ly7cn,키친타올은 아이디어네요,0,2026-05-21
CD4--pltLls,UgxxerPykyDazL3FZgZ4AaABAg,@ohhh1368,"솥밥은 어디껀가요? 글구 이런 영상 많이 올려주세요 추천템, 정리꿀팁 등이요 넘 도움돼요~~",0,2025-01-10
CD4--pltLls,UgyuQG6ccu_-tTkwREV4AaABAg,@이성자-j7c,좋은 ❣️ 정보 감사합니다 좋아요 최고 👍,0,2024-01-28
CD4--pltLls,Ugy-rJDwvCCUdEbRy814AaABAg,@하우스밸런스-u8s,비노출해서 관리하는게 확실히 깔끔하더라고요.^^  좋은정보 감사합니다.,1,2025-02-12
CD4--pltLls,Ugy4WsPd5qfbIT77m7V4AaABAg,@hsydvrufveixhcuejdbvfv23,"짐부터버리야대
난 애셋에 늦둥키우는디
아깝아서 몬 버리고",2,2024-02-08
CD4--pltLls,UgyYnXa62GH_hsQMqih4AaABAg,@Korea-Happy-Time-Be-Rich,❤대박이네요..2024년도 좋은일만 가득하세요 응원할게요 ❤❤❤❤❤❤❤❤❤,0,2024-02-12
CD4--pltLls,UgyCjL19POVM_SRfPfd4AaABAg,@chachanmi33,너무 깔끔하니 마음이 편안하네요^^,0,2024-12-28
CD4--pltLls,Ugxl8jNK9wPMmYsvUsh4AaABAg,@jbg0512,궁금해요 휴지물티슈는 어디에두고쓰나요?,1,2024-01-27
CD4--pltLls,UgwaR6TNmGQHp0Xk7tt4AaABAg,@안동김가루이,우리집 리모델링했을때 딱 이틀저랬는데 ㅎㅎ,2,2024-01-23
CD4--pltLls,UgwM-4x_De3b9CUSuMJ4AaABAg,@이미향-j1p,키친타월거리  정보부탁드려요,0,2024-01-24
CD4--pltLls,Ugy3XSXdXZwJ3VbdFAp4AaABAg,@김은하-w1b8m,솥밥 솥 어디껀가요??,0,2026-05-26
CD4--pltLls,UgzO7Vx-yai0u509khZ4AaABAg,@happyintj,넘 깔끔해요 휴지통은 어디걸까요?,0,2024-02-05
CD4--pltLls,UgzIpaHF_gA72qtmmkl4AaABAg,@뾰로롱-q4m,"너무 좋다 완전 제 스타일이에요 물건 꺼내놓으면 아무래도 지저분해보이는데, 진짜 깨끗하네요 완전 제 추구미❤",1,2025-03-22
CD4--pltLls,UgyXv9ThSPeFBzbTxQ94AaABAg,@muhly_ss,오 정리꿀팁 꼭해볼게요❤,0,2024-01-30
CD4--pltLls,UgxiLWe5pPZpg3cTY7J4AaABAg,@Youjinhan-f3x,이 솥밥 정보 알고 싶어요. 구입하고 싶네요.,0,2025-11-02
CD4--pltLls,Ugw-KbKQKOM1w3CkRRp4AaABAg,@김주영-z9w,고무장갑 무릎 탁 치고 구매하고 하러갑니다. 혹시 어디서 구입 하셨을까요?,0,2025-08-13
CD4--pltLls,UgzdBfunMFf8a3_foaB4AaABAg,@초록피리,솥밥 정보알려주셔요!,0,2025-06-11
CD4--pltLls,UgwjsnLMp7tSNU3wDpl4AaABAg,@샤리샤리,스텐 냄비 이름 궁금합니다^^,0,2024-01-26
CD4--pltLls,UgzuFnDpnQcZU00BW8t4AaABAg,@언제나-e9c,부지런하시네요,0,2024-08-28
CD4--pltLls,UgzbO4DXL3H1DTElQNp4AaABAg,@안나-t4f,참지혜롭네요,0,2024-01-27
CD4--pltLls,UgzsNWf5lQwM1sUxQwx4AaABAg,@sookyoo9645,굿굿 양념장 모아둔거 좋네요,0,2025-02-06
CD4--pltLls,Ugya0JUYQ-BMl9uiacR4AaABAg,@바다가좋아-r5j,자석집게 좋네요,0,2024-01-22
CD4--pltLls,UgyjHr7ZQ83pd1OMfih4AaABAg,@dyom.y,"1️⃣양념통 하부장 수납
꺼내놓고 써도 좋지만, 저는 주방마감할 때 속시원하게
닦는 걸 좋아해서 서랍 아래에 놓고 쓰고 있어요. 
다이소에서 산 2000원짜리 정리함에 
소금, 설탕 등 조미료 모아놓고 쓰고, 기름이나 액체류는 
인덕션 아래 사이드 서랍에 놓고 쓰고있어요!

2️⃣ 조리도구도 하부장 세로보관, 
눕혀서 보관할때보다
훨씬 자리차지도 안하고 찾기도 편해요. 

3️⃣전기밥솥 대신 솥밥 먹기. 
전기밥솥 없이 지낸지 반년 넘어가요! 
자리차지하는 밥솥대신 그때그때 지어먹거나, 
냄비밥으로 2~3일치 만들어서 냉장보관하는데
전혀 불편함 못느끼고 있어요🫶🏻

4️⃣키친타올은 하부장 안쪽에 걸어서 사용. 
이 방법 마늘아범이 몇년 전 개발(?)한 방법이에요. ㅎㅎ 

5️⃣비닐장갑은 상부장 안쪽에 고리 걸어서 사용!
비행기에서 일할 때 비닐장갑 이런식으로 보관 많이
했어요 ㅎㅎ요것도 어디서 본거 아니고 제가 생각해낸 
방법! 

6️⃣고무장갑은 이케아 자석집게로 경첩에 붙여놓기 
장갑 젖은 상태일때는 수전에 집게로 걸어서
말려놓아요 ㅎㅎ 

7️⃣깔끔한 쓰레기통 사용 

내돈내산 제품정보는 여기요♥️
🏷양념통 보관함 : 다이소 
🏷조리도구 보관통 : 자주 
🏷키친타올 걸이 : 행복비전 키친타올 걸이, 쿠팡구매
제가 구매할 당시에는 8000원대였는데 현재 14,200원이네요.ㅠㅠ
키친타올 걸이 검색해보시면 더 가성비 괜찮은거 많이 나올거에요! 
🏷비닐장갑 보관에 사용한 제품은
코멧 강력한 투명접착식 후크걸이, 파일집게 집에있는거 사용
🏷고무장갑 보관한 자석집게 : 이케아에서 구매
🏷쓰레기통: 무인양품제품",24,2024-01-11
CD4--pltLls,UgxXEqjIF5uKCDXYApR4AaABAg,@리브그레이스-p7d,밥솥 어디껀가요?😮😮😮😮,0,2024-02-19
CD4--pltLls,Ugwsu-cknDwaY_et8bF4AaABAg,@긍정의힘-1004,속이 션해요!!저도 조리도구랑 양념장 다 넣어놔요..뭐 나와있는 꼴을 못보겠어요 그릇도 필요한만큼만 가져다놓고..예전 주방은 엄청좁아서 보조트레이를 사서 사용했어요~,0,2024-04-26
CD4--pltLls,UgxZKkSrrrQlcjjfB3x4AaABAg,@만월-b6d,"밥솥 좋아보이는데
어디서 구매하나요?",1,2024-01-22
CD4--pltLls,UgyWZ4p7tqAPkHY8Mu94AaABAg,@pys-un6sw,고무장갑 팁 좋아요  ❤,0,2024-08-24
CD4--pltLls,UgzZmyKB8hYaXf8Vvft4AaABAg,@김정원-j3l,솥이 어느제품이예요?,0,2024-01-28
CD4--pltLls,Ugyud8rKJWYO0QSpHl94AaABAg,@늘솔길-l5w,부럽습니당 😂,0,2024-05-17
CD4--pltLls,Ugw7o245-kx0kHwfUq94AaABAg,@sunlight1388,부지런하고 깔끔한 모습 지혜롭네요,0,2024-02-27
CD4--pltLls,UgwQfbpFxkid8d2E-E94AaABAg,@조은-k3b,"부럽네요. 요즘은 정리정돈 잘 하시는 분들
정말 부러워요.",1,2024-02-08
CD4--pltLls,Ugz17FGh3nF_hea1xDh4AaABAg,@user-ew9or2sb8j,조리도구 세로 수납 좋네요~,1,2024-02-23
CD4--pltLls,UgwjM-63FmiBugZcGY94AaABAg,@경은손-h5p,키친타올걸이 정보궁금해요,0,2025-06-09
CD4--pltLls,Ugx2szLmwERdKpCadLp4AaABAg,@ahnbbbang-3,솥밥할때 사용하신 스텐솥 제품 알 수 있을까요?,0,2024-01-30
CD4--pltLls,UgznlzsvJ3JSB3PM79h4AaABAg,@막걸리피부,멋잇어요,0,2025-04-20
CD4--pltLls,UgxHXEkS7ZsuY2CMc-t4AaABAg,@1_monent,식기 거치대는 따로 없으신가용? 너무깔끔하네요,0,2025-06-24
CD4--pltLls,UgyRkT0gIr203dbuI_R4AaABAg,@백설이-y2i,휴지통 어디서 사셨는지  알 수 있을까요?,0,2024-04-23
CD4--pltLls,UgwNmeBW6fXSUNkJOsB4AaABAg,@은영이-w9b,2조리도구는하부장에~할때나오는 냄비?주전자 어디껀지 알려주실수있으신가요?,0,2024-01-30
CD4--pltLls,Ugz13WJdfy55bq905Ph4AaABAg,@Jflower19-17th,나도ㄷ자 씽크대..있음 좋겠다,1,2024-01-28
CD4--pltLls,UgzQthLdJP5f1LP1AUt4AaABAg,@step-y2o,안녕하세요?무지휴지통 정보 알려주세요^^,0,2024-04-21
CD4--pltLls,UgxcCUQQ6L5TI5XJpLB4AaABAg,@희망진아,"고무장갑  어디서 말려  장 안쪽에 두세요?
전 아예 세탁실 옆에 자석에  걸어 말리니  불편 하네요",0,2024-02-27
CD4--pltLls,Ugwdn31hZLyEYZ6FDah4AaABAg,@다래하우스,밥솥 어디꺼에요?,0,2024-04-11
eMM__lhE1hY,Ugy4ZgfbOiIn6huYweR4AaABAg,@jijifamily2324,식탁너무 예뻐용!!,3,2024-12-09
eMM__lhE1hY,UgwfAFmJE_TzMwi3EW54AaABAg,@user-ab6ar7a7g,알고리즘에 이끌려 왔시오~~이웃 같슴돠~ ㅋㅋㅋㅋ 2단지 이웃 할룽~~^^,2,2024-02-09
eMM__lhE1hY,UgzXHF-h30uDajfnzBp4AaABAg,@blacktoothwine,스팀오븐궁금했는데 괜찮네용^-^  다른것들두 다궁금했던아이템들이라 감사히잘보구갑니당😊❤,10,2024-01-19
eMM__lhE1hY,UgwW2TKOijMqA5j6ftt4AaABAg,@YoungyulChoi,"설명 차분하게 넘 잘해주시고 더보기란에 제품 링크도 달아주셔서 
너무 좋아요 구독좋아요 누르고 갑니다♡ 벌써 영상 제품 사고 싶어서 몇개는 결재했답니다^^ 좋은 영상 많이 부탁드려요♡♡♡",0,2024-05-12
eMM__lhE1hY,UgxVIId3dkIM3Kjl2fd4AaABAg,@용용-g2l,거실장 정보 부탁드려요! 너무 깔끔하네요!,1,2024-06-25
eMM__lhE1hY,UgxEYRltQjUKgsKrSAN4AaABAg,@Doeuning-yoon,6월 신축입주에 신혼부부라 관련영상 보다 보게되었어요 ! 딱 제가 원하던 깔끔 심플 포근한 집이예요 많은 도움이 되었습니다 ! ㅎㅎ 아가 순산하시길 바랄게요 🎉🎉🎉,0,2024-01-20
eMM__lhE1hY,Ugxabx3Q_yIP_pIxgRF4AaABAg,@채소라희,서재 스탠드 정보 부탁드려요:),0,2024-12-03
eMM__lhE1hY,UgwvGYoxgk9l9RyA3-N4AaABAg,@ninglear6662,캄포 소파 오토만 추가?카우치형 만족하시나요?저희도 24평대라서 거실이 너무 좁아보일까봐..오토만?추가해서 카우치형 할지 말지 고민입니다ㅜㅜ,0,2024-08-04
eMM__lhE1hY,UgzMLF8812AoPywYPpp4AaABAg,@carolthehelicopter,우와 도움 너무 많이 됐어요! 깔끔히 잘 꾸며놓으셨네용 🤩,2,2025-10-27
eMM__lhE1hY,Ugza2cwygqRaqARE1xF4AaABAg,@Design.Damgyeol,깔끔하네요~^^,0,2024-06-04
eMM__lhE1hY,UgyF5v0DBa_EDLoed0l4AaABAg,@D_ZZANG,오옹 저희도 이사갈예정인데 참고되네요..!!,0,2024-01-31
eMM__lhE1hY,UgxKhmQn3Bf1R6H9wMl4AaABAg,@김민지-w4i1t,"인테리어 너무 이뻐요! 
식탁정보 여쭤봐도 될까요?",0,2024-09-15
eMM__lhE1hY,UgxJEHTJ-U57IslTDBd4AaABAg,@golden_closet_,거실 러그 색상 뭔가요??? 그리구 소파 테이블 사려하는데 좀 작아보이는데 라지가 나을지 고민중입니당 ㅜㅜ 답변 부탁드려요,0,2024-10-27
eMM__lhE1hY,UgysiT6_3XoLcOcEO4N4AaABAg,@yooooonini,저희집이랑 너무 똑같이 생기셨네용 ㅎㅎ 이편한세상 신축인뎅 지저분한 저희집 반성합니다ㅜㅜ,0,2024-02-18
eMM__lhE1hY,UgxIjXVKaEH_zG5_hU94AaABAg,@국화꽃풀빵,좋아요 구독했어요. 행복한 신혼생활 하시길~,0,2024-09-10
eMM__lhE1hY,UgzZ4bAn-pG5nmPS0Ul4AaABAg,@짱아-r9l,너무 예쁘네요 잘보고 갑니다,1,2024-04-19
eMM__lhE1hY,UgyAX-yplMMjPzOsRax4AaABAg,@효니-x6o,마켓비 단스탠드 조명 자개도 세트인가요?? 링크 부탁드려요 너무예뻐서 ㅠㅠㅠ,0,2025-07-04
eMM__lhE1hY,UgzZU023qVx866-dkFB4AaABAg,@복덩이-f3t,이쁜집 잘보고  건강하고 이쁜애기하고 행복하길....큰복이 올것입니다.,3,2024-01-19
eMM__lhE1hY,UgzoNiqKH7_v45oqGex4AaABAg,@a_gongyejoon,"5~6월에 입주라 ~ 요즘 인테리어에 관심이 많은데, 너무 깔끔하고 이뻐요~^^ ♡",0,2024-02-05
eMM__lhE1hY,Ugy9uiHxA5Jsnvwguot4AaABAg,@무해한말랑이,음식물쓰레기통 정보 있을까요?!ㅎㅎ,0,2025-02-13
eMM__lhE1hY,Ugyo9wqHOYQ-xzSuGux4AaABAg,@jiminkim2586,저희도 24평으로 이사가려는데 소파가 무진장 고민이라ㅜㅜ혹시 거실 가로와 폭(티비-소파뒤 벽까지 길이) 알 수 있을까요?,0,2024-05-11
eMM__lhE1hY,Ugw9s4Kh907YIHqesqh4AaABAg,@가족공유1,안녕하세요 라떼룸에서 맞추신 시스템행거중 가방이랑 악세사리놓으시는 선반사이즈 400×400사이즈이신건가요? 아니면 이거보다 더큰 사이즈이신건가요?,3,2025-03-05
eMM__lhE1hY,UgzwpbITUo1sZANwTjR4AaABAg,@ewqqweewqqwe,"안녕하세요~!
까사미아 캄포소파랑 매트리스 실사용후기 궁금해요!
소파는 꺼짐이슈가 있던데 괜찮으신가요?
매트리스는 후기가 별로 없더라구요ㅜㅜ 매트리스도 튼튼한지 궁금합니닷",0,2025-09-13
eMM__lhE1hY,UgxBaaLOwnPg7Drv-J14AaABAg,@김방숙-o8i,"집이 깔끔합니, 이뻐요😊, 화장실앞에 러그 정보 부탁드립니다~~~😊",0,2024-01-20
eMM__lhE1hY,Ugx7HieiiLv2ya3Irvh4AaABAg,@나비로니,"매트리스 까사미아 어떤제품인지 궁금해요😊
저도 푹신한걸 찾고있어용",0,2025-08-21
eMM__lhE1hY,UgxyBv0tX1HaAXbUPg54AaABAg,@이다은-d8u4f,혹시 거실 소파 놓으신 쪽 가로 길이가 어떻게 되시나요?? 저희도 59인데 참고하려구요..!!,0,2025-08-10
eMM__lhE1hY,Ugx0j62cTVR95sldOgp4AaABAg,@방이-m1v,안녕하세요 저도 저 포쉐린 식탁 구매하려고 하는데요 혹시 식탁 있는 주방 벽 길이 좀 알 수 있을까요?,0,2024-02-21
eMM__lhE1hY,UgwpkcnjlSfTaE6CE-J4AaABAg,@ingo578,빌트인 오븐은 사용잘안하시나요? 따로 광파오븐을 사신이유가 궁금합니다~,0,2024-12-20
eMM__lhE1hY,UgzG-o2C8hagWslXpsV4AaABAg,@yunii3820,안녕하세요!거실 상부장  정보 부탁드려도 될까요?~~~,0,2024-08-01
eMM__lhE1hY,UgwpBghJMHfF_PKwvex4AaABAg,@몽실언니-c8t,티비올려논장 정보 궁금해요!,0,2025-01-19
eMM__lhE1hY,UgyyIv320FhlvnrZOTB4AaABAg,@leachoi3248,ㅎㅎㅎ악 갑자기 알고리즘 떳다했더니 같은 아파트인거 같네요 ㅎㅎㅎ저는 37주 곧 출산예정인데 화이팅입니다 ❤,0,2024-01-22
eMM__lhE1hY,UgzRWSdVEyNm3LNeF3x4AaABAg,@하니원멜롱,화장대랑 스툴 정보 알려주실구있나영? 집구경잘했습니다🩷,3,2024-07-31
eMM__lhE1hY,UgzRknCqF4VCz5C4Y5J4AaABAg,@J31d323,안녕하세요 TV 장 구매하려고하는데 링크가 판매중지된것같은데 혹시 모델 명 알려주실 수 있으실까요 .. ??,0,2026-05-02
eMM__lhE1hY,UgwSpN7XqiYPx5lIuTV4AaABAg,@유부장-b9x,TV선반 어디꺼에요??? 너무이쁩니다😅😅😅,0,2025-07-26
eMM__lhE1hY,UgzmkbY1OHsi-ohV7xt4AaABAg,@big_cooing,저랑 같은 아파트네요 평수도 같고 타입도 똑같아요 ㅎㅎ 반가워요!! 룸투어 영상 잘봤어요<~,0,2024-01-22
eMM__lhE1hY,Ugw1z3QqpXwkBSdyqqZ4AaABAg,@혜영-t3i,"올해 이사예정인데 아이템들 다 정리 되어있어서   ㅠㅠ 감동입니다 ..!!!!! 영상 너무너무 잘봤구요 제가 집꾸미기에 관심이 없기도 하고 보는 눈도 없어서,, 손민수 할수있어서 행보캐요..🩵",1,2024-01-22
eMM__lhE1hY,UgwNI78K2OyAdz0nUAB4AaABAg,@mmheeee,까사미아 쇼파 색상 두가지있던데 어떤거인가요오 ?!?!,0,2025-01-26
eMM__lhE1hY,Ugz4asRRulNyg8nH7qV4AaABAg,@paperzong,"혹시 러그
무슨색인지 알수있을까요!!!🥲",0,2024-09-05
eMM__lhE1hY,Ugxnu1tLaaR3I-EKFnp4AaABAg,@keungx,인테리어 하신 유튜브로 처음 접했는데 1년 후기라니 넘 감사합니다 😊 순산하세요 ^^,4,2024-01-18
eMM__lhE1hY,UgzSL8kz8aAMwfM5fkJ4AaABAg,@jxasd6495,혹시 캄포 소파 색상이 어떤색상이실까용???!,0,2024-08-07
eMM__lhE1hY,Ugydu-Vha81N4hAjB9R4AaABAg,@J유정-e9y,집이 넘 아늑해용 ㅎㅎ 수납장이랑 식기건조대 정보 부탁드려도 될까요???,1,2024-01-22
eMM__lhE1hY,UgzQRHnayebj67ionfB4AaABAg,@zico6326,English subtitles please,1,2024-04-06
eMM__lhE1hY,UgzdW3Y8n6_sqYMOgXh4AaABAg,@딸래미-k3h,"언니 공청 제품명알수잇을까요?
위닉스에 여러개가잇긴한데",0,2025-12-03
eMM__lhE1hY,UgzI8zzhRi87MJGIFTF4AaABAg,@Seoulover93,TV선반 링크 들어가니 안나와요 정보 알수 있을까요?,0,2025-08-26
eMM__lhE1hY,UgyWOYXgi9DPH3ctNV54AaABAg,@송선진-p9z,침실 무드등은 어떤제품인가요ᆢ?,0,2024-06-13
eMM__lhE1hY,UgzkfyejhL2APSx4Z9Z4AaABAg,@Lovely_sonya1028,혹시 소파 길이랑 벽길이 알 수 있을까요?,0,2024-07-27
eMM__lhE1hY,UgyBcDptvi2MjA7wTol4AaABAg,@mymymy1446,책상위 모니터ㅜ받침대 궁금해요,0,2024-05-07
eMM__lhE1hY,UgzFcrbu3Eg5-Yt__Ax4AaABAg,@이현정-m9y,ㅎㅎ저도 결혼 21년 10월에 하고 임신중인데 집 너무 이쁘게 잘 꾸미셨네요😊 힐링하고가요,1,2024-03-20
eMM__lhE1hY,UgyaWavyT1rYzqYMu_V4AaABAg,@Rinnyhanny,혹시 식탁의자 정보알수있을까요?,0,2025-03-25
eMM__lhE1hY,UgyWPK9dljrrBUx9jzR4AaABAg,@kong_shoppingcart,집이 진짜 깔끔하시네요!!,0,2026-05-10
eMM__lhE1hY,Ugxt7V77-iZ5toVQRg54AaABAg,@수연이-e5o,서채방 브라인드는 있던건가요?,0,2024-08-29
eMM__lhE1hY,UgzwlEgD52B0tn1liap4AaABAg,@964964limkyung,very nice Apt.,1,2024-05-02
eMM__lhE1hY,UgwXCYuvmrgXvus-4yJ4AaABAg,@rimmmy316,우와... 제가 본 룸투어 영상중에 제일 이쁘고 제일 친절하시고 ... 곧 이사 예정중인데 너무너무 정보 감사합니다 ㅠㅠㅠ❤ 혹시 키친핏 만족하시나요??? 전 전세라  키친핏할지 고민이라서 ... 키친핏 너무너무 애뽀네요.....,6,2024-02-17
eMM__lhE1hY,UgxNSCkoGbr_6vvnYGh4AaABAg,@병국유-i2r,주방 자석 구매처 알려주실수있나요? 너무 이뻐요!,0,2025-06-23
eMM__lhE1hY,UgzrCWzYFiKPQsXSL4x4AaABAg,@bnmbomq,부럽수다...깔끔하네요.,0,2025-12-21
eMM__lhE1hY,UgxRJFeGxEaPyulDKg14AaABAg,@스타1-n7d,트롤리 어디껀지 문의드립니다!,0,2024-05-21
eMM__lhE1hY,UgzHHj-qe92TW5cCGwF4AaABAg,@So-ds7uc,집꾸미기에 관심 많은 돌아기 아들을 키우고 있는 지나가던 사람이에요 애기가 오면 인테리어랑은 거리가 멀어지더라고요 ㅠㅠ 애기안전이 우선이라...😂 애기낳고도 예쁘게 꾸미고 사시는모습 또 올려주세요!! 집 너무 아기자기 예뻐요❤ 순산하세요,4,2024-01-19
eMM__lhE1hY,UgylGw8cqQz-oRYWMgB4AaABAg,@kim-ev9hk,소파 뒤 벽 끝과끝이얼마인가요?,0,2024-05-07
eMM__lhE1hY,Ugw77hbPEvmtie71ueV4AaABAg,@구름노공,설명 개멋집 수십개영상보는데 최고입니다,5,2024-07-27
eMM__lhE1hY,UgzBGjqHCLaWgKSft154AaABAg,@doo-heunhan6270,티비장 어디껀디 알수있을가요??,0,2024-10-27
eMM__lhE1hY,Ugxc8kOFn8aTY40Xz5R4AaABAg,@lch8714,보풀제거기 문의드려요!!🤍,0,2024-03-01
eMM__lhE1hY,UgzsQqx7wKLFUMTLlaJ4AaABAg,@최율이-y2n,"혹시 거실유리테이블 사이즈는 라지인가요,?",0,2025-04-21
eMM__lhE1hY,UgxsScmCkKO1-O5Rbx54AaABAg,@nayun-jg4bi,"우연히  영상이  떠서 봤는데 제가 원하는 스타일의 집이 ...
정리도 잘되어있고  깔끔하고  차분한 느낌입니다
너무 예뻐요",17,2024-02-07
eMM__lhE1hY,UgzfAnajIAabPV8o0B94AaABAg,@민세-t3b,까사미아 소파 화이트 색상인가요?,0,2024-06-14
eMM__lhE1hY,UgxoT8t6826S6tXndNV4AaABAg,@주브리-j8t,타이머어디껀지알수있을까요?,0,2024-06-27
eMM__lhE1hY,UgzrRuHA_IDjzUCCYvp4AaABAg,@wnwo5120,되게 편해보여요 니트원피스 정보 부탁해요,0,2024-03-20
eMM__lhE1hY,Ugw1TQzYgUmkp1hZu4Z4AaABAg,@iaminhawaiiorheaven,"시스템장 엄청 찾고 있었는데 라떼룸 괜찮나요? 실사용 만족도 후기 궁금합니다! 😊
더보기란 정성 대박 ㅜㅜ 감사합니다",1,2025-01-04
eMM__lhE1hY,UgxDI0V7K38E68wcpll4AaABAg,@최경락-r3b,안녕하세요 죄송하지만 거실 사이즈 좀 알려주실수있나요?,0,2025-01-09
eMM__lhE1hY,Ugx7mqK4T-5kNIoAVSV4AaABAg,@주브리-j8t,키친핏 불편함은없나요?,0,2024-06-27
eMM__lhE1hY,UgwvB3GiaAM_5vkDfwh4AaABAg,@김태선-b8m,"기역자로 꺾여있는 시스템 옷장인가요? 그거 정보 좀 부탁드려도 될까요
집이 진짜 예뿌고 깔끔해요 ㅠㅠ 부럽습니당",0,2024-09-05
eMM__lhE1hY,Ugw3WdFwHlXynDrNWwJ4AaABAg,@Kim-rt5ji,집이 포근하고 예뻐요🌿,0,2024-01-19
eMM__lhE1hY,UgyeanNl2A8O0Naj5yF4AaABAg,@마음진,"저희 집도 파우더룸이 별도로 없는 59 사이즈라서 머리터지게 고민하고 있었는데.. 화장대 너무 잘 보고 가요!! 침대만 단독으로 놓아서 호텔 침대처럼 고급스럽게 할지, 영상처럼 협탁+화장대를 놓을지 많이 고민되네용..",0,2025-12-04
eMM__lhE1hY,Ugwxw-ji3zeuPHUzPuJ4AaABAg,@hello._.spring2791,"안녕하세요😊 아기방은 어디에 꾸미실 예정인가요? 저두 붙박이장 없는 신축 24평 거주중인데 옷방, 서재방, 안방에 알맞게 가전 가구를 놔뒀다보니 아기방 꾸밀 공간이 안나오네요ㅠㅠ",0,2024-05-25
eMM__lhE1hY,Ugya3H2Z9H41UuFNKmF4AaABAg,@Cozymusic_1,집예뻐요! 화장대정보 궁금해요^^,0,2024-01-28
eMM__lhE1hY,UgyIkS4n-ni2DZVmUgp4AaABAg,@밍키짱-w6f,"단정한집 아기자기 예쁘네요.
선풍기가 깔끔해 보이는데
모델좀 문의해도 될까요?",0,2024-01-19
eMM__lhE1hY,UgyqMme1o3OE3-tnSD54AaABAg,@sae__hause,인테리어 넘모 따뜻 재질..😍😍 러그 엄청 저렴하네요?!😮,3,2024-01-21
eMM__lhE1hY,Ugy0Yr36D8GpnUin7zJ4AaABAg,@까망베르-d5y,세상에 링크까지...감사합니다 ㅜㅜㅜㅜ,0,2025-03-23
eMM__lhE1hY,UgzoQnHY6z2ibPOWqYJ4AaABAg,@Hitch_log,신혼집 구경하다 왔어요! 너무 깔끔하게 잘 하셨네요ㅠㅠ 혹시 거실 가로 세로 실측 어떻게 되는지 알 수 있을까요?,1,2024-05-06
eMM__lhE1hY,UgzyFRtIjJS3rpd-mtZ4AaABAg,@lilyonthetrain,영상 잘 봤습니다~~혹시 세라믹 식탁 물건 둘 때 소음은 크진 않나용?,1,2024-05-26
eMM__lhE1hY,UgwiYXRzUChwm4GPjct4AaABAg,@르우엘드,"혹시 거실 소파벽 길이와 창문쪽 길이를 알수있을까요,,?  혹시 저희집 거실에 커보이지 않을까 걱정이네요ㅜㅜ",0,2024-02-03
eMM__lhE1hY,Ugy6fvq-rbHMWPowoXh4AaABAg,@jiheepark9354,"집이 너무 예쁘고 설명도 잘해주셔서 너무너무 유용해요!!😆😆
TV선반 너무너무너무 손민수 하고싶은데 판매종료되었다고 해요ㅠㅠㅠ 혹시 모델명이라도 확인 안될까요~~??",0,2025-07-19
eMM__lhE1hY,Ugx1y__L1loPCdDEfK14AaABAg,@doeun-bk4if,집 너무 예뻐요!ㅎㅎ 비데랑 공기청정기는 무슨제품 쓰시는지 알려주실수 있나요??,0,2025-03-18
eMM__lhE1hY,UgwBlsnLEt1U3hOCOHZ4AaABAg,@yejirog,집 나무 이뻐요 :) 혹시 식탁의자 정보 알 수 있을까요?,0,2024-01-23
eMM__lhE1hY,UgxgdP6iz-7V5GFlw1d4AaABAg,@amu6267,침실에 스탠드정보 부탁드려요❤,0,2024-02-10
eMM__lhE1hY,UgxnuJm5c7-sjjc-G7h4AaABAg,@jjjin_record,캄포소파 고민중인데 오염이나 냄새베임이 궁금해요~ (여름철 꿉꿉함두요),0,2024-04-09
eMM__lhE1hY,Ugym0dAnMvy0jXEE65N4AaABAg,@용용-n1q,저도 냉장고 곰팡이생겼는데ㅠㅠㅠㅠ 부품 사서 교체했어요!!! 그 후 크래이프 얼음 다 만들면 기능 끄고 물통 빼놓으니까 괜찮은거같아요😢,0,2026-02-10
eMM__lhE1hY,UgwzXYQ-oxVbiwefq7d4AaABAg,@아웅-v1m,"이번에 패브릭 쇼파 사려고 보고있는데 자코모 헴프라고 캄포랑 비슷하게생긴 제품이에요 일명 현빈 쇼파라고 하더라구요  같은 패브릭인데  앉았을때 허리랑 등도 받쳐주고 헤드조절도되는 제품과 
캄포처럼생긴 제품과 갈등되서 쇼파를 못사고 있네요 이러다가 집 거실만 휑하게 생겼어요😅..
쇼파 주름은 많이 안생기나요?
보폴제거기는 어떤제품일까요?",0,2024-02-27
eMM__lhE1hY,UgzsCH-SUIfz4uso5v94AaABAg,@어진사람-s6p,냉장고장 따로 리폼안하시고 그대로인 상태에서 남는공간에 틈새장 넣으신거 맞으실까요?,1,2024-01-24
eMM__lhE1hY,UgwZSYJoSEllUFELYCZ4AaABAg,@mjlee100971,와... 저 눈물나요.. 신혼예정부부인데 어제 입주할 집을 가서 봤는데 너무 막막해서 잠도 잘 안오더라구요ㅠㅠ다른건 인테리어 할 생각에 설렘이 더 컸는데 저 주망 냉장고 옆 공간을 어떻게 하나 엄청 혼란이 오더라구요😢 근데 요 영상보고 참고가 너무 많이 되었어요! 딱 저렇게 하면 될 것같아요 깔끔하고 너무 예쁘네욤❤식탁도 세련되고 너무 예뻐서 저거다! 하고 쟁였어욤 영상보고 이제 좀 숨통이 트여요ㅜㅜㅜ 계속 무한 반복하면서 인테리어 손민수 좀 할게요! 너무 감사해요 진심으로! 구독하고 가욤❤,76,2024-04-08
eMM__lhE1hY,UgxPGbU1SiG51HKW6RF4AaABAg,@홍재전서,티비 몇 인치인가용?,0,2024-12-02
eMM__lhE1hY,Ugw4Ymi3c1bgohSKd3Z4AaABAg,@ZZIN_chungman,러그 사이즈가 몇인가요%^^,0,2024-05-30
eMM__lhE1hY,UgxiPuiu4tpZtpRkyvl4AaABAg,@최둘기-u5j,안성 스타필드 가보셨습니까?ㅎㅎ 좋던데,0,2024-01-20
eMM__lhE1hY,UgzSLaNoIDuKIxK04jZ4AaABAg,@만듀-u7e,어디 아파트인지궁금하네유 딱원하는구조에용,1,2024-02-09
eMM__lhE1hY,UgzN357MDDVaHbToDHt4AaABAg,@로이-n5f,"혹시 드레스룸에서 보이는 가방 알수있을까요!
2단중 아래 베이지?색 가방이용 !",0,2024-01-19
eMM__lhE1hY,UgwgiFkQSbAuUe6aWJF4AaABAg,@cchccopig,집 너무 이뻐요! 혹시 드레스룸 시스템 장 위에있는 수납함은 어디꺼인가요?!,0,2024-01-21
eMM__lhE1hY,UgwqtehlkCWjsNm7Xoh4AaABAg,@유행가유행가신나는노,우와 집이쁘게 꾸미셧네요! 혹시 코스트코식탁 의자 식탁안에 다들어가나요?!,0,2025-02-21
eMM__lhE1hY,UgxpuCpPplOd2UUe5Qd4AaABAg,@꾜북꼬뷱,"진짜 다 너무 세련되고 이뻐요ㅠ!! 
혹시 러그는 세탁기들어가나용?",0,2024-07-23
eMM__lhE1hY,Ugzx13Lth4ub5avX_Pp4AaABAg,@p.s9913,일단 아이 출산하시면 매트리스 거실에 설치하면서 로청의 사용은 확연하게 줄어듭니다...흑흑 ㅠ,2,2024-05-19
eMM__lhE1hY,Ugwla2dEh5mZMmw4qVd4AaABAg,@jcy1118,신축 옵션으로 크래프트아이스 나오는 모델로 구매했는데 어떻게 되는걸까요 ㅠ,0,2024-01-21
eMM__lhE1hY,Ugx8QD2Zx0dzTH33kvx4AaABAg,@햄뜌-x9q,드레스룸에 선물로 받으셨다는 곰돌이 러그 어디서 구매 가능한지 알 수 있을까요???😢,0,2024-01-21
Yg2s10_SitI,UgwHqe6ezFHR0kvm-aB4AaABAg,@오쑝,"회전판없는거 진짜 안좋은게 찜질팩 넣음안되요
골고루 열전달이안되서 한번에2분돌리면 한쪽만타서 망함 ㅠ",74,2024-03-06
Yg2s10_SitI,Ugyn8kO2dT5OHVzL-Jt4AaABAg,@사이다-r1x,"이렇게 살림 잘 하시는 분 보면 부럽기도하고..
그래요 ㅠ",52,2024-02-14
Yg2s10_SitI,Ugx7uTzZOIxaRJ9QnX54AaABAg,@hj-mb3tc,쓰레기통이 자동일 필요가 있는지 원. 한텀 기다려야하고 건전지값에 세상 쓸모없는 기능인 듯,432,2024-02-04
Yg2s10_SitI,Ugytyu2E53TZ_ZoiN_V4AaABAg,@호호엄마-e2y,정수기 물 나오는 부분(코크) 안쪽 닦아주셔야될것같아요~ 현직 관리직근무중입니다,127,2024-02-02
Yg2s10_SitI,UgwETmZaU6fk5IsMBN54AaABAg,@shy9436,조리하다 쓰레기통 만지는거보다는 나을듯,14,2024-02-06
Yg2s10_SitI,UgxeOL60wfFJE_lJuxN4AaABAg,@헤븐123,"정수기가 똑 같아요
가성비 갑이죠~~근대 맨날 바꾸라고 전화옵니다",13,2024-02-06
Yg2s10_SitI,Ugx-Z7rR7aOhJY_0_U14AaABAg,@Lovehyun25,감사합니다 좋은제품들 소개시켜주셔서😊,5,2024-02-02
Yg2s10_SitI,Ugz6h4HWDfezyAIq-cJ4AaABAg,@2sh-,주방꿀템 잘보고 갑니더!,4,2024-02-03
Yg2s10_SitI,UgwlxFpoEgzHUHeglyx4AaABAg,@womanpowerlee915,전자렌지 정보 감사합니다.교체 앞두고 있는데...,5,2024-02-04
Yg2s10_SitI,Ugw11jBDhqlFJnGYKh94AaABAg,@카카-w4p,역시 살림고수😊 곧 주부9단이 머지 않으시겠어요,2,2024-02-06
Yg2s10_SitI,UgyNxwhvrsmsT5j7BDl4AaABAg,@분녀분녀,행주 사용 권장합니다,3,2025-07-28
Yg2s10_SitI,UgxFjlI6TEWHeHgolPp4AaABAg,@김필순-i2b,씽크볼위에 건조대랙 정보좀부탁드립니다~^^,2,2024-02-05
Yg2s10_SitI,UgwjZmmzMwdVMkjaiJB4AaABAg,@sunnys8516,식기세척기도 추천가능하실까요ㅠㅜㅠㅜ,2,2024-02-04
Yg2s10_SitI,UgwDtB0AyvpAka5eSIx4AaABAg,@Mrsflour,바닥타일 줄눈 색상 좀 알수있을까요?? 저희랑 같은타일인거같아서요.. 저흰 줄눈색이 흰색이라 때가많이타거든요,1,2024-02-01
Yg2s10_SitI,UgzmgTUqQp09lno-ZI54AaABAg,@Usern23292,꿀정보 감사합니당,0,2024-02-06
Yg2s10_SitI,UgyPnjPQ4FUJMGtH2dJ4AaABAg,@김선희-u7n6z,"저희도 퓨리엘 사용합니다..
물맛도 괜찮고 슬림해서 자리 차지 안 해서 조아요",1,2024-02-08
Yg2s10_SitI,UgxQxchNioXmohHuDG14AaABAg,@이용범-v5x,유리잔 정보 부탁합니다!,1,2025-02-25
Yg2s10_SitI,Ugwj5bO6L3Gn37e5xpN4AaABAg,@smile10002,보토 음식물처리기 작동시 냄새안나나요?영상보고 구매하려는데 냄새 어떤지 궁금하네요,0,2024-02-18
Yg2s10_SitI,Ugw9JchsIrsdSGUznDx4AaABAg,@조양순-z6s,어쩜  이리  깔끔하신가요?😂부럽네요. 저도  휴지통  사야겠어요세제토믄  어디껀가요?,1,2024-03-15
Yg2s10_SitI,Ugxpgx8KTYGuYaFpvDh4AaABAg,@dreamcatcher4446,저도 퓨리엘써요. 찬물이 안나와서 애들이 찬물안마셔요. 이게 젤 좋아요.ㅎㅎㅎ,54,2024-02-05
Yg2s10_SitI,UgzKRSkuOliFjGGiYAt4AaABAg,@infp_happy,진짜 전자렌지 바꾸고싶네요!!,3,2024-02-04
Yg2s10_SitI,UgyF5RCm5xUPFGmgPDN4AaABAg,@lalala6298,전자레인지 살일 있으면 디디오랩 사보고 싶네요..^^,0,2024-02-10
Yg2s10_SitI,UgzIjEXDFtsUliooP5Z4AaABAg,@lbk3587,"저 음쓰는 냄새안나나요??
집안에서 사용하시다니😊",5,2024-02-12
Yg2s10_SitI,UgwXJSDdPVDHlvbnga14AaABAg,@TR-mm3zs,올 요새 전자렌지는 회전판이 없네요 신기방기,0,2024-03-29
Yg2s10_SitI,UgwXyPhSwo3iupFM8FV4AaABAg,@K튜브-u6y,정수기는 자취생에게도 너무 괜찮을듯 싶어요 타공 들어가나요?,1,2024-02-09
Yg2s10_SitI,Ugz0Q7YaOQseNu2_4vd4AaABAg,@Korea-Happy-Time-Be-Rich,엄청 깔끔 하시네요 2024년도 좋은일들만 가득하세요 응원할게요 ❤❤❤❤❤❤❤❤,6,2024-02-13
Yg2s10_SitI,UgzFp4gVULs4N2qk2Ut4AaABAg,@블러썸,개수대  금색 수도꼭지 어디서 구입하셨어요??,2,2024-02-02
Yg2s10_SitI,UgzfEb1QQmsngI5iSQ14AaABAg,@오덕진-l9j,좋은 아이템,0,2024-02-11
Yg2s10_SitI,UgxMC8ZfH8KJalooa4d4AaABAg,@MarkLEE-kz4bz,"전 음식할땐 발로 쓰레기통 엽니다, 완전 100% 수동 플라스틱을 쓰는 중이라 😂😂😂",0,2026-06-05
Yg2s10_SitI,UgxpqhAuwy3vmvvEBKR4AaABAg,@studywithme_0402,와 전자렌지 진짜 좋네요😊,110,2024-02-02
Yg2s10_SitI,UgzXicaFiH_EZsHGqIJ4AaABAg,@so_fu,와 전자렌지랑 음쓰기좋네요,0,2024-02-07
Yg2s10_SitI,Ugz4FitimMQvnWY3HWN4AaABAg,@오로라-i8m,전자렌지 교채할때 됬는데 고급정보네요 감사합니당^^,38,2024-02-03
Yg2s10_SitI,UgzH4J7HzgEJaL3Cl0x4AaABAg,@나명순-r2k,우리도정수기있어요😅,0,2024-02-01
Yg2s10_SitI,UgzyDjTaGoHsJIg3IUt4AaABAg,@최빛나최주실맘-g5p,정수기랑 전자렌지 우리집거랑 똑같네요,0,2024-02-03
Yg2s10_SitI,Ugxc7BwZI0MU-jv40lF4AaABAg,@채모모-c4v,저기 소개 가전 다 맘에든다,0,2024-02-21
Yg2s10_SitI,Ugwn6_MoRS7oGE9mXpp4AaABAg,@그나-o3c,도마에 달려있는 꼬깔콘처럼 생긴건 무슨 용도일까요?,1,2025-03-07
Yg2s10_SitI,UgwOM1DqdWsmFsqd9bZ4AaABAg,@eatplayenjoyy,퓨리얼 나도 만족중,0,2024-02-10
Yg2s10_SitI,UgyHPyTRYOq-95efwqR4AaABAg,@정애경-g8n,음식물처리기 어디서사요?,0,2024-02-12
Yg2s10_SitI,UgyT4hH5NVhkETS-fLV4AaABAg,@keumsookshin1630,음식처리기 소리 않크나요?,0,2024-02-02
Yg2s10_SitI,Ugw-j3aToiwWb7cRUHp4AaABAg,@geS-ck6sx,인덕션은 어디거예요,0,2024-02-10
Yg2s10_SitI,Ugwus4l0Id3SfFwFcTF4AaABAg,@라온3-g9h,전자렌지닦는 티슈가 먼가요?,1,2024-02-06
Yg2s10_SitI,UgzapKTADe7zmPfIP4l4AaABAg,@Jmmay37,음쓰처리기.. 연기랑 냄새안나나요? 저는 주방에놓앗다가 베란다로 옮겼어요,0,2024-02-03
Yg2s10_SitI,UgzQ-Zzn7xvJ5O4da554AaABAg,@비단꽃향무-l5i,살림박사시네 ㅎ,0,2025-07-23
Yg2s10_SitI,Ugzm093KdFY8m7Rk1-V4AaABAg,@star-hw9ed,쓰레기통 소용량도 나오나요? 음식물 분쇄기와 전자렌지 좋네요~,0,2024-02-05
Yg2s10_SitI,UgzUxRvltyyQUSUT6gJ4AaABAg,@정헬로봇,음식물 처리기 냄새는 많이 안나나요??,0,2024-02-11
Yg2s10_SitI,UgyiKy5H8OWr5rg9ri54AaABAg,@정현이-h3k,주방벽지....그냥 시트지 맞나요?,0,2024-02-03
Yg2s10_SitI,UgxGFncKcOYJXl-eKMZ4AaABAg,@sunshinerice1486,"Cabinet handle은 스테인레스 수도꼭지는 
Goldtone 😂😂😂",0,2024-02-20
Yg2s10_SitI,UgyczEKLis3mbie1i5N4AaABAg,@sookkang6276,전자렌지 모델. 알고싶어요,0,2024-02-06
Yg2s10_SitI,Ugw1JK5hXO4Mxvlp0t14AaABAg,@sally-hb2hs,음쓰. 작동할때 열기가 장난아닐거 같은데.  어떤가요?,0,2024-02-09
Yg2s10_SitI,UgzxrmF5v06FY3CekZR4AaABAg,@서요요,전자렌지 궁금해요,2,2024-02-01
Yg2s10_SitI,Ugy3DHfPKlWEm0OJf1d4AaABAg,@이민영-t5m,뒤에있는 도마 제품명도 궁금합니당😊,4,2024-02-02
Yg2s10_SitI,UgwIxu-GSsIQo-ddAvh4AaABAg,@ne13579,음식물처리기 비슷한것 써봤는데 냄새가 나서 버림요 이건 냄새 없나요?,1,2024-02-08
Yg2s10_SitI,Ugyt2G2gvwUtdtfNv3Z4AaABAg,@화니-e9k,음식물처리기 소음은 없나요,0,2024-02-04
Yg2s10_SitI,UgxHxG7LTx2GOUsAm0x4AaABAg,@ririfio,주방 싱크대 어떤건가요?? 정보 부탁드립니다,0,2025-07-18
Yg2s10_SitI,UgwOXLOmjUa7bIdNsp94AaABAg,@blueth0025,전자렌지는 괜찮은듯,0,2024-02-06
Yg2s10_SitI,UgxbhmQf-3PrFEddfEx4AaABAg,@묭이-h2w,회전판이 없으면 골고루 잘 안 데워질거같은데😢,4,2024-02-05
Yg2s10_SitI,Ugyf-jQrHYs0Y8CGket4AaABAg,@oldk2445,음쓰는 걍 버리세요 ㅜ,2,2024-04-30
Yg2s10_SitI,UgwIxFCA0-lZ4QVOv4l4AaABAg,@쁘러떼아르멍,안녕하세요.씽크대수전 어디제품인지요?,1,2025-05-06
Yg2s10_SitI,UgwkBjM6b0L6qsEGAoR4AaABAg,@park606,"전자렌지 ㅜㅜ
바꾼지 3일됬는데 
이거보니 다시바꾸고 싶네여ㅜㅜ",11,2024-02-02
Yg2s10_SitI,UgzKZjjL-YhtHHp1R6J4AaABAg,@꿈틀이-m6h,안녕하세요 음식물쓰레기처리기는 혹시 냄새가 나지 않나요 아파트의 음식물처리기 있는데 물론 제품품은 아닙니다 고온으로 음식물을 건조해서 가루 형태로 만드는 건데 냄새가 많이 나더라구요 이 제품은 어떤가요?,2,2024-02-03
Yg2s10_SitI,Ugx4eiBkByA1QUR6D3V4AaABAg,@helloiammwoninicetomeetyou,와 인테리어 하나도 안 해치네 이사 오자마자 이걸 봣어야 햇다,0,2024-03-27
Yg2s10_SitI,UgxglWbqmvTi9D06Gzd4AaABAg,@노땅주니,화이트색 싱크볼이 궁금해요 김치국물이나 이런때는 잘씻기는지 제품정보 등 후기좀 부탁드려요,18,2024-02-04
Yg2s10_SitI,UgyrmmkRfYrY3DRq2zd4AaABAg,@jewm6982,가격도 알고싶습니다 ❤❤❤,6,2024-02-08
Yg2s10_SitI,UgxYCg2ILC93DJrAxdd4AaABAg,@jung4353,"전자레인지 중국산 이던데  
고장은 없나요 ~",1,2024-02-06
Yg2s10_SitI,UgxS2u11tXTId5PLc7Z4AaABAg,@만도리-d4y,퓨리엘정수기 오래전부터 쓰고있어요 좋아요,28,2024-02-02
Yg2s10_SitI,UgyLB_-F0r9PNWAbIrF4AaABAg,@Anne-wn6li,퓨리엘 처음설치 기사님이 오시나요?,0,2024-02-07
Yg2s10_SitI,UgxCO2bA4gWgo2Okg7N4AaABAg,@H.B1229,엥엥 목소리가 정말 변했네여;;,0,2024-02-01
Yg2s10_SitI,UgzACx7X-lB7GCPpSrZ4AaABAg,@릴리-lol,"저도 퓨리엘300 구매햇는데,  !! 직수라 물맛이,,,,혹시나 이상할까바 계속 고민하다 어제삿어용😊",0,2024-02-04
Yg2s10_SitI,Ugzyxq_2I3W2krWHnEx4AaABAg,@유이you2,전자렌지 판 신기 근데 덜 데워지는건 아닌지?,0,2024-02-09
Yg2s10_SitI,UgyPS6eI8ofy4QuCjFl4AaABAg,@회승-q6l,후회있는 제품도 이야기해주세요,45,2024-02-07
Yg2s10_SitI,Ugwm_EwbPAUsOXMsSW14AaABAg,@주브리-j8t,음쓰처리기 전기많이안먹나요?,0,2025-07-09
Yg2s10_SitI,Ugx0ozjccRSOie91QTV4AaABAg,@김정숙-y6d4s,정수기는어디제품인지 궁금합니다,6,2024-02-02
Yg2s10_SitI,Ugxas7cmkGLHwm7hYDJ4AaABAg,@jek0815,쓰레기통 어디서 구입할까요?,0,2024-02-05
Yg2s10_SitI,Ugwjm4aPRiTfVecJkVN4AaABAg,@d_cello,음식물처리기소음정도궁금요,0,2024-02-09
Yg2s10_SitI,Ugyxfz3s_zXT856v-6x4AaABAg,@사랑-r9c,"어디서구입하셨어요?참으로 지혜롭게 생활 하시니 따라 하고
싶어 물어
 봅니다🥰👍",1,2024-02-19
Yg2s10_SitI,Ugz5kJIQKTx3DmJNAyx4AaABAg,@홍윤신,하나하나사는곳조알려주세요,1,2024-02-08
Yg2s10_SitI,Ugz6kOTJai5tgnaf1AZ4AaABAg,@lydialim2479,"제품이름,
어디서 구입할수 있어여?",0,2024-02-04
Yg2s10_SitI,Ugy_pdbnPrsPLTovcEh4AaABAg,@Bluemarble-mk3ck,음쓰 처리기 가격은 어떻게되나요,0,2024-02-04
Yg2s10_SitI,UgyAZe8N5b0s3MgJBGN4AaABAg,@얼음공주-c4w,"퓨리엘정수기 물맛은 어떼요?
브리타 사용중인데 물맛이 제가 원하는 맛이 아니라",4,2024-02-03
Yg2s10_SitI,Ugz8NJJCizJS9KXAVZp4AaABAg,@장예은-q3b,쓰레기통 몇리터예요,0,2024-02-05
Yg2s10_SitI,UgzLa5uOU_6mRbCnvkJ4AaABAg,@꼬부기-j4n,👍,0,2024-02-04
Yg2s10_SitI,UgxY2KtGUfomJ1itFk14AaABAg,@너가있어다행이다,흰 싱크볼 어디건지 정보주실수있어요?사용하기에 어떠셔요?김치 얼룩같은거 괜찮은가요?,0,2024-02-11
Yg2s10_SitI,UgywMC59vHa-MFR_daJ4AaABAg,@얼음공주-c4w,퓨리엘 모델명이 PPA-1010맞나요?,0,2024-02-03
Yg2s10_SitI,Ugy6JL2CMYV0FfwdZ5d4AaABAg,@진순언니-c3v,보토 음식쓰레기통 가격 공유 부탁해요,0,2024-02-05
Yg2s10_SitI,Ugw9mzrSlzdyH8WbFkd4AaABAg,@이영애-t8s,목소리 돌아와줘용~😢,1,2024-02-01
Yg2s10_SitI,UgzQJ7iPUqpx4-NglCJ4AaABAg,@bmy6863,회전판 없는게 좋네,0,2024-02-05
Yg2s10_SitI,UgwC6PQmax7NzsR2NSx4AaABAg,@isdark100,쓰레기통은 머야~~,0,2024-02-05
Yg2s10_SitI,Ugy395YCXr6OXraOONh4AaABAg,@박정민-k2w1e,정수기 구입하구싶은데 요 갈쳐주셔요,0,2024-02-15
Yg2s10_SitI,UgyOHvV_GT3evX4kHrR4AaABAg,@프루프루-d9o,전 정수기 안쓰고 생수 핫딜하면 대량으로 쟁이고 마시는데 정수기 쓰는게 나을까요? 흠.. 더 싸보이네,1,2025-03-13
Yg2s10_SitI,UgyK_NeZlxQcbtPHSN14AaABAg,@sugakookie8486,회전판없으면 팝콘 못 튀김..ㅠㅠ집에서 영화 볼때,5,2024-04-29
Yg2s10_SitI,UgyhUGtspZSlXE5LaxR4AaABAg,@민민-k3o,전자레인지는 회전이 안되어도 골고루 잘 데워지나요~?!,5,2024-02-02
Yg2s10_SitI,Ugx427zAscxbTm4EO-p4AaABAg,@_esfj8820,정수기 콘센트없으면 식탁위에 놓고 쓰기좋겠어요..,12,2024-02-03
Yg2s10_SitI,UgwFsDwSev9p5g5rHD14AaABAg,@hyein3403,"음식물처리기는 좀상한은식물넣으면 냄새온집안에안나나요? 
바로발생한음식물도 뭔가 열이가해지니까요리할때나는냄새가 날것같아서 ㅠ",0,2024-02-04
Yg2s10_SitI,UgzxP06q7LbQP2gb9wR4AaABAg,@아자해피해피스마일,전자랜지 닦는 티슈 어디제품 인가요?,1,2024-02-01
Yg2s10_SitI,UgxiuryPraktI1HCqoB4AaABAg,@강단아-t8i,보토 음스  건조때 냄새 안나나요?,4,2024-02-06
Yg2s10_SitI,UgxEA36FDx60Kw6RCtN4AaABAg,@지연양-h1q,예전 목소리가 더 듣기 편하고 좋아요~,5,2024-02-01
Yg2s10_SitI,UgysncgpV15oLGvW_654AaABAg,@ylpenguin,"음식물쓰레기처리기 냄새는 어떤가요? 
가동중에 냄새 나면 실내에 두기 어려울것 같은데
실내에 두고 쓰시는것 보니 냄새는 별로 안나나요?",9,2024-02-04
Yg2s10_SitI,Ugy75sFuVm_LtYTHBAp4AaABAg,@qqqqqqqqzzzzz,다 돈이네,0,2024-03-18
Yg2s10_SitI,Ugw3k722iR0IrIGY_L14AaABAg,@dirdom-x7w,디디오랩 저거 과장제품,0,2024-02-04
Yg2s10_SitI,Ugw-B6GM7wAtetLYzCx4AaABAg,@하수정-y4d,저도 정수기 같은제품 6년째 사용중인데 자가필터교체도 너무쉽고 청소하는데 너무 좋아요!! 진짜 가성비 짱이예요👍🏻👍🏻👍🏻,2,2024-03-11
f724A1uYpr4,UgwsFDcMwp8ty9yEH4d4AaABAg,@wdcmjy,나도 제발 메탈색상 키친핏 냉장고가 제발 좀 나와줬으면...,29,2025-08-10
f724A1uYpr4,UgzFwRcJrZM8283hyMh4AaABAg,@kpark2778,저런스타일 좋아하는데ㅜㅠㅠ너무이쁜데 용량때문에 포기햇습니다 ㅠㅠ흐어엉 해놓으신거보니까 넘이뻐요 ㅎㅎ,31,2024-12-21
f724A1uYpr4,UgzonHdD4YfVjiH9lMF4AaABAg,@랑이-s4b,김치냉장고까지 붙여서 갖고싶네요 ᆢ,12,2024-09-18
f724A1uYpr4,UgystuYrSWw8M6jqC994AaABAg,@희망_ON,"냉동실 서랍칸 정리함 바구니 영상 23초경 제품 궁금합니다 
이참에 냉동냉동 정리 영상도 부탁드립니다 ❤❤
저도 오브제키친핏이라 😅😅",0,2025-02-16
f724A1uYpr4,UgyZhTqrXSCUktOdFip4AaABAg,@Jin-ge8tc,0:22 냉동실 칸막이 어떤제품쓰세요?,2,2025-05-19
f724A1uYpr4,UgytIYVfvKiVOHLquep4AaABAg,@도토리-u4n,"안녕하세요 ~ 냉장+냉동고 합처서 119cm정도인거같은데, 전체 냉장고장 가로 길이는 어떤가요? 
장에서 양옆으로 1-2cm 띄워서 설치해야하는지
ㅜㅜ",0,2024-11-03
f724A1uYpr4,UgyzC0vaBr59YqEItYR4AaABAg,@손프린세스,정말 이쁘네요 🎉,1,2024-08-22
f724A1uYpr4,UgxfzWC4pRavbpjClWF4AaABAg,@yeongkim9428,딱 제 취향인데.. 문이 90도보다 크게 열리나요? 키친핏은 안 열린다고 하더라구요 컨버터블은 열릴까요?,2,2024-10-03
f724A1uYpr4,UgxB8_xiV9udY_7Dy4V4AaABAg,@user-qk3ws2hg8b,요즘 냉장고도 소개해주세요😮,0,2025-05-12
f724A1uYpr4,Ugww3hMJ4IeE_TXowD54AaABAg,@수인-r5z,저거  15년전에 처음 나왔던거 같은데,5,2025-03-22
f724A1uYpr4,UgxfYCNxn6jx1K2YX5d4AaABAg,@장용훈-j7t,"안녕하세요 신혼 냉장고 매우 고민중인데 냉장고는 솔리드실버, 냉동고는 스테인리스 실버인데 차이 없을까요?",1,2024-08-25
f724A1uYpr4,Ugyo3cvY28F66vDcHbJ4AaABAg,@ANNIE_PARK88,"냉동실 서랍에 칸 나눠놓으신 정리함 어떤 제품인지 알려주실 수 있우신가요👉🏻👈🏻?

딱 맞는 제품을 어케 찾으셨어요🥹? 
너무 깔끔해요👍🏻✨",0,2026-04-03
f724A1uYpr4,UgzBmoI3moQrCUOUcw94AaABAg,@별빛나-v5w,"요 모델은 냉장고장
없어도 되겟어요
아주 이쁘네요",0,2026-05-26
f724A1uYpr4,UgzLf1SxSXz4QQfDVYh4AaABAg,@짤랑2-r9y,냉장고장 필름 궁금해요❤,0,2026-02-07
f724A1uYpr4,UgzyscrG1jLS-jcDA0V4AaABAg,@starcraft3,"냉장고장 가로 사이즈 어떻게 되나요?
120이면 저거제품 들어가나요?",3,2024-11-13
f724A1uYpr4,UgwZ28FmtyeC4CjWBet4AaABAg,@yunher2121,외부 비치는 현상  없을까요?  색상이 고민되요,0,2025-09-25
f724A1uYpr4,UgxWmO3l7IHSsl69UdR4AaABAg,@dalkkkkk,예뻐요 완전 깔끔합니다 인테리어랑도 잘어울려요,37,2024-08-13
f724A1uYpr4,UgxDDs5LIIdfNdFfaZ14AaABAg,@치즈-m6z,찍힘 생기나요??,0,2025-02-08
f724A1uYpr4,Ugwf4gTeINXbRPjofJl4AaABAg,@HyerinLee-m8l,"냉동고 모델명은 나와있는데,냉장고 모델명이 없어서요 구매할려하는데ㅜ알려주실수있나요?",0,2025-08-14
f724A1uYpr4,UgxOVz_XSeZXxn3r3KR4AaABAg,@user-zf2yp2gd7o,자석 안붙으면 불편,5,2024-08-19
f724A1uYpr4,UgwIbSuf6dQcA-VT0XV4AaABAg,@nonno01122,제발 자석 붙는거 나왔으면 ㅠㅠ,0,2026-01-30
f724A1uYpr4,UgxH-JD2Vv2vI9ZtLE54AaABAg,@혜린사랑-p4k,냉장고 뒤청소는요,0,2026-03-07
f724A1uYpr4,UgzAGRRGemmJJEiJScF4AaABAg,@timeg5377,"용량이
어떤가요",0,2025-07-10
f724A1uYpr4,UgymNKkjdgq1Ud9K6ax4AaABAg,@azraasel,메탈인데 냉장고 자석이 안 붙어요?,0,2025-05-22
f724A1uYpr4,UgxCCs0WMMYPOo6Beqt4AaABAg,@순둥이엄마tv,❤,0,2026-04-11
f724A1uYpr4,UgwHhQzfYwYR00rm-f94AaABAg,@sjseo7223,키친핏이 아니군여 아쉽 ㅠㅠ,0,2025-01-03
f724A1uYpr4,UgzphkA36bwbmYfHOGN4AaABAg,@odreykim7067,냉장 냉동  품번 알 수 있을까요,0,2024-11-22
f724A1uYpr4,UgxiXAlx_peFGQnOlkN4AaABAg,@선샤인-e7z,용량이 얼마예요?,0,2024-09-24
f724A1uYpr4,UgxRhM3m9RIVCvuxQHV4AaABAg,@미-h4t,안녕하세요😊혹시 냉동실 서랍정리용품 어디제품인지 알수있을까요??혹시 사이즈도요,1,2024-12-22
f724A1uYpr4,Ugw0duyUvpHxHTfSlAR4AaABAg,@정미신-m3c,여기에 나온냉장고들 LG  인가요 2단서랍장도요,6,2024-08-17
f724A1uYpr4,UgzzgybvM4WHzLvVuWp4AaABAg,@쿨피스-y2i,너무 이쁘네요 한쪽 씩 2짝 구매하는건가요 ??,0,2025-07-22
f724A1uYpr4,UgxtduMPMmoVtaDDQQ94AaABAg,@순둥이엄마tv,😊,0,2026-04-11
f724A1uYpr4,Ugz79y3z5WWPHo-BKNt4AaABAg,@Peace_love_hope_,"냉장고 +냉동고 따로 사서 붙여놓았나요?
센스있으시네요",7,2024-08-22
f724A1uYpr4,UgzpTJxFY_MxVsZWbTV4AaABAg,@자몽-s1h,손잡이 제품은 매장에서는 안팔고 lg홈페이지 온라인에서만 구매가능해요.매장에서는 손잡이 후속모델로 손잡이 없는 터치제품만 구매가능하다고 하더라구요.,11,2024-08-23
f724A1uYpr4,UgyCITwRbxWKSR0zMn14AaABAg,@김닭발-l1e,깔끔하고 이쁘네요🥰색상은 스테인레스실버?인가요??,3,2025-02-03
f724A1uYpr4,UgzJfRiomkSQDW5AbwV4AaABAg,@양혜란-r3p,혹시 용량이 괜찮으신가요?? ㅜㅜ,0,2024-08-29
f724A1uYpr4,UgxZl-QFMwadfgL0A2h4AaABAg,@아이브라운,자석이 안붙는게 좋은금속이 아닌가요?,7,2024-08-18
f724A1uYpr4,UgyDn1cdunt8K9-4LlB4AaABAg,@Turtle-ttt,냉동고 정리함은 어떤거 쓰시나요?,2,2024-08-14
f724A1uYpr4,UgzudchNgo3N0IQwzgd4AaABAg,@briannickyhong3509,10배? ㅋㅋㅋ 참 잘 갖다붙힌다,0,2025-01-09
f724A1uYpr4,UgzdMFA9UyrXMO53qH94AaABAg,@황보래용-i1k,"손잡이 있는건 구형.
LG 컨버터블 중국산 냉장고.
애칭이 이쁜 쓰레기인 냉장고.",0,2026-04-27
f724A1uYpr4,Ugy6bh5WPKjaXPIUehl4AaABAg,@2473marine,냉동실 칸막이는 뭔가요? ^^,2,2025-01-18
QLm3DTCfmeU,Ugzy7Jp8lni36fRysOt4AaABAg,@JS-ij6jd,"영상 잘봤습니다.
미니멀라이프라고 하셨는데 풀세팅라이프 아닐까싶을정도로 잘꾸미셨네요🤣",2,2026-01-13
QLm3DTCfmeU,UgxTQ8n1Dt6d8C0wZGV4AaABAg,@Tchannel0517,화장실 간접등 은은한게 엄청 이쁘네요. 그외 인테리어도 집이랑 딱이면서 미니멀한게 제 취향이네요,1,2026-03-22
QLm3DTCfmeU,Ugy5UzuZSTsVEnkpCXJ4AaABAg,@이슬이-y5g,뷰가  보기 너무 좋아요  부러워요,1,2026-01-10
QLm3DTCfmeU,UgyRPebbY8NM3e1DAQJ4AaABAg,@39zjuhnj17,좋네요🎉,0,2026-01-19
QLm3DTCfmeU,Ugwdp-RQS3_B0TQ79A94AaABAg,@bemylovelybaby,키가 시원시원 크셔서 높은 붙박이 장도 일상적으로 쓰실 수 있겠어요. 저에겐 넘 높아서 처박템만 쌓아놓습니다ㅠㅠㅠㅠ,1,2025-12-13
QLm3DTCfmeU,UgxXn-qLDC6ppN4iK9N4AaABAg,@귀요미-j7d,좋겠따. ㅜ,0,2026-04-16
QLm3DTCfmeU,UgxDODtP73pnCXZyr5J4AaABAg,@지나-x2e,화장실 간접등 어떻게 설치하셧는지 궁금해요!,0,2026-05-20
QLm3DTCfmeU,UgwzNoZ3UuX0QytkWQJ4AaABAg,@doeun-bk4if,집 너무 예뻐요!ㅎㅎ 비데랑 공기청정기 어떤제품 쓰시는지 여쭤봐도 될까요??,1,2025-12-18
QLm3DTCfmeU,UgyykCZDfdYxPv_xDmB4AaABAg,@ant_kingcap,동효님 행복해보이는 모습 늘 응원해요,1,2025-12-12
QLm3DTCfmeU,Ugwou0u9k85etXzoYgp4AaABAg,@언젠간좋은날,"키 180인데 줄여서 얘기하신거죠😂😂
저도 173이라 저랑 비슷한 정도신가 했더니 엄청 크시네요!",0,2026-04-17
QLm3DTCfmeU,UgyWe7TUtwRPAPZJfQd4AaABAg,@rrses4c2w,거실이 25평치고 진짜 넓게 잘 빠졌네요. 인테리어 잘 봤습니다 ~~!^^,2,2025-10-12
QLm3DTCfmeU,UgwkV0Hlx12Sy8C_7FN4AaABAg,@ha-j2l-p6x,냉장고 컬러 알수있을까요?,1,2026-03-23
QLm3DTCfmeU,UgxctpqBhru4exmfbvx4AaABAg,@이르케이,잘봤어요 집정말 좋내요~,1,2025-08-12
QLm3DTCfmeU,UgyMdiH-GduiiN5-6-d4AaABAg,@나비로니,"와 쇼파 제가 딱 찾던 스타일!❤
저랑 취향 마니 겹쳐용
저도 유리테이블 관리하기힘들어서 싫구
티비다이도 먼지닦기시러서 ㅎㅎ 😊
집도 간접등만키는거 선호함",1,2025-08-20
QLm3DTCfmeU,UgyM5bofuytrUsBwA6h4AaABAg,@baekpd,주방이 작고 거실이 넓은 거 보니 대방건설 같네요.,0,2026-01-11
QLm3DTCfmeU,UgzonKaq4w_5lOkXg3h4AaABAg,@yongsunlee9451,워시타워 공간 아쉽다!,0,2026-04-25
QLm3DTCfmeU,UgyaA7V9OgCl3oqJ_VJ4AaABAg,@나나-s4j3q,1주년 기념 사진 찍으신 스튜디오 정보 좀 알려주세요~ 넘 이뻐요 ㅎㅎ,0,2026-01-28
QLm3DTCfmeU,UgxYKiKHepKyotKxAtl4AaABAg,@Goyadin,"화장실 간접등 너무 예뻐요 !
참고할게용 ㅎㅎ 
혹시 갑티슈 케이슈 블루색 제품 어디껀지 알려주실 수 있나용 ??",0,2025-12-10
QLm3DTCfmeU,UgxdIepDjxaz-j0Noql4AaABAg,@reveriehell3353,위시타워는 문을 반대쪽으로 열게끔 못 바꾸나요? 그 경첩 위치만 바꾸면 왼쪽에서 오른쪽으로 열 수 있을텐데용,0,2025-10-11
QLm3DTCfmeU,Ugxiovf_twFRZmXITW94AaABAg,@mini-fi,집 넘흐 좋네요 ㅎㅎㅎ냉장고에서 얼음 알 낳는거 왜케 웃기죸ㅋㅋㅋㅋ??,1,2025-08-21
QLm3DTCfmeU,UgyKGWVUMQMvdJwXBe94AaABAg,@이소현-n4x,집이 너무 이뻐요~ 거실 우물천장에 직부등떼고 다운라이트4구 하신거 같은데 조도는 괜찮으세요??,0,2025-08-18
QLm3DTCfmeU,UgyqeGp1SmS7tAuThrp4AaABAg,@팅이화,잘봤어요 쇼파가 정말 좋네요 ~,1,2025-08-13
QLm3DTCfmeU,UgzjgTXb9zhV65Wx1154AaABAg,@eateatstarve,센스가 정말 좋으시네요❤ 이 집 그대로 손민수하고 싶어요,1,2025-08-14
QLm3DTCfmeU,UgxmLv-drS4UBTylo-J4AaABAg,@woo772,집이 제가 생각한 모습이에요!!😊 혹시 거실 길이와 폭 알려주실 수 있으실까요??,0,2025-09-15
QLm3DTCfmeU,UgxTlU_48tyOFiRBsPN4AaABAg,@wkd-pd6ew,집구경 잘보았습니다!! 혹시 보일러 옮기는 업체좀 알수있을까요?ㅠㅠ,0,2025-09-20
QLm3DTCfmeU,UgwkipKmTN4HhfR0XNN4AaABAg,@dkethan6500,신혼을 아파트로 한다는게 대단합니다,0,2025-08-17
QLm3DTCfmeU,UgxeDXZltxaR_YxVckV4AaABAg,@Luvallthetime,화장실 간접등은 직접 설치하셨나용?? 정보 궁금해요💡,0,2025-08-17
QLm3DTCfmeU,UgxQWHVTjIKPvLfKPxV4AaABAg,@YJLee-g3r,쇼파 정보좀 알수 있을까요? 쇼파 좋네요~~,0,2026-02-25
QLm3DTCfmeU,UgwHmZeJ0hn-rwpG0Dd4AaABAg,@Fgesxgrr,포레나 맞죠? 저도 내년4월에 입주인데 기대가 큽니다 ㅎㅎ,0,2025-12-03
QLm3DTCfmeU,UgxpeDBQE3nDOaUVadZ4AaABAg,@광튜브-x4u,잘꾸미셨네용ㅎㅎ미니멀하니 좋아보여요!!  저도 신혼집으로 25평 청약당첨되서 기다리는 중인데 거실 사이즈(쇼파벽부터 티비벽까지) 알수 있을까요?? 저희는 3.5m라 작을 까봐 걱정이네요ㅜㅠㅠ,0,2025-08-28
QLm3DTCfmeU,Ugx8DrTskCgqMaAv-yZ4AaABAg,@Eeejdnmnk12,혹시 트리니티 홈카페 수납장 색상 뭘로하셨어요?,1,2025-08-15
QLm3DTCfmeU,UgysRsBWBDj_OCLGNh54AaABAg,@단테세바스찬,정말 엄청난 미인이시네요. 키도 엄청 크시구요.,4,2025-09-13
QLm3DTCfmeU,UgyT2qC_r_3DreOFVEN4AaABAg,@pluv116,이불 침구류 궁금해요오,0,2025-11-12
QLm3DTCfmeU,UgxDQxAddtaof8rIN6J4AaABAg,@bittnna,영상 잘봤습니다 !! 거실 러그 정보 알수있을까요? 넘예뻐요!,0,2026-01-03
QLm3DTCfmeU,UgwM7rcvlzMl5tzRNXN4AaABAg,@dksjsknw,화장실 간접등 시공하셨나요??,0,2025-10-28
QLm3DTCfmeU,UgxL1GFeAOyqsHTGa2p4AaABAg,@jiho0225-w7r,간접조명 시공업체 알수있나요?,0,2025-08-17
QLm3DTCfmeU,Ugy3OrTOmzOZsIVSnhl4AaABAg,@sshrjs,집 깔끔하니 좋네요 몇 층인가요?,0,2025-08-29
QLm3DTCfmeU,UgxCIoHaOLxzNZNGX7p4AaABAg,@takenlee7283,거실 어둡지 않으신가요?,0,2025-10-15
QLm3DTCfmeU,UgzTIHDboae1XqP0rb94AaABAg,@림스냥,쓰레기통 30L안큰가요??,0,2025-10-14
QLm3DTCfmeU,Ugz9WfOlWac8Seujqah4AaABAg,@크흐즈,소파 어디껀지 알 수 있을까요??,1,2025-08-14
QLm3DTCfmeU,Ugz-lqqZDTrRojYItIV4AaABAg,@spdhskclwma4563,음식을 안하는가보네요,0,2026-04-19
QLm3DTCfmeU,UgwVYiP8P9az33KRbQh4AaABAg,@이형근-b8u,오 구월포레나네요,0,2025-09-26
QLm3DTCfmeU,UgwbD5-wskJ7C8Rwm2Z4AaABAg,@앨리의저장고,식탁 사이즈 1000인가요?,1,2026-04-30
QLm3DTCfmeU,UgzXqQ0VueI1_mJjsgl4AaABAg,@marineblue6003,미니멀 라이프는 아닌것 같은데요....,0,2026-05-12
QLm3DTCfmeU,UgzyA-pwI4pjqrBu7NB4AaABAg,@1002-v6r,서울인가요??^^,0,2025-08-18
QLm3DTCfmeU,UgyX0ep71R5OQz-9lex4AaABAg,@니니-e2b,바닥 타일 하고 벽 타일은. 따로 업체 에 하신건가요??? 아니면. 입주할때 옵션으로하신건가요 혹시 업체 에서 했다면 가격 이름알수있을까요. ??,1,2025-08-15
QLm3DTCfmeU,UgzsUyeoi-Rl65k86D54AaABAg,@유나-w8x,25평이 좀 작게 빠졌네요 잘보고가요~,0,2025-08-13
QLm3DTCfmeU,Ugz9b58y6jYzL7r02yN4AaABAg,@dy_ddy,비싼제품 쓰시네요 😂😂,1,2025-08-16
QLm3DTCfmeU,UgwpRLloFNWUFiLcbHx4AaABAg,@alskdjdieng,뭔 룸투어들마다 전부 거실화장실은 손님화장실이래 ㅋㅋㅋㅋ 손님이 얼마나 온다고,1,2025-11-02
QLm3DTCfmeU,UgzZ3MF4krrs8I1oXRB4AaABAg,@mr.lee12345,소파 얼마에 구매하셨나요,3,2025-11-24
QLm3DTCfmeU,UgxTjXyISpctHWK42iJ4AaABAg,@달고나-j8d,25평은 시스템에어컨은 안하는게 나을듯 천장이 너무 내려와서 거실이 좁아보이는데 실링까지 설치해서 많이 좁아보입니다.거실쇼파도 너무 큰듯,0,2025-08-15
QLm3DTCfmeU,UgwWwpvYqqNhP9qdE4d4AaABAg,@경우현-g2g,아파트이름이뭔가요,2,2025-08-14
QLm3DTCfmeU,UgzKBt2tHd5C6xV-mjt4AaABAg,@gamsal_9,쇼파 편한가요???,1,2025-09-09
QLm3DTCfmeU,UgzHHwD8Kx5YyeoHF1l4AaABAg,@매백남-t5v,구월포레나군요. 매매나 전세 얼마에요??,0,2025-10-02
QLm3DTCfmeU,UgxoZklUtGXSQxvm8xF4AaABAg,@리미-y4y,집 진짜 작네요 ㅎㅎㅎ,0,2025-08-21
QLm3DTCfmeU,UgyF1b0F6X3OtW82yJR4AaABAg,@마이키-y8g,흠 로보락은 중국산이라 보안에 안좋은데,1,2025-10-07
B6FQpFcOT7o,Ugz7xlkjWQjPNbbfQat4AaABAg,@스윗-s9p,빌레 이쁘죠^^ 진짜 호불호없는듯요!,4,2025-08-17
B6FQpFcOT7o,Ugzo2Ta8kNaMsnjLrpJ4AaABAg,@오수-h6d,3 번   4 인셋트  가격알고 싶네요~~,2,2025-07-29
B6FQpFcOT7o,Ugy-sE-_hmVhyzejc694AaABAg,@kang000-w3m,유럽풍 플라워그릇은 한국식탁에안어울림,9,2026-01-16
B6FQpFcOT7o,Ugy-B4j1Mt2HqHTniI54AaABAg,@로이스-u5i,그릇 가격도 좀갈켜주세요 혼수용 고른중이거든요,1,2026-02-10
B6FQpFcOT7o,UgwQrZ2wxgWjRj0N3f54AaABAg,@퍼스널헤어디자인,맨처음 나오는그릇 브랜드가뭐예요???😮,6,2025-07-05
B6FQpFcOT7o,UgyQPpm0ULOXVKf_l2R4AaABAg,@최현주-s7p,김정은 흉내내냐?  대한민국 대통령이 그렇게 할일 없는 자리야??,1,2026-02-09
