category,keyword,video_title,channel,comment,likes,published,video_id
공통_제품탐색,광파오븐 추천,2026년 요즘 잘팔리는 광파오븐 추천순위 TOP10,세상의 모든 쇼핑,"🔥광파오븐 TOP10🔥

10위 마이디어 3 in 1 멀티쿠커 광파오븐 23L
172,900원
구매링크👉 https://link.coupang.com/a/d2Mhna3Mei

9위 쿠잉전자 4in1 멀티 에어프라이어 복합 광파오븐레인지 23L
179,000원
구매링크👉 https://link.coupang.com/a/d2MdBK6SA0

8위 매직쉐프 더 매직온 스마트 광파오븐 40L 
275,000원
구매링크👉 https://link.coupang.com/a/d2L848Vc2C

7위 신일 광파오븐 12L 
46,990원
구매링크👉 https://link.coupang.com/a/d2L5XAtGW4

6위 키친아트 라이트 웨이브 광파오븐 12L 
46,000원
구매링크👉 https://link.coupang.com/a/d2L7khSQUK

5위 LG전자 디오스 오브제컬렉션 광파 오븐
688,560원
구매링크👉 https://link.coupang.com/a/d2L3Zyebls

4위 키친아트 광파오븐
44,900원
구매링크👉 https://link.coupang.com/a/d2L2aeEMeG

3위 나비엔매직 트리플광파 오븐 블랙 23L 
179,000원
구매링크👉 https://link.coupang.com/a/d2LZ6cepGe

2위 마이디어 광파오븐 에어프라이어 23L 
141,640원
구매링크👉 https://link.coupang.com/a/d2LXhHnHTo

1위 LG전자 디오스 오브제컬렉션 광파오븐
347,180원
구매링크👉 https://link.coupang.com/a/d2LYVi0OZg

(AD) 쿠팡 제휴마케팅 수수료를 제공받습니다.
채널을 운영하는데 큰 도움이 됩니다. 감사합니다",1,2026-05-26,M_DKFeYyzIM
공통_제품탐색,광파오븐 추천,광파오븐 추천]ㅣ많이 사는 핫템 lg광파오븐 BEST 5 알려드립니다.,리뷰뱅크,"영상 속 lg광파오븐 구매링크:
https://link.coupang.com/a/dNBRSU
이 포스팅은 쿠팡파트너스 활동의 일환으로, 이에 따른 일정액의 수수료를 제공받습니다.

1위 : 조지루시 오븐레인지 에브리노 화이트 26L, ESGWH26K-WA
가격 : 799,000원
링크 : https://link.coupang.com/a/dNBRSU

2위 : LG전자 디오스 오브제컬렉션 광파 오븐 방문설치
가격 : 627,600원
링크 : https://link.coupang.com/a/dNBRSX

3위 : 신출시 마이디어 올인원 콤비 오븐 X23 스팀 에어프라이어 그릴 전자레인지 4IN1 25L, MMO23XHA-ASSBBL
가격 : 429,000원
링크 : https://link.coupang.com/a/dNBRS1

4위 : LG전자 디오스 오브제컬렉션 광파오븐 방문설치
가격 : 344,680원
링크 : https://link.coupang.com/a/dNBRS5

5위 : 리빙웰 65L 대용량 컨벡션 오븐 제과 제빵 가정용 업소용 OV650
가격 : 248,000원
링크 : https://link.coupang.com/a/dNBRS8

감사합니다.",0,2026-02-16,wl1opc6xd5w
공통_제품탐색,광파오븐 추천,"엘지광파오븐 추천, 파격특가 할인정보 가성비 TOP5",돈데크만,"쿠팡파트너스 활동의 일환으로 소정의 수익이 발생합니다.
제품에 대한 상세보기는 아래 더보기 참고해주세요.
▼▽▼▽▼▽▼▽▼▽▼▽▼▽▼▽▼▽▼▽▼▽

★★엘지광파오븐 BEST5 추천정보★★


1위 [LG전자 디오스 오브제컬렉션 광파 오븐 방문설치] 641,000원
☞ https://link.coupang.com/a/dyyI3D ☜

2위 [위즈웰 인헨스2 스팀 전기오븐, WOP200] 547,160원
☞ https://link.coupang.com/a/dyyI4P ☜

3위 [LG전자 디오스 오브제컬렉션 광파오븐 방문설치] 323,940원
☞ https://link.coupang.com/a/dyyI6v ☜

4위 [위즈웰 인헨스 전기오븐 40L, WOP100] 389,000원
☞ https://link.coupang.com/a/dyyI7O ☜

5위 [LG전자 디오스 오브제컬렉션 광파오븐 방문설치] 415,200원
☞ https://link.coupang.com/a/dyyJaj ☜



#가성비 #추천 #최고 #베스트셀러 #인기 #엘지광파오븐",0,2026-01-25,rqFLoBxoEeI
공통_제품탐색,광파오븐 추천,"lg광파오븐 추천, 갓성비 최신제품 가성비 TOP5",모두의 리뷰,"쿠팡파트너스 활동의 일환으로 소정의 수익이 발생합니다.
제품에 대한 상세보기는 아래 더보기 참고해주세요.
▼▽▼▽▼▽▼▽▼▽▼▽▼▽▼▽▼▽▼▽▼▽

★★lg광파오븐 BEST5 추천정보★★


1위 [LG전자 디오스 오브제컬렉션 광파 오븐 방문설치] 674,640원
☞ https://link.coupang.com/a/esELIw ☜

2위 [LG전자 디오스 오브제컬렉션 광파오븐 방문설치] 347,500원
☞ https://link.coupang.com/a/esELJU ☜

3위 [발뮤다 더 레인지 전기오븐레인지, K09B(White)] 648,890원
☞ https://link.coupang.com/a/esELLp ☜

4위 [발뮤다 더 레인지 스테인리스, K09B-SU] 834,000원
☞ https://link.coupang.com/a/esELM3 ☜

5위 [(LG전자) DIOS(디오스) 빌트인 광파오븐 38L 그릴 에어프라이어 레인지 오븐 (블랙/MZ385EBTA)] 425,800원
☞ https://link.coupang.com/a/esELOk ☜



#가성비 #추천 #최고 #베스트셀러 #인기 #lg광파오븐",0,2026-04-21,oLkN7TW6Qtg
공통_제품탐색,광파오븐 솔직후기,내돈내산! 솔직히 실망했습니다.. 전자레인지+에어프라이어+오븐이 다 되는 LG 디오스 오브제 컬렉션 광파오븐 찐 리얼후기,고니 GONI,"🦌영상 속 제품 구매링크

쿠팡에서 필요한 것 구매하면 쿠팡으로부터 일정액의 수수료를 고니TV채널이 제공 받아
내돈내산 리뷰 운영에 도움이 됩니다.

✔LG 오브제 컬렉션 광파오븐 구매하기 (컬러선택 가능)
https://link.coupang.com/a/bt8jmF

✔ 아무거나 구매하기-https://coupa.ng/b7A8Ym
✔ 위의 링크를 통해 제품을 구매하면 고니에게 소정의 수수료가 지급됩니다",9,2024-03-14,2CQzQt9I7fI
공통_제품탐색,광파오븐 솔직후기,내돈내산! 솔직히 실망했습니다.. 전자레인지+에어프라이어+오븐이 다 되는 LG 디오스 오브제 컬렉션 광파오븐 찐 리얼후기,고니 GONI,청소도 편하고 베이킹이랑 요리도 가능해서 전 잘쓰고 있는데요...,22,2024-05-02,2CQzQt9I7fI
공통_제품탐색,광파오븐 솔직후기,내돈내산! 솔직히 실망했습니다.. 전자레인지+에어프라이어+오븐이 다 되는 LG 디오스 오브제 컬렉션 광파오븐 찐 리얼후기,고니 GONI,"저도 있지만 제과제빵에는 정말 많이 미흡하더라구요. 그래서 많이 아쉬웠어요.
초보용. 그냥 게초적인거 만들기엔 부족함 없어보여요. 까다로운것 아랫불이 필요한것 등이 아쉬워요. 아랫쪽에 불이 들어오면 좋겠다싶지만 기술적인 문제인지 모르겠지만요😅",11,2024-10-22,2CQzQt9I7fI
공통_제품탐색,광파오븐 솔직후기,내돈내산! 솔직히 실망했습니다.. 전자레인지+에어프라이어+오븐이 다 되는 LG 디오스 오브제 컬렉션 광파오븐 찐 리얼후기,고니 GONI,딱 전자레인지 고장나서 보고 있는데 댓글보고 안사기로 결정!,2,2026-01-12,2CQzQt9I7fI
공통_제품탐색,광파오븐 솔직후기,내돈내산! 솔직히 실망했습니다.. 전자레인지+에어프라이어+오븐이 다 되는 LG 디오스 오브제 컬렉션 광파오븐 찐 리얼후기,고니 GONI,진정성 느껴져서 믿음이 갑니다,15,2024-10-15,2CQzQt9I7fI
공통_제품탐색,광파오븐 솔직후기,내돈내산! 솔직히 실망했습니다.. 전자레인지+에어프라이어+오븐이 다 되는 LG 디오스 오브제 컬렉션 광파오븐 찐 리얼후기,고니 GONI,"저는 모든 기능 다 잘 쓰고 있어요! 그런데 에어프라잉 기능이랑 오븐이랑 따로 구분이 안되어 있는건 불편하긴해요 ㅎㅎ 저는 오븐 요리, 베이킹 너무 잘 쓰고 있습니다. 집이 좁은 사람한테는 이렇게 하나에 있는게 훨씬 좋은 것 같아요 ㅎㅎ",2,2024-12-21,2CQzQt9I7fI
공통_제품탐색,광파오븐 솔직후기,내돈내산! 솔직히 실망했습니다.. 전자레인지+에어프라이어+오븐이 다 되는 LG 디오스 오브제 컬렉션 광파오븐 찐 리얼후기,고니 GONI,"지난주 배송받아 디오스 광파오븐 설치했는데
오븐을 해도 구를 해도 위에 열선에 빨갛게 가열이 안되고 오븐도 광파램프가 빨갛게 안나오고 상단 우측 조금한 흰색 led만 하나 켜져 있어요, 불량인거죠?
오븐 구이 에어플라이어 뭘해도 뒤에서 열풍난 나와서 온도를 올려주는것 같아요,
서비스 기사님한테도 열풍만 나오면 에어플라이어 쓰지 광파오븐을 왜쓰냐고 했는데,
원래 빨간불이 안들어오는게 맞을까요?
오븐이랑 구이설정하고 자세히 보니깐 
위에 광파 램프랑 열선이 1.5초 정도 빨개지다가 틱하고 꺼지고 열풍만 나오던데 불량이 아닌건가요?",4,2025-01-22,2CQzQt9I7fI
공통_제품탐색,광파오븐 솔직후기,내돈내산! 솔직히 실망했습니다.. 전자레인지+에어프라이어+오븐이 다 되는 LG 디오스 오브제 컬렉션 광파오븐 찐 리얼후기,고니 GONI,"깔끔리뷰 감사합니다!
많은 도움이 됐습니다
구매하러 가야겠네요 ㅎㅎ",2,2024-09-09,2CQzQt9I7fI
공통_제품탐색,광파오븐 솔직후기,내돈내산! 솔직히 실망했습니다.. 전자레인지+에어프라이어+오븐이 다 되는 LG 디오스 오브제 컬렉션 광파오븐 찐 리얼후기,고니 GONI,ㅋㅋㅋㅋㅋㅋㅋㅋ 영상 감사합니다!!! 자취예정인,2,2024-06-05,2CQzQt9I7fI
공통_제품탐색,광파오븐 솔직후기,내돈내산! 솔직히 실망했습니다.. 전자레인지+에어프라이어+오븐이 다 되는 LG 디오스 오브제 컬렉션 광파오븐 찐 리얼후기,고니 GONI,감사삽니다~~살까말까 고민 중이었는데 도움 많이 되었어요.,5,2025-01-05,2CQzQt9I7fI
공통_제품탐색,광파오븐 솔직후기,내돈내산! 솔직히 실망했습니다.. 전자레인지+에어프라이어+오븐이 다 되는 LG 디오스 오브제 컬렉션 광파오븐 찐 리얼후기,고니 GONI,그릴이 낮은거 높은거 두개던데 언제 사용해야하는지 혹시 아시나요?,1,2024-11-26,2CQzQt9I7fI
공통_제품탐색,광파오븐 솔직후기,내돈내산! 솔직히 실망했습니다.. 전자레인지+에어프라이어+오븐이 다 되는 LG 디오스 오브제 컬렉션 광파오븐 찐 리얼후기,고니 GONI,저도같은제품 ㅠ 전 완젼별로요 전자렌지기능도 일반전자렌지가 사용하기편하고 에프기능도 일반 에프가 더 잘되요 ㅠㅠ자리만차지하고 내가 이돈주고왜샀는지 ㅡㅡ방출하려합니다,36,2024-06-10,2CQzQt9I7fI
공통_제품탐색,광파오븐 솔직후기,내돈내산! 솔직히 실망했습니다.. 전자레인지+에어프라이어+오븐이 다 되는 LG 디오스 오브제 컬렉션 광파오븐 찐 리얼후기,고니 GONI,굳정보 감사합니다 ~~,1,2025-10-08,2CQzQt9I7fI
공통_제품탐색,광파오븐 솔직후기,내돈내산! 솔직히 실망했습니다.. 전자레인지+에어프라이어+오븐이 다 되는 LG 디오스 오브제 컬렉션 광파오븐 찐 리얼후기,고니 GONI,어... 복합오븐으로 맘 정하고 삼성이냐 엘지냐 계산중인데... 그냥 다 포기해야되나... 😅,3,2024-12-30,2CQzQt9I7fI
공통_제품탐색,광파오븐 솔직후기,내돈내산! 솔직히 실망했습니다.. 전자레인지+에어프라이어+오븐이 다 되는 LG 디오스 오브제 컬렉션 광파오븐 찐 리얼후기,고니 GONI,와 진짜 본 리뷰 중에 가장 솔직하고 제일 도움이 많이 되었어요! 감사합니다 😊,21,2024-04-22,2CQzQt9I7fI
공통_제품탐색,광파오븐 솔직후기,내돈내산! 솔직히 실망했습니다.. 전자레인지+에어프라이어+오븐이 다 되는 LG 디오스 오브제 컬렉션 광파오븐 찐 리얼후기,고니 GONI,에어프라이어 온도조절 휴대폰으로도 할수없나요??,0,2025-01-10,2CQzQt9I7fI
공통_제품탐색,광파오븐 솔직후기,내돈내산! 솔직히 실망했습니다.. 전자레인지+에어프라이어+오븐이 다 되는 LG 디오스 오브제 컬렉션 광파오븐 찐 리얼후기,고니 GONI,삼성 vs 엘지 비교하면 삼성제품을 더 추천하는 편인가요?,3,2025-06-25,2CQzQt9I7fI
공통_제품탐색,광파오븐 솔직후기,내돈내산! 솔직히 실망했습니다.. 전자레인지+에어프라이어+오븐이 다 되는 LG 디오스 오브제 컬렉션 광파오븐 찐 리얼후기,고니 GONI,"😊    후라이팬에  굽는 생선보다  맛있을줄  알았는데.
ㅠ  실망이네요",4,2024-07-16,2CQzQt9I7fI
공통_제품탐색,광파오븐 솔직후기,내돈내산! 솔직히 실망했습니다.. 전자레인지+에어프라이어+오븐이 다 되는 LG 디오스 오브제 컬렉션 광파오븐 찐 리얼후기,고니 GONI,조아요~~,0,2025-10-21,2CQzQt9I7fI
공통_제품탐색,광파오븐 솔직후기,내돈내산! 솔직히 실망했습니다.. 전자레인지+에어프라이어+오븐이 다 되는 LG 디오스 오브제 컬렉션 광파오븐 찐 리얼후기,고니 GONI,일찍 달려왔죠,6,2024-03-14,2CQzQt9I7fI
공통_제품탐색,광파오븐 솔직후기,내돈내산! 솔직히 실망했습니다.. 전자레인지+에어프라이어+오븐이 다 되는 LG 디오스 오브제 컬렉션 광파오븐 찐 리얼후기,고니 GONI,"2주간 사용해 본 결과 냄새, 공간의 장점을 제외하면 비추천. 청소 할게 너무~~ 많음.",15,2024-04-25,2CQzQt9I7fI
공통_제품탐색,광파오븐 솔직후기,내돈내산! 솔직히 실망했습니다.. 전자레인지+에어프라이어+오븐이 다 되는 LG 디오스 오브제 컬렉션 광파오븐 찐 리얼후기,고니 GONI,빌트인 오븐 구매는 어디서 하나요?,1,2025-03-12,2CQzQt9I7fI
공통_제품탐색,광파오븐 솔직후기,내돈내산! 솔직히 실망했습니다.. 전자레인지+에어프라이어+오븐이 다 되는 LG 디오스 오브제 컬렉션 광파오븐 찐 리얼후기,고니 GONI,와우 상세한 리뷰 감사해요 고니님!,4,2024-03-21,2CQzQt9I7fI
공통_제품탐색,광파오븐 솔직후기,내돈내산! 솔직히 실망했습니다.. 전자레인지+에어프라이어+오븐이 다 되는 LG 디오스 오브제 컬렉션 광파오븐 찐 리얼후기,고니 GONI,"안녕하세요 오브제오븐, 빌트인오븐 고민중인데 (광파오븐, 에프기능,스팀기능은 둘 다 있을시)
빌트인 모델과 빌트인 아닌 오브제모델과 큰 차이가있나요??",0,2025-05-11,2CQzQt9I7fI
공통_제품탐색,광파오븐 솔직후기,내돈내산! 솔직히 실망했습니다.. 전자레인지+에어프라이어+오븐이 다 되는 LG 디오스 오브제 컬렉션 광파오븐 찐 리얼후기,고니 GONI,결국 스팀기능만 쓸만한제품이군요,0,2024-08-03,2CQzQt9I7fI
공통_제품탐색,광파오븐 솔직후기,내돈내산! 솔직히 실망했습니다.. 전자레인지+에어프라이어+오븐이 다 되는 LG 디오스 오브제 컬렉션 광파오븐 찐 리얼후기,고니 GONI,이거보고 그냥 전자레인지로 바꾸기로 결정했습니다,7,2025-05-01,2CQzQt9I7fI
공통_제품탐색,광파오븐 솔직후기,내돈내산! 솔직히 실망했습니다.. 전자레인지+에어프라이어+오븐이 다 되는 LG 디오스 오브제 컬렉션 광파오븐 찐 리얼후기,고니 GONI,우리집 있는데 안 좋아요.😢,0,2025-12-09,2CQzQt9I7fI
공통_제품탐색,광파오븐 솔직후기,내돈내산! 솔직히 실망했습니다.. 전자레인지+에어프라이어+오븐이 다 되는 LG 디오스 오브제 컬렉션 광파오븐 찐 리얼후기,고니 GONI,돈 아까운 오븐..하..ㅜㅜ,0,2025-11-21,2CQzQt9I7fI
공통_제품탐색,광파오븐 솔직후기,내돈내산! 솔직히 실망했습니다.. 전자레인지+에어프라이어+오븐이 다 되는 LG 디오스 오브제 컬렉션 광파오븐 찐 리얼후기,고니 GONI,"에어프라이어 기능은 어떤가요? 그냥 냉동 치킨, 만두, 붕어빵 같은거 전자레인지로 돌릴때와 다르게 바삭하게만 되면 저는 만족할 것 같은데...",1,2025-12-10,2CQzQt9I7fI
공통_제품탐색,광파오븐 솔직후기,내돈내산! 솔직히 실망했습니다.. 전자레인지+에어프라이어+오븐이 다 되는 LG 디오스 오브제 컬렉션 광파오븐 찐 리얼후기,고니 GONI,"잘생긴형, 근데 광파오븐하고 에어프라이어랑 차이가 뭐야?",0,2025-01-07,2CQzQt9I7fI
공통_제품탐색,광파오븐 솔직후기,내돈내산! 솔직히 실망했습니다.. 전자레인지+에어프라이어+오븐이 다 되는 LG 디오스 오브제 컬렉션 광파오븐 찐 리얼후기,고니 GONI,도움이 많이 되었습니다 감사합니다,1,2024-10-22,2CQzQt9I7fI
공통_제품탐색,광파오븐 솔직후기,내돈내산! 솔직히 실망했습니다.. 전자레인지+에어프라이어+오븐이 다 되는 LG 디오스 오브제 컬렉션 광파오븐 찐 리얼후기,고니 GONI,"아.. 한 삼년 그러려니 하고 쓰다가 렌지 고장나서 a/s 불렀는데 기사님 오는데만 삼일 걸리고 부품없다고 또 5일 후에 온다는데.. 심지어 센서값이 127,000
거기다 출장비 27,000(이건 센서값에 포함되는건데 첨 오신 기사분이 잘못 알려주심) 127,000주고 수리~
이돈을 주고 맘에도 안드는걸 쓰는게 맞나 고민중..
그릴 오븐 에프 다 되는데 렌지 센서만 고장난건지.. 그렇다면 무슨 렌지 센서가 그값이 나가나 싶고.. 좀 더 알아보고 살걸.. 후회가 사무친다 ㅠㅠ",1,2025-10-31,2CQzQt9I7fI
공통_제품탐색,광파오븐 솔직후기,내돈내산! 솔직히 실망했습니다.. 전자레인지+에어프라이어+오븐이 다 되는 LG 디오스 오브제 컬렉션 광파오븐 찐 리얼후기,고니 GONI,"전자레인지로 계란찜도 못만들어먹습니다.. 당근판매한지 오래.. 진짜 개최악 ㅋㅋㅋㅋㅋㅋ 전자레인지, 오븐, 에프 하나의 기능도 제대로 못하는 이도저도아닌 애물단지",3,2025-12-17,2CQzQt9I7fI
공통_제품탐색,광파오븐 솔직후기,내돈내산! 솔직히 실망했습니다.. 전자레인지+에어프라이어+오븐이 다 되는 LG 디오스 오브제 컬렉션 광파오븐 찐 리얼후기,고니 GONI,삼성엘지좋은점 녹이나 부식이거의안남 잠깐쓸물건은 중국산 6개월지나보면  부식과 페인트 벗겨짐 오랫동안쓸거면 국산최고,0,2026-02-12,2CQzQt9I7fI
공통_제품탐색,광파오븐 솔직후기,내돈내산! 솔직히 실망했습니다.. 전자레인지+에어프라이어+오븐이 다 되는 LG 디오스 오브제 컬렉션 광파오븐 찐 리얼후기,고니 GONI,이번에 새로출시된 제품 구입하려다 보게 되었습니다. 그래도 현시점 가장 좋은 스펙의 복합오븐이 아닐까 싶어요. 주방공간은 한정적이고  이거저거 두다 보면 조리공간이 부족해져서ㅎㅎ 전자렌지 오븐 에어프라이어 다 두려면 집늘려 이사 가야 하는데 그러려면 몇억은 더 있어야 하니 그냥 몇십 더 투자해서 새로나온 제품 사야겠어요ㅋㅋㅋ,16,2024-05-01,2CQzQt9I7fI
공통_제품탐색,광파오븐 솔직후기,내돈내산! 솔직히 실망했습니다.. 전자레인지+에어프라이어+오븐이 다 되는 LG 디오스 오브제 컬렉션 광파오븐 찐 리얼후기,고니 GONI,"오브제컬렉션 말고 디오스로 나온 광파오븐 거의 비슷한 사이즈에(조리실 크기는 동일) 
거의 스펙도 비슷하고 기능도 거의 동일함. 
하지만 가격은 20만원 차이남 ㅋㅋ 오브제 디자인값 20만원... 디자인 중요하지 않으면 그냥 디오스 광파오븐 사세여.
똑같이 lg같은브랜드인데 오브제 이름값으로 20만원 차이는 좀.. 그러면 성능이라도 더 월등히 좋던지.. 디자인만 좋은건데",2,2025-02-21,2CQzQt9I7fI
공통_제품탐색,광파오븐 솔직후기,내돈내산! 솔직히 실망했습니다.. 전자레인지+에어프라이어+오븐이 다 되는 LG 디오스 오브제 컬렉션 광파오븐 찐 리얼후기,고니 GONI,"난 내가 설명서대로 작동을 안시킨줄전자렌지 빼고 제대로 작동하는게 없고, 오븐이랑 에어프라이 절대 안됨
바삭하게 안됨",0,2026-04-10,2CQzQt9I7fI
공통_제품탐색,광파오븐 솔직후기,내돈내산! 솔직히 실망했습니다.. 전자레인지+에어프라이어+오븐이 다 되는 LG 디오스 오브제 컬렉션 광파오븐 찐 리얼후기,고니 GONI,저도 같은 제품 쓰는데 열받아서 왔어요 ㅋㅋㅋ 정말 오븐 드럽게 맛없게 조리 되고 에어프라이? 이건 진짜 떡이 된다해야하나? 장난 아니게 욕나오게 맛없어요. 따로다로 사용하는게 훨씬 음식이 맛있어요. 그리고 전자렌지도 뭔가 한 쪽만 강하고 오른 쪽은 약하게 나와서 골고루 안 데워지고 맛도 약간 떨어지게 데워집니다. 아으… 진짜 돈 날렸어요. 진짜 사지 마세요. 이게 만약 환불이 된다면 1빠로 달려가서 환불 받고 싶을 정도에요 ㅋㅋ,146,2024-10-18,2CQzQt9I7fI
공통_제품탐색,광파오븐 솔직후기,내돈내산! 솔직히 실망했습니다.. 전자레인지+에어프라이어+오븐이 다 되는 LG 디오스 오브제 컬렉션 광파오븐 찐 리얼후기,고니 GONI,요새 혼수가전 리뷰가 많아지는것이 신혼이 맞으시네요.. 부럽삼다,6,2024-03-14,2CQzQt9I7fI
공통_제품탐색,광파오븐 솔직후기,내돈내산! 솔직히 실망했습니다.. 전자레인지+에어프라이어+오븐이 다 되는 LG 디오스 오브제 컬렉션 광파오븐 찐 리얼후기,고니 GONI,하단열선 없는건 생각보다 큽니다.. 특히 무조건 고온이여야하는 피자라던가 높이가 어느 정도 되는 베이킹들은 속이 안익어요 뭔짓을해도... 커스터드푸딩도 속이 안익습니다..(양을 적게하면 다 가능한데 그럴거면 걍 사먹는게..),17,2024-07-27,2CQzQt9I7fI
공통_제품탐색,광파오븐 솔직후기,내돈내산! 솔직히 실망했습니다.. 전자레인지+에어프라이어+오븐이 다 되는 LG 디오스 오브제 컬렉션 광파오븐 찐 리얼후기,고니 GONI,"저는 10년째 쓰고 있는데 전문 베이킹 하고 요리
엄청 고수처럼 잘하는
사람 빼고 그냥 편리하게ㅜ부피 안차지 하게 쓰는데는
나쁘지
않아여",2,2025-02-08,2CQzQt9I7fI
공통_제품탐색,광파오븐 솔직후기,내돈내산! 솔직히 실망했습니다.. 전자레인지+에어프라이어+오븐이 다 되는 LG 디오스 오브제 컬렉션 광파오븐 찐 리얼후기,고니 GONI,이거 말고 최신꺼쓰는데 전 잘쓰는중 전자레인지 에어후라이 오븐 건조기 대용으로 왜 진작안샀나 하는중인데 제빵은안함,2,2025-03-28,2CQzQt9I7fI
공통_제품탐색,광파오븐 솔직후기,내돈내산! 솔직히 실망했습니다.. 전자레인지+에어프라이어+오븐이 다 되는 LG 디오스 오브제 컬렉션 광파오븐 찐 리얼후기,고니 GONI,이거 신제품은 링크없나요?,0,2025-11-15,2CQzQt9I7fI
공통_제품탐색,광파오븐 솔직후기,내돈내산! 솔직히 실망했습니다.. 전자레인지+에어프라이어+오븐이 다 되는 LG 디오스 오브제 컬렉션 광파오븐 찐 리얼후기,고니 GONI,그냥 전자레인지하나만 사자,1,2026-05-16,2CQzQt9I7fI
공통_제품탐색,광파오븐 솔직후기,내돈내산! 솔직히 실망했습니다.. 전자레인지+에어프라이어+오븐이 다 되는 LG 디오스 오브제 컬렉션 광파오븐 찐 리얼후기,고니 GONI,"엘지 오븐 엄청 잘써고 있어요 
야 없으면 안됩니다  엄청 많이 써도 전기세도 별안나오고   에어컨이랑 같이 허도 차단기도 안내려옵니다   조아요 좋아요 
완전 좋아요",3,2024-09-01,2CQzQt9I7fI
공통_제품탐색,광파오븐 솔직후기,내돈내산! 솔직히 실망했습니다.. 전자레인지+에어프라이어+오븐이 다 되는 LG 디오스 오브제 컬렉션 광파오븐 찐 리얼후기,고니 GONI,예쁘고 좋은데 ... 맛 없게 해준다니 쯧,0,2025-06-22,2CQzQt9I7fI
공통_제품탐색,광파오븐 솔직후기,내돈내산! 솔직히 실망했습니다.. 전자레인지+에어프라이어+오븐이 다 되는 LG 디오스 오브제 컬렉션 광파오븐 찐 리얼후기,고니 GONI,저도 작년에 샀는데 에어프라이어 온도 조절이 안되는건 대체 왜 안되게 해둔건지 이해를 못하겠더라고요. 기능이 없는게 아닌데 왜 막아둔건지..,12,2024-09-27,2CQzQt9I7fI
공통_제품탐색,광파오븐 솔직후기,내돈내산! 솔직히 실망했습니다.. 전자레인지+에어프라이어+오븐이 다 되는 LG 디오스 오브제 컬렉션 광파오븐 찐 리얼후기,고니 GONI,"5:47
5:54 대충먹는사람임다
10:09 아파요",13,2024-03-14,2CQzQt9I7fI
공통_제품탐색,광파오븐 솔직후기,내돈내산! 솔직히 실망했습니다.. 전자레인지+에어프라이어+오븐이 다 되는 LG 디오스 오브제 컬렉션 광파오븐 찐 리얼후기,고니 GONI,08:41 15호 닭 로스트 치킨 폼 미쳤다!🎉,19,2024-03-14,2CQzQt9I7fI
공통_제품탐색,광파오븐 솔직후기,내돈내산! 솔직히 실망했습니다.. 전자레인지+에어프라이어+오븐이 다 되는 LG 디오스 오브제 컬렉션 광파오븐 찐 리얼후기,고니 GONI,오븐 중간에 온도조절하는게 아무리봐도없던데 어떻데 하는지아세요,0,2025-10-13,2CQzQt9I7fI
공통_제품탐색,광파오븐 솔직후기,현시점 1등 오븐 추천! 삼성 vs LG vs 쿠쿠 성능 협찬 없이 직접 비교해봤습니다! 이 제품은 절대 사지마세요! (광파 직화 에어프라이어 통삼겹살 스테이크 베이킹 청소 요리),아정당,"[365일 24시간 상담 가능! 1833-3504]
🎁 아정당에서 쇼핑적립하고 최대 20% 포인트 받자!
https://ajd.kr/txm2k

🚀 2025년 TOP3 오븐! 최대 30만원 법으로 정해진 지원금 받고 공짜로 쓰자!
https://ajd.kr/315O8

🚀 인터넷TV 최대 48만원, 법으로 정해진 비밀 지원금 확인 하기!
https://ajd.kr/J8Lwi

🚀 아정당에선 12만원 받으면서, 요금은 반값, 데이터는 무제한으로 개통 가능!
https://ajd.kr/CrTz9

🚀 이사 중 파손 최대 1,000만원 보상! 무료 견적, 체크리스트 챙기자!  (보상 금액 및 범위는 소비자 보호원 지침에 따름)
https://ajd.kr/zAxfl

이사 중 파손 시 100% 보장은 소비자 보호원에 따라 최대 1,000만 원 보상됩니다.",20,2025-10-21,pFlNoyCPkms
공통_제품탐색,광파오븐 솔직후기,현시점 1등 오븐 추천! 삼성 vs LG vs 쿠쿠 성능 협찬 없이 직접 비교해봤습니다! 이 제품은 절대 사지마세요! (광파 직화 에어프라이어 통삼겹살 스테이크 베이킹 청소 요리),아정당,극한의 테크튜버로 진화 중인 아정당.ㄷㄷ,57,2025-10-21,pFlNoyCPkms
공통_제품탐색,광파오븐 솔직후기,현시점 1등 오븐 추천! 삼성 vs LG vs 쿠쿠 성능 협찬 없이 직접 비교해봤습니다! 이 제품은 절대 사지마세요! (광파 직화 에어프라이어 통삼겹살 스테이크 베이킹 청소 요리),아정당,그래서 뭘 사면 좋다는거죠........ ㅜ ㅜ 총평으로 한번더 정리해주면 좋을텐데..,12,2026-03-16,pFlNoyCPkms
공통_제품탐색,광파오븐 솔직후기,현시점 1등 오븐 추천! 삼성 vs LG vs 쿠쿠 성능 협찬 없이 직접 비교해봤습니다! 이 제품은 절대 사지마세요! (광파 직화 에어프라이어 통삼겹살 스테이크 베이킹 청소 요리),아정당,모드별로 비교 해주시니까 선택하는데 큰 도움될 것 같습니다. 소음 비교도 너무 좋으네요.,9,2025-10-21,pFlNoyCPkms
공통_제품탐색,광파오븐 솔직후기,현시점 1등 오븐 추천! 삼성 vs LG vs 쿠쿠 성능 협찬 없이 직접 비교해봤습니다! 이 제품은 절대 사지마세요! (광파 직화 에어프라이어 통삼겹살 스테이크 베이킹 청소 요리),아정당,오늘도 아주 유용한 정보 주셔서 고맙습니다~,0,2025-10-21,pFlNoyCPkms
공통_제품탐색,광파오븐 솔직후기,현시점 1등 오븐 추천! 삼성 vs LG vs 쿠쿠 성능 협찬 없이 직접 비교해봤습니다! 이 제품은 절대 사지마세요! (광파 직화 에어프라이어 통삼겹살 스테이크 베이킹 청소 요리),아정당,오븐이나 오븐레인지 짱짱입니다 ㅎㅎ 광파 쓰고 있는데 삶이 완전 윤택해져요!!! 완전 강추!,6,2025-10-21,pFlNoyCPkms
공통_제품탐색,광파오븐 솔직후기,현시점 1등 오븐 추천! 삼성 vs LG vs 쿠쿠 성능 협찬 없이 직접 비교해봤습니다! 이 제품은 절대 사지마세요! (광파 직화 에어프라이어 통삼겹살 스테이크 베이킹 청소 요리),아정당,엘지의 경우 에어프라이어 모드 사용할 때 판떼기 3단으로 사용하라고 나와있음.,3,2026-03-09,pFlNoyCPkms
공통_제품탐색,광파오븐 솔직후기,현시점 1등 오븐 추천! 삼성 vs LG vs 쿠쿠 성능 협찬 없이 직접 비교해봤습니다! 이 제품은 절대 사지마세요! (광파 직화 에어프라이어 통삼겹살 스테이크 베이킹 청소 요리),아정당,양질의 비교 후기 감사합니다 👍👍👍,0,2026-04-26,pFlNoyCPkms
공통_제품탐색,광파오븐 솔직후기,현시점 1등 오븐 추천! 삼성 vs LG vs 쿠쿠 성능 협찬 없이 직접 비교해봤습니다! 이 제품은 절대 사지마세요! (광파 직화 에어프라이어 통삼겹살 스테이크 베이킹 청소 요리),아정당,"이거 6년전 모델이래요
친구가 삼성 써보고 좋다고  추천해 줘서 쓰고있는데 아주 좋아요!!
요즘 모델",7,2026-01-10,pFlNoyCPkms
공통_제품탐색,광파오븐 솔직후기,현시점 1등 오븐 추천! 삼성 vs LG vs 쿠쿠 성능 협찬 없이 직접 비교해봤습니다! 이 제품은 절대 사지마세요! (광파 직화 에어프라이어 통삼겹살 스테이크 베이킹 청소 요리),아정당,근데 lg광파오븐는 오븐모드 쓸때 맨윗칸에 올리라는게 제조사 설명임,6,2026-02-08,pFlNoyCPkms
공통_제품탐색,광파오븐 솔직후기,현시점 1등 오븐 추천! 삼성 vs LG vs 쿠쿠 성능 협찬 없이 직접 비교해봤습니다! 이 제품은 절대 사지마세요! (광파 직화 에어프라이어 통삼겹살 스테이크 베이킹 청소 요리),아정당,똑똑하게 비교 잘 하셧네요,0,2026-04-24,pFlNoyCPkms
공통_제품탐색,광파오븐 솔직후기,현시점 1등 오븐 추천! 삼성 vs LG vs 쿠쿠 성능 협찬 없이 직접 비교해봤습니다! 이 제품은 절대 사지마세요! (광파 직화 에어프라이어 통삼겹살 스테이크 베이킹 청소 요리),아정당,"요즘 아정당 와이라노?
리뷰질이 너무 좋아지고 있는데 ㅋㅋ 굿",26,2025-10-23,pFlNoyCPkms
공통_제품탐색,광파오븐 솔직후기,현시점 1등 오븐 추천! 삼성 vs LG vs 쿠쿠 성능 협찬 없이 직접 비교해봤습니다! 이 제품은 절대 사지마세요! (광파 직화 에어프라이어 통삼겹살 스테이크 베이킹 청소 요리),아정당,크로와상 맛있겠다ㄷㄷㄷㄷ,2,2025-10-21,pFlNoyCPkms
공통_제품탐색,광파오븐 솔직후기,현시점 1등 오븐 추천! 삼성 vs LG vs 쿠쿠 성능 협찬 없이 직접 비교해봤습니다! 이 제품은 절대 사지마세요! (광파 직화 에어프라이어 통삼겹살 스테이크 베이킹 청소 요리),아정당,쿠쿠 홈페이지에서는 안파는 제품인데 품절인걸까요?,3,2026-01-20,pFlNoyCPkms
공통_제품탐색,광파오븐 솔직후기,현시점 1등 오븐 추천! 삼성 vs LG vs 쿠쿠 성능 협찬 없이 직접 비교해봤습니다! 이 제품은 절대 사지마세요! (광파 직화 에어프라이어 통삼겹살 스테이크 베이킹 청소 요리),아정당,구매시 뚜껑 없이 조리 하는 경우 음식물이 튀어서 고장 나는 경우가 가끔 있어서 Lg가 as가 주요부속이 무상10년이라 삼성은 몰라도 쿠쿠는 좀 as까지 생각 좀 해봐야하는,10,2025-10-24,pFlNoyCPkms
공통_제품탐색,광파오븐 솔직후기,현시점 1등 오븐 추천! 삼성 vs LG vs 쿠쿠 성능 협찬 없이 직접 비교해봤습니다! 이 제품은 절대 사지마세요! (광파 직화 에어프라이어 통삼겹살 스테이크 베이킹 청소 요리),아정당,엘지 최저가 떴길래 사려다 여기 영상 댓글에 안 좋은 평 있어서 참았네요 ㅋㅋ,2,2026-01-12,pFlNoyCPkms
공통_제품탐색,광파오븐 솔직후기,현시점 1등 오븐 추천! 삼성 vs LG vs 쿠쿠 성능 협찬 없이 직접 비교해봤습니다! 이 제품은 절대 사지마세요! (광파 직화 에어프라이어 통삼겹살 스테이크 베이킹 청소 요리),아정당,"소음 비교가 진짜 좋네용 집에 기껏 사둔 오븐 시끄러워서 쓰기 싫더라구요 ㅎㅎ ,,",4,2025-10-22,pFlNoyCPkms
공통_제품탐색,광파오븐 솔직후기,현시점 1등 오븐 추천! 삼성 vs LG vs 쿠쿠 성능 협찬 없이 직접 비교해봤습니다! 이 제품은 절대 사지마세요! (광파 직화 에어프라이어 통삼겹살 스테이크 베이킹 청소 요리),아정당,"쿠쿠 싸서 샀는데
전자렌즈안에 판이 얇아 에어프라이 3분부터 
틱!틱! 소리나서 놀랬어요!
사용하지 않아도 식을때까지 소리남!
쿠쿠 서비스썬터에서
불량 아니라고 불편하면 반품하라고 해서 저는 반품 했어요! 
가격만큼이라는 생각이 들었어요!",0,2026-03-29,pFlNoyCPkms
공통_제품탐색,광파오븐 솔직후기,현시점 1등 오븐 추천! 삼성 vs LG vs 쿠쿠 성능 협찬 없이 직접 비교해봤습니다! 이 제품은 절대 사지마세요! (광파 직화 에어프라이어 통삼겹살 스테이크 베이킹 청소 요리),아정당,아정당이 노써치를 삼켰네 쿠쿠 .. 가성비 최강이네??,23,2025-11-09,pFlNoyCPkms
공통_제품탐색,광파오븐 솔직후기,현시점 1등 오븐 추천! 삼성 vs LG vs 쿠쿠 성능 협찬 없이 직접 비교해봤습니다! 이 제품은 절대 사지마세요! (광파 직화 에어프라이어 통삼겹살 스테이크 베이킹 청소 요리),아정당,삼성 직화오븐 전자레인지 800w로 성능 조금 낮은거 빼고는 만족합니다.,1,2025-10-26,pFlNoyCPkms
공통_제품탐색,광파오븐 솔직후기,현시점 1등 오븐 추천! 삼성 vs LG vs 쿠쿠 성능 협찬 없이 직접 비교해봤습니다! 이 제품은 절대 사지마세요! (광파 직화 에어프라이어 통삼겹살 스테이크 베이킹 청소 요리),아정당,울집가전은 다 삼성인데 오븐은 엘지 광파오븐 오래동안 잘쓰고있음,1,2026-02-12,pFlNoyCPkms
공통_제품탐색,광파오븐 솔직후기,현시점 1등 오븐 추천! 삼성 vs LG vs 쿠쿠 성능 협찬 없이 직접 비교해봤습니다! 이 제품은 절대 사지마세요! (광파 직화 에어프라이어 통삼겹살 스테이크 베이킹 청소 요리),아정당,오브제 저거 매장가서 보니 110넘더라,5,2025-10-23,pFlNoyCPkms
공통_제품탐색,광파오븐 솔직후기,현시점 1등 오븐 추천! 삼성 vs LG vs 쿠쿠 성능 협찬 없이 직접 비교해봤습니다! 이 제품은 절대 사지마세요! (광파 직화 에어프라이어 통삼겹살 스테이크 베이킹 청소 요리),아정당,"삼성꺼 6년전 모델인데..
최신껄로 해주지~~",13,2025-12-17,pFlNoyCPkms
공통_제품탐색,광파오븐 솔직후기,현시점 1등 오븐 추천! 삼성 vs LG vs 쿠쿠 성능 협찬 없이 직접 비교해봤습니다! 이 제품은 절대 사지마세요! (광파 직화 에어프라이어 통삼겹살 스테이크 베이킹 청소 요리),아정당,"엘지 오브제 개인적으로 쓰고 있는데 좋아요! 안에 넓어 용량도 커서 많은 양 할때도 좋고 세척할때도 편해요 특히 스팀기능 있어서 세제 뿌려놓고 스팀기능 돌려 때 불리면 잘 닦입니다 ㅋ 열선 있어 열선 위가 닦기 힘들뿐이지 열선도 쓱 닦으면 잘 닦여요 ㅋ 
소음도 심하지 않고 기능도 많고 조작도 간편해서 너무너무 잘 산템 중 하나에요!! 장점이 더 많지만 너무 길어져서~ 추천추천!",5,2025-10-24,pFlNoyCPkms
공통_제품탐색,광파오븐 솔직후기,현시점 1등 오븐 추천! 삼성 vs LG vs 쿠쿠 성능 협찬 없이 직접 비교해봤습니다! 이 제품은 절대 사지마세요! (광파 직화 에어프라이어 통삼겹살 스테이크 베이킹 청소 요리),아정당,너무 많은 제품 비교 하는것보다 훨씬 좋아요 쿠쿠가 갓성비 갑이네요 디자인은 엘지가 제일 예쁜데 ㅜ 삼성이 디자인이랑 성능이 그래도 어느정도 괜찮네요 쿠쿠 아쉽다 디자인 좀 더 예뻐도 좋겠는데 열선이 없는게 진짜 대박인듯 열선은 암만 닦아도 안되던데 걍 쿠쿠 해야하나,32,2025-10-23,pFlNoyCPkms
공통_제품탐색,광파오븐 솔직후기,현시점 1등 오븐 추천! 삼성 vs LG vs 쿠쿠 성능 협찬 없이 직접 비교해봤습니다! 이 제품은 절대 사지마세요! (광파 직화 에어프라이어 통삼겹살 스테이크 베이킹 청소 요리),아정당,삼성 진짜.... 스마트 싱크인지 뭔지... 모르고 샀는데 넘 불편하고 에어프라이기 잘 안되고 불편 불편 ...!!!!!,1,2026-02-20,pFlNoyCPkms
공통_제품탐색,광파오븐 솔직후기,현시점 1등 오븐 추천! 삼성 vs LG vs 쿠쿠 성능 협찬 없이 직접 비교해봤습니다! 이 제품은 절대 사지마세요! (광파 직화 에어프라이어 통삼겹살 스테이크 베이킹 청소 요리),아정당,"백색가전은 lg라고 생각했는데, 쿠쿠의 반란 ㅎㄷㄷㄷ",8,2025-11-14,pFlNoyCPkms
공통_제품탐색,광파오븐 솔직후기,현시점 1등 오븐 추천! 삼성 vs LG vs 쿠쿠 성능 협찬 없이 직접 비교해봤습니다! 이 제품은 절대 사지마세요! (광파 직화 에어프라이어 통삼겹살 스테이크 베이킹 청소 요리),아정당,예상외로 쿠쿠가 가격에 비해 성능이 괜찮네요😮,8,2025-10-21,pFlNoyCPkms
공통_제품탐색,광파오븐 솔직후기,현시점 1등 오븐 추천! 삼성 vs LG vs 쿠쿠 성능 협찬 없이 직접 비교해봤습니다! 이 제품은 절대 사지마세요! (광파 직화 에어프라이어 통삼겹살 스테이크 베이킹 청소 요리),아정당,쿠쿠 개불편함. 에어프라이어 기능도 별로임. As 최악!!,6,2025-12-20,pFlNoyCPkms
공통_제품탐색,광파오븐 솔직후기,현시점 1등 오븐 추천! 삼성 vs LG vs 쿠쿠 성능 협찬 없이 직접 비교해봤습니다! 이 제품은 절대 사지마세요! (광파 직화 에어프라이어 통삼겹살 스테이크 베이킹 청소 요리),아정당,와.. 반개월만 빨리 영상 제작되었으면 좋았을텐데 ㅠ.ㅠ 에어프라이 살려고 검색하니 뭐이리 수두룩 많길래 좋은거 찾다가 머리 깨질뻔했음...쿠쿠쪽이 가성비 성능이 좋네요 영상 잘 봤습니다,4,2025-10-21,pFlNoyCPkms
공통_제품탐색,광파오븐 솔직후기,현시점 1등 오븐 추천! 삼성 vs LG vs 쿠쿠 성능 협찬 없이 직접 비교해봤습니다! 이 제품은 절대 사지마세요! (광파 직화 에어프라이어 통삼겹살 스테이크 베이킹 청소 요리),아정당,"진짜 양심없네.
https://youtu.be/9S3M7Vi0tqo
위 영상에서 비교했던거 토시하나 안빼먹고 그대로 했네 ㅋㅋㅋㅋㅋㅋㅋㅋㅋㅋ",0,2026-04-17,pFlNoyCPkms
공통_제품탐색,광파오븐 솔직후기,현시점 1등 오븐 추천! 삼성 vs LG vs 쿠쿠 성능 협찬 없이 직접 비교해봤습니다! 이 제품은 절대 사지마세요! (광파 직화 에어프라이어 통삼겹살 스테이크 베이킹 청소 요리),아정당,"삼성,엘지는 30리터대이지만 쿠쿠는 20리터대입니다. 쿠쿠 30리터대는 외부용량표기고 가용용량은 20리터대로 수치 꼼수 부린것",0,2026-06-04,pFlNoyCPkms
공통_제품탐색,광파오븐 솔직후기,현시점 1등 오븐 추천! 삼성 vs LG vs 쿠쿠 성능 협찬 없이 직접 비교해봤습니다! 이 제품은 절대 사지마세요! (광파 직화 에어프라이어 통삼겹살 스테이크 베이킹 청소 요리),아정당,아정당 일잘하노,0,2026-02-15,pFlNoyCPkms
공통_제품탐색,광파오븐 솔직후기,현시점 1등 오븐 추천! 삼성 vs LG vs 쿠쿠 성능 협찬 없이 직접 비교해봤습니다! 이 제품은 절대 사지마세요! (광파 직화 에어프라이어 통삼겹살 스테이크 베이킹 청소 요리),아정당,쿠크 가격대비 성능이 좋네요,1,2025-10-25,pFlNoyCPkms
공통_제품탐색,광파오븐 솔직후기,현시점 1등 오븐 추천! 삼성 vs LG vs 쿠쿠 성능 협찬 없이 직접 비교해봤습니다! 이 제품은 절대 사지마세요! (광파 직화 에어프라이어 통삼겹살 스테이크 베이킹 청소 요리),아정당,"LG광파오븐
밑에 넣는 팬
넓어 많은 양을
했어 좋음
골고루 잘 익고
디자인도 이쁘고
완전 만족중.
저 제품 수비드
되는걸로 산 지
1달 안됨
후회 없음.",3,2026-03-04,pFlNoyCPkms
공통_제품탐색,광파오븐 솔직후기,현시점 1등 오븐 추천! 삼성 vs LG vs 쿠쿠 성능 협찬 없이 직접 비교해봤습니다! 이 제품은 절대 사지마세요! (광파 직화 에어프라이어 통삼겹살 스테이크 베이킹 청소 요리),아정당,"제가 엘지 광파오븐렌지 1세대 사용둥인데 전자렌지 기능 사용 할 때 마다 기분 안 좋음.
특히 피자 돌릴 때 ㅡㅡ;;
어떤 곳은 치즈가 지글지글 거리고 어떤 곳은 치즈가 녹지도 않음;;;
턴테이블 기능 아주 중요함.",5,2025-10-23,pFlNoyCPkms
공통_제품탐색,광파오븐 솔직후기,현시점 1등 오븐 추천! 삼성 vs LG vs 쿠쿠 성능 협찬 없이 직접 비교해봤습니다! 이 제품은 절대 사지마세요! (광파 직화 에어프라이어 통삼겹살 스테이크 베이킹 청소 요리),아정당,노써치 따이곘노,5,2025-10-27,pFlNoyCPkms
공통_제품탐색,광파오븐 솔직후기,현시점 1등 오븐 추천! 삼성 vs LG vs 쿠쿠 성능 협찬 없이 직접 비교해봤습니다! 이 제품은 절대 사지마세요! (광파 직화 에어프라이어 통삼겹살 스테이크 베이킹 청소 요리),아정당,솔직히 나는 턴테이블이 있는 오븐은 선호하지 않음 음식을 꺼낼때 테이블이 움직이거나 분리되고 청소가 어려움,3,2025-10-23,pFlNoyCPkms
공통_제품탐색,광파오븐 솔직후기,현시점 1등 오븐 추천! 삼성 vs LG vs 쿠쿠 성능 협찬 없이 직접 비교해봤습니다! 이 제품은 절대 사지마세요! (광파 직화 에어프라이어 통삼겹살 스테이크 베이킹 청소 요리),아정당,삼성 큐커 랑해주세영,0,2026-03-18,pFlNoyCPkms
공통_제품탐색,광파오븐 솔직후기,현시점 1등 오븐 추천! 삼성 vs LG vs 쿠쿠 성능 협찬 없이 직접 비교해봤습니다! 이 제품은 절대 사지마세요! (광파 직화 에어프라이어 통삼겹살 스테이크 베이킹 청소 요리),아정당,크로와상은 삼성이 제일 맛있게 익어가는걸로 보여요. 쿠쿠는 빨리 익었지만 맛이 없어 보여요.,0,2026-01-30,pFlNoyCPkms
공통_제품탐색,광파오븐 솔직후기,현시점 1등 오븐 추천! 삼성 vs LG vs 쿠쿠 성능 협찬 없이 직접 비교해봤습니다! 이 제품은 절대 사지마세요! (광파 직화 에어프라이어 통삼겹살 스테이크 베이킹 청소 요리),아정당,그냥 쿠쿠 사면 되겠네.,3,2025-10-27,pFlNoyCPkms
공통_제품탐색,광파오븐 솔직후기,현시점 1등 오븐 추천! 삼성 vs LG vs 쿠쿠 성능 협찬 없이 직접 비교해봤습니다! 이 제품은 절대 사지마세요! (광파 직화 에어프라이어 통삼겹살 스테이크 베이킹 청소 요리),아정당,이거보고 lg꺼 취소하고 쿠쿠 주문했습니다,2,2025-11-28,pFlNoyCPkms
공통_제품탐색,광파오븐 솔직후기,현시점 1등 오븐 추천! 삼성 vs LG vs 쿠쿠 성능 협찬 없이 직접 비교해봤습니다! 이 제품은 절대 사지마세요! (광파 직화 에어프라이어 통삼겹살 스테이크 베이킹 청소 요리),아정당,lg저 똑같은 모델 쓰는중입니다 전자레인지 기능 부터 최악입니다 턴테이블이 없어 돌지를 않으니 한쪽은 쌔게 익고 한쪽은 안익고 그래요 에어프라이 기능도 최악입니다,6,2025-12-08,pFlNoyCPkms
공통_제품탐색,광파오븐 솔직후기,현시점 1등 오븐 추천! 삼성 vs LG vs 쿠쿠 성능 협찬 없이 직접 비교해봤습니다! 이 제품은 절대 사지마세요! (광파 직화 에어프라이어 통삼겹살 스테이크 베이킹 청소 요리),아정당,삼성은 이제 장사 접어야겠네 ㅋㅋㅋ,0,2025-11-06,pFlNoyCPkms
공통_제품탐색,광파오븐 솔직후기,현시점 1등 오븐 추천! 삼성 vs LG vs 쿠쿠 성능 협찬 없이 직접 비교해봤습니다! 이 제품은 절대 사지마세요! (광파 직화 에어프라이어 통삼겹살 스테이크 베이킹 청소 요리),아정당,사용편리성 만 개선되면 쿠쿠가 정답이네요,5,2025-10-28,pFlNoyCPkms
공통_제품탐색,광파오븐 솔직후기,현시점 1등 오븐 추천! 삼성 vs LG vs 쿠쿠 성능 협찬 없이 직접 비교해봤습니다! 이 제품은 절대 사지마세요! (광파 직화 에어프라이어 통삼겹살 스테이크 베이킹 청소 요리),아정당,난삼성산다 스마트띵스때매,5,2025-11-06,pFlNoyCPkms
공통_제품탐색,광파오븐 솔직후기,현시점 1등 오븐 추천! 삼성 vs LG vs 쿠쿠 성능 협찬 없이 직접 비교해봤습니다! 이 제품은 절대 사지마세요! (광파 직화 에어프라이어 통삼겹살 스테이크 베이킹 청소 요리),아정당,센치미터를 왜 센티미터라고하지 발음이안되나,1,2026-02-02,pFlNoyCPkms
공통_제품탐색,광파오븐 솔직후기,"직접 사려고 공부해봤습니다. 광파오븐이냐 에어프라이어냐, 전자레인지냐? 정해드림",신동댕동 Shindongdengdong,전자레인지 성능은 좋습니다. 햇반 2분 돌리면 용암되서 나옵니다. 다만 에어플라이어 기능이 형편없습니다. 생선까스 20분 돌려도 속 하나도 안익은거 보고 깜놀...안되는건 아닌데 식품포장지에 제시된 에프 조리시간에 3배는 돌려야 합니다. 제가 찾은 방법은 강력한 전자레인지 성능으로 일단 익힌다음 스프레이 기름으로 한번 코팅하고 다시 에프로 돌리면 됩니다. 그럼 조리시간 확 줄고 우리가 원하는 모습으로 나옵니다. 어차피 20만원 초반대에 이런 제품도 없어서 전 만족하고 쓰는 중.,11,2025-06-08,Kf8lamu5wMo
공통_제품탐색,광파오븐 솔직후기,"직접 사려고 공부해봤습니다. 광파오븐이냐 에어프라이어냐, 전자레인지냐? 정해드림",신동댕동 Shindongdengdong,다른 요리는 에어프라이어나 후라이팬으로 조리해도 그 맛이 잘 나는데 유독 생선은 오븐이 아니면 고갈비 같이 맛있는 구이가 잘 안 되더라구요… 가족들과 맛난 생선 구이 먹어 보고 싶습니다!!😊,5,2024-06-23,Kf8lamu5wMo
공통_제품탐색,광파오븐 솔직후기,"직접 사려고 공부해봤습니다. 광파오븐이냐 에어프라이어냐, 전자레인지냐? 정해드림",신동댕동 Shindongdengdong,이제품 사용자입니다. 전자레이지 성능은 굿인데 그외 에어후라이어는 성능이 너무 좋지않습니다. 구이가 거의 되질 않습니다. 반토막 생선구이 30분 구워도 안구워집니다. 다른 곳에서 구매후기에서도 저와 비슷한 의견이 많습니다. 구매 비추천,46,2024-12-30,Kf8lamu5wMo
공통_제품탐색,광파오븐 솔직후기,"직접 사려고 공부해봤습니다. 광파오븐이냐 에어프라이어냐, 전자레인지냐? 정해드림",신동댕동 Shindongdengdong,광파오븐 알아보고있어서 리뷰 찾아보는데 찐 신동님 채널이였구나 유튜브 하시는줄 몰랐네 ㅋㅋㅋㅋㅋㅋ,1,2024-11-07,Kf8lamu5wMo
공통_제품탐색,광파오븐 솔직후기,"직접 사려고 공부해봤습니다. 광파오븐이냐 에어프라이어냐, 전자레인지냐? 정해드림",신동댕동 Shindongdengdong,Seeing a convection microwave whose very purpose is the story SHINDONGDENGDONG💙,3,2024-06-24,Kf8lamu5wMo
공통_제품탐색,광파오븐 솔직후기,"직접 사려고 공부해봤습니다. 광파오븐이냐 에어프라이어냐, 전자레인지냐? 정해드림",신동댕동 Shindongdengdong,"눅눅한 홈런볼이요~ ㅎㅎㅎ 레인지그릴 기능 사용하면 겉은 바삭~ 안쪽 초콜릿은 부드럽게 되지 않을까 싶어요. 이만큼 만능인 제품은 못 본 것 같은데, 홈런볼 도전해 봐야겠습니다댕동~",5,2024-06-23,Kf8lamu5wMo
공통_제품탐색,광파오븐 솔직후기,"직접 사려고 공부해봤습니다. 광파오븐이냐 에어프라이어냐, 전자레인지냐? 정해드림",신동댕동 Shindongdengdong,"와 진짜 저렴한 가격에 다양한 기능이 있는 광파오븐 제품이네요. 저희 집에서 고기를 생각보다 많이 먹는데 실제 작은 닭도 광파오븐으로 오븐닭으로 요리가 가능할지 궁금하네요 꼭 한번 해보고 싶어요 흐흐..
상상만해도 군침이 도네요!  좋은 제품 소개해주셔서 감사합니다!",2,2024-06-27,Kf8lamu5wMo
공통_제품탐색,광파오븐 솔직후기,"직접 사려고 공부해봤습니다. 광파오븐이냐 에어프라이어냐, 전자레인지냐? 정해드림",신동댕동 Shindongdengdong,어머 똭 내가 원하는 정보에여…..❤❤,3,2024-12-11,Kf8lamu5wMo
공통_제품탐색,광파오븐 솔직후기,"직접 사려고 공부해봤습니다. 광파오븐이냐 에어프라이어냐, 전자레인지냐? 정해드림",신동댕동 Shindongdengdong,"유어뿅 보고 왔어요 
신동님이 이런 유튜브 하시는 줄 몰랐어요.",5,2024-06-27,Kf8lamu5wMo
공통_제품탐색,광파오븐 솔직후기,"직접 사려고 공부해봤습니다. 광파오븐이냐 에어프라이어냐, 전자레인지냐? 정해드림",신동댕동 Shindongdengdong,Gracias Shin!💖,0,2024-06-23,Kf8lamu5wMo
공통_제품탐색,광파오븐 솔직후기,"직접 사려고 공부해봤습니다. 광파오븐이냐 에어프라이어냐, 전자레인지냐? 정해드림",신동댕동 Shindongdengdong,"Gracias Shindong por la información,  el día de hoy aprendí algo mas❤ una fan más que te quiere.",0,2024-06-23,Kf8lamu5wMo
공통_제품탐색,광파오븐 솔직후기,"직접 사려고 공부해봤습니다. 광파오븐이냐 에어프라이어냐, 전자레인지냐? 정해드림",신동댕동 Shindongdengdong,"냉동 떡갈비 맛나게 먹고 싶네요(어)
 에어프라이 정보 얻어가려다가 여기까지 왔네요 광파오븐 소개 감사합니다  고민이 더 많아지네요",0,2024-06-30,Kf8lamu5wMo
공통_제품탐색,광파오븐 솔직후기,"직접 사려고 공부해봤습니다. 광파오븐이냐 에어프라이어냐, 전자레인지냐? 정해드림",신동댕동 Shindongdengdong,Thankyou for sharing Donghee Oppa... 💙💙💙,1,2024-06-23,Kf8lamu5wMo
공통_제품탐색,광파오븐 솔직후기,"직접 사려고 공부해봤습니다. 광파오븐이냐 에어프라이어냐, 전자레인지냐? 정해드림",신동댕동 Shindongdengdong,알고리즘에 이끌려서 채널 보고 있는데 집에 있는 전자레인지 갖다 버리고 사고 싶을 정도로 탐난다…ㅋㅋㅋㅋㅋ 고구마에버터 올라간거랑 식빵으로 피자 만들어서 해먹고 싶다,0,2024-06-25,Kf8lamu5wMo
공통_제품탐색,광파오븐 솔직후기,"직접 사려고 공부해봤습니다. 광파오븐이냐 에어프라이어냐, 전자레인지냐? 정해드림",신동댕동 Shindongdengdong,각종 고기와 빵 구워보고 싶어요. 등갈비를 구워서 요리해보고 싶어요. 벌써부터 쿠킹할 마음에 설레는 마음❤❤  우리가족에게 해줄수 있길 바랍니다😂😂 광파오븐 신동님과 같이 대박나길 바랍니다❤,0,2024-06-29,Kf8lamu5wMo
공통_제품탐색,광파오븐 솔직후기,"직접 사려고 공부해봤습니다. 광파오븐이냐 에어프라이어냐, 전자레인지냐? 정해드림",신동댕동 Shindongdengdong,집에서 회전판 없는 무회전 전자렌지를 쓰다보니 확실히 청소도 편하고 네모난 조리공간 넉넉하게 다 활용할 수 있어서 완전 좋았는데 이 제품도 내부 넉넉하고 스팀청소하기도 편해보여서 좋네요 버튼으로 각 기능들 바로바로 스위치되니 간단하군요 렌지도 오븐도 에프도 필수인 사람한테 생명수!!!,0,2024-06-24,Kf8lamu5wMo
공통_제품탐색,광파오븐 솔직후기,"직접 사려고 공부해봤습니다. 광파오븐이냐 에어프라이어냐, 전자레인지냐? 정해드림",신동댕동 Shindongdengdong,냉동 식품과 햇반을 먹느라 거의 매일 에어프라이어랑 전자렌지를 사용하고 있는데 이거 하나면 모두 해결할 수 있다는게 정말 좋네요 ㅎㅎ 기존에 쓰던 에어프라이어가 용량이 작아서 못해먹었던 닭한마리 통구이 한 번 해보고 싶습니다!,0,2024-06-23,Kf8lamu5wMo
공통_제품탐색,광파오븐 솔직후기,"직접 사려고 공부해봤습니다. 광파오븐이냐 에어프라이어냐, 전자레인지냐? 정해드림",신동댕동 Shindongdengdong,생선구이나 지중해식 생선요리 해먹어보고싶어요~! 냄새가 어느정도 나는지 궁금하기도하구요!,2,2024-06-27,Kf8lamu5wMo
공통_제품탐색,광파오븐 솔직후기,"직접 사려고 공부해봤습니다. 광파오븐이냐 에어프라이어냐, 전자레인지냐? 정해드림",신동댕동 Shindongdengdong,"이제품 검정색 구매해서 사용중 인데 진짜 가성비 좋은듯 에프 기능도 쓸만하고 추천 제품임..
AS 만 잘해 준다면..",2,2024-06-30,Kf8lamu5wMo
공통_제품탐색,광파오븐 솔직후기,"직접 사려고 공부해봤습니다. 광파오븐이냐 에어프라이어냐, 전자레인지냐? 정해드림",신동댕동 Shindongdengdong,마지막에 실사용 리뷰가 포함 되서 음식도. 보여줬으면 더 좋을것 같네요,0,2024-08-18,Kf8lamu5wMo
공통_제품탐색,광파오븐 솔직후기,"직접 사려고 공부해봤습니다. 광파오븐이냐 에어프라이어냐, 전자레인지냐? 정해드림",신동댕동 Shindongdengdong,저는 간단하게 용가리 치킨 사다가 돌려 먹고 싶습니다 ❤🎉 좋은 이벤트 감사합니다 ^^*,0,2024-06-24,Kf8lamu5wMo
공통_제품탐색,광파오븐 솔직후기,"직접 사려고 공부해봤습니다. 광파오븐이냐 에어프라이어냐, 전자레인지냐? 정해드림",신동댕동 Shindongdengdong,"광파오븐을 사면 우선 마트에서 파는 에어프라이어용 냉동식품들을 조리해 보고 싶습니다. 그리고 난 뒤는 또띠아를 이용한 피자를 만들어 보고 싶고, 최종 목표는 베이커리 도전해보고 싶습니다.",2,2024-06-28,Kf8lamu5wMo
공통_제품탐색,광파오븐 솔직후기,"직접 사려고 공부해봤습니다. 광파오븐이냐 에어프라이어냐, 전자레인지냐? 정해드림",신동댕동 Shindongdengdong,"우와💖신동님 오늘도 역시 정보전달력 대박👍귀에 쏙쏙 들어와요!!!신동댕동 매번 느끼지만 리뷰가 항상 깔끔해서 더 기억에 잘 남는 것 같아요~좋은 제품소개해주셔서 감사합니다💖6:35 겉바속촉이라니!!!제가 해보고 싶은 요리는 11가지인데요~영상보는데 제가 하고 싶던 요리를 다 할 수 있게 제가 계속 찾던 기능들이 모두 다 갖춰진 제품같아서 정말정말정~~~말 써보고 싶어요!!!!! 제가 요리 하는 걸 정말 좋아해서 해보고 싶은 요리들을 상상하니까 벌써부터 엄청나게 설레네요😍이 제품 하나로 다양한 음식을 할 수 있으니까 직접 요리해서 주변 사람들과 함께 나눠먹고 고민하는 친구들에게도 추천하면👍정말 좋겠어요
<제가 해보고 싶은 요리 11가지>
먼저 제가 가장 해보고 싶은 요리는 제가 빵을 정말 좋아해서 우스갯소리로 제 몸의 반은 빵이라는 소리를 엄청 하고 다닐 정도로 빵을 좋아하거든요~~
매일매일 그동안 오븐을 꿈꿔만 오면서 재생목록과 매모장에 저장만 하고 만들지 못하던😭수많은 빵 레시피들을 이용해서 베이킹도 해보고 싶고 혹시나 베이킹 반죽을 할 여력이 안될 때는 크로와상 생지라고 간편하게 미리 반죽되어있는 거라서 사다가 바로 오븐에 굽기만 하면 되니까 부모님이랑 같이 오븐에 구워서 갓 만든 크로와상 빵에 우유먹어보고 싶어요

홈쇼핑같은 곳에서 방금 만든 빵 먹는 장면 나올 때마다 완전 그림의 떡이었는데 이 제품으로 빵 구울 수 있게 되면 정말 기뻐서 빵 먹을 때마다 행복할 것같아요~!!! 식빵 찢어먹는 장면 나올 때마다 갓 만든 식빵도 만들어보고 싶었는데 식빵도 만들고 마들렌 빵도 만드는 레시피영상 볼 때마다 만들어보고 싶었는데 정말 만들어보고 싶어요

그리고 마카롱도 정말 만들어보고 싶어요 마카롱진짜좋아하는데 가격이 부담돼서 마카롱만드는 영상 볼 때마다 직접 만들어서 잔뜩 먹고 싶다고 생각했는데 이 제품을 이용해서 저만의 마카롱을 만들어서 저도 걱정없이 마음껏 먹고 주변에도 선물로 나눠주고 할 수 있으면 정말 꿈만 같을 것 같아요💖

제가 오븐 스파게티도 엄청 좋아하고 식당가서만 먹을 수 있었는데 오븐 스파게티도 만들어먹어보고 싶어요

고구마그라탕도 떠먹는 고구마 피자처럼 고구마그라탕을 해먹는 레시피 볼 때마다 직접 해보고 싶었어서 만들어보고 싶네요
그냥 고구마도 구워먹어보고 싶어요 에어프라이어로 고구마구우면 정말 맛있다고 얘기만 들었는데 직접 구워먹어보고 싶어요

스테이크도 좋아하는데 온도 맞추기 힘들잖아요ㅠㅠ 6:03 영상에서 보여주신 것처럼 스테이크 만들어보고 싶어요
그 외에도 식빵러스트도 보면서 엄청 간편하고 맛있을 것 같더라고요
웨지감자도 해먹어보고 싶고 군만두도 해보고 싶어요

<마음에 드는 기능>
✨저희 집에 에어프라이어가 없어서 그동안 정말 불편했는데 이 제품은 에어프라이어 기능까지 있으니까 그동안 불편했던 시간들이 싹 사라질 것 같고 제가 혼자 끼니를 해결할 때마다 간편식품들을 많이 먹게 되는데 꼭 에어프라이어조리법만 적혀있더라고요ㅠㅠ
그래서 하나하나 에어프라이어없이 만드는 법 검색하느라 서러울 때도 있었는데 이 제품이 있다면 더 이상 그럴 필요없으니까 정말 좋고 전날 먹은 치킨같은 것도 에어프라이어에 조리하면 다시 새 치킨처럼 된다고 하더라고요
요새 냉동식품들도 에어프라이기 조리하라는 게 너무 많아서 매번 난감했는데 이 제품이 있다면 걱정없이 조리해서 먹을 수 있을 것 같아요

✨그동안 정말갖고 싶던 오븐 기능이 있어서 저의 꿈과 같은 빵굽기도 할 수 있고
오븐으로 고기도 굽고 빵도 만들어먹고 싶어서 정말정말 갖고 싶었는데
금액적으로도 부담되고 어떤 제품 골라야할지도 모르겠고 공간도 없어서 오븐은 꿈도 못 꿨거든요ㅠㅠ
간편조리식품만들어먹을 때마다 요샌 다 에어프라이기쓰라고 되어있어서 없으니까ㅠㅠ안 쓸 수 있는 방법 검색하느라 지쳐서 에어프라이어도 정말 필요했고 전자레인지도 살면서 필수품인데
이 3가지를 모두 다 구매하기엔 금전적으로도 부담이 되고 3개를 다 둘 공간도 없어서 엄두도 못내고 있었거든요ㅠㅠ
이 모든 기능이 하나에 들어가 있으니까 정말 최고👍👍👍👍

✨집에 오븐도 없고 에어프라이어도 없는데 유일하게 전자레인지가 있긴 하거든오
근데 도대체 언제 산 건지 기억도 안나게 오래돼서 제품도 단종된지 오래고 문도 고장나서 열고 닫을 때미다 엄청 힘들더라고요ㅠㅠ오래된 거라서 어느 순간보면 밑에 판이 안돌아가거나 문이 잘 안 열리고 안닫히고 총체적 난국ㅠㅠ
이 제품은 전자렌지도 되니까 쓸 수 있게 된다면 그동안 불편했던 모든 게 사라질 것 같아요

사용하다보면 청소하는 것도 은근 중요한 포인트인데 4:46 간편하게 닦아낼 수 있으니까 좋았어요
5:54 온도계까지 넣어서 온도유지체크까지 해주셔서 신동댕동 최고👍고기도 엄청 좋아해서 구워먹으면 정말 좋을 것 같아요
6:20 제트기 아니고 재튀김ㅋㅋㅋㅋ모드도 있어서 난감했던 남은 치킨 맛있게 먹을 수 있을 것 같아서 정말 갖고 싶네요

미리공부해서 알려주셔서 그동안 궁금했던 점들이 한번에 해결돼서 정말정말 좋았어요!!
내용도 이해가 쉽게 되고 귀에 쏙쏙 들어오는 딕션덕분에 기억에 더 잘 남아요
에어프라이어와 전자레인지 오븐을 고민하고 있는 주변 사람들에게도😍이 영상을 보여주면서 추천해주면 단번에 이해가 될 것 같아요
광파오븐과 전자레인지 에어프라이어 3가지의 차이점에 대해서도 궁금했는데 이해가 쉽게 정리해주셔서 역시 감탄했습니다👍
이 제품이 있다면 매일매일 정말 유용하게 잘 쓸 것 같아서 정말 갖고 싶어요💖
덕분에 좋은 제품알아가네요~~소개해주셔서 감사합니다",7,2024-06-27,Kf8lamu5wMo
공통_제품탐색,광파오븐 솔직후기,"직접 사려고 공부해봤습니다. 광파오븐이냐 에어프라이어냐, 전자레인지냐? 정해드림",신동댕동 Shindongdengdong,"광파 오븐 저도 신동님처럼 정말 에어프라이어, 전자렌지 기능이 다 구현될지가 의심스러웠어요.
그런데 아예 동일한 하드웨어가 되어있군요.
전자레인지와 더불어 에어프라이어도 필수 가전이 되었는데 은근 자리 차지가 크잖아요.
둘 다 정말 편하고 있으면 너무 좋은 기기들이니 이제는 꼭 있어야 한다고 생각하거든요.
그런데 한 기기로 처리할 수 있으니 너무 좋아요.
오븐 기능도 사용할 수 있고요.
저는 고구마튀김이랑 감자튀김 해먹고 싶어요!
그리고 가능하다면 크루키도요!!",1,2024-06-29,Kf8lamu5wMo
공통_제품탐색,광파오븐 솔직후기,"직접 사려고 공부해봤습니다. 광파오븐이냐 에어프라이어냐, 전자레인지냐? 정해드림",신동댕동 Shindongdengdong,통닭구이해먹어보고싶어요!! 대출을 많이끼게되긴햇지만 이번에 엄마가 생애 첫 자가를 장만해서 이사가게되었는데 좋은선물을 해보고싶어요 !,0,2024-06-26,Kf8lamu5wMo
공통_제품탐색,광파오븐 솔직후기,"직접 사려고 공부해봤습니다. 광파오븐이냐 에어프라이어냐, 전자레인지냐? 정해드림",신동댕동 Shindongdengdong,"와우 광파오븐이라는 걸 처음 알았는데, 사용해보면 엄청 좋을 것 같은 느낌이...🙄
안그래도 며칠전에 다음번에 에어프라이어를 구매하면 네모난 모양을 사고 싶다 그런이야기 했었는데ㅎㅎ
저는 광파오븐으로 허니버터오징어 만들어서 캔맥주랑 먹고싶어요 😆
아니면 식빵사서 피자빵 질릴때까지 원없이 해먹고 싶어요 ㅠㅠㅠㅠ",0,2024-06-28,Kf8lamu5wMo
공통_제품탐색,광파오븐 솔직후기,"직접 사려고 공부해봤습니다. 광파오븐이냐 에어프라이어냐, 전자레인지냐? 정해드림",신동댕동 Shindongdengdong,결혼식 앞두고 신랑이랑 빡센 다이어트중인데 😂 통밀또띠아에 야채 듬뿍올리고 치즈올려서 다이어트용 피자 만들어먹고싶어요!!!!!! 생각만해도 행복할것같아요 ㅎㅎ,0,2024-06-28,Kf8lamu5wMo
공통_제품탐색,광파오븐 솔직후기,"직접 사려고 공부해봤습니다. 광파오븐이냐 에어프라이어냐, 전자레인지냐? 정해드림",신동댕동 Shindongdengdong,아니 신동님 유툽 하셨구나😮 궁금한 제품이었는데 리뷰 해주셔서 감사해요,6,2024-08-03,Kf8lamu5wMo
공통_제품탐색,광파오븐 솔직후기,"직접 사려고 공부해봤습니다. 광파오븐이냐 에어프라이어냐, 전자레인지냐? 정해드림",신동댕동 Shindongdengdong,생지빵도 굽고 싶고 에어플라이용 치킨를 만들어 보고 싶네요.,0,2024-06-25,Kf8lamu5wMo
공통_제품탐색,광파오븐 솔직후기,"직접 사려고 공부해봤습니다. 광파오븐이냐 에어프라이어냐, 전자레인지냐? 정해드림",신동댕동 Shindongdengdong,"I actually thought to buy this type of oven that can air fry too!!
Since the I have air fryer but not enough when laid flat fries, and big oven that feels wasteful if I just want to bake one side of chicken breast for my daughter (she currently on less fried food diet due she keep on getting cough = more works for me 😭)",0,2024-06-25,Kf8lamu5wMo
공통_제품탐색,광파오븐 솔직후기,"직접 사려고 공부해봤습니다. 광파오븐이냐 에어프라이어냐, 전자레인지냐? 정해드림",신동댕동 Shindongdengdong,광파 오븐으로 쿠키 만들어 보고 싶어요 ㅎㅎ 집이 좁아 큰 오븐 사기는 어렵고 작고 힘좋은 광파 오븐으로도 쿠기 만들기 가능하겠죠 ㅎ ?,0,2024-06-23,Kf8lamu5wMo
공통_제품탐색,광파오븐 솔직후기,"직접 사려고 공부해봤습니다. 광파오븐이냐 에어프라이어냐, 전자레인지냐? 정해드림",신동댕동 Shindongdengdong,Wow 😲 es increíble esa tecnología ..me deja cada vez más sorprendida 😯🫰🏻,1,2024-06-23,Kf8lamu5wMo
공통_제품탐색,광파오븐 솔직후기,"직접 사려고 공부해봤습니다. 광파오븐이냐 에어프라이어냐, 전자레인지냐? 정해드림",신동댕동 Shindongdengdong,치킨먹는거 보고싶네요,3,2024-06-28,Kf8lamu5wMo
공통_제품탐색,광파오븐 솔직후기,"직접 사려고 공부해봤습니다. 광파오븐이냐 에어프라이어냐, 전자레인지냐? 정해드림",신동댕동 Shindongdengdong,"Lg광파오븐이 레전드여서 15년째 쓰고 있내요... 안에 불도 나가서 열어봐야 굽기를 볼수있고, 스텐 매쉬망에서는 레인지 돌리면 불꽃도 튀겨요..ㅎㅎ 크기도 적당하고 좋을거 같네요.. 함 써보고 싶당요...",0,2024-06-24,Kf8lamu5wMo
공통_제품탐색,광파오븐 솔직후기,"직접 사려고 공부해봤습니다. 광파오븐이냐 에어프라이어냐, 전자레인지냐? 정해드림",신동댕동 Shindongdengdong,신동형님 아이돌 출신 맞으신가요??ㅋㅋㅋㅋ예능이나 유튜브나 촬영할때 그냥 배테랑같거나 재밌게 느껴집니다 광파오븐으로 생 닭가슴살 해동해서 칼집내고 대파 좀 짤르고 마늘이랑 같이 조리해서 먹으면 맛있겠습니다 ㅋㅋㅋㅋ형님 유튜브 흥하시길 바랍니당,0,2024-06-23,Kf8lamu5wMo
공통_제품탐색,광파오븐 솔직후기,"직접 사려고 공부해봤습니다. 광파오븐이냐 에어프라이어냐, 전자레인지냐? 정해드림",신동댕동 Shindongdengdong,"🍀미디어 광파오븐으로 만들어보고 싶은 음식은 바로 ""바삭한 닭강정""입니다! 1900W의 강력한 에어프라이어 기능으로 닭고기를 속까지 골고루 익히고, 바삭한 식감을 살려 겉은 바삭하고 속은 촉촉하게 만들 수 있을 것 같아요.

레시피는 인터넷에서 쉽게 찾아볼 수 있을 것 같고, 미디어 광파오븐에는 재튀김 모드도 있으니 남은 닭강정을 재활용해서 더욱 맛있게 즐길 수 있을 것 같아요. 저는 매운맛을 좋아하기 때문에 양념에 고추장이나 고춧가루를 넣어 매콤하게 만들고, 깨나 들깨를 뿌려 마무리하면 더욱 맛있을 것 같아요~!!",0,2024-06-29,Kf8lamu5wMo
공통_제품탐색,광파오븐 솔직후기,"직접 사려고 공부해봤습니다. 광파오븐이냐 에어프라이어냐, 전자레인지냐? 정해드림",신동댕동 Shindongdengdong,매일 영상으로만 보던 크리스피 삼겹살을 꼭…,0,2024-06-23,Kf8lamu5wMo
공통_제품탐색,광파오븐 솔직후기,"직접 사려고 공부해봤습니다. 광파오븐이냐 에어프라이어냐, 전자레인지냐? 정해드림",신동댕동 Shindongdengdong,😭its really appreciate & great,0,2024-06-24,Kf8lamu5wMo
공통_제품탐색,광파오븐 솔직후기,"직접 사려고 공부해봤습니다. 광파오븐이냐 에어프라이어냐, 전자레인지냐? 정해드림",신동댕동 Shindongdengdong,"전 취준생 현 직장인으로서 취업을 준비하면서 저에게 남모를 취미가 생겼어요 
그게 바로 요리였는데 진짜 요즘같이 더운 날에는 확실히 주방에서 직접 요리하는 것보다는
기계를 쓰는게 맞죠!! 에어컨을 돌려도 환기 시켜야 할 문제도 없고 진짜 너무 좋아요 
광파 오븐이 있다면 할 수 있는 요리 정말 많죠 가장 간단한 로스트 치킨부터 통삼겹, 그냥 간단한 음식들부터 
다양한 고급 요리까지 가능하죠!! 안그래도 예전에 샀던 오븐겸전자레인지가 고장이 나서 오븐 기능은 사용 안하고 
전자레인지만 쓰고 있는 상황에서 하나 구매해야 하나 고민중이었는데 유튜브를 보면서 구매 고민이 하나 줄었습니다!!
정보 감사합니다 잘봤어요 ㅎ 아무래도 제일 생기면 먼저 해보고 싶은 요리는 그래도 간단하게 3년 간수한 천일염, 후추
올리브유, 바질, 파슬리로 간단하게 만들 수 있는!!! 바로 로스트치킨입니다 ㅎ 통 닭요리로 할 수 있는 용량인 만큼 바로 해서
맥주와 한잔하고 싶습니다 ㅎ 주말이니까 더 생각나는군요",0,2024-06-29,Kf8lamu5wMo
공통_제품탐색,광파오븐 솔직후기,"직접 사려고 공부해봤습니다. 광파오븐이냐 에어프라이어냐, 전자레인지냐? 정해드림",신동댕동 Shindongdengdong,"에어프라이어와 전자렌지 모두 한 제품으로 통일 가능! 자취생은 따로따로 사기 비용이나 집 공간도 적어 부담이 여러모로 많이 되는데, 진짜 가성비도 좋고 활용도도 높은 제품이 드디어 나온 것 같아요! 이런 제품이야말로 진정한 삶의 질, 살림의 질 수직상승 아이템이라고 말할 수 있죠! 자취생인데 현재 집에 있는 에어프라이어가 크기가 너무 작고 오래돼서 탈인데, 애초에 중고 거래로 값싸게 산 거라 기능이 별로 좋지 않아서 애먹을 때가 많았거든요! 음 저는 얼마 전에 쇼츠에서, 한 미국 분이 오븐?에 구운 통 구이 치킨이랑 맥앤치즈를 같이 드시는 영상을 봤어요! 🥹💓 그게 진짜 꿀조합이라던데, 저도 그대로 한번 먹어 보고 싶더라구요. 한 여름밤에 넷플릭스 보면서 맥주랑 직접 구운 치킨이랑 맥앤치즈까지 페어링해서 먹으면, 진짜 낭만 죽여줄 것 같아요 ㅎㅎ 🦋🥰",0,2024-06-23,Kf8lamu5wMo
공통_제품탐색,광파오븐 솔직후기,"직접 사려고 공부해봤습니다. 광파오븐이냐 에어프라이어냐, 전자레인지냐? 정해드림",신동댕동 Shindongdengdong,피자빵 오븐에서 해먹고 싶어요. 자주 가는 빵집에 피자빵이 있는데 소시지도 함께 있어서  첫째가 너무도 좋아하거든요. 가격도 조금 비싼편이라 직접 만들어서 아이가 맛있게 먹어주면 좋을것 같아요. ^^,0,2024-06-29,Kf8lamu5wMo
공통_제품탐색,광파오븐 솔직후기,"직접 사려고 공부해봤습니다. 광파오븐이냐 에어프라이어냐, 전자레인지냐? 정해드림",신동댕동 Shindongdengdong,통삼겹살이 제일 먼저 떠오르지만 혹시 이걸로 전기구이 통닭 가능할까요?,0,2024-06-23,Kf8lamu5wMo
공통_제품탐색,광파오븐 솔직후기,"직접 사려고 공부해봤습니다. 광파오븐이냐 에어프라이어냐, 전자레인지냐? 정해드림",신동댕동 Shindongdengdong,오븐요리 해주세요 촉촉하게 유지되는지 궁금해요 에어프라이기는 팬돌아가서 너무 건조해져서,0,2024-06-26,Kf8lamu5wMo
공통_제품탐색,광파오븐 솔직후기,"직접 사려고 공부해봤습니다. 광파오븐이냐 에어프라이어냐, 전자레인지냐? 정해드림",신동댕동 Shindongdengdong,"Gracias por los subtitulos 
Shindong 💙🫰",1,2024-06-23,Kf8lamu5wMo
공통_제품탐색,광파오븐 솔직후기,"직접 사려고 공부해봤습니다. 광파오븐이냐 에어프라이어냐, 전자레인지냐? 정해드림",신동댕동 Shindongdengdong,"신동댕동 채널 구독과 좋아요 알람설정은 모두모두 완료해두었구요!!😊😊

오늘 영상 보면서 광파오븐이라는 새로운 신문물을 마주할 수 있어서 너무나 좋았어요~❤❤

저는 광파오븐 이용해서 통삼겹구이 해먹고 싶다는 생각이 들었는데요~
제가 정말정말 너무나도 사랑하는!!! 삼겹살~ 하지만 요리를 하려고 할 때마다 기름이 너무 많이 튀어서 맛있지만 집에서 너무나 힘들었던 요리가 바로 삼겹살이 아닐까 생각하는데요. 예전에 여행가서 통삼겹구이 먹었었는데 그야말로 황홀감이 느껴지는 요리였거든요😊

그런데 그냥 삼겹도 버거운데 집에서 통삼겹을 먹을 수 있는 건 상상도 못했었죠😢😢

하.지.만 오늘 신동님이 소개해주신 광파오븐이라면 정말 통삽겹 통으로 넣어서 기름 튈 일도 없이 골고루 익혀서 확실하게 육즙까지 잡아서 그야말로 외부 캠핑이나 고급 레스토랑에서나 먹을 수 있었덤 통삼겹의 즐거움을 맘껏 누려보고 싶어요~😊😊

매번 맛있고 즐겁고 행복한 소식 전해주시는 신동님 넘나 감사합니다❤❤❤",0,2024-06-28,Kf8lamu5wMo
공통_제품탐색,광파오븐 솔직후기,"직접 사려고 공부해봤습니다. 광파오븐이냐 에어프라이어냐, 전자레인지냐? 정해드림",신동댕동 Shindongdengdong,통삼겹구이 해보고 싶어요❤,1,2024-06-24,Kf8lamu5wMo
공통_제품탐색,광파오븐 솔직후기,"직접 사려고 공부해봤습니다. 광파오븐이냐 에어프라이어냐, 전자레인지냐? 정해드림",신동댕동 Shindongdengdong,와 유료광고 표기가 없어서 광곤줄 알았네요,0,2024-10-31,Kf8lamu5wMo
공통_제품탐색,광파오븐 솔직후기,"직접 사려고 공부해봤습니다. 광파오븐이냐 에어프라이어냐, 전자레인지냐? 정해드림",신동댕동 Shindongdengdong,대탈출 정주행중인데 시즌5 나왔으면 좋겠네요,0,2024-06-23,Kf8lamu5wMo
공통_제품탐색,광파오븐 솔직후기,"직접 사려고 공부해봤습니다. 광파오븐이냐 에어프라이어냐, 전자레인지냐? 정해드림",신동댕동 Shindongdengdong,형님.. 완전 쇼호스트인데요?,0,2024-07-05,Kf8lamu5wMo
공통_제품탐색,광파오븐 솔직후기,"직접 사려고 공부해봤습니다. 광파오븐이냐 에어프라이어냐, 전자레인지냐? 정해드림",신동댕동 Shindongdengdong,가능하다면 통구이를 해 먹어보고 싶네요,0,2024-06-23,Kf8lamu5wMo
공통_제품탐색,광파오븐 솔직후기,에프 있는데 오븐 또 사? 좁은 주방 필살기 정해드림! (전자레인지vs에어프라이어vs광파오븐),스튜디오 몰링 Studio Malling,"📍이벤트 당첨자 발표
 
@ssh1101
@bcy2186
@eom3958
@RMFGU
@써니데이-t9d 

축하드려요!
당첨되신 분께서는 3/29(일)까지 구글폼에 정보를 남겨주세요! 경품 수령 안내 드리도록 하겠습니다.
※기한 내 정보를 입력하지 않은 경우 당첨이 취소될 수 있으니 기한을 꼭 지켜주세요.",81,2026-03-23,wzs9XUrV-Pk
공통_제품탐색,광파오븐 솔직후기,에프 있는데 오븐 또 사? 좁은 주방 필살기 정해드림! (전자레인지vs에어프라이어vs광파오븐),스튜디오 몰링 Studio Malling,광파오븐이에요. 주방은 좁은데 전자레인지도 필요하고 에어프라이어의 겉바속촉도 포기 못 하는 저 같은 사람한테는 공간 활용 측면에서 광파오븐이 최고의 필살기인 것 같습니다. 특히 냉동식품뿐만 아니라 제대로 된 요리까지 한 번에 해결할 수 있다는 점이 가장 매력적이에요.,9,2026-03-19,wzs9XUrV-Pk
공통_제품탐색,광파오븐 솔직후기,에프 있는데 오븐 또 사? 좁은 주방 필살기 정해드림! (전자레인지vs에어프라이어vs광파오븐),스튜디오 몰링 Studio Malling,"광파오븐 탐나네요!
한때 마카롱에 꽂혀서 미니오븐 사서 만들고 그랬는데 ㅎㅎ
워낙 작아서 온도 맞추기도 힘들었던 기억이 새록새록~
개인적으로 금액대 같이 알려 주셔서 너무 좋았어요!!
보통 이런 영상 보고 마음에 드는 제품 찾아보면 가격이 너무 비싸서 시간 낭비하게 되는 경우가 종종 있었거든요.
금액대별로 장단점 꼼꼼히 비교해 주시니 도움 많이 될 것 같아요 잘 봤씁니다 ^^",0,2026-03-19,wzs9XUrV-Pk
공통_제품탐색,광파오븐 솔직후기,에프 있는데 오븐 또 사? 좁은 주방 필살기 정해드림! (전자레인지vs에어프라이어vs광파오븐),스튜디오 몰링 Studio Malling,"에어프라이어🔥🔥 환경 호르몬 걱정 없고 무엇보다 조리 과정이 그대로 보여서 너무 좋은데요?? 핫도그 같은거 데울 때 좋을 것 같아요 ㅋㅋㅋㅋㅋㅋ 들이고 싶다,,☆",0,2026-03-17,wzs9XUrV-Pk
공통_제품탐색,광파오븐 솔직후기,에프 있는데 오븐 또 사? 좁은 주방 필살기 정해드림! (전자레인지vs에어프라이어vs광파오븐),스튜디오 몰링 Studio Malling,"에어프라이어의 간편함과 오븐의 다양한 조리 기능을 동시에 사용할 수 있어서 활용도가 정말 높을 것 같아요 👍
베이킹부터 바삭한 요리까지 모두 가능해서 집에서 요리하는 재미도 더 커질 것 같아 기대됩니다!",0,2026-03-17,wzs9XUrV-Pk
공통_제품탐색,광파오븐 솔직후기,에프 있는데 오븐 또 사? 좁은 주방 필살기 정해드림! (전자레인지vs에어프라이어vs광파오븐),스튜디오 몰링 Studio Malling,"영상 보고 나니까 결국은 생활패턴이 답이라는 말이 제일 공감됐어요  
저는 냉동식품 자주 먹는 편이라 전자레인지가 제일 맞는 선택 같네요  
괜히 비싼 거 샀다가 안 쓰는 것보다 매일 쓰는 게 더 중요하다는 느낌이었습니다  
이런 기준 알려주는 영상이라 더 유익했어요^^",1,2026-03-18,wzs9XUrV-Pk
공통_제품탐색,광파오븐 솔직후기,에프 있는데 오븐 또 사? 좁은 주방 필살기 정해드림! (전자레인지vs에어프라이어vs광파오븐),스튜디오 몰링 Studio Malling,너무 유익하네요,0,2026-03-17,wzs9XUrV-Pk
공통_제품탐색,광파오븐 솔직후기,에프 있는데 오븐 또 사? 좁은 주방 필살기 정해드림! (전자레인지vs에어프라이어vs광파오븐),스튜디오 몰링 Studio Malling,매번 느끼는건데 영상 퀄리티 진짜 최고!,0,2026-03-17,wzs9XUrV-Pk
공통_제품탐색,광파오븐 솔직후기,에프 있는데 오븐 또 사? 좁은 주방 필살기 정해드림! (전자레인지vs에어프라이어vs광파오븐),스튜디오 몰링 Studio Malling,"에어프라이어 오븐
다양한 요리를 손쉽게 그리고 빠르게 만들수 있어서 너무 좋네요 요리를 즐겨하는 사람으로써 너무 좋은 제품입니다",0,2026-03-17,wzs9XUrV-Pk
공통_제품탐색,광파오븐 솔직후기,에프 있는데 오븐 또 사? 좁은 주방 필살기 정해드림! (전자레인지vs에어프라이어vs광파오븐),스튜디오 몰링 Studio Malling,일반오븐이랑 광파오븐 차이 설명해 주니깐 바로 이해되고 유익해요,0,2026-03-17,wzs9XUrV-Pk
공통_제품탐색,광파오븐 솔직후기,에프 있는데 오븐 또 사? 좁은 주방 필살기 정해드림! (전자레인지vs에어프라이어vs광파오븐),스튜디오 몰링 Studio Malling,"한 영상으로 여러 제품들의 장단점과 차이점을 한 눈에 볼 수 있어서 좋았습니다
개인적으로 광파오븐의 활용도가 너무 마음에 드네요",0,2026-03-17,wzs9XUrV-Pk
공통_제품탐색,광파오븐 솔직후기,에프 있는데 오븐 또 사? 좁은 주방 필살기 정해드림! (전자레인지vs에어프라이어vs광파오븐),스튜디오 몰링 Studio Malling,목소리도 좋고 설명이랑 영상도 깔끔하네요 남잔데 설렘,0,2026-05-12,wzs9XUrV-Pk
공통_제품탐색,광파오븐 솔직후기,에프 있는데 오븐 또 사? 좁은 주방 필살기 정해드림! (전자레인지vs에어프라이어vs광파오븐),스튜디오 몰링 Studio Malling,"저는 모든 기능을 하나로 해결할 수 있는 광파오븐이 제 주방의 최후 승자입니다! 복잡한 가전의 세계를 명확한 기준으로 정리해 주시는 가탐의 통찰력을 진심으로 응원해요! 가탐의 추천 가이드처럼 모든 분의 주방이 효율적이고 희망차길 바랍니다! 신혼집 가전 고민하는 친구들에게도 이 영상 무조건 보라고 소문낼게요! 예전엔 좁은 주방에 이것저것 들이다 투박하게 짐만 늘렸는데, 이제 가탐 덕분에 당근행 없는 현명한 선택을 할 수 있겠네요. 😊🔥",1,2026-03-19,wzs9XUrV-Pk
공통_제품탐색,광파오븐 솔직후기,에프 있는데 오븐 또 사? 좁은 주방 필살기 정해드림! (전자레인지vs에어프라이어vs광파오븐),스튜디오 몰링 Studio Malling,"전자레인지, 에어프라이어, 광파오븐 각각의 장단점을 비교해주셔서 정말 도움이 되는 영상이었습니다 하나만 선택해야 한다면 사용 목적에 따라 달라진다는 점이 인상적이었고 개인적으로는 다양한 요리가 가능한 광파오븐이 가장 매력적으로 느껴졌습니다",0,2026-03-17,wzs9XUrV-Pk
공통_제품탐색,광파오븐 솔직후기,에프 있는데 오븐 또 사? 좁은 주방 필살기 정해드림! (전자레인지vs에어프라이어vs광파오븐),스튜디오 몰링 Studio Malling,"📌#구독자이벤트 
전자레인지, 에어프라이어, 에어프라이어 오븐, 광파오븐 중 나에게 꼭 필요한 원픽과 그 이유를 댓글로 남겨주세요!
추첨을 통해 5분께 소정의 선물을 드릴게요.
- 참여 기간: 3/13(금) ~ 3/19(목)
- 당첨자 발표: 3/23(월)
- 경품:  쿠팡캐시 1만원권(5명)",21,2026-03-13,wzs9XUrV-Pk
공통_제품탐색,광파오븐 솔직후기,에프 있는데 오븐 또 사? 좁은 주방 필살기 정해드림! (전자레인지vs에어프라이어vs광파오븐),스튜디오 몰링 Studio Malling,"일반오븐이랑 광파오븐 차이 쉽게 설명해주어서
이해하기 편했어요. 결국 뭐든 장단점이 있는 셈이네요 제 원픽은 에어프라이어예요
혼자 사는 1인 가구라 냉동만두나 치킨 같은 간편식을 자주 먹어서 겉바속촉 식감이 너무 중요해요. 기름 없이도 바삭하게 조리할 수 있어서 활용도가 높아서  많이 활용하고있어요",1,2026-03-17,wzs9XUrV-Pk
공통_제품탐색,광파오븐 솔직후기,에프 있는데 오븐 또 사? 좁은 주방 필살기 정해드림! (전자레인지vs에어프라이어vs광파오븐),스튜디오 몰링 Studio Malling,요즘 밀키트가 대세인만틈 얼려있는 제품을 금방 녹여 식사하려면 해동기능이 있는 전자레인지가 유횽하다고 생각해요!!😊,1,2026-03-15,wzs9XUrV-Pk
공통_제품탐색,광파오븐 솔직후기,에프 있는데 오븐 또 사? 좁은 주방 필살기 정해드림! (전자레인지vs에어프라이어vs광파오븐),스튜디오 몰링 Studio Malling,"광파오븐 설명 들으면서 와 이건 진짜 사기템 아닌가 싶었어요  
전자레인지+에어프라이어+오븐 기능까지 한 번에 된다는 게 너무 매력적이네요  
공간만 된다면 주방에서 제일 중심 역할 할 것 같은 느낌입니다  
요리하는 재미까지 확 올라갈 것 같아요ㅎㅎ",0,2026-03-18,wzs9XUrV-Pk
공통_제품탐색,광파오븐 솔직후기,에프 있는데 오븐 또 사? 좁은 주방 필살기 정해드림! (전자레인지vs에어프라이어vs광파오븐),스튜디오 몰링 Studio Malling,"저의 원픽은 단연 광파오븐입니다! 🍖 빛으로 빠르게 익혀서 육즙을 꽉 잡아준다는 설명에 완전 반해버렸습니다. 😍 집에서도 레스토랑 못지않은 스테이크랑 통삼겹 구이를 즐기고 싶거든요! 비록 청소는 조금 부지런히 해야겠지만, 그만큼 압도적인 맛을 위해서라면 기꺼이 감수할 수 있습니다! 우리 집 주방의 품격을 높여줄 광파오븐, 꼭 만나고 싶어요 💖✨",1,2026-03-18,wzs9XUrV-Pk
공통_제품탐색,광파오븐 솔직후기,에프 있는데 오븐 또 사? 좁은 주방 필살기 정해드림! (전자레인지vs에어프라이어vs광파오븐),스튜디오 몰링 Studio Malling,일반오븐이랑 광파오븐 차이를 잘 설명해 주셔서 감사합니다,0,2026-03-17,wzs9XUrV-Pk
공통_제품탐색,광파오븐 솔직후기,에프 있는데 오븐 또 사? 좁은 주방 필살기 정해드림! (전자레인지vs에어프라이어vs광파오븐),스튜디오 몰링 Studio Malling,무조건 치우는 과정이 심플할 수록 좋음!! 정리가 힘들면 애초에 안 쓰게 됨! 유리라서 식세기 돌려도 되는 에프라니 좋다좋다,0,2026-03-16,wzs9XUrV-Pk
공통_제품탐색,광파오븐 솔직후기,에프 있는데 오븐 또 사? 좁은 주방 필살기 정해드림! (전자레인지vs에어프라이어vs광파오븐),스튜디오 몰링 Studio Malling,"에어프라이어 오븐! 
베이킹이 취미인 저로서는 제일 유용하게 쓸 수 있을 것 같아요😊",1,2026-03-13,wzs9XUrV-Pk
공통_제품탐색,광파오븐 솔직후기,에프 있는데 오븐 또 사? 좁은 주방 필살기 정해드림! (전자레인지vs에어프라이어vs광파오븐),스튜디오 몰링 Studio Malling,영업 잘하시네요 추천한 제품 다사고 싶어요ㅋㅋ,0,2026-03-13,wzs9XUrV-Pk
공통_제품탐색,광파오븐 솔직후기,에프 있는데 오븐 또 사? 좁은 주방 필살기 정해드림! (전자레인지vs에어프라이어vs광파오븐),스튜디오 몰링 Studio Malling,오랜만에 영상 끝까지 봤네 댓글 잘 안쓰네 잘보고 갑니다,0,2026-03-17,wzs9XUrV-Pk
공통_제품탐색,광파오븐 솔직후기,에프 있는데 오븐 또 사? 좁은 주방 필살기 정해드림! (전자레인지vs에어프라이어vs광파오븐),스튜디오 몰링 Studio Malling,"저는 ""광파오븐""이 정말 필요해요.
제가 쓰는 제품이 너무 낡아서 기능이 많이 떨어지거든요.
높은 효율을 보여줄 수 있을것 같아요.
보는 동안 감탄이 절로나오네요~!
영상이 잘 구성되서 굿굿!!
앞으로도 유익한 영상 부탁!
파이팅!!",0,2026-03-14,wzs9XUrV-Pk
공통_제품탐색,광파오븐 솔직후기,에프 있는데 오븐 또 사? 좁은 주방 필살기 정해드림! (전자레인지vs에어프라이어vs광파오븐),스튜디오 몰링 Studio Malling,"저는 에어프라이어 오븐이 원픽입니다  
영상 보면서 바스켓형의 한계랑 오븐 기능까지 다 잡은 느낌이라 확 끌렸어요  
집에서 간단한 요리부터 제대로 된 요리까지 다 가능할 것 같아서 상상만 해도 기대됩니다ㅎㅎ  
주방 하나로 다 해결되는 느낌이라 너무 매력적이에요 🍳",0,2026-03-18,wzs9XUrV-Pk
공통_제품탐색,광파오븐 솔직후기,에프 있는데 오븐 또 사? 좁은 주방 필살기 정해드림! (전자레인지vs에어프라이어vs광파오븐),스튜디오 몰링 Studio Malling,"에어프라이어 오븐
여러가지 요리할때 가장 유용할것 같아요",0,2026-03-17,wzs9XUrV-Pk
공통_제품탐색,광파오븐 솔직후기,에프 있는데 오븐 또 사? 좁은 주방 필살기 정해드림! (전자레인지vs에어프라이어vs광파오븐),스튜디오 몰링 Studio Malling,"광파오븐
다양한 요리를 하는데 있어 좋은 것 같아요",0,2026-03-19,wzs9XUrV-Pk
공통_제품탐색,광파오븐 솔직후기,에프 있는데 오븐 또 사? 좁은 주방 필살기 정해드림! (전자레인지vs에어프라이어vs광파오븐),스튜디오 몰링 Studio Malling,쿠진아트가 가격이나 전반적인 스펙 밸런스가 좋아요 너무 잘쓰고 있어요. 초반에 예열 좀 해주긴 해야해요,0,2026-03-17,wzs9XUrV-Pk
공통_제품탐색,광파오븐 솔직후기,에프 있는데 오븐 또 사? 좁은 주방 필살기 정해드림! (전자레인지vs에어프라이어vs광파오븐),스튜디오 몰링 Studio Malling,"광파오븐 !!! 

 예전에는 전자레인지 하나로 어떻게든 끼니를 해결하던 시절이 있었는데, 막상 식단 관리도 하고 제대로 요리도 해보고 싶어지니까 ‘장비의 중요성’을 절실히 느끼게 되더라고요. 그렇다고 전자레인지, 오븐, 에어프라이어를 전부 들이기에는 공간도 부담이고 관리도 번거로운 게 현실이잖아요. 그런 고민을 한 번에 해결해주는 게 바로 광파오븐이라는 생각이 들었어요.
전자레인지는 빠르긴 하지만 음식이 금방 눅눅해지는 게 늘 아쉬웠고, 오븐은 결과물은 좋지만 예열부터 시간이 오래 걸려서 자주 쓰기엔 부담이 있었어요. 에어프라이어는 바삭함은 최고지만 활용도가 은근히 제한적이라는 느낌도 있었고요. 그런데 광파오븐은 이 세 가지의 장점을 자연스럽게 합쳐놓은 느낌이라 사용하면서 만족도가 훨씬 높더라고요.  고기 요리할 때 그 진가가 제대로 드러나는 것 같아요. 겉은 바삭하게 잘 구워지면서도 속은 촉촉하게 육즙이 살아 있어서, 집에서 만든 요리인데도 밖에서 사 먹는 것 같은 완성도가 나오더라고요. 냉동식품도 그냥 데우는 수준이 아니라, 훨씬 더 맛있고 제대로 조리된 느낌으로 바뀌는 게 신기했어요. 간단한 한 끼도 훨씬 근사하게 만들어주는 게 정말 매력적이에요.
무엇보다 마음에 드는 건 공간 활용성이에요. 주방이 넓지 않은 자취 환경에서는 가전 하나하나가 차지하는 공간이 꽤 부담인데, 광파오븐 하나로 여러 기능을 해결할 수 있다는 점이 정말 큰 장점이더라고요. 덕분에 주방이 훨씬 깔끔해지고, 요리할 때도 동선이 단순해져서 더 편해졌어요.
이제는 단순히 배를 채우는 식사가 아니라, 스스로를 잘 챙기는 ‘갓생 루틴’의 일부로 요리를 생각하게 됐어요. 그런 의미에서 광파오븐은 단순한 가전제품을 넘어, 더 나은 생활을 만들어주는 도구처럼 느껴져요. 여러 가지를 복잡하게 갖추기보다는 하나로 제대로 해결하는 미니멀한 선택, 그리고 그 안에서 효율과 만족을 동시에 챙기는 게 요즘 제가 추구하는 라이프스타일에 딱 맞는 것 같아요.",1,2026-03-19,wzs9XUrV-Pk
공통_제품탐색,광파오븐 솔직후기,에프 있는데 오븐 또 사? 좁은 주방 필살기 정해드림! (전자레인지vs에어프라이어vs광파오븐),스튜디오 몰링 Studio Malling,"저는 광파오븐이요! 
전자레인지, 에어프라이어, 찜기까지 따로 두면 주방공간이 너무 부족하더라고요. 비싸긴 해도 LG 광파오븐 한 대로 10가지 기능을 다 쓸 수 있다면 장기적으로는 훨씬 이득인 것 같아요. 특히 아이에게 겉바속촉한 고기 요리를 제대로 해주고 싶어서 육즙을 잡아주는 광파 기술이 가장 매력적으로 느껴집니다.",1,2026-03-19,wzs9XUrV-Pk
공통_제품탐색,광파오븐 솔직후기,에프 있는데 오븐 또 사? 좁은 주방 필살기 정해드림! (전자레인지vs에어프라이어vs광파오븐),스튜디오 몰링 Studio Malling,"저는 냉정하게 제 게으름(?)을 인정하고 에어프라이어를 원픽으로 꼽았습니다! 
영상에서 짚어주신 뒷정리 vs 뒷수습파트가 정말 뼈 때리는 조언이었어요. 
아무리 맛이 좋아도 관리가 힘들면 결국 당근행이라는 말씀에 깊이 공감하며, 종이 호일 한 장으로 
설거지 걱정 끝낼 수 있는 에프가 제 라이프스타일엔 정답인 것 같습니다. 
특히 추천해주신 리빙웰 글라스 에어프라이어는 코팅 벗겨짐 걱정 없고 조리 과정이 다 보여서 요리 초보인 
저에게 실패 없는 무기가 될 것 같아요. 광고 없는 정직한 분석 덕분에 낭비 없는 소비 할 수 있을 것 같습니다. 스튜디오 몰링 최고! 👍",0,2026-03-19,wzs9XUrV-Pk
공통_제품탐색,광파오븐 솔직후기,에프 있는데 오븐 또 사? 좁은 주방 필살기 정해드림! (전자레인지vs에어프라이어vs광파오븐),스튜디오 몰링 Studio Malling,이번 편 진짜 유용하네요. 남편 보여주고 lg광파오븐 살까봐요,0,2026-03-17,wzs9XUrV-Pk
공통_제품탐색,광파오븐 솔직후기,에프 있는데 오븐 또 사? 좁은 주방 필살기 정해드림! (전자레인지vs에어프라이어vs광파오븐),스튜디오 몰링 Studio Malling,광파오븐 다양하게 잘 활용할 수 있을 거 같아요!,0,2026-03-19,wzs9XUrV-Pk
공통_제품탐색,광파오븐 솔직후기,에프 있는데 오븐 또 사? 좁은 주방 필살기 정해드림! (전자레인지vs에어프라이어vs광파오븐),스튜디오 몰링 Studio Malling,저의 원픽은 광파오븐입니다! 전자레인지의 간편함에 에어프라이어의 바삭함까지 하나로 해결할 수 있다는 게 공간 효율 면에서 큰 메리트 같아요. 특히 빛으로 빠르게 익혀 육즙을 잡아준다는 점이 요리 퀄리티를 확 높여줄 것 같아 기대됩니다. 복잡한 주방 가전 고민을 명확한 기준으로 정리해 주셔서 큰 도움 됐어요! 💡,0,2026-03-19,wzs9XUrV-Pk
공통_제품탐색,광파오븐 솔직후기,에프 있는데 오븐 또 사? 좁은 주방 필살기 정해드림! (전자레인지vs에어프라이어vs광파오븐),스튜디오 몰링 Studio Malling,오븐 청소 번거롭다는데 뭐 다른 둘도 부지런한 사람 아니면 귀찮기는 마찬가지라. 광파오븐은 써본 적 없어서 궁금해요. 다른 둘보다 공간 여유롭고 식감도 신경 쓸 수 있을 듯하네요.,0,2026-03-19,wzs9XUrV-Pk
공통_제품탐색,광파오븐 솔직후기,에프 있는데 오븐 또 사? 좁은 주방 필살기 정해드림! (전자레인지vs에어프라이어vs광파오븐),스튜디오 몰링 Studio Malling,"가전 하나 살 때마다 결정장애 와서 머리 아팠는데 기준을 딱딱 잡아주니까 속이 다 시원하네요. 
저는 요리 실력도 평범하고 설거지 귀찮은 게 제일 싫어서 리빙웰 글라스 에어프라이어가 제 원픽이에요, 일단 속이 훤히 보이니까 태워 먹을 걱정 없고 유리라 슥 닦으면 그만이라는 점이 자취생 입장에서 최고의 메리트인 것 같아요!",0,2026-03-19,wzs9XUrV-Pk
공통_제품탐색,광파오븐 솔직후기,에프 있는데 오븐 또 사? 좁은 주방 필살기 정해드림! (전자레인지vs에어프라이어vs광파오븐),스튜디오 몰링 Studio Malling,"광파오븐입니다! 전자레인지의 간편함에 에어프라이어의 바삭함 그리고 오븐의 깊은 맛까지 하나로 다 해결되니까 공간 활용성 면에서도 최고인 것 같아용! 꼭 갖고싶네요 >,<",0,2026-03-19,wzs9XUrV-Pk
공통_제품탐색,광파오븐 솔직후기,에프 있는데 오븐 또 사? 좁은 주방 필살기 정해드림! (전자레인지vs에어프라이어vs광파오븐),스튜디오 몰링 Studio Malling,해동부터 데우기까지 자취생의 식사를 가장 빠르고 간편하게 완성해 주는 전자레인지가 실용성 면에서 제 주방의 영원한 원픽이자 최후의 승자입니다,0,2026-03-17,wzs9XUrV-Pk
공통_제품탐색,광파오븐 솔직후기,에프 있는데 오븐 또 사? 좁은 주방 필살기 정해드림! (전자레인지vs에어프라이어vs광파오븐),스튜디오 몰링 Studio Malling,전자레인지❤❤❤없으면 안되는 필수템이죠😊😊,0,2026-03-18,wzs9XUrV-Pk
공통_제품탐색,광파오븐 솔직후기,에프 있는데 오븐 또 사? 좁은 주방 필살기 정해드림! (전자레인지vs에어프라이어vs광파오븐),스튜디오 몰링 Studio Malling,"저의 원픽은 에어프라이어 오븐이에요! 🙌 겉바속촉 식감도 포기 못하고, 전자레인지처럼 데우기 기능도 어느 정도 해결되니까요 😊 치킨, 군고구마, 베이킹까지 한 번에 가능한 만능템이라 좁은 주방에서 “가전 2~3개 역할”을 대신해줘서 공간 효율도 최고예요. 무엇보다 요리에 진심인 날도, 귀찮아서 간단히 돌려 먹는 날도 다 커버 가능해서 당근행 갈 일이 없을 것 같은 안정적인 선택입니다 👍",1,2026-03-19,wzs9XUrV-Pk
공통_제품탐색,광파오븐 솔직후기,에프 있는데 오븐 또 사? 좁은 주방 필살기 정해드림! (전자레인지vs에어프라이어vs광파오븐),스튜디오 몰링 Studio Malling,"저의 원픽은 전자레인지입니다! 
혼자 살다 보니 요리보다는 배달 음식이나 냉동식품 데워 먹는 일이 많은데, 역시 속도랑 간편함은 전자레인지가 최고인 것 같아요
버튼 한 번이면 바로 따뜻하게 먹을 수 있고, 설거지나 뒷정리도 거의 필요 없어서 바쁜 일상에 딱이에요!",0,2026-03-17,wzs9XUrV-Pk
공통_제품탐색,광파오븐 솔직후기,에프 있는데 오븐 또 사? 좁은 주방 필살기 정해드림! (전자레인지vs에어프라이어vs광파오븐),스튜디오 몰링 Studio Malling,"에어프라이어 오븐!!!
가끔 베이킹도 하고 넓은 접시를 통째로 넣고 조리할 일이 많아서 용량이 넉넉한 오븐형이 최고인듯용",0,2026-03-17,wzs9XUrV-Pk
공통_제품탐색,광파오븐 솔직후기,에프 있는데 오븐 또 사? 좁은 주방 필살기 정해드림! (전자레인지vs에어프라이어vs광파오븐),스튜디오 몰링 Studio Malling,"광파오븐이요❤
빛을 이용해 육즙을 잡으며 속까지 익히니 최고입니다",0,2026-03-17,wzs9XUrV-Pk
공통_제품탐색,광파오븐 솔직후기,에프 있는데 오븐 또 사? 좁은 주방 필살기 정해드림! (전자레인지vs에어프라이어vs광파오븐),스튜디오 몰링 Studio Malling,저의 원픽은 단연 광파오븐입니다! 🍖 빛으로 빠르게 익혀서 육즙을 꽉 잡아준다는 설명에 완전 반해버렸습니다,0,2026-03-19,wzs9XUrV-Pk
공통_제품탐색,광파오븐 솔직후기,에프 있는데 오븐 또 사? 좁은 주방 필살기 정해드림! (전자레인지vs에어프라이어vs광파오븐),스튜디오 몰링 Studio Malling,Very nice video,0,2026-04-16,wzs9XUrV-Pk
공통_제품탐색,광파오븐 솔직후기,에프 있는데 오븐 또 사? 좁은 주방 필살기 정해드림! (전자레인지vs에어프라이어vs광파오븐),스튜디오 몰링 Studio Malling,재밌네,0,2026-03-17,wzs9XUrV-Pk
공통_제품탐색,광파오븐 솔직후기,에프 있는데 오븐 또 사? 좁은 주방 필살기 정해드림! (전자레인지vs에어프라이어vs광파오븐),스튜디오 몰링 Studio Malling,에프랑 전자레인지는 있는데 광파오븐은 없어요!! 한번 써보고 싶네요~~,0,2026-03-13,wzs9XUrV-Pk
공통_제품탐색,광파오븐 솔직후기,에프 있는데 오븐 또 사? 좁은 주방 필살기 정해드림! (전자레인지vs에어프라이어vs광파오븐),스튜디오 몰링 Studio Malling,"저는 [에어프라이어 오븐] 이 가장 마음에 듭니다! 
 바스켓형의 아쉬움을 채워주면서도 전문 오븐의 느낌을 낼 수 있는 20만 원대 최고의 대안인 것 같아요
투명창으로 요리 과정을 지켜보며 다이얼을 돌리는 아날로그 감성이 요리하는 즐거움을 더해줄 것 같아 꼭 써보고 싶습니다 ! ^^",1,2026-03-17,wzs9XUrV-Pk
공통_제품탐색,광파오븐 솔직후기,에프 있는데 오븐 또 사? 좁은 주방 필살기 정해드림! (전자레인지vs에어프라이어vs광파오븐),스튜디오 몰링 Studio Malling,에어프라이어 / 죽어가는 튀김도 살려내는 그 바삭함을 절대 포기 못하네요. 요즘은 유리 바스켓 제품도 잘 나와서 시원하게 조리 과정 지켜보고 바로 식탁에 올려서 먹으면 설거지까지 줄어드니 정말 최고인 것 같네요.,4,2026-03-19,wzs9XUrV-Pk
공통_제품탐색,광파오븐 솔직후기,LG 오브제 광파오븐 한달 사용 리뷰,가진남(가전제품에 진심인 남자),잘 보고 갑니다~!,1,2026-04-29,iz4x8dUnrrY
공통_제품탐색,광파오븐 솔직후기,LG 오브제 광파오븐 한달 사용 리뷰,가진남(가전제품에 진심인 남자),광파오븐 살라고 했는데 패스 해야겠음 빵구울려고 했거든요 ㅠㅠ 영상 고마워요 ~~,0,2026-06-05,iz4x8dUnrrY
공통_제품탐색,광파오븐 솔직후기,LG 오브제 광파오븐 한달 사용 리뷰,가진남(가전제품에 진심인 남자),"녹음은 따로하는게 맞겠네요
마이크 싼거라도 사셔서",0,2026-05-23,iz4x8dUnrrY
공통_제품탐색,광파오븐 솔직후기,LG 오브제 광파오븐 한달 사용 리뷰,가진남(가전제품에 진심인 남자),솔직히 좀 아쉽긴해요,0,2026-06-05,iz4x8dUnrrY
공통_제품탐색,광파오븐 단점,"오븐 추천! 쌩초보를 위한 상식 정리! 구매 전 꼭 보세요. (컨벡션 광파 스팀 전기, 에어프라이어 전자레인지 그릴 차이점 비교, 가격 유지비용, 가성비 가정용 업소용, 요리)",아정당,"[365일 24시간 상담 가능! 1833-3504]
🎁 쇼핑하면서 최대 20% 포인트 적립 받자!
https://ajd.kr/rrEEC

🚀 2025년 TOP3 오븐! 최대 30만원 법으로 정해진 지원금 받고 공짜로 쓰자!
https://ajd.kr/mqtYL

🚀 인터넷TV 최대 48만원, 법으로 정해진 비밀 지원금 확인 하기!
https://ajd.kr/MFQaa

🚀 최신 폰도 공짜로 개통하고, 추가 현금까지 받자!
(기기와 조건에 따라 상이함)
https://ajd.kr/VRuEF

🚀 이사 중 파손 최대 1,000만원 보상! 무료 견적, 체크리스트 챙기자!(보상 금액 및 범위는 소비자 보호원 지침에 따름)
https://ajd.kr/bqsMb

📌 100% 환불은 보장이사 이용 고객에 한하여 진행됩니다.
📌 100% 환불의 조건은 다음과 같습니다.
① 견적서상 도착지연
② 견적서상 작업인원 불일치
③ 견적서상 화물차량의 톤수 및 댓수 불일치
④ 견적서상 작업지연
⑤ 견적서상 고객 요청사항 미이행
⑥ 이사자재 청결 및 위생상태 불량
⑦ 화물자동차운송주선허가증 미보유
⑧ 영업배상책임보험(실손보험) 미가입
⑨ 추가비용 요구(단, 고객 추가 요청에 따른 비용은 예외)
⑩ 파손물품에 대한 현장보상 불이행(고객 협의 예외)
⑪ 현금영수증 미발행
⑫ 고객 청소용품 등 고객물품 사용
⑬ 음주, 식대요구
⑭ 재활용 쓰레기 봉투, 음료 등 고객 구매권유
⑮ 현장직원 서비스 마인드 부족
(예: 직원간 비속어 사용, 금연공간 흡연행위 등)
🚨 위 사항 중 하나라도 위반할 경우 고객님은 환불을 요구하실 수 있습니다.

이사 중 파손 시 100% 보장은 소비자 보호원에 따라 최대 1,000만 원 보상됩니다.",4,2025-02-12,mAa3y20kNhQ
공통_제품탐색,광파오븐 단점,"오븐 추천! 쌩초보를 위한 상식 정리! 구매 전 꼭 보세요. (컨벡션 광파 스팀 전기, 에어프라이어 전자레인지 그릴 차이점 비교, 가격 유지비용, 가성비 가정용 업소용, 요리)",아정당,진짜 설명은 아정당이 최고야 ㅎㅎㅎ,2,2025-08-29,mAa3y20kNhQ
공통_제품탐색,광파오븐 단점,"오븐 추천! 쌩초보를 위한 상식 정리! 구매 전 꼭 보세요. (컨벡션 광파 스팀 전기, 에어프라이어 전자레인지 그릴 차이점 비교, 가격 유지비용, 가성비 가정용 업소용, 요리)",아정당,오늘도 좋은 정보 너무 감사합니다.,0,2025-02-12,mAa3y20kNhQ
공통_제품탐색,광파오븐 단점,"오븐 추천! 쌩초보를 위한 상식 정리! 구매 전 꼭 보세요. (컨벡션 광파 스팀 전기, 에어프라이어 전자레인지 그릴 차이점 비교, 가격 유지비용, 가성비 가정용 업소용, 요리)",아정당,와 이사갈 때 사볼까 했는데 정리 깔끔하게 됐네요 ㄷㄷ.. 감사합니당,0,2025-02-12,mAa3y20kNhQ
공통_제품탐색,광파오븐 단점,"오븐 추천! 쌩초보를 위한 상식 정리! 구매 전 꼭 보세요. (컨벡션 광파 스팀 전기, 에어프라이어 전자레인지 그릴 차이점 비교, 가격 유지비용, 가성비 가정용 업소용, 요리)",아정당,최고의 설명이었습니디!,0,2026-01-05,mAa3y20kNhQ
공통_제품탐색,광파오븐 단점,"오븐 추천! 쌩초보를 위한 상식 정리! 구매 전 꼭 보세요. (컨벡션 광파 스팀 전기, 에어프라이어 전자레인지 그릴 차이점 비교, 가격 유지비용, 가성비 가정용 업소용, 요리)",아정당,"내가 왜 이걸보고있지?
오븐살것도 아닌데 두번째 보고있음.",4,2025-02-13,mAa3y20kNhQ
공통_제품탐색,광파오븐 단점,"오븐 추천! 쌩초보를 위한 상식 정리! 구매 전 꼭 보세요. (컨벡션 광파 스팀 전기, 에어프라이어 전자레인지 그릴 차이점 비교, 가격 유지비용, 가성비 가정용 업소용, 요리)",아정당,에프살지 오븐살지 고민중에...! 감사합니다😊,0,2025-02-12,mAa3y20kNhQ
공통_제품탐색,광파오븐 단점,"오븐 추천! 쌩초보를 위한 상식 정리! 구매 전 꼭 보세요. (컨벡션 광파 스팀 전기, 에어프라이어 전자레인지 그릴 차이점 비교, 가격 유지비용, 가성비 가정용 업소용, 요리)",아정당,역시 아정당 전자제품 리뷰는 원탑입니다,0,2026-04-29,mAa3y20kNhQ
공통_제품탐색,광파오븐 단점,"오븐 추천! 쌩초보를 위한 상식 정리! 구매 전 꼭 보세요. (컨벡션 광파 스팀 전기, 에어프라이어 전자레인지 그릴 차이점 비교, 가격 유지비용, 가성비 가정용 업소용, 요리)",아정당,it리뷰 1등 ㅇㅈㄷ,0,2025-02-13,mAa3y20kNhQ
공통_제품탐색,광파오븐 단점,"오븐 추천! 쌩초보를 위한 상식 정리! 구매 전 꼭 보세요. (컨벡션 광파 스팀 전기, 에어프라이어 전자레인지 그릴 차이점 비교, 가격 유지비용, 가성비 가정용 업소용, 요리)",아정당,발음이 너무 좋다,2,2025-02-13,mAa3y20kNhQ
공통_제품탐색,광파오븐 단점,"오븐 추천! 쌩초보를 위한 상식 정리! 구매 전 꼭 보세요. (컨벡션 광파 스팀 전기, 에어프라이어 전자레인지 그릴 차이점 비교, 가격 유지비용, 가성비 가정용 업소용, 요리)",아정당,5000w가 왜 2000w보다 전기세가 싼거죠?,0,2025-03-30,mAa3y20kNhQ
공통_제품탐색,광파오븐 단점,"오븐 추천! 쌩초보를 위한 상식 정리! 구매 전 꼭 보세요. (컨벡션 광파 스팀 전기, 에어프라이어 전자레인지 그릴 차이점 비교, 가격 유지비용, 가성비 가정용 업소용, 요리)",아정당,똑같은 내용인데 여성이 하네요. 남성도 오래전에 영상 있던데,3,2025-04-01,mAa3y20kNhQ
공통_제품탐색,광파오븐 단점,"오븐 추천! 쌩초보를 위한 상식 정리! 구매 전 꼭 보세요. (컨벡션 광파 스팀 전기, 에어프라이어 전자레인지 그릴 차이점 비교, 가격 유지비용, 가성비 가정용 업소용, 요리)",아정당,"오븐 종류가 이렇게 다양하구나,,,용량만 차이날 줄",4,2025-02-12,mAa3y20kNhQ
공통_제품탐색,광파오븐 단점,"오븐 추천! 쌩초보를 위한 상식 정리! 구매 전 꼭 보세요. (컨벡션 광파 스팀 전기, 에어프라이어 전자레인지 그릴 차이점 비교, 가격 유지비용, 가성비 가정용 업소용, 요리)",아정당,오븐도 이벤트 상품으로 주세요,0,2025-02-12,mAa3y20kNhQ
공통_제품탐색,LG 광파오븐 리뷰,✨에어프라이어 필요없어요🙅🏻‍♀️LG 오브제컬렉션 광파오븐 사야하는 이유❗️ #LG광파오븐 #LG광파오븐렌지 #LG에어프라이어 #LG오븐레인지 #디오스광파오븐 #에어프라이어추천,가전로그,"🎁제품보기👉영상 왼쪽하단 제품 태그🔖클릭
🌿유튜브 App에서 재생된 지 3초 후 뜬답니다",2,2025-10-17,dKyaKut8vro
공통_제품탐색,LG 광파오븐 리뷰,✨에어프라이어 필요없어요🙅🏻‍♀️LG 오브제컬렉션 광파오븐 사야하는 이유❗️ #LG광파오븐 #LG광파오븐렌지 #LG에어프라이어 #LG오븐레인지 #디오스광파오븐 #에어프라이어추천,가전로그,물은 어디다 넣어요?,0,2026-04-02,dKyaKut8vro
공통_제품탐색,LG 광파오븐 리뷰,✨에어프라이어 필요없어요🙅🏻‍♀️LG 오브제컬렉션 광파오븐 사야하는 이유❗️ #LG광파오븐 #LG광파오븐렌지 #LG에어프라이어 #LG오븐레인지 #디오스광파오븐 #에어프라이어추천,가전로그,말이 왜이렇게 빨라요?????,2,2026-04-19,dKyaKut8vro
공통_제품탐색,LG 광파오븐 리뷰,✨에어프라이어 필요없어요🙅🏻‍♀️LG 오브제컬렉션 광파오븐 사야하는 이유❗️ #LG광파오븐 #LG광파오븐렌지 #LG에어프라이어 #LG오븐레인지 #디오스광파오븐 #에어프라이어추천,가전로그,공간은 덜 들어서 좋은데 에프하면서 렌지는 못 하자나요..? 할 수 있어요?,0,2026-05-01,dKyaKut8vro
공통_제품탐색,LG 광파오븐 리뷰,✨에어프라이어 필요없어요🙅🏻‍♀️LG 오브제컬렉션 광파오븐 사야하는 이유❗️ #LG광파오븐 #LG광파오븐렌지 #LG에어프라이어 #LG오븐레인지 #디오스광파오븐 #에어프라이어추천,가전로그,말이 너무빠름,4,2026-03-23,dKyaKut8vro
공통_제품탐색,LG 광파오븐 리뷰,전자레인지+오븐+에어프라이어가 하나로! 복합오븐 끝판왕!,노써치,"자동요리기능 의외로 그대로 하면 요리가 척척됩니다.  일식계란찜, 고등어,굴비구이, 돈까스.고구마---  하나씩 해보는 중인데 토스트종류도 다 되는 만능이예요,   뭐 제대로 되겠어했는데 잘됩니다.",33,2022-06-01,XRzBsMGD8qY
공통_제품탐색,LG 광파오븐 리뷰,전자레인지+오븐+에어프라이어가 하나로! 복합오븐 끝판왕!,노써치,키야~~~ 2년째 쓰고 있는데 제대로된 리뷰네요~^^,19,2022-05-06,XRzBsMGD8qY
공통_제품탐색,LG 광파오븐 리뷰,전자레인지+오븐+에어프라이어가 하나로! 복합오븐 끝판왕!,노써치,전에 삼성이랑 비교영상 보고 이거 샀어요ㅋㅋ 근데 스팀 물 어디 넣는지 몰라서 검색했더니 또 이 영상 나와서ㅋ 여러모로 유용하네요 !,21,2022-07-17,XRzBsMGD8qY
공통_제품탐색,LG 광파오븐 리뷰,전자레인지+오븐+에어프라이어가 하나로! 복합오븐 끝판왕!,노써치,단점 추가 아주 자주 청소 시기를 보냄...,10,2023-02-13,XRzBsMGD8qY
공통_제품탐색,LG 광파오븐 리뷰,전자레인지+오븐+에어프라이어가 하나로! 복합오븐 끝판왕!,노써치,"노써치 가전제품 진짜 레전드 최고다 이런 리뷰 추천 채널은 전무후무하디 진짜 대박이
디 영상 하나하나 다 찾아보게 되고 너무좋다 엄청나다 진짜로 역대급이다 극찬이다 진짜",18,2024-04-19,XRzBsMGD8qY
공통_제품탐색,LG 광파오븐 리뷰,전자레인지+오븐+에어프라이어가 하나로! 복합오븐 끝판왕!,노써치,엘지야 이 리뷰좀 꼭 보고 단점 커버 얼른 해다오!!!,58,2022-05-04,XRzBsMGD8qY
공통_제품탐색,LG 광파오븐 리뷰,전자레인지+오븐+에어프라이어가 하나로! 복합오븐 끝판왕!,노써치,LG는 스팀으로 뽕을 뽑는군요,15,2022-05-04,XRzBsMGD8qY
공통_제품탐색,LG 광파오븐 리뷰,전자레인지+오븐+에어프라이어가 하나로! 복합오븐 끝판왕!,노써치,"써치님! 혹시 여름되기전에 '포충기' 한 번 리뷰해주실 수 있을까요?
다른 건 소비해야되는 패드나, 액체, 향등이 있는데
포충기는 지속적으로 사용할 수 있고 야외에서도 효능이 있다는점이 좋아보이더라고요!",18,2022-05-13,XRzBsMGD8qY
공통_제품탐색,LG 광파오븐 리뷰,전자레인지+오븐+에어프라이어가 하나로! 복합오븐 끝판왕!,노써치,지르고 나서 이걸보다니 ㅠㅠ 그래도 만족하게 쓸수있었으면 좋겠습니다!! 아 그리고 이거 혹시 쓸때 외부에 열이 많이 발생하나요?,4,2022-09-01,XRzBsMGD8qY
공통_제품탐색,LG 광파오븐 리뷰,전자레인지+오븐+에어프라이어가 하나로! 복합오븐 끝판왕!,노써치,"궁금했던 제품이었는데, 덕분에 도움이 되었습니다. 감사합니다 💙💙💙",11,2022-05-04,XRzBsMGD8qY
공통_제품탐색,LG 광파오븐 리뷰,전자레인지+오븐+에어프라이어가 하나로! 복합오븐 끝판왕!,노써치,딱 구매 앞두고 도움 많이 됐습니다.,8,2022-08-11,XRzBsMGD8qY
공통_제품탐색,LG 광파오븐 리뷰,전자레인지+오븐+에어프라이어가 하나로! 복합오븐 끝판왕!,노써치,상세한 리뷰 잘 보고갑니다,8,2022-05-04,XRzBsMGD8qY
공통_제품탐색,LG 광파오븐 리뷰,전자레인지+오븐+에어프라이어가 하나로! 복합오븐 끝판왕!,노써치,"신혼가전으로 장만했는데 가전중에 제일 잘 산 물건 1위임
넘 좋음! 요리하는거 좋아하시는 분은 무조건 추천!",1,2024-01-26,XRzBsMGD8qY
공통_제품탐색,LG 광파오븐 리뷰,전자레인지+오븐+에어프라이어가 하나로! 복합오븐 끝판왕!,노써치,최고!!,1,2022-05-29,XRzBsMGD8qY
공통_제품탐색,LG 광파오븐 리뷰,전자레인지+오븐+에어프라이어가 하나로! 복합오븐 끝판왕!,노써치,"스팀통은 청결관리가 잘 될 지 걱정스럽긴 하네요ㅡ
청소로만 써 볼까 합니다ㅡ
조리시에는 삼성처럼 물 아래깔아 놓으면 될 듯ᆢ",0,2023-06-22,XRzBsMGD8qY
공통_제품탐색,LG 광파오븐 리뷰,전자레인지+오븐+에어프라이어가 하나로! 복합오븐 끝판왕!,노써치,오브제 똑같이 생긴거 2년정도 사용하고 있는데 에어프라이 모드가 아예 없는데 뭔가 모델이 달라서 그런걸까요...?,0,2024-12-10,XRzBsMGD8qY
공통_제품탐색,LG 광파오븐 리뷰,전자레인지+오븐+에어프라이어가 하나로! 복합오븐 끝판왕!,노써치,와 최고의 리뷰,7,2023-01-15,XRzBsMGD8qY
공통_제품탐색,LG 광파오븐 리뷰,전자레인지+오븐+에어프라이어가 하나로! 복합오븐 끝판왕!,노써치,전자레인지 살려고 살펴보던중 이 제품이 눈에 뛰어  고민했던 제품인데 결국 저희집 공간부족으로 전자레인지로 결정했는데요 저같은 경우는 나의 결정을 칭찬합니다ㅋ,8,2022-05-04,XRzBsMGD8qY
공통_제품탐색,LG 광파오븐 리뷰,전자레인지+오븐+에어프라이어가 하나로! 복합오븐 끝판왕!,노써치,락앤락 스팀에어프라이어 S2도 리뷰해주시면 감사하겠습니다 🙏,1,2022-08-30,XRzBsMGD8qY
공통_제품탐색,LG 광파오븐 리뷰,전자레인지+오븐+에어프라이어가 하나로! 복합오븐 끝판왕!,노써치,훌륭한 리뷰입니다,8,2022-09-30,XRzBsMGD8qY
공통_제품탐색,LG 광파오븐 리뷰,전자레인지+오븐+에어프라이어가 하나로! 복합오븐 끝판왕!,노써치,이전 모델인(사실상 기술적으로 거의 동일한) ML32B 쓰고 있는데 스팀 사용시 바닥에 누수가 발생하는 치명적인 문제가 있었죠. 얘는 물통이 바뀐 것 같은데 괜찮은지 모르겠네요.,15,2023-09-11,XRzBsMGD8qY
공통_제품탐색,LG 광파오븐 리뷰,전자레인지+오븐+에어프라이어가 하나로! 복합오븐 끝판왕!,노써치,에어프레셔304 리뷰해주세용~ 압력이용한 에어프라이어라는데 개궁금해용~!!!,2,2022-05-10,XRzBsMGD8qY
공통_제품탐색,LG 광파오븐 리뷰,전자레인지+오븐+에어프라이어가 하나로! 복합오븐 끝판왕!,노써치,"1세대 광파오븐은 원형으로 회전이 되었었죠 
요새도 나오나",0,2023-09-15,XRzBsMGD8qY
공통_제품탐색,LG 광파오븐 리뷰,전자레인지+오븐+에어프라이어가 하나로! 복합오븐 끝판왕!,노써치,맴이 흔들림요.ㅎㅎ,0,2023-10-11,XRzBsMGD8qY
공통_제품탐색,LG 광파오븐 리뷰,전자레인지+오븐+에어프라이어가 하나로! 복합오븐 끝판왕!,노써치,구이용접시식기세척기돌려도 되나요????,0,2024-01-27,XRzBsMGD8qY
공통_제품탐색,LG 광파오븐 리뷰,전자레인지+오븐+에어프라이어가 하나로! 복합오븐 끝판왕!,노써치,그냥 이게 갑인걸로 알고 쓰고 있어요,4,2022-05-04,XRzBsMGD8qY
공통_제품탐색,LG 광파오븐 리뷰,전자레인지+오븐+에어프라이어가 하나로! 복합오븐 끝판왕!,노써치,내부 습기 빼려고 문 조금 열어두고 싶은데 잘못 건들면 그대로 다 열려버리면서 힌지에 충격이 가는거 한 10cm정도만 열고 반고정되게 해주면 좋겠네요. 그런데 요새보면 삼성이나 엘지나 기존 제품들과 별 기능이나 성능 차이도 없는데 디자인 조금 바꾸고 프리미엄가전이라며 가격 확 올리는 행태를 많이 보이는데 그리 좋아보이지 않습니다. 가격이 비싸진다해서  사후지원이나 A/S가 차이가 나는것도 아니고...명품은 내가 명품이니까 비싸게 가격 올려서 판다고 명품이 되는게 아니고 그외 여러가지면에서 소비자가 만족을 하고 명품이라고 인정을 해줘야 명품이 아니겠습니까? 프리미엄 가전이라고 가격을 올리면 그에 맞는 제품 차별성과 사후지원 서비스가 따라와야 한다고 봅니다.,247,2022-05-05,XRzBsMGD8qY
공통_제품탐색,LG 광파오븐 리뷰,전자레인지+오븐+에어프라이어가 하나로! 복합오븐 끝판왕!,노써치,온도쪽 보니까 이 모델만 유독 온도가 10도가량 오르락 내리락 하네요,1,2022-12-31,XRzBsMGD8qY
공통_제품탐색,LG 광파오븐 리뷰,전자레인지+오븐+에어프라이어가 하나로! 복합오븐 끝판왕!,노써치,에프 전자레인지만 쓰다 전기오븐 쓰면 신세계🎉,0,2024-09-05,XRzBsMGD8qY
공통_제품탐색,LG 광파오븐 리뷰,전자레인지+오븐+에어프라이어가 하나로! 복합오븐 끝판왕!,노써치,찐후기네요~참고많이되었어요~~~~,2,2023-02-28,XRzBsMGD8qY
공통_제품탐색,LG 광파오븐 리뷰,전자레인지+오븐+에어프라이어가 하나로! 복합오븐 끝판왕!,노써치,굿굿굿,5,2022-05-04,XRzBsMGD8qY
공통_제품탐색,LG 광파오븐 리뷰,전자레인지+오븐+에어프라이어가 하나로! 복합오븐 끝판왕!,노써치,디오스 모델 32AW1 모델도 괜찮습니다 ㅋㅋ 가격대가 합리적인편 42만원에 구입함 ㅎ,10,2023-10-24,XRzBsMGD8qY
공통_제품탐색,LG 광파오븐 리뷰,전자레인지+오븐+에어프라이어가 하나로! 복합오븐 끝판왕!,노써치,"쿠키를구울때에는 3단이나 4단을 사용하기를추천합니다 
빵을 구우실꺼라면 3단에 두고 사용하시면 전문점과 다를게 없습니다 ㅎㅎ
휘낭시네처럼 구움과자는 4단에 두고 180도에 17분정도 구우면 진짜 제일맛있어용 ㅎㅎ
바치케도 220도로 3단에두구 원하는 시간만큼구우면 전문점처럼 나옵니다
그 외 쿠키는 3단에 두고 구우세용 ㅎㅎㅎ
단점은 라이트없는부분이 오버베이킹되용ㅎㅎ",100,2022-05-05,XRzBsMGD8qY
공통_제품탐색,LG 광파오븐 리뷰,전자레인지+오븐+에어프라이어가 하나로! 복합오븐 끝판왕!,노써치,엘지광파 몇년동안 많이안썼는데 디스플레이 안보이는 고장으로 as갔었는데 수리비 듣고 실망 포기한적있죠,0,2024-01-30,XRzBsMGD8qY
공통_제품탐색,LG 광파오븐 리뷰,전자레인지+오븐+에어프라이어가 하나로! 복합오븐 끝판왕!,노써치,"레인지 기능 때문에 한숨 푹푹
특히 냉동피자를 전자레인지 모드로 해보면
잘 익는 부분이 있고 아니 부분이 있어서
바닥이 돌아가는 허접 전자레인지 보다 못 하다고 생각이 듭니다.",39,2022-07-09,XRzBsMGD8qY
공통_제품탐색,LG 광파오븐 리뷰,전자레인지+오븐+에어프라이어가 하나로! 복합오븐 끝판왕!,노써치,영상 잘 봤습니다.,0,2024-01-03,XRzBsMGD8qY
공통_제품탐색,LG 광파오븐 리뷰,전자레인지+오븐+에어프라이어가 하나로! 복합오븐 끝판왕!,노써치,"크기만 좀 작은 모델로 따로 나왔음 좋겠어요. 오븐 이라고 다 큰것만 필요하지는 않을텐데요. 우녹스 들였다 내보내고 오브제 들였다 역시 자리 차지 많이해서 방출하고. 1인 가구에 맞는 사이즈로 만들어 주심 참 좋을텐데..,",8,2023-06-09,XRzBsMGD8qY
공통_제품탐색,LG 광파오븐 리뷰,전자레인지+오븐+에어프라이어가 하나로! 복합오븐 끝판왕!,노써치,아주 오래전 광파오븐레인지 구입했는데 오븐 기능과 전자레인지 우수하지만 사이즈가 너무 크고 열선이 위에 노출되어있어 청소가 불편합니다. 그리고 내부 올스텐과 열선 보호할 수 있는 커버 반드시 필요합니다. 치킨너겟 구워먹는데는 작은 사이즈가 필요해요. 제 생각에 제빵할 때 그리고 전자레인지로서는 우수하지만 에어프라이어 기능으로는 부족한 것 같습니다.,0,2024-08-08,XRzBsMGD8qY
공통_제품탐색,LG 광파오븐 리뷰,전자레인지+오븐+에어프라이어가 하나로! 복합오븐 끝판왕!,노써치,"3년 쓰고 고장났는데(렌지만 고장: 오븐 구이 에프기능 정상작동) as 접수하고도 삼일만에 기사님 오시고 부품없어서 또 5일 기다려야하는 서비스. 너무 별로에요..
거기다 렌지 센서 나갔다는데 부품비127,000에 출장비27,000
그냥 맘에도 안들던 차에 바꿔야하나 심하게 고민 중..",0,2025-10-31,XRzBsMGD8qY
공통_제품탐색,LG 광파오븐 리뷰,전자레인지+오븐+에어프라이어가 하나로! 복합오븐 끝판왕!,노써치,"안녕하세요!! 오븐기능 기준 1단 2단 3단의 화력차이가 어떻게 될까요...? 아기 유아식 밥머핀 만드는데 잘 안되더라구요 ㅠㅜㅠ 야채,소고기,밥,계란을 섞어서 실리콘 틀에 넣고 (에어프라이어 기준)170-180도에서 15-20분 정도 굽는건데 광파오븐으로는 아무리 구워도 속까지 균일하게 안 익어서요..ㅠㅠ 단수를 위로 올릴수록 화력이 세지는 건가요...??",3,2023-04-15,XRzBsMGD8qY
공통_제품탐색,LG 광파오븐 리뷰,전자레인지+오븐+에어프라이어가 하나로! 복합오븐 끝판왕!,노써치,"전자레인지, 에프, 오븐, 토스터 다 두고 싶은데 자리가 없다 하면 최선인 가전!",10,2023-12-02,XRzBsMGD8qY
공통_제품탐색,LG 광파오븐 리뷰,전자레인지+오븐+에어프라이어가 하나로! 복합오븐 끝판왕!,노써치,LG광파오븐 10년전에 샀을때 대 실망하고 오븐과 전자레인지는 따로 사는게 맞다라고 생각하고 있습니다. 요즘 제품은 어떤가하고 영상을 봤는데 크게 달라지진 않은 것 같아요.,18,2023-09-03,XRzBsMGD8qY
공통_제품탐색,LG 광파오븐 리뷰,전자레인지+오븐+에어프라이어가 하나로! 복합오븐 끝판왕!,노써치,이형 모시고 갈 업체 수두룩하겠다,1,2023-12-07,XRzBsMGD8qY
공통_제품탐색,LG 광파오븐 리뷰,전자레인지+오븐+에어프라이어가 하나로! 복합오븐 끝판왕!,노써치,"20년된 전자레인지가 아직도 쓸만한데, 새걸로 바꿀까 에어프라이기를 살까 고민중에 여러가지 복합오븐을 비교해보고, 큰맘 먹고 엘지 오브제를 최근에 구입했습니다.아직 서툴러 다양한 요리를 해보지 못했지만 만족합니다.",14,2022-08-11,XRzBsMGD8qY
공통_제품탐색,LG 광파오븐 리뷰,전자레인지+오븐+에어프라이어가 하나로! 복합오븐 끝판왕!,노써치,ML32EW1 이랑ML32EW1.ckor이랑차이점이 뭘가요?판매처마다 금액차이가 몇십만원씩차이나는게 왜그럴까요?,0,2023-07-18,XRzBsMGD8qY
공통_제품탐색,LG 광파오븐 리뷰,전자레인지+오븐+에어프라이어가 하나로! 복합오븐 끝판왕!,노써치,통풍구도 너무작구요 더 이를갈아서 신제품 출시를 했음합니다. 더크게 설계해서 듀얼은 안되는거임? AS는 LG를 따라갈수없음,2,2022-09-13,XRzBsMGD8qY
공통_제품탐색,LG 광파오븐 리뷰,전자레인지+오븐+에어프라이어가 하나로! 복합오븐 끝판왕!,노써치,이 영상보고 구매준비중인데요 합판으로 만들어진 장안에 넣고 쓸수 있을까요..?,1,2023-07-01,XRzBsMGD8qY
공통_제품탐색,LG 광파오븐 리뷰,전자레인지+오븐+에어프라이어가 하나로! 복합오븐 끝판왕!,노써치,"6:53 오븐모드에 컨벡션 팬이 함께 작동한다고 하는데.오븐모드에 팬이 작동안하게 하는 기능은 없나요?
오븐모드에 팬이 작동하면 에어프라이어 아닌가요? 차이가 뭔가요?",0,2024-01-30,XRzBsMGD8qY
공통_제품탐색,LG 광파오븐 리뷰,전자레인지+오븐+에어프라이어가 하나로! 복합오븐 끝판왕!,노써치,"스팀기능에 물통은 세척이.어렵고 물을.넣아놓고 쓰는게 아니라 한번쓰고 쓰거나면 물버리고 말리고..해야해서
번거롭고 불편합니다",11,2022-12-13,XRzBsMGD8qY
공통_제품탐색,LG 광파오븐 리뷰,전자레인지+오븐+에어프라이어가 하나로! 복합오븐 끝판왕!,노써치,처음 엘지 광파오븐 샀었을때  아무렇게나 사용해서  도어고장이랑 도어의 문쪽 패킹이 벌어져 전자렌지로 사용할때 불안했죠 이사 하면서 엘지 광파오븐을 새로 사서 사용할때는 1. 스팀이나 레인지 기능으로 안에 습기가 찼을경우 무조건 도어를 열어두고 건조 시켰더니 패킹이 들뜨지 않아서 마음 편히 사용하고 있어요 다양 요리를 하기엔 공간 활용도 편리성에 재구매하게 되는 가전이죠,1,2024-04-03,XRzBsMGD8qY
공통_제품탐색,LG 광파오븐 리뷰,"삼성 비스포크 큐커 vs 엘지 광파오븐, 실제 구매 후 비교 테스트, 어떤 제품이 더 좋을까?",오라잇 스튜디오 - Digital Shopping Guide,"<통삼겹 테스트 관련>
2개 제품 구성품에 따른 조리 방법이 달라 동일한 조건으로 테스트하기는 어려운 점이 있습니다.

큐커의 경우 중간에 뒤집어 주지 않으면 바닥이 탈 수 있는 구조인 반면,
광파오븐의 경우 음식물과 바닥이 떨어져있어 직접적인 대면으로 인해 음식물이 타는 위험은 적습니다.

큐커는 사용자가 골고루 뒤집어주며 조리한다면 더 좋은 요리 결과물을 얻을 수 있을겁니다. 다만, 그만큼 많이 불편하겠죠.

자막에서도 안내드렸듯이 통삼겹테스트의 경우 '더 강하게 익힌 제품 기준'입니다.
<광안리>는 참고만 하시고 실제 구매 시에는 직접 매장에 방문하셔서 충분한 상담과 고민 후 결정하시길 바랍니다.",21,2021-12-06,X93fcQvjUVo
공통_제품탐색,LG 광파오븐 리뷰,"삼성 비스포크 큐커 vs 엘지 광파오븐, 실제 구매 후 비교 테스트, 어떤 제품이 더 좋을까?",오라잇 스튜디오 - Digital Shopping Guide,광파 오븐 사용전력량이 궁금했었는데 삼겹살에서 알 수 있어 좋았어요.,0,2021-12-07,X93fcQvjUVo
공통_제품탐색,LG 광파오븐 리뷰,"삼성 비스포크 큐커 vs 엘지 광파오븐, 실제 구매 후 비교 테스트, 어떤 제품이 더 좋을까?",오라잇 스튜디오 - Digital Shopping Guide,"같은 밀키트로 비교해주셨으면 좋았을텐데~! 
비교영상 잘봤어요 감사합니다^^~~",32,2021-12-06,X93fcQvjUVo
공통_제품탐색,LG 광파오븐 리뷰,"삼성 비스포크 큐커 vs 엘지 광파오븐, 실제 구매 후 비교 테스트, 어떤 제품이 더 좋을까?",오라잇 스튜디오 - Digital Shopping Guide,LG 오브제컬랙션의 광파오븐 ML32 이 제품 라인과 쿠커와 비교는 없을까요???,15,2022-01-11,X93fcQvjUVo
공통_제품탐색,LG 광파오븐 리뷰,"삼성 비스포크 큐커 vs 엘지 광파오븐, 실제 구매 후 비교 테스트, 어떤 제품이 더 좋을까?",오라잇 스튜디오 - Digital Shopping Guide,"적외선 온도계는 오류가 많아서 가열된 면에 사용하시면 안됩니다.
특히 반사가 되는 스텐은 금물입니다",24,2022-02-21,X93fcQvjUVo
공통_제품탐색,LG 광파오븐 리뷰,"삼성 비스포크 큐커 vs 엘지 광파오븐, 실제 구매 후 비교 테스트, 어떤 제품이 더 좋을까?",오라잇 스튜디오 - Digital Shopping Guide,근데 이해가 안되는게 큐커가 오븐기능이 없다고 들었는데 어떻게 저리 잘 익죠?,1,2025-01-16,X93fcQvjUVo
공통_제품탐색,LG 광파오븐 리뷰,"삼성 비스포크 큐커 vs 엘지 광파오븐, 실제 구매 후 비교 테스트, 어떤 제품이 더 좋을까?",오라잇 스튜디오 - Digital Shopping Guide,이것은 삼성 광고 인가욤?,11,2022-03-23,X93fcQvjUVo
공통_제품탐색,LG 광파오븐 리뷰,"삼성 비스포크 큐커 vs 엘지 광파오븐, 실제 구매 후 비교 테스트, 어떤 제품이 더 좋을까?",오라잇 스튜디오 - Digital Shopping Guide,"스팀 에어프라이어가 청소가 쉽다고해서 구매할까 했는데, 기존 에어프라이어보다 덜 바삭하게 튀겨진다는 리뷰들이 있어서 망설이고 있어요-
일반 에어프라이어하고 스팀 에어프라이어 좀 비교해주세요~ 젭알~~~",5,2022-03-23,X93fcQvjUVo
공통_제품탐색,LG 광파오븐 리뷰,"삼성 비스포크 큐커 vs 엘지 광파오븐, 실제 구매 후 비교 테스트, 어떤 제품이 더 좋을까?",오라잇 스튜디오 - Digital Shopping Guide,항상좋은정보 힐링방송 감사합니다 주말잘보네세요 항상응원합니다!^^,2,2021-12-03,X93fcQvjUVo
공통_제품탐색,LG 광파오븐 리뷰,"삼성 비스포크 큐커 vs 엘지 광파오븐, 실제 구매 후 비교 테스트, 어떤 제품이 더 좋을까?",오라잇 스튜디오 - Digital Shopping Guide,와 2개 구매 비용만 100만원 넘네 ㅠ 역시 광안리 ㅠㅠ,3,2021-12-03,X93fcQvjUVo
공통_제품탐색,LG 광파오븐 리뷰,"삼성 비스포크 큐커 vs 엘지 광파오븐, 실제 구매 후 비교 테스트, 어떤 제품이 더 좋을까?",오라잇 스튜디오 - Digital Shopping Guide,엘지 광파오븐 사용자입니다ᆢ저는 기본 세팅에서 약간씩 상황에 따라 조절해서 사용하는데 아주 만족하며 사용하는 중입니다ᆢ,41,2021-12-06,X93fcQvjUVo
공통_제품탐색,LG 광파오븐 리뷰,"삼성 비스포크 큐커 vs 엘지 광파오븐, 실제 구매 후 비교 테스트, 어떤 제품이 더 좋을까?",오라잇 스튜디오 - Digital Shopping Guide,갓쥐👍👍👍👍,2,2021-12-08,X93fcQvjUVo
공통_제품탐색,LG 광파오븐 리뷰,"삼성 비스포크 큐커 vs 엘지 광파오븐, 실제 구매 후 비교 테스트, 어떤 제품이 더 좋을까?",오라잇 스튜디오 - Digital Shopping Guide,Lg는 삼발이로 높이 열선 가까이 좀 높여서 돌려야해요.,1,2024-01-24,X93fcQvjUVo
공통_제품탐색,LG 광파오븐 리뷰,"삼성 비스포크 큐커 vs 엘지 광파오븐, 실제 구매 후 비교 테스트, 어떤 제품이 더 좋을까?",오라잇 스튜디오 - Digital Shopping Guide,"삼성큐커는 겹살이가 탔네요♡♡
후기보면 엘지삼성 삼성승 제가 이상할까요??",2,2022-02-13,X93fcQvjUVo
공통_제품탐색,LG 광파오븐 리뷰,"삼성 비스포크 큐커 vs 엘지 광파오븐, 실제 구매 후 비교 테스트, 어떤 제품이 더 좋을까?",오라잇 스튜디오 - Digital Shopping Guide,"엘지 선반식 32리터를 적용했었어야…
저모델은 회전식으로 삼성보다 출력이낮음",6,2022-10-08,X93fcQvjUVo
공통_제품탐색,LG 광파오븐 리뷰,"삼성 비스포크 큐커 vs 엘지 광파오븐, 실제 구매 후 비교 테스트, 어떤 제품이 더 좋을까?",오라잇 스튜디오 - Digital Shopping Guide,삼겹살 다 탔는데요. ㅠㅠ,0,2022-12-25,X93fcQvjUVo
공통_제품탐색,LG 광파오븐 리뷰,"삼성 비스포크 큐커 vs 엘지 광파오븐, 실제 구매 후 비교 테스트, 어떤 제품이 더 좋을까?",오라잇 스튜디오 - Digital Shopping Guide,제목에 엘지오브제컬렉션이랬는데 오브제 광파오븐하고 다릅니다 수정하셔야할듯요,5,2021-12-05,X93fcQvjUVo
공통_제품탐색,LG 광파오븐 리뷰,"삼성 비스포크 큐커 vs 엘지 광파오븐, 실제 구매 후 비교 테스트, 어떤 제품이 더 좋을까?",오라잇 스튜디오 - Digital Shopping Guide,"쿼츠히터 듀얼광파 이게 머에요?ㅎ
둘중 어떤거 구매할지 고민중인데..
다른건 괜찮은데 데울때 삼성꺼는
바닥부분이 타는거보고 데우는방식이
다른건 알겠는데 lg는 전자레인지
같은걸까요?회전땜에lg는 잘안익는건지..
대충이라도 아시는분ㅠ천장쪽 청소도
두제품 장단점있던데..저는 삼성 lg둘다
좋아서ㅎㅎ고민참...그리고 앱연결은
둘다 와이파이가 꼭되야하니 저는 패쓰ㅎ",0,2022-08-07,X93fcQvjUVo
공통_제품탐색,LG 광파오븐 리뷰,"삼성 비스포크 큐커 vs 엘지 광파오븐, 실제 구매 후 비교 테스트, 어떤 제품이 더 좋을까?",오라잇 스튜디오 - Digital Shopping Guide,온도계 표면온도 재는거 실화냐,2,2025-02-20,X93fcQvjUVo
공통_제품탐색,LG 광파오븐 리뷰,"삼성 비스포크 큐커 vs 엘지 광파오븐, 실제 구매 후 비교 테스트, 어떤 제품이 더 좋을까?",오라잇 스튜디오 - Digital Shopping Guide,다른 밀키트로 조리해서 신뢰성이 떨어지네요,6,2022-04-02,X93fcQvjUVo
공통_제품탐색,LG 광파오븐 리뷰,"삼성 비스포크 큐커 vs 엘지 광파오븐, 실제 구매 후 비교 테스트, 어떤 제품이 더 좋을까?",오라잇 스튜디오 - Digital Shopping Guide,이게...비교가...흠....좀 그렇지않아요? 턴테이블방식이면 삼성것도 그걸로하고 해야지...,0,2023-03-10,X93fcQvjUVo
공통_제품탐색,LG 광파오븐 리뷰,"삼성 비스포크 큐커 vs 엘지 광파오븐, 실제 구매 후 비교 테스트, 어떤 제품이 더 좋을까?",오라잇 스튜디오 - Digital Shopping Guide,큐커는 애초에 오븐이 아닌데..?,1,2023-02-06,X93fcQvjUVo
공통_제품탐색,LG 광파오븐 리뷰,"삼성 비스포크 큐커 vs 엘지 광파오븐, 실제 구매 후 비교 테스트, 어떤 제품이 더 좋을까?",오라잇 스튜디오 - Digital Shopping Guide,두 제품이 동급이긴 함?,1,2022-01-26,X93fcQvjUVo
공통_제품탐색,LG 광파오븐 리뷰,"삼성 비스포크 큐커 vs 엘지 광파오븐, 실제 구매 후 비교 테스트, 어떤 제품이 더 좋을까?",오라잇 스튜디오 - Digital Shopping Guide,3:40 큐커에 돌린거 삼겹살 태워잖아요 왜 큐커승리 에요 어떤거로 기준으로 승리에요?,21,2022-03-12,X93fcQvjUVo
공통_제품탐색,LG 광파오븐 리뷰,"삼성 비스포크 큐커 vs 엘지 광파오븐, 실제 구매 후 비교 테스트, 어떤 제품이 더 좋을까?",오라잇 스튜디오 - Digital Shopping Guide,"이거는 용량차가 너무 커서 비교를 정확히 하기가 너무 어렵네요.
큐커는 복합렌지 느낌이고 오브제는 컨벡션 느낌이라서.
둘다 사용하기 나름인지라 조리 센스가 있으면 오브제가 낫기도 하고.
근데 그렇다고 해도 광파오븐은 예전부터 평이....흠.
그렇게 본다면 삼성이 괜히 용량을 팍 줄여서 출시한건 아니구나 싶네요.
근데 깊이를 줄여서 덩치가 산만해 보이는게 함정이지만ㄷㄷ",15,2021-12-22,X93fcQvjUVo
공통_제품탐색,LG 광파오븐 리뷰,"삼성 비스포크 큐커 vs 엘지 광파오븐, 실제 구매 후 비교 테스트, 어떤 제품이 더 좋을까?",오라잇 스튜디오 - Digital Shopping Guide,잉..? 통삼겹에서  어떻게 삼성이 승리인가요?   삼성은 통삼겹은 앞뒤로  골고루 익지도 않았는데.. 그냥 많이 익히면 장땡인가요.. 심지어 탔는데?,49,2021-12-04,X93fcQvjUVo
공통_제품탐색,LG 광파오븐 리뷰,"삼성 비스포크 큐커 vs 엘지 광파오븐, 실제 구매 후 비교 테스트, 어떤 제품이 더 좋을까?",오라잇 스튜디오 - Digital Shopping Guide,"전자제품 테스트하는데 방진복에 마스크는 왜 쓰는지 도저히 이해 안 됨.
쇼쇼쇼인가?",1,2025-02-02,X93fcQvjUVo
공통_제품탐색,LG 광파오븐 리뷰,"삼성 비스포크 큐커 vs 엘지 광파오븐, 실제 구매 후 비교 테스트, 어떤 제품이 더 좋을까?",오라잇 스튜디오 - Digital Shopping Guide,"엘지 순수. 
진실. 진심",0,2024-05-10,X93fcQvjUVo
공통_제품탐색,LG 광파오븐 리뷰,"삼성 비스포크 큐커 vs 엘지 광파오븐, 실제 구매 후 비교 테스트, 어떤 제품이 더 좋을까?",오라잇 스튜디오 - Digital Shopping Guide,기능은 사실 비슷할거같고....  인터넷으로 식재료 주문 어느정도 하시는분은 큐커 만원에 사는거나 마찬가지니....  난 큐커선택,12,2021-12-15,X93fcQvjUVo
공통_제품탐색,LG 광파오븐 리뷰,"삼성 비스포크 큐커 vs 엘지 광파오븐, 실제 구매 후 비교 테스트, 어떤 제품이 더 좋을까?",오라잇 스튜디오 - Digital Shopping Guide,"비교도 이상하고 리뷰도 어설프고...
삼겹살 익은 걸 보면 엘지 제품이 훨씬 고르게 잘 익고 있는 과정인 것으로 보이는데 바닥 면 타버리고 위에는 훨씬 덜 익은 삼성 승리
계란찜 익힘 상태 판별 하는 거나 맛 표현도 너무 아마추어적이라 신뢰감 제로
내부 온도 측정 방식도 전혀 납득 안 가고 전체적으로 허접 하면서 엉터리 느낌...",1,2024-09-19,X93fcQvjUVo
공통_제품탐색,LG 광파오븐 리뷰,"삼성 비스포크 큐커 vs 엘지 광파오븐, 실제 구매 후 비교 테스트, 어떤 제품이 더 좋을까?",오라잇 스튜디오 - Digital Shopping Guide,닭이랑 삼겹 아무리봐도 삼성보다 엘지가 더 고르게 익혔는데..? 왜 삼성 승이라고..?,12,2022-03-25,X93fcQvjUVo
공통_제품탐색,LG 광파오븐 리뷰,"삼성 비스포크 큐커 vs 엘지 광파오븐, 실제 구매 후 비교 테스트, 어떤 제품이 더 좋을까?",오라잇 스튜디오 - Digital Shopping Guide,"냉동식품 비교는 같은 것으로 해야지~
삼겹살도 오히려 적당히 잘익은 엘지가
승리 아닌가...? ㅎ",61,2021-12-10,X93fcQvjUVo
공통_제품탐색,LG 광파오븐 리뷰,"삼성 비스포크 큐커 vs 엘지 광파오븐, 실제 구매 후 비교 테스트, 어떤 제품이 더 좋을까?",오라잇 스튜디오 - Digital Shopping Guide,닭은 녹인 후 조리해야함 저거 버렷을듯,0,2023-04-15,X93fcQvjUVo
공통_제품탐색,LG 광파오븐 리뷰,"삼성 비스포크 큐커 vs 엘지 광파오븐, 실제 구매 후 비교 테스트, 어떤 제품이 더 좋을까?",오라잇 스튜디오 - Digital Shopping Guide,저는 LG ML39 광파 사용중인데..항상 불만인게 파워부족.. 언제 다 익는건지.. 비교테스트의 결과가 어는정도 납득이 가네요..하지만 다시 산다면 쿠진아트 같은 에어프라이 전용제품을 살 예정,5,2023-01-01,X93fcQvjUVo
공통_제품탐색,LG 광파오븐 리뷰,"삼성 비스포크 큐커 vs 엘지 광파오븐, 실제 구매 후 비교 테스트, 어떤 제품이 더 좋을까?",오라잇 스튜디오 - Digital Shopping Guide,"삼성오븐겸용렌지 새것같은 중고가 자주 보이길래 하나 살까싶어 검색해보다 포기했다.
산지 몇년 안됐는데 조절부가 고장났다는 글이 많더군.
그 모델이 유난히 중고가 많이 보이더라니...",14,2021-12-10,X93fcQvjUVo
공통_제품탐색,LG 광파오븐 리뷰,"삼성 비스포크 큐커 vs 엘지 광파오븐, 실제 구매 후 비교 테스트, 어떤 제품이 더 좋을까?",오라잇 스튜디오 - Digital Shopping Guide,삼성 광고 잘봤습니다,1,2022-07-31,X93fcQvjUVo
공통_제품탐색,LG 광파오븐 리뷰,"삼성 비스포크 큐커 vs 엘지 광파오븐, 실제 구매 후 비교 테스트, 어떤 제품이 더 좋을까?",오라잇 스튜디오 - Digital Shopping Guide,이게 진짜 비교리뷰지이이이ㅣㅣㅣ,12,2021-12-03,X93fcQvjUVo
공통_제품탐색,LG 광파오븐 리뷰,"삼성 비스포크 큐커 vs 엘지 광파오븐, 실제 구매 후 비교 테스트, 어떤 제품이 더 좋을까?",오라잇 스튜디오 - Digital Shopping Guide,"큐거 쓰는데. 단점 말해봄.
1.전자레인지가 700와트인데 좀 오락가락 거림. 랭동제품돌리면 완벽하게 안익음. 그래서 중간에 한번 뒤집어서 익힘.
2. 그릴기능 - 두루뭉술하게 그릴이라고 표현해놓고 이게 오븐기능이라고 오해함. 일단 큐거는 '오븐'기능은 없음. 

광파 올인원 살껄 후회하는중.",25,2022-02-21,X93fcQvjUVo
공통_제품탐색,LG 광파오븐 리뷰,"삼성 비스포크 큐커 vs 엘지 광파오븐, 실제 구매 후 비교 테스트, 어떤 제품이 더 좋을까?",오라잇 스튜디오 - Digital Shopping Guide,둘다 구매해봤지만 외관 도장 불량품이 환장 막장입니다. 도긴개긴 둘다 엉망진창입니다. 기업이라고 하기에는 가전 외관 상태 수준이 떨어져요. 기본에 충실하지 못합니다.,5,2022-10-12,X93fcQvjUVo
공통_제품탐색,LG 광파오븐 리뷰,"삼성 비스포크 큐커 vs 엘지 광파오븐, 실제 구매 후 비교 테스트, 어떤 제품이 더 좋을까?",오라잇 스튜디오 - Digital Shopping Guide,엘지 고장 절대안남,0,2024-05-10,X93fcQvjUVo
공통_제품탐색,LG 광파오븐 리뷰,"삼성 비스포크 큐커 vs 엘지 광파오븐, 실제 구매 후 비교 테스트, 어떤 제품이 더 좋을까?",오라잇 스튜디오 - Digital Shopping Guide,스펀지 실험맨 생각난다 ㅋㅋㅋㅋ,0,2023-11-29,X93fcQvjUVo
공통_제품탐색,LG 광파오븐 리뷰,"삼성 비스포크 큐커 vs 엘지 광파오븐, 실제 구매 후 비교 테스트, 어떤 제품이 더 좋을까?",오라잇 스튜디오 - Digital Shopping Guide,LG가좋음,24,2021-12-04,X93fcQvjUVo
공통_제품탐색,LG 광파오븐 리뷰,"삼성 비스포크 큐커 vs 엘지 광파오븐, 실제 구매 후 비교 테스트, 어떤 제품이 더 좋을까?",오라잇 스튜디오 - Digital Shopping Guide,아무리 봐도 오브제가 더 나아보이는데..,21,2022-07-04,X93fcQvjUVo
공통_제품탐색,LG 광파오븐 리뷰,"삼성 비스포크 큐커 vs 엘지 광파오븐, 실제 구매 후 비교 테스트, 어떤 제품이 더 좋을까?",오라잇 스튜디오 - Digital Shopping Guide,"아니; 광파랑 직화오븐을 돌리고 똑같이 놓고 비교하면 안되지;;; 
전력이랑 소리말고는 그런식으로 차이를 낼수없잖습니까 
같은 밀키트나 직화 광파가 둘다 조리가능한 요리를 해야지;;
국민적인 기계인 에어프라이어도 넣어주면 더좋겟네요",8,2022-01-29,X93fcQvjUVo
공통_제품탐색,LG 광파오븐 리뷰,"삼성 비스포크 큐커 vs 엘지 광파오븐, 실제 구매 후 비교 테스트, 어떤 제품이 더 좋을까?",오라잇 스튜디오 - Digital Shopping Guide,어째 리뷰 내용도 그렇고 꼬롬하게 댓글마다 하트 눌러논거도 그렇고 계좌조사해봐라 삼성에서 뭐 받은거 같다,1,2024-10-30,X93fcQvjUVo
공통_제품탐색,LG 광파오븐 리뷰,"삼성 비스포크 큐커 vs 엘지 광파오븐, 실제 구매 후 비교 테스트, 어떤 제품이 더 좋을까?",오라잇 스튜디오 - Digital Shopping Guide,태웠는데 어떻게  승리에요?,27,2022-02-26,X93fcQvjUVo
공통_제품탐색,LG 광파오븐 리뷰,"삼성 비스포크 큐커 vs 엘지 광파오븐, 실제 구매 후 비교 테스트, 어떤 제품이 더 좋을까?",오라잇 스튜디오 - Digital Shopping Guide,큐커사러 가즈아,4,2021-12-03,X93fcQvjUVo
공통_제품탐색,LG 광파오븐 리뷰,"삼성 비스포크 큐커 vs 엘지 광파오븐, 실제 구매 후 비교 테스트, 어떤 제품이 더 좋을까?",오라잇 스튜디오 - Digital Shopping Guide,큐커가 취향이네,0,2022-01-11,X93fcQvjUVo
공통_제품탐색,LG 광파오븐 리뷰,"삼성 비스포크 큐커 vs 엘지 광파오븐, 실제 구매 후 비교 테스트, 어떤 제품이 더 좋을까?",오라잇 스튜디오 - Digital Shopping Guide,역쉬. 엘지,0,2024-05-10,X93fcQvjUVo
공통_제품탐색,LG 광파오븐 리뷰,"삼성 비스포크 큐커 vs 엘지 광파오븐, 실제 구매 후 비교 테스트, 어떤 제품이 더 좋을까?",오라잇 스튜디오 - Digital Shopping Guide,"LG제품 안좋아요
동생이 다시 에어프라이어 사용한다요",6,2021-12-07,X93fcQvjUVo
공통_제품탐색,광파오븐 vs 에어프라이어,LG 광파오븐 vs 나비엔 에어프라이어 오븐! 뭘 살까?,그린스마트,"이 포스팅은 쿠팡 파트너스 활동의 일환으로, 이에 따른 일정액의 수수료를 제공받습니다.


5위 - 나비엔 매직 에어프라이어 복합오븐 전자레인지 컨벡션, EOF-1202NT
가격 : 259000원
할인제품 : https://link.coupang.com/a/dOD4fW


4위 - [LG전자] DIOS(디오스) 빌트인 광파오븐 38L 그릴 에어프라이어 레인지 오븐 [블랙/MZ385EBTA], MZ385EBTA
가격 : 428000원
할인제품 : https://link.coupang.com/a/dOD4fg


3위 - [LG전자] DIOS(디오스) 광파오븐 오브제컬렉션 32L [미스트베이지/ML32EW1], ML32EW1
가격 : 645000원
할인제품 : https://link.coupang.com/a/dOD4eZ


2위 - LG전자 DIOS 광파오븐, ML39BW
가격 : 419100원
할인제품 : https://link.coupang.com/a/dOD4ez


1위 - LG DIOS 빌트인 광파오븐 38L MZ941CLCAT 올인원 오븐 공식판매점, 스테인레스(CLCAT)
가격 : 687000원
할인제품 : https://link.coupang.com/a/dOD4d6



#TOP5 #베스트상품 #인기상품 #필수템 #가성비좋은제품 #추천상품 #베스트픽 #쇼핑가이드 #핫템",0,2026-02-18,aASu9P4lS9M
공통_제품탐색,광파오븐 vs 전자레인지,"인기 🥩전기오븐🥐 5종 최고의 제품은?(크기,레인지,오븐,그릴,세척 등 비교)",노써치,감사합니다.,65,2022-11-24,9S3M7Vi0tqo
공통_제품탐색,광파오븐 vs 전자레인지,"인기 🥩전기오븐🥐 5종 최고의 제품은?(크기,레인지,오븐,그릴,세척 등 비교)",노써치,무료로 보는게 미안해질정도의 퀄리티.. 감사하다!,168,2023-02-05,9S3M7Vi0tqo
공통_제품탐색,광파오븐 vs 전자레인지,"인기 🥩전기오븐🥐 5종 최고의 제품은?(크기,레인지,오븐,그릴,세척 등 비교)",노써치,재품 보다 비교 분석이 더 놀랍다,58,2022-08-10,9S3M7Vi0tqo
공통_제품탐색,광파오븐 vs 전자레인지,"인기 🥩전기오븐🥐 5종 최고의 제품은?(크기,레인지,오븐,그릴,세척 등 비교)",노써치,아직 살 생각이 없는 데도 이 영상을 보고 있는 나....이런 실험은 왠지 해당 회사들에서도 안해서 이 영상 참고할 듯 ㅋㅋ,13,2022-11-11,9S3M7Vi0tqo
공통_제품탐색,광파오븐 vs 전자레인지,"인기 🥩전기오븐🥐 5종 최고의 제품은?(크기,레인지,오븐,그릴,세척 등 비교)",노써치,노써치 만한 채널이 없네,192,2022-04-09,9S3M7Vi0tqo
공통_제품탐색,광파오븐 vs 전자레인지,"인기 🥩전기오븐🥐 5종 최고의 제품은?(크기,레인지,오븐,그릴,세척 등 비교)",노써치,큐커사려다가 삼성직화오븐으로 마음이 기울던 참이었는데 영상이 너무 도움이 됐어요!식세기세제리뷰 보다가 이 영상까지 보게 됐는데 이런 고퀄리티의 수고로운 영상 위주의 채널이네요~! 구독합니다🙂,109,2022-04-15,9S3M7Vi0tqo
공통_제품탐색,광파오븐 vs 전자레인지,"인기 🥩전기오븐🥐 5종 최고의 제품은?(크기,레인지,오븐,그릴,세척 등 비교)",노써치,"와~~박수드립니다~👍👍👍
리서치 수준이 최고입니다~♡♡",11,2022-11-15,9S3M7Vi0tqo
공통_제품탐색,광파오븐 vs 전자레인지,"인기 🥩전기오븐🥐 5종 최고의 제품은?(크기,레인지,오븐,그릴,세척 등 비교)",노써치,우와~~ 정말 깔끔하고  결정 내리기 쉽도록 모든 제품의 성능과 사용성과 빈도와 불편성과 세척까지~~~ 너무 자세하게 설명해주셔서 보기 편하도록 깔끔하게 알려주셔서  감사합니다~  많은 도움 되었습니다~^^,9,2023-10-22,9S3M7Vi0tqo
공통_제품탐색,광파오븐 vs 전자레인지,"인기 🥩전기오븐🥐 5종 최고의 제품은?(크기,레인지,오븐,그릴,세척 등 비교)",노써치,"정말 애써서 만들어주셨네요
구매에 도움되네요",20,2022-07-04,9S3M7Vi0tqo
공통_제품탐색,광파오븐 vs 전자레인지,"인기 🥩전기오븐🥐 5종 최고의 제품은?(크기,레인지,오븐,그릴,세척 등 비교)",노써치,"진심 대단하십니다.
이렇게 많은 수고와 노력이 들어간 찐 제품리뷰에 감사드립니다",75,2023-03-14,9S3M7Vi0tqo
공통_제품탐색,광파오븐 vs 전자레인지,"인기 🥩전기오븐🥐 5종 최고의 제품은?(크기,레인지,오븐,그릴,세척 등 비교)",노써치,퀄리티가...논문으로 쓰셔도 될 정도네요ㄷㄷ,10,2023-01-29,9S3M7Vi0tqo
공통_제품탐색,광파오븐 vs 전자레인지,"인기 🥩전기오븐🥐 5종 최고의 제품은?(크기,레인지,오븐,그릴,세척 등 비교)",노써치,"자취생인데 영상에 sk멀티플렉스 잘 쓰고있습니다. 자취생에겐 가성비 최고.
냉동밥 데우기. 핫도그나 미니붕어빵 데워먹기도 좋고, 스테이크도 잘 구워서 먹어요. 크로와상도 해보려고 사뒀는데 아직 못해봤네요. 영상처럼 잘 나오기를 ㅋㅋㅋ",20,2022-04-24,9S3M7Vi0tqo
공통_제품탐색,광파오븐 vs 전자레인지,"인기 🥩전기오븐🥐 5종 최고의 제품은?(크기,레인지,오븐,그릴,세척 등 비교)",노써치,와 너무 전문적이게 잘 비교 해주셨네요,7,2022-11-08,9S3M7Vi0tqo
공통_제품탐색,광파오븐 vs 전자레인지,"인기 🥩전기오븐🥐 5종 최고의 제품은?(크기,레인지,오븐,그릴,세척 등 비교)",노써치,엄청 전문적인 리뷰 감사합니다!,12,2022-10-26,9S3M7Vi0tqo
공통_제품탐색,광파오븐 vs 전자레인지,"인기 🥩전기오븐🥐 5종 최고의 제품은?(크기,레인지,오븐,그릴,세척 등 비교)",노써치,sk매직 제품 1년넘게 쓰고있는데 특별히 문제는 없이 만족하고 쓰고있지만  외부 발열이 심하긴 합니다. 그래서 에프모드 돌릴때는 혹시 불안해서 다른 전자제품이랑 떨어뜨려야 하는 번거로움이 있습니다.,36,2022-04-08,9S3M7Vi0tqo
공통_제품탐색,광파오븐 vs 전자레인지,"인기 🥩전기오븐🥐 5종 최고의 제품은?(크기,레인지,오븐,그릴,세척 등 비교)",노써치,영상제작 고생많으셨습니다!! 덕분에 구매에 큰도움 됬어요^^,3,2023-08-24,9S3M7Vi0tqo
공통_제품탐색,광파오븐 vs 전자레인지,"인기 🥩전기오븐🥐 5종 최고의 제품은?(크기,레인지,오븐,그릴,세척 등 비교)",노써치,항상 잘 보고 있습니다.,4,2022-04-08,9S3M7Vi0tqo
공통_제품탐색,광파오븐 vs 전자레인지,"인기 🥩전기오븐🥐 5종 최고의 제품은?(크기,레인지,오븐,그릴,세척 등 비교)",노써치,우와 광파오븐 알아보는 중인데 자세히 비교해주셔서 도움 많이 되었습니다. 감사합니다 ^^,3,2024-08-18,9S3M7Vi0tqo
공통_제품탐색,광파오븐 vs 전자레인지,"인기 🥩전기오븐🥐 5종 최고의 제품은?(크기,레인지,오븐,그릴,세척 등 비교)",노써치,완전 도움됐어요 고퀄리티 자료 너무 감사드립니다!!!,0,2024-07-08,9S3M7Vi0tqo
공통_제품탐색,광파오븐 vs 전자레인지,"인기 🥩전기오븐🥐 5종 최고의 제품은?(크기,레인지,오븐,그릴,세척 등 비교)",노써치,내돈내산은 추천이죠. 정성스런 리뷰 잘 봤습니다. ,1,2022-09-03,9S3M7Vi0tqo
공통_제품탐색,광파오븐 vs 전자레인지,"인기 🥩전기오븐🥐 5종 최고의 제품은?(크기,레인지,오븐,그릴,세척 등 비교)",노써치,정말 감사합니다 ㅎㅅㅎ 큐커 장단점 잘 적어주셨네요,1,2024-05-06,9S3M7Vi0tqo
공통_제품탐색,광파오븐 vs 전자레인지,"인기 🥩전기오븐🥐 5종 최고의 제품은?(크기,레인지,오븐,그릴,세척 등 비교)",노써치,와 진짜 정성이 정성이.. 대단하신 거 같아요 정말 너무 감사합니다 ㅅ구독!!!,1,2024-02-04,9S3M7Vi0tqo
공통_제품탐색,광파오븐 vs 전자레인지,"인기 🥩전기오븐🥐 5종 최고의 제품은?(크기,레인지,오븐,그릴,세척 등 비교)",노써치,6:56 정말 궁금했던 부분이었는데 너무 잘 비교해 주셨네요. 도움 많이 받고 갑니다.,1,2025-04-06,9S3M7Vi0tqo
공통_제품탐색,광파오븐 vs 전자레인지,"인기 🥩전기오븐🥐 5종 최고의 제품은?(크기,레인지,오븐,그릴,세척 등 비교)",노써치,이거보고 저 삼성 직화오븐 주문했는뎅 제발 맘에 들었으면 좋겠어요 ㅋㅋ,11,2022-05-03,9S3M7Vi0tqo
공통_제품탐색,광파오븐 vs 전자레인지,"인기 🥩전기오븐🥐 5종 최고의 제품은?(크기,레인지,오븐,그릴,세척 등 비교)",노써치,감사합니다. 큰 삼성큐커 직화오븐 주문하려고하는데 큰 도움 받았습니다~!,0,2024-10-18,9S3M7Vi0tqo
공통_제품탐색,광파오븐 vs 전자레인지,"인기 🥩전기오븐🥐 5종 최고의 제품은?(크기,레인지,오븐,그릴,세척 등 비교)",노써치,고민을 한방에 날리네요..고민해결 감사합니다..최고의 리뷰입니다.,1,2023-08-05,9S3M7Vi0tqo
공통_제품탐색,광파오븐 vs 전자레인지,"인기 🥩전기오븐🥐 5종 최고의 제품은?(크기,레인지,오븐,그릴,세척 등 비교)",노써치,"삼성직화오븐 쓰고 있는데요, 사용자가 가장 자주 쓰는 메뉴가 맨 앞으로 오게 되어 있어서, 하루만 지나면 전자레인지가 제일 앞으로 와요. 세탁기 건조기 모두 제일 자주 쓰는 메뉴가 맨 앞으로 오게 되어 있어요.",40,2022-04-16,9S3M7Vi0tqo
공통_제품탐색,광파오븐 vs 전자레인지,"인기 🥩전기오븐🥐 5종 최고의 제품은?(크기,레인지,오븐,그릴,세척 등 비교)",노써치,감사합니다. 고민이 많았는데 결정하는데 큰 도움이 되었습니다,0,2024-03-24,9S3M7Vi0tqo
공통_제품탐색,광파오븐 vs 전자레인지,"인기 🥩전기오븐🥐 5종 최고의 제품은?(크기,레인지,오븐,그릴,세척 등 비교)",노써치,와…정말 짱이에요 노서치 👏👏👏,0,2023-01-28,9S3M7Vi0tqo
공통_제품탐색,광파오븐 vs 전자레인지,"인기 🥩전기오븐🥐 5종 최고의 제품은?(크기,레인지,오븐,그릴,세척 등 비교)",노써치,안그래도 요즘 눈에 많이들어와서 관심갔는데!! 잘 봤습니다~,5,2022-04-08,9S3M7Vi0tqo
공통_제품탐색,광파오븐 vs 전자레인지,"인기 🥩전기오븐🥐 5종 최고의 제품은?(크기,레인지,오븐,그릴,세척 등 비교)",노써치,광파오븐이 도대체 레인지 기능이 동시에 되는지 한참을 찾았는데... 여기서 확실하게 알고 가네요... 감사합니다.,5,2022-10-24,9S3M7Vi0tqo
공통_제품탐색,광파오븐 vs 전자레인지,"인기 🥩전기오븐🥐 5종 최고의 제품은?(크기,레인지,오븐,그릴,세척 등 비교)",노써치,많은 도움이 됐습니다. 감사합니다.,2,2023-09-12,9S3M7Vi0tqo
공통_제품탐색,광파오븐 vs 전자레인지,"인기 🥩전기오븐🥐 5종 최고의 제품은?(크기,레인지,오븐,그릴,세척 등 비교)",노써치,정리 미쳤다 도움받고갑니다❤,0,2024-07-21,9S3M7Vi0tqo
공통_제품탐색,광파오븐 vs 전자레인지,"인기 🥩전기오븐🥐 5종 최고의 제품은?(크기,레인지,오븐,그릴,세척 등 비교)",노써치,너무 좋은 정보 얻고 갑니다. 고맙습니다.,8,2022-04-27,9S3M7Vi0tqo
공통_제품탐색,광파오븐 vs 전자레인지,"인기 🥩전기오븐🥐 5종 최고의 제품은?(크기,레인지,오븐,그릴,세척 등 비교)",노써치,"와 광고가 아닌 제대로 된 리뷰네요. 바로 구독, 좋아요 눌렀습니다!",42,2023-02-01,9S3M7Vi0tqo
공통_제품탐색,광파오븐 vs 전자레인지,"인기 🥩전기오븐🥐 5종 최고의 제품은?(크기,레인지,오븐,그릴,세척 등 비교)",노써치,오브제 사용중인데 자동메뉴가 여러가지 설정되어있는것도 장점인거같아요 음식재료넣고 몇분설정해야하나 고민할필요가없어요 예를들면 냉동피자면 냉동피자를 다이얼로 선택하면자동으로 조리시간을 알아서 맞춰주는데 거의 정확하게 맞더라구요,28,2022-04-08,9S3M7Vi0tqo
공통_제품탐색,광파오븐 vs 전자레인지,"인기 🥩전기오븐🥐 5종 최고의 제품은?(크기,레인지,오븐,그릴,세척 등 비교)",노써치,와... 고민중이었는데 바로 해결.. 저는 베이킹을 하고싶었던거라 삼성 직화오븐이나 sk매직 가면 되겠네요 ㄷㄷ,0,2023-10-20,9S3M7Vi0tqo
공통_제품탐색,광파오븐 vs 전자레인지,"인기 🥩전기오븐🥐 5종 최고의 제품은?(크기,레인지,오븐,그릴,세척 등 비교)",노써치,감사합니다 큰 도움 되었습니다,0,2023-08-14,9S3M7Vi0tqo
공통_제품탐색,광파오븐 vs 전자레인지,"인기 🥩전기오븐🥐 5종 최고의 제품은?(크기,레인지,오븐,그릴,세척 등 비교)",노써치,이런 자세한 비교가 있다니 감삼다,1,2024-03-28,9S3M7Vi0tqo
공통_제품탐색,광파오븐 vs 전자레인지,"인기 🥩전기오븐🥐 5종 최고의 제품은?(크기,레인지,오븐,그릴,세척 등 비교)",노써치,너무 도움이 되었어요 감사합니다!!👏👏,1,2023-05-17,9S3M7Vi0tqo
공통_제품탐색,광파오븐 vs 전자레인지,"인기 🥩전기오븐🥐 5종 최고의 제품은?(크기,레인지,오븐,그릴,세척 등 비교)",노써치,영상 퀄리티 말도안된다,2,2025-02-18,9S3M7Vi0tqo
공통_제품탐색,광파오븐 vs 전자레인지,"인기 🥩전기오븐🥐 5종 최고의 제품은?(크기,레인지,오븐,그릴,세척 등 비교)",노써치,헉 감사합니다! 덕분에 비교가 잘 되었어요!! 엄마께도 보여드려서 사려구용 오브제가 제일 좋아보이긴 하네요...!,3,2022-11-06,9S3M7Vi0tqo
공통_제품탐색,광파오븐 vs 전자레인지,"인기 🥩전기오븐🥐 5종 최고의 제품은?(크기,레인지,오븐,그릴,세척 등 비교)",노써치,"감사합니다
LG오브제 쓰는데 대만족입니다
비교분석해주셔서 감사합니다",1,2024-02-15,9S3M7Vi0tqo
공통_제품탐색,광파오븐 vs 전자레인지,"인기 🥩전기오븐🥐 5종 최고의 제품은?(크기,레인지,오븐,그릴,세척 등 비교)",노써치,전문포스가 느껴지는 퀄러티입니다😊,0,2024-03-10,9S3M7Vi0tqo
공통_제품탐색,광파오븐 vs 전자레인지,"인기 🥩전기오븐🥐 5종 최고의 제품은?(크기,레인지,오븐,그릴,세척 등 비교)",노써치,대박 리뷰!!,1,2023-12-04,9S3M7Vi0tqo
공통_제품탐색,광파오븐 vs 전자레인지,"인기 🥩전기오븐🥐 5종 최고의 제품은?(크기,레인지,오븐,그릴,세척 등 비교)",노써치,퀄리티높은 영상이네요 도움 많이 되었습니다 감사합니다,5,2023-03-10,9S3M7Vi0tqo
공통_제품탐색,광파오븐 vs 전자레인지,"인기 🥩전기오븐🥐 5종 최고의 제품은?(크기,레인지,오븐,그릴,세척 등 비교)",노써치,이렇게 자세하게 설명해주셔서 감사합니다 대학과제 트리플에스작같네요,10,2023-05-09,9S3M7Vi0tqo
공통_제품탐색,광파오븐 vs 전자레인지,"인기 🥩전기오븐🥐 5종 최고의 제품은?(크기,레인지,오븐,그릴,세척 등 비교)",노써치,"감탄이 절로 나는 정보, 감사합니다. 구독이 절로 눌러집니다",1,2023-12-26,9S3M7Vi0tqo
공통_제품탐색,광파오븐 vs 전자레인지,"인기 🥩전기오븐🥐 5종 최고의 제품은?(크기,레인지,오븐,그릴,세척 등 비교)",노써치,"삼성 비스포크 직화오븐 사용중인데 진짜 너무 맘에들고, 만족스럽습니다. 게다가 요리 끝난후 냉각상태로 적당히 식혀주기 때문에 너무 두꺼운 장갑 말고 행주로 그릇 잡아도 그릇이 엄청 뜨겁지 않아요. 음식은 뜨겁지만요.",30,2022-08-11,9S3M7Vi0tqo
공통_제품탐색,광파오븐 vs 전자레인지,"인기 🥩전기오븐🥐 5종 최고의 제품은?(크기,레인지,오븐,그릴,세척 등 비교)",노써치,와 ㅇ영상 퀄리티 미쳣네요,0,2024-03-07,9S3M7Vi0tqo
1인가구_자취,자취 주방가전 추천,자취 주방용품 꿀템 추천! 자취생 &#39;전용&#39; 만족도 가장 높은 주방용품 고르는 방법,자취요리 뚝딱 l 202호 자취요리,"집에서 편하게 삼겹살 구워먹기 : https://www.youtube.com/watch?v=uNYC1Stvlck

ㅡㅡㅡㅡㅡㅡㅡㅡㅡㅡㅡㅡㅡㅡㅡㅡㅡㅡㅡㅡㅡㅡㅡㅡㅡㅡㅡㅡㅡㅡㅡㅡㅡㅡㅡㅡㅡㅡㅡㅡㅡㅡㅡㅡㅡㅡ

자취하면 꼭 사세요! 요리 초보 자취생을 위한 주방용품 세트

네오플램 피카 편수냄비 18cm https://link.coupang.com/a/bF7RB2
네오플램 피카 양수냄비 22cm https://link.coupang.com/a/bF7RX5
테팔 인덕션 프라이팬 28cm, https://link.coupang.com/a/bF7SfG
락앤락 키친툴세트 https://link.coupang.com/a/bF7SE0
아띠레키친 나무 튀김 젓가락 https://link.coupang.com/a/bF7SPe
테팔 컴포트 주방가위 https://link.coupang.com/a/bF7ZJv
파이렉스 계량컵 500ml https://link.coupang.com/a/bF72xC
칼딘 양면 스테인리스 계량 스푼 https://link.coupang.com/a/bF7VRt
테팔 아이스 포스 칼 산도쿠 식도 https://link.coupang.com/a/bF7Z02
도블레 도마 https://link.coupang.com/a/bF70fF
무타공마켓 식기건조대 https://link.coupang.com/a/bF728N

쿠팡링크로 구매하면 일정액의 수수료를 제공받아 컨텐츠 운영에 큰 도움이 됩니다!",6,2024-06-18,DY8Yw38ebQo
1인가구_자취,자취 주방가전 추천,자취 주방용품 꿀템 추천! 자취생 &#39;전용&#39; 만족도 가장 높은 주방용품 고르는 방법,자취요리 뚝딱 l 202호 자취요리,제가 자취할때까지 이 영상이 안사라졌음 좋겠네요😂,10,2024-06-18,DY8Yw38ebQo
1인가구_자취,자취 주방가전 추천,자취 주방용품 꿀템 추천! 자취생 &#39;전용&#39; 만족도 가장 높은 주방용품 고르는 방법,자취요리 뚝딱 l 202호 자취요리,안녕하세요 키친툴 세트가 품절이라 해서 ㅠㅠ 혹시 다른 용품 추천해주실 수 있으신가요 부탁드려요,1,2026-01-15,DY8Yw38ebQo
1인가구_자취,자취 주방가전 추천,자취 주방용품 꿀템 추천! 자취생 &#39;전용&#39; 만족도 가장 높은 주방용품 고르는 방법,자취요리 뚝딱 l 202호 자취요리,자취생용치곤 다 너무 고급인데??,0,2026-04-15,DY8Yw38ebQo
1인가구_자취,자취 주방가전 추천,자취 주방용품 꿀템 추천! 자취생 &#39;전용&#39; 만족도 가장 높은 주방용품 고르는 방법,자취요리 뚝딱 l 202호 자취요리,자취할때 누가 그렇게 비싼거 써요 ㅠㅠ,30,2024-07-19,DY8Yw38ebQo
1인가구_자취,자취 주방가전 추천,30만원으로 자취 필수템 풀세팅?!🏠 / 동생에게 &quot;최강자취셋&quot; 구비해주기💸 / 필수 기본템부터 효율적인 추천템까지..!,샒의 삶Serim's life,진짜 세상에 이런 언니 없다...,67,2025-02-02,yc6toRuyarg
1인가구_자취,자취 주방가전 추천,30만원으로 자취 필수템 풀세팅?!🏠 / 동생에게 &quot;최강자취셋&quot; 구비해주기💸 / 필수 기본템부터 효율적인 추천템까지..!,샒의 삶Serim's life,홍세림+자취=필승 컨텐츠다 이말이여,109,2025-02-02,yc6toRuyarg
1인가구_자취,자취 주방가전 추천,30만원으로 자취 필수템 풀세팅?!🏠 / 동생에게 &quot;최강자취셋&quot; 구비해주기💸 / 필수 기본템부터 효율적인 추천템까지..!,샒의 삶Serim's life,"그래...동생분 이직 성공하셔서 냅 다 독립 하셨다는 이야기 들었을때부터??? 이 컨텐츠를 상상함ㅋㅋㅋ
세림님 부담 안가는 선에서 알또랑지게 꾸며주셔요 우하하 재밌다~~~~",36,2025-02-02,yc6toRuyarg
1인가구_자취,자취 주방가전 추천,30만원으로 자취 필수템 풀세팅?!🏠 / 동생에게 &quot;최강자취셋&quot; 구비해주기💸 / 필수 기본템부터 효율적인 추천템까지..!,샒의 삶Serim's life,이 세상에서 자취 컨텐츠 제일 잘 뽑는 유튜버 1위,32,2025-02-02,yc6toRuyarg
1인가구_자취,자취 주방가전 추천,30만원으로 자취 필수템 풀세팅?!🏠 / 동생에게 &quot;최강자취셋&quot; 구비해주기💸 / 필수 기본템부터 효율적인 추천템까지..!,샒의 삶Serim's life,언니존재 댕 부럽다…..,15,2025-02-02,yc6toRuyarg
1인가구_자취,자취 주방가전 추천,30만원으로 자취 필수템 풀세팅?!🏠 / 동생에게 &quot;최강자취셋&quot; 구비해주기💸 / 필수 기본템부터 효율적인 추천템까지..!,샒의 삶Serim's life,저런 언니 있으면 든든할것 같아요..!😊,14,2025-02-02,yc6toRuyarg
1인가구_자취,자취 주방가전 추천,30만원으로 자취 필수템 풀세팅?!🏠 / 동생에게 &quot;최강자취셋&quot; 구비해주기💸 / 필수 기본템부터 효율적인 추천템까지..!,샒의 삶Serim's life,진짜 이런 언니 세상에 없음,11,2025-02-02,yc6toRuyarg
1인가구_자취,자취 주방가전 추천,30만원으로 자취 필수템 풀세팅?!🏠 / 동생에게 &quot;최강자취셋&quot; 구비해주기💸 / 필수 기본템부터 효율적인 추천템까지..!,샒의 삶Serim's life,"진짜 너무 재밌다,,,,,, 샒님 컨텐츠 중 젤 좋아하쟈나☺️",14,2025-02-02,yc6toRuyarg
1인가구_자취,자취 주방가전 추천,30만원으로 자취 필수템 풀세팅?!🏠 / 동생에게 &quot;최강자취셋&quot; 구비해주기💸 / 필수 기본템부터 효율적인 추천템까지..!,샒의 삶Serim's life,동생 집꾸미기 기대만발~😊,13,2025-02-02,yc6toRuyarg
1인가구_자취,자취 주방가전 추천,30만원으로 자취 필수템 풀세팅?!🏠 / 동생에게 &quot;최강자취셋&quot; 구비해주기💸 / 필수 기본템부터 효율적인 추천템까지..!,샒의 삶Serim's life,당신의 자취 컨테츠가 너무 재밌어서 사주에 아주 조그만 역마살이 껴있길 생각해보는 나....너무 나쁜걸ㄲr...........,7,2025-02-02,yc6toRuyarg
1인가구_자취,자취 주방가전 추천,30만원으로 자취 필수템 풀세팅?!🏠 / 동생에게 &quot;최강자취셋&quot; 구비해주기💸 / 필수 기본템부터 효율적인 추천템까지..!,샒의 삶Serim's life,와....샒이 말아주는 자취템이라니💓,11,2025-02-02,yc6toRuyarg
1인가구_자취,자취 주방가전 추천,30만원으로 자취 필수템 풀세팅?!🏠 / 동생에게 &quot;최강자취셋&quot; 구비해주기💸 / 필수 기본템부터 효율적인 추천템까지..!,샒의 삶Serim's life,8:08 잠깐 한눈 팔고왔더니 뒤에 식물 잔머린줄 알고 식겁헸어요....🍍,10,2025-02-02,yc6toRuyarg
1인가구_자취,자취 주방가전 추천,30만원으로 자취 필수템 풀세팅?!🏠 / 동생에게 &quot;최강자취셋&quot; 구비해주기💸 / 필수 기본템부터 효율적인 추천템까지..!,샒의 삶Serim's life,"세림님 동생분한테 말할때 기본 표정이 =ㅂ= 
ㅋㅋㅋㅋㅋㅋ 너무 귀여워요…",7,2025-02-03,yc6toRuyarg
1인가구_자취,자취 주방가전 추천,30만원으로 자취 필수템 풀세팅?!🏠 / 동생에게 &quot;최강자취셋&quot; 구비해주기💸 / 필수 기본템부터 효율적인 추천템까지..!,샒의 삶Serim's life,대박 세림홍과 함께라면 이제 자취가 두렵지않다!!!!!!,8,2025-02-02,yc6toRuyarg
1인가구_자취,자취 주방가전 추천,30만원으로 자취 필수템 풀세팅?!🏠 / 동생에게 &quot;최강자취셋&quot; 구비해주기💸 / 필수 기본템부터 효율적인 추천템까지..!,샒의 삶Serim's life,와....샒이 말해주는 자취탬이네~~~🧡,10,2025-02-02,yc6toRuyarg
1인가구_자취,자취 주방가전 추천,30만원으로 자취 필수템 풀세팅?!🏠 / 동생에게 &quot;최강자취셋&quot; 구비해주기💸 / 필수 기본템부터 효율적인 추천템까지..!,샒의 삶Serim's life,동생분 취향 확고한거 귀엽ㅋㅋㅋㅋ 라면이랑 손잡이그릇ㅋㅋㅋ,6,2025-02-04,yc6toRuyarg
1인가구_자취,자취 주방가전 추천,30만원으로 자취 필수템 풀세팅?!🏠 / 동생에게 &quot;최강자취셋&quot; 구비해주기💸 / 필수 기본템부터 효율적인 추천템까지..!,샒의 삶Serim's life,18:27 와 안그래도 아르지 신상 나와서 지켜보거있았는데!!!!‘ㅜ대박대박이에요,8,2025-02-02,yc6toRuyarg
1인가구_자취,자취 주방가전 추천,30만원으로 자취 필수템 풀세팅?!🏠 / 동생에게 &quot;최강자취셋&quot; 구비해주기💸 / 필수 기본템부터 효율적인 추천템까지..!,샒의 삶Serim's life,14:57 ㅋㅋㅋㅋㅋㅋㅋㅋㅋㅋㅋㅋㅋㅋㅋㅋㅋㅋㅋㅋㅋㅋㅋㅋㅋㅋㅋㅋㅋㅋㅋㅋㅋ개웃곀ㅋㅋㅋㅋㅋㅋ  자매 모먼트ㅋㅋㅋㅋㅋㅋㅋㅋㅋㅋㅋㅋㅋㅋㅋㅋㅋㅋ,5,2025-02-03,yc6toRuyarg
1인가구_자취,자취 주방가전 추천,30만원으로 자취 필수템 풀세팅?!🏠 / 동생에게 &quot;최강자취셋&quot; 구비해주기💸 / 필수 기본템부터 효율적인 추천템까지..!,샒의 삶Serim's life,진짜 이런 언니 있으면 좋겟다..😮 마켓 빨리 해주시면 좋겟다용ㅎㅎ,4,2025-02-08,yc6toRuyarg
1인가구_자취,자취 주방가전 추천,30만원으로 자취 필수템 풀세팅?!🏠 / 동생에게 &quot;최강자취셋&quot; 구비해주기💸 / 필수 기본템부터 효율적인 추천템까지..!,샒의 삶Serim's life,14:58 개웃곀ㅋㅋㅋㅋㅋㅋㅋㅋㅋ 찐자매,8,2025-02-02,yc6toRuyarg
1인가구_자취,자취 주방가전 추천,30만원으로 자취 필수템 풀세팅?!🏠 / 동생에게 &quot;최강자취셋&quot; 구비해주기💸 / 필수 기본템부터 효율적인 추천템까지..!,샒의 삶Serim's life,2편도 나왔으면좋겠어요 !!!,5,2025-02-05,yc6toRuyarg
1인가구_자취,자취 주방가전 추천,30만원으로 자취 필수템 풀세팅?!🏠 / 동생에게 &quot;최강자취셋&quot; 구비해주기💸 / 필수 기본템부터 효율적인 추천템까지..!,샒의 삶Serim's life,"ㅎㅎ기다리던 샒님 브이로그네요^^일요일을 마무리 짓는 영상
오늘은 동생 자취셋이라니~~역시 좋은 언니예욯ㅎ진짜 딱!! 필요한 것들만 골라서~~
쿠팡링크 생성해주는 센스~~넘 좋아요^^ 두사람 항상 건강하고 행복하시길 바라요",3,2025-02-02,yc6toRuyarg
1인가구_자취,자취 주방가전 추천,30만원으로 자취 필수템 풀세팅?!🏠 / 동생에게 &quot;최강자취셋&quot; 구비해주기💸 / 필수 기본템부터 효율적인 추천템까지..!,샒의 삶Serim's life,후허허허허헝😢~~ 왜 우리 언냐가 아닌거야아아아ㅏ~~ 나도 언니같은 언니 피료해애...😂,4,2025-02-08,yc6toRuyarg
1인가구_자취,자취 주방가전 추천,30만원으로 자취 필수템 풀세팅?!🏠 / 동생에게 &quot;최강자취셋&quot; 구비해주기💸 / 필수 기본템부터 효율적인 추천템까지..!,샒의 삶Serim's life,와 이 친구 진짜 똑 부러지네,4,2025-02-06,yc6toRuyarg
1인가구_자취,자취 주방가전 추천,30만원으로 자취 필수템 풀세팅?!🏠 / 동생에게 &quot;최강자취셋&quot; 구비해주기💸 / 필수 기본템부터 효율적인 추천템까지..!,샒의 삶Serim's life,동생도 챙기고 컨텐츠도 남기고 꿀이네용❤,3,2025-02-02,yc6toRuyarg
1인가구_자취,자취 주방가전 추천,30만원으로 자취 필수템 풀세팅?!🏠 / 동생에게 &quot;최강자취셋&quot; 구비해주기💸 / 필수 기본템부터 효율적인 추천템까지..!,샒의 삶Serim's life,진짜 아무지다 야무져😊😊,4,2025-02-02,yc6toRuyarg
1인가구_자취,자취 주방가전 추천,30만원으로 자취 필수템 풀세팅?!🏠 / 동생에게 &quot;최강자취셋&quot; 구비해주기💸 / 필수 기본템부터 효율적인 추천템까지..!,샒의 삶Serim's life,온니 덕분에 자취 시작할 때 걱정 없겠쟈나 완죤!! 세림님 방꾸미기 넘모 재미또,14,2025-02-02,yc6toRuyarg
1인가구_자취,자취 주방가전 추천,30만원으로 자취 필수템 풀세팅?!🏠 / 동생에게 &quot;최강자취셋&quot; 구비해주기💸 / 필수 기본템부터 효율적인 추천템까지..!,샒의 삶Serim's life,동생 거실 쇼파 정보 궁금해여!!!!,5,2025-02-02,yc6toRuyarg
1인가구_자취,자취 주방가전 추천,30만원으로 자취 필수템 풀세팅?!🏠 / 동생에게 &quot;최강자취셋&quot; 구비해주기💸 / 필수 기본템부터 효율적인 추천템까지..!,샒의 삶Serim's life,동생분 집에 있는 쇼파 정보 알 수 있을까요?,8,2025-02-02,yc6toRuyarg
1인가구_자취,자취 주방가전 추천,30만원으로 자취 필수템 풀세팅?!🏠 / 동생에게 &quot;최강자취셋&quot; 구비해주기💸 / 필수 기본템부터 효율적인 추천템까지..!,샒의 삶Serim's life,좋은 정보 감사해요~,5,2025-02-02,yc6toRuyarg
1인가구_자취,자취 주방가전 추천,30만원으로 자취 필수템 풀세팅?!🏠 / 동생에게 &quot;최강자취셋&quot; 구비해주기💸 / 필수 기본템부터 효율적인 추천템까지..!,샒의 삶Serim's life,벌써 기대된다....❤,2,2025-02-02,yc6toRuyarg
1인가구_자취,자취 주방가전 추천,30만원으로 자취 필수템 풀세팅?!🏠 / 동생에게 &quot;최강자취셋&quot; 구비해주기💸 / 필수 기본템부터 효율적인 추천템까지..!,샒의 삶Serim's life,곧 자취 시작인데 유용할 것 같아요 감사합니다!,3,2025-02-02,yc6toRuyarg
1인가구_자취,자취 주방가전 추천,30만원으로 자취 필수템 풀세팅?!🏠 / 동생에게 &quot;최강자취셋&quot; 구비해주기💸 / 필수 기본템부터 효율적인 추천템까지..!,샒의 삶Serim's life,동생집 꾸미기 컨텐츠라니 이거거등~!,14,2025-02-02,yc6toRuyarg
1인가구_자취,자취 주방가전 추천,30만원으로 자취 필수템 풀세팅?!🏠 / 동생에게 &quot;최강자취셋&quot; 구비해주기💸 / 필수 기본템부터 효율적인 추천템까지..!,샒의 삶Serim's life,진짜 샒의 삶이다,5,2025-02-03,yc6toRuyarg
1인가구_자취,자취 주방가전 추천,30만원으로 자취 필수템 풀세팅?!🏠 / 동생에게 &quot;최강자취셋&quot; 구비해주기💸 / 필수 기본템부터 효율적인 추천템까지..!,샒의 삶Serim's life,동생분 쓰리잘비 있는곳에 나오는 하얀색 1인 쇼파는 어디껀가요?! 너무 귀여워요 !!!!,6,2025-02-02,yc6toRuyarg
1인가구_자취,자취 주방가전 추천,30만원으로 자취 필수템 풀세팅?!🏠 / 동생에게 &quot;최강자취셋&quot; 구비해주기💸 / 필수 기본템부터 효율적인 추천템까지..!,샒의 삶Serim's life,"쓰리잘비 진짜 좋아요 ㅎㅎ
넓은 아파트에 혼자 남겨진 샒님…
사람 일은 정말 알 수 없어요 ㅎㅎ",4,2025-02-02,yc6toRuyarg
1인가구_자취,자취 주방가전 추천,30만원으로 자취 필수템 풀세팅?!🏠 / 동생에게 &quot;최강자취셋&quot; 구비해주기💸 / 필수 기본템부터 효율적인 추천템까지..!,샒의 삶Serim's life,자룡이의 일과! ㅋㅋ 자룡데이 영상 원해여~~~❤,2,2025-02-05,yc6toRuyarg
1인가구_자취,자취 주방가전 추천,30만원으로 자취 필수템 풀세팅?!🏠 / 동생에게 &quot;최강자취셋&quot; 구비해주기💸 / 필수 기본템부터 효율적인 추천템까지..!,샒의 삶Serim's life,친절하고 정많은 세림님 가족은 행복할것 같아요~~ㅎㅎ,2,2025-07-05,yc6toRuyarg
1인가구_자취,자취 주방가전 추천,30만원으로 자취 필수템 풀세팅?!🏠 / 동생에게 &quot;최강자취셋&quot; 구비해주기💸 / 필수 기본템부터 효율적인 추천템까지..!,샒의 삶Serim's life,대단스.... 내가 다 감동이네🥹,2,2025-02-02,yc6toRuyarg
1인가구_자취,자취 주방가전 추천,30만원으로 자취 필수템 풀세팅?!🏠 / 동생에게 &quot;최강자취셋&quot; 구비해주기💸 / 필수 기본템부터 효율적인 추천템까지..!,샒의 삶Serim's life,"너무나 알차다,,,,,,,",3,2025-02-04,yc6toRuyarg
1인가구_자취,자취 주방가전 추천,30만원으로 자취 필수템 풀세팅?!🏠 / 동생에게 &quot;최강자취셋&quot; 구비해주기💸 / 필수 기본템부터 효율적인 추천템까지..!,샒의 삶Serim's life,저런언니없다….,3,2025-02-02,yc6toRuyarg
1인가구_자취,자취 주방가전 추천,30만원으로 자취 필수템 풀세팅?!🏠 / 동생에게 &quot;최강자취셋&quot; 구비해주기💸 / 필수 기본템부터 효율적인 추천템까지..!,샒의 삶Serim's life,"11:29 에어프라이어 맘에 들어서 상세페이지 보러 쿠팡 들어가니 74800으로 가격이 오른줄 알았는데 영상에는 3.5L고 링크는 5L여서 가격니 다른거였네요 😂😂 영상 재밌게 잘 봤어요~!

찾아보니깐 똑같은 디자인 3.5L 제품인데 동그라미 안에 로고만 다르게 파는 제품들이 많네요. 가격대가 좀 더 내려가서 다른분들도 참고하세용",3,2025-02-03,yc6toRuyarg
1인가구_자취,자취 주방가전 추천,30만원으로 자취 필수템 풀세팅?!🏠 / 동생에게 &quot;최강자취셋&quot; 구비해주기💸 / 필수 기본템부터 효율적인 추천템까지..!,샒의 삶Serim's life,구독했어요!~^^,2,2025-02-09,yc6toRuyarg
1인가구_자취,자취 주방가전 추천,30만원으로 자취 필수템 풀세팅?!🏠 / 동생에게 &quot;최강자취셋&quot; 구비해주기💸 / 필수 기본템부터 효율적인 추천템까지..!,샒의 삶Serim's life,이번에 자취 시작하는데 영상 참고해서 장바구니 담아놨어요!! 감사합니당💓,0,2025-12-30,yc6toRuyarg
1인가구_자취,자취 주방가전 추천,30만원으로 자취 필수템 풀세팅?!🏠 / 동생에게 &quot;최강자취셋&quot; 구비해주기💸 / 필수 기본템부터 효율적인 추천템까지..!,샒의 삶Serim's life,너무재밋다😊😊😊😊😊😊,2,2025-02-02,yc6toRuyarg
1인가구_자취,자취 주방가전 추천,30만원으로 자취 필수템 풀세팅?!🏠 / 동생에게 &quot;최강자취셋&quot; 구비해주기💸 / 필수 기본템부터 효율적인 추천템까지..!,샒의 삶Serim's life,방꾸미기도 해주세요,7,2025-02-02,yc6toRuyarg
1인가구_자취,자취 주방가전 추천,30만원으로 자취 필수템 풀세팅?!🏠 / 동생에게 &quot;최강자취셋&quot; 구비해주기💸 / 필수 기본템부터 효율적인 추천템까지..!,샒의 삶Serim's life,너~~무좋은언니당,1,2025-02-14,yc6toRuyarg
1인가구_자취,자취 주방가전 추천,30만원으로 자취 필수템 풀세팅?!🏠 / 동생에게 &quot;최강자취셋&quot; 구비해주기💸 / 필수 기본템부터 효율적인 추천템까지..!,샒의 삶Serim's life,우리언니였으면....,5,2025-02-02,yc6toRuyarg
1인가구_자취,자취 주방가전 추천,30만원으로 자취 필수템 풀세팅?!🏠 / 동생에게 &quot;최강자취셋&quot; 구비해주기💸 / 필수 기본템부터 효율적인 추천템까지..!,샒의 삶Serim's life,제발 우리언니해..,7,2025-02-02,yc6toRuyarg
1인가구_자취,자취 주방가전 추천,30만원으로 자취 필수템 풀세팅?!🏠 / 동생에게 &quot;최강자취셋&quot; 구비해주기💸 / 필수 기본템부터 효율적인 추천템까지..!,샒의 삶Serim's life,"언니 나야,,, 언니!!!!!!!!! 내 언니!!!!!!",3,2025-02-03,yc6toRuyarg
1인가구_자취,자취 주방가전 추천,"“내돈내산💸” 문의 많았던 주방용품 추천 2탄!✨ 가성비 갑 키친크로스, 음쓰통, 그릇, 냄비받침대, 배수망..!❤️‍🔥",똘비 ddolbi,"📢안녕하세요.ꈍ◡ꈍ♥ 
오늘은 드디어..! 요청이 많았던 주방용품 소개 영상 2탄을 담아봤어요!
이번에도 '내돈내산'으로 진심으로 애정하는 템들만 모아봤는데,
여러분의 주방에 도움이 되었으면 좋겠네요..!🤍

그리고 이 영상 만드는데 시간이 오래 걸려서 저번주 집밥 브이로그를 못 올렸어요🥹
기다려주신 분들 너무 감사하고! 이번주에 집밥 브이로그도 하나 더 데려오겠습니다!!🩵
이번에 주방템 제품 정보, 링크 찾다가 골로 갈 뻔 했는데..(아련)
여러분의 통장에 조금이라도 도움이 되길..⭐️
다들 이번주도 맛난 밥 잘 챙겨 먹고 있어용🍅✨",51,2025-06-17,EUmAefyYqis
1인가구_자취,자취 주방가전 추천,"“내돈내산💸” 문의 많았던 주방용품 추천 2탄!✨ 가성비 갑 키친크로스, 음쓰통, 그릇, 냄비받침대, 배수망..!❤️‍🔥",똘비 ddolbi,찾았다 내 자취 추구미,240,2025-07-26,EUmAefyYqis
1인가구_자취,자취 주방가전 추천,"“내돈내산💸” 문의 많았던 주방용품 추천 2탄!✨ 가성비 갑 키친크로스, 음쓰통, 그릇, 냄비받침대, 배수망..!❤️‍🔥",똘비 ddolbi,이렇게 자세하게 모든 용품을 다 소개해주는 유튜바가 있다 ..?,222,2025-06-17,EUmAefyYqis
1인가구_자취,자취 주방가전 추천,"“내돈내산💸” 문의 많았던 주방용품 추천 2탄!✨ 가성비 갑 키친크로스, 음쓰통, 그릇, 냄비받침대, 배수망..!❤️‍🔥",똘비 ddolbi,나도 내가 지취하면 이러고 살 줄 알았지,43,2025-10-21,EUmAefyYqis
1인가구_자취,자취 주방가전 추천,"“내돈내산💸” 문의 많았던 주방용품 추천 2탄!✨ 가성비 갑 키친크로스, 음쓰통, 그릇, 냄비받침대, 배수망..!❤️‍🔥",똘비 ddolbi,"내가 이 영상을 얼마나 기다렸는지 당신은 모르지~~!! ㅠㅠㅠㅠㅠㅠㅠㅠㅠㅠㅠ 고마워요 귀한 주방용품 추천영상,,,",27,2025-06-17,EUmAefyYqis
1인가구_자취,자취 주방가전 추천,"“내돈내산💸” 문의 많았던 주방용품 추천 2탄!✨ 가성비 갑 키친크로스, 음쓰통, 그릇, 냄비받침대, 배수망..!❤️‍🔥",똘비 ddolbi,진짜 개ㅐㅐ재밋음;; 이게 왜 재밌지?모르겠는데 걍 홀린듯이 보게 됨ㅋㅋㅋㅋ,16,2025-06-22,EUmAefyYqis
1인가구_자취,자취 주방가전 추천,"“내돈내산💸” 문의 많았던 주방용품 추천 2탄!✨ 가성비 갑 키친크로스, 음쓰통, 그릇, 냄비받침대, 배수망..!❤️‍🔥",똘비 ddolbi,"주방에 핑구 블루투스가 있다는 거는
진짜 너무 귀여워요,,ㅋㅋㅋㅋㅋ",3,2025-10-07,EUmAefyYqis
1인가구_자취,자취 주방가전 추천,"“내돈내산💸” 문의 많았던 주방용품 추천 2탄!✨ 가성비 갑 키친크로스, 음쓰통, 그릇, 냄비받침대, 배수망..!❤️‍🔥",똘비 ddolbi,자취하게된다면 하나하나 다 똘민수 할거에요….! 실용적인데 귀여움까지🩷🩵,6,2025-07-05,EUmAefyYqis
1인가구_자취,자취 주방가전 추천,"“내돈내산💸” 문의 많았던 주방용품 추천 2탄!✨ 가성비 갑 키친크로스, 음쓰통, 그릇, 냄비받침대, 배수망..!❤️‍🔥",똘비 ddolbi,"아 진짜 너무 필요한 영상입미다.....
힐링이고요.. 오늘부터 구독자 🩷💚
친절하게 모든 정보 다 알려주셔서 감사해요 
영상 너무 조아요오",6,2025-07-04,EUmAefyYqis
1인가구_자취,자취 주방가전 추천,"“내돈내산💸” 문의 많았던 주방용품 추천 2탄!✨ 가성비 갑 키친크로스, 음쓰통, 그릇, 냄비받침대, 배수망..!❤️‍🔥",똘비 ddolbi,비싼제품들 추천하지 않고 실용적이고 아기자기한 주방용품들 보여주셔서 감사합니다. 덕분에 예쁜주방에 대한 욕심이 다시 생기네요,1,2025-12-11,EUmAefyYqis
1인가구_자취,자취 주방가전 추천,"“내돈내산💸” 문의 많았던 주방용품 추천 2탄!✨ 가성비 갑 키친크로스, 음쓰통, 그릇, 냄비받침대, 배수망..!❤️‍🔥",똘비 ddolbi,"너무너무 귀엽고 사랑스러운 주방이네요
주방 정리 막막했는데 너무 감사합니다❤❤❤❤❤",2,2025-10-12,EUmAefyYqis
1인가구_자취,자취 주방가전 추천,"“내돈내산💸” 문의 많았던 주방용품 추천 2탄!✨ 가성비 갑 키친크로스, 음쓰통, 그릇, 냄비받침대, 배수망..!❤️‍🔥",똘비 ddolbi,우와 집이랑 주방이 너무 깨끗하게 정돈되어 있네요! 요리할 맛 나는 주방.. 저도 자취하면 똘비님처럼 예쁘게 해놓고 살고 싶습니다ㅎㅎ,1,2025-10-27,EUmAefyYqis
1인가구_자취,자취 주방가전 추천,"“내돈내산💸” 문의 많았던 주방용품 추천 2탄!✨ 가성비 갑 키친크로스, 음쓰통, 그릇, 냄비받침대, 배수망..!❤️‍🔥",똘비 ddolbi,시험기간에 한줄기 빛같은 그녀의 영상...❤ 진짜 타이밍 개굳이었다 와,4,2025-06-17,EUmAefyYqis
1인가구_자취,자취 주방가전 추천,"“내돈내산💸” 문의 많았던 주방용품 추천 2탄!✨ 가성비 갑 키친크로스, 음쓰통, 그릇, 냄비받침대, 배수망..!❤️‍🔥",똘비 ddolbi,너무 꼼꼼하게 잘 정리해주셔서 감사합니다! 곧 자취 시작하는데 똘비님 영상 볼 때마다 제 자취 추구미라 너무 설레네용..,0,2026-01-04,EUmAefyYqis
1인가구_자취,자취 주방가전 추천,"“내돈내산💸” 문의 많았던 주방용품 추천 2탄!✨ 가성비 갑 키친크로스, 음쓰통, 그릇, 냄비받침대, 배수망..!❤️‍🔥",똘비 ddolbi,귀여워 당신... 요렇게 아기자기하게 잘 정리해서 살구싶당,0,2025-10-12,EUmAefyYqis
1인가구_자취,자취 주방가전 추천,"“내돈내산💸” 문의 많았던 주방용품 추천 2탄!✨ 가성비 갑 키친크로스, 음쓰통, 그릇, 냄비받침대, 배수망..!❤️‍🔥",똘비 ddolbi,"썸네일에 이끌려 들어왔다가 구독하고가요,,❤ 야무진 주방투어 잘봤오요 ㅎㅎ",0,2025-07-03,EUmAefyYqis
1인가구_자취,자취 주방가전 추천,"“내돈내산💸” 문의 많았던 주방용품 추천 2탄!✨ 가성비 갑 키친크로스, 음쓰통, 그릇, 냄비받침대, 배수망..!❤️‍🔥",똘비 ddolbi,첫 자취로 다이소  쓰고있었는데 땡스소윤이 유명해서 궁금했는데..! 너무 도움됐어요!! 2탄까지 알또랑져요! 촬영하시는 것도 궁금해요!!ㅎ 동선이 너무 깔끔쓰..ㅎ,1,2025-06-22,EUmAefyYqis
1인가구_자취,자취 주방가전 추천,"“내돈내산💸” 문의 많았던 주방용품 추천 2탄!✨ 가성비 갑 키친크로스, 음쓰통, 그릇, 냄비받침대, 배수망..!❤️‍🔥",똘비 ddolbi,영상이 너무 깔끔하고 보기좋아유 ㅠㅠ,0,2026-06-11,EUmAefyYqis
1인가구_자취,자취 주방가전 추천,"“내돈내산💸” 문의 많았던 주방용품 추천 2탄!✨ 가성비 갑 키친크로스, 음쓰통, 그릇, 냄비받침대, 배수망..!❤️‍🔥",똘비 ddolbi,우앙 영상이 귀엽고 차분하게 꿀템들을 알려줘서 좋았어요 핑구스피커에 혹해서 들어왔는데 구독하고가요❤,0,2025-06-22,EUmAefyYqis
1인가구_자취,자취 주방가전 추천,"“내돈내산💸” 문의 많았던 주방용품 추천 2탄!✨ 가성비 갑 키친크로스, 음쓰통, 그릇, 냄비받침대, 배수망..!❤️‍🔥",똘비 ddolbi,"꺄아 너무 기달렸던 주방템 ㅎㅎㅎ
제가 여쭤본 제품이 바로 나오네요
너무 너무 좋은 제품 공유해주셔서 감사해요 ㅎㅎㅎ헤헿 주방이 너무 예뻐서 요리가 더 좋아지는거 같아요😊❤",0,2025-06-24,EUmAefyYqis
1인가구_자취,자취 주방가전 추천,"“내돈내산💸” 문의 많았던 주방용품 추천 2탄!✨ 가성비 갑 키친크로스, 음쓰통, 그릇, 냄비받침대, 배수망..!❤️‍🔥",똘비 ddolbi,이 영상 하나보고 바로 구독했습니다.,3,2025-06-28,EUmAefyYqis
1인가구_자취,자취 주방가전 추천,"“내돈내산💸” 문의 많았던 주방용품 추천 2탄!✨ 가성비 갑 키친크로스, 음쓰통, 그릇, 냄비받침대, 배수망..!❤️‍🔥",똘비 ddolbi,너무 좋아요! 탐나는 물건들 진짜 많네요,0,2025-06-24,EUmAefyYqis
1인가구_자취,자취 주방가전 추천,"“내돈내산💸” 문의 많았던 주방용품 추천 2탄!✨ 가성비 갑 키친크로스, 음쓰통, 그릇, 냄비받침대, 배수망..!❤️‍🔥",똘비 ddolbi,"뭐지,, 멍때리고 보다가 끝까지 봐버렸따,,!",0,2025-11-22,EUmAefyYqis
1인가구_자취,자취 주방가전 추천,"“내돈내산💸” 문의 많았던 주방용품 추천 2탄!✨ 가성비 갑 키친크로스, 음쓰통, 그릇, 냄비받침대, 배수망..!❤️‍🔥",똘비 ddolbi,헐 저랑 아이템이 거의 비슷하네요 미니 스크래퍼에서 웃어버림ㅋㅋ진짜 잘산템들이예요 사용후기도 저랑 비슷해서 진심이 느껴져요 왠지 다른추천템들 솔깃하네요,0,2025-10-19,EUmAefyYqis
1인가구_자취,자취 주방가전 추천,"“내돈내산💸” 문의 많았던 주방용품 추천 2탄!✨ 가성비 갑 키친크로스, 음쓰통, 그릇, 냄비받침대, 배수망..!❤️‍🔥",똘비 ddolbi,저도 쓰고있는 템들이 몇 개 나와서 반가워요!!! 특히 저 음쓰통!! 저도 진짜 잘 쓰고 있어요ㅋㅋㅋㅋ다이소 말랑핏 용기도 추천이에요ㅎㅎ,0,2025-06-23,EUmAefyYqis
1인가구_자취,자취 주방가전 추천,"“내돈내산💸” 문의 많았던 주방용품 추천 2탄!✨ 가성비 갑 키친크로스, 음쓰통, 그릇, 냄비받침대, 배수망..!❤️‍🔥",똘비 ddolbi,"핑구 문의 드렸던 사람 중 한명인데 자세히 보여주셔서 넘 좋았어요 😍 
이케아 꿀템이 많이 겹쳐서 똘비님은 저랑 비슷한 것 같으니..! 믿고 다른 제품들도 구매하러 가도 되겠어요!!!! 귀여운 주방템 소개영상 감사합니다 🫶🏻",0,2025-06-21,EUmAefyYqis
1인가구_자취,자취 주방가전 추천,"“내돈내산💸” 문의 많았던 주방용품 추천 2탄!✨ 가성비 갑 키친크로스, 음쓰통, 그릇, 냄비받침대, 배수망..!❤️‍🔥",똘비 ddolbi,키친 크로스 '하슈타'에서 산 핑크 꽃무늬 너무 예뻐요~!,0,2025-12-12,EUmAefyYqis
1인가구_자취,자취 주방가전 추천,"“내돈내산💸” 문의 많았던 주방용품 추천 2탄!✨ 가성비 갑 키친크로스, 음쓰통, 그릇, 냄비받침대, 배수망..!❤️‍🔥",똘비 ddolbi,헉 밥솥도 궁금했는데 없군용😂,0,2025-06-20,EUmAefyYqis
1인가구_자취,자취 주방가전 추천,"“내돈내산💸” 문의 많았던 주방용품 추천 2탄!✨ 가성비 갑 키친크로스, 음쓰통, 그릇, 냄비받침대, 배수망..!❤️‍🔥",똘비 ddolbi,"똘비님 영상이다아~~ 일단 댓글 달고 영상 보는거슨 국룰,,,,🫶",0,2025-06-17,EUmAefyYqis
1인가구_자취,자취 주방가전 추천,"“내돈내산💸” 문의 많았던 주방용품 추천 2탄!✨ 가성비 갑 키친크로스, 음쓰통, 그릇, 냄비받침대, 배수망..!❤️‍🔥",똘비 ddolbi,수저 정보 너무너무너무너무 궁금해요 !!!!!!! 🥹🥹🥹,0,2025-10-09,EUmAefyYqis
1인가구_자취,자취 주방가전 추천,"“내돈내산💸” 문의 많았던 주방용품 추천 2탄!✨ 가성비 갑 키친크로스, 음쓰통, 그릇, 냄비받침대, 배수망..!❤️‍🔥",똘비 ddolbi,정보도 넘 가득이고 색감도 따뜻하고 보고있으면 힐링돼요오,0,2025-06-17,EUmAefyYqis
1인가구_자취,자취 주방가전 추천,"“내돈내산💸” 문의 많았던 주방용품 추천 2탄!✨ 가성비 갑 키친크로스, 음쓰통, 그릇, 냄비받침대, 배수망..!❤️‍🔥",똘비 ddolbi,"ㄱㅇㅇ요...🫶🏻 완전 유용템들로만 소개해주셔서 진짜 뽐뿌 제대로 온다는ㅋㅋㅋㅋㅋㅋ❤ 만간 이케아 털고 와야겠어요,,,🙊",1,2025-06-17,EUmAefyYqis
1인가구_자취,자취 주방가전 추천,"“내돈내산💸” 문의 많았던 주방용품 추천 2탄!✨ 가성비 갑 키친크로스, 음쓰통, 그릇, 냄비받침대, 배수망..!❤️‍🔥",똘비 ddolbi,2탄~!!!🥺 바로 메모장 챙깁니다❤✏️ 자세히 알려줘서 감사해요💗,0,2025-06-18,EUmAefyYqis
1인가구_자취,자취 주방가전 추천,"“내돈내산💸” 문의 많았던 주방용품 추천 2탄!✨ 가성비 갑 키친크로스, 음쓰통, 그릇, 냄비받침대, 배수망..!❤️‍🔥",똘비 ddolbi,"넘 조아하는 유튜버 일위등극 😁
오늘도 똘비님덕에 행복해오",0,2025-06-17,EUmAefyYqis
1인가구_자취,자취 주방가전 추천,"“내돈내산💸” 문의 많았던 주방용품 추천 2탄!✨ 가성비 갑 키친크로스, 음쓰통, 그릇, 냄비받침대, 배수망..!❤️‍🔥",똘비 ddolbi,쓰앵님!! 조명 어떤거 쓰시는지도 궁금합니돵!!,0,2025-11-22,EUmAefyYqis
1인가구_자취,자취 주방가전 추천,"“내돈내산💸” 문의 많았던 주방용품 추천 2탄!✨ 가성비 갑 키친크로스, 음쓰통, 그릇, 냄비받침대, 배수망..!❤️‍🔥",똘비 ddolbi,왔다 똘비님 영상❤❤❤ 냄비받침 진짜 궁금했는데 감사해요 😊,0,2025-06-17,EUmAefyYqis
1인가구_자취,자취 주방가전 추천,"“내돈내산💸” 문의 많았던 주방용품 추천 2탄!✨ 가성비 갑 키친크로스, 음쓰통, 그릇, 냄비받침대, 배수망..!❤️‍🔥",똘비 ddolbi,똘비님 영상 기다렸어요!! 감성과 귀여움이 공존하는 주방이네요❤ 주방 정리까지 오늘도 배우고 갑니다ㅎㅎ,0,2025-06-18,EUmAefyYqis
1인가구_자취,자취 주방가전 추천,"“내돈내산💸” 문의 많았던 주방용품 추천 2탄!✨ 가성비 갑 키친크로스, 음쓰통, 그릇, 냄비받침대, 배수망..!❤️‍🔥",똘비 ddolbi,기다렸어요❤❤,1,2025-06-17,EUmAefyYqis
1인가구_자취,자취 주방가전 추천,"“내돈내산💸” 문의 많았던 주방용품 추천 2탄!✨ 가성비 갑 키친크로스, 음쓰통, 그릇, 냄비받침대, 배수망..!❤️‍🔥",똘비 ddolbi,요즘 똘비님 보면서 힐링해요 느므 조으아...💃❤️❤️,1,2025-06-18,EUmAefyYqis
1인가구_자취,자취 주방가전 추천,"“내돈내산💸” 문의 많았던 주방용품 추천 2탄!✨ 가성비 갑 키친크로스, 음쓰통, 그릇, 냄비받침대, 배수망..!❤️‍🔥",똘비 ddolbi,"진짜 하나하나 다 갖구싶다요,,, 너무 감사해용 🥰",0,2025-06-20,EUmAefyYqis
1인가구_자취,자취 주방가전 추천,"“내돈내산💸” 문의 많았던 주방용품 추천 2탄!✨ 가성비 갑 키친크로스, 음쓰통, 그릇, 냄비받침대, 배수망..!❤️‍🔥",똘비 ddolbi,꺅 진짜 오래기다린 똘비님 주방용품들..🥹🥹 손민수하다가 텅장 될 거 같지만 다 갬성넘치고 귀여워요❤,0,2025-06-18,EUmAefyYqis
1인가구_자취,자취 주방가전 추천,"“내돈내산💸” 문의 많았던 주방용품 추천 2탄!✨ 가성비 갑 키친크로스, 음쓰통, 그릇, 냄비받침대, 배수망..!❤️‍🔥",똘비 ddolbi,어쩜 이렇게 야무지신건가요 바로 똘비님 손민수가 되. 💸💸,1,2025-06-17,EUmAefyYqis
1인가구_자취,자취 주방가전 추천,"“내돈내산💸” 문의 많았던 주방용품 추천 2탄!✨ 가성비 갑 키친크로스, 음쓰통, 그릇, 냄비받침대, 배수망..!❤️‍🔥",똘비 ddolbi,어쩜 혼자 사셔도 일케 알콩달콩 예쁘게 해놓고 음식 만드시나요!!!👍똘비님  음식영상도 기둘리고 있어요 오늘 저녁도 편하게 보내세요!!,1,2025-06-17,EUmAefyYqis
1인가구_자취,자취 주방가전 추천,"“내돈내산💸” 문의 많았던 주방용품 추천 2탄!✨ 가성비 갑 키친크로스, 음쓰통, 그릇, 냄비받침대, 배수망..!❤️‍🔥",똘비 ddolbi,댓글로 부탁드렸었는데 너무 자세하게 알려주셔서 감사해용 ❤️🫧,0,2025-06-21,EUmAefyYqis
1인가구_자취,자취 주방가전 추천,"“내돈내산💸” 문의 많았던 주방용품 추천 2탄!✨ 가성비 갑 키친크로스, 음쓰통, 그릇, 냄비받침대, 배수망..!❤️‍🔥",똘비 ddolbi,너무좋아요…..💗💗 핑구 진짜 넘 귀여워요 소유하고싶은 주방 ㅠㅠㅠ….😮,0,2025-06-17,EUmAefyYqis
1인가구_자취,자취 주방가전 추천,"“내돈내산💸” 문의 많았던 주방용품 추천 2탄!✨ 가성비 갑 키친크로스, 음쓰통, 그릇, 냄비받침대, 배수망..!❤️‍🔥",똘비 ddolbi,똘비님 영상 기다렸어요오오오오오,0,2025-06-17,EUmAefyYqis
1인가구_자취,자취 주방가전 추천,"“내돈내산💸” 문의 많았던 주방용품 추천 2탄!✨ 가성비 갑 키친크로스, 음쓰통, 그릇, 냄비받침대, 배수망..!❤️‍🔥",똘비 ddolbi,"너어무 좋아요! 영상 감사합니다. 저희집 부엌선반은 너무 깊어서 고민이에요 ㅠㅠ
자세한 설명들 너무 도움돼요!",0,2025-06-17,EUmAefyYqis
1인가구_자취,자취 주방가전 추천,"“내돈내산💸” 문의 많았던 주방용품 추천 2탄!✨ 가성비 갑 키친크로스, 음쓰통, 그릇, 냄비받침대, 배수망..!❤️‍🔥",똘비 ddolbi,자세한 설명이 많은 도움이 됐어요~ 구독해요❤,1,2025-06-29,EUmAefyYqis
1인가구_자취,자취 주방가전 추천,"“내돈내산💸” 문의 많았던 주방용품 추천 2탄!✨ 가성비 갑 키친크로스, 음쓰통, 그릇, 냄비받침대, 배수망..!❤️‍🔥",똘비 ddolbi,꺅❤1빠로 왔어용~ 똘비님 영상만 기다린답니당,0,2025-06-17,EUmAefyYqis
1인가구_자취,자취 주방가전 추천,"“내돈내산💸” 문의 많았던 주방용품 추천 2탄!✨ 가성비 갑 키친크로스, 음쓰통, 그릇, 냄비받침대, 배수망..!❤️‍🔥",똘비 ddolbi,2빠..!! 1분전! 선 댓글 후 영상 감상할께용 드디어 기다리던 주방용품 2탄❤ 유용한 물건 있으면 참고해서 사볼께용 이번 영상으로 주방용품 궁금증을 다 풀수 있었어요 항상 예쁘고 유용한 영상 올려주셔서 감사해용🍀,0,2025-06-17,EUmAefyYqis
1인가구_자취,자취 주방가전 추천,"통장 틀어막는 찐 주방용품 추천, 주방투어🥣✨ㅣ요청 많았던 도마, 냄비, 후라이팬, 그릇, 냄비, 소분용기🤍",똘비 ddolbi,혼자서 잘해먹고 사시는것도 보기좋구 뽀짝뽀짝 귀여운 영상 힐링됩니당..,27,2025-05-20,LLnxod_rrtQ
1인가구_자취,자취 주방가전 추천,"통장 틀어막는 찐 주방용품 추천, 주방투어🥣✨ㅣ요청 많았던 도마, 냄비, 후라이팬, 그릇, 냄비, 소분용기🤍",똘비 ddolbi,2탄도 냉큼 낉여오거라~!~!,77,2025-05-10,LLnxod_rrtQ
1인가구_자취,자취 주방가전 추천,"통장 틀어막는 찐 주방용품 추천, 주방투어🥣✨ㅣ요청 많았던 도마, 냄비, 후라이팬, 그릇, 냄비, 소분용기🤍",똘비 ddolbi,그냥 용품소개 영상인데 왤케 행복하고 힐링되지..😊,4,2026-03-25,LLnxod_rrtQ
1인가구_자취,자취 주방가전 추천,"통장 틀어막는 찐 주방용품 추천, 주방투어🥣✨ㅣ요청 많았던 도마, 냄비, 후라이팬, 그릇, 냄비, 소분용기🤍",똘비 ddolbi,이분 영상만 보면 자취하고 싶다는 생각이 진짜 하늘을 찌릅니다….. ㅜㅜ 항상 잘 챙겨보고 있어요!!❤,13,2025-05-10,LLnxod_rrtQ
1인가구_자취,자취 주방가전 추천,"통장 틀어막는 찐 주방용품 추천, 주방투어🥣✨ㅣ요청 많았던 도마, 냄비, 후라이팬, 그릇, 냄비, 소분용기🤍",똘비 ddolbi,헉 너무 좋아요~ 다음에는 식재료 소분하는거도 영상찍어주세요! 냉장고 수납 어떻게 하시는지도 알려주세요!! 😊 너무너무 궁금해요!,17,2025-05-10,LLnxod_rrtQ
1인가구_자취,자취 주방가전 추천,"통장 틀어막는 찐 주방용품 추천, 주방투어🥣✨ㅣ요청 많았던 도마, 냄비, 후라이팬, 그릇, 냄비, 소분용기🤍",똘비 ddolbi,채반은 어디거에요?? 커서 활용도 너무좋아보여요,12,2025-12-17,LLnxod_rrtQ
1인가구_자취,자취 주방가전 추천,"통장 틀어막는 찐 주방용품 추천, 주방투어🥣✨ㅣ요청 많았던 도마, 냄비, 후라이팬, 그릇, 냄비, 소분용기🤍",똘비 ddolbi,주방용품 넘쳐나면서 또 이거 보고 사고 싶어지는 ㅜㅜ,1,2025-11-22,LLnxod_rrtQ
1인가구_자취,자취 주방가전 추천,"통장 틀어막는 찐 주방용품 추천, 주방투어🥣✨ㅣ요청 많았던 도마, 냄비, 후라이팬, 그릇, 냄비, 소분용기🤍",똘비 ddolbi,2탄때 수저통도 알려쥬세요....수저통 물때로 고통받고 있어요ㅋㅋㅋㅋ큐,2,2025-06-09,LLnxod_rrtQ
1인가구_자취,자취 주방가전 추천,"통장 틀어막는 찐 주방용품 추천, 주방투어🥣✨ㅣ요청 많았던 도마, 냄비, 후라이팬, 그릇, 냄비, 소분용기🤍",똘비 ddolbi,2탄 급구요❤,0,2025-06-06,LLnxod_rrtQ
1인가구_자취,자취 주방가전 추천,"통장 틀어막는 찐 주방용품 추천, 주방투어🥣✨ㅣ요청 많았던 도마, 냄비, 후라이팬, 그릇, 냄비, 소분용기🤍",똘비 ddolbi,영상이 너무 알차요..♡,0,2025-11-13,LLnxod_rrtQ
1인가구_자취,자취 주방가전 추천,"통장 틀어막는 찐 주방용품 추천, 주방투어🥣✨ㅣ요청 많았던 도마, 냄비, 후라이팬, 그릇, 냄비, 소분용기🤍",똘비 ddolbi,오덴세 그릇이 너무예쁘네요~~😯,0,2025-07-09,LLnxod_rrtQ
1인가구_자취,자취 주방가전 추천,"통장 틀어막는 찐 주방용품 추천, 주방투어🥣✨ㅣ요청 많았던 도마, 냄비, 후라이팬, 그릇, 냄비, 소분용기🤍",똘비 ddolbi,이거자나요❤❤❤❤ 너무 기다렸어요 몽글몽글한 또비님 영상 잘볼게요💗,1,2025-05-10,LLnxod_rrtQ
1인가구_자취,자취 주방가전 추천,"통장 틀어막는 찐 주방용품 추천, 주방투어🥣✨ㅣ요청 많았던 도마, 냄비, 후라이팬, 그릇, 냄비, 소분용기🤍",똘비 ddolbi,우왕 제일 기다렸던 영상이에요 !!! 잘 보겠습니다 😽🤩💛,0,2025-05-10,LLnxod_rrtQ
1인가구_자취,자취 주방가전 추천,"통장 틀어막는 찐 주방용품 추천, 주방투어🥣✨ㅣ요청 많았던 도마, 냄비, 후라이팬, 그릇, 냄비, 소분용기🤍",똘비 ddolbi,와 귀한 영상.. 주방용품 추천이라니 ㅠㅠㅠ 너무 고마워요,0,2025-05-10,LLnxod_rrtQ
1인가구_자취,자취 주방가전 추천,"통장 틀어막는 찐 주방용품 추천, 주방투어🥣✨ㅣ요청 많았던 도마, 냄비, 후라이팬, 그릇, 냄비, 소분용기🤍",똘비 ddolbi,끼야야앗 기다렸어요❤❤❤ 오늘 영상도 잘 보겠습니다,0,2025-05-10,LLnxod_rrtQ
1인가구_자취,자취 주방가전 추천,"통장 틀어막는 찐 주방용품 추천, 주방투어🥣✨ㅣ요청 많았던 도마, 냄비, 후라이팬, 그릇, 냄비, 소분용기🤍",똘비 ddolbi,이 영상 기다렸어요!!!! 감사해요!!!,0,2025-05-10,LLnxod_rrtQ
1인가구_자취,자취 주방가전 추천,"통장 틀어막는 찐 주방용품 추천, 주방투어🥣✨ㅣ요청 많았던 도마, 냄비, 후라이팬, 그릇, 냄비, 소분용기🤍",똘비 ddolbi,잘 볼게요!!! 요새 삶의 낙이에요!!! 맛있게 식사하시는 모습에 저도 같이 행복해져요!!!!,0,2025-05-10,LLnxod_rrtQ
1인가구_자취,자취 주방가전 추천,"통장 틀어막는 찐 주방용품 추천, 주방투어🥣✨ㅣ요청 많았던 도마, 냄비, 후라이팬, 그릇, 냄비, 소분용기🤍",똘비 ddolbi,기다렸어요ㅠㅠ,0,2025-05-10,LLnxod_rrtQ
1인가구_자취,자취 주방가전 추천,"통장 틀어막는 찐 주방용품 추천, 주방투어🥣✨ㅣ요청 많았던 도마, 냄비, 후라이팬, 그릇, 냄비, 소분용기🤍",똘비 ddolbi,헐 안그래도 주방용품 쓰시는거 너무 궁금했는데 제 마음을 어찌 아시고 !!!!!☺️,1,2025-05-10,LLnxod_rrtQ
1인가구_자취,자취 주방가전 추천,"통장 틀어막는 찐 주방용품 추천, 주방투어🥣✨ㅣ요청 많았던 도마, 냄비, 후라이팬, 그릇, 냄비, 소분용기🤍",똘비 ddolbi,요즘 제 최애 유튜버세요..❤ 2탄 너무 기대합미댜 취향도 비슷하구 영상 느낌도 너무 힐링이에요ㅜ.ㅜ,0,2025-05-25,LLnxod_rrtQ
1인가구_자취,자취 주방가전 추천,"통장 틀어막는 찐 주방용품 추천, 주방투어🥣✨ㅣ요청 많았던 도마, 냄비, 후라이팬, 그릇, 냄비, 소분용기🤍",똘비 ddolbi,갑자기 알고리즘에떠서 봤는데 정말 힐링되네요. 구독하고 갑니다ㅎㅎ 앞으로도 좋은영상 부탁드려요☺️,0,2025-05-14,LLnxod_rrtQ
1인가구_자취,자취 주방가전 추천,"통장 틀어막는 찐 주방용품 추천, 주방투어🥣✨ㅣ요청 많았던 도마, 냄비, 후라이팬, 그릇, 냄비, 소분용기🤍",똘비 ddolbi,영상보고 구독했어요! 2탄도 기다릴게요!,0,2025-05-11,LLnxod_rrtQ
1인가구_자취,자취 주방가전 추천,"통장 틀어막는 찐 주방용품 추천, 주방투어🥣✨ㅣ요청 많았던 도마, 냄비, 후라이팬, 그릇, 냄비, 소분용기🤍",똘비 ddolbi,어머어머어머!!!!!!! 선물같은 영상이어요!!!!!,0,2025-05-12,LLnxod_rrtQ
1인가구_자취,자취 주방가전 추천,"통장 틀어막는 찐 주방용품 추천, 주방투어🥣✨ㅣ요청 많았던 도마, 냄비, 후라이팬, 그릇, 냄비, 소분용기🤍",똘비 ddolbi,우왕 기다렸짜냐요~~~~~~~~❤,0,2025-05-10,LLnxod_rrtQ
1인가구_자취,자취 주방가전 추천,"통장 틀어막는 찐 주방용품 추천, 주방투어🥣✨ㅣ요청 많았던 도마, 냄비, 후라이팬, 그릇, 냄비, 소분용기🤍",똘비 ddolbi,2탄 기다릴게용~~~~,0,2025-05-11,LLnxod_rrtQ
1인가구_자취,자취 주방가전 추천,"통장 틀어막는 찐 주방용품 추천, 주방투어🥣✨ㅣ요청 많았던 도마, 냄비, 후라이팬, 그릇, 냄비, 소분용기🤍",똘비 ddolbi,상세한 정보 고맙습니다🫶🏻 똘비님 따라서 예쁜 그릇에 밥 해먹는 그날까지ㅎㅎㅎ 일단 영상으로 대리만족 중,0,2025-05-10,LLnxod_rrtQ
1인가구_자취,자취 주방가전 추천,"통장 틀어막는 찐 주방용품 추천, 주방투어🥣✨ㅣ요청 많았던 도마, 냄비, 후라이팬, 그릇, 냄비, 소분용기🤍",똘비 ddolbi,헉 똘비님의 주방템들이라니!! 전부터 넘 예쁜 것들이 많아서 다 알고싶었는데 이렇게 알려주시다니💖 완죤 럭키비키자낭💚,0,2025-05-10,LLnxod_rrtQ
1인가구_자취,자취 주방가전 추천,"통장 틀어막는 찐 주방용품 추천, 주방투어🥣✨ㅣ요청 많았던 도마, 냄비, 후라이팬, 그릇, 냄비, 소분용기🤍",똘비 ddolbi,오..안그래도 보면서 접시 너무 탐났었는데 시라쿠스 사러 가야겠다요..💗,0,2025-05-10,LLnxod_rrtQ
1인가구_자취,자취 주방가전 추천,"통장 틀어막는 찐 주방용품 추천, 주방투어🥣✨ㅣ요청 많았던 도마, 냄비, 후라이팬, 그릇, 냄비, 소분용기🤍",똘비 ddolbi,"대박 ㅠㅠㅠㅠ 이렇게까지 꼼꼼하게 담아주시다닛 ㅠㅠㅠ 감사합니당! 2탄 무조건 가즈아~~~!!!
2탄 예고?에 살짝 나온 레시피노트 똘비님꺼 보고 따라샀는데 ㅎㅎㅎㅎㅎ 히히 😊",0,2025-05-10,LLnxod_rrtQ
1인가구_자취,자취 주방가전 추천,"통장 틀어막는 찐 주방용품 추천, 주방투어🥣✨ㅣ요청 많았던 도마, 냄비, 후라이팬, 그릇, 냄비, 소분용기🤍",똘비 ddolbi,똘비.. 못하는 게 뭐야..,0,2025-05-10,LLnxod_rrtQ
1인가구_자취,자취 주방가전 추천,"통장 틀어막는 찐 주방용품 추천, 주방투어🥣✨ㅣ요청 많았던 도마, 냄비, 후라이팬, 그릇, 냄비, 소분용기🤍",똘비 ddolbi,2탄주새요!!!! 귀여웅거잔뜩 ㅜㅜ,0,2025-05-10,LLnxod_rrtQ
1인가구_자취,자취 주방가전 추천,"통장 틀어막는 찐 주방용품 추천, 주방투어🥣✨ㅣ요청 많았던 도마, 냄비, 후라이팬, 그릇, 냄비, 소분용기🤍",똘비 ddolbi,넘 야무지고 귀여워요❤,0,2025-05-10,LLnxod_rrtQ
1인가구_자취,자취 주방가전 추천,"통장 틀어막는 찐 주방용품 추천, 주방투어🥣✨ㅣ요청 많았던 도마, 냄비, 후라이팬, 그릇, 냄비, 소분용기🤍",똘비 ddolbi,자취생의 가슴을 뛰게하는 영상이에요!!! 2탄도 궁금합니다❤ 애정하시는 커틀러리나 테이블보 영상도 궁금해요오,0,2025-05-19,LLnxod_rrtQ
1인가구_자취,자취 주방가전 추천,"통장 틀어막는 찐 주방용품 추천, 주방투어🥣✨ㅣ요청 많았던 도마, 냄비, 후라이팬, 그릇, 냄비, 소분용기🤍",똘비 ddolbi,다음주까지 또 목빠지게 기다리겠어요…🫡🫡,0,2025-05-10,LLnxod_rrtQ
1인가구_자취,자취 주방가전 추천,"통장 틀어막는 찐 주방용품 추천, 주방투어🥣✨ㅣ요청 많았던 도마, 냄비, 후라이팬, 그릇, 냄비, 소분용기🤍",똘비 ddolbi,저번 주에 주방용품 소개 영상 부탁드렸었는데 좋아요랑 댓글 남겨주신걸 이제 봤네요..ㅠㅠ 콘텐츠 감사합니다💙,0,2025-05-15,LLnxod_rrtQ
1인가구_자취,자취 주방가전 추천,"통장 틀어막는 찐 주방용품 추천, 주방투어🥣✨ㅣ요청 많았던 도마, 냄비, 후라이팬, 그릇, 냄비, 소분용기🤍",똘비 ddolbi,똘비님 이번 영상도 잘볼께요! 그동안 궁금했던 주방용품 이번 영상 참고하면서 저도 따라서 구매해볼께요 후후❤️‍🔥 궁금증이 풀린것 같아용 똘비님도 주말 잘보내세요☺️,1,2025-05-10,LLnxod_rrtQ
1인가구_자취,자취 주방가전 추천,"통장 틀어막는 찐 주방용품 추천, 주방투어🥣✨ㅣ요청 많았던 도마, 냄비, 후라이팬, 그릇, 냄비, 소분용기🤍",똘비 ddolbi,종종 쓰시던 스탠팬 정보도 궁금해요,1,2025-10-16,LLnxod_rrtQ
1인가구_자취,자취 주방가전 추천,"통장 틀어막는 찐 주방용품 추천, 주방투어🥣✨ㅣ요청 많았던 도마, 냄비, 후라이팬, 그릇, 냄비, 소분용기🤍",똘비 ddolbi,와 너무 좋아요 영상 지우지말아요 ❤ 감사합니다,0,2025-05-10,LLnxod_rrtQ
1인가구_자취,자취 주방가전 추천,"통장 틀어막는 찐 주방용품 추천, 주방투어🥣✨ㅣ요청 많았던 도마, 냄비, 후라이팬, 그릇, 냄비, 소분용기🤍",똘비 ddolbi,항상 잘보고있어요❤🫡,0,2025-05-11,LLnxod_rrtQ
1인가구_자취,자취 주방가전 추천,"통장 틀어막는 찐 주방용품 추천, 주방투어🥣✨ㅣ요청 많았던 도마, 냄비, 후라이팬, 그릇, 냄비, 소분용기🤍",똘비 ddolbi,어제 마파두부 따라서 만들어먹고 저녁에 이 영상보고 바로 다이소가서 조립식선반 사왔어요ㅎㅎㅎㅎ 매일 영상올라오기를 기다리고있어요❤,0,2025-05-15,LLnxod_rrtQ
1인가구_자취,자취 주방가전 추천,"통장 틀어막는 찐 주방용품 추천, 주방투어🥣✨ㅣ요청 많았던 도마, 냄비, 후라이팬, 그릇, 냄비, 소분용기🤍",똘비 ddolbi,가격도 하나하나 써주다니 홈쇼핑보듯이 손민수할거잇나 집중해서 봣어요😂영상이 정성가득해서 너무너무 재밋당,0,2025-05-11,LLnxod_rrtQ
1인가구_자취,자취 주방가전 추천,"통장 틀어막는 찐 주방용품 추천, 주방투어🥣✨ㅣ요청 많았던 도마, 냄비, 후라이팬, 그릇, 냄비, 소분용기🤍",똘비 ddolbi,노드파스타볼 당장사려구용😊❤❤  울똘비님영상보믄 다사야댐👍🥰👍🥰,1,2025-05-10,LLnxod_rrtQ
1인가구_자취,자취 주방가전 추천,"통장 틀어막는 찐 주방용품 추천, 주방투어🥣✨ㅣ요청 많았던 도마, 냄비, 후라이팬, 그릇, 냄비, 소분용기🤍",똘비 ddolbi,주방 간접등도 궁금한데 혹시 정보 알려주실 수 있을까요? 😊,2,2025-05-17,LLnxod_rrtQ
1인가구_자취,자취 주방가전 추천,"통장 틀어막는 찐 주방용품 추천, 주방투어🥣✨ㅣ요청 많았던 도마, 냄비, 후라이팬, 그릇, 냄비, 소분용기🤍",똘비 ddolbi,안녕하세요 영상 잘 보고있어요! 혹시 채반 정보도 알 수 있을까요? 2:20 요 연두부를 감싸고있는 그릇도 궁금함미다..🥹🥹,0,2025-07-04,LLnxod_rrtQ
1인가구_자취,자취 주방가전 추천,"통장 틀어막는 찐 주방용품 추천, 주방투어🥣✨ㅣ요청 많았던 도마, 냄비, 후라이팬, 그릇, 냄비, 소분용기🤍",똘비 ddolbi,테무에서 한번도 구매안해봤는데..!!! 이번에 츄라이해봐야겠네요 ㅎㅎ,0,2025-05-10,LLnxod_rrtQ
1인가구_자취,자취 주방가전 추천,"통장 틀어막는 찐 주방용품 추천, 주방투어🥣✨ㅣ요청 많았던 도마, 냄비, 후라이팬, 그릇, 냄비, 소분용기🤍",똘비 ddolbi,오옷 조리도구 소개해달라고 저번 영상 댓글에 달았는데!! 이렇게 금방 나오다니 > < 개구리 칼갈이 너무 귀여워요♥ 주물냄비 보기보다 비싼 제품이었네요!! 다음 영상 미피도 기다립니다♥♥,0,2025-05-10,LLnxod_rrtQ
1인가구_자취,자취 주방가전 추천,"통장 틀어막는 찐 주방용품 추천, 주방투어🥣✨ㅣ요청 많았던 도마, 냄비, 후라이팬, 그릇, 냄비, 소분용기🤍",똘비 ddolbi,위에 전구 같은것도 소개해주쎄용 ..,1,2025-05-12,LLnxod_rrtQ
1인가구_자취,자취 주방가전 추천,"통장 틀어막는 찐 주방용품 추천, 주방투어🥣✨ㅣ요청 많았던 도마, 냄비, 후라이팬, 그릇, 냄비, 소분용기🤍",똘비 ddolbi,2탄 원해요 ㅠㅠ,0,2025-06-08,LLnxod_rrtQ
1인가구_자취,자취 주방가전 추천,"통장 틀어막는 찐 주방용품 추천, 주방투어🥣✨ㅣ요청 많았던 도마, 냄비, 후라이팬, 그릇, 냄비, 소분용기🤍",똘비 ddolbi,헉 안그래도 똘비님거 보고 저 냄비받침대 샀어요👍 우리집 갬성템... 그동안 궁금했던거 다보여주시네요 ㅋㅋㅋㅋ,0,2025-05-11,LLnxod_rrtQ
1인가구_자취,자취 주방가전 추천,"통장 틀어막는 찐 주방용품 추천, 주방투어🥣✨ㅣ요청 많았던 도마, 냄비, 후라이팬, 그릇, 냄비, 소분용기🤍",똘비 ddolbi,진짜 내 워너비,0,2025-08-28,LLnxod_rrtQ
1인가구_자취,자취 주방가전 추천,🔥이건 진짜 매일 씀! 자취 꿀템 3가지,살림써봄,"실용 + 감성까지 챙긴 '자취 꿀템' 모음👀💙
🪄영상 속 '내돈내산' 제품 확인 방법!
-> 영상 3초 뒤 뜨는 배너 클릭!

안 보이면 동그란 프로필 클릭 후 상단 링크에서도 확인 가능해요🙂

35. 손잡이 앞접시 4p
36. 멀티 육각 시계 타이머
37. 사각 법랑냄비 1.45L + 튀김망 세트",378,2025-04-25,3VXQp2vmN48
1인가구_자취,자취 주방가전 추천,🔥이건 진짜 매일 씀! 자취 꿀템 3가지,살림써봄,보통 이런 추천 영상 보면 가끔씩 광고여도 속아주고 싶을 정도로 괜찮아보이는 게 있어서 살까? 싶다가도 제품 링크 딱 들어가는 순간 가격이 싹바가지 없어서 도망가는데 여기는 가격이 진짜 딱 생활용품 가격이네요.....? 게다가 링크 여러 개 달아두신 데서 신뢰감 무한상승함,992,2025-05-07,3VXQp2vmN48
1인가구_자취,자취 주방가전 추천,🔥이건 진짜 매일 씀! 자취 꿀템 3가지,살림써봄,"와 셋 다 너무 탐 남ㅋㅋㅋ
그냥 집에 있는 앞접시 쓰면 되는데 저 손잡이 하나로 탐나고
타이머도 핸드폰 쓰면 되는데 신기하니까 탐나고
튀김기.. 튀김 자주 안 해먹는데 한 번씩 생각날 때가 있어서 탐나고ㅋㅋ미치겠네ㅋㅋ",462,2025-04-29,3VXQp2vmN48
1인가구_자취,자취 주방가전 추천,🔥이건 진짜 매일 씀! 자취 꿀템 3가지,살림써봄,와ㅠ저 타이머 아이디어ㅠ개좋네,85,2025-04-29,3VXQp2vmN48
1인가구_자취,자취 주방가전 추천,🔥이건 진짜 매일 씀! 자취 꿀템 3가지,살림써봄,와 마지막 튀김할때 너무 좋겠다,251,2025-04-28,3VXQp2vmN48
1인가구_자취,자취 주방가전 추천,🔥이건 진짜 매일 씀! 자취 꿀템 3가지,살림써봄,"튀김은 기름 온도 유지가 어려워서 안하는건데, 미니 기름기인줄 알았음. 아쉽네.",13,2025-07-09,3VXQp2vmN48
1인가구_자취,자취 주방가전 추천,🔥이건 진짜 매일 씀! 자취 꿀템 3가지,살림써봄,앞접시 지금 쓰는 제품인데 진짜 변색안되어서 좋음 4개 한세트라 사람들 놀러왔을때 내놓기도 좋고,22,2025-05-18,3VXQp2vmN48
1인가구_자취,자취 주방가전 추천,🔥이건 진짜 매일 씀! 자취 꿀템 3가지,살림써봄,또 한명의 자취생을 구원하셨군요😂 앞접시 진짜 유용해보임,20,2025-05-04,3VXQp2vmN48
1인가구_자취,자취 주방가전 추천,🔥이건 진짜 매일 씀! 자취 꿀템 3가지,살림써봄,타이머 신박하다,75,2025-04-29,3VXQp2vmN48
1인가구_자취,자취 주방가전 추천,🔥이건 진짜 매일 씀! 자취 꿀템 3가지,살림써봄,튀김기가 사기그릇같아 보이는 착시효과가 있네 ㅋㅋ,5,2025-05-03,3VXQp2vmN48
1인가구_자취,자취 주방가전 추천,🔥이건 진짜 매일 씀! 자취 꿀템 3가지,살림써봄,"3번째 법랑냄비는 진짜 잘쓰고있는1인입니다. 1인분 국요리할때도 최고에용 ㅎㅎ 튀김으러는 안써봤는데 
쿠팡에 법랑냄비치면 저런디자인 똑같은걸로 엄청 많아요 가격 비교해보고 저렴한거 구매 추천",2,2026-01-09,3VXQp2vmN48
1인가구_자취,자취 주방가전 추천,🔥이건 진짜 매일 씀! 자취 꿀템 3가지,살림써봄,오~~ 저 타이머 완전 필요해요~~~,0,2026-06-03,3VXQp2vmN48
1인가구_자취,자취 주방가전 추천,🔥이건 진짜 매일 씀! 자취 꿀템 3가지,살림써봄,범랑 똑같은거 쓰는데 ㄹㅇ 꿀템! 저기다 샐러드해서 먹고 나물해서 먹고 라면도 끓이고 남은 음식 담고..최곱니다,4,2025-05-18,3VXQp2vmN48
1인가구_자취,자취 주방가전 추천,🔥이건 진짜 매일 씀! 자취 꿀템 3가지,살림써봄,좋은정보 감솨요❤,0,2026-03-29,3VXQp2vmN48
1인가구_자취,자취 주방가전 추천,🔥이건 진짜 매일 씀! 자취 꿀템 3가지,살림써봄,"설거지 편하게 생겼네
각도 없고 무겁지도 않고ㅋㅋㅋ",34,2025-04-28,3VXQp2vmN48
1인가구_자취,자취 주방가전 추천,🔥이건 진짜 매일 씀! 자취 꿀템 3가지,살림써봄,집중업무후 5분 휴식 타이머로 딱이네,3,2025-05-01,3VXQp2vmN48
1인가구_자취,자취 주방가전 추천,🔥이건 진짜 매일 씀! 자취 꿀템 3가지,살림써봄,"영상 쭉~다 보고 있는데
도움이 많이 될듯!!!
구독박고 가요~😊",1,2025-05-01,3VXQp2vmN48
1인가구_자취,자취 주방가전 추천,🔥이건 진짜 매일 씀! 자취 꿀템 3가지,살림써봄,손잡이.. 좋아요 잘쓰고있다는...ㅋㅋ 타이머 오..사야겟다,2,2025-04-28,3VXQp2vmN48
1인가구_자취,자취 주방가전 추천,🔥이건 진짜 매일 씀! 자취 꿀템 3가지,살림써봄,오 완전 꿀템 개인적으로 타이머 완전 신기,1,2025-07-02,3VXQp2vmN48
1인가구_자취,자취 주방가전 추천,🔥이건 진짜 매일 씀! 자취 꿀템 3가지,살림써봄,저 타이머 넘 좋아요.,0,2026-01-29,3VXQp2vmN48
1인가구_자취,자취 주방가전 추천,🔥이건 진짜 매일 씀! 자취 꿀템 3가지,살림써봄,타이머 탐나네요!,5,2025-04-28,3VXQp2vmN48
1인가구_자취,자취 주방가전 추천,🔥이건 진짜 매일 씀! 자취 꿀템 3가지,살림써봄,역시 알리는 없는게 없음. !,1,2025-06-27,3VXQp2vmN48
1인가구_자취,자취 주방가전 추천,🔥이건 진짜 매일 씀! 자취 꿀템 3가지,살림써봄,타이머 직관성쩌네요 리뷰도 좋고 평소 시간 관리습관이 좋지못해서 주문해봅니다!! 정보감사해요,0,2025-05-24,3VXQp2vmN48
1인가구_자취,자취 주방가전 추천,🔥이건 진짜 매일 씀! 자취 꿀템 3가지,살림써봄,숫자 타이머 디자인도 이뻐서 탐나네,1,2025-05-01,3VXQp2vmN48
1인가구_자취,자취 주방가전 추천,🔥이건 진짜 매일 씀! 자취 꿀템 3가지,살림써봄,"저 앞접시 엄ㅊ청 좋아요 
빨간기름 카레 등등 물들지도 않고 넘 좋음요 ㅋㅋㅋㅋㅋ",0,2025-04-30,3VXQp2vmN48
1인가구_자취,자취 주방가전 추천,🔥이건 진짜 매일 씀! 자취 꿀템 3가지,살림써봄,진짜 꿀템이네요,1,2025-05-30,3VXQp2vmN48
1인가구_자취,자취 주방가전 추천,🔥이건 진짜 매일 씀! 자취 꿀템 3가지,살림써봄,타이머 예쁘네요~~자취템 좋아요👍👍👍,0,2025-08-23,3VXQp2vmN48
1인가구_자취,자취 주방가전 추천,🔥이건 진짜 매일 씀! 자취 꿀템 3가지,살림써봄,법랑 냄비 탐나네요😊,1,2025-05-18,3VXQp2vmN48
1인가구_자취,자취 주방가전 추천,🔥이건 진짜 매일 씀! 자취 꿀템 3가지,살림써봄,튀김기ㅠㅠ 너무 탐나는데 설거지 할 때나 청소할 때 힘들지 않으세요? 기름 잘 안 닦일까봐 튀김요리 잘 못해먹겠어요ㅠㅠ,0,2025-05-01,3VXQp2vmN48
1인가구_자취,자취 주방가전 추천,🔥이건 진짜 매일 씀! 자취 꿀템 3가지,살림써봄,영상 화질이 너무 좋아요 ㅠㅠ!! 혹시 어떤 카메라 쓰시는지 여쭤봐도 될까요?!,0,2025-07-22,3VXQp2vmN48
1인가구_자취,자취 주방가전 추천,🔥이건 진짜 매일 씀! 자취 꿀템 3가지,살림써봄,콘서트에서 준비해간 응원법 하지도 못하고 아아아아악 꺄흐리아아악 여며 허어어어억 여며만 외치고 왔다는 그 마성의 제이홉 킬린잇걸 무대가 이거란 거지? 나 죽어..😂,0,2025-06-22,3VXQp2vmN48
1인가구_자취,자취 주방가전 추천,🔥이건 진짜 매일 씀! 자취 꿀템 3가지,살림써봄,따봉^^,3,2025-09-29,3VXQp2vmN48
1인가구_자취,자취 주방가전 추천,🔥이건 진짜 매일 씀! 자취 꿀템 3가지,살림써봄,좋은 상품 추천 고맙습니다.,0,2025-05-21,3VXQp2vmN48
1인가구_자취,자취 주방가전 추천,🔥이건 진짜 매일 씀! 자취 꿀템 3가지,살림써봄,와 지우지 말아주세요 너무 유용한 제품같아요..자취할 때 봐야지..,0,2025-05-14,3VXQp2vmN48
1인가구_자취,자취 주방가전 추천,🔥이건 진짜 매일 씀! 자취 꿀템 3가지,살림써봄,"저런 타이머 좋아보이긴 하는데 갤럭시 워치나 핏 타이머도 엄청 간편하고 좋음 양치, 헬스할때 넘나 편한 것",0,2025-10-23,3VXQp2vmN48
1인가구_자취,자취 주방가전 추천,🔥이건 진짜 매일 씀! 자취 꿀템 3가지,살림써봄,자취할때 앞접시 생기면 설거지 늘어나서 잘 안사게되는데 저 튀김 가능한 용기정도면 설거지 해도 될거같다,1,2025-05-01,3VXQp2vmN48
1인가구_자취,자취 주방가전 추천,🔥이건 진짜 매일 씀! 자취 꿀템 3가지,살림써봄,국자 놔둘곳 없었는데 첫번째꺼 사야겠다 앞접시로 쓸수도 있고,0,2025-10-19,3VXQp2vmN48
1인가구_자취,자취 주방가전 추천,🔥이건 진짜 매일 씀! 자취 꿀템 3가지,살림써봄,"허.. 많은 타이머를 가지고 있지만 저거 진짜 직관적이다..좋은데 살짝 아쉬운게 프리셋 지원됐으면 좋겠다는 저는 주로 먹는 제품이 2분 30초, 4분 30초, 8분 제각각인데 이런식으로 육각형 면마다 제가 원하는 시간을 입력해 놓았다면 바로 구매했을듯요.. 아쉽게도 전 1분 5분 10분 이 시간타이머가 쓸모가 없네요 😢",1,2025-05-01,3VXQp2vmN48
1인가구_자취,자취 주방가전 추천,🔥이건 진짜 매일 씀! 자취 꿀템 3가지,살림써봄,튀김 꼬부라지는거 찐 후기네요 ㅎㅎㅎ,0,2025-06-13,3VXQp2vmN48
1인가구_자취,자취 주방가전 추천,🔥이건 진짜 매일 씀! 자취 꿀템 3가지,살림써봄,냄비는 개꿀템이네,1,2025-04-30,3VXQp2vmN48
1인가구_자취,자취 주방가전 추천,🔥이건 진짜 매일 씀! 자취 꿀템 3가지,살림써봄,칫솔 치약 소개도 해주세요!,0,2025-05-10,3VXQp2vmN48
1인가구_자취,자취 주방가전 추천,🔥이건 진짜 매일 씀! 자취 꿀템 3가지,살림써봄,볼수록 사고 싶어짐,0,2025-11-11,3VXQp2vmN48
1인가구_자취,자취 주방가전 추천,🔥이건 진짜 매일 씀! 자취 꿀템 3가지,살림써봄,"저타이머 진짜 조아요!!! 내가쓰는게 추천템이라니 너무 반갑당!!! 
뽀모도로타이머 보다 더 잘쓰게 되더라고요",5,2025-05-06,3VXQp2vmN48
1인가구_자취,자취 주방가전 추천,🔥이건 진짜 매일 씀! 자취 꿀템 3가지,살림써봄,"냄비 샀는데 손잡이가 너무 뜨거워서 잘 안쓰게
되는거 같아요 😢😢😢😢",2,2025-10-18,3VXQp2vmN48
1인가구_자취,자취 주방가전 추천,🔥이건 진짜 매일 씀! 자취 꿀템 3가지,살림써봄,디자인이 예뻐서 사고 싶네요,0,2025-07-05,3VXQp2vmN48
1인가구_자취,자취 주방가전 추천,🔥이건 진짜 매일 씀! 자취 꿀템 3가지,살림써봄,에어프라이어는 같에 식용유 바르고 돌리면 꽤 바삭해집니다,1,2025-07-18,3VXQp2vmN48
1인가구_자취,자취 주방가전 추천,🔥이건 진짜 매일 씀! 자취 꿀템 3가지,살림써봄,이건 ㄹㅇ 개꿀템이네,0,2025-07-13,3VXQp2vmN48
1인가구_자취,자취 주방가전 추천,🔥이건 진짜 매일 씀! 자취 꿀템 3가지,살림써봄,굿,0,2026-04-01,3VXQp2vmN48
1인가구_자취,자취 주방가전 추천,🔥이건 진짜 매일 씀! 자취 꿀템 3가지,살림써봄,영상에 나온 튀김들 정보좀 알 수 있을까요…?,0,2025-05-04,3VXQp2vmN48
1인가구_자취,자취 주방가전 추천,🔥이건 진짜 매일 씀! 자취 꿀템 3가지,살림써봄,타이머는 진짜 좋네,0,2025-05-03,3VXQp2vmN48
1인가구_자취,자취 오븐 추천,가정용 오븐 장단점 비교🔥소형 오븐으로 빵 잘 굽는법 | 오븐 사기 전에 꼭 보세요,하오니의 빵탐험 Haoni,"여러분은 어떤 오븐을 쓰고 계신가요?! 만족하는 점이나 아쉬운 점은 무엇인지도 궁금합니다ㅎㅎ
처음 베이킹을 시작하려 하신다면 어떤 오븐을 고민중이신지도 알려주세요!! 써본거면 팁을 드리겠습니다💪",10,2025-08-06,j__cE_fz8Lc
1인가구_자취,자취 오븐 추천,가정용 오븐 장단점 비교🔥소형 오븐으로 빵 잘 굽는법 | 오븐 사기 전에 꼭 보세요,하오니의 빵탐험 Haoni,"가정용 오븐의 단점은 기계적으로 특히 부품들이 상당히 애매합니다. 제조사는 값싼 부품을 사용하는데 이게 오븐의 수명을 짧게한다는 것입니다. 예를 들어 오븐내부 열선의 스위치 역활을 하는 중저가 릴레이 부품의 경우 릴레이 내부 스위치가 10만회~30만회 접촉을 하면 수명을 다 합니다. 뭐 고가의 제품은 50만회~100만회도 보장을 하는 것이죠, 그리고 열을 많이 올리지 못하는 큰 이유도 부품의 온도에 대한 내구성 부족과 설계의 단순성으로 인해 충분한 전력을 원활이 공급하지 못하기 때문이죠.
요즘 디지털 오븐 가장 큰 단점은 디지털 전자 부품이 많이 꼽혀있는  PCB패널 기판이 오븐 내부의 열기와 습도의 영향으로 기판의 변형이 오고, 납땜의 들뜸현상이나 부품 자체의 열화등으로 인해 아날로그 부품들 보다 수명이 짧을 수 있습니다. 전자 제품은 제조사가 요즘은 특히 부품의 원가 절감으로 인해 대략적인 수명이 정해져서 나옵니다. 이 것도 하나의 상술이겠지만,,,미국에 100넘게 계속 불을 밝히고 있는 전구가 있음에도 그리고 양말도 구멍나지 않게 만들수 있지만 제조사가 제품수명을 계속 짧게 만들고 있습니다. 뭐 외국의 금손들은 이런 가정용 오븐의 허접한 부품을 고성능 부품으로 교체해 사용하는 분들도 있다곤 하지만...우린 있는 걸로 최대한 버티자 버티자😅 그럼 수고하세요. 
P.S 수명을 장담하지 못하기에 오븐은 중고로 사지 마시길 !!!",24,2025-11-14,j__cE_fz8Lc
1인가구_자취,자취 오븐 추천,가정용 오븐 장단점 비교🔥소형 오븐으로 빵 잘 굽는법 | 오븐 사기 전에 꼭 보세요,하오니의 빵탐험 Haoni,하면 할 수록 그냥 큰 오븐이 갖고 싶어요 ㅋㅋㅋ,11,2025-08-09,j__cE_fz8Lc
1인가구_자취,자취 오븐 추천,가정용 오븐 장단점 비교🔥소형 오븐으로 빵 잘 굽는법 | 오븐 사기 전에 꼭 보세요,하오니의 빵탐험 Haoni,진짜 너무너무 원했던 정보였어요 막상 하드계열에 관한 가정용 오븐정보는 없고 제과만 있어서 너무 아쉬웠거든요 감사합니다..❤,17,2025-08-05,j__cE_fz8Lc
1인가구_자취,자취 오븐 추천,가정용 오븐 장단점 비교🔥소형 오븐으로 빵 잘 굽는법 | 오븐 사기 전에 꼭 보세요,하오니의 빵탐험 Haoni,저도 꽤 오랜기간 열선오븐으로만 빵을 굽는 사람으로서 영상 너무 재밌게 봤습니다.  홈베이커로서의 성향도 있겠지만 내가 가진 장비에 대한 이해와 실력향상이 우선됨을 강조해주신 부분이 너무 제가 가진 오븐에 대한 생각과 일치해서 반갑고 좋았습니다.,9,2025-08-18,j__cE_fz8Lc
1인가구_자취,자취 오븐 추천,가정용 오븐 장단점 비교🔥소형 오븐으로 빵 잘 굽는법 | 오븐 사기 전에 꼭 보세요,하오니의 빵탐험 Haoni,에어프라이어로 포카치아. 치아바타. 쿠키. 피자. 다 구워요 ㅋ. 이거 망가지면 위즈엘 사봐야겠어요.,7,2025-11-01,j__cE_fz8Lc
1인가구_자취,자취 오븐 추천,가정용 오븐 장단점 비교🔥소형 오븐으로 빵 잘 굽는법 | 오븐 사기 전에 꼭 보세요,하오니의 빵탐험 Haoni,단계적으로 올렸더니 집에 오븐이 몇 개..  집에 있는 걸로 시작했으면 버티다가 저처럼 하드빵이 목표이신 분들은 바로 고사양으로 넘어가시는게 좋을 것 같습니다. 아님 중간단계는 중고로 사시던지요. 집에 알리피자오븐 레브젠 베닉스 있어요. 이제 당근해야죠,5,2025-08-09,j__cE_fz8Lc
1인가구_자취,자취 오븐 추천,가정용 오븐 장단점 비교🔥소형 오븐으로 빵 잘 굽는법 | 오븐 사기 전에 꼭 보세요,하오니의 빵탐험 Haoni,전 에어프라이어로 깜빠뉴 바게트 다 굽고 있어요,17,2025-09-26,j__cE_fz8Lc
1인가구_자취,자취 오븐 추천,가정용 오븐 장단점 비교🔥소형 오븐으로 빵 잘 굽는법 | 오븐 사기 전에 꼭 보세요,하오니의 빵탐험 Haoni,하오님 영상보고 구매여부 확실해 졌어요. 감사합니다.,0,2026-01-19,j__cE_fz8Lc
1인가구_자취,자취 오븐 추천,가정용 오븐 장단점 비교🔥소형 오븐으로 빵 잘 굽는법 | 오븐 사기 전에 꼭 보세요,하오니의 빵탐험 Haoni,저도 십여년 전에 사서 전자레인지로만 사용하던 복합기로 식빵 모카빵 굽기 시작했습니다. 반죽기는 사치다 하여 접었던 빵을 요즘엔 무반죽 레시피가 많아졌더라구요^^오븐 기능을 깨워 ㅋ굽기 시작했습니다.이게 되다니~오븐 높이가 젤 단점이라 쿠킹호일 여러겹으로 윗불과 싸우고 있답니다. 앞으로 여기에서 여러가지 팁 배워가야겠네요. 감사해요!!,6,2025-08-05,j__cE_fz8Lc
1인가구_자취,자취 오븐 추천,가정용 오븐 장단점 비교🔥소형 오븐으로 빵 잘 굽는법 | 오븐 사기 전에 꼭 보세요,하오니의 빵탐험 Haoni,"완전 좋은 정보입니다!!
제 실력에 좋은 오븐은 사치죠…😅
실력을 늘리면서 사양도 업그레이드 하는게 맞는거 같아요!!",1,2026-01-02,j__cE_fz8Lc
1인가구_자취,자취 오븐 추천,가정용 오븐 장단점 비교🔥소형 오븐으로 빵 잘 굽는법 | 오븐 사기 전에 꼭 보세요,하오니의 빵탐험 Haoni,너무 필요한 영상이었어요!,14,2025-08-05,j__cE_fz8Lc
1인가구_자취,자취 오븐 추천,가정용 오븐 장단점 비교🔥소형 오븐으로 빵 잘 굽는법 | 오븐 사기 전에 꼭 보세요,하오니의 빵탐험 Haoni,"하드빵 러버라 그런쪽 영상 많이 보는데 가끔 유튜브 댓글 보면 
이건 곧죽어도 오븐 때문에 집에선 안되는 종류의 빵이니까 포기하라는 댓글 있어서 
그런 댓글 보고 포기하는 사람들 진짜 너무 안타까웠던 생각이 다시 나네요 
여러모로 고민과 궁리와 숙달이 필요한 분야긴 하지만, 
반대로 말하면 그런 선배들의 경험들로 인해 고민 궁리 숙달이 있으면 집에서도 충분히 맘에 드는 빵이 나올 수 있다는 게 증명된 건데 말이죠ㅎㅎ",2,2026-02-21,j__cE_fz8Lc
1인가구_자취,자취 오븐 추천,가정용 오븐 장단점 비교🔥소형 오븐으로 빵 잘 굽는법 | 오븐 사기 전에 꼭 보세요,하오니의 빵탐험 Haoni,"오븐선택은 성격하고도 맞닿아 있다는 생각인데요 저는..
실패하거나 의도한대로 똑같이 나오지 않아도 그닥 스트레스받지 않아요 ^^ 그냥 저의 오븐과 능력을 겸허히  받아들이고 방법을 살짝 바꿔가며 다양한 시도를 해봅니다
하오니님 채널을 구독하는 이유도 같은 열선 오븐을 사용하셔서 저처럼 베이킹을 오래한 사람도 도움이 진짜 많이 되거든요
온도 훅 떨어지는 점 때문에 가끔 욕나오지만ㅋ 열선오븐 17년째 사용중입니다 댓글 읽어보니 다들 비슷한 고민을 가진 동지들이 이렇게나 많다니..놀랍고 반갑네요",4,2025-08-10,j__cE_fz8Lc
1인가구_자취,자취 오븐 추천,가정용 오븐 장단점 비교🔥소형 오븐으로 빵 잘 굽는법 | 오븐 사기 전에 꼭 보세요,하오니의 빵탐험 Haoni,공감100%,1,2025-08-05,j__cE_fz8Lc
1인가구_자취,자취 오븐 추천,가정용 오븐 장단점 비교🔥소형 오븐으로 빵 잘 굽는법 | 오븐 사기 전에 꼭 보세요,하오니의 빵탐험 Haoni,저도 8만원짜리 가정용오븐 20리터짜리 쓰는데 다 해먹어요! 심지어 맛있게 잘됨 ㅋㅋㅋ 바게트는 좀 아쉽게 되긴 하는데 포카치아 피자 쿠키 머핀 등등은 다 잘 돼요!,4,2025-08-16,j__cE_fz8Lc
1인가구_자취,자취 오븐 추천,가정용 오븐 장단점 비교🔥소형 오븐으로 빵 잘 굽는법 | 오븐 사기 전에 꼭 보세요,하오니의 빵탐험 Haoni,"7만원 열선 오븐 거진 10년째 쓰고있는 사람으로서... 🥲 너무 감동적인 영상이내요.. 전국의 저예산 빵쟁이들이여 단결하라..
하오니는 신이다..",8,2025-08-06,j__cE_fz8Lc
1인가구_자취,자취 오븐 추천,가정용 오븐 장단점 비교🔥소형 오븐으로 빵 잘 굽는법 | 오븐 사기 전에 꼭 보세요,하오니의 빵탐험 Haoni,하오니님 망원동 베이글 맛집 처럼 화이트베이글? 과일산도도 부탁드려봐요ㅠㅠ,1,2025-08-07,j__cE_fz8Lc
1인가구_자취,자취 오븐 추천,가정용 오븐 장단점 비교🔥소형 오븐으로 빵 잘 굽는법 | 오븐 사기 전에 꼭 보세요,하오니의 빵탐험 Haoni,"우리집은 홈쇼핑으로 사은품으로 준 열선오븐 사용중
고장 안나고 잘 쓰고 있습니다",1,2025-08-06,j__cE_fz8Lc
1인가구_자취,자취 오븐 추천,가정용 오븐 장단점 비교🔥소형 오븐으로 빵 잘 굽는법 | 오븐 사기 전에 꼭 보세요,하오니의 빵탐험 Haoni,"완전공감...
저 지금 에프 오븐형 쓰는데 깜빠뉴 구워 먹거든요. 식빵이랑...
항상 빵이 너무 쫄깃? 해서 온도땜에 그런가 했는데 르쿠르제 주물냄비를 충분히 예열해서 구우니 누룽지 냄새와 맛이 나는 깜빠뉴가 나왔어요!
가끔 지에라 우녹스 넉넉한 오븐 쓰시는 분들 부럽지만.. 그래도 100%는 아니어도 제가 좋아하는 포카치아 치아바타 깜빠뉴 구워 먹으니 좋아요 ^^",12,2025-08-06,j__cE_fz8Lc
1인가구_자취,자취 오븐 추천,가정용 오븐 장단점 비교🔥소형 오븐으로 빵 잘 굽는법 | 오븐 사기 전에 꼭 보세요,하오니의 빵탐험 Haoni,저는 오븐형에프로만 쓰다가 결과물도 만족스럽지못하고 또 보내줄때가 되어 첫오븐으로 리빙웰 스팀오븐 구매했습니다 에프만쓰다가 오븐쓰니 확실히 결과물과 만족도가 너무 올라가서 행복한요즘입니다😊,2,2025-08-12,j__cE_fz8Lc
1인가구_자취,자취 오븐 추천,가정용 오븐 장단점 비교🔥소형 오븐으로 빵 잘 굽는법 | 오븐 사기 전에 꼭 보세요,하오니의 빵탐험 Haoni,당근에서 만원 주고 산 미니 오븐으로도 빵은 맛있게 되더라고요 ㅋㅋㅋㅋ (대신 제과류는 조금 어렵긴 해요),0,2025-09-27,j__cE_fz8Lc
1인가구_자취,자취 오븐 추천,가정용 오븐 장단점 비교🔥소형 오븐으로 빵 잘 굽는법 | 오븐 사기 전에 꼭 보세요,하오니의 빵탐험 Haoni,"생생한 경험담 감사해요.  
  솔직히 빵배울때 시험 볼때 살짝쿵 빵집일했을때 데크오븐 탐나죠  일단 안정적인 오븐 스프링에 정확도 있는 온도관리 스팀까지  ... 하지만 업장용은 에나더라 선그어야해요. 가정용으로 할땐 레시피보다 물을 좀더 넣어야 되더라구요 아니면 빵이 쿠키가 되더라구요  ㅎㅎㅎ
전 가이타이너  06년도?에 산것 가끔써서 아직 목숨 붙어있어요! 가시면 미련없이 새친구 들여야겠네요 😂😂",1,2026-04-20,j__cE_fz8Lc
1인가구_자취,자취 오븐 추천,가정용 오븐 장단점 비교🔥소형 오븐으로 빵 잘 굽는법 | 오븐 사기 전에 꼭 보세요,하오니의 빵탐험 Haoni,"와아... 7개월전 영상이 지금 저한테 떳네요. 제가 10년된 바스켓형 에어프라이로 빵굽고 있습니다 ㅎㅎㅎㅎ
200도가 최고온도이고요. 바스켓 작고요 ㅎㅎ 열선과 팬이 다 위에 있어서 그 어떤 스팀도 날려버리는 강력한 녀석이에요!
하드계열 식사빵을 사고 싶은데 안팔거나 비싸거나 해서 에잇 내가 만들자 하고 최근에  시작했는데 엄청 실패하다가 겨우 이제 감잡아 가고 있습니다.
저도 계속 빵을 만들지 잘 몰라서 필요한 도구 사는데 최소한의 비용과 최소한으로 필요한 것들을 고심끝에 삽니다. 근데 하드계열빵은 수분관리가 정말 중요하더라구요. 그래서 다이소와 쿠팡을 뒤져서 스태인레스 볼과 접시로 더치오븐처럼 만들어서 쓰는중이에요. 크기 맞는 미니미한 제품 찾는게 더 어려웠습니다 ㅋㅋ
아직 그럴듯한 빵은 못만들었고 크기도 심히 작아서 너무 아쉽지만 그래도 맛은 있어요 ㅎㅎ 
오븐도 중요하지만 실력이 더 중요한거 맞습니다. 점점 빵맛이 좋아지고 있거든요! 이젠 떡지지도 않아요!
저같은 사람 또 있을까 댓글 남겨봅니다.
다들 행복한 베이킹 하세욥~",1,2026-03-16,j__cE_fz8Lc
1인가구_자취,자취 오븐 추천,가정용 오븐 장단점 비교🔥소형 오븐으로 빵 잘 굽는법 | 오븐 사기 전에 꼭 보세요,하오니의 빵탐험 Haoni,하오니님 ㅎㅎ 위즈웰40l 오븐은 어떤가요? 완전 초보 입문자에게 추천해주실만한가요? 😂 초보자가 사용하기에 너무 과분할지.. 고민이 되어서요ㅠㅠ,0,2026-06-01,j__cE_fz8Lc
1인가구_자취,자취 오븐 추천,가정용 오븐 장단점 비교🔥소형 오븐으로 빵 잘 굽는법 | 오븐 사기 전에 꼭 보세요,하오니의 빵탐험 Haoni,제가 이런 저런 취미를 하다보며 느낀 점은 한방에 좋은 걸로 가야 장비병이 안 생기더라구요. ㅎㅎ,3,2025-08-05,j__cE_fz8Lc
1인가구_자취,자취 오븐 추천,가정용 오븐 장단점 비교🔥소형 오븐으로 빵 잘 굽는법 | 오븐 사기 전에 꼭 보세요,하오니의 빵탐험 Haoni,헐 저 진짜 안그래도 어제까지도 계속 오븐 고민했었는데 너무 반가운 영상이에요😊❤,16,2025-08-05,j__cE_fz8Lc
1인가구_자취,자취 오븐 추천,가정용 오븐 장단점 비교🔥소형 오븐으로 빵 잘 굽는법 | 오븐 사기 전에 꼭 보세요,하오니의 빵탐험 Haoni,"저는 집에 있는 2단미니토스터기로 미니쿠키,머핀 만드는것부터 시작했어요.ㅎㅎ진짜 흥미가 생기면 주어진 환경에서 어떻게든 하게되요ㅎㅎ대학생이라 그때는 재료사는것만으로도 빠듯해서ㅎㅎ이후에 오븐이랑 핸드믹서사서 브라우니,케익도 만들고 그랬죠ㅎㅎ그때산 핸드믹서는 아직도 사용중이라 20년째 쓰나봐요ㅋㅋ
지금은 바스켓형에어프라이어로 제과뿐아니라 제빵도 해요.
깜빠뉴,치아바타,포카치아,피자빵,식빵,피자,소금빵 등등ㅎㅎ
에프로도 다해요
팔거 아니고 저만 먹으면 되고 갓구운빵은 에프로 구워도 충분히 맛있어요
저도 에프 고장나면 가정용오븐으로 넘어가려고하는데 이런 영상 너무 좋아요 👍",6,2025-08-05,j__cE_fz8Lc
1인가구_자취,자취 오븐 추천,가정용 오븐 장단점 비교🔥소형 오븐으로 빵 잘 굽는법 | 오븐 사기 전에 꼭 보세요,하오니의 빵탐험 Haoni,"하오니님 말씀에 전적으로 동감합니다.
LG소형가정용 오븐으로 바게트/치아바타/깜빠뉴/모닝빵/단팥빵/식빵/케익 등 많은 종류의 빵을 구웠지만
제 실수로 실패한적은 있어도 오븐의 성능이 떨어져 실패한 적은 없네요.
다만 케익류 구울 때 윗면이 터지는 현상은 좀 아쉽습니다.
이러게해라 저렇게 해봐라 등 많은 조언을 들었지만 거의 모두 갈라지더라구요.",1,2026-04-05,j__cE_fz8Lc
1인가구_자취,자취 오븐 추천,가정용 오븐 장단점 비교🔥소형 오븐으로 빵 잘 굽는법 | 오븐 사기 전에 꼭 보세요,하오니의 빵탐험 Haoni,"가장 난감한 게 230 다음으로 안 올라가는데 250도 쓰라는 게 있어서, 식힌 다음 먹어보면 맛은 있는데 외부 크러스트 보면 가끔 눈물이 날 때가 있습니다.",27,2025-08-05,j__cE_fz8Lc
1인가구_자취,자취 오븐 추천,가정용 오븐 장단점 비교🔥소형 오븐으로 빵 잘 굽는법 | 오븐 사기 전에 꼭 보세요,하오니의 빵탐험 Haoni,"안녕하세요 하오니님. 여태 발효가 무서워서 제과만 했었는데 최근 식사빵 만들고 싶어서 찾아보다가 구독하게 됐네요😊

예전에 어머니가 업장하실 때는 데크오븐이 있어 행복했는데ㅠㅠ 
이제 집에는 하오니님 첫 오븐이랑 거의 똑같이 생긴 작고 오래된 드롱기 오븐뿐이라 슬프네요..

그래도 아직 온도 잘 나와서 바스크 치즈케이크도 구워지고, 오늘 인생 첫 치아바타도 잘 구웠습니다!!
다음에는 영상 참고해서 르방도 도전해봐야겠어요👍🏻",1,2026-03-03,j__cE_fz8Lc
1인가구_자취,자취 오븐 추천,가정용 오븐 장단점 비교🔥소형 오븐으로 빵 잘 굽는법 | 오븐 사기 전에 꼭 보세요,하오니의 빵탐험 Haoni,업장에서 데크만 쓰다가 직업을 전향하고 그리워서 집에서 하려는데 오븐이 생각보다 비싸네요ㅋㅋ 주변에선 위즈웰을 추천하던댕 예산때무네 리빙웰을 사려는댕 이게 큰 차이가 있을까해서 여기저기 뒤져보는댕 인터넷에 나오는 장단점이 확실한건가 해요ㅜ 사실 크고 막쓰려고 하는댕 어떤게 좋을까요ㅠ,0,2026-04-02,j__cE_fz8Lc
1인가구_자취,자취 오븐 추천,가정용 오븐 장단점 비교🔥소형 오븐으로 빵 잘 굽는법 | 오븐 사기 전에 꼭 보세요,하오니의 빵탐험 Haoni,영상 잘 보았습니다^^  가정용 반죽기 사용 경험으로 추천제품을 부탁합니다.,0,2025-12-05,j__cE_fz8Lc
1인가구_자취,자취 오븐 추천,가정용 오븐 장단점 비교🔥소형 오븐으로 빵 잘 굽는법 | 오븐 사기 전에 꼭 보세요,하오니의 빵탐험 Haoni,"하오니님 영상에 동감입니다!
저도 오븐,반죽기 구입할때 엄청 고민했는데 인헨스2,리큅 반죽기로 잘 해내고 있답니다~
자주 굽지 않고 제가 먹을거라 만족도 좋답니다^^
또 하오니님의 영상보며 해내고 있으니 더 좋아요~
늘 감사합니다🙏🏻",1,2025-08-05,j__cE_fz8Lc
1인가구_자취,자취 오븐 추천,가정용 오븐 장단점 비교🔥소형 오븐으로 빵 잘 굽는법 | 오븐 사기 전에 꼭 보세요,하오니의 빵탐험 Haoni,저는 쿠진으로 입문해서 치아바타 식빵 주구장창 연습했거든요. 발효도 쿠진 안에 따뜻한 물 한 잔이랑 같이 넣어서 했구요. 밑불은 그릴판으로 보완했어요. 그런데 내부가 낮아서 식빵이 자꾸 타니까 옆에서 오븐 새로 사라고 하더라고요. 그래서 루미2 들여서 식빵을 주구장창 찍어내다가 포카치아 굽고 쿠키까지 구워보고 있어요. 대신 반죽기는 루나샀어요. 소리에 예민하거든요. 루미2 컨벡션 돌릴 때 소리가 으으으으으으 스메그 조용하다던데 정말 후회하고 있어요. 결론은 처음부터 좋게 가는 것도 좋지않나싶어요.,1,2026-02-19,j__cE_fz8Lc
1인가구_자취,자취 오븐 추천,가정용 오븐 장단점 비교🔥소형 오븐으로 빵 잘 굽는법 | 오븐 사기 전에 꼭 보세요,하오니의 빵탐험 Haoni,"저는 발뮤다로 모든 걸 구워요 😂 사워도우부터 제과, 요리까지.. 집 좁은 분들께 추천해요",5,2025-08-06,j__cE_fz8Lc
1인가구_자취,자취 오븐 추천,가정용 오븐 장단점 비교🔥소형 오븐으로 빵 잘 굽는법 | 오븐 사기 전에 꼭 보세요,하오니의 빵탐험 Haoni,"제가 지금 사용하고 있는 오븐이 한 8만원? 정도 하는 정말 작은 오븐이에요~ 이게 하드빵이 구워질까 싶었는데 오랜만에 베이킹 다시 시작해 보는 거라 처음부터 오븐에 큰돈 투자하기 겁나더라고요.. 부엌이 좁기도 하고 오래된 집이라 전기 용량도 한정적이고...(실제 오늘도 에어콘이랑 오븐, 전기포트 동시에 돌렸더니 차단기가 내려가더라고요 ㅋㅋㅋㅋㅋ) 근데 하오니 님 영상 보면서 깜빠뉴 같은 거 구워 보고 있는데 나름 잘 나옵니다~ 쿠프는 잘 안 벌어지는데... 약간 바닥 온도와... 제 컷팅 실력 문제인 거 같고요...ㅋㅋ
하루 종일 돌려서 스콘 같은 것도 100개씩 만들어서 주변에 돌리곤 합니다 ㅋㅋ 물론 시간이 어마어마하게 걸리지만 안 되진 않아요~ 처음 시작할 땐 정말 최소한만 되는 걸로 꾸준히 연습하고 내가 베이킹을 길게 가져갈 수 있겠다 싶었을 때 오래오래 쓸 생각으로 좋은 오븐 들이는 게 좋은 것 같아요~
하오니 님처럼 작은 오븐으로 결과를 보여주는 분이 계셔서 베이킹 진입 장벽이 낮아지는 것 같아요! 도움이 많이 되는 콘텐츠 감사합니다~^ㅁ^",5,2025-08-05,j__cE_fz8Lc
1인가구_자취,자취 오븐 추천,가정용 오븐 장단점 비교🔥소형 오븐으로 빵 잘 굽는법 | 오븐 사기 전에 꼭 보세요,하오니의 빵탐험 Haoni,쿠키 반죽완벽히 만들었는데 에프로 구우니 망...식감이 달라서 진짜 오븐에 대한 갈증이 너무 생기는 와중에 너무 감사하내요..,1,2025-09-30,j__cE_fz8Lc
1인가구_자취,자취 오븐 추천,가정용 오븐 장단점 비교🔥소형 오븐으로 빵 잘 굽는법 | 오븐 사기 전에 꼭 보세요,하오니의 빵탐험 Haoni,"처음엔 가정용 오븐이나 에프로 굽다가 한계를 느낄때 업그레이드 하는게 좋은 것 같아요 
저도 에프로 주구장창 굽다가 업그레이드해서 잘 쓰고 있거든요",2,2025-08-05,j__cE_fz8Lc
1인가구_자취,자취 오븐 추천,가정용 오븐 장단점 비교🔥소형 오븐으로 빵 잘 굽는법 | 오븐 사기 전에 꼭 보세요,하오니의 빵탐험 Haoni,"너무좋은 정보입니다.
아니 그런데 요즘은 영상 안 올리시네요! 설마 그만두신건 아니죠? 기다립니다.^^",2,2025-12-17,j__cE_fz8Lc
1인가구_자취,자취 오븐 추천,가정용 오븐 장단점 비교🔥소형 오븐으로 빵 잘 굽는법 | 오븐 사기 전에 꼭 보세요,하오니의 빵탐험 Haoni,토스트용으로 쓰신다는 쿠진아트에프로 열심히 깜빠뉴 구워서 먹고 있습니다  되더라구요~ㅋㅋ 너무 공감이 되는 영상이었습니다^^,3,2025-08-05,j__cE_fz8Lc
1인가구_자취,자취 오븐 추천,가정용 오븐 장단점 비교🔥소형 오븐으로 빵 잘 굽는법 | 오븐 사기 전에 꼭 보세요,하오니의 빵탐험 Haoni,"'내 기공은 왜 이럴까? 내 구움색은 어째서 이렇지? 이잌.. 이건다 이 오븐 때문이라구!!!! 다신 굽나봐라!'
1시간후 : (주섬주섬) '이번엔  2차발효 20분 더 줘서 구워볼까? 몰트도 좀 넣어보고'",4,2025-08-05,j__cE_fz8Lc
1인가구_자취,자취 오븐 추천,가정용 오븐 장단점 비교🔥소형 오븐으로 빵 잘 굽는법 | 오븐 사기 전에 꼭 보세요,하오니의 빵탐험 Haoni,저도 오븐형 에프로 이것저것 다 만들어먹고있어요! 쿠키도 잘 되고 케이크도 너무 촉촉하게 잘 되고! 요즘은 제과보단 제빵에 빠져서 여러 레시피들 보면서 치아바타나 바게트도 구웠는데요! 제 에프는 215까지밖에 안 올라가는데 레시피는 다 230도로 구우라고 하더라구요... 그래서 그냥 시간을 좀 늘리면 되지 않을까?ㅎㅎ 하고 얼레벌레 구워먹고 있어요. 그래도 너무 맛있어요!! 겉은 바삭하고 속은 촉촉쫄깃하고! 왜인지 항상 바닥은 타더라구요?ㅎㅎ 그래서 그냥 박박 긁어내고 그냥 먹습니다ㅋㅋ 요즘은 바게트에 빠졌는데 바게트는 만들기도 너무 쉬워서 정말 자주 해먹어요. 용량도 작고 온도도 낮지만 나름 잘 해먹고 있습니다!,1,2025-08-06,j__cE_fz8Lc
1인가구_자취,자취 오븐 추천,가정용 오븐 장단점 비교🔥소형 오븐으로 빵 잘 굽는법 | 오븐 사기 전에 꼭 보세요,하오니의 빵탐험 Haoni,강남역에 CIA출신이신분이 빵집 열었어요 UrbanBake라고 근데 슬랩샌드위치 식감부터 밸런스 미쳣어요. 한번 방문해보세요.,0,2025-11-24,j__cE_fz8Lc
1인가구_자취,자취 오븐 추천,가정용 오븐 장단점 비교🔥소형 오븐으로 빵 잘 굽는법 | 오븐 사기 전에 꼭 보세요,하오니의 빵탐험 Haoni,전 그냥 복합기로..ㅎㅎ;; 하드빵은 좀 못해도 이것저것 다 해먹을 수 있어서 좋아요~ 좋은 오븐 사고 싶기는 하지만 궂이 ㅎㅎ;;,0,2026-01-18,j__cE_fz8Lc
1인가구_자취,자취 오븐 추천,가정용 오븐 장단점 비교🔥소형 오븐으로 빵 잘 굽는법 | 오븐 사기 전에 꼭 보세요,하오니의 빵탐험 Haoni,온도에 대한 영상도 만들어주심 좋을거같아요 쿠진아트 에프로 사워도우 4번 시도했는데ㅠ 에프형은 온도를 낮춰여 하는건지 부풀지 못하고 겉이 두껍고 딱딱하고 속은 떡지네요,2,2025-08-05,j__cE_fz8Lc
1인가구_자취,자취 오븐 추천,가정용 오븐 장단점 비교🔥소형 오븐으로 빵 잘 굽는법 | 오븐 사기 전에 꼭 보세요,하오니의 빵탐험 Haoni,너무 좋은 영상이네요! 한가지 여쭤볼게 바스켓형 오븐으로는 어떤가요? 지금 임시거주하고 있는 곳에 바스켓형만 있는데 이걸로도 발효한 빵이나 제누와즈를 구울 수 있을 지 고민이 되더라구요. 혹시 경험 있으신 분 알려주시면 좋겠습니다 😊,0,2025-09-15,j__cE_fz8Lc
1인가구_자취,자취 오븐 추천,가정용 오븐 장단점 비교🔥소형 오븐으로 빵 잘 굽는법 | 오븐 사기 전에 꼭 보세요,하오니의 빵탐험 Haoni,안녕하세요! 처음에 사용하셨던 18L 오븐으로도 사워도우를 구울 수 있나요..? 오븐 사려고 하는데 크기가 걸리지 않을까 걱정돼서요!,0,2025-10-16,j__cE_fz8Lc
1인가구_자취,자취 오븐 추천,가정용 오븐 장단점 비교🔥소형 오븐으로 빵 잘 굽는법 | 오븐 사기 전에 꼭 보세요,하오니의 빵탐험 Haoni,45리터 컨벡션오븐 위즈웰제품 피자나 제빵류도 가능할까요??컨벡션은 겉이 너무 빨리 말라 적합하지 않을 까 해서..ㅠㅠ,1,2025-10-01,j__cE_fz8Lc
1인가구_자취,자취 오븐 추천,가정용 오븐 장단점 비교🔥소형 오븐으로 빵 잘 굽는법 | 오븐 사기 전에 꼭 보세요,하오니의 빵탐험 Haoni,에프용오븐으로 사워도우 굽는데 그럭저럭 잘되요. 내부가작아서 더치오븐 못넣는건 아쉬운점ㅠ,0,2025-08-14,j__cE_fz8Lc
1인가구_자취,자취 오븐 추천,"많이 물어보시는! 1원도 안 아까운 오븐, 2개 추천! 평생 쓸 거임 | 하다앳홈",HADA at HOME하다앳홈,하다앳홈님 저희 오븐을 사랑해주셔서 감사합니다🏠❤️,168,2023-07-25,ZBx7J0U-W58
1인가구_자취,자취 오븐 추천,"많이 물어보시는! 1원도 안 아까운 오븐, 2개 추천! 평생 쓸 거임 | 하다앳홈",HADA at HOME하다앳홈,이거보고 홀린듯 쿠진아트 구매했네요^^,2,2026-02-17,ZBx7J0U-W58
1인가구_자취,자취 오븐 추천,"많이 물어보시는! 1원도 안 아까운 오븐, 2개 추천! 평생 쓸 거임 | 하다앳홈",HADA at HOME하다앳홈,오븐기 결정 할 때 많은 도움이 될 거 같아요. 굿굿~,1,2025-06-11,ZBx7J0U-W58
1인가구_자취,자취 오븐 추천,"많이 물어보시는! 1원도 안 아까운 오븐, 2개 추천! 평생 쓸 거임 | 하다앳홈",HADA at HOME하다앳홈,"존경스러워요
저도 이렇게 잘하고 싶어요
좋은 영상 항상 🎉감사해요",1,2023-08-13,ZBx7J0U-W58
1인가구_자취,자취 오븐 추천,"많이 물어보시는! 1원도 안 아까운 오븐, 2개 추천! 평생 쓸 거임 | 하다앳홈",HADA at HOME하다앳홈,이거보고 쿠진아트로 결정! 기대되네요.,0,2026-03-23,ZBx7J0U-W58
1인가구_자취,자취 오븐 추천,"많이 물어보시는! 1원도 안 아까운 오븐, 2개 추천! 평생 쓸 거임 | 하다앳홈",HADA at HOME하다앳홈,"저 오늘 드뎌 스메그 오븐 주문했어욤^^
하다님꺼 영상보고 다른것도 보고 신중에 신중을 더해 구입했어요.
이제 하다님꺼 베이킹 보고 해봐야겠어욤",3,2023-12-14,ZBx7J0U-W58
1인가구_자취,자취 오븐 추천,"많이 물어보시는! 1원도 안 아까운 오븐, 2개 추천! 평생 쓸 거임 | 하다앳홈",HADA at HOME하다앳홈,청소영상도 궁금합니다😊,9,2023-08-02,ZBx7J0U-W58
1인가구_자취,자취 오븐 추천,"많이 물어보시는! 1원도 안 아까운 오븐, 2개 추천! 평생 쓸 거임 | 하다앳홈",HADA at HOME하다앳홈,wow~~👍👍👍👍 smeg 함 고려해봐야긋네요~^^ 감사감사!!,1,2023-08-18,ZBx7J0U-W58
1인가구_자취,자취 오븐 추천,"많이 물어보시는! 1원도 안 아까운 오븐, 2개 추천! 평생 쓸 거임 | 하다앳홈",HADA at HOME하다앳홈,이추천보고 에어프라이어오븐 사서 만족하고 잘쓰고 있어요 감사해요😊,1,2023-08-22,ZBx7J0U-W58
1인가구_자취,자취 오븐 추천,"많이 물어보시는! 1원도 안 아까운 오븐, 2개 추천! 평생 쓸 거임 | 하다앳홈",HADA at HOME하다앳홈,가정주부로서 제일 와닿는 추천영상이었습니다. 많은 영상이 전자렌지도 된다는 점을 내세웠지만 개인적으로 아무리 생각해도 오븐을 사용하면 내부에 음식물이 튈 수밖에 없고 생선도 굽고 할 테니 냄새 배임도 있을 텐데 수시로 써야하는 전자렌지로 혼용하고싶지가 않더라구요. 또 일반전자렌지보다 출력이 대개는 낮아서 효율이 떨어지는 것 같고요. 오랜 기간 사용해보신 솔직한 후기 진짜 도움됐습니다! 감사합니다. 구독해야겠어요.,26,2023-12-15,ZBx7J0U-W58
1인가구_자취,자취 오븐 추천,"많이 물어보시는! 1원도 안 아까운 오븐, 2개 추천! 평생 쓸 거임 | 하다앳홈",HADA at HOME하다앳홈,"저번에 추천해주신 푸드프로세서도 설명을 엄청 잘해주셔 사고싶었는데, 이번 에어프라이어 오븐도 사고싶졌어요ㅎㅎㅎ
하다앳홈님의 레시피영상만큼이나 살림 아이템 추천 정말 좋아요 :)",8,2023-08-15,ZBx7J0U-W58
1인가구_자취,자취 오븐 추천,"많이 물어보시는! 1원도 안 아까운 오븐, 2개 추천! 평생 쓸 거임 | 하다앳홈",HADA at HOME하다앳홈,하다님 보물같은 레시피들로 맛있게 잘 먹고 있습니다 감사드려요:) 저 혹시 하다님은 베이킹이나 요리 하실 때 일반 종이호일 쓰시나요? 종이호일이 가열시  미세플라스틱 이슈가 있어서ㅠㅠ 혹시 하다님은 어떻게 사용하시는 지 궁금합니다ㅠ,7,2023-07-24,ZBx7J0U-W58
1인가구_자취,자취 오븐 추천,"많이 물어보시는! 1원도 안 아까운 오븐, 2개 추천! 평생 쓸 거임 | 하다앳홈",HADA at HOME하다앳홈,"오븐 어떤거 살지 고민중이었는데 많은 도움이 되었네요☺️👍 위즈웰 인헨스 추천받았는데, 스메그도 좋네요~ㅠ 고민되네요~😢",0,2023-08-24,ZBx7J0U-W58
1인가구_자취,자취 오븐 추천,"많이 물어보시는! 1원도 안 아까운 오븐, 2개 추천! 평생 쓸 거임 | 하다앳홈",HADA at HOME하다앳홈,저도 오늘 샀어요ㅎ 오븐용 법랑 트레이 넘 예쁜데 어디껀가요?,6,2023-10-22,ZBx7J0U-W58
1인가구_자취,자취 오븐 추천,"많이 물어보시는! 1원도 안 아까운 오븐, 2개 추천! 평생 쓸 거임 | 하다앳홈",HADA at HOME하다앳홈,저도 궁금했었어요 ㅎㅎ,2,2023-07-24,ZBx7J0U-W58
1인가구_자취,자취 오븐 추천,"많이 물어보시는! 1원도 안 아까운 오븐, 2개 추천! 평생 쓸 거임 | 하다앳홈",HADA at HOME하다앳홈,"영상미가 넘 좋아요 음악도 좋아서 같이 까페에 온거 같아요. 배속을 하고 싶지 않는 영상
게다가 내용도 필요하던 정보로 구성 되어있네요 감사합니다 🙏❤😊",2,2025-05-16,ZBx7J0U-W58
1인가구_자취,자취 오븐 추천,"많이 물어보시는! 1원도 안 아까운 오븐, 2개 추천! 평생 쓸 거임 | 하다앳홈",HADA at HOME하다앳홈,쿠진아프 에프로 머핀구우실때 가운데 봉긋하게 잘 나오나요? 제가 가진 오븐형에프는 한쪽으로 쏠려서 윗바람 가려야 쪼금 모양이 나와서... 만들기가 쉽지 않아 고민이에요.,2,2023-08-12,ZBx7J0U-W58
1인가구_자취,자취 오븐 추천,"많이 물어보시는! 1원도 안 아까운 오븐, 2개 추천! 평생 쓸 거임 | 하다앳홈",HADA at HOME하다앳홈,"저도 쿠진 사용하는 초보인데
베이크 모드와 컨벡션 베이크
모드 중 어느걸로 구워야 할지
아직 감이 안와요 ㅠ 하다님은 예전 쿠진으로 베이킹 하실때 어떤 모드에서 주로 구우셨나요?",4,2023-07-28,ZBx7J0U-W58
1인가구_자취,자취 오븐 추천,"많이 물어보시는! 1원도 안 아까운 오븐, 2개 추천! 평생 쓸 거임 | 하다앳홈",HADA at HOME하다앳홈,쿠진 이후에 국산 스테나도 고려해보세요. 공홈에서만 판매하는데 이전 가정용 오븐의 장단점을 잘 취사선택했어요.,0,2024-04-19,ZBx7J0U-W58
1인가구_자취,자취 오븐 추천,"많이 물어보시는! 1원도 안 아까운 오븐, 2개 추천! 평생 쓸 거임 | 하다앳홈",HADA at HOME하다앳홈,혹시 미국에서 스메그 오븐 구입 할수 있는 곳이 있을가요?? 스메그랑 비슷한 오븐 추천 이라도 ㅜㅜ . 어떤 오븐을 해야 할지 너무 고민이 되요. 영상으로만 보다가 책도 오늘 구입 했어요!! 항상 좋은 정보 너무 감사드립니다.,0,2023-09-06,ZBx7J0U-W58
1인가구_자취,자취 오븐 추천,"많이 물어보시는! 1원도 안 아까운 오븐, 2개 추천! 평생 쓸 거임 | 하다앳홈",HADA at HOME하다앳홈,오랜 팬입니다 늘 지켜만보다가 이제와서라도 쿠진아트를 따라사보고 싶은데 관리/청소가 어렵지않은지.. 궁금해집니다~,0,2025-10-11,ZBx7J0U-W58
1인가구_자취,자취 오븐 추천,"많이 물어보시는! 1원도 안 아까운 오븐, 2개 추천! 평생 쓸 거임 | 하다앳홈",HADA at HOME하다앳홈,하다님 책을 구입한후 오븐구입이 최대고민이었는데  정보 고맙습니다  쿠진아트오븐경우 전자 렌즈기능은  없는걸루알고있는데~전자렌지도 새로 구입해야되서~ 두가지제품을  따로 사야하는지  조언 꼭 부탁드립니다,5,2023-07-29,ZBx7J0U-W58
1인가구_자취,자취 오븐 추천,"많이 물어보시는! 1원도 안 아까운 오븐, 2개 추천! 평생 쓸 거임 | 하다앳홈",HADA at HOME하다앳홈,"영상잛봤어요 ~^^
딸이 베이킹꿈나무라 스메그 사서 잘 사용중인데요
알루미늄팬 세척이 어렵네요 ㅜ
어떤 방법으로 해야할까요?",1,2023-08-03,ZBx7J0U-W58
1인가구_자취,자취 오븐 추천,"많이 물어보시는! 1원도 안 아까운 오븐, 2개 추천! 평생 쓸 거임 | 하다앳홈",HADA at HOME하다앳홈,"어머~ 저도 하다님 레시피로 잘 굽고있어요  짱이다짱이다하면서요~
언제나 감사합니다  앞으로도 쿠진으로 구울수있는 맛난것들 계속 올려주셔오~~
진짜 스메그도 사고싶네요   언제가는 제대로된 제빵 도전!!!!기대하며 오늘도 좋은하루되셔요~♡♡",3,2023-07-25,ZBx7J0U-W58
1인가구_자취,자취 오븐 추천,"많이 물어보시는! 1원도 안 아까운 오븐, 2개 추천! 평생 쓸 거임 | 하다앳홈",HADA at HOME하다앳홈,인생 첨으로 에프 오븐을 사려고 보다가 하다앳홈님 유투브 발견! 컨텐츠 좋아서 바로 구독 눌렀고 따라하기 할거에용! 양은 주로 1-2인용 일텐데 작은사이즈 9L 사야할지 아니 그렇다하더라도 넉넉한 17L 사야 더 조리가 용이하고 잘되는지? 판단을 못하겠어요. 조언 부탁드려요… 저는 베이킹 보다는 조리용,0,2023-11-17,ZBx7J0U-W58
1인가구_자취,자취 오븐 추천,"많이 물어보시는! 1원도 안 아까운 오븐, 2개 추천! 평생 쓸 거임 | 하다앳홈",HADA at HOME하다앳홈,안녕하세용 오븐 중에 롤케이크까지 만들 수 있고 가정에서 쓸 수 있는 오븐이 있을까요..?,0,2023-12-09,ZBx7J0U-W58
1인가구_자취,자취 오븐 추천,"많이 물어보시는! 1원도 안 아까운 오븐, 2개 추천! 평생 쓸 거임 | 하다앳홈",HADA at HOME하다앳홈,살림템 추천해 주시는거 마다 깔끔하고 좋아요 ^^ 추천해 주신 이케아 컵도 너무 잘 쓰고 있어요 하다님 날이 너무 더운데 건강관리 잘하세요❤,7,2023-07-30,ZBx7J0U-W58
1인가구_자취,자취 오븐 추천,"많이 물어보시는! 1원도 안 아까운 오븐, 2개 추천! 평생 쓸 거임 | 하다앳홈",HADA at HOME하다앳홈,"비싼게 괜시리 비싼게 아님
싼게 비지떡이라는 말이 있듯이
싼거 사서 몇번사용 안하고 문한쪽이 빠짐ㅋㅋ 이게 덩어리가 커서 수리 보내기도 힘들고 어휴 그냥저냥 쓰고 있는대 이사가면 버리고 비싸고 좋은놈으로 다시 장만해야 할듯요 스메그 정말 가지고 싶어요 ㅠㅠ",8,2023-07-29,ZBx7J0U-W58
1인가구_자취,자취 오븐 추천,"많이 물어보시는! 1원도 안 아까운 오븐, 2개 추천! 평생 쓸 거임 | 하다앳홈",HADA at HOME하다앳홈,"쿠진아트가 제빵할 때마다 실패 자주 했는데, 온도 때문이었나 봅니다(1~20도 낮게 해야하는 걸 몰라서 ^^). 
좀 더 큰 적당한 걸 찾고 있었는데, 스메그 한대 구입할까봐요.
근데, 내부 청소는 어떻게 하시나요? 이게 궁금해요.",1,2023-08-03,ZBx7J0U-W58
1인가구_자취,자취 오븐 추천,"많이 물어보시는! 1원도 안 아까운 오븐, 2개 추천! 평생 쓸 거임 | 하다앳홈",HADA at HOME하다앳홈,"혹쉬 하다님!! 스메그오븐 가정에서 사용하시나요?
전력 문제 괜찮을까요?
사용하다 전기가 나가거나 그럴까봐 걱정이네요!",2,2023-08-30,ZBx7J0U-W58
1인가구_자취,자취 오븐 추천,"많이 물어보시는! 1원도 안 아까운 오븐, 2개 추천! 평생 쓸 거임 | 하다앳홈",HADA at HOME하다앳홈,쿠진아트 사용하실때 컨벡션 모드 사용하시나요??,0,2025-08-12,ZBx7J0U-W58
1인가구_자취,자취 오븐 추천,"많이 물어보시는! 1원도 안 아까운 오븐, 2개 추천! 평생 쓸 거임 | 하다앳홈",HADA at HOME하다앳홈,아 ᆢ 오븐의 특성이 이제 이해가 되네요. 진심 감사 감사드립니다.  항상 쓰면서 좀 답답했었거든요. 오븐이란 녀석을 하다님 덕분에 처음  사용해봤거든요. 😅😅😅,3,2023-07-24,ZBx7J0U-W58
1인가구_자취,자취 오븐 추천,"많이 물어보시는! 1원도 안 아까운 오븐, 2개 추천! 평생 쓸 거임 | 하다앳홈",HADA at HOME하다앳홈,"요즘 하다님 베이킹 영상 따라서 하나씩 만들어보는 중인데, 진짜 하나하나 다 주옥같아요... 좋은 레시피 공유 너무 감사합니다ㅠ 앞으로도 잘 부탁드려요... 히히 ....♥",7,2023-07-24,ZBx7J0U-W58
1인가구_자취,자취 오븐 추천,"많이 물어보시는! 1원도 안 아까운 오븐, 2개 추천! 평생 쓸 거임 | 하다앳홈",HADA at HOME하다앳홈,저도 스메그랑 우녹스중 고민인데 사용하시는 스메그 모델명 알수있나요?,1,2023-07-24,ZBx7J0U-W58
1인가구_자취,자취 오븐 추천,"많이 물어보시는! 1원도 안 아까운 오븐, 2개 추천! 평생 쓸 거임 | 하다앳홈",HADA at HOME하다앳홈,하다님 영상 초창기에 보고 따라 사서 여지껏 정말 잘 쓰고 있어요! 여전히 애용하신다니 반갑고 저도 더 아껴줘야 겠어요 :),3,2023-07-25,ZBx7J0U-W58
1인가구_자취,자취 오븐 추천,"많이 물어보시는! 1원도 안 아까운 오븐, 2개 추천! 평생 쓸 거임 | 하다앳홈",HADA at HOME하다앳홈,어머어머 자취하러 나오니까 본가에 있던 오븐이 너무 그리워서 위즈웰 인핸스 어엄청 고민하고 있거든요ㅠㅠ물론 가끔 쿠키 머핀 휘낭시에등..초보에게 쉬운것만 굽지만 오븐 있다 없으니까 너무 아쉬운거있죠..쿠진아트 보는데 디자인이 넘 제 스탈이예요..ㅎㅎ에어프라이기도 되고..넘 도움되는 영상이었어서 반갑고 감사한 마음에 댓글 남겨봐요..❤,3,2023-07-24,ZBx7J0U-W58
1인가구_자취,자취 오븐 추천,"많이 물어보시는! 1원도 안 아까운 오븐, 2개 추천! 평생 쓸 거임 | 하다앳홈",HADA at HOME하다앳홈,오븐보다 마지막에 하다님이 만든 음식들에 더 눈이가네요~작년에 구매한  하다님 책보면서 열심히 베이킹하고 있습니다 감사합니다😊😊,0,2024-02-05,ZBx7J0U-W58
1인가구_자취,자취 오븐 추천,"많이 물어보시는! 1원도 안 아까운 오븐, 2개 추천! 평생 쓸 거임 | 하다앳홈",HADA at HOME하다앳홈,오븐은 제게 몇년째 고민중인 아이템인데 디자인부터 확연히 다른 두가지 오븐 잘 봤습니다🤍,1,2023-07-26,ZBx7J0U-W58
1인가구_자취,자취 오븐 추천,"많이 물어보시는! 1원도 안 아까운 오븐, 2개 추천! 평생 쓸 거임 | 하다앳홈",HADA at HOME하다앳홈,오븐 스탠드 정보 부탁드려도 될까요?,0,2025-10-22,ZBx7J0U-W58
1인가구_자취,자취 오븐 추천,"많이 물어보시는! 1원도 안 아까운 오븐, 2개 추천! 평생 쓸 거임 | 하다앳홈",HADA at HOME하다앳홈,저도 쿠진 잘쓰고.있어요,0,2023-07-28,ZBx7J0U-W58
1인가구_자취,자취 오븐 추천,"많이 물어보시는! 1원도 안 아까운 오븐, 2개 추천! 평생 쓸 거임 | 하다앳홈",HADA at HOME하다앳홈,"영상 감사합니다.
언제 구입하셨을까요??
SMEG제품을 구매하려는데 같은 모델을 찾을수가 없네요.",0,2024-03-18,ZBx7J0U-W58
1인가구_자취,자취 오븐 추천,"많이 물어보시는! 1원도 안 아까운 오븐, 2개 추천! 평생 쓸 거임 | 하다앳홈",HADA at HOME하다앳홈,하다앳홈님 레시피에 이어 오븐 추천까지 해주시다니 너무 조아요 감사합니다😊😊😊,3,2023-08-15,ZBx7J0U-W58
1인가구_자취,자취 오븐 추천,"많이 물어보시는! 1원도 안 아까운 오븐, 2개 추천! 평생 쓸 거임 | 하다앳홈",HADA at HOME하다앳홈,쿠진아트 제일 작은사이즈도 괜찮을까요?,0,2023-11-20,ZBx7J0U-W58
1인가구_자취,자취 오븐 추천,"많이 물어보시는! 1원도 안 아까운 오븐, 2개 추천! 평생 쓸 거임 | 하다앳홈",HADA at HOME하다앳홈,"쿠진아트 같은 에어프라이어 사용하다가 고장은 안났는데, 너무 오래 사용하고, 청소 하는 방법을 잘 몰라서 버릴려고 빼놨는데, 도로 갖다 놓을까봐요 하하",1,2024-02-19,ZBx7J0U-W58
1인가구_자취,자취 오븐 추천,"많이 물어보시는! 1원도 안 아까운 오븐, 2개 추천! 평생 쓸 거임 | 하다앳홈",HADA at HOME하다앳홈,스메그 좋네요~,0,2023-07-30,ZBx7J0U-W58
1인가구_자취,자취 오븐 추천,"많이 물어보시는! 1원도 안 아까운 오븐, 2개 추천! 평생 쓸 거임 | 하다앳홈",HADA at HOME하다앳홈,오븐에 필요하게 생겨서 무지 고민중이었는데 어쩜 이렇게 딱 올려주시나요 ㅋㅋㅋ ❤ 참 사랑스러운 하다님이싶니다😊,6,2023-07-27,ZBx7J0U-W58
1인가구_자취,자취 오븐 추천,"많이 물어보시는! 1원도 안 아까운 오븐, 2개 추천! 평생 쓸 거임 | 하다앳홈",HADA at HOME하다앳홈,쿠진아트 오븐 검색하니 오븐에어프라이가 대부분이던데 이걸 사도 되는지요?^^♡♡♡,1,2023-12-24,ZBx7J0U-W58
1인가구_자취,자취 오븐 추천,"많이 물어보시는! 1원도 안 아까운 오븐, 2개 추천! 평생 쓸 거임 | 하다앳홈",HADA at HOME하다앳홈,"부탁합니다~추천좀 해주세요...지금 에프를 살지 오븐을살지...고민중이네요..처음부터 엘지오븐을계속쓰다가 에어프라이어가 처음나와서 구매후 잘썼는데요(바스켓)...오븐이 고장나서 에어프라이어만사용하니..집에서 간단히해서 먹었던 베이킹을(얘를들어 계란빵 쿠키등등..)못해먹으니..많이불편하더라구요...저희는4인가족이구요..이제 에어프라이어를하면 크기가있는오븐형으로 하고싶은데요..쿠친아트는..안쪽이..생각보단..작다고 하셔서요...그리고 두종류가.60,70kr이 이던데요..어떤점이 다를까요?저희는 아이들이 있어서 냉동식품도 육류도 생선도 뭐든 해서 먹을수도 있는 걸 원하는데요...어떤게..좋을까요??오븐으로 살지?어어프라이어를 살지?아님..둘다사야할까요??ㅡㅡ;;그리고 써보신분들도 ..알려주시면 감사하겠습니다~^^",1,2023-11-02,ZBx7J0U-W58
1인가구_자취,자취 오븐 추천,"많이 물어보시는! 1원도 안 아까운 오븐, 2개 추천! 평생 쓸 거임 | 하다앳홈",HADA at HOME하다앳홈,오오  제가 기다리던 시간..,18,2023-07-24,ZBx7J0U-W58
1인가구_자취,자취 오븐 추천,"많이 물어보시는! 1원도 안 아까운 오븐, 2개 추천! 평생 쓸 거임 | 하다앳홈",HADA at HOME하다앳홈,하다님 쿠진아트 오븐 모델명이 어떻게되나요~~??,0,2024-09-29,ZBx7J0U-W58
1인가구_자취,자취 오븐 추천,"자취 로망 끝판왕 홈베이킹💗 미니오븐 언박싱, 인기 소금빵 구워먹기🥐, 다이소 베이킹 재료 하울",인영 forever young,14:30 빵을 싸악 갈랐을때 그 사이에서 인영님 웃는 모습이 나오는거 왜케 귀엽고 웃기쥬ㅋㅋㅋㅋㅋㅋㅋㅋ😂,41,2021-11-23,J4iTYVJeNBE
1인가구_자취,자취 오븐 추천,"자취 로망 끝판왕 홈베이킹💗 미니오븐 언박싱, 인기 소금빵 구워먹기🥐, 다이소 베이킹 재료 하울",인영 forever young,소금빵을 귀여워하는 인영님을 귀여워하는 구독자들🥐🧡,7,2021-11-23,J4iTYVJeNBE
1인가구_자취,자취 오븐 추천,"자취 로망 끝판왕 홈베이킹💗 미니오븐 언박싱, 인기 소금빵 구워먹기🥐, 다이소 베이킹 재료 하울",인영 forever young,인영님~~다음에빵만드실때는계량다해두고하시면편합니당~~!ㅋㅋㅋ반죽하는시간을단축해야완성도가높아졌던것같아요ㅋㅋㅋ,23,2021-11-23,J4iTYVJeNBE
1인가구_자취,자취 오븐 추천,"자취 로망 끝판왕 홈베이킹💗 미니오븐 언박싱, 인기 소금빵 구워먹기🥐, 다이소 베이킹 재료 하울",인영 forever young,인영님 빵 먹는모습이 넘 귀여워요ㅋㅋㅋㅋ,11,2021-11-23,J4iTYVJeNBE
1인가구_자취,자취 오븐 추천,"자취 로망 끝판왕 홈베이킹💗 미니오븐 언박싱, 인기 소금빵 구워먹기🥐, 다이소 베이킹 재료 하울",인영 forever young,"이케 리얼할 일인가!?? 마치 내가 처음 베이킹하는것같은 기분 들게하는 브이로그는 이녕씨뿐ㅋㅋㅋㅋ빵 귀여워하는 이녕씨 넘 귀엽구,, 재밌구 난리났습니다ㅋㅋ첫 베이킹 성공 완젼 축하드려요>_< 진짜 금손이셔ㅋㅋ",5,2021-11-24,J4iTYVJeNBE
1인가구_자취,자취 오븐 추천,"자취 로망 끝판왕 홈베이킹💗 미니오븐 언박싱, 인기 소금빵 구워먹기🥐, 다이소 베이킹 재료 하울",인영 forever young,와 대박 ㅋㅋㅋ 인영님 좋아하시는 리액션이 너무 귀여워요 ㅋㅋㅋ,4,2021-11-23,J4iTYVJeNBE
1인가구_자취,자취 오븐 추천,"자취 로망 끝판왕 홈베이킹💗 미니오븐 언박싱, 인기 소금빵 구워먹기🥐, 다이소 베이킹 재료 하울",인영 forever young,인영씨는 손재주도좋고 아기자기한 취미생활 너무 좋다요^^♡,16,2021-11-23,J4iTYVJeNBE
1인가구_자취,자취 오븐 추천,"자취 로망 끝판왕 홈베이킹💗 미니오븐 언박싱, 인기 소금빵 구워먹기🥐, 다이소 베이킹 재료 하울",인영 forever young,진짜 빵 하나에 들어가는 정성이 진짜 많네요 단계가 짱 많아...,5,2021-11-23,J4iTYVJeNBE
1인가구_자취,자취 오븐 추천,"자취 로망 끝판왕 홈베이킹💗 미니오븐 언박싱, 인기 소금빵 구워먹기🥐, 다이소 베이킹 재료 하울",인영 forever young,인영님 너무 행복해 보이시네요ㅋㅋㅋㅋㅋ 소금빵을 보며 귀여워하는 모습 너무 재밌어요ㅋㅋㅋ 종종 홈베이킹 영상도 찍어주세요◡̈♥,3,2021-11-24,J4iTYVJeNBE
1인가구_자취,자취 오븐 추천,"자취 로망 끝판왕 홈베이킹💗 미니오븐 언박싱, 인기 소금빵 구워먹기🥐, 다이소 베이킹 재료 하울",인영 forever young,인영님 영상 보면 진짜 너무 힐링되는 기분이라서 행복해요ㅜㅜㅜㅜ 보물같은 영상 정말 감사합니다!,2,2021-11-24,J4iTYVJeNBE
1인가구_자취,자취 오븐 추천,"자취 로망 끝판왕 홈베이킹💗 미니오븐 언박싱, 인기 소금빵 구워먹기🥐, 다이소 베이킹 재료 하울",인영 forever young,"빵만들면서 인영님이 점점 신나보이는게 느껴져욬ㅋㅋㅋㅋㅋㅋ
그런데 진짜 처음인데 저렇게 맛있게 성공할 수 있나여!?ㅠㅠㅠ 
너무 먹어보고싶어요 ㅠㅠㅠ엉ㅇ엉",14,2021-11-23,J4iTYVJeNBE
1인가구_자취,자취 오븐 추천,"자취 로망 끝판왕 홈베이킹💗 미니오븐 언박싱, 인기 소금빵 구워먹기🥐, 다이소 베이킹 재료 하울",인영 forever young,너무 귀여워서 현기증나요..ㅎㅎ 홈베이킹 매력있죵^^ 다른것도 많이 만들어서 공유해주세요~ㅎㅎㅎㅎ,4,2021-11-23,J4iTYVJeNBE
1인가구_자취,자취 오븐 추천,"자취 로망 끝판왕 홈베이킹💗 미니오븐 언박싱, 인기 소금빵 구워먹기🥐, 다이소 베이킹 재료 하울",인영 forever young,진짜루 맛있겠다아아ㅏㅠㅠ 베이킹이 손 진짜 많이 가네용 한 번에 성공하시다늬 대단~ㅎ.ㅎ,3,2021-11-23,J4iTYVJeNBE
1인가구_자취,자취 오븐 추천,"자취 로망 끝판왕 홈베이킹💗 미니오븐 언박싱, 인기 소금빵 구워먹기🥐, 다이소 베이킹 재료 하울",인영 forever young,15:08 소금빵 먹고 행복하시는 모습이 너무 귀여워서 이 영상 5번은 본거 같아요…. 알고리즘에 뜰 때마다 못지나치겠어요,3,2023-05-03,J4iTYVJeNBE
1인가구_자취,자취 오븐 추천,"자취 로망 끝판왕 홈베이킹💗 미니오븐 언박싱, 인기 소금빵 구워먹기🥐, 다이소 베이킹 재료 하울",인영 forever young,오우 정주행중에 뉴영상 올라오면 을매나 행복하게요..♡,1,2021-11-23,J4iTYVJeNBE
1인가구_자취,자취 오븐 추천,"자취 로망 끝판왕 홈베이킹💗 미니오븐 언박싱, 인기 소금빵 구워먹기🥐, 다이소 베이킹 재료 하울",인영 forever young,소금빵 구ㅏ여워하는 인영씨 귀여웡♡,2,2021-11-23,J4iTYVJeNBE
1인가구_자취,자취 오븐 추천,"자취 로망 끝판왕 홈베이킹💗 미니오븐 언박싱, 인기 소금빵 구워먹기🥐, 다이소 베이킹 재료 하울",인영 forever young,빵 완전 맛있어보여욥 ☺️미니 오븐기도 너무 귀엽구용!!,1,2021-11-24,J4iTYVJeNBE
1인가구_자취,자취 오븐 추천,"자취 로망 끝판왕 홈베이킹💗 미니오븐 언박싱, 인기 소금빵 구워먹기🥐, 다이소 베이킹 재료 하울",인영 forever young,"못하는게 없는 인영씨네요~^0^
아이들이랑 한번 만들어 봐야겠어용~!!",2,2021-11-23,J4iTYVJeNBE
1인가구_자취,자취 오븐 추천,"자취 로망 끝판왕 홈베이킹💗 미니오븐 언박싱, 인기 소금빵 구워먹기🥐, 다이소 베이킹 재료 하울",인영 forever young,빵 만드시면서 행복해하시는게 느껴져서 같이 행복했어요 ㅎㅎ ♥♥,0,2021-11-23,J4iTYVJeNBE
1인가구_자취,자취 오븐 추천,"자취 로망 끝판왕 홈베이킹💗 미니오븐 언박싱, 인기 소금빵 구워먹기🥐, 다이소 베이킹 재료 하울",인영 forever young,요리도 잘하고 밥도 잘 먹고 잠옷도 이쁘고 너무 좋아~,0,2022-01-30,J4iTYVJeNBE
1인가구_자취,자취 오븐 추천,"자취 로망 끝판왕 홈베이킹💗 미니오븐 언박싱, 인기 소금빵 구워먹기🥐, 다이소 베이킹 재료 하울",인영 forever young,pms 때문에 완전 우울했는데 인영님 영상보고 넘나 웃음 지어져요ㅠㅠㅠㅠㅠ 사랑스럽💕 저두 베이킹 꼭 해봐야겠어용,1,2021-11-23,J4iTYVJeNBE
1인가구_자취,자취 오븐 추천,"자취 로망 끝판왕 홈베이킹💗 미니오븐 언박싱, 인기 소금빵 구워먹기🥐, 다이소 베이킹 재료 하울",인영 forever young,배고파아~~넘귀여운 인영씨❤  오늘영상 진짜 왜케 귀여워용😍 역시 금손! 보면서 너무기분이 좋아졌어요 굿밤,0,2021-11-23,J4iTYVJeNBE
1인가구_자취,자취 오븐 추천,"자취 로망 끝판왕 홈베이킹💗 미니오븐 언박싱, 인기 소금빵 구워먹기🥐, 다이소 베이킹 재료 하울",인영 forever young,우와왓!! 영상속에서 갓구운빵을 같이 먹는 기분이에요옹😍🤗😋 소금빵 무엇! 따끈따끈 배곱파요..ㅠㅠ,0,2021-11-24,J4iTYVJeNBE
1인가구_자취,자취 오븐 추천,"자취 로망 끝판왕 홈베이킹💗 미니오븐 언박싱, 인기 소금빵 구워먹기🥐, 다이소 베이킹 재료 하울",인영 forever young,꺄악 기다렸어요!!,1,2021-11-23,J4iTYVJeNBE
1인가구_자취,자취 오븐 추천,"자취 로망 끝판왕 홈베이킹💗 미니오븐 언박싱, 인기 소금빵 구워먹기🥐, 다이소 베이킹 재료 하울",인영 forever young,오늘 제 생일인데 인영님 영상이 마치 생일선물 같네용ㅎㅎ 오늘 하루의 행복한 마무리를 선물해줘서 감사합니다🥰🥰,0,2021-11-23,J4iTYVJeNBE
1인가구_자취,자취 오븐 추천,"자취 로망 끝판왕 홈베이킹💗 미니오븐 언박싱, 인기 소금빵 구워먹기🥐, 다이소 베이킹 재료 하울",인영 forever young,갓구운빵 첨먹어본다고 할때 너무 좋아서 급해보이는게 귀여워요ㅋㅋ 즐거운홈베이킹하시길! 깨찰빵(믹스)이랑 앙금과자 쉬워서 자주해먹은기억이~,1,2021-11-23,J4iTYVJeNBE
1인가구_자취,자취 오븐 추천,"자취 로망 끝판왕 홈베이킹💗 미니오븐 언박싱, 인기 소금빵 구워먹기🥐, 다이소 베이킹 재료 하울",인영 forever young,인영님 영상만 보면 힐링되여 🥰 많이많이 올려주세요,2,2021-11-26,J4iTYVJeNBE
1인가구_자취,자취 오븐 추천,"자취 로망 끝판왕 홈베이킹💗 미니오븐 언박싱, 인기 소금빵 구워먹기🥐, 다이소 베이킹 재료 하울",인영 forever young,너무 귀여워요.. 막 신나고 행복해하시고 그러는게 너무 무해하고 귀여워요ㅠㅠ,0,2025-04-26,J4iTYVJeNBE
1인가구_자취,자취 오븐 추천,"자취 로망 끝판왕 홈베이킹💗 미니오븐 언박싱, 인기 소금빵 구워먹기🥐, 다이소 베이킹 재료 하울",인영 forever young,처음 보는데 너무 귀여우세욬ㅋㅋㅋㅋㅋ 남은 버터 넣을 통 찾을때 부르시는 콧노래 듣고 현웃함 진심으로 넘 행복해보이셔서 영상 보는 저까지 행복해졌어요ㅠㅠ,0,2024-02-29,J4iTYVJeNBE
1인가구_자취,자취 오븐 추천,"자취 로망 끝판왕 홈베이킹💗 미니오븐 언박싱, 인기 소금빵 구워먹기🥐, 다이소 베이킹 재료 하울",인영 forever young,"소금빵 좋아하는데,... 덕분에 쉽게 만들고 재밌게 만들어볼 수 있겠어요~ ^--^",0,2021-11-24,J4iTYVJeNBE
1인가구_자취,자취 오븐 추천,"자취 로망 끝판왕 홈베이킹💗 미니오븐 언박싱, 인기 소금빵 구워먹기🥐, 다이소 베이킹 재료 하울",인영 forever young,버터 어떻게 처리할지 고민할때 욜롤롤로 하면서 흥얼 거리는거 넘귀ㅜㅜㅜㅜㅠㅠㅜㅜㅜㅜㅜ💜💜💜💜💜 볼때마다 사랑스러운 인영님💜💜💜,0,2021-11-24,J4iTYVJeNBE
1인가구_자취,자취 오븐 추천,"자취 로망 끝판왕 홈베이킹💗 미니오븐 언박싱, 인기 소금빵 구워먹기🥐, 다이소 베이킹 재료 하울",인영 forever young,뭔가 기분 좋은 에너지가 있는 분이아 자꾸 보게 됩니다❤,0,2023-04-08,J4iTYVJeNBE
1인가구_자취,자취 오븐 추천,"자취 로망 끝판왕 홈베이킹💗 미니오븐 언박싱, 인기 소금빵 구워먹기🥐, 다이소 베이킹 재료 하울",인영 forever young,소금빵 어려워 보여서 안했었는데 저두 내일 도전해봐야겠어요! 영상 즐겁게 보고 갑니당!,0,2021-11-23,J4iTYVJeNBE
1인가구_자취,자취 오븐 추천,"자취 로망 끝판왕 홈베이킹💗 미니오븐 언박싱, 인기 소금빵 구워먹기🥐, 다이소 베이킹 재료 하울",인영 forever young,"우와 대단해요진짜 베이킹 너무 잘하시는거 아닌가여 ㅜㅜ와우 ㅋㅋ 대리만족되네요 
구독하고갑니다♡",0,2021-12-12,J4iTYVJeNBE
1인가구_자취,자취 오븐 추천,"자취 로망 끝판왕 홈베이킹💗 미니오븐 언박싱, 인기 소금빵 구워먹기🥐, 다이소 베이킹 재료 하울",인영 forever young,인영님 신나신거 너무 긔여워요❤️‍🔥,1,2021-11-23,J4iTYVJeNBE
1인가구_자취,자취 오븐 추천,"자취 로망 끝판왕 홈베이킹💗 미니오븐 언박싱, 인기 소금빵 구워먹기🥐, 다이소 베이킹 재료 하울",인영 forever young,긍정에너지~뭘해도 남보다 행복하게 살 것 같아요 좋은기운 얻고 갑니다☺️,0,2021-11-24,J4iTYVJeNBE
1인가구_자취,자취 오븐 추천,"자취 로망 끝판왕 홈베이킹💗 미니오븐 언박싱, 인기 소금빵 구워먹기🥐, 다이소 베이킹 재료 하울",인영 forever young,와 ㅠㅠ 저도 먹어보고 싶어요!! 빵이 꼭 모형처럼 넘 귀엽고 예쁘네요!! 저도 만들어보고싶다아.. 그럴려면 저도 자취먼저. ㅎㅎ,0,2021-11-25,J4iTYVJeNBE
1인가구_자취,자취 오븐 추천,"자취 로망 끝판왕 홈베이킹💗 미니오븐 언박싱, 인기 소금빵 구워먹기🥐, 다이소 베이킹 재료 하울",인영 forever young,왐마..인영님 이번 영상 초초초초초귀여미😘😘😘,0,2021-11-23,J4iTYVJeNBE
1인가구_자취,자취 오븐 추천,"자취 로망 끝판왕 홈베이킹💗 미니오븐 언박싱, 인기 소금빵 구워먹기🥐, 다이소 베이킹 재료 하울",인영 forever young,아 진짜 너무 귀여워욬ㅋㅋㅋㅋㅋㅋㅋ❤️❤️,0,2021-11-23,J4iTYVJeNBE
1인가구_자취,자취 오븐 추천,"자취 로망 끝판왕 홈베이킹💗 미니오븐 언박싱, 인기 소금빵 구워먹기🥐, 다이소 베이킹 재료 하울",인영 forever young,밝은 에너지에 좋은 기운 받고 갑니다~💥💫,0,2022-04-06,J4iTYVJeNBE
1인가구_자취,자취 오븐 추천,"자취 로망 끝판왕 홈베이킹💗 미니오븐 언박싱, 인기 소금빵 구워먹기🥐, 다이소 베이킹 재료 하울",인영 forever young,처음 만드느건데 되게 잘만드셨다!! 맛있겠어요 ~~~~~` ㅠㅠ,0,2021-12-05,J4iTYVJeNBE
1인가구_자취,자취 오븐 추천,"자취 로망 끝판왕 홈베이킹💗 미니오븐 언박싱, 인기 소금빵 구워먹기🥐, 다이소 베이킹 재료 하울",인영 forever young,알고리즘으로 우연히 보게된 영상이예요😮 현직 제빵사가 봐도 제빵에 재능이 있어보이세요!!! 구독 하고갑니당❤,0,2023-05-22,J4iTYVJeNBE
1인가구_자취,자취 오븐 추천,"자취 로망 끝판왕 홈베이킹💗 미니오븐 언박싱, 인기 소금빵 구워먹기🥐, 다이소 베이킹 재료 하울",인영 forever young,빵도 귀엽고 사람도 귀엽고 오븐도 잘샀고 땡큐!,0,2022-12-01,J4iTYVJeNBE
1인가구_자취,자취 오븐 추천,"자취 로망 끝판왕 홈베이킹💗 미니오븐 언박싱, 인기 소금빵 구워먹기🥐, 다이소 베이킹 재료 하울",인영 forever young,와 ㅋㅋ 역시 사부작러 취미부자 ㅋㅋㅋㅋ 못하는게엄네🍞🥖🍰🍪🍩,2,2021-11-23,J4iTYVJeNBE
1인가구_자취,자취 오븐 추천,"자취 로망 끝판왕 홈베이킹💗 미니오븐 언박싱, 인기 소금빵 구워먹기🥐, 다이소 베이킹 재료 하울",인영 forever young,저도 인영님 영상보고 뽐뿌와서 재로 다 사왔어요ㅋㅋㅋㅋㅋ,0,2021-11-30,J4iTYVJeNBE
1인가구_자취,자취 오븐 추천,"자취 로망 끝판왕 홈베이킹💗 미니오븐 언박싱, 인기 소금빵 구워먹기🥐, 다이소 베이킹 재료 하울",인영 forever young,진짜 언닌데 왜이렇게 귀여워요???????? 사랑해요,1,2021-11-23,J4iTYVJeNBE
1인가구_자취,자취 오븐 추천,"자취 로망 끝판왕 홈베이킹💗 미니오븐 언박싱, 인기 소금빵 구워먹기🥐, 다이소 베이킹 재료 하울",인영 forever young,"파리여행영상보고 정주행 중입니당~😆
너무 힐링되는 영상이에요ㅠㅠ
그리고 말씀하시는거 완전 2521 나희도 같아요오❤️",0,2022-06-15,J4iTYVJeNBE
1인가구_자취,자취 오븐 추천,"자취 로망 끝판왕 홈베이킹💗 미니오븐 언박싱, 인기 소금빵 구워먹기🥐, 다이소 베이킹 재료 하울",인영 forever young,헝분하는 모습 짱귀엽네 ㅋㅋㅋ 나도같이 헝분중 ㅋㅋ 찐으로행복해하는 인영씌🥴,0,2021-11-26,J4iTYVJeNBE
1인가구_자취,자취 오븐 추천,"자취 로망 끝판왕 홈베이킹💗 미니오븐 언박싱, 인기 소금빵 구워먹기🥐, 다이소 베이킹 재료 하울",인영 forever young,역시 골드핸드 이녕님😍😍,1,2021-11-23,J4iTYVJeNBE
1인가구_자취,자취 오븐 추천,"자취 로망 끝판왕 홈베이킹💗 미니오븐 언박싱, 인기 소금빵 구워먹기🥐, 다이소 베이킹 재료 하울",인영 forever young,인영님영상잘보고갑니다 미니오븐깜찍하고 귀엽고 저도나중에 베이킹도전해서 빵만들어먹고싶네요 빵만들기 쉽게알려줘서 따라해징 빵맛있게서요 축카드려요,0,2021-11-23,J4iTYVJeNBE
1인가구_자취,원룸 가전 세팅,33만원에 끝내는 첫 자취방 입주 필수템,원룸만들기,"아무튼 첫 자취 축하드립니다!🎉
앞으로 원만하고 행복한 자취 생활 되시길..",328,2024-08-04,PmXU0SPTBUY
1인가구_자취,원룸 가전 세팅,33만원에 끝내는 첫 자취방 입주 필수템,원룸만들기,짱이다 30만원선에 저게 다 되다니 저장..,2385,2024-08-04,PmXU0SPTBUY
1인가구_자취,원룸 가전 세팅,33만원에 끝내는 첫 자취방 입주 필수템,원룸만들기,"전자레인지는 버튼식으로 사세요 꼭
레버는 30초 이런거  ㅈㄴ어려움",1154,2024-08-06,PmXU0SPTBUY
1인가구_자취,원룸 가전 세팅,33만원에 끝내는 첫 자취방 입주 필수템,원룸만들기,전자렌지는 중고를 사더라도 내부 녹슬지 않는거로 사세요 싸고 이쁜거 사면 내부 금방 녹슬어요 경험담이에요,370,2024-08-04,PmXU0SPTBUY
1인가구_자취,원룸 가전 세팅,33만원에 끝내는 첫 자취방 입주 필수템,원룸만들기,전 5년 후까지 ㅈㅂ 계속 있어주세요....제가 성인될 때까지...,638,2024-08-04,PmXU0SPTBUY
1인가구_자취,원룸 가전 세팅,33만원에 끝내는 첫 자취방 입주 필수템,원룸만들기,암막커튼은 흰색으로 사세요… 검정색 샀다가 3일 내 잘뻔 했습니다 ..ㅋㅋㅋ😂😂,91,2024-08-07,PmXU0SPTBUY
1인가구_자취,원룸 가전 세팅,33만원에 끝내는 첫 자취방 입주 필수템,원룸만들기,"자취할때 혼자 사실때 분리형 멀티쿠커 하나 꼭 사세요 님덜......ㅋㅋ 특히 탕냄비+구이용팬 따로 있는거....
굳이 가스불 앞에서 라면이나 샤브샤브 해먹을 필요도 없고 삼겹살 후라이팬으로 구울 필요도 없음
멀티쿠커면 끝남ㅋㅋㅋㅋ 가격도 5~6만원 미만인것들 많아서 잘보고 선택해서 구매하심됩니다",349,2024-08-04,PmXU0SPTBUY
1인가구_자취,원룸 가전 세팅,33만원에 끝내는 첫 자취방 입주 필수템,원룸만들기,"전자레인지는 레트로트 보다는 버튼식이 좋아요..30초1분 조절하려면 레버돌려
눈금맞추느라  좀 귀찮습니다..
오버쿡될때가 많아유",251,2024-08-05,PmXU0SPTBUY
1인가구_자취,원룸 가전 세팅,33만원에 끝내는 첫 자취방 입주 필수템,원룸만들기,"진짜.가장필요한건 제습기다,,",156,2024-08-08,PmXU0SPTBUY
1인가구_자취,원룸 가전 세팅,33만원에 끝내는 첫 자취방 입주 필수템,원룸만들기,선정리되는 것보다 바람 짱짱한 걸로..,15,2024-08-11,PmXU0SPTBUY
1인가구_자취,원룸 가전 세팅,33만원에 끝내는 첫 자취방 입주 필수템,원룸만들기,ㅋㅋㅋㅋ큐ㅠㅠ 냅다 박제와 정리해서 와주실줄은 몰랐습니다 ㅋ큐ㅠㅠㅠ 지인에게 이거 너 아니냐면서 제보받고 이제야 보게됐네요..! 정말 감사하게 잘 구입하겠습니다 항상 감사합니다❤,12,2024-08-07,PmXU0SPTBUY
1인가구_자취,원룸 가전 세팅,33만원에 끝내는 첫 자취방 입주 필수템,원룸만들기,"헙, 무옵션이면 냉장고랑 쿡탑도 없는거 아닐까요?
쿡탑은 나중에 필요하면 사더라도 소형 냉장고는 중고로라도 꼭 사셔야 할듯... 음식 남은거 바로바로 처리 못하면 벌레꼬여요!
그리고 여자분이라면 방범장치도 하나쯤은 사야할듯 싶습니더~
하나더 추가하자면 소화기나 소방 보조 장치.... 이건 돈이 모자라면 쉽게 포기할 물건 1순위라 오히려 먼저 챙겨야 할듯😢 건물에 화재보험 있는지도 꼭 확인해야 할 거 같아요.
아 맞다, 그리고 멀티탭이요! 화재도 걱정되고 고용량 멀티탭 아닌데 여러개 꽂아 썼다가 두꺼비집 나가는 수가 있음!",11,2024-11-28,PmXU0SPTBUY
1인가구_자취,원룸 가전 세팅,33만원에 끝내는 첫 자취방 입주 필수템,원룸만들기,다 너무 좋은데 전자렌지 건조대 드라이기는 당근으르 구하셔도됩니다!!!,20,2024-08-04,PmXU0SPTBUY
1인가구_자취,원룸 가전 세팅,33만원에 끝내는 첫 자취방 입주 필수템,원룸만들기,내가 자취생은 맞는데 캐나다 자취생이란 말야 알고리즘~ 꿀템들 넘 부럽네요ㅠ,4,2024-08-10,PmXU0SPTBUY
1인가구_자취,원룸 가전 세팅,33만원에 끝내는 첫 자취방 입주 필수템,원룸만들기,와 설입 ㅜ 예전에 자취했던 동네인데 반갑네요,6,2024-08-04,PmXU0SPTBUY
1인가구_자취,원룸 가전 세팅,33만원에 끝내는 첫 자취방 입주 필수템,원룸만들기,유익하네요,8,2024-08-04,PmXU0SPTBUY
1인가구_자취,원룸 가전 세팅,33만원에 끝내는 첫 자취방 입주 필수템,원룸만들기,이제 열흘간 폭염이라는데 가성비 좋은 드라이기 특집 한 번 부탁드려도 될까요...? 자취생은 아니지만 집이 좁고 통장은 텅텅이라 채널 항상 잘 보고 있습니다 저 자취하고나서도 계속 해주셔야 합니다😢😢😢,4,2024-08-04,PmXU0SPTBUY
1인가구_자취,원룸 가전 세팅,33만원에 끝내는 첫 자취방 입주 필수템,원룸만들기,그래서 자취도 안하는 학생인 전 왜 원룸만들기가 알고리즘에 뜨며 주인장이 점점 귀여워보이는거죠,7,2024-08-04,PmXU0SPTBUY
1인가구_자취,원룸 가전 세팅,33만원에 끝내는 첫 자취방 입주 필수템,원룸만들기,15살 주민인데 채널 너무 유익해요ㅠㅠ 저 성인될 때까지 해주셔야 합니다아ㅜ,1,2024-08-10,PmXU0SPTBUY
1인가구_자취,원룸 가전 세팅,33만원에 끝내는 첫 자취방 입주 필수템,원룸만들기,올해 첫자취 시작했는데 할때 많이 참고했습니다 감사합니다~,1,2024-08-07,PmXU0SPTBUY
1인가구_자취,원룸 가전 세팅,33만원에 끝내는 첫 자취방 입주 필수템,원룸만들기,빨래건조대는 ㄹㅇ 튼튼한 거 사세요… 이유는 저도 알고싶지 않았습니다..,1,2026-01-13,PmXU0SPTBUY
1인가구_자취,원룸 가전 세팅,33만원에 끝내는 첫 자취방 입주 필수템,원룸만들기,침대 프레임도 한번 추천해주세요!!,2,2024-08-05,PmXU0SPTBUY
1인가구_자취,원룸 가전 세팅,33만원에 끝내는 첫 자취방 입주 필수템,원룸만들기,"다이소에서 살것 나름 주방, 화장실, 거실 등등 나누어서 살거 적어두고 한번에 다녀오시면 편합니다!",1,2024-08-04,PmXU0SPTBUY
1인가구_자취,원룸 가전 세팅,33만원에 끝내는 첫 자취방 입주 필수템,원룸만들기,"자취할때 옷넣을때  행거랑 옷장 무엇이 좋은지 추천해주실수 있으신가요?
키가 작아서 키 작은 사람이 편하게 옷 넣고 할수있는걸로요",5,2024-08-04,PmXU0SPTBUY
1인가구_자취,원룸 가전 세팅,33만원에 끝내는 첫 자취방 입주 필수템,원룸만들기,드라이기는 진짜 신박하다,1,2025-02-26,PmXU0SPTBUY
1인가구_자취,원룸 가전 세팅,33만원에 끝내는 첫 자취방 입주 필수템,원룸만들기,웅니 저 동거 할 건데 말씀 해 주시는 거 전부 다 두명이 써도 괜찮을까요?? 😢,0,2024-08-11,PmXU0SPTBUY
1인가구_자취,원룸 가전 세팅,33만원에 끝내는 첫 자취방 입주 필수템,원룸만들기,매트리스는 자자 푹자 코자 중에 뭐 쓰시나요?,1,2024-09-09,PmXU0SPTBUY
1인가구_자취,원룸 가전 세팅,33만원에 끝내는 첫 자취방 입주 필수템,원룸만들기,제가 2학기에 첫 기숙사 생활을 하게 되는데 기숙사 추천템들도 알려주실 수 있나요??,0,2024-08-08,PmXU0SPTBUY
1인가구_자취,원룸 가전 세팅,33만원에 끝내는 첫 자취방 입주 필수템,원룸만들기,저는 중3인데 제가 원해서 자취를 하는데  아는게 별로 없어서 가구나 인테리어 소품 추천해 주세요.. 좀 비싸도 되요 ㅎㅎ,1,2025-02-18,PmXU0SPTBUY
1인가구_자취,원룸 가전 세팅,33만원에 끝내는 첫 자취방 입주 필수템,원룸만들기,찐으로 많이 썼던게 그 라면포트 그거였음 ㅋㅋㅋ,1,2025-01-25,PmXU0SPTBUY
1인가구_자취,원룸 가전 세팅,33만원에 끝내는 첫 자취방 입주 필수템,원룸만들기,아기방에 커튼없었는데 붙쳐줘야겠어요ㅎㅎ,1,2024-08-04,PmXU0SPTBUY
1인가구_자취,원룸 가전 세팅,33만원에 끝내는 첫 자취방 입주 필수템,원룸만들기,분리배출 투명봉투는 지차제마다 달라요,2,2024-08-05,PmXU0SPTBUY
1인가구_자취,원룸 가전 세팅,33만원에 끝내는 첫 자취방 입주 필수템,원룸만들기,와 선정리 드라이기 개꿀이다,0,2024-08-07,PmXU0SPTBUY
1인가구_자취,원룸 가전 세팅,33만원에 끝내는 첫 자취방 입주 필수템,원룸만들기,"전자레인지 저 비슷한거 쓰는데 세세한 설정 안되어서 불편하긴 해요
하지만 예뻤죠?",0,2024-08-24,PmXU0SPTBUY
1인가구_자취,원룸 가전 세팅,33만원에 끝내는 첫 자취방 입주 필수템,원룸만들기,"편의점용 전자레인지도 괜춘!
30초 1분 이런식으로 되어있어서 직관적으로 사용하기 편함",0,2025-02-01,PmXU0SPTBUY
1인가구_자취,원룸 가전 세팅,33만원에 끝내는 첫 자취방 입주 필수템,원룸만들기,"지금 제 상황인데 감사함다 ㅋㅋ 
풀옵션이었다가 무옵션으로 가게되었는뎊",0,2024-08-04,PmXU0SPTBUY
1인가구_자취,원룸 가전 세팅,33만원에 끝내는 첫 자취방 입주 필수템,원룸만들기,"전자레인지 버튼식. 딸깍하고 누를 수 있는거  터치식이라면 터치 버튼에 빛들어오거나 어두운 곳에서도 글자가 잘 보이는것. 

진짜 터치식은 바빠서 안보고 돌릴때 불편.

버튼식이 진짜 바쁠때 다른거 하면서도 손 감각으로 찾아서 휙휙 누를 수 있고 개굿",0,2025-01-10,PmXU0SPTBUY
1인가구_자취,원룸 가전 세팅,33만원에 끝내는 첫 자취방 입주 필수템,원룸만들기,내년에 첫 자취해야 되는데 좌식 화장대도 추천해주세요ㅜㅜ,0,2024-11-23,PmXU0SPTBUY
1인가구_자취,원룸 가전 세팅,33만원에 끝내는 첫 자취방 입주 필수템,원룸만들기,드라이기 신기하당,0,2025-01-05,PmXU0SPTBUY
1인가구_자취,원룸 가전 세팅,33만원에 끝내는 첫 자취방 입주 필수템,원룸만들기,혹시 메트리스 밑에 침대처럼 있는거 뭔지 알 수 있을까요?ㅠㅠ 침대를 사자니 너무 비싸고 메트리스 바닥에 놔두기에는 애매해서욥..ㅠㅠ 곧 자취 시작할 고2임당...,0,2024-08-07,PmXU0SPTBUY
1인가구_자취,원룸 가전 세팅,33만원에 끝내는 첫 자취방 입주 필수템,원룸만들기,개그프로그램보다 재미있음 ❤,0,2024-10-27,PmXU0SPTBUY
1인가구_자취,원룸 가전 세팅,33만원에 끝내는 첫 자취방 입주 필수템,원룸만들기,마지막 다이소 설입이다!!!!,0,2025-01-03,PmXU0SPTBUY
1인가구_자취,원룸 가전 세팅,33만원에 끝내는 첫 자취방 입주 필수템,원룸만들기,..이 영상을 지금 본 거 진짜 후회 중ㅠ,0,2025-02-15,PmXU0SPTBUY
1인가구_자취,원룸 가전 세팅,33만원에 끝내는 첫 자취방 입주 필수템,원룸만들기,매트리스는 꼭 비싼거 사세요. 건강을 위해,2,2025-04-14,PmXU0SPTBUY
1인가구_자취,원룸 가전 세팅,33만원에 끝내는 첫 자취방 입주 필수템,원룸만들기,혹시 저는 이번에 처음으로 기숙사를 다니는데 추천해주실만한 기숙사 개꿀템 알려주세요~~,0,2025-02-12,PmXU0SPTBUY
1인가구_자취,원룸 가전 세팅,33만원에 끝내는 첫 자취방 입주 필수템,원룸만들기,잘 봤습니다,0,2025-03-05,PmXU0SPTBUY
1인가구_자취,원룸 가전 세팅,33만원에 끝내는 첫 자취방 입주 필수템,원룸만들기,"여유있으면 에어프라이기....기름 감당이 안됨
요즘 에어프라이기 식품이 잘 나와서 추천.
데어먹기 좋음",0,2024-11-16,PmXU0SPTBUY
1인가구_자취,원룸 가전 세팅,33만원에 끝내는 첫 자취방 입주 필수템,원룸만들기,빨래 건조대는 침대 대신 써도 되겠어요ㅋㅋㅋ,0,2024-08-28,PmXU0SPTBUY
1인가구_자취,원룸 가전 세팅,33만원에 끝내는 첫 자취방 입주 필수템,원룸만들기,2년 후까지 계속 해주십쇼 나 제발 갓생살고 싶어,0,2024-08-06,PmXU0SPTBUY
1인가구_자취,원룸 가전 세팅,33만원에 끝내는 첫 자취방 입주 필수템,원룸만들기,저장❤,0,2024-08-04,PmXU0SPTBUY
1인가구_자취,원룸 가전 세팅,신혼집 아니고 혼자 삽니다 |  자취 가전 가구 구매 꿀팁,재이 Jaei,"그러게요 언제 결혼할지도 모르는데
꼭 싼것만 써야되는건 아니죠 
혼자 살더라도 요리를 많이하면 
종류별로 가지고있는게 좋아요 
사람마다 필요한 물건 갯수가 다 다르고 
주방은 특히.. 몇명인지가 아니라 그 주방을 쓰는 사람 기준입니당",1,2025-12-11,lua02YicFLU
1인가구_자취,원룸 가전 세팅,신혼집 아니고 혼자 삽니다 |  자취 가전 가구 구매 꿀팁,재이 Jaei,"안녕하세요 ! 알고리즘이 여기로 저를 이끌었어요,, 가전가구 알아보고 있었는데에!! ㅎㅎ 세탁기는 얼마주고 사셨을까요",1,2025-11-12,lua02YicFLU
1인가구_자취,원룸 가전 세팅,신혼집 아니고 혼자 삽니다 |  자취 가전 가구 구매 꿀팁,재이 Jaei,안녕하세요! 혹시 소파 정보도 알려주실 수 있을까요?!,1,2026-03-07,lua02YicFLU
1인가구_자취,원룸 가전 세팅,의외로 가성비 좋은 쿠쿠 자취가전 4가지,원룸만들기,"아니 제가 쿠쿠에 대해 단단히 오해를 하고 있더라고요;;
신혼 가전만 파는줄 알았는데 퀄 좋은 자취 가전이 이렇게 많다니 참나;;;

#쿠쿠 #1인가구용 #자취가전
**제품보기 버튼 누르거나, 프로필에서 스토어 탭 누르기!

1. 쿠쿠 마시멜로 미니 밥솥
- 55,000원
- 그냥 너무 귀여움 쪼꼬미
- 근데 백미, 잡곡, 이유식, 죽 등등 다 가능

2. 쿠쿠 무회전 전자레인지
- 99,000원
- 회전판이 없어서 편한데, 골고루 잘 데워줌
- 큰 편의점 도시락, 피자 넣어도 잘 데워짐 (25L 용량)

3. 쿠쿠 마시멜로 2.0 식기세척기 (최고였다)
- 275,000원
- 무타공인데다가 설치 엄청 쉬움
- 표준 세척, 강력, 급속, 저온, 열탕살균 등등 기능 엄청 많음
- 세척 다 끝나면 자동으로 문 열어서 내부 습기 빼줌
- 디스플레이로 남은 시간 볼 수 있음

4. 쿠쿠 필터형 정수기
- 19,000원
- 물통형이라 찐간편함 (전체 용량 3L / 정수 용량 1.7L)
- 카본블럭 필터라서 물 맛도 좋음
- 필터 1개로 500L까지 정수 가능함 (권장교체주기 3개월)",190,2025-09-11,Gs1M36hc-eg
1인가구_자취,원룸 가전 세팅,의외로 가성비 좋은 쿠쿠 자취가전 4가지,원룸만들기,"와 2인용 밥솥 가격 5만원대,, 진짜 가성비다ㅜㅜㅜ 하 미리 알았으면 쿠쿠꺼 사는건데ㅠㅠㅠㅠㅠㅠ",293,2025-09-11,Gs1M36hc-eg
1인가구_자취,원룸 가전 세팅,의외로 가성비 좋은 쿠쿠 자취가전 4가지,원룸만들기,아까 보다가 댓 남겻는데 안 올라가서 뭐지 했는데 광고가 안 달려 있었군요 ㅋㅋㅋ 정직하게 광고 표시하는 원룸 만들기 칭찬합니다 👍🏻,283,2025-09-11,Gs1M36hc-eg
1인가구_자취,원룸 가전 세팅,의외로 가성비 좋은 쿠쿠 자취가전 4가지,원룸만들기,"정수기 일년째 쓰고있는데 개편해용 왕추천!
필터 한번 끼우면 3달 쓸 수 있어서 브리타보다 싸고 정수 속도도 짱빠름
단 저 디스플레이는 기대하지마세요 자취방, 본가꺼 둘 다 고장나서 안나와요~ 그냥 캘린더에 필터교체시기 적어두시길 암튼 추천합니다",254,2025-09-11,Gs1M36hc-eg
1인가구_자취,원룸 가전 세팅,의외로 가성비 좋은 쿠쿠 자취가전 4가지,원룸만들기,미니 밥솥에다가 죽 끓어놓고 아침밥으로 먹고 나가면 넘 좋겠다,52,2025-09-11,Gs1M36hc-eg
1인가구_자취,원룸 가전 세팅,의외로 가성비 좋은 쿠쿠 자취가전 4가지,원룸만들기,개인적으로 밥솥이 진짜 탐나네요 ㅋㅋㅋㅋㅋ 맨날 햇반 사먹었는데 쓰레기 처리하는게 힘들었던...,33,2025-09-11,Gs1M36hc-eg
1인가구_자취,원룸 가전 세팅,의외로 가성비 좋은 쿠쿠 자취가전 4가지,원룸만들기,안그래도 요즘 미니밥솥 보고 있었는데 이런 타이밍에...!!,11,2025-09-12,Gs1M36hc-eg
1인가구_자취,원룸 가전 세팅,의외로 가성비 좋은 쿠쿠 자취가전 4가지,원룸만들기,귀여움게이지 원룸님으로 채워 써요 연기를 위해 태어난 요물 아니 요물같은 연기 아..아니,6,2025-09-12,Gs1M36hc-eg
1인가구_자취,원룸 가전 세팅,의외로 가성비 좋은 쿠쿠 자취가전 4가지,원룸만들기,"쿠쿠 미니밥솥 저거 말고 3만원대인것도 있는데(솥 처럼 생긴 1-2인용 밥솥. 연학 녹색 계열의 색상) 그 밥솥도 좋습니다!!(터치식 아님, 예약 기능 없움, 밥이항 계란찜정도까지만... 이유식은 모르겠음) 덕분에 엄마표 반찬과 직접 한 쌀밥으로 밥 먹습니다!!!",19,2025-09-17,Gs1M36hc-eg
1인가구_자취,원룸 가전 세팅,의외로 가성비 좋은 쿠쿠 자취가전 4가지,원룸만들기,"영상에 노출된 전자레인지는 신형인지 모르겠으나 저도 쿠쿠 무회전 전자레인지 쓰는데 넘 좋아요! 생각보다 잘 데워지고 저 돌아가는 거 안 닦아도 되고 물티슈로 슥슥하면 끝
자취템 중 잘산템 1위!",17,2025-09-11,Gs1M36hc-eg
1인가구_자취,원룸 가전 세팅,의외로 가성비 좋은 쿠쿠 자취가전 4가지,원룸만들기,식세기는 관심이 가네요,14,2025-09-11,Gs1M36hc-eg
1인가구_자취,원룸 가전 세팅,의외로 가성비 좋은 쿠쿠 자취가전 4가지,원룸만들기,와 댓글에 가격 정리해줘서 속시원함,22,2025-09-13,Gs1M36hc-eg
1인가구_자취,원룸 가전 세팅,의외로 가성비 좋은 쿠쿠 자취가전 4가지,원룸만들기,마시멜로 3인용식세기 버전1 잘쓰고있는데 얘는 불투명이라 온통 하얗고 문열림기능이 없어요. 하지만 가성비로 잘쓰고있는중!!,7,2025-09-12,Gs1M36hc-eg
1인가구_자취,원룸 가전 세팅,의외로 가성비 좋은 쿠쿠 자취가전 4가지,원룸만들기,민트색 가구 리뷰해주세요!,15,2025-09-11,Gs1M36hc-eg
1인가구_자취,원룸 가전 세팅,의외로 가성비 좋은 쿠쿠 자취가전 4가지,원룸만들기,무회전 전자레인지....신세계다. ...,7,2025-09-15,Gs1M36hc-eg
1인가구_자취,원룸 가전 세팅,의외로 가성비 좋은 쿠쿠 자취가전 4가지,원룸만들기,"오홋!!!식세기 나왔네!!!! 냄비 어느정도 크기까지 들어가요?
후라이팬은~~~궁금 궁금~~~🤔🤔",5,2025-09-11,Gs1M36hc-eg
1인가구_자취,원룸 가전 세팅,의외로 가성비 좋은 쿠쿠 자취가전 4가지,원룸만들기,쿠쿠 밥솥말고도 좋은게 많네요!!,6,2025-09-11,Gs1M36hc-eg
1인가구_자취,원룸 가전 세팅,의외로 가성비 좋은 쿠쿠 자취가전 4가지,원룸만들기,"무회전 전자레인지는 진짜 혁신이네요..!! 단점이나 제한은 없는 건가요??
마지막에 쿠쿠 노래 부르시는 것도 너무 귀여워요❤",0,2025-10-10,Gs1M36hc-eg
1인가구_자취,원룸 가전 세팅,의외로 가성비 좋은 쿠쿠 자취가전 4가지,원룸만들기,밥 많이 먹는 나한텐 하루에 2번 밥 하느라 불편할듯ㅋㅋㅋㅋㅋㅋ,2,2025-09-12,Gs1M36hc-eg
1인가구_자취,원룸 가전 세팅,의외로 가성비 좋은 쿠쿠 자취가전 4가지,원룸만들기,저 이불 저번 공구때 원룸만들기에서 사서 잘 쓰고 있습니다ㅋㅋ,2,2025-09-17,Gs1M36hc-eg
1인가구_자취,원룸 가전 세팅,의외로 가성비 좋은 쿠쿠 자취가전 4가지,원룸만들기,"진짜 예뻐요❤
제품 말고 언니요 ㅎㅎ😊",1,2025-09-12,Gs1M36hc-eg
1인가구_자취,원룸 가전 세팅,의외로 가성비 좋은 쿠쿠 자취가전 4가지,원룸만들기,미쳤다 다 사고 싶다ㅠ,2,2025-09-13,Gs1M36hc-eg
1인가구_자취,원룸 가전 세팅,의외로 가성비 좋은 쿠쿠 자취가전 4가지,원룸만들기,필터형 정수기 구매하러 갑니다~!😊,2,2025-09-11,Gs1M36hc-eg
1인가구_자취,원룸 가전 세팅,의외로 가성비 좋은 쿠쿠 자취가전 4가지,원룸만들기,아 이뿌다❤❤주인장❤❤,2,2025-09-11,Gs1M36hc-eg
1인가구_자취,원룸 가전 세팅,의외로 가성비 좋은 쿠쿠 자취가전 4가지,원룸만들기,헐 전부 탐나네요...내가 자취생이어야 이런걸 사는데...,2,2025-09-12,Gs1M36hc-eg
1인가구_자취,원룸 가전 세팅,의외로 가성비 좋은 쿠쿠 자취가전 4가지,원룸만들기,아니 저 중에서 전자렌지쿠쿠 겁나 탐나네유😂 쿠쿠해야겟는디요?❤,1,2025-09-11,Gs1M36hc-eg
1인가구_자취,원룸 가전 세팅,의외로 가성비 좋은 쿠쿠 자취가전 4가지,원룸만들기,밥솥이랑 정수기 너무 탐난다ㅠㅜ,2,2025-09-11,Gs1M36hc-eg
1인가구_자취,원룸 가전 세팅,의외로 가성비 좋은 쿠쿠 자취가전 4가지,원룸만들기,담번 전자렌지는 쿠쿠로.,4,2025-09-13,Gs1M36hc-eg
1인가구_자취,원룸 가전 세팅,의외로 가성비 좋은 쿠쿠 자취가전 4가지,원룸만들기,카레는 직접만드신거에여? 아니면 3분카레를 밥솥에 돌림검다요?,1,2025-09-12,Gs1M36hc-eg
1인가구_자취,원룸 가전 세팅,의외로 가성비 좋은 쿠쿠 자취가전 4가지,원룸만들기,"무선청소기
음쓰처리기도 좋을듯해선
관심갖고있는데
기회되면
다음에 해주세요",1,2025-09-23,Gs1M36hc-eg
1인가구_자취,원룸 가전 세팅,의외로 가성비 좋은 쿠쿠 자취가전 4가지,원룸만들기,오... 쿠쿠 아이디어 좋네,0,2025-09-13,Gs1M36hc-eg
1인가구_자취,원룸 가전 세팅,의외로 가성비 좋은 쿠쿠 자취가전 4가지,원룸만들기,쿠쿠 미쳤다,2,2025-09-12,Gs1M36hc-eg
1인가구_자취,원룸 가전 세팅,의외로 가성비 좋은 쿠쿠 자취가전 4가지,원룸만들기,"와 전자레인지 자취하는곳서 곰팡이랑 냄새 나서 원룸만들기 전자레인지 검색했는데 바로 있네여 
구매 고고씡",0,2025-09-15,Gs1M36hc-eg
1인가구_자취,원룸 가전 세팅,의외로 가성비 좋은 쿠쿠 자취가전 4가지,원룸만들기,쿠쿠 비데 정수기 쓰고있는데 쿠쿠미니 밥솥 어제 샀는데 예약기능 있으면 좋겠다 했는데 예약기능이 있는게 있었네 ....ㅋㅋ,0,2026-01-03,Gs1M36hc-eg
1인가구_자취,원룸 가전 세팅,의외로 가성비 좋은 쿠쿠 자취가전 4가지,원룸만들기,"밥솥 신상인데 공홈 쿠팡 네이버 중에 여기가 젤 싸서 여기서 샀어요.
기존에 쓰던건 6인 에그밥솥이고 이사하면서 집이 좁아져서 불편했는데 가격도 저렴해서 바꿨습니다.
다만 솥이 너무 작다보니 손으로 쌀 세척과 물 계량이 불가하므로 다이소에서 쌀 세척봉 사다 쓰시고 쌀컵 절대 잃어버리면 안됩니다!",0,2025-09-18,Gs1M36hc-eg
1인가구_자취,원룸 가전 세팅,의외로 가성비 좋은 쿠쿠 자취가전 4가지,원룸만들기,에어프라이기도 추천해주세요,0,2025-09-17,Gs1M36hc-eg
1인가구_자취,원룸 가전 세팅,의외로 가성비 좋은 쿠쿠 자취가전 4가지,원룸만들기,"I could use a rice cooker, but it should be for 500g at least.
Any sugestions?",0,2025-09-13,Gs1M36hc-eg
1인가구_자취,원룸 가전 세팅,의외로 가성비 좋은 쿠쿠 자취가전 4가지,원룸만들기,전기포트도 좋아용,1,2025-10-09,Gs1M36hc-eg
1인가구_자취,원룸 가전 세팅,의외로 가성비 좋은 쿠쿠 자취가전 4가지,원룸만들기,쿠쿠 좋네요,1,2025-09-12,Gs1M36hc-eg
1인가구_자취,원룸 가전 세팅,의외로 가성비 좋은 쿠쿠 자취가전 4가지,원룸만들기,햇반 쓰레기 버리는 거 죄책감 들었는데 밥솥은 사야겠다,0,2025-12-20,Gs1M36hc-eg
1인가구_자취,원룸 가전 세팅,의외로 가성비 좋은 쿠쿠 자취가전 4가지,원룸만들기,설치형이 아니면 식세기 물은 탱크가 따로 있는 건가요?,0,2026-03-21,Gs1M36hc-eg
1인가구_자취,원룸 가전 세팅,의외로 가성비 좋은 쿠쿠 자취가전 4가지,원룸만들기,저도 첫번째 은색밥솥 똑같은 거 쓰는데!반갑네요 이거 쓰고 햇반을 못먹어요 맛없어서,1,2025-09-12,Gs1M36hc-eg
1인가구_자취,원룸 가전 세팅,의외로 가성비 좋은 쿠쿠 자취가전 4가지,원룸만들기,"4인가족인 나는 왜 다사고싶은거지ㅋㅋ
요즘 1~2인 가전 왤케잘나오냐.. ㅠ",0,2026-01-18,Gs1M36hc-eg
1인가구_자취,원룸 가전 세팅,의외로 가성비 좋은 쿠쿠 자취가전 4가지,원룸만들기,쿠쿠 미니밥솥 기간이 언제까지인지 알 수 있을까용??,1,2025-09-13,Gs1M36hc-eg
1인가구_자취,원룸 가전 세팅,의외로 가성비 좋은 쿠쿠 자취가전 4가지,원룸만들기,엄마가 28년째 쓰신다.. 우리집 첫째딸인데 이유가 있음,2,2025-09-11,Gs1M36hc-eg
1인가구_자취,원룸 가전 세팅,의외로 가성비 좋은 쿠쿠 자취가전 4가지,원룸만들기,전부다 탐난다,2,2025-09-11,Gs1M36hc-eg
1인가구_자취,원룸 가전 세팅,의외로 가성비 좋은 쿠쿠 자취가전 4가지,원룸만들기,그냥 쿠쿠정수기 쓰세요 ㅋㅋ 필터 주기적으로 보내주고 좋더라구요.,0,2025-11-06,Gs1M36hc-eg
1인가구_자취,원룸 가전 세팅,의외로 가성비 좋은 쿠쿠 자취가전 4가지,원룸만들기,재생목록에 저장.,0,2025-09-11,Gs1M36hc-eg
1인가구_자취,원룸 가전 세팅,의외로 가성비 좋은 쿠쿠 자취가전 4가지,원룸만들기,덕에 2주만에 쓴 돈이 100마뉴ㅠㅠㅠㅠㅠㅠㅠㅠㅠㅠㅠㅠㅠㅠㅠㅠㅠㅠ,0,2025-10-08,Gs1M36hc-eg
1인가구_자취,원룸 가전 세팅,의외로 가성비 좋은 쿠쿠 자취가전 4가지,원룸만들기,전자레인지 탐난당,0,2026-01-17,Gs1M36hc-eg
1인가구_자취,원룸 가전 세팅,덥석 샀다가 후회한 자취템 모음,썰스데이,망설이는 이유가 가격이면 사고 사는 이유가 가격이면 사지마라. 이거 진짜 명언이다.,4827,2025-06-24,MiYYMETc2Ns
1인가구_자취,원룸 가전 세팅,덥석 샀다가 후회한 자취템 모음,썰스데이,"책상은 지가 안쓰는 개인 취향이구만.
나는 책상 없어서 답답해 죽을 뻔 했구만.",1095,2025-06-24,MiYYMETc2Ns
1인가구_자취,원룸 가전 세팅,덥석 샀다가 후회한 자취템 모음,썰스데이,책상은 필수야. 테이블? 의자랑 책상 없으면 계속 누워 있어야함. 밥먹는것도 불편하고. 걍 책상에 밥먹는게 짱임. 노는것도 컴퓨터로 하고 공부나 자기개발도 결국엔 책상이 필수임. 나도 자취 4년차인데 저거 없는 원룸 가니까 할것도 없고 계속 누워있게되더라. 결국 사왔음.,3901,2025-06-24,MiYYMETc2Ns
1인가구_자취,원룸 가전 세팅,덥석 샀다가 후회한 자취템 모음,썰스데이,극단적으로 사지마라 사라가 아니라 그냥 적당히 참고하고 본인에게 필요한게 뭔지 직접경험해보셈 사람마다 집마다 필요한게 다름,217,2025-06-24,MiYYMETc2Ns
1인가구_자취,원룸 가전 세팅,덥석 샀다가 후회한 자취템 모음,썰스데이,자취하면 뭐늘리지 말고 진짜 필요한것만 두고 사세요 이사할때 진짜 후회함 ㅠㅠ,813,2025-06-24,MiYYMETc2Ns
1인가구_자취,원룸 가전 세팅,덥석 샀다가 후회한 자취템 모음,썰스데이,"혼자살땐 여백의 미를 충실하게 실천해야 집에왔을땢정돈된 방을 보면서 힐링할수 있고 이사갈때도 번거롭지 않음.
이거 필요 할까? = 몇번 안씀",371,2025-06-25,MiYYMETc2Ns
1인가구_자취,원룸 가전 세팅,덥석 샀다가 후회한 자취템 모음,썰스데이,"제습기는 진짜사라....
방 습도도 잡지만 좁은 공간에 빨래 널면 여러모로 습한데 잡아줘서 좋음
그리고 처음에는 수납함 많이 사면 정리되겠지 싶은데 막 뒤쪽으로 깊은 형태아니면 오히려 집이 더 더러움...적당히 사면 좋음
그리고 가장 내 기준 명언은 잘버리는것이 중요!
나는 저장강박증이 있어서 쉽지는 않았는데
결국 안쓰는거랑 오래된거 버리면 결국 집은 넓어짐",481,2025-06-29,MiYYMETc2Ns
1인가구_자취,원룸 가전 세팅,덥석 샀다가 후회한 자취템 모음,썰스데이,처음부터 사지말고 살다가 정말 필요할때마다 사는걸 추천😂😂😂  오늘의 집 보다가 통장 다 털리는수가 있다. 왠만함 걍 당근거래도 추천,51,2025-06-30,MiYYMETc2Ns
1인가구_자취,원룸 가전 세팅,덥석 샀다가 후회한 자취템 모음,썰스데이,마지막 말 공감!한번에 버릴 생각말고 10리터종량제 사놓고 자주자주 잘버려야함,33,2025-07-23,MiYYMETc2Ns
1인가구_자취,원룸 가전 세팅,덥석 샀다가 후회한 자취템 모음,썰스데이,"자취하면 건조기 ㄹㅇ 개꿀임.. 빨래에 제습기 돌리려면 방 하나 남는곳에 해야하는데 원룸이면 제습기랑 같은 공간에 있어야돼서 ㅈㄴ건조함
차라리 창문열고 건조기 돌리는게 개꿀인데 빨래 가져다 하나씩 털어서 널고 건조한거 참아가면서 제습기 돌리고 몇시간 뒤에 내부건조모드로 바꾸고 꺼지면 물통 비우고 하는 일련의 과정이 사라짐
빨래 그냥 건조기에 갖다 쑤셔박고 돌리면 끝나고 건조기에서 하나씩 빼서 입으면 ㄱㅇㄷ",79,2025-07-04,MiYYMETc2Ns
1인가구_자취,원룸 가전 세팅,덥석 샀다가 후회한 자취템 모음,썰스데이,"제습기는 없으면 안된다 ,, 특히 장마철 진짜 제습기는 신이다",671,2025-06-24,MiYYMETc2Ns
1인가구_자취,원룸 가전 세팅,덥석 샀다가 후회한 자취템 모음,썰스데이,"자취뿐 아니라 모든 집에 해당됨 
최고의 인테리어는 청소와 잘 버리는것 쓸때 없이 짐 쌓지 않는 것임",81,2025-07-02,MiYYMETc2Ns
1인가구_자취,원룸 가전 세팅,덥석 샀다가 후회한 자취템 모음,썰스데이,"맞아 다이소 물건으로 정리한답시고 하나둘 늘어나면
우리집 더 구질구질해짐",161,2025-06-26,MiYYMETc2Ns
1인가구_자취,원룸 가전 세팅,덥석 샀다가 후회한 자취템 모음,썰스데이,"일년에 봄 가을로 두번
오래 안 쓴 물건 부터 버리는 습관을 들이는 것이
매우 중요합니다
안그러면 안쓰는 물건들로 집안이 방안이 넘침",15,2025-07-27,MiYYMETc2Ns
1인가구_자취,원룸 가전 세팅,덥석 샀다가 후회한 자취템 모음,썰스데이,"특히 공감 되는거 전기그릴...
회사에서 증정품 같은걸로 있길래 받았는데 박스 뜯지도 않음...
당근 할까 하는 찰나에 결혼하는 지인 형님한테 걍 넘김",13,2025-06-25,MiYYMETc2Ns
1인가구_자취,원룸 가전 세팅,덥석 샀다가 후회한 자취템 모음,썰스데이,책상 ㄹㅇ 필수 제습기는 집위치가 아주 좋은 곳이 아닌 이상 필수 중 필수,121,2025-06-24,MiYYMETc2Ns
1인가구_자취,원룸 가전 세팅,덥석 샀다가 후회한 자취템 모음,썰스데이,"접이식 식탁도 강추. 원룸에 책상도 식탁도 놓기 애매하면, 이케아나 국산 접이식 식탁... 진짜 공간 활용에 제격이고, 친구라도 놀러오면 쫙 펴서 넓직하게 사용하고, 혼자 있거나 자주 안 쓸 때는 접으면 완전 슬림해져서 편함. 나는 이케아 접이식 식탁을 중고로 샀는데 양 날개 다 펴면 6인도 가능하고, 날개 다 접으면 혼자 놋북하고 밥 먹기 딱 좋음. 슬림하니까 주방에 뒀다 방에 가져왔다 하면서 이동도 편하고, 어지간한 공간이면 딱딱 놓고 쓰기에도 좋음. 괜히 좁은 원룸 자취방에 큼직한 책상 둬서 답답하게 사느니, 접이식 식탁 강추함. 울 부모님도 집에 오실 때마다 접이식 식탁 이거 진짜 좋다고 올 때마다 칭찬...",49,2025-06-24,MiYYMETc2Ns
1인가구_자취,원룸 가전 세팅,덥석 샀다가 후회한 자취템 모음,썰스데이,"제일 중요한 거 - 벌크로 사지마라 
다이소에서 제일 사면 좋은 게 
치약 샴푸 바디클린져 비누 이런거임.
마트 가면 엄청 대용량으로 파는 경우가 많은데
그거 잘못사면 1년이 넘어 3-4년 쓸수도 있는
양도 판다. 4인 가족이 3개월 넘게 쓸 걸 가정
하는 양인데 다이소 건 작게 싸게 팜.",8,2025-09-15,MiYYMETc2Ns
1인가구_자취,원룸 가전 세팅,덥석 샀다가 후회한 자취템 모음,썰스데이,마지막이 킬포인트 같음 쓸데없는거 안사고 잘 버리는것,10,2025-06-25,MiYYMETc2Ns
1인가구_자취,원룸 가전 세팅,덥석 샀다가 후회한 자취템 모음,썰스데이,"좌식상을 책상처럼 쓰다가 허리 아프고 다리 아프고 너무 불편해서 버리고  책상 샀어요! 밥상, 공부, 컴퓨터 많이 하시면 완전 필요함
제습기도 필수입니다..!!!
환기 잘 안되는 집은 공기 청정기도요!",15,2025-08-16,MiYYMETc2Ns
1인가구_자취,원룸 가전 세팅,덥석 샀다가 후회한 자취템 모음,썰스데이,미니멀리즘 아니면 수납 잘 하게끔 사는게 맞음,34,2025-06-24,MiYYMETc2Ns
1인가구_자취,원룸 가전 세팅,덥석 샀다가 후회한 자취템 모음,썰스데이,건조기는 빨래가 많은 아이있는 집이 우선되고요 1인가구는 베란다분리형이나.. 같은 공간 안나오면 제습기만 사는게 좋습니다. 제습기는 호스연결 안해도 물통 비워줄수 있으니까요.,123,2025-06-24,MiYYMETc2Ns
1인가구_자취,원룸 가전 세팅,덥석 샀다가 후회한 자취템 모음,썰스데이,"제습기는 꼭 필요 하니 사세요
여름 곰팡이 습도 빨래에 좋아요
대신 물탱크 크고 신발도 말릴 수 있는 걸로 사세요",207,2025-06-25,MiYYMETc2Ns
1인가구_자취,원룸 가전 세팅,덥석 샀다가 후회한 자취템 모음,썰스데이,"양창 + 베란다 있는 집을 가는게 가장 중요함..
환기 하나로 실내 공기질 개선 + 제습 + 빨래 말리기까지 해결 가능함..",36,2025-06-25,MiYYMETc2Ns
1인가구_자취,원룸 가전 세팅,덥석 샀다가 후회한 자취템 모음,썰스데이,진짜 싸더라도 책상은 꼭 사라 갈때 버려 그냥 그래도 책상은 사,15,2025-07-08,MiYYMETc2Ns
1인가구_자취,원룸 가전 세팅,덥석 샀다가 후회한 자취템 모음,썰스데이,수납함은 적당히 있는게 좋음,631,2025-06-24,MiYYMETc2Ns
1인가구_자취,원룸 가전 세팅,덥석 샀다가 후회한 자취템 모음,썰스데이,"제습기는 필수임.
 근데 가습기는 필요없음. 수건 몇개 걸어놓음 갠찮아ㅋ",20,2025-06-24,MiYYMETc2Ns
1인가구_자취,원룸 가전 세팅,덥석 샀다가 후회한 자취템 모음,썰스데이,벽걸이에어컨+제습기는 진짜 여름에 신이라고 할만큼 필요하다.,11,2025-07-15,MiYYMETc2Ns
1인가구_자취,원룸 가전 세팅,덥석 샀다가 후회한 자취템 모음,썰스데이,"집이 좁을수록 제습기는 필수다. 
최하 15리터 이상 사는게 좋은게 
습할때 하루만에 한통이 꽉 찬다는거.
요새 봄가을까지 습도 장난 아니고 겨울에도 결로때문에 쓰는게 좋다는거",10,2025-07-30,MiYYMETc2Ns
1인가구_자취,원룸 가전 세팅,덥석 샀다가 후회한 자취템 모음,썰스데이,제습기는 필수임 ㄹㅇ,23,2025-06-24,MiYYMETc2Ns
1인가구_자취,원룸 가전 세팅,덥석 샀다가 후회한 자취템 모음,썰스데이,마지막 말은 진짜 공감 잘 버리는게 진짜 중요함,9,2025-06-24,MiYYMETc2Ns
1인가구_자취,원룸 가전 세팅,덥석 샀다가 후회한 자취템 모음,썰스데이,"제습기 10년동안 24시간 돌리고잇는데
겨울에는 진짜 한달돌려도 물한통찰정도로 건조한데
여름에는 하루 2번도 찰정도로 습함 ㄹㅇㅋㅋ",9,2025-06-26,MiYYMETc2Ns
1인가구_자취,원룸 가전 세팅,덥석 샀다가 후회한 자취템 모음,썰스데이,책상은 필요하지. 책상겸 티비 다이겸 화장대겸 식탁이니까 필수지,12,2025-07-13,MiYYMETc2Ns
1인가구_자취,원룸 가전 세팅,덥석 샀다가 후회한 자취템 모음,썰스데이,"제습기 필수. 화장실로 물호스 빼둘수 있으면 24시간 켜둬도 과하지 않음. 단 여름엔 얘때문에 좀 더울수 있는데 그래도 에어컨이랑 같이 풀가동하는게 나음.
빨래 잘마르고 집에 꿉꿉한 냄새나 음식냄새 덜나고 이불도 보송함.",8,2025-07-20,MiYYMETc2Ns
1인가구_자취,원룸 가전 세팅,덥석 샀다가 후회한 자취템 모음,썰스데이,맞아요 버릴줄 알아야함,8,2025-06-26,MiYYMETc2Ns
1인가구_자취,원룸 가전 세팅,덥석 샀다가 후회한 자취템 모음,썰스데이,"건조기는 삶의질 높여줘서 꼭사세요 원룸이여도 창문에 연결해서 습기배기구랑 연결하는거 대부분 같이 동봉되어 있어요 그걸로 창밖으로 습기뺄수 있고요 수건이 뽀송뽀송함이 차원이달라요 
근데 건조기랑 드럼세탁기랑 같이된건 사지말고 건조기는 꼭 따로된거 사세요 
미니건조기 쓰다가 일체형으로 바꿨는데 
습기배출구가 없어 그냥 따뜻한빨래가 나오는거라 문열어뒀다가 다시 또 돌려야해서 번거로워요",16,2025-06-26,MiYYMETc2Ns
1인가구_자취,원룸 가전 세팅,덥석 샀다가 후회한 자취템 모음,썰스데이,미니건조기는 습기배출구를 창문으로 해서 배출시킬 수 있는 구조면 무조건 쓰셈 쓰고 있는데 너무 만족중임 근데 그게 아니면 절대 쓰지마 좀만 돌려도 그냥 벽에 물방울 고이고 난리남,40,2025-06-24,MiYYMETc2Ns
1인가구_자취,원룸 가전 세팅,덥석 샀다가 후회한 자취템 모음,썰스데이,"미니 건조기 너무 만족함ㅋㅋ 대신 건조기
틀땐 제습기도 틉니다. 수건같은건 건조기에 넣고, 옷은 건조대에 말리면서
제습기 동시에 틈",4,2025-07-27,MiYYMETc2Ns
1인가구_자취,원룸 가전 세팅,덥석 샀다가 후회한 자취템 모음,썰스데이,전 미니건조기 추천! 사람마다 다르겠지만 밤이나 날씨안보고 빨래할수잏다는게 큰장점이고 빨래건조대 안둬도 되서 공간활용할 수있는 공간 확 늘어남,7,2025-07-06,MiYYMETc2Ns
1인가구_자취,원룸 가전 세팅,덥석 샀다가 후회한 자취템 모음,썰스데이,"저는 짐을 없게끔 만듬.
옷도 줄이고 모든 짐을 줄여야됨.",8,2025-06-25,MiYYMETc2Ns
1인가구_자취,원룸 가전 세팅,덥석 샀다가 후회한 자취템 모음,썰스데이,"작은 빌라 사는데 구구절절 맞아서  ㅎㅎ웃으며 무한반복중. 벌크로 사면 집 난장판되는 지름길, ㅎㅎㅎ",6,2025-07-18,MiYYMETc2Ns
1인가구_자취,원룸 가전 세팅,덥석 샀다가 후회한 자취템 모음,썰스데이,자취하면서 미니멀됨..최소한으로 사는게 좋은데 남들보다 사는거 없음에도 걍 짐 자체가 버거움..ㅠ,7,2025-12-18,MiYYMETc2Ns
1인가구_자취,원룸 가전 세팅,덥석 샀다가 후회한 자취템 모음,썰스데이,살아보고사 팩트  같은건물이여도 어느방은 습하고 어느방은 건조함,12,2025-06-25,MiYYMETc2Ns
1인가구_자취,원룸 가전 세팅,덥석 샀다가 후회한 자취템 모음,썰스데이,이거 진짜 자취해본 사람이 만든 글 맞는 듯 ㅋㅋ 뭔 건조기랑 벌크식량이어... 자취벙 냉장고 개작음 ㅋㅋ,6,2025-06-24,MiYYMETc2Ns
1인가구_자취,원룸 가전 세팅,덥석 샀다가 후회한 자취템 모음,썰스데이,제습기 완전 필수임 여름에 방 안으로 습기 금방 차고 베란다라고 있어봤자 세탁기나 건조대만 간신히 들어가는 정도의 너비라서 창문 연다고 마르질 않음. 걍 방안에 너는거나 마찬가지. 에어컨으로만 빨래 말릴 재력 없으면 빨래는 선풍기 차지고 빨래에 냄새나기 시작하면 답 없음.,6,2025-07-01,MiYYMETc2Ns
1인가구_자취,원룸 가전 세팅,덥석 샀다가 후회한 자취템 모음,썰스데이,팩트는 뭘 사면 그건 그냥 짐일뿐인 물건이 될 가능성 99퍼,13,2025-06-27,MiYYMETc2Ns
1인가구_자취,원룸 가전 세팅,덥석 샀다가 후회한 자취템 모음,썰스데이,자취 시작할 땐 있으면 좋은게 아니라 없으면 생활에 지장 있는 물건들만 사서 시작하는게 맞지. 지내다보면 남들이 좋다해도 안쓰는게 있고 안 좋다해도 자주 쓰는게 있음. 그때쯤이면 내 생활을 윤택하게 하고 유용하게 쓸 것들은 알아서 깨닫고 들이고 있더라.,76,2025-06-24,MiYYMETc2Ns
1인가구_자취,원룸 가전 세팅,덥석 샀다가 후회한 자취템 모음,썰스데이,"공간상자 튼튼한걸로 사면 정리도 되고, 침대도 되고, 책상도 되고. 제습기도 중요하지만, 벽에 물건 쌓으면 안됨. 곰팡이 낌.",7,2025-07-07,MiYYMETc2Ns
1인가구_자취,원룸 가전 세팅,덥석 샀다가 후회한 자취템 모음,썰스데이,가열식 가습기는 개강추 이거 산 다음 슬리퍼만 신으면 난방 안켜도 됨 바닥만 차갑지 집 진짜 따듯함,6,2025-06-27,MiYYMETc2Ns
1인가구_자취,원룸 가전 세팅,덥석 샀다가 후회한 자취템 모음,썰스데이,"오...
이건 진짜 자취13년차 맞네...
내집 아닌이상 불필요한거 사면
나중에 버리기도 힘들고 
좁은 집 더 꽉차서 답답해짐...
진짜 필요한것만 사고
버릴건 빨리 버리는게 좋음...",6,2025-06-29,MiYYMETc2Ns
1인가구_자취,원룸 가전 세팅,자취방 이사가면 제일 먼저 해야하는 일들 #shorts,자취남,"영상 보러가기 
https://youtu.be/r_WnNV0D40o",603,2023-01-04,fISg9850WHI
1인가구_자취,원룸 가전 세팅,자취방 이사가면 제일 먼저 해야하는 일들 #shorts,자취남,"진짜 흔하게 아는게 아니라
생각도 못한부분들 꿀팁을ㅋㅋ
진짜 고수다",24830,2023-01-10,fISg9850WHI
1인가구_자취,원룸 가전 세팅,자취방 이사가면 제일 먼저 해야하는 일들 #shorts,자취남,진짜 똑부러진다... 딴것도 딴 건데 현관문 고무패킹(?)이 진짜 보통 스펀지형 문풍지 바르고 끝낼텐데 고무 붙일 생각은 어케 했을까,10321,2023-01-08,fISg9850WHI
1인가구_자취,원룸 가전 세팅,자취방 이사가면 제일 먼저 해야하는 일들 #shorts,자취남,이게 진짜 찐..자취고수인거같다...,15623,2023-01-08,fISg9850WHI
1인가구_자취,원룸 가전 세팅,자취방 이사가면 제일 먼저 해야하는 일들 #shorts,자취남,"ㄹㅇ ㄹㅇ 저도 이러는데 ㅋㅋㅋ 그리고  입주할 때.
에어컨이랑 세탁기 완전 분해 청소부터 불러요. 
새거 아니면 절대 바로 쓰지마시고 꼭 기사님 불러서 청소하세요
기사님이 세탁기통 꺼내서 보여줬을 때 곰팡이 물때 양식하는 줄 알았고. 에어컨에선 에스프레소가 흘러나왔습니다...",2277,2023-01-09,fISg9850WHI
1인가구_자취,원룸 가전 세팅,자취방 이사가면 제일 먼저 해야하는 일들 #shorts,자취남,와 고무패킹은 진짜 잘하는거네. 멋있다.,10475,2023-01-07,fISg9850WHI
1인가구_자취,원룸 가전 세팅,자취방 이사가면 제일 먼저 해야하는 일들 #shorts,자취남,야무지시다 이런 분이 가족이고 친구면 인생의 질이 달라짐,1452,2023-01-11,fISg9850WHI
1인가구_자취,원룸 가전 세팅,자취방 이사가면 제일 먼저 해야하는 일들 #shorts,자취남,"저는 저런거 둔감한편이라...이 영상 보고 곧 자취 시작할때 구석구석 꼼꼼히 청소하고 신경써야겠네요
저런 세심함 부러워요",4022,2023-01-06,fISg9850WHI
1인가구_자취,원룸 가전 세팅,자취방 이사가면 제일 먼저 해야하는 일들 #shorts,자취남,자취할때 빨래랑 청소가 제일 번거로웠는데 비케몰에서 밀대랑 대형빨래망 사용하는데 괜찮습니다 밀대는 물청소용인데 걸레질 엎드려서 안해도 되서 좋아요,43,2025-09-07,fISg9850WHI
1인가구_자취,원룸 가전 세팅,자취방 이사가면 제일 먼저 해야하는 일들 #shorts,자취남,진짜 너무 바지런하고 야무지고 섬세하게 잘 사시는듯👍,713,2023-01-07,fISg9850WHI
1인가구_자취,원룸 가전 세팅,자취방 이사가면 제일 먼저 해야하는 일들 #shorts,자취남,"와 저역시 저렇게하는데 다들 모르면 안됩니당! 
변기커버 사이즈 측정 검색해서 하고 바꾸세요!!! 
변기청소는 업소용 s크린있는데 요게 요석때제거에 직방입니다 
그냥 묻히고 방치하면 됩니다 아무리 솔로 해도안지워지는거 한방에 그냥 싹 지워집니다 😀
렌지후드와 방문 손잡이도 청소해주세요 후드는 오븐크리너사셔서 후드청소하시면 잘닦입니다 업소용이거든요 ㅎㅎ방손잡이는 스텐이면 철수세미로 살살 해주시면되구 일반은 알콜로 소독하심됩니다. 생각보다 유리창 더럽습니다 ㅜ ㅜ 유리창과 방벽지도 소독하세요! 
바닥도 알콜,물1:1섞어서 바닥에 냅다 부어서 밀대로 닦으면 묶은때도잘벗겨지구요 !! 사람기름때도 잘닦여요 뽀득뽀득해집니다 사람은 온몸에서 유분이 나오니까 맨발로 다니면 당연히 더러워지겠죠! 
수전 손잡이 힘들게 닦지마시고 치약묻히고 칫솔로 살살하면 지워져요 
화장실도 그냥 홈스타 거품형 그냥 뿌리고 방치하고 
 다른대 청소하고 걍 물로 쏘세요 잘안되면 밀대형 바닥솔있어요 허리아끼세요
에어컨이랑 세탁기 무조건 사람 불러서 분해세척하세요
 셀프로하는거 아무리해도 안됩니다 
그냥 돈주고 본인시간 사시고 그 시간에 알바하세요 !!!! 
그래도 세탁기냄새가 안잡힌다? 물나오는곳 세탁기 필터 다시면됩니다 노후된배관이 원인일수있어서 샤워기 주방수전도 필터다는데 세탁기도 생각해보면 녹물 나오지않겠어요? ㅎㅎㅠ 
전 이거 덕분에 피부와 등드름 잡았습니다. 저는 이제 성인이고 혼자 살다보니 학생때 스트레스받았는데 화장품이문제가아니라 기본이 문제였던겁니다.. 몸에닿이는건 정말 수질만 달라져도 개선되더라구요.. 
 이사만 1n번 다닌 자취9년차+2@",757,2023-01-09,fISg9850WHI
1인가구_자취,원룸 가전 세팅,자취방 이사가면 제일 먼저 해야하는 일들 #shorts,자취남,다른건 다 알았는데 고무패킹은 생각도 못했다... 배워갑니다bb,194,2023-01-09,fISg9850WHI
1인가구_자취,원룸 가전 세팅,자취방 이사가면 제일 먼저 해야하는 일들 #shorts,자취남,변기커버 한번 해보고나면 그 다음부턴 개쉬움 저거랑 샤워기 교체까지하면 속시원 그래도 사는 동안은 내 보금자리니까 공중화장실하곤 다른 개념이고 깨끗하면 좋지 뭐,5,2024-06-13,fISg9850WHI
1인가구_자취,원룸 가전 세팅,자취방 이사가면 제일 먼저 해야하는 일들 #shorts,자취남,이분꺼 최근에보고 할수있는게 많은걸 느끼고 바로 한번씩보려고 좋아요 눌렀는데..,16,2023-01-04,fISg9850WHI
1인가구_자취,원룸 가전 세팅,자취방 이사가면 제일 먼저 해야하는 일들 #shorts,자취남,고무는 진짜 꿀팁이네용!!,46,2023-01-09,fISg9850WHI
1인가구_자취,원룸 가전 세팅,자취방 이사가면 제일 먼저 해야하는 일들 #shorts,자취남,아이구 깔끔하셔라~~ 정리정돈 잘 하는 사람이 뭘 해도 야무지게 잘하드라구요,17,2023-01-07,fISg9850WHI
1인가구_자취,원룸 가전 세팅,자취방 이사가면 제일 먼저 해야하는 일들 #shorts,자취남,"진짜 잘산다는 표현
딱인듯",196,2023-01-11,fISg9850WHI
1인가구_자취,원룸 가전 세팅,자취방 이사가면 제일 먼저 해야하는 일들 #shorts,자취남,앗 저는 화장실은 락스로 씻어버리고 세탁기 청소부터 하는데 칼집 청소는 생각도 못했네요 따로 나무 칼집을 새로 사서 써버릇해가지고;;; 이야 깔끔하시다...,133,2023-01-10,fISg9850WHI
1인가구_자취,원룸 가전 세팅,자취방 이사가면 제일 먼저 해야하는 일들 #shorts,자취남,ㅎㅎ이분꺼 보면서 많이 배웠다능ㅋㅋㅋ👍,157,2023-01-04,fISg9850WHI
1인가구_자취,원룸 가전 세팅,자취방 이사가면 제일 먼저 해야하는 일들 #shorts,자취남,와 칼 넣는거 닦는건 생각도 못했네 다양한 꿀템들 많네.. 알리에 싼걸로 하나 사봐야겠다..,3,2024-06-21,fISg9850WHI
1인가구_자취,원룸 가전 세팅,자취방 이사가면 제일 먼저 해야하는 일들 #shorts,자취남,진짜 꿀팁 많이 얻어갑니다... 진짜 잘산다는 말이 절로 나오네ㅋㅋㅋㅋ,13,2023-01-10,fISg9850WHI
1인가구_자취,원룸 가전 세팅,자취방 이사가면 제일 먼저 해야하는 일들 #shorts,자취남,똑똑하고 꼼꼼하니 보는내가 기분이 좋아요~간간히 알콜소독으로 살균을 하시면좋아요~,2,2023-01-08,fISg9850WHI
1인가구_자취,원룸 가전 세팅,자취방 이사가면 제일 먼저 해야하는 일들 #shorts,자취남,제가 무조건 하는 두가진데.. 저게 생각을 못 해서 안 한다기 보다는 위생관념이 평균보다 좀 높은거라고 보시면 될 것 같아요. 그게 겸험에 의한것이든 교육에 의한 것이든요.. 저도 처음에는 저렇지는 않았는데 이사와서 변기커버 올렸는데 곰팡이 쓸어 있고 오줌 누렇게 묻어 있고 그런거 보면은 안 할 수가 없어요...,3,2023-10-02,fISg9850WHI
1인가구_자취,원룸 가전 세팅,자취방 이사가면 제일 먼저 해야하는 일들 #shorts,자취남,👍,1,2023-01-13,fISg9850WHI
1인가구_자취,원룸 가전 세팅,자취방 이사가면 제일 먼저 해야하는 일들 #shorts,자취남,"이거랑 신축 첫 입주 아니라면 에어컨, 특히 세탁기!! 청소 꼭 해야함",15,2023-01-09,fISg9850WHI
1인가구_자취,원룸 가전 세팅,자취방 이사가면 제일 먼저 해야하는 일들 #shorts,자취남,오 마지막 3번째꺼는 계속 찾던건데 ㄹㅇ 꿀인데요 ㄷㄷ 감사합니다,1,2023-01-12,fISg9850WHI
1인가구_자취,원룸 가전 세팅,자취방 이사가면 제일 먼저 해야하는 일들 #shorts,자취남,꿀팁 많네요. 저도 이사할때 세탁기는 꼭 청소맡겨요,5,2023-01-08,fISg9850WHI
1인가구_자취,원룸 가전 세팅,자취방 이사가면 제일 먼저 해야하는 일들 #shorts,자취남,칼집.. 청소.. 메모..,1,2023-09-25,fISg9850WHI
1인가구_자취,원룸 가전 세팅,자취방 이사가면 제일 먼저 해야하는 일들 #shorts,자취남,현관문 문틀에있는 고무를 가스켓이라고 하는데. 가끔 아예 없는집도 있고. 오래되서 눌리거나 변형되서 제 기능을 못하능 경우도 있습니다. 외기를 막고 문닫을때 쾅쾅닫히는것도 방지해주니까 몇년에 한번씩 바꿔주시면 좋습니다. 교체도 쉬워요,6,2023-01-09,fISg9850WHI
1인가구_자취,원룸 가전 세팅,자취방 이사가면 제일 먼저 해야하는 일들 #shorts,자취남,나만 그런게 아니었군.,1,2023-09-29,fISg9850WHI
1인가구_자취,원룸 가전 세팅,자취방 이사가면 제일 먼저 해야하는 일들 #shorts,자취남,아따 야무지다잉.,9,2023-01-06,fISg9850WHI
1인가구_자취,원룸 가전 세팅,자취방 이사가면 제일 먼저 해야하는 일들 #shorts,자취남,"야무지네,,",0,2023-06-14,fISg9850WHI
1인가구_자취,원룸 가전 세팅,자취방 이사가면 제일 먼저 해야하는 일들 #shorts,자취남,자취하는 분들 이것들은 정말 다 기본 중에 기본입니다 ㅜㅜ 꼭하셔야 해요!!,3,2023-01-16,fISg9850WHI
1인가구_자취,원룸 가전 세팅,자취방 이사가면 제일 먼저 해야하는 일들 #shorts,자취남,"똑똑하고 지혜롭고 현명하네요..
시간지나고 익숙한채로 
우리는 엄청난 먼지와 세균속에
노출되어 있다는사실..그래서
조금씩은 깔끔떨어도 된다.",1,2023-01-12,fISg9850WHI
1인가구_자취,원룸 가전 세팅,자취방 이사가면 제일 먼저 해야하는 일들 #shorts,자취남,진짜 야무지게 잘 사시는듯 ㅋㅋ,4,2023-01-08,fISg9850WHI
1인가구_자취,원룸 가전 세팅,자취방 이사가면 제일 먼저 해야하는 일들 #shorts,자취남,진짜 깔끔하다,1,2023-01-10,fISg9850WHI
1인가구_자취,원룸 가전 세팅,자취방 이사가면 제일 먼저 해야하는 일들 #shorts,자취남,원룸이라도 중문있으면 좋음..그게 은근 개꿀..,20,2023-01-08,fISg9850WHI
1인가구_자취,원룸 가전 세팅,자취방 이사가면 제일 먼저 해야하는 일들 #shorts,자취남,"내가 자취시작하고 직접 고무패킹 뜯고 교체하고 문풍지 잘라서 붙이고 문안닫혀서 다시 붙이고 할줄 몰랐다,,, 자취는 참 정말 많은걸 알려주는거같음. 내가 살면서 저런걸 알게되다니 싶은게 많음.. 엄마랑 할머니 대단해 진짜",2,2023-01-15,fISg9850WHI
1인가구_자취,원룸 가전 세팅,자취방 이사가면 제일 먼저 해야하는 일들 #shorts,자취남,역시배움은끝이없네여 생각만햇지 실천은힘든뎅,5,2023-01-06,fISg9850WHI
1인가구_자취,원룸 가전 세팅,자취방 이사가면 제일 먼저 해야하는 일들 #shorts,자취남,와 저랑 똑같아요 1n년간 꽤 많이 옮겨 다녔는데 이사하고 2주 동안 쉴시간이 없음 구석구석 다 뜯어서 청소하느라 .. ㅎㅎ야무진 친구 보니까 반갑네용,1,2023-01-09,fISg9850WHI
1인가구_자취,원룸 가전 세팅,자취방 이사가면 제일 먼저 해야하는 일들 #shorts,자취남,"냉장고에 43kg 적어두신거 너무 귀엽다 ㅋㅋㅋㅋㅋ
목표 몸무게이신가보네 ㅋㅎㅋㅎㅋㅎㅋ 화이팅이에요!!",4,2023-01-13,fISg9850WHI
1인가구_자취,원룸 가전 세팅,자취방 이사가면 제일 먼저 해야하는 일들 #shorts,자취남,곧 자취방 이사하는데… 참고해야겠네요ㅎㅎ,1,2023-01-11,fISg9850WHI
1인가구_자취,원룸 가전 세팅,자취방 이사가면 제일 먼저 해야하는 일들 #shorts,자취남,"나도 일일이 칼집도 열어서 씻고, 서랍장 문짝부터 어차피 자주하지않을테니 처음엔 다 닦자는 생각으로 온 집안을 다닦음 ㄹㅇㅋㅋㅋㅋ(새로 산 가구도 일단 닦고봄)
며칠걸리는 개노동인데 물탄 락스로 살짝 물티슈 적셔셔 다 닦고나면 마음이 편안해짐...
정리며 청소며 하는거보고 남친이 결혼하고싶어졌다고 그러더라고요

+ 추가
참고로 깔끔한거 좋아하시는 분들은 장판 걸레받이 위, 콘센트 또는 등 스위치 위도 먼지 꽤 많아요~
문틀에 벌레들도 다 처분해주시는게 좋습니다! 벌레가 있을수록 계속 꼬이는것 같더라고요ㅠㅠ

++ 화장실 배수구도 한번 싹 락스 뿌리고 닦아주고(머리카락 뭉쳐있는 경우도 많음)
샤워헤드랑 호스도 새거로 갈아줍니다.
가스렌지도 전체가 더러우면 세제묻힌 물티슈로 슉닥 닦고, 새물티슈로 마무리해주기도합니다(냄비받이?같은거만 씻을거면 뽑아서 베이킹소다로 씻어도 됩니다)
청소하면 마음이 편안",54,2023-01-09,fISg9850WHI
1인가구_자취,원룸 가전 세팅,자취방 이사가면 제일 먼저 해야하는 일들 #shorts,자취남,진짜 꼼꼼하게 사시는 것 같아서 본받고 갑니다 ~ 𖤐.•.,0,2023-01-13,fISg9850WHI
1인가구_자취,원룸 가전 세팅,자취방 이사가면 제일 먼저 해야하는 일들 #shorts,자취남,"변기는 락스로 닦아버리면 그만이지만
칼집 분리되는거 처음알았고,
현관고무패킹은 꿀팁이다",13,2023-02-21,fISg9850WHI
1인가구_자취,원룸 가전 세팅,자취방 이사가면 제일 먼저 해야하는 일들 #shorts,자취남,어피치 해맑네,1,2023-04-12,fISg9850WHI
1인가구_자취,원룸 가전 세팅,자취방 이사가면 제일 먼저 해야하는 일들 #shorts,자취남,저남잔데 저런거 기본이라고생각했는데 ..층간소음때문에 카페트도깔고. 현관방음처리하고. 커버바꾸고. 나도잘하고사는거였구나…대견대견..,30,2023-01-09,fISg9850WHI
1인가구_자취,원룸 가전 세팅,자취방 이사가면 제일 먼저 해야하는 일들 #shorts,자취남,"ㄹㅇ 바꾸면 비싼 비데는 아니어도 
변기엉따로 바꾸는게... 신세계임
특히 여자는요..",536,2024-01-21,fISg9850WHI
1인가구_자취,원룸 가전 세팅,자취방 이사가면 제일 먼저 해야하는 일들 #shorts,자취남,저렇게까지 할거면 애초에 칼꽂이를 하나 사서 두겠노 ㅋㅋ,2,2023-01-14,fISg9850WHI
1인가구_자취,원룸 가전 세팅,자취방 이사가면 제일 먼저 해야하는 일들 #shorts,자취남,저는 사비들여서 세탁조 청소 맡긴적도 있음 세탁기 진짜 엄~청 더러워요...,14,2023-01-07,fISg9850WHI
1인가구_자취,자취방 주방 꾸미기,이렇게만 정리하면 좁은 주방도 넓어진다!,홈썸,베너 클릭후 들어가보니 같은제품이 아닌데요? 칸마다 높이조절 어케함? 같은상품아니넹ㅅ,2,2026-01-04,vuXkhCSBr_g
1인가구_자취,자취방 주방 꾸미기,이렇게만 정리하면 좁은 주방도 넓어진다!,홈썸,이건 나만몰랐네!,2,2025-09-29,vuXkhCSBr_g
1인가구_자취,자취방 주방 꾸미기,이렇게만 정리하면 좁은 주방도 넓어진다!,홈썸,제품 볼려고하는데5초뒤에도 제품링크가 안 나오는데 어디서 구매하는지 알수있을까요?,1,2025-11-25,vuXkhCSBr_g
1인가구_자취,자취방 주방 꾸미기,이렇게만 정리하면 좁은 주방도 넓어진다!,홈썸,영상에 나오는 크기는 업네요,10,2025-02-24,vuXkhCSBr_g
1인가구_자취,자취방 주방 꾸미기,이렇게만 정리하면 좁은 주방도 넓어진다!,홈썸,냉정하게 이동식이 필요한지 모르겠음 죄다 콘센트 꽂아 놓고 쓸텐데,14,2025-11-05,vuXkhCSBr_g
1인가구_자취,자취방 주방 꾸미기,이렇게만 정리하면 좁은 주방도 넓어진다!,홈썸,슬라이드 수납장 구입 하고싶습니다 어디서 사는지요?,1,2026-02-25,vuXkhCSBr_g
1인가구_자취,자취방 주방 꾸미기,이렇게만 정리하면 좁은 주방도 넓어진다!,홈썸,"못찿으니
 쿠팡서 판매 하나요?",1,2025-09-30,vuXkhCSBr_g
1인가구_자취,자취방 주방 꾸미기,이렇게만 정리하면 좁은 주방도 넓어진다!,홈썸,어디꺼에여?,2,2025-08-26,vuXkhCSBr_g
1인가구_자취,자취방 주방 꾸미기,이렇게만 정리하면 좁은 주방도 넓어진다!,홈썸,스티커 눌러도 다른제품 2갠데요?ㅋㅋ레일로 위 아래 높낮이 조절이 어디 가능함?프레임이 다른데;;,1,2026-05-19,vuXkhCSBr_g
1인가구_자취,자취방 주방 꾸미기,이렇게만 정리하면 좁은 주방도 넓어진다!,홈썸,"슬라이드 서랍장 하나 사고
싶은대요 어떻게 해아 대나요
전화번호를 가려켜 줏어면 합
니다 꼭 사고 싶네요",1,2025-04-30,vuXkhCSBr_g
1인가구_자취,자취방 주방 꾸미기,이렇게만 정리하면 좁은 주방도 넓어진다!,홈썸,좌측에 안떠요,1,2025-11-12,vuXkhCSBr_g
1인가구_자취,자취방 주방 꾸미기,이렇게만 정리하면 좁은 주방도 넓어진다!,홈썸,가격긍금해요,1,2025-09-20,vuXkhCSBr_g
1인가구_자취,자취방 주방 꾸미기,이렇게만 정리하면 좁은 주방도 넓어진다!,홈썸,같은제품이 아니네요,4,2025-07-06,vuXkhCSBr_g
1인가구_자취,자취방 주방 꾸미기,이렇게만 정리하면 좁은 주방도 넓어진다!,홈썸,주방이 너무나 넓은걸요😢,1,2026-02-15,vuXkhCSBr_g
1인가구_자취,자취방 주방 꾸미기,이렇게만 정리하면 좁은 주방도 넓어진다!,홈썸,전혀 다른제품 이런건 신고하고 가야됨😮,0,2026-04-27,vuXkhCSBr_g
1인가구_자취,자취방 주방 꾸미기,이렇게만 정리하면 좁은 주방도 넓어진다!,홈썸,중국답다....싼티팍팍😂😂,11,2025-02-26,vuXkhCSBr_g
1인가구_자취,자취방 주방 꾸미기,이렇게만 정리하면 좁은 주방도 넓어진다!,홈썸,"제품 구매 방법❤️
쇼츠 영상 중간에 좌측 하단에 뜨는 배너 클릭!
(안 보이면 댓글 남겨주세요)",0,2025-02-19,vuXkhCSBr_g
1인가구_자취,자취방 주방 꾸미기,이렇게만 정리하면 좁은 주방도 넓어진다!,홈썸,제품정보궁금해요,1,2025-03-31,vuXkhCSBr_g
1인가구_자취,자취방 주방 꾸미기,요즘 원룸 오피스텔 주방이 좁게 나오는 이유 #shorts,자취남,"풀영상 보러가기>> (재밌음…)
https://youtu.be/YH9pjaTRjrY",45,2023-03-24,6Qqg7QxoCmo
1인가구_자취,자취방 주방 꾸미기,요즘 원룸 오피스텔 주방이 좁게 나오는 이유 #shorts,자취남,진짜 본가오면 요리를 진짜 사먹을 필요없이 꾸준히 하는데 자취방가면 요리를 안하게 돼요.. 요리할 공간이 안나오니까 그냥 답답해서 잘 안하게되는듯..ㅠㅠ,2592,2023-03-25,6Qqg7QxoCmo
1인가구_자취,자취방 주방 꾸미기,요즘 원룸 오피스텔 주방이 좁게 나오는 이유 #shorts,자취남,진짜 본가가면 궁궐같이 느껴짐ㅋㅋㅋ,609,2023-03-25,6Qqg7QxoCmo
1인가구_자취,자취방 주방 꾸미기,요즘 원룸 오피스텔 주방이 좁게 나오는 이유 #shorts,자취남,공감이다ㅋㅋㅋㅋㅋㅋㅋ 어차피 요리안할거 앎~ 주방 모양만 내자,643,2023-03-24,6Qqg7QxoCmo
1인가구_자취,자취방 주방 꾸미기,요즘 원룸 오피스텔 주방이 좁게 나오는 이유 #shorts,자취남,요리를 하려면 부엌이 넓어야 뭘 시도해도 할수 있음 전형적인 좁은 원룸 에서도 집밥 잘해먹고 사는 사람은 진짜 고수다... 그런 사람 드뭄 진짜로,1581,2023-03-27,6Qqg7QxoCmo
1인가구_자취,자취방 주방 꾸미기,요즘 원룸 오피스텔 주방이 좁게 나오는 이유 #shorts,자취남,개공감 ㅋㅋㅋㅋㅋ 요리공간도 공간인디 싱크대 한칸 개빡침 설거지하려면 뒤적뒤적...,65,2023-04-24,6Qqg7QxoCmo
1인가구_자취,자취방 주방 꾸미기,요즘 원룸 오피스텔 주방이 좁게 나오는 이유 #shorts,자취남,이분 말씀하시는 거 개웃김ㅋㅋㅋㅋㅋㅋㅋㅋㅋ,142,2023-03-24,6Qqg7QxoCmo
1인가구_자취,자취방 주방 꾸미기,요즘 원룸 오피스텔 주방이 좁게 나오는 이유 #shorts,자취남,진짜 주방 구조나 주방 크기가 요리하는 심리에 영향을 미치는거 같아요.. 이전 집에서는 주방이 깨끗하고 구조가 좋아서 요리도 해먹고 잘 살았는데 이사오고서는 주방에 가기가 싫네요ㅜ,74,2023-04-19,6Qqg7QxoCmo
1인가구_자취,자취방 주방 꾸미기,요즘 원룸 오피스텔 주방이 좁게 나오는 이유 #shorts,자취남,저 공간에서 요리 해보면 식재료를 자주 흘리곤 합니다😢,301,2023-03-24,6Qqg7QxoCmo
1인가구_자취,자취방 주방 꾸미기,요즘 원룸 오피스텔 주방이 좁게 나오는 이유 #shorts,자취남,그냥 배달음식 시켜 먹어라~  이거 같음,65,2023-03-24,6Qqg7QxoCmo
1인가구_자취,자취방 주방 꾸미기,요즘 원룸 오피스텔 주방이 좁게 나오는 이유 #shorts,자취남,"쪼끄만 원룸 월세로 살면서 돈 아껴야하니 해먹으려는데 주방은 좁아터졌고 식재료는 대용량 아니면 비싸고.. (많이 사놓으려고 해도 냉장고가 작고 ㅋㅋ)
사회초년생 1인 가구 힘냅시다 ㅠ",485,2023-04-01,6Qqg7QxoCmo
1인가구_자취,자취방 주방 꾸미기,요즘 원룸 오피스텔 주방이 좁게 나오는 이유 #shorts,자취남,"원룸에서 주방설계 항상 저렇게 하는거 보고 아줌마인 저는 디자이너가 남자구나 요리를 해본적이 없는 사람이거나 진짜 대충 일하는구나 라고 생각했는데
저만 그런 생각을 한건 아니였군요",73,2023-04-05,6Qqg7QxoCmo
1인가구_자취,자취방 주방 꾸미기,요즘 원룸 오피스텔 주방이 좁게 나오는 이유 #shorts,자취남,최소한의 의식주만 해결 히라는거지... 싼집에 사는데 돈을 모으기 힘든 이유... 해먹을수 없으니 잦은 외식,31,2023-05-06,6Qqg7QxoCmo
1인가구_자취,자취방 주방 꾸미기,요즘 원룸 오피스텔 주방이 좁게 나오는 이유 #shorts,자취남,ㄹㅇ원룸 자취방이란 그냥 잠만자고 밥은 나가서 먹으라는거임 . 인간적인 살림 불가,17,2023-05-27,6Qqg7QxoCmo
1인가구_자취,자취방 주방 꾸미기,요즘 원룸 오피스텔 주방이 좁게 나오는 이유 #shorts,자취남,차선책으로 도마를 좀 큰 사이즈로해서 싱크볼에 걸쳐서 쓰는 방법도 ~,21,2023-03-26,6Qqg7QxoCmo
1인가구_자취,자취방 주방 꾸미기,요즘 원룸 오피스텔 주방이 좁게 나오는 이유 #shorts,자취남,싱크대롤매트 사서 놓으면 싱크대공간까지 쓸수있어요! 그래도 개쫍긴 함...😂,16,2023-03-30,6Qqg7QxoCmo
1인가구_자취,자취방 주방 꾸미기,요즘 원룸 오피스텔 주방이 좁게 나오는 이유 #shorts,자취남,이렇게 좁은 곳은 씽크대 상판밑에 필요 할때만 꺼내서 쓸 수 있는 도마가 빌트윈으로 설치 되어 있으면 편리하겠네요,12,2023-04-12,6Qqg7QxoCmo
1인가구_자취,자취방 주방 꾸미기,요즘 원룸 오피스텔 주방이 좁게 나오는 이유 #shorts,자취남,"취미로 요리경력 7년, 자취 1년차 남자인데 원룸에서 간장게장 담그고 곰탕, 감자탕 끓이고 온갖 파스타 섭렵에 수비드, 오븐 돌려댐. 어지간한 양식 중식 일식 한식 다 해봤고 집에 직장동료들 초대하면 다들 감탄하고 감 ㅋㅋㅋ 내 원룸 4.5평이라 너무 좁아서 좀 버겁긴함. 본가 가서 요리하면 너무 쾌적하더라. 무조건 주방 넓은 집으로 이사할거.",15,2023-04-24,6Qqg7QxoCmo
1인가구_자취,자취방 주방 꾸미기,요즘 원룸 오피스텔 주방이 좁게 나오는 이유 #shorts,자취남,저도 조리대 공간이 부족해서 개수대라고 하나? 여기에 걸쳐지는 사이즈의 나무 도마를 사서 사용하는데 김치국물 같은게 개수대로 바로 흐르니까 세척도 편하고 좋더라구요. 추천!,161,2023-03-24,6Qqg7QxoCmo
1인가구_자취,자취방 주방 꾸미기,요즘 원룸 오피스텔 주방이 좁게 나오는 이유 #shorts,자취남,나무도마를 싱크볼 사이즈로 사면 된다,2,2024-01-29,6Qqg7QxoCmo
1인가구_자취,자취방 주방 꾸미기,요즘 원룸 오피스텔 주방이 좁게 나오는 이유 #shorts,자취남,살림은 요령이라 많이 해 본 사람들은 좁아도 다 해요 ㅋㅋㅋㅋㅋ 요리할때 주변 상태보고 대충 내공을 가늠할 수 있음.,8,2023-04-23,6Qqg7QxoCmo
1인가구_자취,자취방 주방 꾸미기,요즘 원룸 오피스텔 주방이 좁게 나오는 이유 #shorts,자취남,주방 넓은데서 자취 할 때는 거의 집에서 해 먹었는데 좁은 곳으로 이사하고 나니깐 뭐 하나 하려면 다 치웠다 다시 꺼내오고를 반복해야해서 노동력이 훨씬 많이 들어감. 그래서 결국 배달 시켜먹고ㅋㅋㅋㅋㅋㅋㅋ,7,2023-04-21,6Qqg7QxoCmo
1인가구_자취,자취방 주방 꾸미기,요즘 원룸 오피스텔 주방이 좁게 나오는 이유 #shorts,자취남,제가 사는 자취방은 딱 저크기에 전자레인지 올라가고 인덕션은 붙어있는게 아니라 따로 전기꼽아 쓰는게 있어서 쓸때마다 올렸다 내렸다 해야하니까 진짜 요리하고싶지 않아지더라구요 ㅋㅋㅋㅋ뭘 할수가없는 구조..,5,2023-04-06,6Qqg7QxoCmo
1인가구_자취,자취방 주방 꾸미기,요즘 원룸 오피스텔 주방이 좁게 나오는 이유 #shorts,자취남,진짜  법적으로 원룸은 무조건 10평이 기본이였음 좋겠다 인간이 인갑답게 최소한으로 살수있는게 10평인것같아,3,2024-02-18,6Qqg7QxoCmo
1인가구_자취,자취방 주방 꾸미기,요즘 원룸 오피스텔 주방이 좁게 나오는 이유 #shorts,자취남,ㄹㅇㅋㅋㅋㅋㅋ큰 도마를 써야하는이유..싱크부분 위에까지 써야지 요리가능..,4,2023-05-05,6Qqg7QxoCmo
1인가구_자취,자취방 주방 꾸미기,요즘 원룸 오피스텔 주방이 좁게 나오는 이유 #shorts,자취남,"요리 레시피x
조리 레시피0",6,2023-03-24,6Qqg7QxoCmo
1인가구_자취,자취방 주방 꾸미기,요즘 원룸 오피스텔 주방이 좁게 나오는 이유 #shorts,자취남,사이드 테이블 붙이고 어쩌고 해서 조리공간 넓게 만들어도 요리 안해요 ㅋㅋ 혼자 먹자고 그짓 하는게 귀찮....같이 먹을 사람이 있어야 신나서 하게 되더라구요.,5,2023-05-24,6Qqg7QxoCmo
1인가구_자취,자취방 주방 꾸미기,요즘 원룸 오피스텔 주방이 좁게 나오는 이유 #shorts,자취남,조립식  조리대 요즘 잘나옵니다   간단하게 탈부착되는거,6,2023-03-27,6Qqg7QxoCmo
1인가구_자취,자취방 주방 꾸미기,요즘 원룸 오피스텔 주방이 좁게 나오는 이유 #shorts,자취남,항상 오피스텔이나 원룸보면서 느끼는건데 인덕션이나 가스렌지가 너무 한가운데 있음.. 저거 좀만 밀어도 특히 인덕션은 뭐 벽이 탈일도 없어서 충분히 공간확보 될텐데 왜 저렇게 한가운데 넣는지 모르겠음.. 그냥 지들집 아니니까 좆대로 저리 하는건지 아니면 진짜 뭔 이유가 있는건지 궁금..,98,2023-03-24,6Qqg7QxoCmo
1인가구_자취,자취방 주방 꾸미기,요즘 원룸 오피스텔 주방이 좁게 나오는 이유 #shorts,자취남,싱크대도 좁아터져서 설거지할때 물도 엄청 튀고... 옆에 하이라이트는 물 끓는데 3분 넘게 걸리고... 진짜 최악임,4,2023-05-01,6Qqg7QxoCmo
1인가구_자취,자취방 주방 꾸미기,요즘 원룸 오피스텔 주방이 좁게 나오는 이유 #shorts,자취남,좋아요,0,2025-12-09,6Qqg7QxoCmo
1인가구_자취,자취방 주방 꾸미기,요즘 원룸 오피스텔 주방이 좁게 나오는 이유 #shorts,자취남,그래서 거치대 하나 사서 싱크대랑 연결해서 써야됨요,4,2023-04-10,6Qqg7QxoCmo
1인가구_자취,자취방 주방 꾸미기,요즘 원룸 오피스텔 주방이 좁게 나오는 이유 #shorts,자취남,헐 저도 본가에선 식세기가있었는데 첫 자취방 주방이 저렇게되어있어서…식세기는 커녕…요리는 어디서하라는거지 마인드였는데😂 같은 고충이ㅠㅠㅠ,4,2023-04-04,6Qqg7QxoCmo
1인가구_자취,자취방 주방 꾸미기,요즘 원룸 오피스텔 주방이 좁게 나오는 이유 #shorts,자취남,"그래서 자취할때 먼저 재료 손질 미리 다해 놓고 남은거 다 정리해서 냉장고 넣고 먼저 나온 설거지도 끝낸 후 에  본격적으로 들오가야함.... 
아니면 남은 재료있고 싱크대안에는 손질하면서 나온 설거지 인덕션에 냄비 이것저것 다 엉켜서 복잡해짐...",2,2024-02-16,6Qqg7QxoCmo
1인가구_자취,자취방 주방 꾸미기,요즘 원룸 오피스텔 주방이 좁게 나오는 이유 #shorts,자취남,"내가 사는 오피스텔이랑 주방 구조 똑같네
도데체 식기건조대는 왜 없는거니ㅜㅜ 적어도 설거지는 할 수 있게 해야하지 않나ㅜㅜ",4,2023-05-20,6Qqg7QxoCmo
1인가구_자취,자취방 주방 꾸미기,요즘 원룸 오피스텔 주방이 좁게 나오는 이유 #shorts,자취남,그래서 전 장보고 오면 모든 재료를 다 다듬어서 소분해둬요... 주방 너무 작아 ㅠ,3,2023-04-07,6Qqg7QxoCmo
1인가구_자취,자취방 주방 꾸미기,요즘 원룸 오피스텔 주방이 좁게 나오는 이유 #shorts,자취남,요리 좋아하는 자취러인데 차라리 초대형 도마 사서 싱크대 위에 덮어 쓰면 딱이더라고요!!,2,2023-04-30,6Qqg7QxoCmo
1인가구_자취,자취방 주방 꾸미기,요즘 원룸 오피스텔 주방이 좁게 나오는 이유 #shorts,자취남,"난 그래서 작은 대리석 탁자 사서 쓰니까 요리를 할수 있긴했지.
그전 까지진 배달만 시켰지.",3,2023-03-26,6Qqg7QxoCmo
1인가구_자취,자취방 주방 꾸미기,요즘 원룸 오피스텔 주방이 좁게 나오는 이유 #shorts,자취남,큰 도마 사서 싱크대에 걸쳐서 쓰면 좋아요!,1,2023-05-11,6Qqg7QxoCmo
1인가구_자취,자취방 주방 꾸미기,요즘 원룸 오피스텔 주방이 좁게 나오는 이유 #shorts,자취남,요리좋아하는 저같은 자취인은 웁니다ㅠ,20,2023-03-24,6Qqg7QxoCmo
1인가구_자취,자취방 주방 꾸미기,요즘 원룸 오피스텔 주방이 좁게 나오는 이유 #shorts,자취남,이분 풀영상 어딨나요..?!,3,2023-03-24,6Qqg7QxoCmo
1인가구_자취,자취방 주방 꾸미기,요즘 원룸 오피스텔 주방이 좁게 나오는 이유 #shorts,자취남,윤호랭님 넘 존잘,1,2023-03-31,6Qqg7QxoCmo
1인가구_자취,자취방 주방 꾸미기,요즘 원룸 오피스텔 주방이 좁게 나오는 이유 #shorts,자취남,이번주에 방 구했는데 전 싱크대가 큰걸 좋아합니다. 근데 저렇게 직사각형으로 개쪼꼬만하게 되어있는게 대부분이더라고요. 구한 집은 싱크대가 넓어서 바로 계약했습니다. 진짜 도마 놔둘 공간도 안나오는 저런 형태로 왜 하는지도 모르겠고 인덕션도 중앙에 있으니까 좌우로 공간이 안나오는건데 인덕션을 왼쪽으로 쭉 땡겨서 설치해주면 좋겠네요. 저는 가스라서 좋습니다. 인덕션 싫어하는 타입이라 ㅋㅋㅋㅋ,2,2024-01-17,6Qqg7QxoCmo
1인가구_자취,자취방 주방 꾸미기,요즘 원룸 오피스텔 주방이 좁게 나오는 이유 #shorts,자취남,좁은공간활용하는것도 달인,1,2023-05-05,6Qqg7QxoCmo
1인가구_자취,자취방 주방 꾸미기,요즘 원룸 오피스텔 주방이 좁게 나오는 이유 #shorts,자취남,도마 넣는 수납장 정보 뭔가요??,0,2023-05-13,6Qqg7QxoCmo
1인가구_자취,자취방 주방 꾸미기,요즘 원룸 오피스텔 주방이 좁게 나오는 이유 #shorts,자취남,손잡이 있는 긴(일반크기) 도마를 싱크대에 올리면 양쪽 턱에 걸쳐 집니다.,1,2023-05-01,6Qqg7QxoCmo
1인가구_자취,자취방 주방 꾸미기,요즘 원룸 오피스텔 주방이 좁게 나오는 이유 #shorts,자취남,아니 우리집인가...,0,2023-04-20,6Qqg7QxoCmo
1인가구_자취,자취방 주방 꾸미기,요즘 원룸 오피스텔 주방이 좁게 나오는 이유 #shorts,자취남,"요리 한번 할려면 싱크대도 작고 도마, 접시, 식재료,등 바닥 내리고 다시 올리고 둘 곳 없으면 거실바닥까지 써서 하니 하기가 귀찮...",1,2023-04-16,6Qqg7QxoCmo
1인가구_자취,자취방 주방 꾸미기,요즘 원룸 오피스텔 주방이 좁게 나오는 이유 #shorts,자취남,조리사 ㅋㅋㅋㅋㅋㅋ,0,2023-04-30,6Qqg7QxoCmo
1인가구_자취,자취방 주방 꾸미기,요즘 원룸 오피스텔 주방이 좁게 나오는 이유 #shorts,자취남,밥솥 어디에 둬야함 ㅜㅠ,0,2026-01-24,6Qqg7QxoCmo
1인가구_자취,자취방 주방 꾸미기,예쁘고 사용하기 편한 주방을 위한 주방꾸미기 #주방용품 #주방인테리어 #살림꿀팁 #집꾸미기,빈스살림,"영상 속 제품이 궁금하시다면?!😊

https://link.inpock.co.kr/beens_salrim",13,2026-03-06,yQLqSfodoEU
1인가구_자취,자취방 주방 꾸미기,예쁘고 사용하기 편한 주방을 위한 주방꾸미기 #주방용품 #주방인테리어 #살림꿀팁 #집꾸미기,빈스살림,저는 쓸것만 빼놓고 안쓸건 다집어넣는게 젤 좋더라구요…,3,2026-04-24,yQLqSfodoEU
1인가구_자취,자취방 주방 꾸미기,예쁘고 사용하기 편한 주방을 위한 주방꾸미기 #주방용품 #주방인테리어 #살림꿀팁 #집꾸미기,빈스살림,내스탈 꾸밈이당. 이쁘다,0,2026-05-17,yQLqSfodoEU
1인가구_자취,자취방 주방 꾸미기,예쁘고 사용하기 편한 주방을 위한 주방꾸미기 #주방용품 #주방인테리어 #살림꿀팁 #집꾸미기,빈스살림,영상속 제품구매는 어디서?,2,2026-04-27,yQLqSfodoEU
1인가구_자취,자취방 주방 꾸미기,예쁘고 사용하기 편한 주방을 위한 주방꾸미기 #주방용품 #주방인테리어 #살림꿀팁 #집꾸미기,빈스살림,"내 살림인데 하고 싶은대로~~~하는거죠.
저는 다 넣는 게 청소 관리가 쉬워서 좋아요",10,2025-08-11,yQLqSfodoEU
1인가구_자취,자취방 주방 꾸미기,예쁘고 사용하기 편한 주방을 위한 주방꾸미기 #주방용품 #주방인테리어 #살림꿀팁 #집꾸미기,빈스살림,"주방에 아무것도 없으면 깔끔해보이지만 휑한 느낌이 없지않아 있어 아쉬운데,
밝은 원목으로 인테리어 오브제 역할도 하면서 풍성한 느낌이 나 좋아요😊😊",10,2025-08-05,yQLqSfodoEU
1인가구_자취,자취방 주방 꾸미기,예쁘고 사용하기 편한 주방을 위한 주방꾸미기 #주방용품 #주방인테리어 #살림꿀팁 #집꾸미기,빈스살림,걸려있는 냄비받침대 정보 좀 주세요,0,2026-04-28,yQLqSfodoEU
1인가구_자취,자취방 주방 꾸미기,예쁘고 사용하기 편한 주방을 위한 주방꾸미기 #주방용품 #주방인테리어 #살림꿀팁 #집꾸미기,빈스살림,수납함들 정보 궁금합니다~^^,0,2026-04-27,yQLqSfodoEU
1인가구_자취,자취방 주방 꾸미기,예쁘고 사용하기 편한 주방을 위한 주방꾸미기 #주방용품 #주방인테리어 #살림꿀팁 #집꾸미기,빈스살림,나무 선반안에 양념통과 오일통 궁금해요~,1,2025-08-11,yQLqSfodoEU
1인가구_자취,자취방 주방 꾸미기,예쁘고 사용하기 편한 주방을 위한 주방꾸미기 #주방용품 #주방인테리어 #살림꿀팁 #집꾸미기,빈스살림,"원목수납장 정보알고싶어요
선반요^^♡",1,2025-09-15,yQLqSfodoEU
1인가구_자취,자취방 주방 꾸미기,예쁘고 사용하기 편한 주방을 위한 주방꾸미기 #주방용품 #주방인테리어 #살림꿀팁 #집꾸미기,빈스살림,"너무 예쁜주방이네요 ❤
퐁퐁 수세미 거치대 어디서 구매하신걸까요?",0,2025-08-24,yQLqSfodoEU
1인가구_자취,자취방 주방 꾸미기,예쁘고 사용하기 편한 주방을 위한 주방꾸미기 #주방용품 #주방인테리어 #살림꿀팁 #집꾸미기,빈스살림,"우드감성 주방 ...제 로망인데
넘 이쁜 주방템 저도 구매하고프네요.감각도 좋으시고 바지런하세요!
오늘도 시원한 하루 보내세요",0,2025-08-10,yQLqSfodoEU
1인가구_자취,자취방 주방 꾸미기,예쁘고 사용하기 편한 주방을 위한 주방꾸미기 #주방용품 #주방인테리어 #살림꿀팁 #집꾸미기,빈스살림,넘이쁘네요,2,2025-12-31,yQLqSfodoEU
1인가구_자취,자취방 주방 꾸미기,예쁘고 사용하기 편한 주방을 위한 주방꾸미기 #주방용품 #주방인테리어 #살림꿀팁 #집꾸미기,빈스살림,동감 자주 쓰는 건 많지만 않으면 꺼내놓고 쓰는 게 편합니다. 썼다 넣었다. 보통 일 아니에요.,0,2026-04-17,yQLqSfodoEU
1인가구_자취,자취방 주방 꾸미기,예쁘고 사용하기 편한 주방을 위한 주방꾸미기 #주방용품 #주방인테리어 #살림꿀팁 #집꾸미기,빈스살림,나무 양념선반 너무 이쁘네요!!  어디서 구입하셨는지 알려주실수 있을까요??,0,2025-08-07,yQLqSfodoEU
1인가구_자취,자취방 주방 꾸미기,예쁘고 사용하기 편한 주방을 위한 주방꾸미기 #주방용품 #주방인테리어 #살림꿀팁 #집꾸미기,빈스살림,모든게 스댕? 으로 정착 하디요. 어제 가위도 일제 올스댕으로 샀시오~~,1,2025-11-26,yQLqSfodoEU
1인가구_자취,자취방 주방 꾸미기,예쁘고 사용하기 편한 주방을 위한 주방꾸미기 #주방용품 #주방인테리어 #살림꿀팁 #집꾸미기,빈스살림,인덕션옆에 양념통 넣는 흰색 슬라이드 보관함은 어디서 구매하셨나요? 깔끔하고 예뻐요ㅎ,3,2025-08-07,yQLqSfodoEU
1인가구_자취,자취방 주방 꾸미기,예쁘고 사용하기 편한 주방을 위한 주방꾸미기 #주방용품 #주방인테리어 #살림꿀팁 #집꾸미기,빈스살림,"버섯모양 램프귀엽네요.ㅎ
어디서 구매해요?",0,2025-08-17,yQLqSfodoEU
1인가구_자취,자취방 주방 꾸미기,예쁘고 사용하기 편한 주방을 위한 주방꾸미기 #주방용품 #주방인테리어 #살림꿀팁 #집꾸미기,빈스살림,"원목 벽걸이는 어디 제품일까요?넘 예뻐요.
정보 좀 알려주세요❤",0,2026-02-20,yQLqSfodoEU
1인가구_자취,자취방 주방 꾸미기,예쁘고 사용하기 편한 주방을 위한 주방꾸미기 #주방용품 #주방인테리어 #살림꿀팁 #집꾸미기,빈스살림,전체적인 주방 모습 보고싶네요~^^,1,2025-08-17,yQLqSfodoEU
1인가구_자취,자취방 주방 꾸미기,예쁘고 사용하기 편한 주방을 위한 주방꾸미기 #주방용품 #주방인테리어 #살림꿀팁 #집꾸미기,빈스살림,살림을 많이 안하면 다 넣어두는게 낫지만..애들 있고 살림많이 하면 넣어두는건 비효율적이죠. 숨겨두는건 살림안할때,20,2025-10-27,yQLqSfodoEU
1인가구_자취,자취방 주방 꾸미기,예쁘고 사용하기 편한 주방을 위한 주방꾸미기 #주방용품 #주방인테리어 #살림꿀팁 #집꾸미기,빈스살림,수저통라탄제품은어디서구입했나요?,0,2025-08-15,yQLqSfodoEU
1인가구_자취,자취방 주방 꾸미기,예쁘고 사용하기 편한 주방을 위한 주방꾸미기 #주방용품 #주방인테리어 #살림꿀팁 #집꾸미기,빈스살림,슬라이딩 수납장? 정보알수있나요!,0,2025-09-02,yQLqSfodoEU
1인가구_자취,자취방 주방 꾸미기,예쁘고 사용하기 편한 주방을 위한 주방꾸미기 #주방용품 #주방인테리어 #살림꿀팁 #집꾸미기,빈스살림,아직 새댁인게 주방에서 보이네요. 애기낳고 수도꼭지 계속 틀고 살다보면 물기 마를날 없는 주방이 어느새 플라스틱과 스댕으로 바뀌게 됩니다. 예쁜 나무가구들 신혼때 많이 꾸며보세요^^,48,2025-08-06,yQLqSfodoEU
1인가구_자취,자취방 주방 꾸미기,예쁘고 사용하기 편한 주방을 위한 주방꾸미기 #주방용품 #주방인테리어 #살림꿀팁 #집꾸미기,빈스살림,라탄 수저통 예뻐요.구입처 여쭤봅니다~~,0,2026-04-17,yQLqSfodoEU
1인가구_자취,자취방 주방 꾸미기,예쁘고 사용하기 편한 주방을 위한 주방꾸미기 #주방용품 #주방인테리어 #살림꿀팁 #집꾸미기,빈스살림,너~무 어지럽다!!!  가스렌지 근처의  아래큰서랍장에  양념을 죄다 넣어두면 되잖아!!!  요리할때 필요한  양념통만  꺼내면 되게말야!!!!,2,2026-02-08,yQLqSfodoEU
1인가구_자취,자취방 주방 꾸미기,설치 5초! 좁은 주방 수납 인테리어 꿀템!,홈꾸미기,"저거 나중에 떼려고하면 어떻게 해야하는지요 
제가 선반을 튼튼하게 붙였는데 지금은 떼고싶어 뗄려는데 안떨어져요 설치하는거는 아주신중히 생각하시고 부착하세요
(경험자 올림)😂😂",7,2025-02-26,pe71VnSHlAQ
1인가구_자취,자취방 주방 꾸미기,설치 5초! 좁은 주방 수납 인테리어 꿀템!,홈꾸미기,❤,1,2025-09-24,pe71VnSHlAQ
1인가구_자취,자취방 주방 꾸미기,설치 5초! 좁은 주방 수납 인테리어 꿀템!,홈꾸미기,😅😅😅😅😅,1,2025-08-17,pe71VnSHlAQ
1인가구_자취,자취방 주방 꾸미기,설치 5초! 좁은 주방 수납 인테리어 꿀템!,홈꾸미기,중국산제품😢,2,2025-09-14,pe71VnSHlAQ
1인가구_자취,자취방 주방 꾸미기,설치 5초! 좁은 주방 수납 인테리어 꿀템!,홈꾸미기,에구 별루~~,0,2025-02-20,pe71VnSHlAQ
1인가구_자취,자취방 주방 꾸미기,설치 5초! 좁은 주방 수납 인테리어 꿀템!,홈꾸미기,디자인 구려요,1,2025-09-01,pe71VnSHlAQ
1인가구_자취,자취방 주방 꾸미기,집꾸미기 주방정리✨좁은주방 수납추천템 #살림팁 #살림템 #꿀템 #정리수납,감성만살림,식기건조대 너무 좋은 아이템이네요. 당장 사야겠어요.,8,2025-03-16,cvck16wNuNo
1인가구_자취,자취방 주방 꾸미기,집꾸미기 주방정리✨좁은주방 수납추천템 #살림팁 #살림템 #꿀템 #정리수납,감성만살림,"이사가면 저 건조대로. 바꿔야 겠어요
공간활용👍",7,2025-07-02,cvck16wNuNo
1인가구_자취,자취방 주방 꾸미기,집꾸미기 주방정리✨좁은주방 수납추천템 #살림팁 #살림템 #꿀템 #정리수납,감성만살림,1층에 살때 밖이 너무 잘보여서 불편했는데 미니커텐 너무 좋네요 👍,5,2025-06-10,cvck16wNuNo
1인가구_자취,자취방 주방 꾸미기,집꾸미기 주방정리✨좁은주방 수납추천템 #살림팁 #살림템 #꿀템 #정리수납,감성만살림,확장형 완전 맘에 드네요❤ 구독하고싶어요🎉,1,2025-08-12,cvck16wNuNo
1인가구_자취,자취방 주방 꾸미기,집꾸미기 주방정리✨좁은주방 수납추천템 #살림팁 #살림템 #꿀템 #정리수납,감성만살림,확장형건조대궁금해요,2,2026-03-15,cvck16wNuNo
1인가구_자취,자취방 주방 꾸미기,집꾸미기 주방정리✨좁은주방 수납추천템 #살림팁 #살림템 #꿀템 #정리수납,감성만살림,굉장히 유용하네요,1,2025-09-28,cvck16wNuNo
1인가구_자취,자취방 주방 꾸미기,집꾸미기 주방정리✨좁은주방 수납추천템 #살림팁 #살림템 #꿀템 #정리수납,감성만살림,"오옷!!!완전 유용템!!
구매정보 꼭 부탁드립니다❤❤❤",8,2024-06-16,cvck16wNuNo
1인가구_자취,자취방 주방 꾸미기,집꾸미기 주방정리✨좁은주방 수납추천템 #살림팁 #살림템 #꿀템 #정리수납,감성만살림,잘봤습니다 ㅎㅎ,0,2025-07-05,cvck16wNuNo
1인가구_자취,자취방 주방 꾸미기,집꾸미기 주방정리✨좁은주방 수납추천템 #살림팁 #살림템 #꿀템 #정리수납,감성만살림,전선만해결하면 보기좋을것같아요.벽이랑같은 흰색전선정리막대기?같은거라도...보기에도위험해보이고..,8,2026-02-22,cvck16wNuNo
1인가구_자취,자취방 주방 꾸미기,집꾸미기 주방정리✨좁은주방 수납추천템 #살림팁 #살림템 #꿀템 #정리수납,감성만살림,이뻐요😊,1,2025-08-26,cvck16wNuNo
1인가구_자취,자취방 주방 꾸미기,집꾸미기 주방정리✨좁은주방 수납추천템 #살림팁 #살림템 #꿀템 #정리수납,감성만살림,따라해야지 진짜 좋ㄷ,1,2024-07-12,cvck16wNuNo
1인가구_자취,자취방 주방 꾸미기,집꾸미기 주방정리✨좁은주방 수납추천템 #살림팁 #살림템 #꿀템 #정리수납,감성만살림,식기 건조대는 품절인가요?,1,2026-04-13,cvck16wNuNo
1인가구_자취,자취방 주방 꾸미기,집꾸미기 주방정리✨좁은주방 수납추천템 #살림팁 #살림템 #꿀템 #정리수납,감성만살림,식기건조대 정보알수있을까요?,1,2026-01-20,cvck16wNuNo
1인가구_자취,자취방 주방 꾸미기,집꾸미기 주방정리✨좁은주방 수납추천템 #살림팁 #살림템 #꿀템 #정리수납,감성만살림,세제 담아두는거 정보 알수있을까요? 밑에 트레이가있는걸 찾고있는데 잘없네요ㅜ,0,2024-07-04,cvck16wNuNo
1인가구_자취,자취방 주방 꾸미기,집꾸미기 주방정리✨좁은주방 수납추천템 #살림팁 #살림템 #꿀템 #정리수납,감성만살림,커텐정보도 알려주세요,1,2025-04-27,cvck16wNuNo
1인가구_자취,자취방 주방 꾸미기,집꾸미기 주방정리✨좁은주방 수납추천템 #살림팁 #살림템 #꿀템 #정리수납,감성만살림,굿😊,1,2025-10-02,cvck16wNuNo
1인가구_자취,자취방 주방 꾸미기,집꾸미기 주방정리✨좁은주방 수납추천템 #살림팁 #살림템 #꿀템 #정리수납,감성만살림,무드등정보 알려주세요❤,1,2026-03-07,cvck16wNuNo
1인가구_자취,자취방 주방 꾸미기,집꾸미기 주방정리✨좁은주방 수납추천템 #살림팁 #살림템 #꿀템 #정리수납,감성만살림,확장형 건조대 제품 정보요,0,2024-12-08,cvck16wNuNo
1인가구_자취,자취방 주방 꾸미기,집꾸미기 주방정리✨좁은주방 수납추천템 #살림팁 #살림템 #꿀템 #정리수납,감성만살림,확장형씽크대  구매링크하고 싶어요,0,2026-03-14,cvck16wNuNo
1인가구_자취,자취방 주방 꾸미기,집꾸미기 주방정리✨좁은주방 수납추천템 #살림팁 #살림템 #꿀템 #정리수납,감성만살림,식기건조대정보 알수있을까용?,1,2026-03-04,cvck16wNuNo
1인가구_자취,자취방 주방 꾸미기,집꾸미기 주방정리✨좁은주방 수납추천템 #살림팁 #살림템 #꿀템 #정리수납,감성만살림,건조대는 어디 껀가요?,0,2024-07-10,cvck16wNuNo
1인가구_자취,자취방 주방 꾸미기,집꾸미기 주방정리✨좁은주방 수납추천템 #살림팁 #살림템 #꿀템 #정리수납,감성만살림,무드등 어디서 사요???,1,2025-04-08,cvck16wNuNo
1인가구_자취,자취방 주방 꾸미기,집꾸미기 주방정리✨좁은주방 수납추천템 #살림팁 #살림템 #꿀템 #정리수납,감성만살림,👍🏻,1,2026-01-11,cvck16wNuNo
1인가구_자취,자취방 주방 꾸미기,집꾸미기 주방정리✨좁은주방 수납추천템 #살림팁 #살림템 #꿀템 #정리수납,감성만살림,수세미 물떨어지면 창틀에...;;,5,2024-07-12,cvck16wNuNo
1인가구_자취,자취방 주방 꾸미기,집꾸미기 주방정리✨좁은주방 수납추천템 #살림팁 #살림템 #꿀템 #정리수납,감성만살림,😢❤❤❤,4,2024-06-22,cvck16wNuNo
1인가구_자취,자취방 주방 꾸미기,집꾸미기 주방정리✨좁은주방 수납추천템 #살림팁 #살림템 #꿀템 #정리수납,감성만살림,미니커튼구매처 알수있을까요?,2,2026-01-10,cvck16wNuNo
1인가구_자취,자취방 주방 꾸미기,집꾸미기 주방정리✨좁은주방 수납추천템 #살림팁 #살림템 #꿀템 #정리수납,감성만살림,깔끔한데.. 매번 그릇을 위에서 꺼내서 쓰려니.. 그것도 불편..,1,2026-04-12,cvck16wNuNo
1인가구_자취,자취방 주방 꾸미기,집꾸미기 주방정리✨좁은주방 수납추천템 #살림팁 #살림템 #꿀템 #정리수납,감성만살림,알려주세요😊😊😊,0,2026-03-15,cvck16wNuNo
1인가구_자취,자취방 주방 꾸미기,집꾸미기 주방정리✨좁은주방 수납추천템 #살림팁 #살림템 #꿀템 #정리수납,감성만살림,건조대어디서삿나요,0,2025-07-23,cvck16wNuNo
1인가구_자취,자취방 주방 꾸미기,집꾸미기 주방정리✨좁은주방 수납추천템 #살림팁 #살림템 #꿀템 #정리수납,감성만살림,😊,0,2026-06-08,cvck16wNuNo
1인가구_자취,자취방 주방 꾸미기,집꾸미기 주방정리✨좁은주방 수납추천템 #살림팁 #살림템 #꿀템 #정리수납,감성만살림,무드등 구매링크 부탁드려요,0,2025-05-13,cvck16wNuNo
1인가구_자취,자취방 주방 꾸미기,집꾸미기 주방정리✨좁은주방 수납추천템 #살림팁 #살림템 #꿀템 #정리수납,감성만살림,확장형 건조대 구매처 알수있을까요?,1,2026-01-19,cvck16wNuNo
1인가구_자취,자취방 주방 꾸미기,집꾸미기 주방정리✨좁은주방 수납추천템 #살림팁 #살림템 #꿀템 #정리수납,감성만살림,링크어디,0,2026-03-24,cvck16wNuNo
1인가구_자취,자취방 주방 꾸미기,집꾸미기 주방정리✨좁은주방 수납추천템 #살림팁 #살림템 #꿀템 #정리수납,감성만살림,식기건조대 어디서구매할까요?!!,1,2026-01-29,cvck16wNuNo
1인가구_자취,자취방 주방 꾸미기,집꾸미기 주방정리✨좁은주방 수납추천템 #살림팁 #살림템 #꿀템 #정리수납,감성만살림,식기 건조대가 좋아 보이네요.,0,2026-04-21,cvck16wNuNo
1인가구_자취,자취방 주방 꾸미기,집꾸미기 주방정리✨좁은주방 수납추천템 #살림팁 #살림템 #꿀템 #정리수납,감성만살림,무드등 구입처좀 알수 있을까요?,1,2026-03-05,cvck16wNuNo
1인가구_자취,자취방 주방 꾸미기,집꾸미기 주방정리✨좁은주방 수납추천템 #살림팁 #살림템 #꿀템 #정리수납,감성만살림,이거 어디서살수있나여ㅜㅜㅜㅂ,1,2026-04-30,cvck16wNuNo
1인가구_자취,자취방 주방 꾸미기,집꾸미기 주방정리✨좁은주방 수납추천템 #살림팁 #살림템 #꿀템 #정리수납,감성만살림,식기건조대  구매링크부탁합니다,1,2026-02-11,cvck16wNuNo
1인가구_자취,자취방 주방 꾸미기,집꾸미기 주방정리✨좁은주방 수납추천템 #살림팁 #살림템 #꿀템 #정리수납,감성만살림,🎉,1,2026-03-05,cvck16wNuNo
1인가구_자취,자취방 주방 꾸미기,집꾸미기 주방정리✨좁은주방 수납추천템 #살림팁 #살림템 #꿀템 #정리수납,감성만살림,식기건조대 딱이네요.고생하셨어요,3,2024-06-30,cvck16wNuNo
1인가구_자취,자취방 주방 꾸미기,집꾸미기 주방정리✨좁은주방 수납추천템 #살림팁 #살림템 #꿀템 #정리수납,감성만살림,식기건조대 제품명 알 수 있을까요~?,11,2025-05-13,cvck16wNuNo
1인가구_자취,자취방 주방 꾸미기,집꾸미기 주방정리✨좁은주방 수납추천템 #살림팁 #살림템 #꿀템 #정리수납,감성만살림,그냥 집을사요. 25평이상집을요,2,2026-02-14,cvck16wNuNo
1인가구_자취,자취방 주방 꾸미기,집꾸미기 주방정리✨좁은주방 수납추천템 #살림팁 #살림템 #꿀템 #정리수납,감성만살림,싱크대 사각 싱크대로 교체하세요~~,2,2025-04-21,cvck16wNuNo
1인가구_자취,자취방 주방 꾸미기,집꾸미기 주방정리✨좁은주방 수납추천템 #살림팁 #살림템 #꿀템 #정리수납,감성만살림,"식기건조대 
어디서사야하나요?",1,2026-02-27,cvck16wNuNo
1인가구_자취,혼자 사는 가전 추천,가전제품 제일 싸게 사는 방법,짤감자,진짜 그랬으면 오프라인샵들 싹 다 사라졌음ㅋㅋ 나도 당연히 온라인 구매가 제일 싸다고 생각했는데 5개 샀는데 각각 온라인최저가로 뽑은 것보다 200만원 싸게 삼,21,2026-02-05,HD4rY2a-FiY
1인가구_자취,혼자 사는 가전 추천,가전제품 제일 싸게 사는 방법,짤감자,어짜피 매장가도 응대도 잘 안해주던데 ㅋㅋ,16,2025-05-10,HD4rY2a-FiY
1인가구_자취,혼자 사는 가전 추천,가전제품 제일 싸게 사는 방법,짤감자,어무니가 엘지에 에어컨 보러간다며 나갔는데 하이마트에서 구매해오셨더라... 찾아보니 역시 온라인보다 비싸더라... 근데 설치비가 없다고 해서 그럼 인정하고 넘겼더니... 설치당일 뭐 어쩌구 저쩌구 하며 25만원 받아갔더라...,77,2025-10-10,HD4rY2a-FiY
1인가구_자취,혼자 사는 가전 추천,가전제품 제일 싸게 사는 방법,짤감자,"오프라인 하면 캐쉬백 + 마일리지 같은건데
솔직히 나가는 돈이 더 많고요
저희도 오픈 매장 할인 매장 많이 다녀봤는데
온라인이 제일 쌌어요
세탁기,건조기,청소기, 전자레인지 샀는데
이정도 살거면 걍 온라인이 훨씬 싸고 혜자였네요
신혼 부부 할인까지 먹여도 온라인이 더 쌌어요",11,2025-05-09,HD4rY2a-FiY
1인가구_자취,혼자 사는 가전 추천,가전제품 제일 싸게 사는 방법,짤감자,온라인으로 살때 너무싸면 에너지등급 꼭 봐야됨,99,2025-08-13,HD4rY2a-FiY
1인가구_자취,혼자 사는 가전 추천,가전제품 제일 싸게 사는 방법,짤감자,"하이마트는 거르는 걸 추천.
차라리 LG나 삼성매장이 훨씬 나음.",257,2025-05-09,HD4rY2a-FiY
1인가구_자취,혼자 사는 가전 추천,가전제품 제일 싸게 사는 방법,짤감자,"매장, 온라인, 백화점 매장 각각 다른 부품이 들어가는 게 있어서 확인해야 됨.",5,2025-09-24,HD4rY2a-FiY
1인가구_자취,혼자 사는 가전 추천,가전제품 제일 싸게 사는 방법,짤감자,혼수는 백화점이 싸다,19,2025-05-08,HD4rY2a-FiY
1인가구_자취,혼자 사는 가전 추천,가전제품 제일 싸게 사는 방법,짤감자,소소하게 기능이 다름..기능도 비교해야 맞죠,7,2025-12-02,HD4rY2a-FiY
1인가구_자취,혼자 사는 가전 추천,가전제품 제일 싸게 사는 방법,짤감자,"온라인이 제일 쌈. 산지 10년 지나서 냉장고랑 김치냉장고 바꾸러 갔는데, 무슨 안에 선반 스텐리스 몇개 붙여놓고 거의 100만원 가까이 차이나는 걸 보고 식겁했음. 냉장고를 300만원짜리 보여주는데, 하... 이게 맞나? 싶은 거. 난 심플하고 간단하고 용량 넉넉한 걸 원할 뿐인데. 신기능 한두개 더 넣어가지고 100~200을 튕겨먹으니... 매장에서 중간대 가격으로 견적을 짜도 5~600백만원이 나오는데, 아니, 이돈 주고 이걸사? 싶은 거임. 그래서 그냥 온라인으로 적당한 걸로 샀더니, 300만원에 해결했음. 대신, 약간 소음은 있음... 냉매 돌아가는 소리가 살짝... 그것빼고는 만족함.",21,2025-05-16,HD4rY2a-FiY
1인가구_자취,혼자 사는 가전 추천,가전제품 제일 싸게 사는 방법,짤감자,"오프라인가면 호구잡힌다는데
그냥 본인이 사고싶은 제품 쫙뽑아서 이거 입력해서 할인된 금액만 알려달라고하면됩니다.
상담사 분도 목록뽑아온거보시면 빠르게 할인금액만 후딱 견적뽑고 다음손님 받으러가십니다",2,2026-02-11,HD4rY2a-FiY
1인가구_자취,혼자 사는 가전 추천,가전제품 제일 싸게 사는 방법,짤감자,3개이상 부터 잘찾아보면 하이마트나 가게대리점 추천. 뭐 새로운아파트 분양이나 봄시즌이 진짜 제일쌈.. 혜택도 큼. 1개만 사는건 그냥온라인으로,6,2025-07-24,HD4rY2a-FiY
1인가구_자취,혼자 사는 가전 추천,가전제품 제일 싸게 사는 방법,짤감자,"약간 구매자형태에 따라 다름 혼수나 이사형태의 풀가전 구매냐/개별 구매인지 개별은 무조건 온라인 구매이고 묶음으로 하면 혜택이 있고 매장마다 전시제품 운좋게 묶어서사면 필요하고 공간에 맞는 제품 저렴하게 구매할수도있습니다. 개인적으로는 구매예정이라면 못해도 삼성/LG 브랜드별로 2군대는 가보는거 추천드려요 직원마다 친절하게 싸게 묶어주는사람있고 그냥 보는제품만 권유하는 직원있어서 여러군데 가는게 좋습니다.
댓글단분들처럼 고급제품으로 묶어서살때는 매장이 좋을수도있습니다.",3,2025-09-07,HD4rY2a-FiY
1인가구_자취,혼자 사는 가전 추천,가전제품 제일 싸게 사는 방법,짤감자,"삼성 21kg 세탁기 구매
H마트 110만원
쿠땡 56만원
실화 입니다",28,2026-02-04,HD4rY2a-FiY
1인가구_자취,혼자 사는 가전 추천,가전제품 제일 싸게 사는 방법,짤감자,"다른건 온라인 오프라인 안알아봐서 잘 모르는데
tv는 온라인 쿠팡 이런곳에서 파는건 오프라인보다 저가모델이더라 뭐 안에 성능 딱히 안따지고 그냥 보이기만 하면된다 하면 걍 쿠팡사면쌈
혼수하면서 백화점에서 했는데 백화점 할인 많아서 생각보다 싸다 느꼇음. 서비스로 주는것도 많고",2,2025-09-01,HD4rY2a-FiY
1인가구_자취,혼자 사는 가전 추천,가전제품 제일 싸게 사는 방법,짤감자,"구매 품목이 많으면 오프라인이 싸고
신혼 신축 가전이면서 구매품목이 많으면 오프라인 중 백화점이 젤 싼듯",4,2025-12-03,HD4rY2a-FiY
1인가구_자취,혼자 사는 가전 추천,가전제품 제일 싸게 사는 방법,짤감자,"LG매장 일해봤다 런한1인입니다.여기 직원들 말 믿지말고 온라인,공홈가서 속편하게 사세요.요즘 삼성이니 엘지니 구독(=렌탈)팔아먹겠다고 인센 구독에 많이줘서 직원들 구독끼워팔아먹으려고 혈안입니다.당연히 총비용 더 비싼거고 심지어 그거팔면서 쓸데없는 상조상품 15년짜리 몇개씩 강요합니다.그거 하나 가입하면 인센 쎄거든요.괜히 가서 호구잡히지 말고 인터넷에서 사세요.
내가 이 괴랄한 시스템 꼬라지 이해못하고 얼탱이없어서 바로 관뒀는데 호구잡히고 좋아라하는 사람들보면 안타깝습니다.",105,2025-05-12,HD4rY2a-FiY
1인가구_자취,혼자 사는 가전 추천,가전제품 제일 싸게 사는 방법,짤감자,"오프라인 갈려면 직원분에게 행사 제품 있는지 꼭 물어봐야함 
oled 티브이 비쌀때 절반도 안되는 금액에 사왔어요 온라인보다도 싸게
그리고 한가할때 가세요 바쁠때가면 물어봐도 대충해주니까 한가할때가세요",1,2026-02-20,HD4rY2a-FiY
1인가구_자취,혼자 사는 가전 추천,가전제품 제일 싸게 사는 방법,짤감자,모든 매장 다 가서 견적보는게 젤 베스트긴함,73,2025-05-08,HD4rY2a-FiY
1인가구_자취,혼자 사는 가전 추천,가전제품 제일 싸게 사는 방법,짤감자,"매장은 인건비(영업사원,인센)+매장유지비
 등등 나가서 온라인보다 쌀수가없어",3,2026-03-14,HD4rY2a-FiY
1인가구_자취,혼자 사는 가전 추천,가전제품 제일 싸게 사는 방법,짤감자,LG 온라인샵에 온라인 전용 제품들로 구매하는게 제일쌈,2,2026-02-20,HD4rY2a-FiY
1인가구_자취,혼자 사는 가전 추천,가전제품 제일 싸게 사는 방법,짤감자,"신제품,고급제품은 오프라인이 쌀수도있음
문제는 일반 보급형이나 시즌 지난건
온라인이쌈
판매구조자체가
신제품->전시
보급형->빽코드로 빼주는 수량떼기들(창고)
시즌지난거->매장마다 재고율 조사후 인터넷으로 할인판매처리
2시즌지난거-> 전문 떨이업자들에게 떨이처리
가장싼거는 당근에서 카드깡치는애들물건
단점은 인생나락행인애들이많아서
렌탈도 팔아먹는애들있음",67,2025-05-09,HD4rY2a-FiY
1인가구_자취,혼자 사는 가전 추천,가전제품 제일 싸게 사는 방법,짤감자,좋은 제품 싸게 살려면 잘알봐야겠네요,1,2025-06-02,HD4rY2a-FiY
1인가구_자취,혼자 사는 가전 추천,가전제품 제일 싸게 사는 방법,짤감자,. . .블라인드에. 300만짜리 냉장고가 5천원인센이던데. .,4,2026-02-02,HD4rY2a-FiY
1인가구_자취,혼자 사는 가전 추천,가전제품 제일 싸게 사는 방법,짤감자,의외로 백화점이 쌀때가 많았음 인식이 비쌀거 같은데 진짜로 알아보면 백화점이 쌈 상품권 할인구매해서 사면 더 싸지,31,2025-05-09,HD4rY2a-FiY
1인가구_자취,혼자 사는 가전 추천,가전제품 제일 싸게 사는 방법,짤감자,22~23년 세탁기는 코스트코와 온라인 중 어디가 저렴할까요?,1,2025-06-12,HD4rY2a-FiY
1인가구_자취,혼자 사는 가전 추천,가전제품 제일 싸게 사는 방법,짤감자,결론 : 온라인에서 견적 받아보고 오프라인에서 견적 받아보고 싼곳으로 산다. 뭐 어렵게들 그러세용,1,2026-01-15,HD4rY2a-FiY
1인가구_자취,혼자 사는 가전 추천,가전제품 제일 싸게 사는 방법,짤감자,"코스트코가 온라인보다 좀더싸고 그다음 온라인 그다음 로드샵인데
로드샵 백화점은 신혼이나 입주 5개이상사는거만 사라 한두개는 겁나비쌈",6,2025-05-12,HD4rY2a-FiY
1인가구_자취,혼자 사는 가전 추천,가전제품 제일 싸게 사는 방법,짤감자,설치 기사님에게 여쭤봤었는데 어차피 제품 출고는 같은 곳에서 하니까 온라인에서 싼 거 사라고 하셨어요. 싸다고 이상한 거 아니라고.,0,2026-02-11,HD4rY2a-FiY
1인가구_자취,혼자 사는 가전 추천,가전제품 제일 싸게 사는 방법,짤감자,ㅋㅋㅋㅋㅋㅋ그 체감가라는 말도 웃김 2천만원 결제하고 엘지에서만 쓸수있는 포인트 어쩌고 해서 체감가 천오백만원^^..견적 한 5곳 보다가 현타와서 하나하나 온라인 최저가 구매,1,2026-01-15,HD4rY2a-FiY
1인가구_자취,혼자 사는 가전 추천,가전제품 제일 싸게 사는 방법,짤감자,"신혼가전 들일 때 엘지랑 삼성, 하이마트 세 군데 싹 들려서 견적 봤던 기억이 나네요..
결국 삼성에서 세탁기, 냉장고, 건조기, 에어컨 싹 맞췄는데 만족합니다😊😊",2,2025-05-13,HD4rY2a-FiY
1인가구_자취,혼자 사는 가전 추천,가전제품 제일 싸게 사는 방법,짤감자,"라때는 온라인,마트,백화점,홈쇼핑,로드샵 제품들이 개별 제품 취급했었는데, 요즘은 다 같은 취급하나??
그냥 제품명만 공유 했었는디? 😢?",1,2025-05-10,HD4rY2a-FiY
1인가구_자취,혼자 사는 가전 추천,가전제품 제일 싸게 사는 방법,짤감자,"나 판매직원이다. 돈없어서 저가모델 살거면 온라인이 싸다
고급 모델 살거면 대리점이 최고 쌈. 
결론은 돈없다? 여러개 사서 세트할인해도 온라인 최고.
돈 많아서 고급 모델 2천만원 이상 쓰는게 가능하다? 대리점 or 백화점
영상의 인센티브 때문에 특정모델 판다? 틀렸다
요즘 어떤걸 판매하던 제품 하나당 500만원대 이상 아니면 인센티브 x같이 안줌. 특정모델 추천 이유는 그 모델이 진짜 싸서 추천하는거임.
저가모델은 사람들이 많이 사서 업자들이 대량 구매하기 때문에  온라인이 무조건 싸고
고급 모델은 사람들이 안사니까 업자들이 안사기 때문에 오히려 오프라인이 싸다 참고해라",79,2025-05-10,HD4rY2a-FiY
1인가구_자취,혼자 사는 가전 추천,가전제품 제일 싸게 사는 방법,짤감자,"신혼부부 할인? 그런거 이야기하면 지점 담당자에 따라 할인율이 다름. 생각보다 할인 많이 받을 수 있어서 비교해보는거 무조건 좋음.
근데 한두개 사는거면 쿠팡 로켓설치가 제일 편리하고 좋았던 것 같음.",67,2025-05-09,HD4rY2a-FiY
1인가구_자취,혼자 사는 가전 추천,가전제품 제일 싸게 사는 방법,짤감자,"너무싼건 에너지효율 곱창난거 종종 있음
하나 차이면 얼마 안 나지만
얘네가 모이면 차이 꽤 큼
어지간해선 3급이상으로 권장",1,2026-03-01,HD4rY2a-FiY
1인가구_자취,혼자 사는 가전 추천,가전제품 제일 싸게 사는 방법,짤감자,ㅋㅋ 반은 맞고 반은 틀림요,1,2025-05-09,HD4rY2a-FiY
1인가구_자취,혼자 사는 가전 추천,가전제품 제일 싸게 사는 방법,짤감자,저희도 몇개월을 고민해서 올해 마지막날에 부모님이 김치 냉장고 사셨어요 엄청 저렴하게 사버림,0,2025-12-28,HD4rY2a-FiY
1인가구_자취,혼자 사는 가전 추천,가전제품 제일 싸게 사는 방법,짤감자,온라인에서 사면 배송이 최악임...,1,2025-11-06,HD4rY2a-FiY
1인가구_자취,혼자 사는 가전 추천,가전제품 제일 싸게 사는 방법,짤감자,필수가전만 쿠팡에서 입맛대로 사고 나머진 살면서 사는거 추천,2,2025-09-11,HD4rY2a-FiY
1인가구_자취,혼자 사는 가전 추천,가전제품 제일 싸게 사는 방법,짤감자,일단 최고의 품질을 원하면 백화점이 정답임,4,2025-05-08,HD4rY2a-FiY
1인가구_자취,혼자 사는 가전 추천,가전제품 제일 싸게 사는 방법,짤감자,"1개 살때 쿠팡,홈쇼핑
2개 살때 새로 오픈한 오프라인몰
4개 살때 백화점가서 브랜드만 통일",0,2026-03-02,HD4rY2a-FiY
1인가구_자취,혼자 사는 가전 추천,가전제품 제일 싸게 사는 방법,짤감자,"걍 인터넷아님 새로오픈한 매장이젤쌈
그중 신혼부부(혼인증명서)이런걸로 할인받을수있으면
새로오픈한 하이마트가 젤쌈",1,2026-01-13,HD4rY2a-FiY
1인가구_자취,혼자 사는 가전 추천,가전제품 제일 싸게 사는 방법,짤감자,오프라인 매장 가장 큰 단점은 눈이 높아지는거같습니다.,0,2026-01-02,HD4rY2a-FiY
1인가구_자취,혼자 사는 가전 추천,가전제품 제일 싸게 사는 방법,짤감자,"시기 좋으면 오프라인이 온라인 최저가보다 쌀수있음
단, 진열 혹은 중복쿠폰 적용 되야함
진열이 꼭 나쁘지 않은듯... 한데... 사람마다 다르니 ㅎㅎ",0,2026-03-21,HD4rY2a-FiY
1인가구_자취,혼자 사는 가전 추천,가전제품 제일 싸게 사는 방법,짤감자,맞는 말이네,1,2025-05-10,HD4rY2a-FiY
1인가구_자취,혼자 사는 가전 추천,가전제품 제일 싸게 사는 방법,짤감자,쿠팡 냉장고 하이마트에서 10붙여서 팔더라 그래서 걍 쿠팡로켓설치함 lg꺼였는데 엄마 개좋아하더라,0,2026-03-16,HD4rY2a-FiY
1인가구_자취,혼자 사는 가전 추천,가전제품 제일 싸게 사는 방법,짤감자,하이마트온라인 카드 할인 10퍼에 보증 연장이 젤 좋던데,0,2025-05-09,HD4rY2a-FiY
1인가구_자취,혼자 사는 가전 추천,가전제품 제일 싸게 사는 방법,짤감자,합리적인거는 온라인 공식 대리점들.  고급진걸 원하면 오프라인 공식 대리점.,0,2025-12-17,HD4rY2a-FiY
1인가구_자취,혼자 사는 가전 추천,가전제품 제일 싸게 사는 방법,짤감자,내가 다해봤는데 온라인이 훨~~~~~쌈,3,2025-05-09,HD4rY2a-FiY
1인가구_자취,혼자 사는 가전 추천,가전제품 제일 싸게 사는 방법,짤감자,여러개 살거면 오프라인이 싼게 맞음 ㅋㅋ,0,2025-05-22,HD4rY2a-FiY
1인가구_자취,혼자 사는 가전 추천,2026 신혼가전 추천 TOP 6 : 혼수 이거 사고 2년 뒤 후회했어요,똑주부,"[영상 속 제품 할인 구매링크]
아래 링크로 구매 시 쿠팡/오늘의집/네이버 파트너스 활동으로 수수료를 받아 내돈내산 리뷰제작에 도움이 됩니다. 

1. 멀티오븐 큐커 
https://link.coupang.com/a/dVRYky
https://ozip.me/ma3orIU?af

2-1. 물걸레 되는 로봇청소기 
https://link.coupang.com/a/diqgc2
https://ozip.me/AwgHNsY?af

2-2. 가벼운 무선 청소기
https://naver.me/IGZbU54a
https://link.coupang.com/a/dNuvEI

3. 김치냉장고 되는 4도어 냉장고
https://link.coupang.com/a/dNuEp6

4. 이동식TV
https://naver.me/5eDqbAxi
https://link.coupang.com/a/dNuxAH

5. 14인용 식기세척기 
https://link.coupang.com/a/dVR2z0
https://ozip.me/QOgZAxl?af

6-1. 음식물 처리기 (미생물형) 
https://link.coupang.com/a/dGocXe
https://ozip.me/5xJgIKI?af

6-2. 음식물처리기 (건조분쇄형)
https://naver.me/IMZelj92
https://link.coupang.com/a/dVR4If",0,2026-03-04,1wZQKej6SXs
1인가구_자취,혼자 사는 가전 추천,2026 신혼가전 추천 TOP 6 : 혼수 이거 사고 2년 뒤 후회했어요,똑주부,"[보기 쉬운 타임라인] 
00:00 Intro
00:16 멀티 오븐, 좁은 주방의 치트키
00:47 청소기, 비싼 거 하나보다 이 조합
01:22 김치냉장고 대신 이 냉장고
01:51 이사 걱정 없는 TV
02:24 집안일로 안싸우는 비결
02:52 날파리 안생기는 필수템",0,2026-03-04,1wZQKej6SXs
1인가구_자취,혼자 사는 가전 추천,2026 신혼가전 추천 TOP 6 : 혼수 이거 사고 2년 뒤 후회했어요,똑주부,저 tv 사고싶어지네요 ㅋㅋㅋ,0,2026-03-08,1wZQKej6SXs
1인가구_자취,혼자 사는 가전 추천,2026 신혼가전 추천 TOP 6 : 혼수 이거 사고 2년 뒤 후회했어요,똑주부,와 요즘 냉장고는 모드도 설정할 수 있네요…대박,2,2026-03-05,1wZQKej6SXs
1인가구_자취,혼자 사는 가전 추천,2026 신혼가전 추천 TOP 6 : 혼수 이거 사고 2년 뒤 후회했어요,똑주부,"와~~!!!,   똑소리나는   선택들이네요,   TV 사고  싶어요~~^^",0,2026-03-15,1wZQKej6SXs
1인가구_자취,혼자 사는 가전 추천,2026 신혼가전 추천 TOP 6 : 혼수 이거 사고 2년 뒤 후회했어요,똑주부,냉장고모델명이뭔가요?!,0,2026-03-09,1wZQKej6SXs
1인가구_자취,혼자 사는 가전 추천,2026 신혼가전 추천 TOP 6 : 혼수 이거 사고 2년 뒤 후회했어요,똑주부,오오 냉장고 그러네요. 냄새는 실제로 어떤가요?,3,2026-03-04,1wZQKej6SXs
1인가구_자취,혼자 사는 가전 추천,2026 신혼가전 추천 TOP 6 : 혼수 이거 사고 2년 뒤 후회했어요,똑주부,어ㄹ음 많이 나오나요?,0,2026-03-04,1wZQKej6SXs
1인가구_자취,혼자 사는 가전 추천,1년 살아보니 알게된 진짜 신혼살림 추천템 비추천템 (신혼 가전 추천 l 혼수가전가구),작누댁,"신혼집 몇개월 살아보니 찐만족템과 살짝 후회되는 템들이 있더라구요! 여러분의 잘산템&후회템은?!

✨미닉스 미니 김치냉장고 한정 특가 링크✨
➡️https://m.site.naver.com/27PoD

[작누댁x미닉스] 미니 김치냉장고 ""더 시프트"" 댓글 이벤트
🔗참여링크: https://m.site.naver.com/27Ppt

Step1. 영상 끝까지 시청 후 자유 댓글 달기 (미닉스 언급시 당첨 확률 🆙 ) (좋아요 필수!)
Step2. 본인 댓글 캡쳐하고 구글폼 제출하면 끝!

※ 경품: 미닉스 미니 김치냉장고 더 시프트 본품 (총 1명)
※ 당첨자 연락은 익월 15일 내 진행 (문자 안내)",13,2026-05-17,MfdEiw5S3CE
1인가구_자취,혼자 사는 가전 추천,1년 살아보니 알게된 진짜 신혼살림 추천템 비추천템 (신혼 가전 추천 l 혼수가전가구),작누댁,큰누 작누 넘 야무지게 잘하고 있어 보기 좋네요😊,7,2026-05-17,MfdEiw5S3CE
1인가구_자취,혼자 사는 가전 추천,1년 살아보니 알게된 진짜 신혼살림 추천템 비추천템 (신혼 가전 추천 l 혼수가전가구),작누댁,"오 ~ 담주부터 딸래미  집들어갈 준비해야되는데 너무 유익한영상이네요
참고해야겠어요. 감사해요",5,2026-05-17,MfdEiw5S3CE
1인가구_자취,혼자 사는 가전 추천,1년 살아보니 알게된 진짜 신혼살림 추천템 비추천템 (신혼 가전 추천 l 혼수가전가구),작누댁,스타일러 너무 좋던데~~,7,2026-05-17,MfdEiw5S3CE
1인가구_자취,혼자 사는 가전 추천,1년 살아보니 알게된 진짜 신혼살림 추천템 비추천템 (신혼 가전 추천 l 혼수가전가구),작누댁,"곧 신혼집 입주라 작누님 영상 열심히 보고 있었는데 오늘 추천 비추천템 영상도 너무 좋네요 ㅎㅎㅎ 미닉스 음쓰처리기나 미니 김냉이나 소형 가전 잘하는 회사인 것 같아 눈여겨보고있었는데 오늘 영상도 너무 유용하네요 ㅎㅎ
미니 김냉 써보고 싶아요~",3,2026-05-17,MfdEiw5S3CE
1인가구_자취,혼자 사는 가전 추천,1년 살아보니 알게된 진짜 신혼살림 추천템 비추천템 (신혼 가전 추천 l 혼수가전가구),작누댁,"미닉스 너무 멋져요~!!
보는 동안 감탄이 굿굿!!
영상이 잘 구성되서 좋네요.
앞으로도 유익한 영상 플리즈~!
파이팅!!",1,2026-05-17,MfdEiw5S3CE
1인가구_자취,혼자 사는 가전 추천,1년 살아보니 알게된 진짜 신혼살림 추천템 비추천템 (신혼 가전 추천 l 혼수가전가구),작누댁,미닉스가 선물용으로도 아주 좋겠어요! 기능과 더불어 심플하고 세련된 디자인으로 호불호가 없을 것 같아요!^^,3,2026-05-17,MfdEiw5S3CE
1인가구_자취,혼자 사는 가전 추천,1년 살아보니 알게된 진짜 신혼살림 추천템 비추천템 (신혼 가전 추천 l 혼수가전가구),작누댁,"딸 11월 결혼이예요
여러가지로 작누댁 거누파파채널 많이 참고하고 도움받고 있어요
신혼추천템 미니김치냉장고 너무 공감되네요",2,2026-05-17,MfdEiw5S3CE
1인가구_자취,혼자 사는 가전 추천,1년 살아보니 알게된 진짜 신혼살림 추천템 비추천템 (신혼 가전 추천 l 혼수가전가구),작누댁,미닉스 신제품 더 시프트 기대되네요 슬림형 디자인으로 김치보관하기 좋아보여요,3,2026-05-17,MfdEiw5S3CE
1인가구_자취,혼자 사는 가전 추천,1년 살아보니 알게된 진짜 신혼살림 추천템 비추천템 (신혼 가전 추천 l 혼수가전가구),작누댁,"일요일에 작누댁 영상 넘 귀하다..❤❤이래저래 너무 공감해요! 식세기 필수!! 
집들이선물 남겨놓고 사기..이것도 공감이요..  혼수하면서 소형가전까지 모조리 묶어서 다 사버리니까 주변 지인들이 집들이올때 선물 사준다고 그래도 정말 사달라고 할게 없더라구요,, 한참 고민하다가 결국 잘 쓰지도 않는걸 사달라고 했어용🥹🥹",2,2026-05-17,MfdEiw5S3CE
1인가구_자취,혼자 사는 가전 추천,1년 살아보니 알게된 진짜 신혼살림 추천템 비추천템 (신혼 가전 추천 l 혼수가전가구),작누댁,미닉스 미니김치냉장고 안그래도 얼마전에 친구랑 가지고싶다고 얘기했었어요!! 1인가구도 김치를 맛있게 먹고싶다면서 미닉스 더시프트 얼마냐고 막 찾아봤었어욬ㅋㅋㅋㅋ 진짜 가지고싶네요😂😂,2,2026-05-17,MfdEiw5S3CE
1인가구_자취,혼자 사는 가전 추천,1년 살아보니 알게된 진짜 신혼살림 추천템 비추천템 (신혼 가전 추천 l 혼수가전가구),작누댁,"예비부부입니다💘 35년 캥거루족 탈출(?)하고 신혼 시작하는데 작누댁 미닉스 예전부터보고 저건사야지 하고있었거든요 미닉스 보면 볼수록 예쁘고 실용적이라 눈에 아른거려요 🥹
예비부부 첫 살림에 꼭 함께했으면 좋겠습니다.
당첨되면 매일 “잘 뽑았다” 소리 들을 자신 있어요 🤍",1,2026-05-18,MfdEiw5S3CE
1인가구_자취,혼자 사는 가전 추천,1년 살아보니 알게된 진짜 신혼살림 추천템 비추천템 (신혼 가전 추천 l 혼수가전가구),작누댁,"우왓....! 이번편도 너므 유익하잖아요...♡ 저는 6개월차 유부라 그런지 이번 영상은 폭풍공감 되더라고요ㅋㅋㅋㅋ! 이케아 조명 저거 너무 좋아요ㅠㅠㅜ완전 디자인도 이쁘고 조립도 쉽구....밤에 조명 하나만 켜도 완전 은은...♡ 로청이도 식세기도 사기 전에는 돈 아깝다고 신랑한테 샤우팅 했는데ㅋㅋㅋㅋㅋ동생이랑 남편네 누나가 선물로 주시고 써보니ㅋㅋㅋ진짜 너무 좋고 싸울일 줄어서 더 좋아요😂😂!!! 초기 비용이 비싸긴 하지만 진쯔....드레스, 스튜디오에서 추가비용 아껴서 이모님들 꼭 뫼시는거 강츄!!!!! 미닉스 음식물처리기 더 플랜더PRO를 거누파파네에서 봤었는데!!! 이번에도 미닉스에서 한 건 했네요!!!!!!! 디자인도 너무 깔끔하고🥹 좁아서 김치냉장고 생각도 못했던...우리집.....슬림형이라 더 좋아요ㅠ.ㅠ!! 저희집 부엌으로 와주기만 하면 될거 같아요🤣🤣 미닉스가 확실히 디자인도 깔끔하고  슬림형으로 제품을 잘 만들어내네요!! 그렇다고 기능이 떨어지는것도 아니고!!! 말해뭐해!!! 김장의 김자도 모르는...6개월차 유부는....양가에서 김치 받아와도ㅋㅋㅋ김치냉장고가 없어서...냉장고 냉장실에 두다가...매번 신김치로...그리고 하얀 유산균으로  덮인 트라우마가 있어요....ㅜ.ㅠ한국인이라 김치를 안먹고 살 수도 없고...후... 살려주세요오....",0,2026-05-18,MfdEiw5S3CE
1인가구_자취,혼자 사는 가전 추천,1년 살아보니 알게된 진짜 신혼살림 추천템 비추천템 (신혼 가전 추천 l 혼수가전가구),작누댁,와 기다렸어요 이내용!,0,2026-05-18,MfdEiw5S3CE
1인가구_자취,혼자 사는 가전 추천,1년 살아보니 알게된 진짜 신혼살림 추천템 비추천템 (신혼 가전 추천 l 혼수가전가구),작누댁,"안녕하세요 작누 영상 너무 기다렸어요…!! 잘산템 후회템 리뷰라니 너무 공감요!! 특히 식탁… 저희엄마가 이번에 동생 이사 시키면서 식탁 세라믹 너무 좋다고 하더라구요..!!
김치냉장고… 저도 사고싶은데 자리가 마땅치 않고 또 혼자 사는데 필요한가 싶지만 김치맛 때문에 사고 싶더라고… 미닉스 정말 디자인, 사이즈 뭐 하나 버릴게 없어보여요!! 그런 의미에서 손 살짝 들어봅니다…!!
앞으로도 좋은 영상 기대해요~^^",0,2026-05-17,MfdEiw5S3CE
1인가구_자취,혼자 사는 가전 추천,1년 살아보니 알게된 진짜 신혼살림 추천템 비추천템 (신혼 가전 추천 l 혼수가전가구),작누댁,"제 자취방 냉장고는 이미 꽉 찼는데 울 엄마는 왜 자꾸 김치랑 반찬을 바리바리 싸오시는 걸까여..ㅋㅋ 
진짜 넣을 데가 업어서 발만 동동 구르고 있었거든여!
근데 영상에 나온 미닉스 김치냉장고 진짜 룸테리어 직격템 아니냐구여! 
디자인도 넘 예쁘고 책상 및에 쏙 들어가는 거 보고 완전 반했어여.
저도 책상 밑에 맥쭈랑 제로콜라 시원하게 채워놓고 싶어여. 
유튭 보다가 미닉스에서 한 캔 딱 꺼내 마시면.. 캬~ 생각만 해도 넘 행복할 듯여!",1,2026-05-18,MfdEiw5S3CE
1인가구_자취,혼자 사는 가전 추천,1년 살아보니 알게된 진짜 신혼살림 추천템 비추천템 (신혼 가전 추천 l 혼수가전가구),작누댁,"가계부(?) 영상 재밌게 보고 있었는데 너무 공감 가는 영상이에요. 
저는 하나 더 추가한다면 건조기/제습기 필수로 추천해요~ 
저도 로청 식세기 음처기 다 사는 건 투머치라고 생각했는데 지금 다 있는 입장에서 절대 포기 못해요. 두명이라 설거지 거리 안 나올 것 같아서 식세기 안 샀다가 신혼 2개월만에 식세기 산 사람 나야나ㅎㅎㅎ 
1.5륨에서 신혼 생활 하는 저희인데 김치냉장고도 너무 탐나요! 미닉스 음처기 쓰고 있는데 귀여운 김냉도 있었네요?! 신혼부부가 사용하기 너무 좋을 것 같어요.
추가로 신혼부부에게 이불 좋은 거 사라고 추천하고 싶어요! 신혼 때 아니면 언제 사보겠어요ㅎㅎ",1,2026-05-17,MfdEiw5S3CE
1인가구_자취,혼자 사는 가전 추천,1년 살아보니 알게된 진짜 신혼살림 추천템 비추천템 (신혼 가전 추천 l 혼수가전가구),작누댁,"신혼집에 가전을 천천히 들이고 있는데, 식세기. 로청은 살거야!합니다 현재는 가장만족은 오븐쿠커예요ㅎㅎㅎ 근데 저는 생김치 예랑은 신김치파니 취향이 달라서 김치냉장고들이고 싶은데, 집이 작아서.. 고민이커요  미니믹이 작고 리터도 크니 진짜 갖고싶은 품목중에 하나인데 예랑은 별 생각이없어보이는 그..

결국 신혼부부 예산초과로 못사는데 댓글이벤트가있어 신청해요

지난번에도 떨어지긴했지만 재도전!!

저희 진짜
미니믹 김치냉장고 꼭 받고 싶어요❤️❤️❤️❤️",3,2026-05-17,MfdEiw5S3CE
1인가구_자취,혼자 사는 가전 추천,1년 살아보니 알게된 진짜 신혼살림 추천템 비추천템 (신혼 가전 추천 l 혼수가전가구),작누댁,안녕하세요 올해 예식 앞둔 예신이예요 >< 요즘 신혼집에 채워넣을 가전보느라 이곳저곳 서치중에 작누댁 채널을 알게되었어요! 특히나 가전제품 발품파는영상으로 큰도움 받고있습니다 ❤❤ 예산도 부족하고 저희 신혼집이 그리 크지않아 소형가전 위주로 보고있는데 이번에 알게된 미닉스 더시프트가 김치냉장고 겸 술장고 로 아주 유용하게 쓰일거 같아 기대하는 마음으로 댓글 남겨봅니다 ><,1,2026-05-22,MfdEiw5S3CE
1인가구_자취,혼자 사는 가전 추천,1년 살아보니 알게된 진짜 신혼살림 추천템 비추천템 (신혼 가전 추천 l 혼수가전가구),작누댁,"미닉스 더 시프트 보는데 “작지만 강하다”는 말이 딱이네요❄️  
요즘 자취방이나 신혼집은 공간 활용이 진짜 중요한데 36cm 슬림폭인데도 용량 넉넉한 점이 너무 마음에 들어요!  
김치뿐만 아니라 주류나 간식 보관용으로도 활용 가능하다는 게 완전 실용적✨  
거기다 소음이 도서관 수준이라니… 침실 근처에 둬도 부담 없을 것 같아서 더 탐납니다ㅋㅋ  
작누댁님 영상 보니까 괜히 집에 하나 들여놓고 싶어졌어요🙌",0,2026-05-18,MfdEiw5S3CE
1인가구_자취,혼자 사는 가전 추천,1년 살아보니 알게된 진짜 신혼살림 추천템 비추천템 (신혼 가전 추천 l 혼수가전가구),작누댁,"미닉스 더 시프트 소개 영상을 보는데 신혼살림 현실 팁들이 술술 풀려서 재미있었어요😊 식탁 소재 얘기부터 자잘한 소형가전 선택 기준까지 따라가다 보니 집 꾸리는 과정이 눈앞에 그려지는 기분이 들었고, 공간이 좁을수록 무엇을 먼저 들여야 할지 망설이던 제 상황에도 딱 맞는 내용이 많았어요. 특히 김치냉장고는 포기해야 하나 고민하던 찰나에 더 시프트가 등장하는 순간 눈이 동그래졌어요😮 폭이 슬림해서 아일랜드 옆이나 작은 틈에도 쏙 들어가고, 조용하게 돌아간다고 하니 생활 동선에 부담이 없을 것 같았어요. 김치 보관은 물론이고 캔 음료나 간식까지 따로 시원하게 챙겨둘 수 있다는 점도 마음을 흔들었고, 주방 인테리어에 자연스럽게 어울리는 디자인이라서 두고 볼 때마다 흐뭇해질 것 같은 느낌이 들었어요. 신혼집에서 더 시프트를 쓰게 된다면 출근 준비하면서 맥주 캔 하나 꺼내는 상상까지 해봤고, 주말엔 김치 쉬지 않도록 든든하게 맡겨둘 수 있을 거라 기대돼요❄ 영상 올려주신 덕분에 선택의 기준도 세워지고 현실적인 도움도 받아서 감사한 마음이에요. 앞으로도 생활에 숨결을 넣어주는 영상 기대하면서 응원 보낼게요🥰",0,2026-05-19,MfdEiw5S3CE
1인가구_자취,혼자 사는 가전 추천,1년 살아보니 알게된 진짜 신혼살림 추천템 비추천템 (신혼 가전 추천 l 혼수가전가구),작누댁,로봇청소기 추천!! 딸이 선물해줘서 어풀깔고 편리하게 잘사용하고 있어요😊,1,2026-06-03,MfdEiw5S3CE
1인가구_자취,혼자 사는 가전 추천,1년 살아보니 알게된 진짜 신혼살림 추천템 비추천템 (신혼 가전 추천 l 혼수가전가구),작누댁,#미닉스 예비신혼부부인데 이제 준비해야할게많아서 시간가는줄 모르고 봤어요! 처음에 신혼집 준비하실때 본영상에 나온 제품들 다 좋겠다 싶었는데 오늘영상에서 장단점 알려주셔서 도움이 될것같아요!,0,2026-05-24,MfdEiw5S3CE
1인가구_자취,혼자 사는 가전 추천,1년 살아보니 알게된 진짜 신혼살림 추천템 비추천템 (신혼 가전 추천 l 혼수가전가구),작누댁,미닉스 김치냉장고라는 존재 자체를 처음알게된게 거누파파네였어요 저희도 2인가구르 그때도 너무 갖고싶어서 벼르다가 잊어버렸는데 오늘 작누댁으로 또한번 접하게되네요 추천을 너무 맛깔스럽게 해주셔서 구매욕구 뿜뿜이네요ㅋ 불경기인 요즘 가전은 쉽게.. 구매가  어려운게 아쉽지만 저에게도 혹시나하는 행운이 오길🙏🏼🙏🏼💌 늘 애청하고있습니다❤,0,2026-05-19,MfdEiw5S3CE
1인가구_자취,혼자 사는 가전 추천,1년 살아보니 알게된 진짜 신혼살림 추천템 비추천템 (신혼 가전 추천 l 혼수가전가구),작누댁,"우와 미닉스 김치냉장고 설명듣자마자 저는 바퀴 먼저 생각햇거든여👏👏👏
왜냐면 뭔가 김치냉장고이긴하지만
안방에 가지고 들어가서 맥주 넣어놓구 밤에 영화볼때 쓸수도 잇지 않을까 싶어서😙😙😙 근데 역시나네요!!!!
크기도 크지 않아서 더 부담없구
저처럼 신혼가정에 딱이에영🙆🏻‍♀️🥨",0,2026-05-20,MfdEiw5S3CE
1인가구_자취,혼자 사는 가전 추천,1년 살아보니 알게된 진짜 신혼살림 추천템 비추천템 (신혼 가전 추천 l 혼수가전가구),작누댁,쇼파쿠션 넘 이뻐여^^ 정보좀??,0,2026-05-17,MfdEiw5S3CE
1인가구_자취,혼자 사는 가전 추천,1년 살아보니 알게된 진짜 신혼살림 추천템 비추천템 (신혼 가전 추천 l 혼수가전가구),작누댁,"미닉스 소개주신거는 운명인가봐요😮!!♥️

안그래도 6월초 신혼집 들어가는데 가전중에 김냉을 못샀고든요..(집이 좁아서요😢)
그냥 냉장고에서 김치냄새 나야겠다 ㅠㅠㅠ 하고 있었는데🥺 이런 미니 김냉이 있는지 몰랐어요!!! 기술력 무엇🫶🏻

당첨되게 된다면 홈페이지에서 배치주신 것처럼 아일랜드 옆에 놓고 쓸래요💖 인테리어도 해치지않고 너무 이쁜데 실용적이네요♥️♥️♥️",0,2026-05-18,MfdEiw5S3CE
1인가구_자취,혼자 사는 가전 추천,1년 살아보니 알게된 진짜 신혼살림 추천템 비추천템 (신혼 가전 추천 l 혼수가전가구),작누댁,아이들이 김치가 쉬면 안먹어서 이젠 김치냉장고를 사야하나 고민중이였는데.. 미닉스에서 이렇게 미니미 하지만 김치를 계속 맛있게 먹을수 있는김치냉장고가 있다니!!! 바로 달려갑니다ㅋㅋㅋㅋㅋㅋㅋ,0,2026-05-17,MfdEiw5S3CE
1인가구_자취,혼자 사는 가전 추천,1년 살아보니 알게된 진짜 신혼살림 추천템 비추천템 (신혼 가전 추천 l 혼수가전가구),작누댁,곧 신혼집 입주하는 신랑입니다~ 말씀해 주셨던 가전제품 혼수 꿀팁 영상도 보면서 도움 많이 가졌습니다. 김치냉장고도 구비하고 싶었지만 집이 좁아 마땅히 놓을 곳이 없어서 포기했네요... 미닉스 미니 김치냉장고 기회가 된다면 사용해 보고 싶습니다😊 살얼음 직전에 시원한 맥주도 와이프랑 같이 먹는 상상까지 하게 됐네요. 오늘도 영상 보고 꿀팁 잘 얻어 가요~ 항상 감사합니다!,0,2026-05-17,MfdEiw5S3CE
1인가구_자취,혼자 사는 가전 추천,1년 살아보니 알게된 진짜 신혼살림 추천템 비추천템 (신혼 가전 추천 l 혼수가전가구),작누댁,"결혼 생활을 시작하면서 겪는 현실적인 조언들이 가득해서 무척 유익했습니다. 수많은 살림 정보 중에서 가장 와닿았던 순간은 미니 김치냉장고의 다용도 활용성을 짚어준 5분 29초 언저리였습니다. 보통 신혼 가전을 장만할 때 부피가 큰 대형 제품만 떠올리기 마련인데, 공간을 적게 차지하면서도 음료나 김장 김치를 효율적으로 보관할 수 있다는 점이 무척 실용적으로 다가왔습니다. 주거 공간의 한계를 극복하면서 경제성까지 챙길 수 있다는 점이 신선한 자극이 되었습니다.
전체적으로 화려한 인테리어 소품 위주가 아니라, 실제 거주하며 터득한 정직한 경험담을 나누어 주어 신뢰감이 생겼습니다. 무조건 비싼 물건을 들이기보다 구성원의 생활 양식에 맞추어 선택하는 안목이 돋보였습니다. 살림살이를 준비하는 이들에게 든든한 길잡이가 되어주는 훌륭한 조언입니다.",1,2026-05-18,MfdEiw5S3CE
1인가구_자취,혼자 사는 가전 추천,1년 살아보니 알게된 진짜 신혼살림 추천템 비추천템 (신혼 가전 추천 l 혼수가전가구),작누댁,울 둘째 직장따라 타지로 갔는데 김치없인 못살아 1인으로 미닉스김냉 정말 생각해봐야 겠어요😅,0,2026-05-17,MfdEiw5S3CE
1인가구_자취,혼자 사는 가전 추천,1년 살아보니 알게된 진짜 신혼살림 추천템 비추천템 (신혼 가전 추천 l 혼수가전가구),작누댁,"미닉스 김치냉장고 궁금한데 김치를 좋아해서 항상 엄마, 이모 김치 쟁여놓는걸 좋아해서 큰 용량의 김치냉장고랑 항상 고민이 되더라고요. 추천하시는거 보니 더 가지고 싶어요😍",0,2026-05-17,MfdEiw5S3CE
1인가구_자취,혼자 사는 가전 추천,1년 살아보니 알게된 진짜 신혼살림 추천템 비추천템 (신혼 가전 추천 l 혼수가전가구),작누댁,"안녕하세요 작누님😊  
저는 거누파파 때부터 시작해서 지금은 작누댁까지 꾸준히 보고 있는 구독자입니다!!

저도 작년 12월에 결혼한 신혼부부라 작누님 영상 보면서 같이 준비하는 느낌으로 정말 많이 참고했어요🧡

저희도 신혼부부답게 김치냉장고를 따로 장만하지 않았더니 김치 맛이 금방 변해서 늘 아쉽더라고요ㅠㅠ  
게다가 친정이랑 시댁이 둘 다 2시간 거리라 한 번 다녀오면 김치를 많이 받아오는데, 항상 마지막엔 맛이 변해버려서 고민이 많았습니다🥹

그러던 와중에 미닉스 미니 김치냉장고 이벤트를 보게 되어 참여하게 되었어요!!  
미닉스는 음식물처리기로 유명해서 원래 알고 있었는데, 이번 미니 김치냉장고 보니까 디자인도 너무 깔끔하고 컴팩트해서 주방 어디에 두어도 잘 어울릴 것 같더라고요✨

이번 기회로 미닉스 미니 김치냉장고 꼭 사용해보고 싶습니당!!  
작누님도 항상 행복한 신혼생활 보내세용🧡",0,2026-05-18,MfdEiw5S3CE
1인가구_자취,혼자 사는 가전 추천,1년 살아보니 알게된 진짜 신혼살림 추천템 비추천템 (신혼 가전 추천 l 혼수가전가구),작누댁,결혼한지 1년 넘었는데 김냉 계속 사고싶었는데 이제 진짜 놓을 자리가 없어서 아쉬워만 하고 있었는데 완전 운명같아요 좋은 제품 소개해주셔서 감사해요😍 미닉스 음식물처리기 더플렌더 쓰고있었는데 김냉이 있는지는 이번에 처음 알았어요 이번 기회에 새로운 미닉스 들일까봐요..❤,0,2026-05-19,MfdEiw5S3CE
1인가구_자취,혼자 사는 가전 추천,1년 살아보니 알게된 진짜 신혼살림 추천템 비추천템 (신혼 가전 추천 l 혼수가전가구),작누댁,거누파파님 댁과 작누님 댁을 보면서 언젠가 신혼집을 꾸밀 때 꼭 구매해야겠다고 생각했던 미닉스 음식물 처리기가 있었습니다. 마침 구매하려고 했을 때 운 좋게 신제품이 출시되어 바로 구매하게 되었습니다! 그리고 김치를 좋아하지만 냉장고에 냄새가 배는 것을 싫어하는 제가 친구들에게 축의금은 받지 않을 테니 미닉스 김치냉장고를 사주면 좋겠다고 이야기했지만.. 신랑이 반대합니다 😂 너무나 탐나는것..,0,2026-05-17,MfdEiw5S3CE
1인가구_자취,혼자 사는 가전 추천,1년 살아보니 알게된 진짜 신혼살림 추천템 비추천템 (신혼 가전 추천 l 혼수가전가구),작누댁,"안그래도 저 신혼집 들어가기 전이라 지금 가전을 알아보는 중이거든요ㅜ친구들한테 김치냉장고 샀냐고 물어봤는데…!!!! 다들 집이 작아서 안 샀다 살 거면 작은 거 사 했는데 딱 이 영상을 봤네요 대박 신기해 
작누처럼 쇼파 옆에 김치 좀 넣고 맥주 넣으면 짱 좋을 거 같네요 ㅎㅎ",0,2026-05-20,MfdEiw5S3CE
1인가구_자취,혼자 사는 가전 추천,1년 살아보니 알게된 진짜 신혼살림 추천템 비추천템 (신혼 가전 추천 l 혼수가전가구),작누댁,와 저도 좀 있으면 신혼 집 들어가는데 식기세척기 이모님 고민 중입니다 해야되나ㅠㅠㅠ 두분 말씀 들어보니 솔깃합니다...ㅎㅎ 미닉스 음식물 쓰레기 처리기도 쓰고 있는데 미니 김치냉장고 차아아아암 탐납니다ㅎㅎㅎ 신혼 집에 하나 장만해두고 싶네요!!!,0,2026-05-17,MfdEiw5S3CE
1인가구_자취,혼자 사는 가전 추천,1년 살아보니 알게된 진짜 신혼살림 추천템 비추천템 (신혼 가전 추천 l 혼수가전가구),작누댁,"4:02 영상 넘 잘 보고 있어요 거누파파도..❤ 

집이 크지 않으면 가전제품 들일 때 고민이 진짜 많이 되죠 😂 부피도 성능도 다 정말 중요하잖아요.. 저도 김치냉장고 넣을 자리는 없는데 그렇다고 아무거나 사자니 ㅠㅠ 소중한 김장김치들이 잘못될까봐 걱정되기도ㅜ하고😢 미닉스 미니 김치냉장고 처음 들어보는데 너무 좋은 것 같아요! 음료들도 같이 보관하고 미닉스니까 성능은 뭐 말모😂  저도 한번 꼭 써보고 싶네요",0,2026-05-17,MfdEiw5S3CE
1인가구_자취,혼자 사는 가전 추천,1년 살아보니 알게된 진짜 신혼살림 추천템 비추천템 (신혼 가전 추천 l 혼수가전가구),작누댁,8월 결혼을 앞두고 신혼집 살림 채우기에 아주 바쁜 나날을 보내고 있습니다 ㅎㅎ 김치를 워낙 좋아하다보니 김냉을 갖고싶지만 들어갈 자리도 없고 예산도 초과에요 ㅠㅠ 미닉스 김치냉장고가 사이즈도 아담하니 신혼가구에 딱일 것 같네요 ㅎㅎㅎ 갖고싶습니당 🤍,0,2026-05-17,MfdEiw5S3CE
1인가구_자취,혼자 사는 가전 추천,1년 살아보니 알게된 진짜 신혼살림 추천템 비추천템 (신혼 가전 추천 l 혼수가전가구),작누댁,새채널을 추가하셨군요ㅎ,0,2026-05-17,MfdEiw5S3CE
1인가구_자취,혼자 사는 가전 추천,1년 살아보니 알게된 진짜 신혼살림 추천템 비추천템 (신혼 가전 추천 l 혼수가전가구),작누댁,3년차 신혼입니다~ 작누 말씀이 맞아요~ 숟가락은 많이 사셔야 해요. 특히 가족이 많다면 수저 세트 10인 정도 해놓는 것도 좋아요~ 자리 차지도 별로 안하니까요! 꿀팁: 엄마집 가면 엄마가 어디에선가 사거나 받아놓고 안쓴 새 숟가락 젓가락 세트 있다.,0,2026-06-04,MfdEiw5S3CE
1인가구_자취,혼자 사는 가전 추천,1년 살아보니 알게된 진짜 신혼살림 추천템 비추천템 (신혼 가전 추천 l 혼수가전가구),작누댁,"저도 큰누처럼 출산하고 친정 근처로 이사했어요 친정 쵝오😊😊 그런데 주방이 좁아 김치냉장고 둘 곳이 없어서.. 이전에 파파님께 술장고 선물해드리는 영상보고 오호 이런 제품이 있었군!? 하고 솔깃했네요 ㅎㅎ 미닉스 미니 김치냉장고 다용도실에 두기에도 딱 좋고, 저도 육퇴 후 미친 시원함의 맥주 마시고 싶네요!! ㅎㅎ👍👍👏",0,2026-05-21,MfdEiw5S3CE
1인가구_자취,혼자 사는 가전 추천,1년 살아보니 알게된 진짜 신혼살림 추천템 비추천템 (신혼 가전 추천 l 혼수가전가구),작누댁,살얼음 맥주😆 저는 10개월 아기 키우고 있어요. 밤에 육퇴 후 금방 잠들겠지하고 맥주 냉동고에 얼려 놓으면 타이밍 안 맞아서 얼어버릴 때도 있고 애기가 너무 보채는 날은 우리 부부도 뻗어서 잊을 때도 있어요. 오늘 하루도 무사히 보냈다는 마무리의 한 잔을 술장고가 딱 맞춰준다면 좋을텐데 부러워요!!!😂,0,2026-05-17,MfdEiw5S3CE
1인가구_자취,혼자 사는 가전 추천,1년 살아보니 알게된 진짜 신혼살림 추천템 비추천템 (신혼 가전 추천 l 혼수가전가구),작누댁,"신혼집 이사온지 1주일 되었는데 작누님이 말해주신 1,2위 식세기 로청 돈아끼려고 안샀는데 후회중이에요🥲🥲  미닉스는 음식물 처리기 잘쓰고잇는데 더 시프트 제품은 예전 거누파파네 영상에서 술장고로 나온거보고 눈독들이고 있었는데 부모님께 김치 받아오면 써보고싶어요~~~❤",0,2026-05-18,MfdEiw5S3CE
1인가구_자취,혼자 사는 가전 추천,1년 살아보니 알게된 진짜 신혼살림 추천템 비추천템 (신혼 가전 추천 l 혼수가전가구),작누댁,"언니가 신혼가구로 미닉스 음식물 처리기 사용해보고 좋다고 엄마한테도 선물해줘서 쓰고있는데 너무 편하더라구요~
이번에 미닉스에서 미니 김치냉장고 더 시프트가 나왔다니!
미닉스라면 믿고 구매 할 수 있을 것 같아요~
안그래도 집에 뚜껑 김치냉장고가 너무 공간 차지를 많이해서 이번에 이사갈때 버리고 가야되나? 그러면 김치냉장고를 또 사야되나 고민했는데 미닉스 미니 김치냉장고는 크기가 컴팩트해서 어디든 배치하기 좋을 것 같아요❤",0,2026-05-17,MfdEiw5S3CE
1인가구_자취,혼자 사는 가전 추천,1년 살아보니 알게된 진짜 신혼살림 추천템 비추천템 (신혼 가전 추천 l 혼수가전가구),작누댁,"[이벤트 참여] 신혼 생활을 시작하면서 가장 크게 느낀 게 가전가구 선택이 생각보다 훨씬 어렵다는 점이었어요! 🧑🏻‍🦲🫶🏻 단순히 예쁜 것보다도 실제 생활 동선이나 수납, 소음, 전기세까지 고려해야 하다 보니 하나하나 고를 때마다 고민이 정말 많아지더라고요! :) 그래서 이번 영상에서처럼 실제 신혼 7개월 차 선배의 현실적인 추천과 비추천 정리는 정말 도움이 많이 됐습니다! 🥹🤍

특히 미닉스 더 시프트처럼 좁은 공간에서도 효율적으로 사용할 수 있는 제품은 신혼집이나 원룸, 소형 주거 공간에 정말 필요한 가전이라는 생각이 들었어요!

김치냉장고는 꼭 큰 제품이어야 한다는 편견이 있었는데, 슬림한 디자인에 용량까지 확보된 점이 인상적이었고, 무엇보다 생활 소음이나 전기세까지 고려한 부분이 현실적으로 느껴졌습니다. 이런 디테일이 실제 사용 만족도를 크게 좌우할 것 같아요! 🧻👏👏

앞으로도 가전은 단순히 스펙보다 우리 집에 맞는가?가 더 중요하다는 걸 다시 느끼게 된 영상이었습니다! 신혼을 준비하는 입장에서 이런 현실적인 리뷰와 경험 공유가 정말 큰 도움이 되는 것 같아요! 🍚🖤",0,2026-05-23,MfdEiw5S3CE
1인가구_자취,혼자 사는 가전 추천,1년 살아보니 알게된 진짜 신혼살림 추천템 비추천템 (신혼 가전 추천 l 혼수가전가구),작누댁,"#미닉스❤️ 안녕하세요 저는 본가가 광주인데 현재는 서울 거주하고 있습니다~ 올해 11월에 결혼해서 가전제품을 찾아보고 있는데 우선 요리하는 것을 너~무 좋아해서 미닉스 음식물처리기는 구매해서 너무너무 잘쓰고 있습니다👍🏻 삶의 질이 달라졌어요,,,❤
그리고 김치냉장고 큰 걸 구매하기에는 자리를 너무 많이 차지하고,,, 구매안하자니 일반 냉장고에서 김치 냄새가 너무 많이 나고 고향에서 온 맛있는 김치가 너무 빨리 상하고 물러지고 맛도 없어져서 아깝게 버리게 되는 경우가 많아서 공간 차지도 없고 용량도 넉넉한 미닉스 김치냉장고 너무 사용해보고 싶습니다 ㅠㅠ🍀💚🧡",0,2026-05-19,MfdEiw5S3CE
1인가구_자취,혼자 사는 가전 추천,1년 살아보니 알게된 진짜 신혼살림 추천템 비추천템 (신혼 가전 추천 l 혼수가전가구),작누댁,"저희 신혼집은 1.5룸 오피스텔인데요,,, 사고싶은 미닉스 김치냉장고를 여기서 또 보네요! 미니 김냉중에서 소음도 적고 전력효율도 좋다고 해서 너무 좋을거 같아요😊 김치도 많이 먹는편이 아니라 크기도 적당하구요 ㅎㅎㅎ 요즘 신혼가구에 어울리는 제품인거같아요:)",0,2026-05-21,MfdEiw5S3CE
1인가구_자취,혼자 사는 가전 추천,1년 살아보니 알게된 진짜 신혼살림 추천템 비추천템 (신혼 가전 추천 l 혼수가전가구),작누댁,"저도 로청 완전 뽕뽑템! 커튼도 아기방 완전암막으로 바꾸면서 커튼업체 또 불러야하나 했는데 진짜로 작누댁보고 직접시공했는데 완전 만족!진짜 셀프 가능하다!!
미닉스 음쓰처리기도 주변에서도 엄청 많이쓰는데 진짜 만족도 👍
요즘 미닉스 핫해핫해 오늘 트레이더스에도 김치냉장고 앞자리에서 판매하던데 괜시리 반갑더라고요:) 신혼, 2인가구에 완전 용이한 아이템",0,2026-05-17,MfdEiw5S3CE
1인가구_자취,혼자 사는 가전 추천,1년 살아보니 알게된 진짜 신혼살림 추천템 비추천템 (신혼 가전 추천 l 혼수가전가구),작누댁,작누언니~토보코 선크림 이벤트 한번 더 해주세요~ 선크림 그것만 쓰게 되요,0,2026-05-23,MfdEiw5S3CE
1인가구_자취,혼자 사는 가전 추천,"삶의질 올라가는 신혼 가전 필수템 BEST9 I 가전 추천✨ I 1년이상 사용 후 장단점 리뷰 I 식기세척기, 공기청정기, 로보락, LG가전, 에어컨, 세탁기 추천",170cm,밤에는 전열교환기를 사용하세요. 공기청정기와 비슷한효과를 내요. 전열교환기+공기청정기 조합. 야간에는 공청 off,2,2024-07-13,yZKHjoEd1tY
1인가구_자취,혼자 사는 가전 추천,"삶의질 올라가는 신혼 가전 필수템 BEST9 I 가전 추천✨ I 1년이상 사용 후 장단점 리뷰 I 식기세척기, 공기청정기, 로보락, LG가전, 에어컨, 세탁기 추천",170cm,신혼가전템 신혼아니더라도 가전제품 교체시 참고가 되겠어요❤ 영상 잘봤습니다,2,2024-06-22,yZKHjoEd1tY
1인가구_자취,혼자 사는 가전 추천,"삶의질 올라가는 신혼 가전 필수템 BEST9 I 가전 추천✨ I 1년이상 사용 후 장단점 리뷰 I 식기세척기, 공기청정기, 로보락, LG가전, 에어컨, 세탁기 추천",170cm,영상 퀄리티가 너무 좋아용,0,2024-10-28,yZKHjoEd1tY
1인가구_자취,혼자 사는 가전 추천,"삶의질 올라가는 신혼 가전 필수템 BEST9 I 가전 추천✨ I 1년이상 사용 후 장단점 리뷰 I 식기세척기, 공기청정기, 로보락, LG가전, 에어컨, 세탁기 추천",170cm,"오오 LG 코드제로 진짜 후기 감사해요! 그 앞엔 좋은 말씀만 하셔서 아~ 역시 좋게 말하나 했는데
여기서 바로 신뢰도 급상승

저도 다이슨이랑 LG 코드제로 먼지통이랑 어쩌구 엄청 고민하다가 결국 다이슨 V12 2.2kg으로 확정했어요

말씀하신 부분도 알게 돼서 좋고 실사용 안 하면 절대 모르는 것들

특히 먼지봉투가 별도로 계속 나가는 비용이라 호환용으로 사람들이 많이 사용하던데

아무튼 이 금액에 무게 맞나? 싶었거든요",0,2025-06-10,yZKHjoEd1tY
1인가구_자취,혼자 사는 가전 추천,"삶의질 올라가는 신혼 가전 필수템 BEST9 I 가전 추천✨ I 1년이상 사용 후 장단점 리뷰 I 식기세척기, 공기청정기, 로보락, LG가전, 에어컨, 세탁기 추천",170cm,"좋은 정보 감사합니댜! 참고가 많이 되었어요. 공기청정기, 미생물 등등 계속 켜두어야 하는데 혹시 전기세는 어느정도인지 궁금해요. 😮",2,2024-08-17,yZKHjoEd1tY
1인가구_자취,혼자 사는 가전 추천,"삶의질 올라가는 신혼 가전 필수템 BEST9 I 가전 추천✨ I 1년이상 사용 후 장단점 리뷰 I 식기세척기, 공기청정기, 로보락, LG가전, 에어컨, 세탁기 추천",170cm,에어컨 같은모델인데 혹시 처음 켜면 두두둑 거리는 소음 안나시나요? ㅠㅠ as신청해봤는데 정상이라는데 넘 거슬림,1,2024-06-21,yZKHjoEd1tY
1인가구_자취,혼자 사는 가전 추천,"삶의질 올라가는 신혼 가전 필수템 BEST9 I 가전 추천✨ I 1년이상 사용 후 장단점 리뷰 I 식기세척기, 공기청정기, 로보락, LG가전, 에어컨, 세탁기 추천",170cm,"안녕하세요 170cm님!
국내 1위 창문 로봇 청소기 대여서비스 '청소개구리' 입니다🐸
협찬 제안 건으로 연락드리고 싶은데 메일 주소 댓글로 남겨주시면 감사드리겠습니다😊",2,2024-09-25,yZKHjoEd1tY
1인가구_자취,혼자 사는 가전 추천,"삶의질 올라가는 신혼 가전 필수템 BEST9 I 가전 추천✨ I 1년이상 사용 후 장단점 리뷰 I 식기세척기, 공기청정기, 로보락, LG가전, 에어컨, 세탁기 추천",170cm,sk매직 식기세척기사업 철수했습니다,1,2024-08-20,yZKHjoEd1tY
1인가구_자취,혼자 사는 가전 추천,"삶의질 올라가는 신혼 가전 필수템 BEST9 I 가전 추천✨ I 1년이상 사용 후 장단점 리뷰 I 식기세척기, 공기청정기, 로보락, LG가전, 에어컨, 세탁기 추천",170cm,식세기는 2인가족이어도 활용도가 높나요?,1,2024-09-29,yZKHjoEd1tY
1인가구_자취,혼자 사는 가전 추천,"삶의질 올라가는 신혼 가전 필수템 BEST9 I 가전 추천✨ I 1년이상 사용 후 장단점 리뷰 I 식기세척기, 공기청정기, 로보락, LG가전, 에어컨, 세탁기 추천",170cm,에어컨은 시스템 에어컨이 좋아요.. 스탠드는 추천하는 게 아닙니다.......,7,2024-07-07,yZKHjoEd1tY
1인가구_자취,1인가구 필수 가전,[주연꿀템] 2만원부터 250만원(?)까지 구매하고 극락 경험한 1~2인 가구 삶의 질 상승 가전제품 싹 다 털어드림!,주연 ZUYONI,"여러분 즐거운 연휴 보내시고, 제품 정보는 아래 링크 참고하세요~🙌

찬 우유거품까지 4가지 기능 탑재 우유 거품기
https://link.coupang.com/a/cU94ug

버티컬 멀티탭
https://link.coupang.com/a/cVaZTl

원격제어 스마트 플러그
https://link.coupang.com/a/cU9499

욕실 온풍&제습기
https://link.coupang.com/a/cU95Li

초슬림 연속배수 제습기
https://link.coupang.com/a/cU950y

닌자 블라스트 무선블렌더
https://link.coupang.com/a/cU965o

항온유지 온도조절 펠로우 스태그 커피포트
https://link.coupang.com/a/cU97Pg

삼성 비스포크 큐커
https://link.coupang.com/a/cU98aK

돌체구스토 네오 커피머신
https://link.coupang.com/a/cU98ph

미닉스 더 플렌더 프로
https://link.coupang.com/a/cU98B7

LG 시네빔 큐브
https://link.coupang.com/a/cU98NP

필립스 휴 컬러 앰비언트 전구
https://link.coupang.com/a/cU99km

렉손 미나 미니 램프
https://link.coupang.com/a/cVaa5e

커스텀 타공 철제 커피장
https://ozip.me/d40Z8EI?af

거실 둥근 화이트 테이블 지름 1000mm
https://link.coupang.com/a/cVs915

-위 쿠팡, 오늘의집 링크로 제품을 구매하면 소정의 수수료를 받아 채널 운영에 도움이 됩니다

거실 인테리어템은 아래 영상 참고하세요!
https://youtu.be/18bGShj9erU?si=n1sPdM_Ej8nazx5W",83,2025-10-07,Elt37Hptjp8
1인가구_자취,1인가구 필수 가전,[주연꿀템] 2만원부터 250만원(?)까지 구매하고 극락 경험한 1~2인 가구 삶의 질 상승 가전제품 싹 다 털어드림!,주연 ZUYONI,uv 행주건조대가 제일 괜찮아 보이는데 정작 이 링크가 없네,55,2025-10-23,Elt37Hptjp8
1인가구_자취,1인가구 필수 가전,[주연꿀템] 2만원부터 250만원(?)까지 구매하고 극락 경험한 1~2인 가구 삶의 질 상승 가전제품 싹 다 털어드림!,주연 ZUYONI,"물론 여러 기기들 소개도 잘 들었지만, 주연님이 팀원분들과 일적인 관계를 넘어 정말 좋은 관계를 맺고 있다는게 느껴져서 마음 한 켠이 따스해졌어요😊 늘 좋은 영상 감사합니다~",39,2025-10-07,Elt37Hptjp8
1인가구_자취,1인가구 필수 가전,[주연꿀템] 2만원부터 250만원(?)까지 구매하고 극락 경험한 1~2인 가구 삶의 질 상승 가전제품 싹 다 털어드림!,주연 ZUYONI,"할머니 모먼트 진짜 사람냄새나고 좋음 ..ㅋㅋㅋ
주연님이랑 일하면 매일이 명절같겠어요",99,2025-10-07,Elt37Hptjp8
1인가구_자취,1인가구 필수 가전,[주연꿀템] 2만원부터 250만원(?)까지 구매하고 극락 경험한 1~2인 가구 삶의 질 상승 가전제품 싹 다 털어드림!,주연 ZUYONI,브이로그 개좋아 ㄹㅇ 조명앞일때보다 훨씬좋아 자연스러운촬영 피디와의 티키타카 개좋아 더줘요 더줘,84,2025-10-07,Elt37Hptjp8
1인가구_자취,1인가구 필수 가전,[주연꿀템] 2만원부터 250만원(?)까지 구매하고 극락 경험한 1~2인 가구 삶의 질 상승 가전제품 싹 다 털어드림!,주연 ZUYONI,어쩌다보니 추석 연휴 솔플 중인데 영상 트니까 시끌벅적해졌어!😁,19,2025-10-07,Elt37Hptjp8
1인가구_자취,1인가구 필수 가전,[주연꿀템] 2만원부터 250만원(?)까지 구매하고 극락 경험한 1~2인 가구 삶의 질 상승 가전제품 싹 다 털어드림!,주연 ZUYONI,"예쁜 주연님 영상 잘 봤습니다 
남은 연휴 잘 보내시고 굿밤되세요",16,2025-10-07,Elt37Hptjp8
1인가구_자취,1인가구 필수 가전,[주연꿀템] 2만원부터 250만원(?)까지 구매하고 극락 경험한 1~2인 가구 삶의 질 상승 가전제품 싹 다 털어드림!,주연 ZUYONI,"행주살균기 보자마자 바로 사려고했는데 단종됐나봐요 ㅠ 어디에도 없네요 ㅠ 진짜 꿀템 같은데...
그리구 빔 300만원대 쓰고있는 사람으로서 티비 크기 대비 가성비 꿀템이라는거 완전 공감합니다!
집들이 영상 너무 재밌었어요!
다음 2탄은 오늘 못나온 마계가 된 방 특집 부탁드려요😄",9,2025-10-08,Elt37Hptjp8
1인가구_자취,1인가구 필수 가전,[주연꿀템] 2만원부터 250만원(?)까지 구매하고 극락 경험한 1~2인 가구 삶의 질 상승 가전제품 싹 다 털어드림!,주연 ZUYONI,"테크 유류바 ㅋㅋㅋ ㄷㄷ
오늘 리얼 한영상 잘봤어요~ 또 해주세요 나중에 ㅎㅎ  즐거운 추석 보내세요~~ ㅎㅎ",18,2025-10-07,Elt37Hptjp8
1인가구_자취,1인가구 필수 가전,[주연꿀템] 2만원부터 250만원(?)까지 구매하고 극락 경험한 1~2인 가구 삶의 질 상승 가전제품 싹 다 털어드림!,주연 ZUYONI,"이런거 소개하는 컨텐츠 뻔하거나 불필요한게 많은데, 이번 영상은 뻔하지 않고 진짜 유용한거 투성이인 알짜 콘텐츠였네요!
꿀템 공유해주셔서 감사합니다~!",7,2025-10-09,Elt37Hptjp8
1인가구_자취,1인가구 필수 가전,[주연꿀템] 2만원부터 250만원(?)까지 구매하고 극락 경험한 1~2인 가구 삶의 질 상승 가전제품 싹 다 털어드림!,주연 ZUYONI,주연님 이런 영상도 좋네요. 직원?님 목소리 듣고 어디서 많이 들었다 했는데 빽곰님을 여기서 뵙네요!,19,2025-10-07,Elt37Hptjp8
1인가구_자취,1인가구 필수 가전,[주연꿀템] 2만원부터 250만원(?)까지 구매하고 극락 경험한 1~2인 가구 삶의 질 상승 가전제품 싹 다 털어드림!,주연 ZUYONI,자꾸 뭐 내려드려요? 끓여들여요? 너무 ㄱㅇㅇ,9,2025-10-07,Elt37Hptjp8
1인가구_자취,1인가구 필수 가전,[주연꿀템] 2만원부터 250만원(?)까지 구매하고 극락 경험한 1~2인 가구 삶의 질 상승 가전제품 싹 다 털어드림!,주연 ZUYONI,즐겁게 봤습니다 ㅎㅎㅎ 이런 영상 무한 환영 🤗,7,2025-10-07,Elt37Hptjp8
1인가구_자취,1인가구 필수 가전,[주연꿀템] 2만원부터 250만원(?)까지 구매하고 극락 경험한 1~2인 가구 삶의 질 상승 가전제품 싹 다 털어드림!,주연 ZUYONI,심심한 연휴에 영상 고마워요ㅋㅋㅋ재밌게 보고 가겠습니다ㅋ,5,2025-10-07,Elt37Hptjp8
1인가구_자취,1인가구 필수 가전,[주연꿀템] 2만원부터 250만원(?)까지 구매하고 극락 경험한 1~2인 가구 삶의 질 상승 가전제품 싹 다 털어드림!,주연 ZUYONI,커피에 진심이고 빠져본 사람들은 알죠. 그냥 우유를 데워서 만드는 라떼보다 거품이 제대로 올라온 우유를 넣는게 얼마나 중요한지. 그리고 그런 밀크 폼을 잘 쉽게 만드는 제품이 얼마나 편리하고 좋은 건지를. 보통 집에서도 그렇고 카페에서 조차 아이스라떼는 우유 거품을 안내는 경우도 많은데 찬 우유로도 거품을 내준다니 퀄리티 좋은 아이스라떼를 마실 수 있어 좋겠네요,4,2025-10-08,Elt37Hptjp8
1인가구_자취,1인가구 필수 가전,[주연꿀템] 2만원부터 250만원(?)까지 구매하고 극락 경험한 1~2인 가구 삶의 질 상승 가전제품 싹 다 털어드림!,주연 ZUYONI,주방템부터가 다 미쳤다 30대 1인 가정 참고할만한 거 너무 많음 감사감사,2,2025-10-07,Elt37Hptjp8
1인가구_자취,1인가구 필수 가전,[주연꿀템] 2만원부터 250만원(?)까지 구매하고 극락 경험한 1~2인 가구 삶의 질 상승 가전제품 싹 다 털어드림!,주연 ZUYONI,콘센트 타워는 진짜... 알리에서도 무려 3만원 주고 샀는데... 돈이 아깝지 않음요. 12구 + pd 2구 + 고속A 2구. 모든 전원을 해결. 별명이 한전.,22,2025-10-07,Elt37Hptjp8
1인가구_자취,1인가구 필수 가전,[주연꿀템] 2만원부터 250만원(?)까지 구매하고 극락 경험한 1~2인 가구 삶의 질 상승 가전제품 싹 다 털어드림!,주연 ZUYONI,완전 잘봤습니다 진짜 막 이사해서 이것저것 보고 있는데 유용하네요 ㅎㅎ,2,2025-10-07,Elt37Hptjp8
1인가구_자취,1인가구 필수 가전,[주연꿀템] 2만원부터 250만원(?)까지 구매하고 극락 경험한 1~2인 가구 삶의 질 상승 가전제품 싹 다 털어드림!,주연 ZUYONI,"주연님 덕분에 좋은 아이템 체크하고 갑니다~
조만간 사러 가야겠어요~주연님 , 주연님 가족분들 복 많이 받으시고 명절 잘 보내시고 항상 건강하시고
좋은일 가득하길 소망하겠습니다~
항상 주연님 채널 잘 보고 있습니다~",1,2025-10-11,Elt37Hptjp8
1인가구_자취,1인가구 필수 가전,[주연꿀템] 2만원부터 250만원(?)까지 구매하고 극락 경험한 1~2인 가구 삶의 질 상승 가전제품 싹 다 털어드림!,주연 ZUYONI,"진짜 좋은 영상 감사합니다👍🏻👍🏻
즐거운 연휴 되세요👋🏻👋🏻",0,2025-10-09,Elt37Hptjp8
1인가구_자취,1인가구 필수 가전,[주연꿀템] 2만원부터 250만원(?)까지 구매하고 극락 경험한 1~2인 가구 삶의 질 상승 가전제품 싹 다 털어드림!,주연 ZUYONI,집 공개라니 기대가 됩니다! 인테리어 따라해야지! 😊,1,2025-10-07,Elt37Hptjp8
1인가구_자취,1인가구 필수 가전,[주연꿀템] 2만원부터 250만원(?)까지 구매하고 극락 경험한 1~2인 가구 삶의 질 상승 가전제품 싹 다 털어드림!,주연 ZUYONI,주연님 진짜 좋은 꿀팁 아이템이 많네유 가격이 좀 나가긴 하는 제품들도 있지만 진짜 좋은 제품들이 많네유,1,2025-10-07,Elt37Hptjp8
1인가구_자취,1인가구 필수 가전,[주연꿀템] 2만원부터 250만원(?)까지 구매하고 극락 경험한 1~2인 가구 삶의 질 상승 가전제품 싹 다 털어드림!,주연 ZUYONI,지금까지 봤던 영상중에 오늘이 제일 유익했던것같아요! 이런 꿀템들 많이 소개해주세요 :),1,2025-10-07,Elt37Hptjp8
1인가구_자취,1인가구 필수 가전,[주연꿀템] 2만원부터 250만원(?)까지 구매하고 극락 경험한 1~2인 가구 삶의 질 상승 가전제품 싹 다 털어드림!,주연 ZUYONI,요즘 자취템 계속 알아보고 있는데 저번 선반소개 영상부터 이런 영상들 너무 재밌어요!! 많이많이 올려주세요~~!!,0,2025-10-08,Elt37Hptjp8
1인가구_자취,1인가구 필수 가전,[주연꿀템] 2만원부터 250만원(?)까지 구매하고 극락 경험한 1~2인 가구 삶의 질 상승 가전제품 싹 다 털어드림!,주연 ZUYONI,"명절 마무리 잘 할 것 같네요 ㅋㅋㅋ 주연님 영상보고 자취하고 싶어짐,,",0,2025-10-08,Elt37Hptjp8
1인가구_자취,1인가구 필수 가전,[주연꿀템] 2만원부터 250만원(?)까지 구매하고 극락 경험한 1~2인 가구 삶의 질 상승 가전제품 싹 다 털어드림!,주연 ZUYONI,주연님 집에 안왔음 어쩔뻔했어요? ㅎㅎㅎ 평소 리뷰보다 더 활기차고 자연스럽고 ㅎㅎ 귀에 딱딱들어와요 ㅎㅎㅎ,1,2025-10-09,Elt37Hptjp8
1인가구_자취,1인가구 필수 가전,[주연꿀템] 2만원부터 250만원(?)까지 구매하고 극락 경험한 1~2인 가구 삶의 질 상승 가전제품 싹 다 털어드림!,주연 ZUYONI,"추석 잘보내고 있지~
주연의 집리뷰 좋아",0,2025-10-07,Elt37Hptjp8
1인가구_자취,1인가구 필수 가전,[주연꿀템] 2만원부터 250만원(?)까지 구매하고 극락 경험한 1~2인 가구 삶의 질 상승 가전제품 싹 다 털어드림!,주연 ZUYONI,"시작의 시작. 노래 잘 들었습니다. 너무나. 좋으네요  늘 아침에 듣고 하루하루 시작합니다
늘 행복만가득한 날만 가득하시길 바래요 화이팅 🎉🎉🎉",0,2025-10-10,Elt37Hptjp8
1인가구_자취,1인가구 필수 가전,[주연꿀템] 2만원부터 250만원(?)까지 구매하고 극락 경험한 1~2인 가구 삶의 질 상승 가전제품 싹 다 털어드림!,주연 ZUYONI,이번에 이사 가는데 참고하기 너무 좋는 아이템들이 많네요 ㅎㅎ 저장해두고 이사가서 구매 좀 하겠습니다 ㅎㅎ,0,2025-11-02,Elt37Hptjp8
1인가구_자취,1인가구 필수 가전,[주연꿀템] 2만원부터 250만원(?)까지 구매하고 극락 경험한 1~2인 가구 삶의 질 상승 가전제품 싹 다 털어드림!,주연 ZUYONI,"와…조명이랑 캠 셋팅됐을때도 좋은데
이번 촬영에서의 매력이 미쳤네요 ㅋㅋㅋ
왜 더 예쁜데다 아담하게 보여서 졸귀다…",0,2025-12-29,Elt37Hptjp8
1인가구_자취,1인가구 필수 가전,[주연꿀템] 2만원부터 250만원(?)까지 구매하고 극락 경험한 1~2인 가구 삶의 질 상승 가전제품 싹 다 털어드림!,주연 ZUYONI,댓글 잘 안남기는데..이번 영상 너무 좋은데요? 꿀템들 진짜 다 사보고 싶게..추천 잘해주시네요ㅠ지갑 어떡하지..이런영상 너무 좋습니다~ 원래 끝까지 잘못보고 넘겨버리는데 보다보니 다 봐버렸으요ㅋㅋㅋ 😂,0,2025-10-07,Elt37Hptjp8
1인가구_자취,1인가구 필수 가전,[주연꿀템] 2만원부터 250만원(?)까지 구매하고 극락 경험한 1~2인 가구 삶의 질 상승 가전제품 싹 다 털어드림!,주연 ZUYONI,아 팀원분들 티키타카까지 너무 재밌게 봤어요 ㅋㅋ,2,2025-10-07,Elt37Hptjp8
1인가구_자취,1인가구 필수 가전,[주연꿀템] 2만원부터 250만원(?)까지 구매하고 극락 경험한 1~2인 가구 삶의 질 상승 가전제품 싹 다 털어드림!,주연 ZUYONI,덕후 얼리어답터이시네.. 신기한 제품이 다 집안에 있으셔~역시 가전은 주연님이야~,0,2025-10-07,Elt37Hptjp8
1인가구_자취,1인가구 필수 가전,[주연꿀템] 2만원부터 250만원(?)까지 구매하고 극락 경험한 1~2인 가구 삶의 질 상승 가전제품 싹 다 털어드림!,주연 ZUYONI,주연님 너무 아름다우시고 말씀도 잘 하시고 가성비 좋은 제품도 많이 소개해주셔서 감사드립니다. 구독과 좋아요 클릭 합니다. 행복하고 즐거운 추석 연휴 되세요^^*,0,2025-10-08,Elt37Hptjp8
1인가구_자취,1인가구 필수 가전,[주연꿀템] 2만원부터 250만원(?)까지 구매하고 극락 경험한 1~2인 가구 삶의 질 상승 가전제품 싹 다 털어드림!,주연 ZUYONI,"와 보는 내내 다 사고 싶은 물건 뿐임 ㅋㅋㅋㅋㅋㅋㅋㅋㅋㅋ
살면서 겪었던 문제들을 어떻게 이렇게 간지러운 부분을 긁어주는 템들을 싹 가지고 계시네요",0,2025-10-10,Elt37Hptjp8
1인가구_자취,1인가구 필수 가전,[주연꿀템] 2만원부터 250만원(?)까지 구매하고 극락 경험한 1~2인 가구 삶의 질 상승 가전제품 싹 다 털어드림!,주연 ZUYONI,"버티탭,  맘에 드네요.  덕분에 좋은 제품을 알게 됐네요.",0,2025-10-07,Elt37Hptjp8
1인가구_자취,1인가구 필수 가전,[주연꿀템] 2만원부터 250만원(?)까지 구매하고 극락 경험한 1~2인 가구 삶의 질 상승 가전제품 싹 다 털어드림!,주연 ZUYONI,비스포크 큐커 구매 하려고 링크 타고 들어 가니까 한달 기다리라고 하네요ㄷㄷ 좋은 제품 알려줘서 감사해요,0,2025-10-07,Elt37Hptjp8
1인가구_자취,1인가구 필수 가전,[주연꿀템] 2만원부터 250만원(?)까지 구매하고 극락 경험한 1~2인 가구 삶의 질 상승 가전제품 싹 다 털어드림!,주연 ZUYONI,"주연님 주방가전에서 리뷰가 정말 마음에 들었어요❤
확실히 사용편의하고 가격의 타협점을 제대로 잡으신 것 같아요. 저도 좀 새롭게 장만해야겠습니다.
리뷰 감사합니다.😊",0,2025-12-03,Elt37Hptjp8
1인가구_자취,1인가구 필수 가전,[주연꿀템] 2만원부터 250만원(?)까지 구매하고 극락 경험한 1~2인 가구 삶의 질 상승 가전제품 싹 다 털어드림!,주연 ZUYONI,와우 너무 재미있게 봤어요~!!!,1,2025-10-08,Elt37Hptjp8
1인가구_자취,1인가구 필수 가전,[주연꿀템] 2만원부터 250만원(?)까지 구매하고 극락 경험한 1~2인 가구 삶의 질 상승 가전제품 싹 다 털어드림!,주연 ZUYONI,스튜디오에서 리뷰 하던것보다 재밌었어요~ 직원분 말대로 관찰예능 스타일로 추진해보시죠 ㅎㅎ,0,2025-10-11,Elt37Hptjp8
1인가구_자취,1인가구 필수 가전,[주연꿀템] 2만원부터 250만원(?)까지 구매하고 극락 경험한 1~2인 가구 삶의 질 상승 가전제품 싹 다 털어드림!,주연 ZUYONI,진짜 꿀템들 많네요! 저 멀티탭 저도 살까 말까 고민 많이 하고 있는 제품인데 생각보다 가격대가 좀 있어서 ㅠㅠ.. 시네빔 큐브는 진짜 저도 잘 쓰고 있어요! 홈 바도 만들고 싶은데 주방이 좁아서 ㅠㅠ,0,2025-10-07,Elt37Hptjp8
1인가구_자취,1인가구 필수 가전,[주연꿀템] 2만원부터 250만원(?)까지 구매하고 극락 경험한 1~2인 가구 삶의 질 상승 가전제품 싹 다 털어드림!,주연 ZUYONI,"좋은 꿀템들 소개 감사합니다.
허나 큐커는 추천 반대 입니다.
자취하면서 3년째 쓴 결과! 
너무 무거워 대청소 할때 옯기기 힘들고, 
밑판이 안돌아가서 골고루 따듯하게 안되고,
에어플라이어 할때 위로 다 튀기는데 위에 그물이나 열선이 분해가 안되어 청소를 못하기에,
사용 할때마다 저 판대기 위에 요리 놓고 기름종이 덮어야 합니다.
그리고 이상하게 아무것도 안해도 청소도 잘하며 사용하고 잘닦아놔도 고장이 나서 고치는데 삼성꺼라 비용이 꽤 나옵니다.
아마 몇년안에 삼성에서 큐커2라던지 해서 개선품이 나오리라 봅니다.
장점은 통삼겸살 구우면 진짜 맛있게 잘 나옵니다.
그리고 스텝분 40만원대도 싸다 하셨는데 전자렌지와 에어플라이어 따로 사면 20만원에 사서 저는 비싸다고 생각되지만?
당근에 잘 찾아보면 신혼부부가 삼성플라자 같은곳에서 전자제품 사고 사은품으로 받은 큐커를 20~30만원대에 내놓은경우가 있으니 잘 찾아보시길 바랍니다.
물론 사러 가실때 리어카 필수입니다.
남자 혼자 못듭니다 ㅎㅎㅎ
잘 보다가 큐커보니 발끈해서 이상한 댓글 달았네요.
삼성이란 이름 달고 나온제품이 불만이 많아 그랬던거 같아요 ㅜㅜ
영상 늘 잘보고 있습니다.
메리 추석되세요 ^^",37,2025-10-07,Elt37Hptjp8
1인가구_자취,1인가구 필수 가전,[주연꿀템] 2만원부터 250만원(?)까지 구매하고 극락 경험한 1~2인 가구 삶의 질 상승 가전제품 싹 다 털어드림!,주연 ZUYONI,이렇게 알찬 꿀템영상 오랫만이에요,0,2025-10-07,Elt37Hptjp8
1인가구_자취,1인가구 필수 가전,[주연꿀템] 2만원부터 250만원(?)까지 구매하고 극락 경험한 1~2인 가구 삶의 질 상승 가전제품 싹 다 털어드림!,주연 ZUYONI,와... 평상시 자연 스러운 모습이 너무 아름다워요. 스튜디오에서 보다.,0,2025-10-08,Elt37Hptjp8
1인가구_자취,1인가구 필수 가전,[주연꿀템] 2만원부터 250만원(?)까지 구매하고 극락 경험한 1~2인 가구 삶의 질 상승 가전제품 싹 다 털어드림!,주연 ZUYONI,재밌게 잘 봤습니다~! 일단 3개 주문 했네요 ㅎㅎ,0,2025-10-07,Elt37Hptjp8
1인가구_자취,1인가구 필수 가전,[주연꿀템] 2만원부터 250만원(?)까지 구매하고 극락 경험한 1~2인 가구 삶의 질 상승 가전제품 싹 다 털어드림!,주연 ZUYONI,"더이상 이뻐질래야 이뻐질수가 없는 단계인데..
계속 이뻐지고 있음 😍😍😍",1,2025-10-11,Elt37Hptjp8
1인가구_자취,1인가구 필수 가전,[주연꿀템] 2만원부터 250만원(?)까지 구매하고 극락 경험한 1~2인 가구 삶의 질 상승 가전제품 싹 다 털어드림!,주연 ZUYONI,댓글 잘 안다는데 주연님. 너무 예쁘고 똑소리나고..어쩜그래요?,0,2025-10-19,Elt37Hptjp8
1인가구_자취,1인가구 필수 가전,[주연꿀템] 2만원부터 250만원(?)까지 구매하고 극락 경험한 1~2인 가구 삶의 질 상승 가전제품 싹 다 털어드림!,주연 ZUYONI,오 거품기와~~~ 콘센트는 대박~~~ 역시 찾아 봐야겠다,0,2025-10-08,Elt37Hptjp8
1인가구_자취,1인가구 필수 가전,[주연꿀템] 2만원부터 250만원(?)까지 구매하고 극락 경험한 1~2인 가구 삶의 질 상승 가전제품 싹 다 털어드림!,주연 ZUYONI,아니 영상 2년전에 올려줬으면 ㅠㅠㅠ 진짜 가성비 지리네요 기존있는거 쳐내고 사도 될 정도네,0,2025-10-08,Elt37Hptjp8
1인가구_자취,1인가구 필수 가전,[주연꿀템] 2만원부터 250만원(?)까지 구매하고 극락 경험한 1~2인 가구 삶의 질 상승 가전제품 싹 다 털어드림!,주연 ZUYONI,주연님 전신거울 정보 줄 수 있나요? 그리고 더 소개해주세요! 책상터는거랑 방 터는 영상 재밌녜요,0,2025-10-07,Elt37Hptjp8
1인가구_자취,1인가구 필수 가전,1n년차 자취생의 후회없는 가전제품 꿀템 3가지 모음.zip,살림토끼,"✅영상 좌측 하단 배너 제품 목록 확인 가능!  
📍살림토끼 X 비더셰프 더 글라스 에어프라이어 4.5L  ((💡공구 종료💡))



*공구 기간 : 2/3 (월) AM 10시 -  2/6 (목) 자정
*공구특가 : 109,000 ➡️ 79,000원 (무배)
 <제주 및 도서산간 3,000원 추가>

💡비더셰프 더 글라스 에어프라이어 4.5L

바쁜 현대사회속 에어프라이어는 필수라 생각하는데 사실 이왕이면 감성도 챙기고 싶은 마음.. 뭔지 아시죠? 

이건 속이 훤하게 보이는 실용성 높은 디자인의 에어프라이어로 조리 과정이 한 눈에 보이고 친환경 소재 유리 바스켓이라 세척이 간편해서 보다 쉽게 위생적으로 관리할 수 있어요 

(철수세미 사용해도 스크레치 걱정 ❌, 식세기 사용 가능)

4.5L의 사이즈로 어떤 음식이든 넉넉하게 조리 가능하고 간편한 터치식의 직관적인 한글 디스플레이라 사용도 편리해요

안전한 유리 소재 사용으로 화학물질 , 환경호르몬 유해물질 우려 ⬇️
최대 온도 200도 최저 온도 60도로 오븐 조리까지 문제 ❌

겉바속촉부터 어떤 음식이든 넣었다 빼면 
편하고 맛있게 즐길수 있으니까 진짜 추천 ❤️

💡쿠쿠 무회전 플랫 전자레인지 다이얼식 

저는 전자레인지는 청소가 편해야 오래 쓸수있다 생각하는데 이건 일반 돌아가는 전자레인지랑 다르게 ‘무회전’ 으로 작동이 됩니다

이게 왜좋냐면 대형 식기뿐만 아니라 
버리는 공간없이 알차게 데울수 있고 
사각지대까지 열이 잘 전달되니까 
한번에 햇반 4개정도 들어가는 크기? 

(바닥 전체적으로 열이 잘 전달됨)

무엇보다 제일 좋았던건 부속품 분리없이
슥-닦아내기만 하면 끝이라 청소가 진짜 편해요 ! 

💡쿠쿠 소담밥솥 1인용 

자취하면서 깨달은건 밥이 보약이다 라는건데
매번 즉석밥 돌려먹다가 남는 플라스틱용기를 보면 좀 현타가 오더라고요..? 

그래서 산게 이거였는데 1인자취에 딱 맞는 사이즈로 디자인도 달항아리같은 느낌? (그냥 둬도 예쁨)

백미랑 보온 기능에 계란찜까지 가능하고 
이렇게 갓 지어먹으니까 밥맛도 더 살더라고요",26,2025-02-01,V1A2qHBlgp8
1인가구_자취,1인가구 필수 가전,1n년차 자취생의 후회없는 가전제품 꿀템 3가지 모음.zip,살림토끼,무회전이라니 좋다잉,38,2025-02-01,V1A2qHBlgp8
1인가구_자취,1인가구 필수 가전,1n년차 자취생의 후회없는 가전제품 꿀템 3가지 모음.zip,살림토끼,오늘은 어째서 현관에서 살랑살랑 걸어오지 않나 했는데 제품들을 보니 이해가 가네요...,1,2025-02-02,V1A2qHBlgp8
1인가구_자취,1인가구 필수 가전,1n년차 자취생의 후회없는 가전제품 꿀템 3가지 모음.zip,살림토끼,미니냉장고 추천도 해 주실 수 있나요?? 자취는 아니고 기숙사 갖고 갈건데 소음문제 때문에 고민이에용…,0,2025-02-03,V1A2qHBlgp8
1인가구_자취,1인가구 필수 가전,1n년차 자취생의 후회없는 가전제품 꿀템 3가지 모음.zip,살림토끼,구매완료욤 좋은 제품감사해욤❤,1,2025-02-03,V1A2qHBlgp8
1인가구_자취,1인가구 필수 가전,1n년차 자취생의 후회없는 가전제품 꿀템 3가지 모음.zip,살림토끼,알람신청♥,0,2025-02-02,V1A2qHBlgp8
1인가구_자취,1인가구 필수 가전,1n년차 자취생의 후회없는 가전제품 꿀템 3가지 모음.zip,살림토끼,알람신청이요!,0,2025-02-02,V1A2qHBlgp8
1인가구_자취,1인가구 필수 가전,1n년차 자취생의 후회없는 가전제품 꿀템 3가지 모음.zip,살림토끼,에어프라이어 알람신청이요!,0,2025-02-02,V1A2qHBlgp8
1인가구_자취,1인가구 필수 가전,1n년차 자취생의 후회없는 가전제품 꿀템 3가지 모음.zip,살림토끼,에어프라이기 숏츠 볼때마다 궁금했던 제품인데 알림 부탁드려요!!,0,2025-02-01,V1A2qHBlgp8
1인가구_자취,1인가구 필수 가전,1n년차 자취생의 후회없는 가전제품 꿀템 3가지 모음.zip,살림토끼,"에어프라이어는 필수죠
전자레인지에서 느낄 수 없는 그 바삭함
포기 못하죠 ㅋㅋㅋㅋㅋㅋㅋ",0,2025-02-01,V1A2qHBlgp8
1인가구_자취,1인가구 필수 가전,1n년차 자취생의 후회없는 가전제품 꿀템 3가지 모음.zip,살림토끼,알람신청,2,2025-02-02,V1A2qHBlgp8
1인가구_자취,1인가구 필수 가전,1n년차 자취생의 후회없는 가전제품 꿀템 3가지 모음.zip,살림토끼,알림신청 ❤,0,2025-02-02,V1A2qHBlgp8
1인가구_자취,1인가구 필수 가전,1n년차 자취생의 후회없는 가전제품 꿀템 3가지 모음.zip,살림토끼,알람신청합니다,0,2025-02-04,V1A2qHBlgp8
1인가구_자취,1인가구 필수 가전,1n년차 자취생의 후회없는 가전제품 꿀템 3가지 모음.zip,살림토끼,알림신청!!,0,2025-02-02,V1A2qHBlgp8
1인가구_자취,1인가구 필수 가전,1n년차 자취생의 후회없는 가전제품 꿀템 3가지 모음.zip,살림토끼,에어프라이기 알림 신청🎉,0,2025-02-02,V1A2qHBlgp8
1인가구_자취,1인가구 필수 가전,1n년차 자취생의 후회없는 가전제품 꿀템 3가지 모음.zip,살림토끼,"저 에어프라이어 공구 알람 신청이욥
투명해서 이뿌고 빈틈 없이 넓어서 엄청 골고루 익혀질것같아요",5,2025-02-01,V1A2qHBlgp8
1인가구_자취,1인가구 필수 가전,1n년차 자취생의 후회없는 가전제품 꿀템 3가지 모음.zip,살림토끼,🔔알람심청이요🔔,0,2025-02-03,V1A2qHBlgp8
1인가구_자취,1인가구 필수 가전,1n년차 자취생의 후회없는 가전제품 꿀템 3가지 모음.zip,살림토끼,알림이요!,0,2025-02-02,V1A2qHBlgp8
1인가구_자취,1인가구 필수 가전,1n년차 자취생의 후회없는 가전제품 꿀템 3가지 모음.zip,살림토끼,토끼 사랑햇,1,2025-02-01,V1A2qHBlgp8
1인가구_자취,1인가구 필수 가전,1n년차 자취생의 후회없는 가전제품 꿀템 3가지 모음.zip,살림토끼,알림❤,0,2025-02-01,V1A2qHBlgp8
1인가구_자취,1인가구 필수 가전,1n년차 자취생의 후회없는 가전제품 꿀템 3가지 모음.zip,살림토끼,"바스켓형 에프는 결국 안쓰게됨. 
무적권 오븐형 에프 살 것.",1,2025-02-24,V1A2qHBlgp8
1인가구_자취,1인가구 필수 가전,1n년차 자취생의 후회없는 가전제품 꿀템 3가지 모음.zip,살림토끼,알림😮,0,2025-02-02,V1A2qHBlgp8
1인가구_자취,1인가구 필수 가전,1n년차 자취생의 후회없는 가전제품 꿀템 3가지 모음.zip,살림토끼,전자렌지 전기밥솥링크좀,0,2026-03-17,V1A2qHBlgp8
1인가구_자취,1인가구 필수 가전,1n년차 자취생의 후회없는 가전제품 꿀템 3가지 모음.zip,살림토끼,쿠쿠 as최악…,0,2025-02-02,V1A2qHBlgp8
1인가구_자취,1인가구 필수 가전,1n년차 자취생의 후회없는 가전제품 꿀템 3가지 모음.zip,살림토끼,"좋은게 많이들 나오네요.솔로들이 더 좋긴한데...
구식이라도 버리긴 또 아까워 눈요기만 합니다.🤣🤣🤣",1,2025-02-01,V1A2qHBlgp8
1인가구_자취,1인가구 필수 가전,1n년차 자취생의 후회없는 가전제품 꿀템 3가지 모음.zip,살림토끼,에어프라이어 알림,0,2025-02-02,V1A2qHBlgp8
1인가구_자취,1인가구 필수 가전,1n년차 자취생의 후회없는 가전제품 꿀템 3가지 모음.zip,살림토끼,알림신청,0,2025-02-03,V1A2qHBlgp8
1인가구_자취,1인가구 필수 가전,1n년차 자취생의 후회없는 가전제품 꿀템 3가지 모음.zip,살림토끼,알람신청😅,0,2025-02-02,V1A2qHBlgp8
1인가구_자취,1인가구 필수 가전,1n년차 자취생의 후회없는 가전제품 꿀템 3가지 모음.zip,살림토끼,에어프라이기 알림신청,0,2025-02-02,V1A2qHBlgp8
1인가구_자취,1인가구 필수 가전,1n년차 자취생의 후회없는 가전제품 꿀템 3가지 모음.zip,살림토끼,알람,0,2025-02-01,V1A2qHBlgp8
1인가구_자취,1인가구 필수 가전,1n년차 자취생의 후회없는 가전제품 꿀템 3가지 모음.zip,살림토끼,알림,1,2025-02-01,V1A2qHBlgp8
1인가구_자취,1인가구 필수 가전,1n년차 자취생의 후회없는 가전제품 꿀템 3가지 모음.zip,살림토끼,알림신청요,0,2025-02-02,V1A2qHBlgp8
1인가구_자취,1인가구 필수 가전,1n년차 자취생의 후회없는 가전제품 꿀템 3가지 모음.zip,살림토끼,"쿠팡에있는데,,,,왠알람",0,2025-02-01,V1A2qHBlgp8
1인가구_자취,1인가구 필수 가전,1n년차 자취생의 후회없는 가전제품 꿀템 3가지 모음.zip,살림토끼,알림😊,0,2025-02-01,V1A2qHBlgp8
1인가구_자취,1인가구 필수 가전,1n년차 자취생의 후회없는 가전제품 꿀템 3가지 모음.zip,살림토끼,지금 에프 알림되나요??,0,2025-09-19,V1A2qHBlgp8
1인가구_자취,1인가구 필수 가전,1n년차 자취생의 후회없는 가전제품 꿀템 3가지 모음.zip,살림토끼,"저렇게 투명하고 유리로 된 에프(영상에 나온 제품은 아님) 2년째 사용중인데요..
넣을 수 있는 용량이 생각보다 적고 유리라서 무거워요
그리고 부피가 커서 설거지 후 말리는데에도 건조대 자리차지 많이하고...
장점은 감성과 속이 보인다는 것 뿐입니다..
깊이가 깊다는것도 장점이 될 수 있지만 고구마같은거 뒤집다가 손 데이는건 부지기수..
방금 고구마 굽다가 데여서 서러운 마음에? 주저리 써봅니다..
빵이나 뭘 구울때도 4개~5개씩 여러번 해야해서 번거롭고 시간이 더 걸리는것같아서 오븐형으로 2단짜리 바꾸려구요ㅠㅠ
사실분들께 참고가 되었으면 좋겠습니다.",14,2025-02-03,V1A2qHBlgp8
1인가구_자취,1인가구 필수 가전,1n년차 자취생의 후회없는 가전제품 꿀템 3가지 모음.zip,살림토끼,"자취생에겐  에어프라이어  이십만원대는  안쓰죠ㅋㅋ
본인도 가격대 부담스러워  기재 안하신듯",0,2025-02-02,V1A2qHBlgp8
1인가구_자취,1인가구 필수 가전,1n년차 자취생의 후회없는 가전제품 꿀템 3가지 모음.zip,살림토끼,공구알리임,0,2025-02-02,V1A2qHBlgp8
1인가구_자취,1인가구 필수 가전,1n년차 자취생의 후회없는 가전제품 꿀템 3가지 모음.zip,살림토끼,앟림,0,2025-02-01,V1A2qHBlgp8
1인가구_자취,1인가구 필수 가전,1n년차 자취생의 후회없는 가전제품 꿀템 3가지 모음.zip,살림토끼,밥 냉동보관 하고 전자렌지 하지말라던데 어떤영상에서 사실인가요??,0,2025-02-02,V1A2qHBlgp8
1인가구_자취,1인가구 필수 가전,1n년차 자취생의 후회없는 가전제품 꿀템 3가지 모음.zip,살림토끼,알림❤,0,2025-02-01,V1A2qHBlgp8
1인가구_자취,1인가구 필수 가전,1n년차 자취생의 후회없는 가전제품 꿀템 3가지 모음.zip,살림토끼,알림!,0,2025-02-02,V1A2qHBlgp8
1인가구_자취,1인가구 필수 가전,1n년차 자취생의 후회없는 가전제품 꿀템 3가지 모음.zip,살림토끼,알람,0,2025-02-01,V1A2qHBlgp8
1인가구_자취,1인가구 필수 가전,1n년차 자취생의 후회없는 가전제품 꿀템 3가지 모음.zip,살림토끼,알림,0,2025-02-01,V1A2qHBlgp8
1인가구_자취,1인가구 필수 가전,1n년차 자취생의 후회없는 가전제품 꿀템 3가지 모음.zip,살림토끼,알림 ❤,0,2025-02-02,V1A2qHBlgp8
1인가구_자취,1인가구 필수 가전,1n년차 자취생의 후회없는 가전제품 꿀템 3가지 모음.zip,살림토끼,알림!,1,2025-02-02,V1A2qHBlgp8
1인가구_자취,1인가구 필수 가전,1n년차 자취생의 후회없는 가전제품 꿀템 3가지 모음.zip,살림토끼,알림,0,2025-02-01,V1A2qHBlgp8
1인가구_자취,1인가구 필수 가전,1n년차 자취생의 후회없는 가전제품 꿀템 3가지 모음.zip,살림토끼,알림,0,2025-02-01,V1A2qHBlgp8
1인가구_자취,1인가구 필수 가전,1n년차 자취생의 후회없는 가전제품 꿀템 3가지 모음.zip,살림토끼,알림,0,2025-02-01,V1A2qHBlgp8
1인가구_자취,1인가구 필수 가전,1n년차 자취생의 후회없는 가전제품 꿀템 3가지 모음.zip,살림토끼,알림,0,2025-02-01,V1A2qHBlgp8
1인가구_자취,1인가구 필수 가전,이래서 필수 가전이구나..🫢 #신혼가전 #필수가전,까사보리,개인적으로 써보니 만족해서 만든 영상입니다. 공감 되시면 좋아요 부탁드려요❤,3,2024-10-09,0Y9FJYa_B1Q
1인가구_자취,1인가구 필수 가전,이래서 필수 가전이구나..🫢 #신혼가전 #필수가전,까사보리,복받으셨네요,1,2024-10-14,0Y9FJYa_B1Q
1인가구_자취,1인가구 필수 가전,이래서 필수 가전이구나..🫢 #신혼가전 #필수가전,까사보리,최첨단 집이네요 부럽습니다,1,2024-10-09,0Y9FJYa_B1Q
1인가구_자취,1인가구 필수 가전,이래서 필수 가전이구나..🫢 #신혼가전 #필수가전,까사보리,"가전칠무해=식세기/건조기/무선청소기/로봇청소기/의류관리기/제습기/공청정기
가장 체감이큰것
1.건조기=이제 건조기는 에어컨,세탁기처럼 기본임
2.무청=유선청소기 쓰다가 이거쓰면 그동안 유선 어케썼노 체감됨
3.로청=출근할때 청소예약해두면 퇴근할때 좋음
4.의류관리기=의외로 체감됨, 퇴근하고 넣어두면 좋음
5.제습기=의류관리기에 대부분 제습기능있어서 근데 있으면 좋음
6.식세기=요리안하면 체감안됨
7.공청기=내기준 가장체감안됨",0,2026-02-21,0Y9FJYa_B1Q
1인가구_자취,1인가구 필수 가전,이래서 필수 가전이구나..🫢 #신혼가전 #필수가전,까사보리,로봇청소기 정보 좀 부탁해요,0,2024-10-09,0Y9FJYa_B1Q
1인가구_자취,1인가구 필수 가전,이래서 필수 가전이구나..🫢 #신혼가전 #필수가전,까사보리,이거 찐임. 지금 신세계임 단 식세기는 애벌이 좀 귀찮음,0,2025-02-09,0Y9FJYa_B1Q
1인가구_자취,1인가구 필수 가전,이래서 필수 가전이구나..🫢 #신혼가전 #필수가전,까사보리,침대 프레임과 매트리스는 어떤 제품인가요?,1,2024-10-27,0Y9FJYa_B1Q
1인가구_자취,1인가구 필수 가전,이래서 필수 가전이구나..🫢 #신혼가전 #필수가전,까사보리,가리비갈면 코팅다 나갈텐데,0,2025-09-02,0Y9FJYa_B1Q
1인가구_자취,1인가구 필수 가전,이래서 필수 가전이구나..🫢 #신혼가전 #필수가전,까사보리,걸레받이가 없어보이는데 로봇청소기 부딪힐때 상처 안나나요?,1,2024-10-09,0Y9FJYa_B1Q
1인가구_자취,1인가구 필수 가전,이래서 필수 가전이구나..🫢 #신혼가전 #필수가전,까사보리,로봇청소기 육아시작하면서 우리집에서 사라짐ㅋㅋ,1,2024-10-09,0Y9FJYa_B1Q
1인가구_자취,1인가구 필수 가전,이래서 필수 가전이구나..🫢 #신혼가전 #필수가전,까사보리,음식물처리기는 어디껀가요?,1,2024-10-09,0Y9FJYa_B1Q
신혼_혼수,신혼집 가전 추천,혼수 준비 중인 예비 신혼 부부에게 이 영상을 바칩니다.,노써치,"안녕하세요, 써친 여러분!
노써치에서 특별한 이벤트를 준비했습니다.

바로 총 상금 100만원의 쇼핑리스트 공모전인데요.💰
이번에 노써치는 혼수 쇼핑리스트, 자취 쇼핑리스트 등 
구매 예정 제품을 쉽게 등록하고 한눈에 볼 수 있는 ‘쇼핑리스트’ 서비스를 런칭했습니다.👋
이 ‘쇼핑리스트’ 서비스를 이용해 써친 여러분의 멋진 리스트를 선보여 주세요!

🥇1등(1명): 50만원의 혼수/자취 지원금(상품권)
🥈2등(10명): 3만원 배달의민족 상품권
🥉3등(20명): 1만원 스타벅스 기프티콘

참가 방법
1. 노써치에서 나만의 쇼핑리스트 생성
2. 쇼핑리스트 제목에 “공모전” 포함(ex. [공모전] 나의 혼수리스트)
3. 공개 설정 후 공유하기 기능을 이용해 주변에 공유하기
4. 노써치 팀의 검수 후, 리스트의 짜임새, 조회수, 공유 정도 등 여러가지 요소를 판단해 순위 산정

🎰당첨 확률을 높이는 팁📢
혼수, 자취, 육아 등 다양한 주제로 실제로 도움이 될 만한 쇼핑리스트를 구성해 보세요.
또한, 친구들과 공유하면서 공감을 얻을수록 당첨 가능성이 커진답니다.
마지막으로 쇼핑리스트에 관련된 정보와 팁들을 쇼핑 구매 노트에 상세히 적어주시면 좋은 평가를 받을 수 있어요!

이벤트 기간은 오늘부터 8월 31일까지입니다.⏰늦기 전에 참여해 보세요!
당첨자 이메일과 닉네임은 9월 중에 커뮤니티에 공지될 예정이니 참고 부탁드립니다.📅
써친 여러분의 창의적이고 유용한 쇼핑리스트를 기대하고 있겠습니다. 
노써치와 함께 뜻깊은 공모전을 경험해 보시기 바랍니다.

참여 링크
👉https://bit.ly/4ccN8hX

* 1등 당첨자에게 지급되는 상품권의 경우 제세공과금(22%)은 노써치에서 부담하며, 기타 소득 신고 및 제세공과금 처리를 위해 당첨자의 개인정보 및 증빙자료 수납 관련 개별 연락 드릴 예정입니다.
* 기한 내 개인정보 및 증빙자료 미 제출 시 당첨이 취소되며, 미제출로 인한 당첨 취소와 오기재로 인한 오지급은 노써치에서 책임지지 않습니다.
* 아직 부족한 점이 많습니다. 사이트 하단 의견보내기를 이용해 피드백 주시면 최대한 빠르게 대응하겠습니다.",24,2024-07-31,BgSXY5jKIl4
신혼_혼수,신혼집 가전 추천,혼수 준비 중인 예비 신혼 부부에게 이 영상을 바칩니다.,노써치,"돈 많으면 비싼거 사고, 아니면 걍 가성비 좋은 전년도 모델 사면 됩니다. 
10년 쓸거라고 최신품 산다고 무조건 10년 쓰는 것도 아니고 전년도 물건 샀다고 9년 쓰는거 아니거든요.",49,2024-07-23,BgSXY5jKIl4
신혼_혼수,신혼집 가전 추천,혼수 준비 중인 예비 신혼 부부에게 이 영상을 바칩니다.,노써치,혼수가전 마트 로드샵 백화점 통틀어 12번 방문해봤는데 할인률은 다 비슷하고 중요한건 어느직급의 누가 해주느냐가 큰거같아여 근데 결국 결제편하고 상품권에 브아피까지 경험해볼수있는 백화점이 짱인거같아요,36,2024-07-23,BgSXY5jKIl4
신혼_혼수,신혼집 가전 추천,혼수 준비 중인 예비 신혼 부부에게 이 영상을 바칩니다.,노써치,와~ 담에 결혼할때 진짜 노써치 정주행해야지 😂,27,2024-07-23,BgSXY5jKIl4
신혼_혼수,신혼집 가전 추천,혼수 준비 중인 예비 신혼 부부에게 이 영상을 바칩니다.,노써치,"와이프가 가전제품 덕후라 웬만한건 다 있는데 의류관리기,스팀청소기 이 두개는 진짜 안씀..필요없을 정도이고
티비 (클수록 좋음),건조기,식세기,전기오븐(삼성큐커) 은 진짜 필수템인듯. 삶의질 상승 합니다",10,2024-07-24,BgSXY5jKIl4
신혼_혼수,신혼집 가전 추천,혼수 준비 중인 예비 신혼 부부에게 이 영상을 바칩니다.,노써치,"준비중인데, 그냥 말그대로 막연하고 막막해서 뭐부터해야할지 싶었는데, 틀이 잡히는것 같아 좋아요! 추천",7,2024-07-23,BgSXY5jKIl4
신혼_혼수,신혼집 가전 추천,혼수 준비 중인 예비 신혼 부부에게 이 영상을 바칩니다.,노써치,진짜 제일고민되는게 엘지vs삼성임 ㅋㅋㅋㅋㅋ,26,2025-04-07,BgSXY5jKIl4
신혼_혼수,신혼집 가전 추천,혼수 준비 중인 예비 신혼 부부에게 이 영상을 바칩니다.,노써치,이 채널 짱이당...,8,2024-09-13,BgSXY5jKIl4
신혼_혼수,신혼집 가전 추천,혼수 준비 중인 예비 신혼 부부에게 이 영상을 바칩니다.,노써치,"좋네요..! 작년4월에 결혼해서 지금까지 원룸에 살아서 아직 가전제품 장만은 안했는데, 올해 아파트로 이사가는게 목표거든요! 도움이 될것같습니당😍😍
침대,청소기,전자렌지 빼고는 다 사야해요😂😂😂😂",8,2024-07-26,BgSXY5jKIl4
신혼_혼수,신혼집 가전 추천,혼수 준비 중인 예비 신혼 부부에게 이 영상을 바칩니다.,노써치,혼수 장만하실때 정말 돈이 없어 어쩔수 없이 할부를 해야하는 경우가 아니라면 쓰지않는 카드가입 또는 상조(보험) 가입 등등 할인혜택을 준다는식으로 유혹 많이 하는데요~ 절대절대 꼼꼼히 계산 비교 다 해보시고 사세요~ 막상 상조보험서비스 등등은 장기적으로 보았을때 이득이 아닐수도 있어요! 여기저기 견적 다 받아보고 가장 싼곳에서 현금박치기가 젤 싸답니다 ㅠㅠㅠㅠㅠ 현금이 그만큼 있어야 하는 일이지만요!,23,2024-07-23,BgSXY5jKIl4
신혼_혼수,신혼집 가전 추천,혼수 준비 중인 예비 신혼 부부에게 이 영상을 바칩니다.,노써치,5월에 결혼하고 다음주에 새집으로 이사가면서 가전 구매알아보는데 정말 노써치님 영상보면서 베스트픽으로 구매 잘했습니다 ^_^ ㅎㅎ,3,2024-07-29,BgSXY5jKIl4
신혼_혼수,신혼집 가전 추천,혼수 준비 중인 예비 신혼 부부에게 이 영상을 바칩니다.,노써치,어디서부터 어떻게 준비를 시작해야할지 막막했는데 정말 고맙습니다!,2,2024-08-21,BgSXY5jKIl4
신혼_혼수,신혼집 가전 추천,혼수 준비 중인 예비 신혼 부부에게 이 영상을 바칩니다.,노써치,그냥 온라인으로 하나씩 사려구영ㅋㅋ 머리아프네여..ㅠㅠ 영상 감사합니다,2,2025-03-16,BgSXY5jKIl4
신혼_혼수,신혼집 가전 추천,혼수 준비 중인 예비 신혼 부부에게 이 영상을 바칩니다.,노써치,진짜 영상 퀄리티 최고네요 너무 감사합니다,0,2026-02-13,BgSXY5jKIl4
신혼_혼수,신혼집 가전 추천,혼수 준비 중인 예비 신혼 부부에게 이 영상을 바칩니다.,노써치,"노써치님 픽 보고 산 제품들 잘 쓰고 있어요 ㅎㅎㅎ 저는 노써치님 픽,  실제 사용후기 전부 찾아보고 샀는데 삼성이랑 lg 짬뽕이 되었답니다 ㅋㅋㅋㅋㅋㅋㅋㅋㅋㅋ!!!! 근데 건조기만 하이마트에서 사고 나머지는 다 공식 온라인몰에서 샀거든요...?! 근데 하이마트에서 산 건조기가 lg건데 얘만 말썽이었어요...ㅠㅠ 그 뒤로는 하이마트에서 안 사는.. ㅠㅠㅠㅠㅠ 
물론 뽑기운이겠지만?! ㅠㅠㅠ
가전 살 때 도움 정말 많이 받았습니다 ㅎㅎㅎ 조금씩 사모으는 것도 넘 재밌어요 다음엔 스타일러를 사려고요!!!",3,2024-08-02,BgSXY5jKIl4
신혼_혼수,신혼집 가전 추천,혼수 준비 중인 예비 신혼 부부에게 이 영상을 바칩니다.,노써치,가전가구 준비해야해서 알아보는 참이였는데 어떤식으로 알아봐야할지 감을 잡을 수 있게되었어요 실용적인 영상 만들어주셔서 감사합니다^^ 잘 참고해서 골라볼게요!,0,2026-06-07,BgSXY5jKIl4
신혼_혼수,신혼집 가전 추천,혼수 준비 중인 예비 신혼 부부에게 이 영상을 바칩니다.,노써치,노써치 사랑합니다,1,2025-03-12,BgSXY5jKIl4
신혼_혼수,신혼집 가전 추천,혼수 준비 중인 예비 신혼 부부에게 이 영상을 바칩니다.,노써치,"10가지정도 풀셋이면 백화점이 할인깔끔하고 제일 저렴합니다 
인터넷으로 싼거 산거보다 훨씬싸요",3,2024-07-27,BgSXY5jKIl4
신혼_혼수,신혼집 가전 추천,혼수 준비 중인 예비 신혼 부부에게 이 영상을 바칩니다.,노써치,3-4품목해도 온라인이 훨씬 싸던데,6,2024-12-09,BgSXY5jKIl4
신혼_혼수,신혼집 가전 추천,혼수 준비 중인 예비 신혼 부부에게 이 영상을 바칩니다.,노써치,이거보고 한번 더하기로 결심했습니다,5,2024-07-29,BgSXY5jKIl4
신혼_혼수,신혼집 가전 추천,혼수 준비 중인 예비 신혼 부부에게 이 영상을 바칩니다.,노써치,전자레인지 검색중이였는데 2년전 영상뿐이더라구요ㅠㅠ위에 리스트에 추천해주신 엘지12만원짜리가 제일 괜찮을까요 노써치님?,0,2024-07-28,BgSXY5jKIl4
신혼_혼수,신혼집 가전 추천,혼수 준비 중인 예비 신혼 부부에게 이 영상을 바칩니다.,노써치,영상 너뮤 잘 봤어요!! 근데 저는 저렴한거 5품목 정도만 구매하고 싶은데 오프라인 방문하면 고가의.제품 다품목 할인이 크게 들어가는 것들만 추천해 주며 이게 할인율이 크다고 저렴한 제품 즉 할인율이 적거나 다품목 혜택에 안들어가는 것들 이라고 오히려 고가의 제품 사는게 이득이다 라고 유도를 하는데.. 그래서 실제 견적도 고가의 제품으로만 해주시고 인터넷에서 찾아보고 간  저렴한 모델은 아예 앖다고 견적도 안내쥬는데 이 말이 맞는걸까요?? 비싼거 사는게 정말 크게 이득일까요...??,0,2024-08-11,BgSXY5jKIl4
신혼_혼수,신혼집 가전 추천,혼수 준비 중인 예비 신혼 부부에게 이 영상을 바칩니다.,노써치,"경험상 제일 좋은건

1.오프라인 매장에서 상담받아보고 최신제품들은 어떤어떤기능들이 있는 지 설명 들어보고 모델 추리기

2. 무조건 가성비파> 인터넷최저가 검색 공식홈 강추 (무지성 최저가보다는 정식설치 중에서 최저가만 구매해야 입주일 맞추기 편함)

3. 혼수니깐 가성비보다는 어느정도 최신기능 > 대형 백화점에서 상담받고 계약해놓고 행사 좋아지면 연락달라고하기
 (전 여러 패키지랑 사은품들까지 고려하면 인터넷 최저가합친것보다 쌌고 사은품등은 다 당근했습니다)",33,2024-07-24,BgSXY5jKIl4
신혼_혼수,신혼집 가전 추천,혼수 준비 중인 예비 신혼 부부에게 이 영상을 바칩니다.,노써치,제습제 영상도 올려주세요!!!🙏🙏🙏🙏🙏🙏,0,2024-07-28,BgSXY5jKIl4
신혼_혼수,신혼집 가전 추천,혼수 준비 중인 예비 신혼 부부에게 이 영상을 바칩니다.,노써치,"좋다 좋다 하면서 보다가 ""노써치 쇼핑리스트"" 보고 박수침 ㅋㅋㅋ 와 너무 좋다 진짜 ㅋㅋㅋ",12,2024-07-23,BgSXY5jKIl4
신혼_혼수,신혼집 가전 추천,혼수 준비 중인 예비 신혼 부부에게 이 영상을 바칩니다.,노써치,"롯데하이마트에서 샀는데 다필없고 그냥 신규오픈매장이 짱임 신혼조건으로 300이상을깍아줌 아닌곳은 이만큼못깍아줌 
무조건 신규오픈매장에서사세요
엘지 삼성 브랜드관도 다 신규오픈매장이짱",10,2025-06-10,BgSXY5jKIl4
신혼_혼수,신혼집 가전 추천,혼수 준비 중인 예비 신혼 부부에게 이 영상을 바칩니다.,노써치,"저도ㅠ가성비충이라 극공감요.
겨울철 신혼부부 전기장판은 반반온열매트가 갑입니다😂",0,2025-10-31,BgSXY5jKIl4
신혼_혼수,신혼집 가전 추천,혼수 준비 중인 예비 신혼 부부에게 이 영상을 바칩니다.,노써치,"7:22 이번에 이사하고 새출발 하는 느낌으로 가전 싹 갈고 싶어서 어디서 할까 고민하다 백화점 스토어 오픈행사 운 좋게 맞물려서 내가 원하던대로 LG 24년 제품으로 12~13개 품목 사다보니 이거 개찰떡이다 싶어서 그대로 결제 했는데 진짜 표에 적힌 내용 그대로임
상품권으로 캐시백이 와서 좀 아쉽긴 한데 거의 천만원돈 캐시백이라 퉁치고 넘어가는중",1,2024-07-25,BgSXY5jKIl4
신혼_혼수,신혼집 가전 추천,혼수 준비 중인 예비 신혼 부부에게 이 영상을 바칩니다.,노써치,베스트샵은 견적받을 라니깐 구독 권유만하고 제품마다 카드만들어야 할인된다하고 별로더라구요,8,2024-07-25,BgSXY5jKIl4
신혼_혼수,신혼집 가전 추천,혼수 준비 중인 예비 신혼 부부에게 이 영상을 바칩니다.,노써치,와 지금 알아보고있는데 딱뜨네..쵝오!!,2,2024-07-23,BgSXY5jKIl4
신혼_혼수,신혼집 가전 추천,혼수 준비 중인 예비 신혼 부부에게 이 영상을 바칩니다.,노써치,노써치님들... 면도기 영상 오매불망 기다리고 있는데 언제쯤 올라올까요 😢😢,2,2024-07-23,BgSXY5jKIl4
신혼_혼수,신혼집 가전 추천,혼수 준비 중인 예비 신혼 부부에게 이 영상을 바칩니다.,노써치,노써치는 진짜 사랑입니다.. 가전 구매에 큰 도움 항상 감사합니다!,0,2024-07-23,BgSXY5jKIl4
신혼_혼수,신혼집 가전 추천,혼수 준비 중인 예비 신혼 부부에게 이 영상을 바칩니다.,노써치,진짜 떠먹여주네 ㅋㅋㅋ,2,2024-07-24,BgSXY5jKIl4
신혼_혼수,신혼집 가전 추천,혼수 준비 중인 예비 신혼 부부에게 이 영상을 바칩니다.,노써치,"좋아요 100개 누르고 싶어여 ㅠㅠ
안그래도 노써치 베스트픽으로 혼수준비중이었는데 넘나 친절....🥹
당신은 한줄기 빛🫶 2탄도 기대하고 있을게요",5,2024-07-23,BgSXY5jKIl4
신혼_혼수,신혼집 가전 추천,혼수 준비 중인 예비 신혼 부부에게 이 영상을 바칩니다.,노써치,콘텐츠 즥이너,1,2024-11-25,BgSXY5jKIl4
신혼_혼수,신혼집 가전 추천,혼수 준비 중인 예비 신혼 부부에게 이 영상을 바칩니다.,노써치,제가 혼자 계획짜면서 생각한거랑 비슷하게 설명하는게 많네요 ㅋㅋ,0,2026-05-30,BgSXY5jKIl4
신혼_혼수,신혼집 가전 추천,혼수 준비 중인 예비 신혼 부부에게 이 영상을 바칩니다.,노써치,혹시 캐리어는 영상 안 올라올까요 ㅠㅎ,0,2024-07-28,BgSXY5jKIl4
신혼_혼수,신혼집 가전 추천,혼수 준비 중인 예비 신혼 부부에게 이 영상을 바칩니다.,노써치,"저도 이번에 결혼 준비하면서 노써치님 영상으로 도움 많이 받았습니다.
풀로 맞추면 대략 1500정도라고 들었는데 저희는 일부만 필요했거든요. 매장을 가보니 냉장고 세탁기는 왜이리 비싼지... 품목이 적어 할인도 적은데 인터넷에서 파는 100만원대랑 무슨 차이인지 물어도 자세한 설명은 안해주더라구요.
고민하다 노써치님 영상 접하게되어 온라인으로 개별구매했습니다. 덕분에 필요없는 옵션 빼고 가성비있게 잘 샀어요! 앞으로 필요할때마다 노써치 사이트도 애용하려고 합니다. 너무 감사합니다 ㅎㅎㅎ",2,2024-07-26,BgSXY5jKIl4
신혼_혼수,신혼집 가전 추천,혼수 준비 중인 예비 신혼 부부에게 이 영상을 바칩니다.,노써치,집 리모델링시 다 살꺼임.한을 풀어야지.,1,2024-07-27,BgSXY5jKIl4
신혼_혼수,신혼집 가전 추천,혼수 준비 중인 예비 신혼 부부에게 이 영상을 바칩니다.,노써치,"작년에 결혼했는데 노써치님 영상들이 많은 도움이 되었습니다. NEO QLED 코스트코, LG타워 에어컨 지마켓 LG공식대리점(설치비 정찰제, 카드결제가능), 나머지 냉장고, 세탁기, 건조기, 청소기, 얼음정수기, 밥솥 등 쿠팡 로켓설치로 했는데 만족하고 사용 중입니다. 노써치님이 영상에서 커맨트하듯이 너무 스트레스 받지말고 필요한 물품이 뭔지 어떤 등급에 원하는 사양 확인하고 디자인 확인하고 구매하면 문제없을거에요. 감사합니다!",23,2024-07-24,BgSXY5jKIl4
신혼_혼수,신혼집 가전 추천,혼수 준비 중인 예비 신혼 부부에게 이 영상을 바칩니다.,노써치,쇼핑리스트를 자취용으로 써도 상관 없는거졍?ㅎㅎ,1,2024-07-24,BgSXY5jKIl4
신혼_혼수,신혼집 가전 추천,혼수 준비 중인 예비 신혼 부부에게 이 영상을 바칩니다.,노써치,백화점 포인트나 vip등급등 생각하면 백화점이 좋음. 게다가 전 LG 컴퓨터 티비 신제품 사자마자 2주일 정도되서 고장났는데 새제품 안바꿔주고 환불안되고 안에 부품만 바꿔준다고해서 생난리 치고 본사 높은 서비스담당이랑 싸우고 전액환불받고난뒤로 절대 LG안삼,11,2025-01-13,BgSXY5jKIl4
신혼_혼수,신혼집 가전 추천,혼수 준비 중인 예비 신혼 부부에게 이 영상을 바칩니다.,노써치,이번 인생에서는 볼필요 없는 영상 😢,3,2024-07-23,BgSXY5jKIl4
신혼_혼수,신혼집 가전 추천,혼수 준비 중인 예비 신혼 부부에게 이 영상을 바칩니다.,노써치,와우,0,2025-07-13,BgSXY5jKIl4
신혼_혼수,신혼집 가전 추천,혼수 준비 중인 예비 신혼 부부에게 이 영상을 바칩니다.,노써치,리메이크 해주시나요?,0,2025-08-26,BgSXY5jKIl4
신혼_혼수,신혼집 가전 추천,혼수 준비 중인 예비 신혼 부부에게 이 영상을 바칩니다.,노써치,"근데 진짜 싸게하고프면 하이마트에서 젤싼걸로만 골라서 사는게 베스트인듯...

우린 베스트샵 냉장고, 광파오븐, 티비, 에어컨, 워시타워, 공청기, 정수기 총 결제 1500에 할인, 페이백 400에 군인+웨딩으로 포인트 170만 받아서 5년치 정수기, 공청기 구독료 해결",0,2025-10-10,BgSXY5jKIl4
신혼_혼수,신혼집 가전 추천,혼수 준비 중인 예비 신혼 부부에게 이 영상을 바칩니다.,노써치,아... ㅠ. ㅠ 조금만 더 늦게 결혼할걸... ㅠ. ㅠ,104,2024-07-23,BgSXY5jKIl4
신혼_혼수,신혼집 가전 추천,혼수 준비 중인 예비 신혼 부부에게 이 영상을 바칩니다.,노써치,1인가구 때 기존에 쓰던거 있어서 김냉 건조기만 샀는데 공무원도 lg 제휴된다길레 임직원몰로 샀는데 본 lg직원만큼 싼지는 몰것음..,0,2025-12-01,BgSXY5jKIl4
신혼_혼수,신혼집 가전 추천,혼수 준비 중인 예비 신혼 부부에게 이 영상을 바칩니다.,노써치,미친 영상이다,0,2024-07-29,BgSXY5jKIl4
신혼_혼수,신혼집 가전 추천,혼수 준비 중인 예비 신혼 부부에게 이 영상을 바칩니다.,노써치,요즘 삼성 엘지 둘다 오픈매장 조회가 가능해서 오픈매장 가는게 가장 좋음 백화점 입점 오픈 재오픈 매장가는게 가장 깔끔함,3,2024-09-22,BgSXY5jKIl4
신혼_혼수,신혼집 가전 추천,제발 돈 버리지 마세요💸 전문가가 써보고  추천하는 인테리어 필수템 10가지💡 최신 가전 설치 시 주의사항⚠️ 브랜드별 냉장고 식기세척기 시스템에어컨 TV 장단점 #신혼가전,소프트콘 디자인,꿀정보❤ +너무재미있어요😂😂,2,2026-02-25,HLH-663suq0
신혼_혼수,신혼집 가전 추천,제발 돈 버리지 마세요💸 전문가가 써보고  추천하는 인테리어 필수템 10가지💡 최신 가전 설치 시 주의사항⚠️ 브랜드별 냉장고 식기세척기 시스템에어컨 TV 장단점 #신혼가전,소프트콘 디자인,무풍에어컨 노인이나 아기 있는집은 절대쓰지 마세요 주인장님 설명대로 결로 바로 생기면서 안쪽에 곰팡이 엄청생깁니다.중간에 망사이 틈틈마다 곰팡이가 끼어서 청소하기도 엄청 번거로워요  차라리 바람 방향을 다른데로 돌리고 쓰는게 나아요 그리고 원웨이 시스템 에어컨이 결로로 인한 곰팡이가 가장 적음,3,2026-02-22,HLH-663suq0
신혼_혼수,신혼집 가전 추천,제발 돈 버리지 마세요💸 전문가가 써보고  추천하는 인테리어 필수템 10가지💡 최신 가전 설치 시 주의사항⚠️ 브랜드별 냉장고 식기세척기 시스템에어컨 TV 장단점 #신혼가전,소프트콘 디자인,제목만 봐도 너무 재밌을 것 같아요:),1,2026-02-22,HLH-663suq0
신혼_혼수,신혼집 가전 추천,제발 돈 버리지 마세요💸 전문가가 써보고  추천하는 인테리어 필수템 10가지💡 최신 가전 설치 시 주의사항⚠️ 브랜드별 냉장고 식기세척기 시스템에어컨 TV 장단점 #신혼가전,소프트콘 디자인,티비는 100인치,1,2026-02-23,HLH-663suq0
신혼_혼수,신혼집 가전 추천,제발 돈 버리지 마세요💸 전문가가 써보고  추천하는 인테리어 필수템 10가지💡 최신 가전 설치 시 주의사항⚠️ 브랜드별 냉장고 식기세척기 시스템에어컨 TV 장단점 #신혼가전,소프트콘 디자인,"아니 로청이 왜 없나요?..와인냉장고는 쓰는 집안이 쓰는집이 많이 없는데 로청은 요즘 거의 필수인데 직수입키트 되는 로청은 설치 가능하면 거의 쓰는데 ...식세기,건조기,로청은 진짜 필수인데 ..로청에 대한 언급을 안하다니..",1,2026-02-23,HLH-663suq0
신혼_혼수,혼수 가전 리스트,신혼집 가전 lg로 채우면 얼마드나요? #lg가전 #신혼집인테리어,Selina_yak,더보기가 없어요…😢,8,2025-11-06,WXL9_Z7x8Xs
신혼_혼수,혼수 가전 리스트,신혼집 가전 lg로 채우면 얼마드나요? #lg가전 #신혼집인테리어,Selina_yak,어느 지역 지점에서 하셨나요,2,2026-02-18,WXL9_Z7x8Xs
신혼_혼수,혼수 가전 리스트,신혼집 가전 lg로 채우면 얼마드나요? #lg가전 #신혼집인테리어,Selina_yak,"보여줄려면 다 열어서보여주시지😅
전부 다 얼마들었을까요? 다 사야 되는거거든요
삼성보다 싸려낭요?",18,2025-08-09,WXL9_Z7x8Xs
신혼_혼수,혼수 가전 리스트,신혼집 가전 lg로 채우면 얼마드나요? #lg가전 #신혼집인테리어,Selina_yak,어디서 구매하셨는지 알수있을까요 ㅠ,8,2025-11-20,WXL9_Z7x8Xs
신혼_혼수,혼수 가전 리스트,신혼집 가전 lg로 채우면 얼마드나요? #lg가전 #신혼집인테리어,Selina_yak,가전은 명불허전..lg쥬,1,2026-05-03,WXL9_Z7x8Xs
신혼_혼수,혼수 가전 리스트,신혼집 가전 lg로 채우면 얼마드나요? #lg가전 #신혼집인테리어,Selina_yak,링크 클릭이 안되요.. 그냥 알려주세요ㅠ,3,2025-12-21,WXL9_Z7x8Xs
신혼_혼수,혼수 가전 리스트,신혼집 가전 lg로 채우면 얼마드나요? #lg가전 #신혼집인테리어,Selina_yak,구독도 하신건가요?,1,2026-01-02,WXL9_Z7x8Xs
신혼_혼수,혼수 가전 리스트,신혼집 가전 lg로 채우면 얼마드나요? #lg가전 #신혼집인테리어,Selina_yak,1600?,0,2026-02-07,WXL9_Z7x8Xs
신혼_혼수,혼수 가전 리스트,신혼집 가전 lg로 채우면 얼마드나요? #lg가전 #신혼집인테리어,Selina_yak,아오 추천금지,5,2025-12-27,WXL9_Z7x8Xs
신혼_혼수,혼수 가전 리스트,신혼집 가전 lg로 채우면 얼마드나요? #lg가전 #신혼집인테리어,Selina_yak,인터넷으로 사는게 젤쌉니다,0,2026-03-16,WXL9_Z7x8Xs
신혼_혼수,혼수 가전 리스트,신혼집 가전 lg로 채우면 얼마드나요? #lg가전 #신혼집인테리어,Selina_yak,"🏡신혼 LG 가전 10종 이렇게 샀어요! ⠀
가전 리스트와 최종 견적 모두 공개합니다 🙂 ⠀
⠀
가전을 구매하면서 느낀건 시간이 지날수록 견적이 오른다는 거예요. 그래서 입주 일정이 정해지면, 미리 가전 구매하고, 배송일을 입주일정으로 맞추는 것이 좋더라구요!⠀
⠀
LG 가전 고민중이신 분들을 위해 ⠀
제품명, 모델명 공유드려요! ⠀
⠀
1. LG DIOS fit & Max 냉장고 (M626AAA032)⠀
2. LG DIOS 김치 냉장고 (Z323GB8)⠀
3. LG QNED 75인치 (75QNED85TKW)⠀
4. LG 올인워시 워시콤보 + 미니워시 (FH25EAEX)⠀
5. LG 스타일러 오브제컬렉션 (SC5GMR60)⠀
6. LG 코드제로 오브제컬렉션 A9S (AX958AWE)⠀
7. LG 디오스 오브제컬렉션 트루건조 14인용(DEE6BG)⠀
8. 쿡탑 전기오븐 (MLJ32ERS)⠀
9. 오브제 얼음정수기 (WD721RK)⠀
10. 와이드 미라듀어 인덕션 (BEF3AMB4)⠀
⠀
➡️ 최종 결제 금액 = 21,840,000원 ⠀
➡️ 최종 혜택 금액 = 14,930,000원 ⠀
(페이백, 상품권, 포인트 등 적용 시)",4,2026-02-11,WXL9_Z7x8Xs
신혼_혼수,혼수 가전 리스트,신혼집 가전 lg로 채우면 얼마드나요? #lg가전 #신혼집인테리어,Selina_yak,AS가 엉망 이라서.ㅠㅜ,1,2025-12-07,WXL9_Z7x8Xs
신혼_혼수,혼수 가전 리스트,&quot;다시 결혼하면 이건 절대 안삽니다&quot; 신혼가전 티어리스트 S급 vs D급,에이트 ATE,"이동식tv 극공감... 

좋다좋다해서 사봤는데 제 라이프스타일에서는 쓸일이 없었음 

당근행 ㅠ",3,2026-04-09,M5pIEEjnMPk
신혼_혼수,혼수 가전 리스트,&quot;다시 결혼하면 이건 절대 안삽니다&quot; 신혼가전 티어리스트 S급 vs D급,에이트 ATE,롱코에서 직각 상판 재고 소진 후 더 이상 안 만들꺼라고 하던데 차선은 뭘까요? ㄷㄷ,0,2026-04-09,M5pIEEjnMPk
신혼_혼수,혼수 가전 리스트,&quot;다시 결혼하면 이건 절대 안삽니다&quot; 신혼가전 티어리스트 S급 vs D급,에이트 ATE,세탁+건조기는 무게를 건조기 기준으로 돌려야하고 고장이 따로 있는것보다 잘 나서 개인적으로는 비추하게 되네요,2,2026-04-10,M5pIEEjnMPk
신혼_혼수,혼수 가전 리스트,&quot;다시 결혼하면 이건 절대 안삽니다&quot; 신혼가전 티어리스트 S급 vs D급,에이트 ATE,넘 유익합니다.. 이 영상을 결혼하기전에 보았어야 하는건요😂,1,2026-04-10,M5pIEEjnMPk
신혼_혼수,혼수 가전 리스트,&quot;다시 결혼하면 이건 절대 안삽니다&quot; 신혼가전 티어리스트 S급 vs D급,에이트 ATE,결혼들을 안하시나부다 댓글이 없넼ㅋㅋㅋ,1,2026-04-10,M5pIEEjnMPk
신혼_혼수,혼수 가전 리스트,&quot;다시 결혼하면 이건 절대 안삽니다&quot; 신혼가전 티어리스트 S급 vs D급,에이트 ATE,"자가로 들어가면 공조기를 설치하는게 좋죠. 제습공기청정공조기 삼성,나비엔매직... 삼성은 시스템에어컨과 같이 연동됨.",1,2026-04-10,M5pIEEjnMPk
신혼_혼수,혼수 가전 리스트,&quot;다시 결혼하면 이건 절대 안삽니다&quot; 신혼가전 티어리스트 S급 vs D급,에이트 ATE,드럼 세척력이 더 좋습니다,1,2026-04-08,M5pIEEjnMPk
신혼_혼수,혼수 가전 리스트,&quot;다시 결혼하면 이건 절대 안삽니다&quot; 신혼가전 티어리스트 S급 vs D급,에이트 ATE,음식물처리기  넣어주세요!,6,2026-04-08,M5pIEEjnMPk
신혼_혼수,혼수 가전 리스트,&quot;다시 결혼하면 이건 절대 안삽니다&quot; 신혼가전 티어리스트 S급 vs D급,에이트 ATE,로봇청소기는 신혼한정. 아이 생기면 쓸모없는 존재 됨. 유아매트 때문에,1,2026-04-08,M5pIEEjnMPk
신혼_혼수,혼수 가전 리스트,“제발 이렇게 사세요!” 2025 신혼가전 견적 추천! 혼수 가전 구매팁🔥｜신혼｜혼수｜냉장고추천｜세탁기추천｜TV추천｜LG｜삼성｜비스포크｜오브제｜로보락｜TCL,리뷰머신,"⭐혼수템 추천! 리뷰머신 공동구매 제품 보러가기 👉 https://link.inpock.co.kr/reviewland


[2025 혼수가전 구매 꿀팁]
✅가전 우선순위 정하기
1.필수가전 - TV, 냉장고, 세탁건조기
2.서브가전 - 전자레인지, 청소기, 전기밥솥
3.편의성 올려주는 가전 - 로봇청소기, 음식물쓰레기 처리기, 식기세척기
4.계절가전 - 가습기, 공기청정기, 제습기, 에어컨

✅저렴하게 구매하는 방법
쿠팡 활용하기
와우멤버십- 포인트 1%씩 쌓임. 쿠팡내에서 사용 가능
와우 카드- 할인가 + 1~4% 쿠팡캐시 적립, 다품목 할인 (품목에 따라 다름)

[추천제품]
🔥TV
✅1.TCL 4K (가성비 Pick)
가격 : 761,000원
링크 : https://link.coupang.com/a/cpDebo
해상도 : 4K UHD
패널 : QLED
사이즈 : 65인치

✅2.삼성 QLED 75인치 (국산 브랜드 Pick)
가격 1,635,600원
링크 : https://link.coupang.com/a/cpDeik
해상도 : 4K UHD
패널 : QLED
사이즈 : 75인치

🔥냉장고
✅1.삼성 비스포크 905L 메탈 4도어 (가성비 Pick)
가격 : 1,349,000원
링크 : https://link.coupang.com/a/cpDepI
에너지 등급 : 2등급

✅2. 삼성 비스포크 글래스 4도어 (활용도 갑 Pick)
가격 1,990,000원
링크 : https://link.coupang.com/a/cpDf6z
에너지 등급 : 2등급
*특징 : 우측 하단 수납공간 김치보관, 와인보관 모드 변경 가능.

🔥세탁건조기
✅1.삼성 비스포크 그랑데 ai 세탁건조기 (분리형)
가격 : 1,638,750원 
링크 : https://link.coupang.com/a/cpDgiA
세탁용량 : 21kg
건조용량 : 17kg

✅2-1.로보락 H1 Lite (일체형 패널형)
가격 : 1,199,000원
링크 : https://link.coupang.com/a/cpDgvr
세탁 : 10kg
건조 : 6kg

✅2-2.로보락 H1 (일체형 터치스크린 형)
가격 : 1,599,000원
링크 : https://link.coupang.com/a/cpDgOL
세탁 : 10kg
건조 : 6kg

[가성비 서브가전 추천]
✅아이닉 i50 itower 무선청소기
가격 : 279,000원
링크 : https://i-nic.co.kr/product/detail.html?product_no=141
흡입력 : 45,000Pa (520W)
스테이션 : 자동충전, 자동 먼지비움

✅아이닉 음식물 처리기
리뷰영상 : https://youtu.be/cOCp1F9C1dQ
가격 : 339,000원
제품링크 : https://link.coupang.com/a/cpDg1G

✅에어메이드 제습기
리뷰영상 : https://youtu.be/jIhNbLLyTME
가격 : 339,000원
제품링크 : https://link.coupang.com/a/cpDg7U

✅미닉스 식기세척기
리뷰영상 : https://youtu.be/XTksBuBK_J0
가격 : 323,980원
제품링크 : https://link.coupang.com/a/cpDhc3

✅쿠쿠 공기청정기
가격 : 219,000원
제품링크 : https://link.coupang.com/a/cpDhis

이 영상은 쿠팡 파트너스 활동의 일환으로 일정액의 수수료를 제공받습니다",22,2025-04-21,wwr939cXUnc
신혼_혼수,혼수 가전 리스트,“제발 이렇게 사세요!” 2025 신혼가전 견적 추천! 혼수 가전 구매팁🔥｜신혼｜혼수｜냉장고추천｜세탁기추천｜TV추천｜LG｜삼성｜비스포크｜오브제｜로보락｜TCL,리뷰머신,"자녀계획이 바로있으시다면
TV도 천천히 사도된다는게 개인경험상 의견입니다ㅎ",7,2025-08-12,wwr939cXUnc
신혼_혼수,혼수 가전 리스트,“제발 이렇게 사세요!” 2025 신혼가전 견적 추천! 혼수 가전 구매팁🔥｜신혼｜혼수｜냉장고추천｜세탁기추천｜TV추천｜LG｜삼성｜비스포크｜오브제｜로보락｜TCL,리뷰머신,이번에 입주하게되면서 뭘 사야되나 어떻게 해야되나 고민 엄청 많았는데 이 영상 하나로 고민 대부분 해결되네요 👍,3,2025-06-28,wwr939cXUnc
신혼_혼수,혼수 가전 리스트,“제발 이렇게 사세요!” 2025 신혼가전 견적 추천! 혼수 가전 구매팁🔥｜신혼｜혼수｜냉장고추천｜세탁기추천｜TV추천｜LG｜삼성｜비스포크｜오브제｜로보락｜TCL,리뷰머신,에어드레서도 추천 해주세요오오오옹,2,2025-04-27,wwr939cXUnc
신혼_혼수,혼수 가전 리스트,“제발 이렇게 사세요!” 2025 신혼가전 견적 추천! 혼수 가전 구매팁🔥｜신혼｜혼수｜냉장고추천｜세탁기추천｜TV추천｜LG｜삼성｜비스포크｜오브제｜로보락｜TCL,리뷰머신,"리뷰머신님 영상 너무너무 잘봤습니다!! 그대로 따라 사고싶은데 품절이... ㅠㅠㅠ
요거 최신버전 2026 버전 또 찍어주시면 안되나요 😢😢",0,2026-05-25,wwr939cXUnc
신혼_혼수,혼수 가전 리스트,“제발 이렇게 사세요!” 2025 신혼가전 견적 추천! 혼수 가전 구매팁🔥｜신혼｜혼수｜냉장고추천｜세탁기추천｜TV추천｜LG｜삼성｜비스포크｜오브제｜로보락｜TCL,리뷰머신,김치냉장고 기능 되는 냉장고는 이제 안파나요?ㅠㅠ 대체할 만한게 있을까요?,3,2026-01-27,wwr939cXUnc
신혼_혼수,혼수 가전 리스트,“제발 이렇게 사세요!” 2025 신혼가전 견적 추천! 혼수 가전 구매팁🔥｜신혼｜혼수｜냉장고추천｜세탁기추천｜TV추천｜LG｜삼성｜비스포크｜오브제｜로보락｜TCL,리뷰머신,이번에 신혼혼수를 준비하는 사람이 질문 있습니다!! 오프라인 매장에서 필수가전을 구입하는게 좋을까요? 아니면 온라인에서 따로 구입하는게 좋을까요?? (Tv 세탁건조기 냉장고),0,2025-10-26,wwr939cXUnc
신혼_혼수,혼수 가전 리스트,“제발 이렇게 사세요!” 2025 신혼가전 견적 추천! 혼수 가전 구매팁🔥｜신혼｜혼수｜냉장고추천｜세탁기추천｜TV추천｜LG｜삼성｜비스포크｜오브제｜로보락｜TCL,리뷰머신,비스포크 4도어 김냉 되는거 모델명이 어케 되나요?,2,2025-08-29,wwr939cXUnc
신혼_혼수,혼수 가전 리스트,“제발 이렇게 사세요!” 2025 신혼가전 견적 추천! 혼수 가전 구매팁🔥｜신혼｜혼수｜냉장고추천｜세탁기추천｜TV추천｜LG｜삼성｜비스포크｜오브제｜로보락｜TCL,리뷰머신,개인정보유출 전에 올리신거져?ㅜㅜ 이러지도 저러지도 못하겠는심정,0,2026-04-22,wwr939cXUnc
신혼_혼수,혼수 가전 리스트,“제발 이렇게 사세요!” 2025 신혼가전 견적 추천! 혼수 가전 구매팁🔥｜신혼｜혼수｜냉장고추천｜세탁기추천｜TV추천｜LG｜삼성｜비스포크｜오브제｜로보락｜TCL,리뷰머신,"RF90DG90124W
이제품 25년식 프리스탠딩이랑 비교해서 옵션차이 없겟죵",0,2025-07-16,wwr939cXUnc
신혼_혼수,혼수 가전 리스트,“제발 이렇게 사세요!” 2025 신혼가전 견적 추천! 혼수 가전 구매팁🔥｜신혼｜혼수｜냉장고추천｜세탁기추천｜TV추천｜LG｜삼성｜비스포크｜오브제｜로보락｜TCL,리뷰머신,7:15 소파는 어디걸까요?,3,2025-10-06,wwr939cXUnc
신혼_혼수,혼수 가전 리스트,“제발 이렇게 사세요!” 2025 신혼가전 견적 추천! 혼수 가전 구매팁🔥｜신혼｜혼수｜냉장고추천｜세탁기추천｜TV추천｜LG｜삼성｜비스포크｜오브제｜로보락｜TCL,리뷰머신,헐...,0,2025-04-22,wwr939cXUnc
신혼_혼수,혼수 가전 리스트,“제발 이렇게 사세요!” 2025 신혼가전 견적 추천! 혼수 가전 구매팁🔥｜신혼｜혼수｜냉장고추천｜세탁기추천｜TV추천｜LG｜삼성｜비스포크｜오브제｜로보락｜TCL,리뷰머신,진짜 키친핏이 용량은 적은데 더 비싸다니... 상술이네...ㅜ,4,2025-07-06,wwr939cXUnc
신혼_혼수,혼수 가전 리스트,“제발 이렇게 사세요!” 2025 신혼가전 견적 추천! 혼수 가전 구매팁🔥｜신혼｜혼수｜냉장고추천｜세탁기추천｜TV추천｜LG｜삼성｜비스포크｜오브제｜로보락｜TCL,리뷰머신,🤫,0,2025-04-22,wwr939cXUnc
신혼_혼수,혼수 가전 리스트,“제발 이렇게 사세요!” 2025 신혼가전 견적 추천! 혼수 가전 구매팁🔥｜신혼｜혼수｜냉장고추천｜세탁기추천｜TV추천｜LG｜삼성｜비스포크｜오브제｜로보락｜TCL,리뷰머신,"안녕하세요 영상 잘 보고 가구 관련 영상들도 잘 봤습니다! 다름이 아니라 신혼 가전으로 냉장고,tv,에어컨,밥솥,세탁건조기,정수기 이렇게 6개 정도 생각중인데 세탁건조기는 하나로 보나요? 가성비로 찾는데 추천 영상의 제품들이 지금은 없는 것도 있더라구요ㅜㅜ 그리고 많은 제품을 사면 따로 쿠팡으로 사는것 보다 같은 제품으로 베스트샵이나 매장에 발품파는게 더 가격이 좋을까요?",0,2025-09-03,wwr939cXUnc
신혼_혼수,혼수 가전 리스트,“제발 이렇게 사세요!” 2025 신혼가전 견적 추천! 혼수 가전 구매팁🔥｜신혼｜혼수｜냉장고추천｜세탁기추천｜TV추천｜LG｜삼성｜비스포크｜오브제｜로보락｜TCL,리뷰머신,넘 필요했던 영상이네요!! 에어컨도 알려주세요!!ㅜㅜ,1,2025-05-10,wwr939cXUnc
신혼_혼수,혼수 가전 리스트,“제발 이렇게 사세요!” 2025 신혼가전 견적 추천! 혼수 가전 구매팁🔥｜신혼｜혼수｜냉장고추천｜세탁기추천｜TV추천｜LG｜삼성｜비스포크｜오브제｜로보락｜TCL,리뷰머신,티비설명하실때나오는 리클라이너 소파 어디껀지 알수있을까요?😊,4,2025-04-28,wwr939cXUnc
신혼_혼수,혼수 가전 리스트,“제발 이렇게 사세요!” 2025 신혼가전 견적 추천! 혼수 가전 구매팁🔥｜신혼｜혼수｜냉장고추천｜세탁기추천｜TV추천｜LG｜삼성｜비스포크｜오브제｜로보락｜TCL,리뷰머신,신혼 가전 준비하는 데 큰 도움이 됬어요! 영살 잘 보고 갑니다:),0,2025-12-25,wwr939cXUnc
신혼_혼수,혼수 가전 리스트,“제발 이렇게 사세요!” 2025 신혼가전 견적 추천! 혼수 가전 구매팁🔥｜신혼｜혼수｜냉장고추천｜세탁기추천｜TV추천｜LG｜삼성｜비스포크｜오브제｜로보락｜TCL,리뷰머신,냉장고.. 얼마 전에 부모님과 같이 오프라인으로 샀는데요😂 198만원에 사서 괜히 아쉽네요😢,0,2025-04-26,wwr939cXUnc
신혼_혼수,혼수 가전 리스트,“제발 이렇게 사세요!” 2025 신혼가전 견적 추천! 혼수 가전 구매팁🔥｜신혼｜혼수｜냉장고추천｜세탁기추천｜TV추천｜LG｜삼성｜비스포크｜오브제｜로보락｜TCL,리뷰머신,리뷰머신님 이제 대학생됐는데 노트북 뭐살지 고민중입니다..혹시 좀 여쭤봐도될까요,3,2025-04-22,wwr939cXUnc
신혼_혼수,혼수 가전 리스트,“제발 이렇게 사세요!” 2025 신혼가전 견적 추천! 혼수 가전 구매팁🔥｜신혼｜혼수｜냉장고추천｜세탁기추천｜TV추천｜LG｜삼성｜비스포크｜오브제｜로보락｜TCL,리뷰머신,여기나오는 티비랑 냉장고 얼마전에 다 구입했는데 진짜 삼성스토어에는 비치도안해놓은 가성비제품임ㅋㅋ 근데 솔찍히 청소기랑 에어컨은 필수가전으로 넣어야되지않을까요ㅋㅋ,47,2025-04-24,wwr939cXUnc
신혼_혼수,혼수 가전 리스트,“제발 이렇게 사세요!” 2025 신혼가전 견적 추천! 혼수 가전 구매팁🔥｜신혼｜혼수｜냉장고추천｜세탁기추천｜TV추천｜LG｜삼성｜비스포크｜오브제｜로보락｜TCL,리뷰머신,"티비 냉장고 세탁기 건조기 등 대형가전은 이미 구매하였고 혼수용품으로 소형가전(청소기, 가습기, 제습기, 음쓰처리기) 등만 남아있는 상태인데 이건 인터넷이 더 쌀까요?",1,2025-06-01,wwr939cXUnc
신혼_혼수,혼수 가전 리스트,“제발 이렇게 사세요!” 2025 신혼가전 견적 추천! 혼수 가전 구매팁🔥｜신혼｜혼수｜냉장고추천｜세탁기추천｜TV추천｜LG｜삼성｜비스포크｜오브제｜로보락｜TCL,리뷰머신,근데 온라인에서 구매하면 고장이잦고 안좋다 이런말은 왜 나온걸까요..? 계속 주위에서 또래나 어른들 가끔씩 이런소리해서요 이슈가있았나..,3,2025-05-05,wwr939cXUnc
신혼_혼수,혼수 가전 리스트,“제발 이렇게 사세요!” 2025 신혼가전 견적 추천! 혼수 가전 구매팁🔥｜신혼｜혼수｜냉장고추천｜세탁기추천｜TV추천｜LG｜삼성｜비스포크｜오브제｜로보락｜TCL,리뷰머신,냉장고 가격 50만원 올랐어요 흑흑,3,2025-08-25,wwr939cXUnc
신혼_혼수,혼수 가전 리스트,“제발 이렇게 사세요!” 2025 신혼가전 견적 추천! 혼수 가전 구매팁🔥｜신혼｜혼수｜냉장고추천｜세탁기추천｜TV추천｜LG｜삼성｜비스포크｜오브제｜로보락｜TCL,리뷰머신,쿠팡에 짭이 많다는데 가전은 괜찮은걸까요?,0,2025-10-08,wwr939cXUnc
신혼_혼수,혼수 가전 리스트,“제발 이렇게 사세요!” 2025 신혼가전 견적 추천! 혼수 가전 구매팁🔥｜신혼｜혼수｜냉장고추천｜세탁기추천｜TV추천｜LG｜삼성｜비스포크｜오브제｜로보락｜TCL,리뷰머신,삼성티비 가격 더 떨어졌네요.. 150!!,4,2025-04-22,wwr939cXUnc
신혼_혼수,혼수 가전 리스트,“제발 이렇게 사세요!” 2025 신혼가전 견적 추천! 혼수 가전 구매팁🔥｜신혼｜혼수｜냉장고추천｜세탁기추천｜TV추천｜LG｜삼성｜비스포크｜오브제｜로보락｜TCL,리뷰머신,삼성 lg사세요 몇년 지나면 후화합니다,1,2025-12-29,wwr939cXUnc
신혼_혼수,혼수 가전 리스트,흙수저 부부의 가성비 혼수 BEST 10👍🏻,ggulmatsalim,"🩷제품이 궁금하다면🩷
☝🏻영상 속 제품 배너 터치☝🏻

1.침대프레임 (41만원)
스칸디아 데이 호텔 수납침대 LK 사이즈, 화이트

2.매트리스 (240만원)
템퍼, 오프라인 매장에서 신혼부부 할인으로 구매.
백화점에서 받은 견적보다 70만원 저렴하게 구매했어요.

3.냉장고 (150만원)
삼성 비스포크 프리스탠딩 875L, 코타화이트

4.카페장(35만원)
메이트 프로스트 카페장 비스코프 오브제 주방수납장, 포그그레이

5.정수기(38만원)
파라곤 무타공 정수기

6.테이블(72만원)
2UC 하프테이블

7.의자(5만원대)
영가구 레이븐 빈티지 원목 인테리어 의자, 블랙/쿠션버전

8.소파(52만원)
버즈가구 루멜 2인 카우치 패브릭 소파

9.티비(37만원)
와이드뷰 4K 스마트tv

10.수납장(37만원)
이케아 에케트 수납장+도어2 / 선반1

🩷참고해주세요🩷",67,2025-09-10,Nt1qOQEroc4
신혼_혼수,혼수 가전 리스트,흙수저 부부의 가성비 혼수 BEST 10👍🏻,ggulmatsalim,"본인을 굳이 흙수저라고 하는 이유는?
그냥 알뜰한 우리 부부의 가성비 혼수 라고 해도 괜찮은데...",522,2025-09-27,Nt1qOQEroc4
신혼_혼수,혼수 가전 리스트,흙수저 부부의 가성비 혼수 BEST 10👍🏻,ggulmatsalim,민심 곱창났네 ㅋㅋㅋㅋㅋㅋㅋㅋㅋㅋㅋㅋㅋㅋㅋㅋㅋㅋ,60,2025-10-23,Nt1qOQEroc4
신혼_혼수,혼수 가전 리스트,흙수저 부부의 가성비 혼수 BEST 10👍🏻,ggulmatsalim,흙수저가 뭔지 모름 이분,198,2025-09-20,Nt1qOQEroc4
신혼_혼수,혼수 가전 리스트,흙수저 부부의 가성비 혼수 BEST 10👍🏻,ggulmatsalim,"흙수저가 뭔지 모르는 거 같으니 검색해보시길 
이러니까 빼앗긴가난같은 말이 생기지",494,2025-09-19,Nt1qOQEroc4
신혼_혼수,혼수 가전 리스트,흙수저 부부의 가성비 혼수 BEST 10👍🏻,ggulmatsalim,"흙수저는 아니신듯..
이게 흙수저면 저는 ㅈ어야될듯ㅠㅠ",69,2025-09-23,Nt1qOQEroc4
신혼_혼수,혼수 가전 리스트,흙수저 부부의 가성비 혼수 BEST 10👍🏻,ggulmatsalim,뭐가 흙수저이죠?,161,2025-09-13,Nt1qOQEroc4
신혼_혼수,혼수 가전 리스트,흙수저 부부의 가성비 혼수 BEST 10👍🏻,ggulmatsalim,"걍 지나가려다 남겨요 흙수저라는 표현이 불편해요 평범한 신혼부부인것같은데 왜그러시는지 
진짜 흙수저는 매트리스 240만원짜리 못사요 소파놓을공간도 없구요",1110,2025-09-13,Nt1qOQEroc4
신혼_혼수,혼수 가전 리스트,흙수저 부부의 가성비 혼수 BEST 10👍🏻,ggulmatsalim,세상이 갈수록 미쳐가는구나 영상 내리세요,59,2025-09-20,Nt1qOQEroc4
신혼_혼수,혼수 가전 리스트,흙수저 부부의 가성비 혼수 BEST 10👍🏻,ggulmatsalim,이제 흙수저도 도둑질하네..,42,2025-09-24,Nt1qOQEroc4
신혼_혼수,혼수 가전 리스트,흙수저 부부의 가성비 혼수 BEST 10👍🏻,ggulmatsalim,흙수저 호소호소인 😂😅,126,2025-09-23,Nt1qOQEroc4
신혼_혼수,혼수 가전 리스트,흙수저 부부의 가성비 혼수 BEST 10👍🏻,ggulmatsalim,"카페장이 무슨 빌트인인줄 알까요 저게..ㅋㅋㅋㅋㅋ
누가봐도 허접..",22,2025-10-01,Nt1qOQEroc4
신혼_혼수,혼수 가전 리스트,흙수저 부부의 가성비 혼수 BEST 10👍🏻,ggulmatsalim,흑수저가 뭔지 모르시는거 같은데 진짜 흑수저 함 돼보세요 ㅋㅋㅋ인터넷에 집 구경시키고 싶은 마음이 드나 ㅋㅋㅋㅋ,9,2026-03-24,Nt1qOQEroc4
신혼_혼수,혼수 가전 리스트,흙수저 부부의 가성비 혼수 BEST 10👍🏻,ggulmatsalim,240만원 메트리스를 흙수저가 쓴다고요? 어그로 진짜 쯧,11,2025-10-19,Nt1qOQEroc4
신혼_혼수,혼수 가전 리스트,흙수저 부부의 가성비 혼수 BEST 10👍🏻,ggulmatsalim,빼앗긴 가난..... 흑흑,24,2025-09-17,Nt1qOQEroc4
신혼_혼수,혼수 가전 리스트,흙수저 부부의 가성비 혼수 BEST 10👍🏻,ggulmatsalim,집 인테리어 싹하고 들어갔는데 뭐가 흙수저임?,84,2025-09-25,Nt1qOQEroc4
신혼_혼수,혼수 가전 리스트,흙수저 부부의 가성비 혼수 BEST 10👍🏻,ggulmatsalim,흙수저? ..?,31,2025-09-14,Nt1qOQEroc4
신혼_혼수,혼수 가전 리스트,흙수저 부부의 가성비 혼수 BEST 10👍🏻,ggulmatsalim,"흙수러란 표현
어이없네
욕나온다",93,2025-09-13,Nt1qOQEroc4
신혼_혼수,혼수 가전 리스트,흙수저 부부의 가성비 혼수 BEST 10👍🏻,ggulmatsalim,저게 흙수져?,17,2025-09-20,Nt1qOQEroc4
신혼_혼수,혼수 가전 리스트,흙수저 부부의 가성비 혼수 BEST 10👍🏻,ggulmatsalim,애매한게 흙수저라고 깝치네😂,8,2025-10-27,Nt1qOQEroc4
신혼_혼수,혼수 가전 리스트,흙수저 부부의 가성비 혼수 BEST 10👍🏻,ggulmatsalim,영상 열심히 만들어도 단어 하나 잘못해서 나락 가는거에요,8,2025-10-15,Nt1qOQEroc4
신혼_혼수,혼수 가전 리스트,흙수저 부부의 가성비 혼수 BEST 10👍🏻,ggulmatsalim,"너무 똘똘하고 이쁘게 합리적으로 잘 하셨네요. 
나이도 어리신 것 같은데 도움되는 정보가
많습니다. 감사해요.",3,2025-09-28,Nt1qOQEroc4
신혼_혼수,혼수 가전 리스트,흙수저 부부의 가성비 혼수 BEST 10👍🏻,ggulmatsalim,본인스스로 흙수저라고 ...;; 저런표현은 좀 아닌듯합니다만...??,12,2025-09-22,Nt1qOQEroc4
신혼_혼수,혼수 가전 리스트,흙수저 부부의 가성비 혼수 BEST 10👍🏻,ggulmatsalim,"수납장 위 검정색 탁상 시계 정보가 궁금해요!
예쁜 제품 많이 소개해주셔서 감사합니다😊",0,2025-10-07,Nt1qOQEroc4
신혼_혼수,혼수 가전 리스트,흙수저 부부의 가성비 혼수 BEST 10👍🏻,ggulmatsalim,댓글쳐봤으면 달아라,9,2025-10-21,Nt1qOQEroc4
신혼_혼수,혼수 가전 리스트,흙수저 부부의 가성비 혼수 BEST 10👍🏻,ggulmatsalim,제목 불편하네요😢,63,2025-09-14,Nt1qOQEroc4
신혼_혼수,혼수 가전 리스트,흙수저 부부의 가성비 혼수 BEST 10👍🏻,ggulmatsalim,흙수저 조롱이지 이건,4,2026-03-17,Nt1qOQEroc4
신혼_혼수,혼수 가전 리스트,흙수저 부부의 가성비 혼수 BEST 10👍🏻,ggulmatsalim,이제 하다하다 흙수저도 빼앗아 가네;;; 훔친 흙수저,7,2025-10-21,Nt1qOQEroc4
신혼_혼수,혼수 가전 리스트,흙수저 부부의 가성비 혼수 BEST 10👍🏻,ggulmatsalim,집 자체가 흙수저가 아닌데ㅋㅋ,5,2025-10-08,Nt1qOQEroc4
신혼_혼수,혼수 가전 리스트,흙수저 부부의 가성비 혼수 BEST 10👍🏻,ggulmatsalim,정수기 설명하실때 나오는 흰색초밥그릇은 어디건가요?? 딱 저런 접시를  오래전부터 사고싶었어요❤,0,2025-10-19,Nt1qOQEroc4
신혼_혼수,혼수 가전 리스트,흙수저 부부의 가성비 혼수 BEST 10👍🏻,ggulmatsalim,침대머리. 쿠션 따로 구입하신건가요? 정보좀 알 수 있을까요?,0,2025-09-14,Nt1qOQEroc4
신혼_혼수,혼수 가전 리스트,흙수저 부부의 가성비 혼수 BEST 10👍🏻,ggulmatsalim,흙수저라기엔 충분히 비싼데..하나하나 보는데 와 진짜 싸게샀다 싶은건 거의 없네 짭탠바이미 정도,2,2026-02-18,Nt1qOQEroc4
신혼_혼수,혼수 가전 리스트,흙수저 부부의 가성비 혼수 BEST 10👍🏻,ggulmatsalim,흙수저는 전세집도 없습니다,4,2026-03-12,Nt1qOQEroc4
신혼_혼수,혼수 가전 리스트,흙수저 부부의 가성비 혼수 BEST 10👍🏻,ggulmatsalim,흙수저 커트라인 높네 원룸에서 시작하는 신혼부부는 뭐라 불러야 함?,1,2026-03-11,Nt1qOQEroc4
신혼_혼수,혼수 가전 리스트,흙수저 부부의 가성비 혼수 BEST 10👍🏻,ggulmatsalim,흙수저의 기준이 지금 홍보 하는제품이 내돈내산이 아니라는거?,4,2025-09-25,Nt1qOQEroc4
신혼_혼수,혼수 가전 리스트,흙수저 부부의 가성비 혼수 BEST 10👍🏻,ggulmatsalim,전기장판 가성비 최고는 반반온열매트 추천요 좌우 분리난방 기능때문에 잘때 온도 안맞아서 싸우는게 덜해요!,0,2025-10-31,Nt1qOQEroc4
신혼_혼수,혼수 가전 리스트,흙수저 부부의 가성비 혼수 BEST 10👍🏻,ggulmatsalim,흙수저라고 해서 클릭했는데 ㅋㅋ 얼척 없네 ㅋㅋㅋㅋㅋ,0,2026-04-25,Nt1qOQEroc4
신혼_혼수,혼수 가전 리스트,흙수저 부부의 가성비 혼수 BEST 10👍🏻,ggulmatsalim,흙수저는 대부분 태어난 환경을 말하는데 요즘은 부모도움없이도 하는데 굳이 왜 그런말을 하심 부모님 슬프시게,3,2025-11-01,Nt1qOQEroc4
신혼_혼수,혼수 가전 리스트,흙수저 부부의 가성비 혼수 BEST 10👍🏻,ggulmatsalim,냉장고 궁금해요. 빠르게 지나가서 잘안보여서요. 냉장고장에서 튀어나오게 쓰고 계신건지요?,0,2026-06-10,Nt1qOQEroc4
신혼_혼수,혼수 가전 리스트,흙수저 부부의 가성비 혼수 BEST 10👍🏻,ggulmatsalim,까페장은 어디에서 구입하셨나요? 너무 예뻐요,0,2025-10-23,Nt1qOQEroc4
신혼_혼수,혼수 가전 리스트,흙수저 부부의 가성비 혼수 BEST 10👍🏻,ggulmatsalim,흙수저가 뭔지 모르시나;;;;,3,2025-10-19,Nt1qOQEroc4
신혼_혼수,혼수 가전 리스트,흙수저 부부의 가성비 혼수 BEST 10👍🏻,ggulmatsalim,우드로된 웨이브 파티션 정보알고싶어용,1,2025-09-14,Nt1qOQEroc4
신혼_혼수,혼수 가전 리스트,흙수저 부부의 가성비 혼수 BEST 10👍🏻,ggulmatsalim,"광고를 할거면 안티를 만들면 안됩니다 ㅜㅜ 
흙수저 금수저 이런 말들 다들 공공연히 보는 유튜브라는 공간에서는 조심해서 써야돼요. 
나쁜 의도야 없겠지만 흙수저로 비유되는 것들이 누군가에게는 충분히 소중하고 바라는 것들일 수 있답니다.",2,2026-02-28,Nt1qOQEroc4
신혼_혼수,혼수 가전 리스트,흙수저 부부의 가성비 혼수 BEST 10👍🏻,ggulmatsalim,무타공정수기랑 폭포수전을 같이 놓는건 어렵겠죠??,0,2026-05-25,Nt1qOQEroc4
신혼_혼수,혼수 가전 리스트,흙수저 부부의 가성비 혼수 BEST 10👍🏻,ggulmatsalim,어휴 살림 잘하네. 물건 다 좋네요.,1,2026-05-01,Nt1qOQEroc4
신혼_혼수,혼수 가전 리스트,흙수저 부부의 가성비 혼수 BEST 10👍🏻,ggulmatsalim,정말 힘든 사람들도 있습니다 😮,0,2026-03-27,Nt1qOQEroc4
신혼_혼수,혼수 가전 리스트,흙수저 부부의 가성비 혼수 BEST 10👍🏻,ggulmatsalim,진짜 흙수저라 개긁히고 기분이 더러움 ;;;,1,2025-11-23,Nt1qOQEroc4
신혼_혼수,혼수 가전 리스트,흙수저 부부의 가성비 혼수 BEST 10👍🏻,ggulmatsalim,그래서 비용은요?,2,2025-10-17,Nt1qOQEroc4
신혼_혼수,혼수 가전 리스트,흙수저 부부의 가성비 혼수 BEST 10👍🏻,ggulmatsalim,주방에 블라인드 정보 알수있을까요??,0,2025-09-28,Nt1qOQEroc4
신혼_혼수,혼수 가전 리스트,흙수저 부부의 가성비 혼수 BEST 10👍🏻,ggulmatsalim,흙수저가 비스포크 ㅋㅋ,2,2026-03-22,Nt1qOQEroc4
신혼_혼수,신혼 주방가전 뭐 살까,신혼가전 사라 마라 | 결혼 9년차가 딱 정해줌,가전주부,왜 다 사라는 말 밖에 안나오냐고? 인생은 장비빨이니까ㅋㅋㅋ,211,2024-06-25,5d7HmA83PWw
신혼_혼수,신혼 주방가전 뭐 살까,신혼가전 사라 마라 | 결혼 9년차가 딱 정해줌,가전주부,"이 모든 유혹을 이기는 자, 돈을 벌것이다!!!😂😂😂",37,2024-06-25,5d7HmA83PWw
신혼_혼수,신혼 주방가전 뭐 살까,신혼가전 사라 마라 | 결혼 9년차가 딱 정해줌,가전주부,저 리스트에서 식기 세척기는 있고 없고 차이가 가장 큰 물건. 시간 자체를 벌어줌. 그릇 닦을 시간에 다른 것을 할 수 있음. 저 리스트에서 딱 하나 고르라면 식기 세척기임.,18,2024-09-10,5d7HmA83PWw
신혼_혼수,신혼 주방가전 뭐 살까,신혼가전 사라 마라 | 결혼 9년차가 딱 정해줌,가전주부,왜 이 영상은 특별히 예뻐요?,12,2024-07-10,5d7HmA83PWw
신혼_혼수,신혼 주방가전 뭐 살까,신혼가전 사라 마라 | 결혼 9년차가 딱 정해줌,가전주부,건조기 제습기 음식물처리기 는 꼭 사세요 이 세가지는 삶의 질이 편해집니다,16,2024-06-25,5d7HmA83PWw
신혼_혼수,신혼 주방가전 뭐 살까,신혼가전 사라 마라 | 결혼 9년차가 딱 정해줌,가전주부,"1로봇청소기(물걸레 진~~~~짜 추천)
2제습기 ( 필수 습한 울나라)
3스타일러 (택배옷 구겨서오는거 화안남
 니트 캐시미어 퍼 한번입고 스타일러
쓰보면 기절함 굿)
4식세기( 텀블러 아이건강 그릇소독..짱)
5건조기( 두말하면 입아파)
6얼음정수기냉장고(젤젤 좋음 쵝오)
전 이렇게 꼭 사라 추천",15,2024-07-11,5d7HmA83PWw
신혼_혼수,신혼 주방가전 뭐 살까,신혼가전 사라 마라 | 결혼 9년차가 딱 정해줌,가전주부,결혼 했다? 사라!! 돈이 없다? 사라!! 비혼주의다? 사라!!!,9,2024-06-29,5d7HmA83PWw
신혼_혼수,신혼 주방가전 뭐 살까,신혼가전 사라 마라 | 결혼 9년차가 딱 정해줌,가전주부,저랑 의견이 많이 달라서 놀랐어요. 역시 사람마다 다르구나 새삼 느낌,4,2025-08-19,5d7HmA83PWw
신혼_혼수,신혼 주방가전 뭐 살까,신혼가전 사라 마라 | 결혼 9년차가 딱 정해줌,가전주부,"가족의 화목을 위해서 식기세척기, 건조기 (또는 세탁건조기콤보)는 필숩니다 :) ㅋㅋ 나머지는 선택사항인데 요새 냉장고에 얼음나오는 모델이 있어서 정수기는 그냥 얼음아닌정수기가 나을거로 보입니다",11,2025-02-08,5d7HmA83PWw
신혼_혼수,신혼 주방가전 뭐 살까,신혼가전 사라 마라 | 결혼 9년차가 딱 정해줌,가전주부,님들 하나 놓치시면 안됨 화면밑에 추가 영상 링크 제목이 '아이패드 꼭 사야함'  있음,3,2024-06-26,5d7HmA83PWw
신혼_혼수,신혼 주방가전 뭐 살까,신혼가전 사라 마라 | 결혼 9년차가 딱 정해줌,가전주부,얼음 정수기 보다는 오토아이스 메이커 기능 있는 냉장고 사용 하시는것도 방법일 수 도 있음,0,2026-06-08,5d7HmA83PWw
신혼_혼수,신혼 주방가전 뭐 살까,신혼가전 사라 마라 | 결혼 9년차가 딱 정해줌,가전주부,"Hoxy 영문 네임이 ""Sarah Choi""신가요? ㅎㅎ",20,2024-06-25,5d7HmA83PWw
신혼_혼수,신혼 주방가전 뭐 살까,신혼가전 사라 마라 | 결혼 9년차가 딱 정해줌,가전주부,사라다 사과인줄알고먹었는데 감자야,4,2024-06-26,5d7HmA83PWw
신혼_혼수,신혼 주방가전 뭐 살까,신혼가전 사라 마라 | 결혼 9년차가 딱 정해줌,가전주부,몇년쓰다 애 태어나면 창고행입니다. ㅋㅋㅋ 계속 쓸 아이템은 식세기.정수기.제습기 정도,3,2024-12-09,5d7HmA83PWw
신혼_혼수,신혼 주방가전 뭐 살까,신혼가전 사라 마라 | 결혼 9년차가 딱 정해줌,가전주부,"써본경험상 꼭 사야될 순위
1. 식기세척기
2. 음식물처리기
3. 로봇청소기 (걸레질해주는게 굉장히 편함)
4. TV(빔 쏘는거는 트는거 귀찮고 낮엔 암막커튼 쳐야됨)

X: 블루투스 스피커 는 사지마삼 결국 연결 귀찮아서 안씀, 걍 티비에 우퍼스피커 좋은거 연결해서 걍 쓰자",7,2024-09-13,5d7HmA83PWw
신혼_혼수,신혼 주방가전 뭐 살까,신혼가전 사라 마라 | 결혼 9년차가 딱 정해줌,가전주부,프로젝터 추천부탁드려요! 신혼입니닷,0,2024-06-26,5d7HmA83PWw
신혼_혼수,신혼 주방가전 뭐 살까,신혼가전 사라 마라 | 결혼 9년차가 딱 정해줌,가전주부,이뻐요🥰,0,2025-06-26,5d7HmA83PWw
신혼_혼수,신혼 주방가전 뭐 살까,신혼가전 사라 마라 | 결혼 9년차가 딱 정해줌,가전주부,유료광고 포함. 삼성&LG,1,2024-06-29,5d7HmA83PWw
신혼_혼수,신혼 주방가전 뭐 살까,신혼가전 사라 마라 | 결혼 9년차가 딱 정해줌,가전주부,IOT스피커 티비 옆에 두고 쓰는데 가끔 tv소리 듣고 헛소리 하고 음악재생 딱1번 함... 근데 주로 밤늦게 쓰는데 깜놀..... 이거 빼면 만족,0,2024-06-30,5d7HmA83PWw
신혼_혼수,신혼 주방가전 뭐 살까,신혼가전 사라 마라 | 결혼 9년차가 딱 정해줌,가전주부,예쁘시다❤,0,2025-09-07,5d7HmA83PWw
신혼_혼수,신혼 주방가전 뭐 살까,신혼가전 사라 마라 | 결혼 9년차가 딱 정해줌,가전주부,다필요없다. 사지마라.,6,2024-06-28,5d7HmA83PWw
신혼_혼수,신혼 주방가전 뭐 살까,신혼가전 사라 마라 | 결혼 9년차가 딱 정해줌,가전주부,"결혼은 안했지만 
로청.. 강추해요 
로청 들이기 전에는 청소만 3시간이 걸렸는데ㅜㅜ (먼지 청소+걸레 청소) 그 시간 벌여주니 삶의 질 급상승 
그리고 식세기랑 건조기도 필수죠… 
가능하면 음쓰처리기까지….
가족화합을 위해서는 다다익선",0,2025-03-29,5d7HmA83PWw
신혼_혼수,신혼 주방가전 뭐 살까,신혼가전 사라 마라 | 결혼 9년차가 딱 정해줌,가전주부,신혼인데 동감합니다 다 사세요..,0,2025-01-18,5d7HmA83PWw
신혼_혼수,신혼 주방가전 뭐 살까,신혼가전 사라 마라 | 결혼 9년차가 딱 정해줌,가전주부,가벼운 무선청소기랑 흡입력좋은 유선청소기 둘다사세요. 유선청소기중 밀레 추천해요. 흡입력짱이라 한번밀면 걸레질 한듯 바닥이 뽀송해요. 근데 무거워서 팔아프니 대청소할때만 쓰고 평상시는 가벼운 무선청소기로 휘리릭해줘야 삶의 질이 올라감. 나머지는 제습기랑 건조기는 필수. 그리고 스위치나 플스..남편때문에 화날때 철권같은 게임으로 패주면 스트레스 풀림.,0,2024-07-01,5d7HmA83PWw
신혼_혼수,신혼 주방가전 뭐 살까,신혼가전 사라 마라 | 결혼 9년차가 딱 정해줌,가전주부,"와 언니 
미모 너무한다요 진짜",0,2026-03-23,5d7HmA83PWw
신혼_혼수,신혼 주방가전 뭐 살까,신혼가전 사라 마라 | 결혼 9년차가 딱 정해줌,가전주부,제습기와 공기청정기는 다르죠?,0,2024-06-25,5d7HmA83PWw
신혼_혼수,신혼 주방가전 뭐 살까,신혼가전 사라 마라 | 결혼 9년차가 딱 정해줌,가전주부,사라 코너 이신가? 터미네이터 나올듯,112,2024-06-25,5d7HmA83PWw
신혼_혼수,신혼 주방가전 뭐 살까,신혼가전 사라 마라 | 결혼 9년차가 딱 정해줌,가전주부,ㅋㅋㅋㅋㅋㅋㅋㅋ 오늘 저녁은 사라다,0,2024-06-28,5d7HmA83PWw
신혼_혼수,신혼 주방가전 뭐 살까,신혼가전 사라 마라 | 결혼 9년차가 딱 정해줌,가전주부,"먼가모르게이뻐졌는데
치아인건가요
피부도 좀 쫀쫀해지신것같고
비결좀요",0,2024-06-25,5d7HmA83PWw
신혼_혼수,신혼 주방가전 뭐 살까,신혼가전 사라 마라 | 결혼 9년차가 딱 정해줌,가전주부,"얼음정수기 대신 그냥 정수기 사고 얼음메이커 있는 냉장고 사기 VS 얼음정수기 사기
어떤게 더 나을까요??",0,2025-12-05,5d7HmA83PWw
신혼_혼수,신혼 주방가전 뭐 살까,신혼가전 사라 마라 | 결혼 9년차가 딱 정해줌,가전주부,"미혼 남자지만, 음쓰 버릴 때마다 힘듦...정말 필요한 제품인거 같아요.",0,2025-12-11,5d7HmA83PWw
신혼_혼수,신혼 주방가전 뭐 살까,신혼가전 사라 마라 | 결혼 9년차가 딱 정해줌,가전주부,거덜난다.. 하나씩 장만하자!,0,2024-07-07,5d7HmA83PWw
신혼_혼수,신혼 주방가전 뭐 살까,신혼가전 사라 마라 | 결혼 9년차가 딱 정해줌,가전주부,"그낭 돈 많으면 다 사라
없으면 형편에 맞춰 사라",1,2025-02-03,5d7HmA83PWw
신혼_혼수,신혼 주방가전 뭐 살까,신혼가전 사라 마라 | 결혼 9년차가 딱 정해줌,가전주부,소비가 많을수록 미래의 가난함을 사는것,2,2025-11-12,5d7HmA83PWw
신혼_혼수,신혼 주방가전 뭐 살까,신혼가전 사라 마라 | 결혼 9년차가 딱 정해줌,가전주부,IT유튜버가 사지말란건 사지맙시다,0,2024-06-26,5d7HmA83PWw
신혼_혼수,신혼 주방가전 뭐 살까,신혼가전 사라 마라 | 결혼 9년차가 딱 정해줌,가전주부,돈이 없는데 다 사라고하심 어케요😂😂,0,2025-07-28,5d7HmA83PWw
신혼_혼수,신혼 주방가전 뭐 살까,신혼가전 사라 마라 | 결혼 9년차가 딱 정해줌,가전주부,자막 광고가 가리는거 개킹받네;,0,2024-07-02,5d7HmA83PWw
신혼_혼수,신혼 주방가전 뭐 살까,신혼가전 사라 마라 | 결혼 9년차가 딱 정해줌,가전주부,애플제품 사라!!😂,1,2024-07-02,5d7HmA83PWw
신혼_혼수,신혼 주방가전 뭐 살까,신혼가전 사라 마라 | 결혼 9년차가 딱 정해줌,가전주부,없으면 어떻게 되나요   영상에 나오는거  하나도 없는데 ㅎㅎ,0,2024-07-20,5d7HmA83PWw
신혼_혼수,신혼 주방가전 뭐 살까,신혼가전 사라 마라 | 결혼 9년차가 딱 정해줌,가전주부,결국 다사라!,0,2024-06-25,5d7HmA83PWw
신혼_혼수,신혼 주방가전 뭐 살까,신혼가전 사라 마라 | 결혼 9년차가 딱 정해줌,가전주부,"제습기 아무짝에 필요없음
각방에 에어컨 다 있는데 왜 굳이",2,2024-07-01,5d7HmA83PWw
신혼_혼수,신혼 주방가전 뭐 살까,신혼가전 사라 마라 | 결혼 9년차가 딱 정해줌,가전주부,왜 다 사라고 하냐고? 내 돈 아니니까,1,2024-07-07,5d7HmA83PWw
신혼_혼수,신혼 주방가전 뭐 살까,신혼가전 사라 마라 | 결혼 9년차가 딱 정해줌,가전주부,다 사라니 사라다빵이 땡기네요,0,2024-06-29,5d7HmA83PWw
신혼_혼수,신혼 주방가전 뭐 살까,신혼가전 사라 마라 | 결혼 9년차가 딱 정해줌,가전주부,다 사고 싶다 근데 돈이 없네요 ㅜ.ㅜ,0,2024-07-16,5d7HmA83PWw
신혼_혼수,신혼 주방가전 뭐 살까,신혼가전 사라 마라 | 결혼 9년차가 딱 정해줌,가전주부,"사라다 vs 마라탕 
다사야되는건가...",0,2026-02-19,5d7HmA83PWw
신혼_혼수,신혼 주방가전 뭐 살까,신혼가전 사라 마라 | 결혼 9년차가 딱 정해줌,가전주부,아내가 사라다 좋아하는데 사야하나요,0,2025-04-01,5d7HmA83PWw
신혼_혼수,신혼 주방가전 뭐 살까,신혼가전 사라 마라 | 결혼 9년차가 딱 정해줌,가전주부,1960대  중반 미국에서 우울증이 폭증을 하고 우리나라  지금 우울증 폭증 이유는?,1,2024-07-07,5d7HmA83PWw
신혼_혼수,신혼 주방가전 뭐 살까,신혼가전 사라 마라 | 결혼 9년차가 딱 정해줌,가전주부,ㅋㅋㅋㅋㅋㅋㅋ다 사라고 한다고 하시는 분도 있는 것 같은데 이언니 육아템에서는 사지마라가 더 많아요ㅋㅋㅋㅋㅋㅋㅋㅋㅋㅋㅋㅋ애들 취향타서ㅠㅠㅠㅠ,0,2026-05-05,5d7HmA83PWw
신혼_혼수,신혼 주방가전 뭐 살까,신혼가전 사라 마라 | 결혼 9년차가 딱 정해줌,가전주부,식기세척기는 안사야 로봇 청소기 집이 크면 필요 안함   우을증  시작이 세탁기나오고 냉장고나와서 시작 되었답니다,0,2025-03-14,5d7HmA83PWw
신혼_혼수,신혼 주방가전 뭐 살까,신혼가전 사라 마라 | 결혼 9년차가 딱 정해줌,가전주부,음식물처리기는 미생물용이다부분인데 절대사는거아닙니다. 이유는 유툽검색해보시길 절대 사는거아닙니다.,1,2025-10-21,5d7HmA83PWw
신혼_혼수,신혼 주방가전 뭐 살까,&quot;가전제품 사기 전 미리 보면 좋은 영상 1위&quot;,ITSub잇섭,드디어 자신에게 필요한 리뷰를 하는 나,1457,2023-05-14,kztkALjjTZg
신혼_혼수,신혼 주방가전 뭐 살까,&quot;가전제품 사기 전 미리 보면 좋은 영상 1위&quot;,ITSub잇섭,"잇섭님 작은 방에서 혼자 언빡싱칼로 리뷰하시던 시절부터 보던 구독자에요.
채널도 점점 커지고 직원도 생기고 스튜디오도 생기고 잇섭님도 엄청 세련되어지시고 결혼도 하시는 모습을 보니 저 또한 기분이 정말 좋아집니다.
지금까지 재미있는 컨텐츠 정말 감사했고 앞으로도 오래오래 함께해요 ㅎ",776,2023-05-14,kztkALjjTZg
신혼_혼수,신혼 주방가전 뭐 살까,&quot;가전제품 사기 전 미리 보면 좋은 영상 1위&quot;,ITSub잇섭,"확실히 대형 유튜버 된게 느껴진다.
예전에 그 작은방에서 아무거나 리뷰한다던 잇섭은 사라지고
이제 tv는 77인치, 빔은 서브로. 청소기 대신 로봇청소기, 빌트인 에어컨에 음식물처리기
캬... 하나하나 명대사네. 돈 걱정 없어진게 보여서 좋네. 어디를 노려야 자기가 크는지 파악한 사람다움.",108,2023-05-16,kztkALjjTZg
신혼_혼수,신혼 주방가전 뭐 살까,&quot;가전제품 사기 전 미리 보면 좋은 영상 1위&quot;,ITSub잇섭,잇섭님의 결혼을 축하합니다. 앞으로도 행복하게 더 많은 영상 기대할게요! 늘 잘 보고 있고 인트로의 발전이 날로 갈수록 좋아져서 만족하고 있습니다. 앞으로도 화이팅!!!,437,2023-05-14,kztkALjjTZg
신혼_혼수,신혼 주방가전 뭐 살까,&quot;가전제품 사기 전 미리 보면 좋은 영상 1위&quot;,ITSub잇섭,잇섭과 없섭 같은날 영상 1개씩…폼 미쳤다,322,2023-05-14,kztkALjjTZg
신혼_혼수,신혼 주방가전 뭐 살까,&quot;가전제품 사기 전 미리 보면 좋은 영상 1위&quot;,ITSub잇섭,"몇달전 결혼한 신혼으로 드리는 말씀은
잇섭님이말씀하신대로 브랜드는 무조건 하나로 가야합니다 
할인폭과 어플을 하나만 쓴다가 커요
솔직히 일반인이 느끼기에 그리 차이가 크지 않습니다 걍 이쁜걸로 가세요

세탁기는 어지간하면 건조기랑 따로 사세요
집이 자기가 아닌이상 이사를 해야하고 이사할집이 일체형이 들어간다는 보장이 없습니다 
따로따로는 일체형처럼 쓸수있지만 일체형은 따로 못써요

게다가 일체형은 삼성엘지기사님이 오셔서 해체후 재설치를 해야하는데 따로사시면 걍 이삿짐센터에서도 가능해요

냉장고는 잔고와 집의크기가 허락하는한 최대한 큰걸로 사세요 난 집에서 음식 안하는데? 하지마시고요 
여름에 수박하나 넣어둘수있고 부모님이 정신나갈정도로 음식들고오십니다 

로봇청소기는 이제 필수입니다
얘는 유일하게 삼성엘지를 사면 안되는 카테고리에요
로보락 등 타브랜드로 사세요 삼엘 영업맨님들도 추천 안하시고 실제로 자신들도 로청은 다른걸로 산다고 하십니다 
삼엘이 가격에 비해 타브랜드보다 기능이 딸려요 많이
 로청리뷰만 봐도 애초에 삼성엘지는 선택지에 없는경우가 대다수",70,2023-06-02,kztkALjjTZg
신혼_혼수,신혼 주방가전 뭐 살까,&quot;가전제품 사기 전 미리 보면 좋은 영상 1위&quot;,ITSub잇섭,"전부터 느낀건데 요즘 자주 나오시는 목소리 직원분 말씀 잘하시는 듯 해요  일반인이 궁금할만한 것들도 잘 캐치해서 질문 하시는 것도 좋고 기획 아이디어도 좋은 것 같고요
얼마 전에 새로 오신 분이신가요 직원분 잘 뽑으신 듯!!,",68,2023-05-14,kztkALjjTZg
신혼_혼수,신혼 주방가전 뭐 살까,&quot;가전제품 사기 전 미리 보면 좋은 영상 1위&quot;,ITSub잇섭,"전자제품 품절은 익숙하지만
잇섭형이 품절남이 될 줄이야...

품절폼 미춋다",140,2023-05-14,kztkALjjTZg
신혼_혼수,신혼 주방가전 뭐 살까,&quot;가전제품 사기 전 미리 보면 좋은 영상 1위&quot;,ITSub잇섭,인트로 때문에 극한직업 호소하는 잇섭직원분들..ㅋㅋㅋㅋㅋㅋ 결혼 축하드리며 진짜 초창기때부터 계속 봐왔던 구독자로써 정말 친한 동생 성공성장기 보는 것 같아 같이 뿌듯하고 좋은 것 같습니다^^ 건강하시고 행복만 가득하세요 오늘도 영상 감사히 봅니다~!!,47,2023-05-15,kztkALjjTZg
신혼_혼수,신혼 주방가전 뭐 살까,&quot;가전제품 사기 전 미리 보면 좋은 영상 1위&quot;,ITSub잇섭,영상 아이디어가 정말 좋은것 같습니다. 가전에 관해 궁금한 점들만 모아 놓으셨네요.,16,2023-05-14,kztkALjjTZg
신혼_혼수,신혼 주방가전 뭐 살까,&quot;가전제품 사기 전 미리 보면 좋은 영상 1위&quot;,ITSub잇섭,진짜 PD님이 일 너무 잘하신다..!!,149,2023-05-14,kztkALjjTZg
신혼_혼수,신혼 주방가전 뭐 살까,&quot;가전제품 사기 전 미리 보면 좋은 영상 1위&quot;,ITSub잇섭,오 PD님 잘 만나셨네요!! 오 알차다 영상자체가!!! 영상퀄리티가 더 올라갔네요!,7,2023-05-14,kztkALjjTZg
신혼_혼수,신혼 주방가전 뭐 살까,&quot;가전제품 사기 전 미리 보면 좋은 영상 1위&quot;,ITSub잇섭,3:19 다양한 제품을 써본건 아니지만 나열하는데만 3분 가까이 걸린 잇섭 그는 대체…,31,2023-05-14,kztkALjjTZg
신혼_혼수,신혼 주방가전 뭐 살까,&quot;가전제품 사기 전 미리 보면 좋은 영상 1위&quot;,ITSub잇섭,"잇섭님 예전처럼 헤드폰/이어폰도 리뷰해주세요!
잇섭님은 전문적인 오디오 지식이 없다고 하셨지만, 오히려 전문가가 아닌 일반인의 소견이 필요한 사람들도 많습니다!
가을철에 헤드폰이 많이 팔리기 시작하는데, 그때 맞춰서 몇개 리뷰해주시면 좋을 것 같아요!",26,2023-05-14,kztkALjjTZg
신혼_혼수,신혼 주방가전 뭐 살까,&quot;가전제품 사기 전 미리 보면 좋은 영상 1위&quot;,ITSub잇섭,pd님들 연기력 점점 좋아졐ㅋㅋㅋㅋㅋㅋㅋㅋㅋㅋㅋㅋㅋㅋ,13,2023-05-14,kztkALjjTZg
신혼_혼수,신혼 주방가전 뭐 살까,&quot;가전제품 사기 전 미리 보면 좋은 영상 1위&quot;,ITSub잇섭,ㅋㅋㅋ 직원분들 연기력이 점점 발전하는 것 같네욬ㅋㅋㅋ,44,2023-05-14,kztkALjjTZg
신혼_혼수,신혼 주방가전 뭐 살까,&quot;가전제품 사기 전 미리 보면 좋은 영상 1위&quot;,ITSub잇섭,"안녕하세요. 엘지가전덕후입니다. 저도 엘지가전을 종류별로 많이 쓴사람으로서 좀 더 말을 더해보자면.. (티비, 사운드바, 빔프로젝터, 냉장고, 김치냉장고, 세탁기, 건조기, 광파오븐, 스틱청소기, 등...)
1. 냉장고 - 저희는 엘지 800L정도짜리 냉장고를 쓰고 부모님이 이번에 빌트인타입으로 바꾸셨는데. 개인적으로 빌트인모델이 말씀하신대로 용량은 작지만 내부가 깊지 않아서 더 안쪽까지 훤히 보이는 느낌이라 어떤음식이 남았는지 구분도 더 쉬웠던거같아요. 그리고 말씀하신대로 디자인이 짱.... 
2. 김치냉장고 -  김치냉장고는 잇섭님 처럼 3도어는 아니지만 위로 들어서 여는 형태의 작은 냉잘고를 샀는데(공간이 없어서..) 이것도 만족감이 굉장히 높네요. 술장고로 아주 잘 활용됩니다. 
3. 빔프로잭터 - 10년 좀 안되기전에 중고로 30만원정도에 구매한 빔프로잭터(LG제품이었는데 품명은 모르겠네요)가 있는데, 애기 키우는 집에서 아주 효율적입니다. 밝기가 좀 떨어지긴하고 사운드가 좀 떨어지지만 일단 너무 밝지않아서 밤에 애기 영상 보여줄때도 괜찮고요, 스크린 크기도 있으니 아들 친구들이 놀러왔을때도 아주 좋아하네요. 스피커는 블루트스스피커를 따로 연결해서 주로 사용합니다.
4. 광파오븐 - 큐커를 사용해보진 않았지만 광파오븐에 대한 만족도가 굉장히 높습니다. 일단 저희도 전자레인지 에어프라이어 토스트기를 다 처분하고 광파오븐 하나로 전부 사용합니다. 
5. 스타일러 - 결혼한지 5년이 넘어서 스타일러가 작은 3벌만 걸수있는 제품입니다. 양가 부모님께도 스타일러를 사드렸지만 잘 사용은 안하시네요. 저희는 정장을 입는 직업은 아니지만 고기를 먹고 오거나 자주 빨기 어려운옷들은 스타일러에 돌려주면 아주 깔끔하게 오래 입을 수 있어서 저는 추천드립니다. (음쓰처리기는 사용 못해봤어요 ㅠㅠ)
6. 식기세척기 - 삶의 만족도를 굉장히 많이 올려주는 제품입니다.. 무조건 사세요..(와이프한테 칭찬들었어요)
7. 로봇청소기 - 결혼을 하면서 로보락 s2제품을 주로 사용하다가 이번에 s8프로 울트라 제품을 구매해서 사용하는데, 만족도 짱입니다. (내가 정말 부지런하다! 라고 하는 사람들은 스틱청소기를 돌리셔도 되지만 그렇지 않으면 로봇청소기는 정말 신세계입니다. 와이프한테 칭찬들었어요)
8. 스틱청소기 - 스틱청소기가 있긴하지만 로봇청소기가 일을 거의 다하고 저는 모서리를 물티슈로 주로 닦아줍니다. 물론 스틱청소기는 정해진 일부 공간만 청소하기에는 더없이 좋습니다. 없으면 안되겠지만 잇섭님 말대로 우선순위는 로봇청소기라고 생각하는 바 입니다.
9. 가습기 - 엘지 기화식 가습기를 쓰고있는데, 보통 가습기와 공기청정기를 같이 틀어놓으면 가습을 먼지로 인식해서 공기청정기가 계속 돌아가는데, 기화식 가습기는 그런걱정이 없어서 괜찮습니다.

제 기준으로 추천을 드리자면..
1순위 냉장고, 세탁기, 광파오븐(큐커), 로봇청소기, (TV는 안보는 집도 많아서 상황에 따라..) 
2순위 건조기, 식세기
3순위 공기청정기, 김치냉장고 등..

이상 엘지가전 덕후였습니다.",75,2023-05-15,kztkALjjTZg
신혼_혼수,신혼 주방가전 뭐 살까,&quot;가전제품 사기 전 미리 보면 좋은 영상 1위&quot;,ITSub잇섭,가전제품은 가격도 비싸서 선뜻 사기가 정말 고민되는 전자기기 종류 중 하나인데 가전제품 사실 분들에게는 이 영상 하나로 그런 고민들이 싹 해결될 거 같습니다.,60,2023-05-14,kztkALjjTZg
신혼_혼수,신혼 주방가전 뭐 살까,&quot;가전제품 사기 전 미리 보면 좋은 영상 1위&quot;,ITSub잇섭,"전체적으로 공감가는 부분입니다.
냉장고는 거거익선이라고 하지만, 실제로는 쟁여두고 안먹는게 꽤 많다보니.
대부분이 핵가족인 요즘엔 냉장고장에 맞추는게 더 좋죠..",19,2023-05-14,kztkALjjTZg
신혼_혼수,신혼 주방가전 뭐 살까,&quot;가전제품 사기 전 미리 보면 좋은 영상 1위&quot;,ITSub잇섭,이런 인터뷰 형식?! 좋은 것 같아요 ㅋㅋ,15,2023-05-14,kztkALjjTZg
신혼_혼수,신혼 주방가전 뭐 살까,&quot;가전제품 사기 전 미리 보면 좋은 영상 1위&quot;,ITSub잇섭,제 친구는 외곽지역 신축살면서 워시타워쓰다가 도심쪽으로 들어가면서 구축아파트로 들어갔는데 세탁실에 워시타워가 안들어가서 팔았더라구요 ㅋㅋ가전제품 한번사면 오래쓸것 같지만 상황에 따라 생각보다 자주 기변하게 되는 것 같기도 함,9,2023-05-14,kztkALjjTZg
신혼_혼수,신혼 주방가전 뭐 살까,&quot;가전제품 사기 전 미리 보면 좋은 영상 1위&quot;,ITSub잇섭,"피디님이랑 주고 받는 요런 형식 영상도 되게 좋네요. 피디님 목소리도 좋고.
잘봤습니다!",16,2023-05-14,kztkALjjTZg
신혼_혼수,신혼 주방가전 뭐 살까,&quot;가전제품 사기 전 미리 보면 좋은 영상 1위&quot;,ITSub잇섭,역시 전자제품은 잇섭님 영상보고 구매해야함 ㅋㅋㅋㅋ😀 품절남 되신거 축하드려요!,3,2023-05-18,kztkALjjTZg
신혼_혼수,신혼 주방가전 뭐 살까,&quot;가전제품 사기 전 미리 보면 좋은 영상 1위&quot;,ITSub잇섭,잇섭님 항상 영상 즐겁게 보고있어요! 앞으로도 항상 행복하시리 바랄게요!,0,2023-05-14,kztkALjjTZg
신혼_혼수,신혼 주방가전 뭐 살까,&quot;가전제품 사기 전 미리 보면 좋은 영상 1위&quot;,ITSub잇섭,"잇섭님 결혼 축하드려요! 
구독자 10만명 시절이 엊그제같은데 벌써 200만 넘는 대형 유튜버가 되셨네요
초기 구독자로서 덩달아 기분이 좋네요
행복한 결혼 생활 하셨으면 좋겠어요",2,2023-05-15,kztkALjjTZg
신혼_혼수,신혼 주방가전 뭐 살까,&quot;가전제품 사기 전 미리 보면 좋은 영상 1위&quot;,ITSub잇섭,큐커 VS 광파오븐 배틀 기대했는데 아쉽네요. 저희집도 복합 오븐 알아보다가 큐커 악평이 너무 심해서 LG 광파오븐 사서쓰는데 다 좋은데 에어프라이어는 프리셋에 있는 것은 잘되나 프리셋이 없으면 냉동감자 모드로 해서 시간만 조절 가능하다는게 흠이더라고요.,8,2023-05-14,kztkALjjTZg
신혼_혼수,신혼 주방가전 뭐 살까,&quot;가전제품 사기 전 미리 보면 좋은 영상 1위&quot;,ITSub잇섭,ㅋㅋㅋ 진짜 언제 봐도 인트로는 재밌고 매번 신선하네요.,1,2023-05-14,kztkALjjTZg
신혼_혼수,신혼 주방가전 뭐 살까,&quot;가전제품 사기 전 미리 보면 좋은 영상 1위&quot;,ITSub잇섭,속시원하게 말을 해줘서 진짜 유익했다고 봅니다. 엄청 고민하고 있을땐데. 딱~ 저에게 좋은 컨텐츠 겸 정보라 구입할때 좋을꺼 같아요-ㅎㅎ,0,2023-05-15,kztkALjjTZg
신혼_혼수,신혼 주방가전 뭐 살까,&quot;가전제품 사기 전 미리 보면 좋은 영상 1위&quot;,ITSub잇섭,"아냐 잇섭쨩이 아직 모르는 주부의 고충이 있어..
냉장고는 크고 좋고 비싼게 최고야.. 이제 홀몸도 아니잖아",5,2023-05-14,kztkALjjTZg
신혼_혼수,신혼 주방가전 뭐 살까,&quot;가전제품 사기 전 미리 보면 좋은 영상 1위&quot;,ITSub잇섭,"이미 샀는데도 너무 재밌네요 ㅋㅋ 스킵 한 번 안하고 봤어요
제가 선택한 것들이랑 비슷하게 말씀하셔서 뭔가 기분이 좋기도 하고 그르네요",0,2024-06-13,kztkALjjTZg
신혼_혼수,신혼 주방가전 뭐 살까,&quot;가전제품 사기 전 미리 보면 좋은 영상 1위&quot;,ITSub잇섭,직원분이 정말 잘하시네요^^,21,2023-05-14,kztkALjjTZg
신혼_혼수,신혼 주방가전 뭐 살까,&quot;가전제품 사기 전 미리 보면 좋은 영상 1위&quot;,ITSub잇섭,"잇섭님, 2년전에 가전 싸게 사는방법 리뷰해 주셔서 엄청 도움 많이 되었어요. 덕분에 가전 싸게 살 수 있었어요.",2,2023-05-15,kztkALjjTZg
신혼_혼수,신혼 주방가전 뭐 살까,&quot;가전제품 사기 전 미리 보면 좋은 영상 1위&quot;,ITSub잇섭,ㅎㅎㅎㅎ잇섭님 항상 잘 보고 있습니당 안마의자 사려고 하는데 추천해주세요~!!!!!!,0,2023-05-14,kztkALjjTZg
신혼_혼수,신혼 주방가전 뭐 살까,&quot;가전제품 사기 전 미리 보면 좋은 영상 1위&quot;,ITSub잇섭,문제가 진짜 잘짜여진거 같아요. 도움이 되었습니다. 항상 잘 보고 있어요. 결혼 축하드립니다.,4,2023-05-14,kztkALjjTZg
신혼_혼수,신혼 주방가전 뭐 살까,&quot;가전제품 사기 전 미리 보면 좋은 영상 1위&quot;,ITSub잇섭,"용섭씨의 절판을 축하합니다
리퍼 안 받아요",10,2023-05-14,kztkALjjTZg
신혼_혼수,신혼 주방가전 뭐 살까,&quot;가전제품 사기 전 미리 보면 좋은 영상 1위&quot;,ITSub잇섭,저는 가전일해봐서 사실 다 아는 내용임에도 불구하고 너무 유익했어요!!! 진짜 리뷰 최고인거 같아요 ㅠㅠ 더 승승장구하세요!!!,4,2023-05-18,kztkALjjTZg
신혼_혼수,신혼 주방가전 뭐 살까,&quot;가전제품 사기 전 미리 보면 좋은 영상 1위&quot;,ITSub잇섭,광파 오븐이나 큐커는 몰랐던 제품이라 관심이 가네요! 영상 감사합니다,0,2023-05-15,kztkALjjTZg
신혼_혼수,신혼 주방가전 뭐 살까,&quot;가전제품 사기 전 미리 보면 좋은 영상 1위&quot;,ITSub잇섭,"이떱님.집사서 가전 사기 전에 영상을 보고 큰 도움이 됐습니다!❤ 사운드바는 패스 . Ai청소기, 시스템에어컨...브랜드 통일..감솨함니다!",0,2024-07-16,kztkALjjTZg
신혼_혼수,신혼 주방가전 뭐 살까,&quot;가전제품 사기 전 미리 보면 좋은 영상 1위&quot;,ITSub잇섭,이제 결혼생활을 위한 전자제품 리뷰를 해주시는군요!!!!!🎉 결혼 축하드려요!!!!!,2,2023-05-14,kztkALjjTZg
신혼_혼수,신혼 주방가전 뭐 살까,&quot;가전제품 사기 전 미리 보면 좋은 영상 1위&quot;,ITSub잇섭,"와 영상 업로드 폼 미쳤다...
현위치에 맞게 가전포함한 영상...
그리고 진짜 시스템, 스탠딩 에어컨은 비싸기도하고 설치도 번거로운데
창문형은 성능은 좀 애매하고 소음은 커도
전성비도 괜찮은편이고, 가격이랑 설치가 너무쉬움...
진짜 창문형 조아요",31,2023-05-14,kztkALjjTZg
신혼_혼수,신혼 주방가전 뭐 살까,&quot;가전제품 사기 전 미리 보면 좋은 영상 1위&quot;,ITSub잇섭,잇섭 형님이 설명해주시는 가전이라 .. 귀하군요,3,2023-05-30,kztkALjjTZg
신혼_혼수,신혼 주방가전 뭐 살까,&quot;가전제품 사기 전 미리 보면 좋은 영상 1위&quot;,ITSub잇섭,저도 잇섭님처럼 이번에 이사할 때 엘지오브제로 다 바꿨는뎅 ㅎㅎㅎ 대만족 했어용!,3,2023-05-14,kztkALjjTZg
신혼_혼수,신혼 주방가전 뭐 살까,&quot;가전제품 사기 전 미리 보면 좋은 영상 1위&quot;,ITSub잇섭,"응원합니다 오늘도 깨알정보 꿀팁 잘얻어갑니다 
지인들한테  채널 구독 많이 알리고있어요 ~
그리고 결혼 너무너무 축하드립니다!!",0,2023-05-17,kztkALjjTZg
신혼_혼수,신혼 주방가전 뭐 살까,&quot;가전제품 사기 전 미리 보면 좋은 영상 1위&quot;,ITSub잇섭,"ㅋㅋㅋㅋㅋㅋ 이런 주제로 리뷰를 하는걸 보게될줄리야!!!!
가전까지 아우르는 진정한 it유튜버",0,2023-05-14,kztkALjjTZg
신혼_혼수,신혼 주방가전 뭐 살까,&quot;가전제품 사기 전 미리 보면 좋은 영상 1위&quot;,ITSub잇섭,"안녕하세요 어제 혹시 레고랜드 오셨나요??? 거기서 뵌듯한데 맞나싶으네여
좋은 정보 가득한 영상 항상 감사하게 잘보고 있습니다
잇섭님 화이팅!!",0,2023-05-14,kztkALjjTZg
신혼_혼수,신혼 주방가전 뭐 살까,&quot;가전제품 사기 전 미리 보면 좋은 영상 1위&quot;,ITSub잇섭,"가전제품은 그냥 쓰던 브랜드 그대로 쓰는게 맘 편한거 같아요 삼성,엘지 두 회사 모두 잘 만들지만 결국 사람마다 선호 하는 브랜드가 다르다 보니",16,2023-05-14,kztkALjjTZg
신혼_혼수,신혼 주방가전 뭐 살까,&quot;가전제품 사기 전 미리 보면 좋은 영상 1위&quot;,ITSub잇섭,"잇섭형 정도면 어지간한거 가 써봤을텐데 마지막에 메이커 통일하라는데서 든 의문인데 과연 통일할때 LG vs 삼성 뭘 추천할지 궁금하네요
디자인이나 홈케어 어플에서의 편의성 등등 이런부분에서의 차이점도 궁금합니다",21,2023-05-21,kztkALjjTZg
신혼_혼수,신혼 주방가전 뭐 살까,&quot;가전제품 사기 전 미리 보면 좋은 영상 1위&quot;,ITSub잇섭,"직원분이 필요한 질문 재밌게 잘 하시네요 
재밌게 잘봤습니다",2,2023-05-15,kztkALjjTZg
신혼_혼수,신혼 주방가전 뭐 살까,&quot;가전제품 사기 전 미리 보면 좋은 영상 1위&quot;,ITSub잇섭,"슬슬 사용기 포함 ""잇섭"" 리뷰 영상도 만드시는게",4,2023-05-14,kztkALjjTZg
신혼_혼수,신혼 주방가전 뭐 살까,&quot;가전제품 사기 전 미리 보면 좋은 영상 1위&quot;,ITSub잇섭,형 다음엔 이런 가전 제품엔 꼭 이런 기능은 있어야된다 그런거 해줘 예를 들어 냉장고는 uv탈취가 꼭 있는모델 사라던지 삼성티비는 뒷 숫자가 60번대보다 80번대 사라던지  이런거~ 공청기에는 가격이 좀 나가더라도 꼭 있어야되는옵션이라던지 이런거 해줘~,4,2023-05-14,kztkALjjTZg
신혼_혼수,신혼집 주방 세팅,&#39;이거&#39; 모르면 주방 설계 다시 해야 합니다,부자주방,"▼전국 어디든 인건비 줄이는 효율적인 주방 동선 설계를 원하신다면▼
bit.ly/3VJ6fdK",1,2025-10-28,R3t_RKAOzF4
신혼_혼수,신혼집 주방 세팅,&#39;이거&#39; 모르면 주방 설계 다시 해야 합니다,부자주방,주방설계도 설계인데 식자재전용 트럭 설계하는게 시급합니다 창고로오면 알아서 레일에 플라스틱 박스 식자재 알아서 창고안으로 들어올수잇게끔 언제까지 사람이 들고 날라요,0,2026-03-22,R3t_RKAOzF4
신혼_혼수,신혼집 주방 세팅,&#39;이거&#39; 모르면 주방 설계 다시 해야 합니다,부자주방,잘 보았습니다. 25년 주방생활 한 사람으로써 무엇보다 물청소도 중요하다고 생각하는데 화덕쪽 물청소를 하기 힘들꺼같아 아쉽네요,2,2026-03-22,R3t_RKAOzF4
신혼_혼수,신혼집 주방 세팅,&#39;이거&#39; 모르면 주방 설계 다시 해야 합니다,부자주방,멋지네요. 잘보았습니다.구독했어요.,0,2026-03-07,R3t_RKAOzF4
신혼_혼수,신혼집 주방 세팅,&#39;이거&#39; 모르면 주방 설계 다시 해야 합니다,부자주방,주방 설계보다 주방 평수부터좀 넓은데서 일하는게 최고입니다,1,2026-03-22,R3t_RKAOzF4
신혼_혼수,신혼집 주방 세팅,&#39;이거&#39; 모르면 주방 설계 다시 해야 합니다,부자주방,주방구조 모르면 식당 하면안됨 누가 알려준다고 최소 주방드가서 일좀해보면 다 알게됩니다,2,2026-03-19,R3t_RKAOzF4
신혼_혼수,신혼집 주방 세팅,&#39;이거&#39; 모르면 주방 설계 다시 해야 합니다,부자주방,ㅇ,1,2026-01-26,R3t_RKAOzF4
신혼_혼수,신혼집 주방 세팅,&#39;이거&#39; 모르면 주방 설계 다시 해야 합니다,부자주방,부자주방이 네이버에 기물팔던대 같은업체인가여,1,2026-03-07,R3t_RKAOzF4
신혼_혼수,신혼집 주방 세팅,&#39;이거&#39; 모르면 주방 설계 다시 해야 합니다,부자주방,주방 중간에 후드 설치도 가능한가요?,1,2026-04-07,R3t_RKAOzF4
신혼_혼수,신혼집 주방 세팅,&#39;이거&#39; 모르면 주방 설계 다시 해야 합니다,부자주방,경산에 있던곳 맞나요?,1,2026-01-13,R3t_RKAOzF4
신혼_혼수,신혼집 주방 세팅,&#39;이거&#39; 모르면 주방 설계 다시 해야 합니다,부자주방,"업소냉장고 찾아보다왔어요
냉장고 상단에 성애가 끼는게 뭐가 문제인가요 
그리고 다른 방법이 있나요?",2,2025-11-03,R3t_RKAOzF4
신혼_혼수,신혼집 주방 세팅,&#39;이거&#39; 모르면 주방 설계 다시 해야 합니다,부자주방,필터는 몇일마다 청소해줘야되나요?,1,2025-12-08,R3t_RKAOzF4
신혼_혼수,신혼집 주방 세팅,&#39;이거&#39; 모르면 주방 설계 다시 해야 합니다,부자주방,오븐위에 닥트는 필요없나요 ?,1,2026-01-31,R3t_RKAOzF4
신혼_혼수,신혼집 주방 세팅,&#39;이거&#39; 모르면 주방 설계 다시 해야 합니다,부자주방,영상 설치된 전체 주방설비금액은 얼마나 드나요?,2,2026-01-12,R3t_RKAOzF4
신혼_혼수,신혼집 주방 세팅,&#39;이거&#39; 모르면 주방 설계 다시 해야 합니다,부자주방,기본이.....,2,2026-03-18,R3t_RKAOzF4
신혼_혼수,맞벌이 주방가전 추천,맞벌이 부부 주방 가전 꿀템,제리하우스,"✨맞벌이 부부 주방가전 꿀템 추천✨

🎁 구매 고객 전원 혜택!
제리하우스 채널에서 닌자 올인원 블렌더 구매 시
💳 네이버페이 1만원권 100% 지급‼️
*익월 넷째주 구매확정 고객 카카오톡을 통해 일괄 지급

- 가격 : 인터넷 최저가 249,000원
➡️❤️실제체감가 229,000원❤️

✅닌자 올인원 초고속 블렌더 프로패셔널(BN800KR)
(📌9/29(월) #최저가 #공구예정❤)

신혼 가전으로 꼭 갖고 싶었던 닌자 올인원!
드디어 구매했는데, 너무 편리하고 좋아서 또 소개해드려요☺️

요리 자주 안해도 마늘, 파만은 꼭 필요하신 것 아시죠?
비싼 다진마늘 사지말고🧄
집에서 쉽게 다져 냉장고에 두둑히 쟁여두세요☺️

파도 한단 채썰어 보관해두면
도마, 가위 꺼내지 않고(설거지X)
필요할 때 후딱 한줌 뿌려버려요🩵

여기에 반죽 칼날 끼우면 10초만에 쫄~깃한 반죽 완성이구요
바빠서 아침에 건강 주스 마시는게 
작은 로망이었는데 싱클컵 끼워 간편하게 100% 생과일주스 갈아 마셔요🍊

돌얼음은 물론 질긴 재료도 곱게 갈갈🧊

☑기본구성: 본체+피처컵+피처컵 뚜껑+ 푸드프로세서 보울+ 보울뚜껑+ 싱글컵 + 싱글컵 뚜껑 + 채/편썰기 디스크 + 초핑 블레이드+도우블레이드+피처 컵 칼날 +  싱글컵 칼날 + 푸셔 +디스크 회전축

✔닌자 올인원 프로페셔널 블렌더
✔모델명: BN800KR
✔다지기/채썰기/편썰기/반죽은 물론
✔빠르고 강력한 6중 모션 칼날로
✔색과 영양이 살아있는 신선한 블렌딩(주스)🍎
✔BPA FREE로 환경호르몬 안심🌿
✔식기세척기 사용가능(따뜻한 온도)⭕️
✔미국 1위 국민브랜드 샤크닌자 블렌더
✔원터치로 쉽고 간단하게 사용
✔4가지 안전 설계로 안전하게 사용
✔A/S 1년 무상지원

⏰ 오픈 알림 요청이 필요하시면 댓글 남겨주세요❤️",5,2025-09-26,c68qZxxpiRk
신혼_혼수,맞벌이 주방가전 추천,맞벌이 부부 주방 가전 꿀템,제리하우스,헷갈려서 레몬 대신 마늘 넣겠네요ㅋㅋㅋ,3,2025-09-26,c68qZxxpiRk
신혼_혼수,맞벌이 주방가전 추천,맞벌이 부부 주방 가전 꿀템,제리하우스,쩔어요... 대박,0,2025-09-26,c68qZxxpiRk
신혼_혼수,맞벌이 주방가전 추천,맞벌이 부부 주방 가전 꿀템,제리하우스,알림신청합니다^^꼭 사야겠어요.,0,2025-09-27,c68qZxxpiRk
신혼_혼수,맞벌이 주방가전 추천,맞벌이 부부 주방 가전 꿀템,제리하우스,저도 알람입니당,0,2025-10-31,c68qZxxpiRk
신혼_혼수,맞벌이 주방가전 추천,맞벌이 부부 주방 가전 꿀템,제리하우스,씻는게 넘불편한...그래도 좋긴좋아요~비빔밥할때ㅋ,1,2025-09-27,c68qZxxpiRk
신혼_혼수,맞벌이 주방가전 추천,맞벌이 부부 주방 가전 꿀템,제리하우스,알람 신청이요,0,2025-09-28,c68qZxxpiRk
신혼_혼수,맞벌이 주방가전 추천,맞벌이 부부 주방 가전 꿀템,제리하우스,알림 신청이요😊,0,2025-09-27,c68qZxxpiRk
신혼_혼수,맞벌이 주방가전 추천,맞벌이 부부 주방 가전 꿀템,제리하우스,알림신청합니다❤,0,2025-09-27,c68qZxxpiRk
신혼_혼수,맞벌이 주방가전 추천,맞벌이 부부 주방 가전 꿀템,제리하우스,알림 신청합니다~,0,2025-09-27,c68qZxxpiRk
신혼_혼수,맞벌이 주방가전 추천,맞벌이 부부 주방 가전 꿀템,제리하우스,알림신청합니다!,0,2025-09-27,c68qZxxpiRk
신혼_혼수,맞벌이 주방가전 추천,맞벌이 부부 주방 가전 꿀템,제리하우스,알람신청이요,0,2025-09-27,c68qZxxpiRk
신혼_혼수,맞벌이 주방가전 추천,맞벌이 부부 주방 가전 꿀템,제리하우스,알림신청이요❤,0,2025-09-27,c68qZxxpiRk
신혼_혼수,맞벌이 주방가전 추천,맞벌이 부부 주방 가전 꿀템,제리하우스,알람신청합니다,0,2025-09-26,c68qZxxpiRk
신혼_혼수,맞벌이 주방가전 추천,맞벌이 부부 주방 가전 꿀템,제리하우스,알림설정이요~,0,2025-09-27,c68qZxxpiRk
신혼_혼수,맞벌이 주방가전 추천,맞벌이 부부 주방 가전 꿀템,제리하우스,알림신청합니다~,0,2025-09-28,c68qZxxpiRk
신혼_혼수,맞벌이 주방가전 추천,맞벌이 부부 주방 가전 꿀템,제리하우스,알림 신청이요~,0,2025-09-27,c68qZxxpiRk
신혼_혼수,맞벌이 주방가전 추천,맞벌이 부부 주방 가전 꿀템,제리하우스,알림신청이요~,0,2025-09-28,c68qZxxpiRk
신혼_혼수,맞벌이 주방가전 추천,맞벌이 부부 주방 가전 꿀템,제리하우스,알림신청해요❤,0,2025-09-27,c68qZxxpiRk
신혼_혼수,맞벌이 주방가전 추천,맞벌이 부부 주방 가전 꿀템,제리하우스,알람주세유,0,2025-09-26,c68qZxxpiRk
신혼_혼수,맞벌이 주방가전 추천,맞벌이 부부 주방 가전 꿀템,제리하우스,"늘 눈팅만했어요~
알림신청 해요~~~~~~",0,2025-09-27,c68qZxxpiRk
신혼_혼수,맞벌이 주방가전 추천,맞벌이 부부 주방 가전 꿀템,제리하우스,😮,0,2025-09-26,c68qZxxpiRk
신혼_혼수,맞벌이 주방가전 추천,맞벌이 부부 주방 가전 꿀템,제리하우스,알람신청요,0,2025-09-26,c68qZxxpiRk
신혼_혼수,맞벌이 주방가전 추천,맞벌이 부부 주방 가전 꿀템,제리하우스,알림❤,0,2025-09-27,c68qZxxpiRk
신혼_혼수,맞벌이 주방가전 추천,맞벌이 부부 주방 가전 꿀템,제리하우스,알림신청합니다.,0,2025-09-27,c68qZxxpiRk
신혼_혼수,맞벌이 주방가전 추천,맞벌이 부부 주방 가전 꿀템,제리하우스,알림요청합니다,0,2025-09-27,c68qZxxpiRk
신혼_혼수,맞벌이 주방가전 추천,맞벌이 부부 주방 가전 꿀템,제리하우스,알림 요청합니다,0,2025-09-27,c68qZxxpiRk
신혼_혼수,맞벌이 주방가전 추천,맞벌이 부부 주방 가전 꿀템,제리하우스,알림신청^^,0,2025-09-27,c68qZxxpiRk
신혼_혼수,맞벌이 주방가전 추천,맞벌이 부부 주방 가전 꿀템,제리하우스,알림🎉,0,2025-09-27,c68qZxxpiRk
신혼_혼수,맞벌이 주방가전 추천,맞벌이 부부 주방 가전 꿀템,제리하우스,오픈 알림 요청,0,2025-09-26,c68qZxxpiRk
신혼_혼수,맞벌이 주방가전 추천,맞벌이 부부 주방 가전 꿀템,제리하우스,알림신청합니다,0,2025-09-27,c68qZxxpiRk
신혼_혼수,맞벌이 주방가전 추천,맞벌이 부부 주방 가전 꿀템,제리하우스,정보주세용,0,2025-09-27,c68qZxxpiRk
신혼_혼수,맞벌이 주방가전 추천,맞벌이 부부 주방 가전 꿀템,제리하우스,알림 신청합니디,0,2025-09-28,c68qZxxpiRk
신혼_혼수,맞벌이 주방가전 추천,맞벌이 부부 주방 가전 꿀템,제리하우스,알림신청요~,0,2025-09-27,c68qZxxpiRk
신혼_혼수,맞벌이 주방가전 추천,맞벌이 부부 주방 가전 꿀템,제리하우스,알람요,0,2025-09-27,c68qZxxpiRk
신혼_혼수,맞벌이 주방가전 추천,맞벌이 부부 주방 가전 꿀템,제리하우스,알림신청합니당,0,2025-09-27,c68qZxxpiRk
신혼_혼수,맞벌이 주방가전 추천,맞벌이 부부 주방 가전 꿀템,제리하우스,알림!,0,2025-09-28,c68qZxxpiRk
신혼_혼수,맞벌이 주방가전 추천,맞벌이 부부 주방 가전 꿀템,제리하우스,닌자 믹서기 예전모델인데 채썰기 호환이 되나요?,0,2025-09-28,c68qZxxpiRk
신혼_혼수,맞벌이 주방가전 추천,맞벌이 부부 주방 가전 꿀템,제리하우스,알림신청이요,0,2025-09-27,c68qZxxpiRk
신혼_혼수,맞벌이 주방가전 추천,맞벌이 부부 주방 가전 꿀템,제리하우스,알림요청,0,2025-09-28,c68qZxxpiRk
신혼_혼수,맞벌이 주방가전 추천,맞벌이 부부 주방 가전 꿀템,제리하우스,알림신청 합니다,0,2025-09-27,c68qZxxpiRk
신혼_혼수,맞벌이 주방가전 추천,맞벌이 부부 주방 가전 꿀템,제리하우스,저요,0,2025-09-27,c68qZxxpiRk
신혼_혼수,맞벌이 주방가전 추천,맞벌이 부부 주방 가전 꿀템,제리하우스,알림 요청,0,2025-09-27,c68qZxxpiRk
신혼_혼수,맞벌이 주방가전 추천,맞벌이 부부 주방 가전 꿀템,제리하우스,알림 신청,0,2025-09-27,c68qZxxpiRk
신혼_혼수,맞벌이 주방가전 추천,맞벌이 부부 주방 가전 꿀템,제리하우스,알림신청합니나,0,2025-09-28,c68qZxxpiRk
신혼_혼수,맞벌이 주방가전 추천,맞벌이 부부 주방 가전 꿀템,제리하우스,저요 저요,0,2025-09-26,c68qZxxpiRk
신혼_혼수,맞벌이 주방가전 추천,맞벌이 부부 주방 가전 꿀템,제리하우스,알림이용,0,2025-09-27,c68qZxxpiRk
신혼_혼수,맞벌이 주방가전 추천,맞벌이 부부 주방 가전 꿀템,제리하우스,알림신청,0,2025-09-26,c68qZxxpiRk
신혼_혼수,맞벌이 주방가전 추천,맞벌이 부부 주방 가전 꿀템,제리하우스,ㅇㄹㅅㅊ,0,2025-09-26,c68qZxxpiRk
신혼_혼수,맞벌이 주방가전 추천,맞벌이 부부 주방 가전 꿀템,제리하우스,알림신청해요,0,2025-09-27,c68qZxxpiRk
신혼_혼수,맞벌이 주방가전 추천,한 번 사면 평생 뽕 뽑는 소형가전 best2 #살림 #살림브이로그,쓸모집_쓸모 있는 살림 모음Zip,"한 번 제대로 사서 평생 뽕 뽑고도 남는
저희집 소형 가전 best2

❗스테나 오븐에어프라이어 2차공구 오픈했어요!
지금 게시물탭에서 구매 가능합니다🤍

1️⃣ 스테나 에어프라이어(📌2차 공구 오픈!)

제대로 된 에프기 사고 싶어서
1년 동안 고민하다 드디어 결정했어요‼️

고온으로 맛있게 튀겨주면서도
디자인 예뻐야 하고
좁은 주방에 들어올 가전이라
사이즈도 컴팩트 해야함!

사실 스테나 에프기는 디자인보고 홀딱 반했는데요
역시나 인테리어 디자인팀과 협업한 디자인 이더라고요!
일단 디자인 합격!🙆‍♀️

본 기능인 에프기 기능도 너무 훌륭했고요!👍
구이, 오븐, 토스트, 베이글, 건조, 발효, 피자 등
한국인이 가장 선호하는 13가지 프로그램이 있어서
레시피 없어도 바로 선택해서 돌려주기만 하면 되더라고요!🍕

그리고 예열 기능이 포함되어 있어서
다른 에프기와 차원이 다른 바삭함으로 완성돼요!

사용한 소재도 작은 나사 하나까지 모~두
스텐 304소재만 사용해서
위생, 환경호르몬 걱정 없는 것도 너무 맘에 들었어요!

요즘 요리 할 힘 없는데
냉동실에서 식품 꺼내서 
에프기 돌려주기만 하면 
정말 겉은 바삭~하고 속은 촉~촉한

어느 식당에서 사 먹을 만큼의 요리가 완성되어서
평생 뽕 뽑아 사용할 가전 best1 이예요!

댓글에 ❤️남겨주시면 오픈 후 빠른 알림 드려요!

2️⃣ 홈앤아트 스팀청소기(📌 2차 공구 마감!)
청소기 하나로
기름 때, 묵은 물 때 ,바닥청소, 화장실 곰팡이
가스레인지, 주방 후드, 상하부장, 냉장고 도어
방충망, 스팀 다림질, 살균 소독 등등

정말 200% 활용 할 수 있어서
한번 사 두면 뽕 뽑을 수 있어요!

근데 무겁고 안 예쁘면 결국 창고에서 꺼내 쓰질 않더라고요😕

홈앤아트스팀청소기는 
심플한 화이트 디자인이라
거실에 한자리 차지 하고 있어도 맘에 들어요🥰",73,2025-05-09,Ep0puhtpCks
신혼_혼수,맞벌이 주방가전 추천,한 번 사면 평생 뽕 뽑는 소형가전 best2 #살림 #살림브이로그,쓸모집_쓸모 있는 살림 모음Zip,"엘지 광파오븐  에프랑죄다 되는데
전기세도 엄청 작게 나와서 넘넘 잘써고
전력양 작은 아파트도 안심하게 쓸수있다  강추*100",35,2025-07-13,Ep0puhtpCks
신혼_혼수,맞벌이 주방가전 추천,한 번 사면 평생 뽕 뽑는 소형가전 best2 #살림 #살림브이로그,쓸모집_쓸모 있는 살림 모음Zip,에프는 고르고 골라서 사면 또 남의것이 이뻐보인다는 ㅠㅡㅠ,114,2025-05-12,Ep0puhtpCks
신혼_혼수,맞벌이 주방가전 추천,한 번 사면 평생 뽕 뽑는 소형가전 best2 #살림 #살림브이로그,쓸모집_쓸모 있는 살림 모음Zip,물걸레청소기는 얼마인가요?  그리고 주방에 벽에 집게램프는 어디제품인가요??❤,13,2025-05-09,Ep0puhtpCks
신혼_혼수,맞벌이 주방가전 추천,한 번 사면 평생 뽕 뽑는 소형가전 best2 #살림 #살림브이로그,쓸모집_쓸모 있는 살림 모음Zip,정말 편한 제품이에요~~,0,2025-09-23,Ep0puhtpCks
신혼_혼수,맞벌이 주방가전 추천,한 번 사면 평생 뽕 뽑는 소형가전 best2 #살림 #살림브이로그,쓸모집_쓸모 있는 살림 모음Zip,에어프라이어 천장도 세척이 되나요? 위에도 기름때가  많이 낄텐데 저가형은 닦이가 쉽지않아서요,20,2025-05-10,Ep0puhtpCks
신혼_혼수,맞벌이 주방가전 추천,한 번 사면 평생 뽕 뽑는 소형가전 best2 #살림 #살림브이로그,쓸모집_쓸모 있는 살림 모음Zip,오 이쁘네요,0,2025-06-27,Ep0puhtpCks
신혼_혼수,맞벌이 주방가전 추천,한 번 사면 평생 뽕 뽑는 소형가전 best2 #살림 #살림브이로그,쓸모집_쓸모 있는 살림 모음Zip,에어프라이어 알람신청해요❤,4,2025-05-10,Ep0puhtpCks
신혼_혼수,맞벌이 주방가전 추천,한 번 사면 평생 뽕 뽑는 소형가전 best2 #살림 #살림브이로그,쓸모집_쓸모 있는 살림 모음Zip,에프 위에 조명 정보 문의 드려도 될까요,1,2025-11-05,Ep0puhtpCks
신혼_혼수,맞벌이 주방가전 추천,한 번 사면 평생 뽕 뽑는 소형가전 best2 #살림 #살림브이로그,쓸모집_쓸모 있는 살림 모음Zip,청소기 공구얼마인가요?,4,2025-05-12,Ep0puhtpCks
신혼_혼수,맞벌이 주방가전 추천,한 번 사면 평생 뽕 뽑는 소형가전 best2 #살림 #살림브이로그,쓸모집_쓸모 있는 살림 모음Zip,알림 신청~ 스팀 청소기 궁금해요,0,2025-06-05,Ep0puhtpCks
신혼_혼수,맞벌이 주방가전 추천,한 번 사면 평생 뽕 뽑는 소형가전 best2 #살림 #살림브이로그,쓸모집_쓸모 있는 살림 모음Zip,에프 받침 어디제품인기여?,0,2025-09-20,Ep0puhtpCks
신혼_혼수,맞벌이 주방가전 추천,한 번 사면 평생 뽕 뽑는 소형가전 best2 #살림 #살림브이로그,쓸모집_쓸모 있는 살림 모음Zip,"에프 연마제 제거 해야 하나요?
안쪽 구석구석까지 하려면 장난 아닐텐데...
방법이 있으신지?....ㅜㅜ",1,2025-05-11,Ep0puhtpCks
신혼_혼수,맞벌이 주방가전 추천,한 번 사면 평생 뽕 뽑는 소형가전 best2 #살림 #살림브이로그,쓸모집_쓸모 있는 살림 모음Zip,몇일차이로 놓쳣어요ㅠ 혹시 또 공구예정있으신가요?? 10월에 이사가서,0,2025-08-23,Ep0puhtpCks
신혼_혼수,맞벌이 주방가전 추천,한 번 사면 평생 뽕 뽑는 소형가전 best2 #살림 #살림브이로그,쓸모집_쓸모 있는 살림 모음Zip,에프기 바꾸고 싶네요~,0,2026-06-01,Ep0puhtpCks
신혼_혼수,맞벌이 주방가전 추천,한 번 사면 평생 뽕 뽑는 소형가전 best2 #살림 #살림브이로그,쓸모집_쓸모 있는 살림 모음Zip,청소정말쉽나요?😂,0,2025-06-04,Ep0puhtpCks
신혼_혼수,맞벌이 주방가전 추천,한 번 사면 평생 뽕 뽑는 소형가전 best2 #살림 #살림브이로그,쓸모집_쓸모 있는 살림 모음Zip,"에프는 오븐기능겸용인가요?
겸용이면  공매신청합니다",2,2025-06-08,Ep0puhtpCks
신혼_혼수,맞벌이 주방가전 추천,한 번 사면 평생 뽕 뽑는 소형가전 best2 #살림 #살림브이로그,쓸모집_쓸모 있는 살림 모음Zip,알람신청이요❤,0,2025-05-10,Ep0puhtpCks
신혼_혼수,맞벌이 주방가전 추천,한 번 사면 평생 뽕 뽑는 소형가전 best2 #살림 #살림브이로그,쓸모집_쓸모 있는 살림 모음Zip,청소기 알람이요❤,0,2025-05-10,Ep0puhtpCks
신혼_혼수,맞벌이 주방가전 추천,한 번 사면 평생 뽕 뽑는 소형가전 best2 #살림 #살림브이로그,쓸모집_쓸모 있는 살림 모음Zip,에프 공구 알림 신청이요!❤,1,2025-06-25,Ep0puhtpCks
신혼_혼수,맞벌이 주방가전 추천,한 번 사면 평생 뽕 뽑는 소형가전 best2 #살림 #살림브이로그,쓸모집_쓸모 있는 살림 모음Zip,에프 고민중입니다 집이 좁아서ㅠㅠ 일단알림신청해봅니다,0,2025-05-24,Ep0puhtpCks
신혼_혼수,맞벌이 주방가전 추천,한 번 사면 평생 뽕 뽑는 소형가전 best2 #살림 #살림브이로그,쓸모집_쓸모 있는 살림 모음Zip,에프 청소기 둘다 알림신청 ❤,0,2025-12-16,Ep0puhtpCks
신혼_혼수,맞벌이 주방가전 추천,한 번 사면 평생 뽕 뽑는 소형가전 best2 #살림 #살림브이로그,쓸모집_쓸모 있는 살림 모음Zip,알람이요 에프!!,0,2025-05-10,Ep0puhtpCks
신혼_혼수,맞벌이 주방가전 추천,한 번 사면 평생 뽕 뽑는 소형가전 best2 #살림 #살림브이로그,쓸모집_쓸모 있는 살림 모음Zip,스팀청소기 공구시 알람 부탁드립니다 🙏,2,2025-06-03,Ep0puhtpCks
신혼_혼수,맞벌이 주방가전 추천,한 번 사면 평생 뽕 뽑는 소형가전 best2 #살림 #살림브이로그,쓸모집_쓸모 있는 살림 모음Zip,알람 신청 한다는게 뭐예요.에프 알람이요.,0,2026-04-15,Ep0puhtpCks
신혼_혼수,맞벌이 주방가전 추천,한 번 사면 평생 뽕 뽑는 소형가전 best2 #살림 #살림브이로그,쓸모집_쓸모 있는 살림 모음Zip,알람신청해요👍,0,2025-05-09,Ep0puhtpCks
신혼_혼수,맞벌이 주방가전 추천,한 번 사면 평생 뽕 뽑는 소형가전 best2 #살림 #살림브이로그,쓸모집_쓸모 있는 살림 모음Zip,둘다 정보 알고싶어요,0,2025-12-07,Ep0puhtpCks
신혼_혼수,맞벌이 주방가전 추천,한 번 사면 평생 뽕 뽑는 소형가전 best2 #살림 #살림브이로그,쓸모집_쓸모 있는 살림 모음Zip,알람신청해요❤,0,2025-05-09,Ep0puhtpCks
신혼_혼수,맞벌이 주방가전 추천,한 번 사면 평생 뽕 뽑는 소형가전 best2 #살림 #살림브이로그,쓸모집_쓸모 있는 살림 모음Zip,스팀청소기 알람신청합니다,2,2025-05-09,Ep0puhtpCks
신혼_혼수,맞벌이 주방가전 추천,한 번 사면 평생 뽕 뽑는 소형가전 best2 #살림 #살림브이로그,쓸모집_쓸모 있는 살림 모음Zip,어디서 구하나요?,0,2026-04-15,Ep0puhtpCks
신혼_혼수,맞벌이 주방가전 추천,한 번 사면 평생 뽕 뽑는 소형가전 best2 #살림 #살림브이로그,쓸모집_쓸모 있는 살림 모음Zip,에프기 안에 망들은 어디서 구입하나요?,0,2025-05-14,Ep0puhtpCks
신혼_혼수,맞벌이 주방가전 추천,한 번 사면 평생 뽕 뽑는 소형가전 best2 #살림 #살림브이로그,쓸모집_쓸모 있는 살림 모음Zip,에프 공구 또 언제하나요? ㅠㅠ,2,2025-06-08,Ep0puhtpCks
신혼_혼수,맞벌이 주방가전 추천,한 번 사면 평생 뽕 뽑는 소형가전 best2 #살림 #살림브이로그,쓸모집_쓸모 있는 살림 모음Zip,청소기 알람신청이요❤,0,2025-05-25,Ep0puhtpCks
신혼_혼수,맞벌이 주방가전 추천,한 번 사면 평생 뽕 뽑는 소형가전 best2 #살림 #살림브이로그,쓸모집_쓸모 있는 살림 모음Zip,알람 신청 한다는게 뭐예요.,0,2026-04-15,Ep0puhtpCks
신혼_혼수,맞벌이 주방가전 추천,한 번 사면 평생 뽕 뽑는 소형가전 best2 #살림 #살림브이로그,쓸모집_쓸모 있는 살림 모음Zip,스팀다리미 알람신청이요 🎉❤,1,2025-05-10,Ep0puhtpCks
신혼_혼수,맞벌이 주방가전 추천,한 번 사면 평생 뽕 뽑는 소형가전 best2 #살림 #살림브이로그,쓸모집_쓸모 있는 살림 모음Zip,에어프라이기 신청요😂,0,2025-05-10,Ep0puhtpCks
신혼_혼수,맞벌이 주방가전 추천,한 번 사면 평생 뽕 뽑는 소형가전 best2 #살림 #살림브이로그,쓸모집_쓸모 있는 살림 모음Zip,에프기 알람❤,0,2025-09-21,Ep0puhtpCks
신혼_혼수,맞벌이 주방가전 추천,한 번 사면 평생 뽕 뽑는 소형가전 best2 #살림 #살림브이로그,쓸모집_쓸모 있는 살림 모음Zip,제품명?,0,2026-04-15,Ep0puhtpCks
신혼_혼수,맞벌이 주방가전 추천,한 번 사면 평생 뽕 뽑는 소형가전 best2 #살림 #살림브이로그,쓸모집_쓸모 있는 살림 모음Zip,청소기 공구신청요~,0,2025-11-06,Ep0puhtpCks
신혼_혼수,맞벌이 주방가전 추천,한 번 사면 평생 뽕 뽑는 소형가전 best2 #살림 #살림브이로그,쓸모집_쓸모 있는 살림 모음Zip,알람신청입니닫❤,0,2025-05-10,Ep0puhtpCks
신혼_혼수,맞벌이 주방가전 추천,한 번 사면 평생 뽕 뽑는 소형가전 best2 #살림 #살림브이로그,쓸모집_쓸모 있는 살림 모음Zip,에프 알림신청 요청합니다~~😊,0,2025-05-11,Ep0puhtpCks
신혼_혼수,맞벌이 주방가전 추천,한 번 사면 평생 뽕 뽑는 소형가전 best2 #살림 #살림브이로그,쓸모집_쓸모 있는 살림 모음Zip,스팀다리미 신청요 -!,0,2025-05-21,Ep0puhtpCks
신혼_혼수,맞벌이 주방가전 추천,한 번 사면 평생 뽕 뽑는 소형가전 best2 #살림 #살림브이로그,쓸모집_쓸모 있는 살림 모음Zip,알림신청해요~❤,0,2025-05-10,Ep0puhtpCks
신혼_혼수,맞벌이 주방가전 추천,한 번 사면 평생 뽕 뽑는 소형가전 best2 #살림 #살림브이로그,쓸모집_쓸모 있는 살림 모음Zip,청소기 공구 예정은?,0,2026-01-28,Ep0puhtpCks
신혼_혼수,맞벌이 주방가전 추천,한 번 사면 평생 뽕 뽑는 소형가전 best2 #살림 #살림브이로그,쓸모집_쓸모 있는 살림 모음Zip,알람이요~ 에어프라이기!!!!,0,2025-05-11,Ep0puhtpCks
신혼_혼수,맞벌이 주방가전 추천,한 번 사면 평생 뽕 뽑는 소형가전 best2 #살림 #살림브이로그,쓸모집_쓸모 있는 살림 모음Zip,스팀청소기 알람신청이욤!!,1,2025-05-13,Ep0puhtpCks
신혼_혼수,맞벌이 주방가전 추천,한 번 사면 평생 뽕 뽑는 소형가전 best2 #살림 #살림브이로그,쓸모집_쓸모 있는 살림 모음Zip,"청소기 얼마일까요
그리고 어디에서 구입?",0,2025-06-19,Ep0puhtpCks
신혼_혼수,맞벌이 주방가전 추천,한 번 사면 평생 뽕 뽑는 소형가전 best2 #살림 #살림브이로그,쓸모집_쓸모 있는 살림 모음Zip,❤알람신청이요~,0,2025-05-11,Ep0puhtpCks
신혼_혼수,맞벌이 주방가전 추천,한 번 사면 평생 뽕 뽑는 소형가전 best2 #살림 #살림브이로그,쓸모집_쓸모 있는 살림 모음Zip,"강마루는 피해주세요 당장은 속시원할줄몰라도
계속하면 바닥들뜹니다",0,2025-06-01,Ep0puhtpCks
신혼_혼수,맞벌이 주방가전 추천,한 번 사면 평생 뽕 뽑는 소형가전 best2 #살림 #살림브이로그,쓸모집_쓸모 있는 살림 모음Zip,에프 알림 신청이요❤,0,2025-05-11,Ep0puhtpCks
신혼_혼수,맞벌이 주방가전 추천,집에 놀러 오는 사람마다 물어봐요 #주방가전 #추천템 #주방인테리어 #신혼가전,에이본홈,"회전판없는거 진짜 안좋은게 찜질팩 넣음안되요
골고루 열전달이안되서 한번에2분돌리면 한쪽만타서 망함 ㅠ",74,2024-03-06,Yg2s10_SitI
신혼_혼수,맞벌이 주방가전 추천,집에 놀러 오는 사람마다 물어봐요 #주방가전 #추천템 #주방인테리어 #신혼가전,에이본홈,"이렇게 살림 잘 하시는 분 보면 부럽기도하고..
그래요 ㅠ",52,2024-02-14,Yg2s10_SitI
신혼_혼수,맞벌이 주방가전 추천,집에 놀러 오는 사람마다 물어봐요 #주방가전 #추천템 #주방인테리어 #신혼가전,에이본홈,쓰레기통이 자동일 필요가 있는지 원. 한텀 기다려야하고 건전지값에 세상 쓸모없는 기능인 듯,432,2024-02-04,Yg2s10_SitI
신혼_혼수,맞벌이 주방가전 추천,집에 놀러 오는 사람마다 물어봐요 #주방가전 #추천템 #주방인테리어 #신혼가전,에이본홈,정수기 물 나오는 부분(코크) 안쪽 닦아주셔야될것같아요~ 현직 관리직근무중입니다,127,2024-02-02,Yg2s10_SitI
신혼_혼수,맞벌이 주방가전 추천,집에 놀러 오는 사람마다 물어봐요 #주방가전 #추천템 #주방인테리어 #신혼가전,에이본홈,조리하다 쓰레기통 만지는거보다는 나을듯,14,2024-02-06,Yg2s10_SitI
신혼_혼수,맞벌이 주방가전 추천,집에 놀러 오는 사람마다 물어봐요 #주방가전 #추천템 #주방인테리어 #신혼가전,에이본홈,"정수기가 똑 같아요
가성비 갑이죠~~근대 맨날 바꾸라고 전화옵니다",13,2024-02-06,Yg2s10_SitI
신혼_혼수,맞벌이 주방가전 추천,집에 놀러 오는 사람마다 물어봐요 #주방가전 #추천템 #주방인테리어 #신혼가전,에이본홈,감사합니다 좋은제품들 소개시켜주셔서😊,5,2024-02-02,Yg2s10_SitI
신혼_혼수,맞벌이 주방가전 추천,집에 놀러 오는 사람마다 물어봐요 #주방가전 #추천템 #주방인테리어 #신혼가전,에이본홈,주방꿀템 잘보고 갑니더!,4,2024-02-03,Yg2s10_SitI
신혼_혼수,맞벌이 주방가전 추천,집에 놀러 오는 사람마다 물어봐요 #주방가전 #추천템 #주방인테리어 #신혼가전,에이본홈,전자렌지 정보 감사합니다.교체 앞두고 있는데...,5,2024-02-04,Yg2s10_SitI
신혼_혼수,맞벌이 주방가전 추천,집에 놀러 오는 사람마다 물어봐요 #주방가전 #추천템 #주방인테리어 #신혼가전,에이본홈,역시 살림고수😊 곧 주부9단이 머지 않으시겠어요,2,2024-02-06,Yg2s10_SitI
신혼_혼수,맞벌이 주방가전 추천,집에 놀러 오는 사람마다 물어봐요 #주방가전 #추천템 #주방인테리어 #신혼가전,에이본홈,행주 사용 권장합니다,3,2025-07-28,Yg2s10_SitI
신혼_혼수,맞벌이 주방가전 추천,집에 놀러 오는 사람마다 물어봐요 #주방가전 #추천템 #주방인테리어 #신혼가전,에이본홈,씽크볼위에 건조대랙 정보좀부탁드립니다~^^,2,2024-02-05,Yg2s10_SitI
신혼_혼수,맞벌이 주방가전 추천,집에 놀러 오는 사람마다 물어봐요 #주방가전 #추천템 #주방인테리어 #신혼가전,에이본홈,식기세척기도 추천가능하실까요ㅠㅜㅠㅜ,2,2024-02-04,Yg2s10_SitI
신혼_혼수,맞벌이 주방가전 추천,집에 놀러 오는 사람마다 물어봐요 #주방가전 #추천템 #주방인테리어 #신혼가전,에이본홈,바닥타일 줄눈 색상 좀 알수있을까요?? 저희랑 같은타일인거같아서요.. 저흰 줄눈색이 흰색이라 때가많이타거든요,1,2024-02-01,Yg2s10_SitI
신혼_혼수,맞벌이 주방가전 추천,집에 놀러 오는 사람마다 물어봐요 #주방가전 #추천템 #주방인테리어 #신혼가전,에이본홈,꿀정보 감사합니당,0,2024-02-06,Yg2s10_SitI
신혼_혼수,맞벌이 주방가전 추천,집에 놀러 오는 사람마다 물어봐요 #주방가전 #추천템 #주방인테리어 #신혼가전,에이본홈,"저희도 퓨리엘 사용합니다..
물맛도 괜찮고 슬림해서 자리 차지 안 해서 조아요",1,2024-02-08,Yg2s10_SitI
신혼_혼수,맞벌이 주방가전 추천,집에 놀러 오는 사람마다 물어봐요 #주방가전 #추천템 #주방인테리어 #신혼가전,에이본홈,유리잔 정보 부탁합니다!,1,2025-02-25,Yg2s10_SitI
신혼_혼수,맞벌이 주방가전 추천,집에 놀러 오는 사람마다 물어봐요 #주방가전 #추천템 #주방인테리어 #신혼가전,에이본홈,보토 음식물처리기 작동시 냄새안나나요?영상보고 구매하려는데 냄새 어떤지 궁금하네요,0,2024-02-18,Yg2s10_SitI
신혼_혼수,맞벌이 주방가전 추천,집에 놀러 오는 사람마다 물어봐요 #주방가전 #추천템 #주방인테리어 #신혼가전,에이본홈,어쩜  이리  깔끔하신가요?😂부럽네요. 저도  휴지통  사야겠어요세제토믄  어디껀가요?,1,2024-03-15,Yg2s10_SitI
신혼_혼수,맞벌이 주방가전 추천,집에 놀러 오는 사람마다 물어봐요 #주방가전 #추천템 #주방인테리어 #신혼가전,에이본홈,저도 퓨리엘써요. 찬물이 안나와서 애들이 찬물안마셔요. 이게 젤 좋아요.ㅎㅎㅎ,54,2024-02-05,Yg2s10_SitI
신혼_혼수,맞벌이 주방가전 추천,집에 놀러 오는 사람마다 물어봐요 #주방가전 #추천템 #주방인테리어 #신혼가전,에이본홈,진짜 전자렌지 바꾸고싶네요!!,3,2024-02-04,Yg2s10_SitI
신혼_혼수,맞벌이 주방가전 추천,집에 놀러 오는 사람마다 물어봐요 #주방가전 #추천템 #주방인테리어 #신혼가전,에이본홈,전자레인지 살일 있으면 디디오랩 사보고 싶네요..^^,0,2024-02-10,Yg2s10_SitI
신혼_혼수,맞벌이 주방가전 추천,집에 놀러 오는 사람마다 물어봐요 #주방가전 #추천템 #주방인테리어 #신혼가전,에이본홈,"저 음쓰는 냄새안나나요??
집안에서 사용하시다니😊",5,2024-02-12,Yg2s10_SitI
신혼_혼수,맞벌이 주방가전 추천,집에 놀러 오는 사람마다 물어봐요 #주방가전 #추천템 #주방인테리어 #신혼가전,에이본홈,올 요새 전자렌지는 회전판이 없네요 신기방기,0,2024-03-29,Yg2s10_SitI
신혼_혼수,맞벌이 주방가전 추천,집에 놀러 오는 사람마다 물어봐요 #주방가전 #추천템 #주방인테리어 #신혼가전,에이본홈,정수기는 자취생에게도 너무 괜찮을듯 싶어요 타공 들어가나요?,1,2024-02-09,Yg2s10_SitI
신혼_혼수,맞벌이 주방가전 추천,집에 놀러 오는 사람마다 물어봐요 #주방가전 #추천템 #주방인테리어 #신혼가전,에이본홈,엄청 깔끔 하시네요 2024년도 좋은일들만 가득하세요 응원할게요 ❤❤❤❤❤❤❤❤,6,2024-02-13,Yg2s10_SitI
신혼_혼수,맞벌이 주방가전 추천,집에 놀러 오는 사람마다 물어봐요 #주방가전 #추천템 #주방인테리어 #신혼가전,에이본홈,개수대  금색 수도꼭지 어디서 구입하셨어요??,2,2024-02-02,Yg2s10_SitI
신혼_혼수,맞벌이 주방가전 추천,집에 놀러 오는 사람마다 물어봐요 #주방가전 #추천템 #주방인테리어 #신혼가전,에이본홈,좋은 아이템,0,2024-02-11,Yg2s10_SitI
신혼_혼수,맞벌이 주방가전 추천,집에 놀러 오는 사람마다 물어봐요 #주방가전 #추천템 #주방인테리어 #신혼가전,에이본홈,"전 음식할땐 발로 쓰레기통 엽니다, 완전 100% 수동 플라스틱을 쓰는 중이라 😂😂😂",0,2026-06-05,Yg2s10_SitI
신혼_혼수,맞벌이 주방가전 추천,집에 놀러 오는 사람마다 물어봐요 #주방가전 #추천템 #주방인테리어 #신혼가전,에이본홈,와 전자렌지 진짜 좋네요😊,110,2024-02-02,Yg2s10_SitI
신혼_혼수,맞벌이 주방가전 추천,집에 놀러 오는 사람마다 물어봐요 #주방가전 #추천템 #주방인테리어 #신혼가전,에이본홈,와 전자렌지랑 음쓰기좋네요,0,2024-02-07,Yg2s10_SitI
신혼_혼수,맞벌이 주방가전 추천,집에 놀러 오는 사람마다 물어봐요 #주방가전 #추천템 #주방인테리어 #신혼가전,에이본홈,전자렌지 교채할때 됬는데 고급정보네요 감사합니당^^,38,2024-02-03,Yg2s10_SitI
신혼_혼수,맞벌이 주방가전 추천,집에 놀러 오는 사람마다 물어봐요 #주방가전 #추천템 #주방인테리어 #신혼가전,에이본홈,우리도정수기있어요😅,0,2024-02-01,Yg2s10_SitI
신혼_혼수,맞벌이 주방가전 추천,집에 놀러 오는 사람마다 물어봐요 #주방가전 #추천템 #주방인테리어 #신혼가전,에이본홈,정수기랑 전자렌지 우리집거랑 똑같네요,0,2024-02-03,Yg2s10_SitI
신혼_혼수,맞벌이 주방가전 추천,집에 놀러 오는 사람마다 물어봐요 #주방가전 #추천템 #주방인테리어 #신혼가전,에이본홈,저기 소개 가전 다 맘에든다,0,2024-02-21,Yg2s10_SitI
신혼_혼수,맞벌이 주방가전 추천,집에 놀러 오는 사람마다 물어봐요 #주방가전 #추천템 #주방인테리어 #신혼가전,에이본홈,도마에 달려있는 꼬깔콘처럼 생긴건 무슨 용도일까요?,1,2025-03-07,Yg2s10_SitI
신혼_혼수,맞벌이 주방가전 추천,집에 놀러 오는 사람마다 물어봐요 #주방가전 #추천템 #주방인테리어 #신혼가전,에이본홈,퓨리얼 나도 만족중,0,2024-02-10,Yg2s10_SitI
신혼_혼수,맞벌이 주방가전 추천,집에 놀러 오는 사람마다 물어봐요 #주방가전 #추천템 #주방인테리어 #신혼가전,에이본홈,음식물처리기 어디서사요?,0,2024-02-12,Yg2s10_SitI
신혼_혼수,맞벌이 주방가전 추천,집에 놀러 오는 사람마다 물어봐요 #주방가전 #추천템 #주방인테리어 #신혼가전,에이본홈,음식처리기 소리 않크나요?,0,2024-02-02,Yg2s10_SitI
신혼_혼수,맞벌이 주방가전 추천,집에 놀러 오는 사람마다 물어봐요 #주방가전 #추천템 #주방인테리어 #신혼가전,에이본홈,인덕션은 어디거예요,0,2024-02-10,Yg2s10_SitI
신혼_혼수,맞벌이 주방가전 추천,집에 놀러 오는 사람마다 물어봐요 #주방가전 #추천템 #주방인테리어 #신혼가전,에이본홈,전자렌지닦는 티슈가 먼가요?,1,2024-02-06,Yg2s10_SitI
신혼_혼수,맞벌이 주방가전 추천,집에 놀러 오는 사람마다 물어봐요 #주방가전 #추천템 #주방인테리어 #신혼가전,에이본홈,음쓰처리기.. 연기랑 냄새안나나요? 저는 주방에놓앗다가 베란다로 옮겼어요,0,2024-02-03,Yg2s10_SitI
신혼_혼수,맞벌이 주방가전 추천,집에 놀러 오는 사람마다 물어봐요 #주방가전 #추천템 #주방인테리어 #신혼가전,에이본홈,살림박사시네 ㅎ,0,2025-07-23,Yg2s10_SitI
신혼_혼수,맞벌이 주방가전 추천,집에 놀러 오는 사람마다 물어봐요 #주방가전 #추천템 #주방인테리어 #신혼가전,에이본홈,쓰레기통 소용량도 나오나요? 음식물 분쇄기와 전자렌지 좋네요~,0,2024-02-05,Yg2s10_SitI
신혼_혼수,맞벌이 주방가전 추천,집에 놀러 오는 사람마다 물어봐요 #주방가전 #추천템 #주방인테리어 #신혼가전,에이본홈,음식물 처리기 냄새는 많이 안나나요??,0,2024-02-11,Yg2s10_SitI
신혼_혼수,맞벌이 주방가전 추천,집에 놀러 오는 사람마다 물어봐요 #주방가전 #추천템 #주방인테리어 #신혼가전,에이본홈,주방벽지....그냥 시트지 맞나요?,0,2024-02-03,Yg2s10_SitI
신혼_혼수,맞벌이 주방가전 추천,집에 놀러 오는 사람마다 물어봐요 #주방가전 #추천템 #주방인테리어 #신혼가전,에이본홈,"Cabinet handle은 스테인레스 수도꼭지는 
Goldtone 😂😂😂",0,2024-02-20,Yg2s10_SitI
신혼_혼수,맞벌이 주방가전 추천,집에 놀러 오는 사람마다 물어봐요 #주방가전 #추천템 #주방인테리어 #신혼가전,에이본홈,전자렌지 모델. 알고싶어요,0,2024-02-06,Yg2s10_SitI
신혼_혼수,맞벌이 주방가전 추천,집에 놀러 오는 사람마다 물어봐요 #주방가전 #추천템 #주방인테리어 #신혼가전,에이본홈,음쓰. 작동할때 열기가 장난아닐거 같은데.  어떤가요?,0,2024-02-09,Yg2s10_SitI
신혼_혼수,맞벌이 주방가전 추천,집에 놀러 오는 사람마다 물어봐요 #주방가전 #추천템 #주방인테리어 #신혼가전,에이본홈,전자렌지 궁금해요,2,2024-02-01,Yg2s10_SitI
신혼_혼수,맞벌이 주방가전 추천,전문가가 직접 써 본 인테리어 필수템 9가지☝️ 삶의 질 수직 상승하는 인테리어 가전💡 주방 가전 설치시 주의사항⚠️ 워시타워 식세기 스타일러 제품추천  #신혼가전 #혼수가전,톤앤톤즈 디자인,"이 영상 보니, 저의 새집 마련의 꿈을 재검토해봐야겠어요ㅎㅎ",4,2026-03-01,3sPtiDA2vH4
신혼_혼수,맞벌이 주방가전 추천,전문가가 직접 써 본 인테리어 필수템 9가지☝️ 삶의 질 수직 상승하는 인테리어 가전💡 주방 가전 설치시 주의사항⚠️ 워시타워 식세기 스타일러 제품추천  #신혼가전 #혼수가전,톤앤톤즈 디자인,"좋은정보 감사합니다.
더커져야할 채널 같네요. 화이팅입니다.!",5,2025-10-28,3sPtiDA2vH4
신혼_혼수,맞벌이 주방가전 추천,전문가가 직접 써 본 인테리어 필수템 9가지☝️ 삶의 질 수직 상승하는 인테리어 가전💡 주방 가전 설치시 주의사항⚠️ 워시타워 식세기 스타일러 제품추천  #신혼가전 #혼수가전,톤앤톤즈 디자인,"가전인지는 모르겠는데 최신 전열교환기 설치 가능하면 꼭 하시는걸 추천... 공청기, 제습기에 대한 스트레스가 확 줄어서 엄청 좋은거 같아요. 환기 자주하기 귀찮거나 겨울에 보일러 틀어놨을 때 쓰기 좋은 듯 해요",7,2025-10-28,3sPtiDA2vH4
신혼_혼수,맞벌이 주방가전 추천,전문가가 직접 써 본 인테리어 필수템 9가지☝️ 삶의 질 수직 상승하는 인테리어 가전💡 주방 가전 설치시 주의사항⚠️ 워시타워 식세기 스타일러 제품추천  #신혼가전 #혼수가전,톤앤톤즈 디자인,"후드일체형가격이비싸고 필터형이라 필터교체비 그리고 침니후드형보다 기능이약함
즉 가성비 빵점",7,2025-12-21,3sPtiDA2vH4
신혼_혼수,맞벌이 주방가전 추천,전문가가 직접 써 본 인테리어 필수템 9가지☝️ 삶의 질 수직 상승하는 인테리어 가전💡 주방 가전 설치시 주의사항⚠️ 워시타워 식세기 스타일러 제품추천  #신혼가전 #혼수가전,톤앤톤즈 디자인,오 잘보고갑니다,2,2026-01-14,3sPtiDA2vH4
신혼_혼수,맞벌이 주방가전 추천,전문가가 직접 써 본 인테리어 필수템 9가지☝️ 삶의 질 수직 상승하는 인테리어 가전💡 주방 가전 설치시 주의사항⚠️ 워시타워 식세기 스타일러 제품추천  #신혼가전 #혼수가전,톤앤톤즈 디자인,"다 너무너무 좋은건 알지만... 저걸 다 하면 기존 예산보다 천, 이천이 우습게 추가되니 문제네요 ㅠ.ㅠ 돈이 문제야...",20,2025-10-28,3sPtiDA2vH4
신혼_혼수,맞벌이 주방가전 추천,전문가가 직접 써 본 인테리어 필수템 9가지☝️ 삶의 질 수직 상승하는 인테리어 가전💡 주방 가전 설치시 주의사항⚠️ 워시타워 식세기 스타일러 제품추천  #신혼가전 #혼수가전,톤앤톤즈 디자인,스타일러 빼곤 다햇는데 스타일러 놓을자리가 고민이네요 드레스룸 안방에 공간이 딱히 없고 작은방에 그냥 덩그러니 놔야 할지,3,2025-12-02,3sPtiDA2vH4
신혼_혼수,맞벌이 주방가전 추천,전문가가 직접 써 본 인테리어 필수템 9가지☝️ 삶의 질 수직 상승하는 인테리어 가전💡 주방 가전 설치시 주의사항⚠️ 워시타워 식세기 스타일러 제품추천  #신혼가전 #혼수가전,톤앤톤즈 디자인,영상보고나니 가전 새로 싹 다시하고싶네요 ㅎㅎ,5,2025-10-29,3sPtiDA2vH4
신혼_혼수,맞벌이 주방가전 추천,전문가가 직접 써 본 인테리어 필수템 9가지☝️ 삶의 질 수직 상승하는 인테리어 가전💡 주방 가전 설치시 주의사항⚠️ 워시타워 식세기 스타일러 제품추천  #신혼가전 #혼수가전,톤앤톤즈 디자인,좋은 정보 감사합니다^^!,1,2026-01-17,3sPtiDA2vH4
신혼_혼수,맞벌이 주방가전 추천,전문가가 직접 써 본 인테리어 필수템 9가지☝️ 삶의 질 수직 상승하는 인테리어 가전💡 주방 가전 설치시 주의사항⚠️ 워시타워 식세기 스타일러 제품추천  #신혼가전 #혼수가전,톤앤톤즈 디자인,후드일체 밀레 기준 5-600..,5,2025-10-28,3sPtiDA2vH4
신혼_혼수,맞벌이 주방가전 추천,전문가가 직접 써 본 인테리어 필수템 9가지☝️ 삶의 질 수직 상승하는 인테리어 가전💡 주방 가전 설치시 주의사항⚠️ 워시타워 식세기 스타일러 제품추천  #신혼가전 #혼수가전,톤앤톤즈 디자인,시스템에어컨 비용 말씀하신 게 에어컨 자체 비용만일까요? 아님 천장 목공 비용까지 포함일까요?,2,2025-10-28,3sPtiDA2vH4
신혼_혼수,맞벌이 주방가전 추천,전문가가 직접 써 본 인테리어 필수템 9가지☝️ 삶의 질 수직 상승하는 인테리어 가전💡 주방 가전 설치시 주의사항⚠️ 워시타워 식세기 스타일러 제품추천  #신혼가전 #혼수가전,톤앤톤즈 디자인,"말씀하신데로 후드일체형은 냄새를 외부로 빼주는게 아니고 필터로 걸려져서  다시 내부로 순환하는거죠. 높은 냄비 사용하면 효과가 없고,실내에 수증기 생기고 곰팡이 까지 생길수 있어요. 성능은 덕트로 외부로 빼주는게 좋아요.
일체형은 시야를 가리지 않아서 깔끔하다는거  하나죠.",4,2025-11-04,3sPtiDA2vH4
신혼_혼수,맞벌이 주방가전 추천,전문가가 직접 써 본 인테리어 필수템 9가지☝️ 삶의 질 수직 상승하는 인테리어 가전💡 주방 가전 설치시 주의사항⚠️ 워시타워 식세기 스타일러 제품추천  #신혼가전 #혼수가전,톤앤톤즈 디자인,키친핏 냉장고에 빌트인 정수기면 얼음은 따로 얼려먹어야하겠죠?ㅠ 얼음얼리는게 젤귀찮아서 우째야할짘ㅋ,2,2025-12-07,3sPtiDA2vH4
신혼_혼수,맞벌이 주방가전 추천,전문가가 직접 써 본 인테리어 필수템 9가지☝️ 삶의 질 수직 상승하는 인테리어 가전💡 주방 가전 설치시 주의사항⚠️ 워시타워 식세기 스타일러 제품추천  #신혼가전 #혼수가전,톤앤톤즈 디자인,"전반적으로 공감하는데 빌트인 정수기는 생활패턴에 따라서 얼음 많이 먹는 집들은 비추천. 애초에 얼음이 안나오고 매번 냉동실에서 꺼내먹기 매우 귀찮음. 요즘 얼음정수기도 슬림하게 잘 나와서 이거 생각안하고 부엌 디자인만 쫒다가 오히려 삶의질이 불편해짐. 그리고 로봇청소기 3대장에 엘 삼이 왜 끼나요. 로보락 드리미, 약간 떨어지는 에코벡스 정도지 엘지 삼성은 절대 겸상할 자리가 아닌듯요.",13,2025-10-28,3sPtiDA2vH4
신혼_혼수,맞벌이 주방가전 추천,전문가가 직접 써 본 인테리어 필수템 9가지☝️ 삶의 질 수직 상승하는 인테리어 가전💡 주방 가전 설치시 주의사항⚠️ 워시타워 식세기 스타일러 제품추천  #신혼가전 #혼수가전,톤앤톤즈 디자인,"로보락, 드리미, 에코백스...3대장 아닌가",7,2025-10-28,3sPtiDA2vH4
신혼_혼수,맞벌이 주방가전 추천,전문가가 직접 써 본 인테리어 필수템 9가지☝️ 삶의 질 수직 상승하는 인테리어 가전💡 주방 가전 설치시 주의사항⚠️ 워시타워 식세기 스타일러 제품추천  #신혼가전 #혼수가전,톤앤톤즈 디자인,키친핏 추천하는게 개에바네..,3,2025-10-30,3sPtiDA2vH4
신혼_혼수,신혼 에어프라이어 오븐,2025 오븐형 에어프라이어 추천 TOP4 이거사세요!,이거사,청소가 불편해도 풀스텐이 안심이죠.,2,2025-12-15,ge5KDxQzZvE
신혼_혼수,신혼 에어프라이어 오븐,2025 오븐형 에어프라이어 추천 TOP4 이거사세요!,이거사,요즘은 유리로된거가 좋은거 아닌가요?,1,2026-01-13,ge5KDxQzZvE
신혼_혼수,신혼 에어프라이어 오븐,2025 오븐형 에어프라이어 추천 TOP4 이거사세요!,이거사,오븐형은 전체 닦기 힘듦 ㅠ,0,2026-05-31,ge5KDxQzZvE
신혼_혼수,신혼 에어프라이어 오븐,꼭! 신형을 사야하는 이유 3가지🤫쿠진아트 에어프라이어 추천,유리카트,"🔔공구 오픈했어요🔔

☑️영상 아랫쪽에 있는 
관련 동영상 눌러 주시거나

☑️제 채널 ""유리카트""로 와주세요:)",30,2025-10-18,6gi2RMsPDYs
신혼_혼수,신혼 에어프라이어 오븐,꼭! 신형을 사야하는 이유 3가지🤫쿠진아트 에어프라이어 추천,유리카트,쿠진아트 신형 에프 디지털로 바뀐게  단점 1순위로 다들 꼽는건데..,53,2025-10-22,6gi2RMsPDYs
신혼_혼수,신혼 에어프라이어 오븐,꼭! 신형을 사야하는 이유 3가지🤫쿠진아트 에어프라이어 추천,유리카트,요리하고 뚜껑열면 위로 열기 스팀 다 나오는데 디스플레이가 얼마나 버텨줄지 걱정되서 안사고 기다리는중...,1,2026-02-21,6gi2RMsPDYs
신혼_혼수,신혼 에어프라이어 오븐,꼭! 신형을 사야하는 이유 3가지🤫쿠진아트 에어프라이어 추천,유리카트,"와우, 너무 갖고싶네요. 알림 신청합니다",1,2025-10-19,6gi2RMsPDYs
신혼_혼수,신혼 에어프라이어 오븐,꼭! 신형을 사야하는 이유 3가지🤫쿠진아트 에어프라이어 추천,유리카트,알림 신청합니다!,1,2025-10-22,6gi2RMsPDYs
신혼_혼수,신혼 에어프라이어 오븐,꼭! 신형을 사야하는 이유 3가지🤫쿠진아트 에어프라이어 추천,유리카트,알림 설정합니다~,1,2025-10-20,6gi2RMsPDYs
신혼_혼수,신혼 에어프라이어 오븐,꼭! 신형을 사야하는 이유 3가지🤫쿠진아트 에어프라이어 추천,유리카트,알람신청해요~♡,1,2025-10-20,6gi2RMsPDYs
신혼_혼수,신혼 에어프라이어 오븐,꼭! 신형을 사야하는 이유 3가지🤫쿠진아트 에어프라이어 추천,유리카트,카톡알림신청 했습니다...고맙습니다,0,2025-10-20,6gi2RMsPDYs
신혼_혼수,신혼 에어프라이어 오븐,꼭! 신형을 사야하는 이유 3가지🤫쿠진아트 에어프라이어 추천,유리카트,알림 신청합니다~,1,2025-10-20,6gi2RMsPDYs
신혼_혼수,신혼 에어프라이어 오븐,꼭! 신형을 사야하는 이유 3가지🤫쿠진아트 에어프라이어 추천,유리카트,알림 신청이요~🎉,0,2025-10-18,6gi2RMsPDYs
신혼_혼수,신혼 에어프라이어 오븐,꼭! 신형을 사야하는 이유 3가지🤫쿠진아트 에어프라이어 추천,유리카트,알림신청합니다 ^^🎉🎉,0,2025-10-20,6gi2RMsPDYs
신혼_혼수,신혼 에어프라이어 오븐,꼭! 신형을 사야하는 이유 3가지🤫쿠진아트 에어프라이어 추천,유리카트,알림신청합니다😊,0,2025-10-18,6gi2RMsPDYs
신혼_혼수,신혼 에어프라이어 오븐,꼭! 신형을 사야하는 이유 3가지🤫쿠진아트 에어프라이어 추천,유리카트,알림이요~! ❤,0,2025-10-18,6gi2RMsPDYs
신혼_혼수,신혼 에어프라이어 오븐,꼭! 신형을 사야하는 이유 3가지🤫쿠진아트 에어프라이어 추천,유리카트,구매완료했어요 ^^,0,2025-10-22,6gi2RMsPDYs
신혼_혼수,신혼 에어프라이어 오븐,꼭! 신형을 사야하는 이유 3가지🤫쿠진아트 에어프라이어 추천,유리카트,알람신청이요..,0,2025-10-18,6gi2RMsPDYs
신혼_혼수,신혼 에어프라이어 오븐,꼭! 신형을 사야하는 이유 3가지🤫쿠진아트 에어프라이어 추천,유리카트,알람신청이요~,0,2025-10-18,6gi2RMsPDYs
신혼_혼수,신혼 에어프라이어 오븐,꼭! 신형을 사야하는 이유 3가지🤫쿠진아트 에어프라이어 추천,유리카트,알림신청~꾸욱👍,0,2025-10-19,6gi2RMsPDYs
신혼_혼수,신혼 에어프라이어 오븐,꼭! 신형을 사야하는 이유 3가지🤫쿠진아트 에어프라이어 추천,유리카트,알림신청 합니다🎉,0,2025-10-19,6gi2RMsPDYs
신혼_혼수,신혼 에어프라이어 오븐,꼭! 신형을 사야하는 이유 3가지🤫쿠진아트 에어프라이어 추천,유리카트,알림신청이요😊,0,2025-10-18,6gi2RMsPDYs
신혼_혼수,신혼 에어프라이어 오븐,꼭! 신형을 사야하는 이유 3가지🤫쿠진아트 에어프라이어 추천,유리카트,알림신청합니다🔔,0,2025-10-18,6gi2RMsPDYs
신혼_혼수,신혼 에어프라이어 오븐,꼭! 신형을 사야하는 이유 3가지🤫쿠진아트 에어프라이어 추천,유리카트,알림신청해요!!,0,2025-10-18,6gi2RMsPDYs
신혼_혼수,신혼 에어프라이어 오븐,꼭! 신형을 사야하는 이유 3가지🤫쿠진아트 에어프라이어 추천,유리카트,카톡 알림신청 완료요!!,0,2025-10-18,6gi2RMsPDYs
신혼_혼수,신혼 에어프라이어 오븐,꼭! 신형을 사야하는 이유 3가지🤫쿠진아트 에어프라이어 추천,유리카트,알림신청합니다! ~~~~~~~~~~~~~~/,1,2025-10-20,6gi2RMsPDYs
신혼_혼수,신혼 에어프라이어 오븐,꼭! 신형을 사야하는 이유 3가지🤫쿠진아트 에어프라이어 추천,유리카트,알림신청합니다 ~,0,2025-10-18,6gi2RMsPDYs
신혼_혼수,신혼 에어프라이어 오븐,꼭! 신형을 사야하는 이유 3가지🤫쿠진아트 에어프라이어 추천,유리카트,알람신청✋🏻,0,2025-10-18,6gi2RMsPDYs
신혼_혼수,신혼 에어프라이어 오븐,꼭! 신형을 사야하는 이유 3가지🤫쿠진아트 에어프라이어 추천,유리카트,알림신청해요❤,0,2025-10-18,6gi2RMsPDYs
신혼_혼수,신혼 에어프라이어 오븐,꼭! 신형을 사야하는 이유 3가지🤫쿠진아트 에어프라이어 추천,유리카트,알림 신청이요~,0,2025-10-18,6gi2RMsPDYs
신혼_혼수,신혼 에어프라이어 오븐,꼭! 신형을 사야하는 이유 3가지🤫쿠진아트 에어프라이어 추천,유리카트,알람신청 합니다 ^^~,0,2025-10-18,6gi2RMsPDYs
신혼_혼수,신혼 에어프라이어 오븐,꼭! 신형을 사야하는 이유 3가지🤫쿠진아트 에어프라이어 추천,유리카트,알림 신청합니다.,0,2025-10-19,6gi2RMsPDYs
신혼_혼수,신혼 에어프라이어 오븐,꼭! 신형을 사야하는 이유 3가지🤫쿠진아트 에어프라이어 추천,유리카트,"저는다른 요리는 잘안하고
고기,생선굽기위주인데
좋은 쩨품 없을까요😊😊",1,2025-11-23,6gi2RMsPDYs
신혼_혼수,신혼 에어프라이어 오븐,꼭! 신형을 사야하는 이유 3가지🤫쿠진아트 에어프라이어 추천,유리카트,알림신청이용🎉,0,2025-10-19,6gi2RMsPDYs
신혼_혼수,신혼 에어프라이어 오븐,꼭! 신형을 사야하는 이유 3가지🤫쿠진아트 에어프라이어 추천,유리카트,"알림신청이요~
신혼살림 장만합니다",0,2025-10-18,6gi2RMsPDYs
신혼_혼수,신혼 에어프라이어 오븐,꼭! 신형을 사야하는 이유 3가지🤫쿠진아트 에어프라이어 추천,유리카트,알람신청합니다,0,2025-10-18,6gi2RMsPDYs
신혼_혼수,신혼 에어프라이어 오븐,꼭! 신형을 사야하는 이유 3가지🤫쿠진아트 에어프라이어 추천,유리카트,알람 신청합니다,0,2025-10-19,6gi2RMsPDYs
신혼_혼수,신혼 에어프라이어 오븐,꼭! 신형을 사야하는 이유 3가지🤫쿠진아트 에어프라이어 추천,유리카트,알림신청이요👋,0,2025-10-20,6gi2RMsPDYs
신혼_혼수,신혼 에어프라이어 오븐,꼭! 신형을 사야하는 이유 3가지🤫쿠진아트 에어프라이어 추천,유리카트,스팀기능 있나요?,0,2025-10-20,6gi2RMsPDYs
신혼_혼수,신혼 에어프라이어 오븐,꼭! 신형을 사야하는 이유 3가지🤫쿠진아트 에어프라이어 추천,유리카트,알림신청해요~^^♡,0,2025-10-20,6gi2RMsPDYs
신혼_혼수,신혼 에어프라이어 오븐,꼭! 신형을 사야하는 이유 3가지🤫쿠진아트 에어프라이어 추천,유리카트,알람신청이요,0,2025-10-19,6gi2RMsPDYs
신혼_혼수,신혼 에어프라이어 오븐,꼭! 신형을 사야하는 이유 3가지🤫쿠진아트 에어프라이어 추천,유리카트,알림신청 합니다~~^^,0,2025-10-18,6gi2RMsPDYs
신혼_혼수,신혼 에어프라이어 오븐,꼭! 신형을 사야하는 이유 3가지🤫쿠진아트 에어프라이어 추천,유리카트,쿠진아트 에프 알림신청이요~~,1,2025-10-21,6gi2RMsPDYs
신혼_혼수,신혼 에어프라이어 오븐,꼭! 신형을 사야하는 이유 3가지🤫쿠진아트 에어프라이어 추천,유리카트,알림신청이요~,0,2025-10-18,6gi2RMsPDYs
신혼_혼수,신혼 에어프라이어 오븐,꼭! 신형을 사야하는 이유 3가지🤫쿠진아트 에어프라이어 추천,유리카트,알림신청 합니다 :),0,2026-01-12,6gi2RMsPDYs
신혼_혼수,신혼 에어프라이어 오븐,꼭! 신형을 사야하는 이유 3가지🤫쿠진아트 에어프라이어 추천,유리카트,알람신청해요,0,2025-10-20,6gi2RMsPDYs
신혼_혼수,신혼 에어프라이어 오븐,꼭! 신형을 사야하는 이유 3가지🤫쿠진아트 에어프라이어 추천,유리카트,알람신청요~~,0,2025-10-20,6gi2RMsPDYs
신혼_혼수,신혼 에어프라이어 오븐,꼭! 신형을 사야하는 이유 3가지🤫쿠진아트 에어프라이어 추천,유리카트,알림신청해용❤,0,2025-10-18,6gi2RMsPDYs
신혼_혼수,신혼 에어프라이어 오븐,꼭! 신형을 사야하는 이유 3가지🤫쿠진아트 에어프라이어 추천,유리카트,알람 신청,0,2025-10-20,6gi2RMsPDYs
신혼_혼수,신혼 에어프라이어 오븐,꼭! 신형을 사야하는 이유 3가지🤫쿠진아트 에어프라이어 추천,유리카트,알림신청합니다.,0,2025-10-18,6gi2RMsPDYs
신혼_혼수,신혼 에어프라이어 오븐,꼭! 신형을 사야하는 이유 3가지🤫쿠진아트 에어프라이어 추천,유리카트,알림요청해요 기대기대,1,2025-10-20,6gi2RMsPDYs
신혼_혼수,신혼 에어프라이어 오븐,꼭! 신형을 사야하는 이유 3가지🤫쿠진아트 에어프라이어 추천,유리카트,알람요❤,0,2025-10-20,6gi2RMsPDYs
신혼_혼수,신혼 에어프라이어 오븐,꼭! 신형을 사야하는 이유 3가지🤫쿠진아트 에어프라이어 추천,유리카트,알람신청,0,2025-10-18,6gi2RMsPDYs
신혼_혼수,신혼 에어프라이어 오븐,실제로 사용해 본 쿠진아트 오븐 에어프라이어 청소방법?!,임쁨임,실제로 몇번 써보지도 않은 공구팔이들 소개영상만 보다가 이런 실사용후기 보니 너무 도움되네요,226,2025-10-23,bcs1vNirS00
신혼_혼수,신혼 에어프라이어 오븐,실제로 사용해 본 쿠진아트 오븐 에어프라이어 청소방법?!,임쁨임,쿠진아트만 그런게 아니라 모든 오븐 스테인리스 제품은 다 청소가 힘들고 저렇게 됨..,22,2026-03-25,bcs1vNirS00
신혼_혼수,신혼 에어프라이어 오븐,실제로 사용해 본 쿠진아트 오븐 에어프라이어 청소방법?!,임쁨임,"이런 후기가 소비자들에겐 진짜 필요하죠… 요리하기 부담스럽지 않은 가전들이 좋은 것 같아요
청소가 진짜 넘 스트레스 ㅜㅡㅜ",388,2025-08-25,bcs1vNirS00
신혼_혼수,신혼 에어프라이어 오븐,실제로 사용해 본 쿠진아트 오븐 에어프라이어 청소방법?!,임쁨임,이게 코팅아닌 스텐의 단점임.....온도 올라가면서 이물질하고 화학적으로 결합해버려서 청소가 너무 빡셈,28,2026-01-07,bcs1vNirS00
신혼_혼수,신혼 에어프라이어 오븐,실제로 사용해 본 쿠진아트 오븐 에어프라이어 청소방법?!,임쁨임,"전면 하부 청소하다 스테인레스절단면에 손 심하게 베었습니다.
손이 벌렁하더라구요.장갑여려겹 끼고 하셔야 합니다.아님 하부는 닦지마세요",39,2026-01-08,bcs1vNirS00
신혼_혼수,신혼 에어프라이어 오븐,실제로 사용해 본 쿠진아트 오븐 에어프라이어 청소방법?!,임쁨임,단점을 명확하게 알려주셔서 감사합니다,256,2025-07-28,bcs1vNirS00
신혼_혼수,신혼 에어프라이어 오븐,실제로 사용해 본 쿠진아트 오븐 에어프라이어 청소방법?!,임쁨임,급 사고싶었는데 다시  참을수 있게 되었네요..😅,20,2026-01-09,bcs1vNirS00
신혼_혼수,신혼 에어프라이어 오븐,실제로 사용해 본 쿠진아트 오븐 에어프라이어 청소방법?!,임쁨임,"안경을 벗고 사시면됩니다 평소 귀찮아서 안경벗고 다녔는데 티비보느라 안경쓰고있다가 화장실갔는데 그동안 완죤 깨끗한 내살림 칭찬이 한순간에 와르륵 ㅜㅜ 내가 이런 화장실을 썻다고 으아악
그다음부턴 몸컨디션 좋을땐 안경쓰고 청소 빡빡하고 귀찮다싶음 안경을벗고 깨끗하다 주문을외움요 😂😂😂",11,2025-12-19,bcs1vNirS00
신혼_혼수,신혼 에어프라이어 오븐,실제로 사용해 본 쿠진아트 오븐 에어프라이어 청소방법?!,임쁨임,올스텐의 단점... 잘 안지워짐... 괜히 코팅 후라이팬 이런거 사용하는게 아니죠 ㅠ,17,2025-12-10,bcs1vNirS00
신혼_혼수,신혼 에어프라이어 오븐,실제로 사용해 본 쿠진아트 오븐 에어프라이어 청소방법?!,임쁨임,사기전에 이영상을 보게되서 다행이네요,48,2025-08-26,bcs1vNirS00
신혼_혼수,신혼 에어프라이어 오븐,실제로 사용해 본 쿠진아트 오븐 에어프라이어 청소방법?!,임쁨임,"3년-4년 이상 쓰고 있는데, 기본 동봉된 팬은 그냥 철 수세미로 박박 닦아서 쓰고 별도로 고객센터에 문의해서 스텐밧드 2개 더 사서 쓰는데 나쁘지 않았어요. 
사실 전 토스트와 제빵 제과에 더 많이 쓰기 때문에 고기를 굽거나 하지는 않고 돈가스나 치킨 데워 먹는 정도에요. 
진짜 흐린 눈이 필요합니다. 
오븐 크리너로 닦아도 닦이지 않는 구간이 있어요. 😂",9,2025-10-31,bcs1vNirS00
신혼_혼수,신혼 에어프라이어 오븐,실제로 사용해 본 쿠진아트 오븐 에어프라이어 청소방법?!,임쁨임,사후관리만큼 중요한게 없죠… 청소가 힘들면 사고싶은 마음이 사라져요,119,2025-07-28,bcs1vNirS00
신혼_혼수,신혼 에어프라이어 오븐,실제로 사용해 본 쿠진아트 오븐 에어프라이어 청소방법?!,임쁨임,"쿠진아트 2년째 쓰고있는데
한두번 청소하지  않았다고
저렇게까지 심하게 오염되지않아요
애가 첫월급으로 사줬는데
정말 오븐이  있고없고 요리의 
혁신입니다.
그런데 다른오븐 쓰는 친구들얘기
들어보면 거의 다 같은고민
청소가 너무 힘들다 생각하면
오븐 쓰기를 포기해야죠.",4,2026-04-12,bcs1vNirS00
신혼_혼수,신혼 에어프라이어 오븐,실제로 사용해 본 쿠진아트 오븐 에어프라이어 청소방법?!,임쁨임,"와우.이런 행운이...
요거 살까 고민중이였는데, 감사합니다",35,2025-12-21,bcs1vNirS00
신혼_혼수,신혼 에어프라이어 오븐,실제로 사용해 본 쿠진아트 오븐 에어프라이어 청소방법?!,임쁨임,매번 닦아내서 새것처럼 유지중 12개월 사용,10,2026-01-05,bcs1vNirS00
신혼_혼수,신혼 에어프라이어 오븐,실제로 사용해 본 쿠진아트 오븐 에어프라이어 청소방법?!,임쁨임,"나도 흐린눈으로 보면서 사용중
세제로 닦아도 거품을 완벽하게 다 닦을수없고 해서 세제는 엄두를 못냄.조만간 바꾸는게 쵝오임",12,2025-08-18,bcs1vNirS00
신혼_혼수,신혼 에어프라이어 오븐,실제로 사용해 본 쿠진아트 오븐 에어프라이어 청소방법?!,임쁨임,지금 버릴까 다시 닦아볼까 하고 고민하는 중 입니다.......,5,2025-11-03,bcs1vNirS00
신혼_혼수,신혼 에어프라이어 오븐,실제로 사용해 본 쿠진아트 오븐 에어프라이어 청소방법?!,임쁨임,장바구니에 넣었는데 당장빼야겠네요 감사해요,5,2026-01-10,bcs1vNirS00
신혼_혼수,신혼 에어프라이어 오븐,실제로 사용해 본 쿠진아트 오븐 에어프라이어 청소방법?!,임쁨임,쿠진아트 3개월쓰고  저도 당근해버림 스테인리스기름기 변색돼 묻으면 안지워짐ㅋㅋㅋ청소뒤져,9,2025-11-15,bcs1vNirS00
신혼_혼수,신혼 에어프라이어 오븐,실제로 사용해 본 쿠진아트 오븐 에어프라이어 청소방법?!,임쁨임,찐 이네 이건 ㅋㅋㅋ,9,2025-08-13,bcs1vNirS00
신혼_혼수,신혼 에어프라이어 오븐,실제로 사용해 본 쿠진아트 오븐 에어프라이어 청소방법?!,임쁨임,저 고기기름에 불붙어서 엄청 놀랬어요 소화기뿌리기직전에 꺼져서 그이후로 기름많은건 무서워서 못하고있어요,6,2025-12-09,bcs1vNirS00
신혼_혼수,신혼 에어프라이어 오븐,실제로 사용해 본 쿠진아트 오븐 에어프라이어 청소방법?!,임쁨임,"결론, 해결방법까지 있길 바랬는데....
저도 지금 사용중인데 그냥 어쩔수 없다 생각하고 대충 닦고 사용합니다...ㅜㅜ
진짜 안 닦여요. 심지어 저 스텐받침도 몇번 굳으면 안닦여서 닦는것도 일이네요..
고구마, 빵, 너겟 정도 굽고 사용합니다.

아 그런데, 바스킷형, 전자렌지겸용오븐, 쿠진아트 이렇게 세가지 타입 써봤는데, 솔직히 기능은 쿠진아트가 제일 좋아서 안쓸수는 없겠어요. 요리가 제일 맛있게 됩니다.",2,2025-12-29,bcs1vNirS00
신혼_혼수,신혼 에어프라이어 오븐,실제로 사용해 본 쿠진아트 오븐 에어프라이어 청소방법?!,임쁨임,"와 이거 진짜 진짜 찐후기!!! 쿠진아트 에프 다른 모델, 전자레인지 형 모양으로 된거 썼는데 이렇게 오븐/전자레인지처럼 생긴 것들 청소가 문제인것 같아요. 그 pot형처럼 꺼내서 세척하고 뚜겅 세척하기 좋은 형태는 아니니까요.. 그런데 또 pot형은 화력이랑 들어가는 용량이 작아서 그게 불편하구요.",2,2026-01-06,bcs1vNirS00
신혼_혼수,신혼 에어프라이어 오븐,실제로 사용해 본 쿠진아트 오븐 에어프라이어 청소방법?!,임쁨임,요즘 많이 보이길래 이걸로 바꿀까 했는데 감사합니다..ㅎㅎ 기존에 바스켓형 계속 써야겠네요..ㅎ,0,2026-02-22,bcs1vNirS00
신혼_혼수,신혼 에어프라이어 오븐,실제로 사용해 본 쿠진아트 오븐 에어프라이어 청소방법?!,임쁨임,고등어 한번 굽고나서 청소에 식겁하고 빵굽거나 피자데우기 치킨너겟같은거 뎁히는거 하고 닌자그릴사서  고기생선 구워요.,3,2025-12-21,bcs1vNirS00
신혼_혼수,신혼 에어프라이어 오븐,실제로 사용해 본 쿠진아트 오븐 에어프라이어 청소방법?!,임쁨임,"저도 그래서 빵 굽는 용도로 쓰고 요리를 안하게ㅜ되더라고요ㅠㅠ 청소가 너무 힘든 구조에요…
저에게는 살짝 후회템입니다ㅋㅋ
단점영상을 빨리 볼걸!!ㅋㅋㅋ",9,2025-09-23,bcs1vNirS00
신혼_혼수,신혼 에어프라이어 오븐,실제로 사용해 본 쿠진아트 오븐 에어프라이어 청소방법?!,임쁨임,이런 찐 후기 넘 좋아요 구독합니다 감사합니다 ❤,10,2025-08-30,bcs1vNirS00
신혼_혼수,신혼 에어프라이어 오븐,실제로 사용해 본 쿠진아트 오븐 에어프라이어 청소방법?!,임쁨임,"청소 난이도가 어떨지 고민중이었는데,,역시나 쉽지는 않나 보네요. 도움되는 영상!!",0,2026-02-14,bcs1vNirS00
신혼_혼수,신혼 에어프라이어 오븐,실제로 사용해 본 쿠진아트 오븐 에어프라이어 청소방법?!,임쁨임,올스텐은 아스토니쉬 키친샤이너로 닦거나 뜨거운 과탄산에 담갔다가 쓰면 깨끗. 귀찮으면 손제정제 문땐후 십분후쯤 수세미로 닦아요. 것도 귀찮아서 종이호일 깔지만😮,2,2026-01-18,bcs1vNirS00
신혼_혼수,신혼 에어프라이어 오븐,실제로 사용해 본 쿠진아트 오븐 에어프라이어 청소방법?!,임쁨임,정말 감사합니다 🙏,0,2025-12-31,bcs1vNirS00
신혼_혼수,신혼 에어프라이어 오븐,실제로 사용해 본 쿠진아트 오븐 에어프라이어 청소방법?!,임쁨임,"진짜 찐!!!!! 다른영상들에서 잘 닦인다고 하는거 다 거짓말이에여 ㅋㅋㅋㅋㅋ 
그나마 스빈또 스웨덴 수세미가 닦여요!! 근데 기름떼가 생기고 나서 열이 한번 더 가해지면 잘 안닦여요. 한번하고 닦는게 중요해요. 영상에서처럼 고기 기름은 진짜 안닦여요 ㅜㅜ 그나마 냉동식품 빵은 스빈또로 잘 닦이는편입니다.",7,2025-09-14,bcs1vNirS00
신혼_혼수,신혼 에어프라이어 오븐,실제로 사용해 본 쿠진아트 오븐 에어프라이어 청소방법?!,임쁨임,눈감고 씁니다~ㅋ,15,2025-07-29,bcs1vNirS00
신혼_혼수,신혼 에어프라이어 오븐,실제로 사용해 본 쿠진아트 오븐 에어프라이어 청소방법?!,임쁨임,이런 어려움이 있었네요❤,6,2025-07-27,bcs1vNirS00
신혼_혼수,신혼 에어프라이어 오븐,실제로 사용해 본 쿠진아트 오븐 에어프라이어 청소방법?!,임쁨임,저도  청소  힘들어요  제껀  문 틈으로 김도 새요 ㅠ ㅠ  얼른  막쓰고   좀더  편한거로 바꾸고  싶어요,0,2026-01-19,bcs1vNirS00
신혼_혼수,신혼 에어프라이어 오븐,실제로 사용해 본 쿠진아트 오븐 에어프라이어 청소방법?!,임쁨임,구멍있는곳 분해안되면 절대ㅜ사면 안되는 제품인듯...닦을때마다 저기 끼일텐데 그게 요리할때마다 음식에 침투될듯하네요,2,2025-12-08,bcs1vNirS00
신혼_혼수,신혼 에어프라이어 오븐,실제로 사용해 본 쿠진아트 오븐 에어프라이어 청소방법?!,임쁨임,현실적인 후기 알려주셔서 구독했어요,0,2025-11-08,bcs1vNirS00
신혼_혼수,신혼 에어프라이어 오븐,실제로 사용해 본 쿠진아트 오븐 에어프라이어 청소방법?!,임쁨임,ㅋㅋ 청소를 하지말라고 만들어 놨네,10,2026-01-06,bcs1vNirS00
신혼_혼수,신혼 에어프라이어 오븐,실제로 사용해 본 쿠진아트 오븐 에어프라이어 청소방법?!,임쁨임,아기 소금빵이랑 닭 구워주려고 샀다가 몇달 못쓰고 버렸습니다. 닦아지지도 않고 독한 세제로 거품청소하면 저기 구멍에 다 들어가서 닦아낼 수가 없는데 거기에 음식 다시 넣기도 뭐하고 글구 그릴모드였나? 암튼 그거 돌리면 내부에서 무슨 연기가 어마어마하게 나옵니다. 집에서 화재경보기 울렸어요. 그뒤로 버림.,2,2026-03-28,bcs1vNirS00
신혼_혼수,신혼 에어프라이어 오븐,실제로 사용해 본 쿠진아트 오븐 에어프라이어 청소방법?!,임쁨임,에프사려는데 도움이 됐습니다,6,2025-08-01,bcs1vNirS00
신혼_혼수,신혼 에어프라이어 오븐,실제로 사용해 본 쿠진아트 오븐 에어프라이어 청소방법?!,임쁨임,소중한 후기 너무 감사해요,0,2025-11-16,bcs1vNirS00
신혼_혼수,신혼 에어프라이어 오븐,실제로 사용해 본 쿠진아트 오븐 에어프라이어 청소방법?!,임쁨임,진짜 이런게 찐후기🎉,0,2026-04-08,bcs1vNirS00
신혼_혼수,신혼 에어프라이어 오븐,실제로 사용해 본 쿠진아트 오븐 에어프라이어 청소방법?!,임쁨임,토스트기 안 쓰는게 세척이 어려움. 귀찮아도 그냥 후라이팬에 구움.,4,2025-12-10,bcs1vNirS00
신혼_혼수,신혼 에어프라이어 오븐,실제로 사용해 본 쿠진아트 오븐 에어프라이어 청소방법?!,임쁨임,쿠진아트 스팀에프 신제품도 리뷰 궁금해욤,2,2026-01-14,bcs1vNirS00
신혼_혼수,신혼 에어프라이어 오븐,실제로 사용해 본 쿠진아트 오븐 에어프라이어 청소방법?!,임쁨임,에어프라이어의 핵심 감사합니다,3,2025-09-01,bcs1vNirS00
신혼_혼수,신혼 에어프라이어 오븐,실제로 사용해 본 쿠진아트 오븐 에어프라이어 청소방법?!,임쁨임,"전 미국사는데, 이 oven 사용한지 꽤 오랜데, 얼마전에  the pink stuff 으로 다 완전 깨끗이 닦아냈어요. 세척 어려운건 맞는데, 맞는 세재만 찾음 되더라구요. 아주 새거처럼 보이게 돌려놨어요",6,2026-01-06,bcs1vNirS00
신혼_혼수,신혼 에어프라이어 오븐,실제로 사용해 본 쿠진아트 오븐 에어프라이어 청소방법?!,임쁨임,찐후기 감사합니다😂,0,2025-09-23,bcs1vNirS00
신혼_혼수,신혼 에어프라이어 오븐,실제로 사용해 본 쿠진아트 오븐 에어프라이어 청소방법?!,임쁨임,철수세미로 박박 닦는게 아니면 저런때는 진짜 안지워지는게 너무 슬프죠 ㅠㅠ 그래서 시원함을 가지면 흠집 나는건 덤....?!,1,2025-09-06,bcs1vNirS00
신혼_혼수,신혼 에어프라이어 오븐,실제로 사용해 본 쿠진아트 오븐 에어프라이어 청소방법?!,임쁨임,아하! 그럼 쿠진아트 사서 처음 쓰기 전에 청소하기 쉽도록  아예 쿠킹호일로 다 감싸놓고 쓰기 시작해야겠군 🤔,1,2025-12-20,bcs1vNirS00
신혼_혼수,신혼 에어프라이어 오븐,실제로 사용해 본 쿠진아트 오븐 에어프라이어 청소방법?!,임쁨임,인스타서 너무 팔아대서 볼때마다 살까하고 혹했는데 안사고 지나치길 참 잘했네,3,2025-12-20,bcs1vNirS00
신혼_혼수,신혼 에어프라이어 오븐,실제로 사용해 본 쿠진아트 오븐 에어프라이어 청소방법?!,임쁨임,뺄수 있는건 빼서 씻고 내부는 대충 닦아서 사용하고 3년 정도 쓰고 교체 합니다.,1,2025-09-24,bcs1vNirS00
신혼_혼수,신혼 에어프라이어 오븐,&quot;고민할 필요가 없네요&quot; 2024 에어프라이어 오븐형 VS 바스켓형 원픽! [에어프라이어 추천 리뷰👨‍🍳],구매리즘,오븐형 살려면 스팀 강추입니다. 맛도 맛이지만 청소가 정말 편리하네요.,41,2024-09-30,XTY9Ftrfk_g
신혼_혼수,신혼 에어프라이어 오븐,&quot;고민할 필요가 없네요&quot; 2024 에어프라이어 오븐형 VS 바스켓형 원픽! [에어프라이어 추천 리뷰👨‍🍳],구매리즘,아이닉 쓰고 있는데 요즘은 닌자에어그릴이 좋아보여요 가격이 비싸지만 성능이 진짜좋은 것 같아요,10,2024-11-26,XTY9Ftrfk_g
신혼_혼수,신혼 에어프라이어 오븐,&quot;고민할 필요가 없네요&quot; 2024 에어프라이어 오븐형 VS 바스켓형 원픽! [에어프라이어 추천 리뷰👨‍🍳],구매리즘,정리 훌륭합니다,14,2024-04-30,XTY9Ftrfk_g
신혼_혼수,신혼 에어프라이어 오븐,&quot;고민할 필요가 없네요&quot; 2024 에어프라이어 오븐형 VS 바스켓형 원픽! [에어프라이어 추천 리뷰👨‍🍳],구매리즘,와 프로 일잘러의 보고서를 보는 기분이네요!! 많은 정보를 복잡하거나 어렵지 않게 깔끔하게 전달해주셔서 항상 감탄하며 보고 있습니다👍👍👍,32,2024-04-26,XTY9Ftrfk_g
신혼_혼수,신혼 에어프라이어 오븐,&quot;고민할 필요가 없네요&quot; 2024 에어프라이어 오븐형 VS 바스켓형 원픽! [에어프라이어 추천 리뷰👨‍🍳],구매리즘,"각각 장단점이 극명한듯 어차피 세척은 둘 다 불편함(오븐은 내부 세척, 바스켓은 전체 세척해야함) 장점을 보고 원하는 기능을 선택하면 될듯",14,2025-03-24,XTY9Ftrfk_g
신혼_혼수,신혼 에어프라이어 오븐,&quot;고민할 필요가 없네요&quot; 2024 에어프라이어 오븐형 VS 바스켓형 원픽! [에어프라이어 추천 리뷰👨‍🍳],구매리즘,에어프라이어는 바스켓이 편하더라구요 오븐형은 다 되고나서 끄낼때도 화상 조심하셔야 하고요 청소도 바스켓에 비하면 불편하고요 어르신들이나 애들이 쓰기에는 바스켓이 편하더라구요,8,2024-11-02,XTY9Ftrfk_g
신혼_혼수,신혼 에어프라이어 오븐,&quot;고민할 필요가 없네요&quot; 2024 에어프라이어 오븐형 VS 바스켓형 원픽! [에어프라이어 추천 리뷰👨‍🍳],구매리즘,유리 바스켓형 청소 너무 쉽고 편해서 잘샀다고 생각해요,23,2024-05-27,XTY9Ftrfk_g
신혼_혼수,신혼 에어프라이어 오븐,&quot;고민할 필요가 없네요&quot; 2024 에어프라이어 오븐형 VS 바스켓형 원픽! [에어프라이어 추천 리뷰👨‍🍳],구매리즘,"두가지 다 사용했는데 두가지 다 
좋아요 필요에 따라 사용하면  될것 같고
부엌이 넓으면 둘다 가지고 쓰세요",10,2024-06-07,XTY9Ftrfk_g
신혼_혼수,신혼 에어프라이어 오븐,&quot;고민할 필요가 없네요&quot; 2024 에어프라이어 오븐형 VS 바스켓형 원픽! [에어프라이어 추천 리뷰👨‍🍳],구매리즘,"어쩜 이렇게 궁금한 것들만 쏙쏙 잘 전달하시나요... '진짜 똑똑하게 구매'하도록 돕는데는 구매리즘 채널만한 곳이 없습니다!! ^^
쿠진아트 에어프라이어 고민 중이라 예전에 봤던 영상이지만 다시 보러 왔어요. 
장단점 비교랑 완성된 요리까지 딱 보여주니 구매 선택 고민이 싹 사라지네요. 
좋은 영상 만들어주셔서 감사합니다..👍👍👍",6,2025-02-24,XTY9Ftrfk_g
신혼_혼수,신혼 에어프라이어 오븐,&quot;고민할 필요가 없네요&quot; 2024 에어프라이어 오븐형 VS 바스켓형 원픽! [에어프라이어 추천 리뷰👨‍🍳],구매리즘,"정말.. ㅡ_ㅡ 디테일이 어마어마 하네요~~~ 영상도 다 직접 찍으시고 ~!!! 멋짐 멋짐 입니다. ^^!!!!
많이 배우고 갑니다 ^^ 
올스텐이면 확실히 관리가 편한것 같더라구요..",35,2024-05-15,XTY9Ftrfk_g
신혼_혼수,신혼 에어프라이어 오븐,&quot;고민할 필요가 없네요&quot; 2024 에어프라이어 오븐형 VS 바스켓형 원픽! [에어프라이어 추천 리뷰👨‍🍳],구매리즘,쿠진아트 생선 굽고 나면 안에 생선 냄새 베이지 않나요? 현재 광파오븐 쓰고 있는데 생선 그릴하고 나면 냄새 너무 남아서 그 기능을 안쓰고 있거든요. 냄새 베이지 않는다면 구입하고 싶어요,7,2025-01-11,XTY9Ftrfk_g
신혼_혼수,신혼 에어프라이어 오븐,&quot;고민할 필요가 없네요&quot; 2024 에어프라이어 오븐형 VS 바스켓형 원픽! [에어프라이어 추천 리뷰👨‍🍳],구매리즘,오 이거 딱 2개 고민중이었는데 ㅋㅋㅋ,0,2025-12-24,XTY9Ftrfk_g
신혼_혼수,신혼 에어프라이어 오븐,&quot;고민할 필요가 없네요&quot; 2024 에어프라이어 오븐형 VS 바스켓형 원픽! [에어프라이어 추천 리뷰👨‍🍳],구매리즘,디테일한 설명과 체험~선택 유형까지~믿음이 가는구매리즘 입니다~유용한 정보 감사합니다 😊,0,2024-11-09,XTY9Ftrfk_g
신혼_혼수,신혼 에어프라이어 오븐,&quot;고민할 필요가 없네요&quot; 2024 에어프라이어 오븐형 VS 바스켓형 원픽! [에어프라이어 추천 리뷰👨‍🍳],구매리즘,처음에 스텐 얘기할때는 아닌거에대한 위험성을 얘기했는데 종일호일? 쓰는거 보고 도긴개긴 느낌이 ㅋㅋㅋ,10,2024-08-06,XTY9Ftrfk_g
신혼_혼수,신혼 에어프라이어 오븐,&quot;고민할 필요가 없네요&quot; 2024 에어프라이어 오븐형 VS 바스켓형 원픽! [에어프라이어 추천 리뷰👨‍🍳],구매리즘,감사합니다 :-) 많은 참고가 되었어용,0,2024-12-28,XTY9Ftrfk_g
신혼_혼수,신혼 에어프라이어 오븐,&quot;고민할 필요가 없네요&quot; 2024 에어프라이어 오븐형 VS 바스켓형 원픽! [에어프라이어 추천 리뷰👨‍🍳],구매리즘,"아이닉 잘되긴 하는데
로스팅트레이 고무가 자꾸 밀리고
점점 찢어져요😢",7,2024-05-12,XTY9Ftrfk_g
신혼_혼수,신혼 에어프라이어 오븐,&quot;고민할 필요가 없네요&quot; 2024 에어프라이어 오븐형 VS 바스켓형 원픽! [에어프라이어 추천 리뷰👨‍🍳],구매리즘,닌자구형이랑 아이닉중에 고민하고 있는데 멀사야 잘쓸까요…오븐형이 있는데 너무 커서 시간도 오래걸리고 잘 안쓰게 되네요.,1,2024-12-17,XTY9Ftrfk_g
신혼_혼수,신혼 에어프라이어 오븐,&quot;고민할 필요가 없네요&quot; 2024 에어프라이어 오븐형 VS 바스켓형 원픽! [에어프라이어 추천 리뷰👨‍🍳],구매리즘,전 개인적으로 오븐형으로 안 산거 엄청 후회하고 있습니다. 쿠쿠에서 나온게 디자인이 이뻐서 샀는데 엄청 후회 중 조각 피자만 돌릴 수 있어요 ㅠㅠ 돌릴 때 한판 다 돌려야 하는데... 그리고 조리 중간에 꼭 뒤집어 줘야 음식 퀄이 좋아집니다... 여기서 추천하는 오븐형이 진짜 쿠쿠랑 비교질 하다 안 산 제품인데... 저는 첨 쓰는 거라 싼거 써보고 바꾸지 뭐 했는데 이중 지출하게 생겼네요...,4,2024-11-06,XTY9Ftrfk_g
신혼_혼수,신혼 에어프라이어 오븐,&quot;고민할 필요가 없네요&quot; 2024 에어프라이어 오븐형 VS 바스켓형 원픽! [에어프라이어 추천 리뷰👨‍🍳],구매리즘,영상퀄이 좋다,12,2024-08-26,XTY9Ftrfk_g
신혼_혼수,신혼 에어프라이어 오븐,&quot;고민할 필요가 없네요&quot; 2024 에어프라이어 오븐형 VS 바스켓형 원픽! [에어프라이어 추천 리뷰👨‍🍳],구매리즘,열선이 오븐형의 단점이라고 하기에는 바스켓형도 상부에 열선이 있어서 청소가 어려운 것은 동일합니다!,26,2024-04-26,XTY9Ftrfk_g
신혼_혼수,신혼 에어프라이어 오븐,&quot;고민할 필요가 없네요&quot; 2024 에어프라이어 오븐형 VS 바스켓형 원픽! [에어프라이어 추천 리뷰👨‍🍳],구매리즘,스테인에스 트레이등을 연마작업을 어떻게 하시나요?,0,2024-12-08,XTY9Ftrfk_g
신혼_혼수,신혼 에어프라이어 오븐,&quot;고민할 필요가 없네요&quot; 2024 에어프라이어 오븐형 VS 바스켓형 원픽! [에어프라이어 추천 리뷰👨‍🍳],구매리즘,"우리 가족들이 가장 잘 사용하고 있는  주방소형 가전,  쿠지니 에프
'오븐도  잘 사용하고 있는데 궂이 에프까지 필요할까' 라는 생각으로  한참 밥통필립스 유행하던 그때에도  에프 안사고 버티고 있었는데 
쿠지니 사용  5년차 후기,   만족도 최상",7,2024-06-04,XTY9Ftrfk_g
신혼_혼수,신혼 에어프라이어 오븐,&quot;고민할 필요가 없네요&quot; 2024 에어프라이어 오븐형 VS 바스켓형 원픽! [에어프라이어 추천 리뷰👨‍🍳],구매리즘,에어프라이어 진짜... 한번 살때 꼼꼼하게 나에게 맞는 스타일 따져보고 사야돼요. 그냥 막 사면 후회하고서 처치도 곤란 ㅠ,8,2024-04-26,XTY9Ftrfk_g
신혼_혼수,신혼 에어프라이어 오븐,&quot;고민할 필요가 없네요&quot; 2024 에어프라이어 오븐형 VS 바스켓형 원픽! [에어프라이어 추천 리뷰👨‍🍳],구매리즘,입주하면서 오븐 에어프라이기 스팀 다있는 빌트인이 있는데 에프가 바삭하게 안되네요 이경우 바스켓형사는게 답인가요,2,2024-06-23,XTY9Ftrfk_g
신혼_혼수,신혼 에어프라이어 오븐,&quot;고민할 필요가 없네요&quot; 2024 에어프라이어 오븐형 VS 바스켓형 원픽! [에어프라이어 추천 리뷰👨‍🍳],구매리즘,오븐은 풀무원게 낫지 않나? 스팀쿡이 올스테인리스라  더 좋을텐데,2,2024-06-12,XTY9Ftrfk_g
신혼_혼수,신혼 에어프라이어 오븐,&quot;고민할 필요가 없네요&quot; 2024 에어프라이어 오븐형 VS 바스켓형 원픽! [에어프라이어 추천 리뷰👨‍🍳],구매리즘,"쿠진아트 내부 스테인리스 아니라서 힘들다는 댓글들이 많아서 찾아보니 리뉴얼되서 
내부 스테인리스 스틸로 유지관리 편하다고 강조하네요",15,2024-12-19,XTY9Ftrfk_g
신혼_혼수,신혼 에어프라이어 오븐,&quot;고민할 필요가 없네요&quot; 2024 에어프라이어 오븐형 VS 바스켓형 원픽! [에어프라이어 추천 리뷰👨‍🍳],구매리즘,식빵 베이킹때문에 무조건 오븐형 사려 했다가.. 이 영상 보고 현실 직시에 큰 도움 받습니다,1,2024-06-03,XTY9Ftrfk_g
신혼_혼수,신혼 에어프라이어 오븐,&quot;고민할 필요가 없네요&quot; 2024 에어프라이어 오븐형 VS 바스켓형 원픽! [에어프라이어 추천 리뷰👨‍🍳],구매리즘,아이닉 올스텐 에어프라이어 ao 16리터도 있던데 어떨까요?,2,2024-09-25,XTY9Ftrfk_g
신혼_혼수,신혼 에어프라이어 오븐,&quot;고민할 필요가 없네요&quot; 2024 에어프라이어 오븐형 VS 바스켓형 원픽! [에어프라이어 추천 리뷰👨‍🍳],구매리즘,"에어프라이어 쓰면서 조리모드는 써본적이 없는데 저게 의미있는건가요?
그냥 온도랑 시간만 음식에 맞게 조절하면 끝인거같은데",0,2025-05-31,XTY9Ftrfk_g
신혼_혼수,신혼 에어프라이어 오븐,&quot;고민할 필요가 없네요&quot; 2024 에어프라이어 오븐형 VS 바스켓형 원픽! [에어프라이어 추천 리뷰👨‍🍳],구매리즘,영상 너무 좋고 설명 좋고 목소리 너무 좋으십니다,0,2024-08-17,XTY9Ftrfk_g
신혼_혼수,신혼 에어프라이어 오븐,&quot;고민할 필요가 없네요&quot; 2024 에어프라이어 오븐형 VS 바스켓형 원픽! [에어프라이어 추천 리뷰👨‍🍳],구매리즘,집에 오븐이 있으니까 바구니형을 사야겠는데요,2,2024-09-15,XTY9Ftrfk_g
신혼_혼수,신혼 에어프라이어 오븐,&quot;고민할 필요가 없네요&quot; 2024 에어프라이어 오븐형 VS 바스켓형 원픽! [에어프라이어 추천 리뷰👨‍🍳],구매리즘,엘지 오브제 광파오븐 어떤가요?,0,2024-09-23,XTY9Ftrfk_g
신혼_혼수,신혼 에어프라이어 오븐,&quot;고민할 필요가 없네요&quot; 2024 에어프라이어 오븐형 VS 바스켓형 원픽! [에어프라이어 추천 리뷰👨‍🍳],구매리즘,글라스사려고 하다가 들어와 보고 있는데… 오븐형은 우선 제외하고 있거든요,1,2024-05-03,XTY9Ftrfk_g
신혼_혼수,신혼 에어프라이어 오븐,&quot;고민할 필요가 없네요&quot; 2024 에어프라이어 오븐형 VS 바스켓형 원픽! [에어프라이어 추천 리뷰👨‍🍳],구매리즘,아이닉 에어프라이어 잘쓰고 있어요! 추천!,16,2024-05-06,XTY9Ftrfk_g
신혼_혼수,신혼 에어프라이어 오븐,&quot;고민할 필요가 없네요&quot; 2024 에어프라이어 오븐형 VS 바스켓형 원픽! [에어프라이어 추천 리뷰👨‍🍳],구매리즘,설명 감사합니다❤❤❤,5,2024-10-01,XTY9Ftrfk_g
신혼_혼수,신혼 에어프라이어 오븐,&quot;고민할 필요가 없네요&quot; 2024 에어프라이어 오븐형 VS 바스켓형 원픽! [에어프라이어 추천 리뷰👨‍🍳],구매리즘,바스켓형 7L 정도면 시중에 파는 냉동피자 한판 통채로 다들어가나요?,0,2024-10-03,XTY9Ftrfk_g
신혼_혼수,신혼 에어프라이어 오븐,&quot;고민할 필요가 없네요&quot; 2024 에어프라이어 오븐형 VS 바스켓형 원픽! [에어프라이어 추천 리뷰👨‍🍳],구매리즘,리뷰 굿,0,2025-03-09,XTY9Ftrfk_g
신혼_혼수,신혼 에어프라이어 오븐,&quot;고민할 필요가 없네요&quot; 2024 에어프라이어 오븐형 VS 바스켓형 원픽! [에어프라이어 추천 리뷰👨‍🍳],구매리즘,벌써 그리운 목소리😢,2,2025-04-16,XTY9Ftrfk_g
신혼_혼수,신혼 에어프라이어 오븐,&quot;고민할 필요가 없네요&quot; 2024 에어프라이어 오븐형 VS 바스켓형 원픽! [에어프라이어 추천 리뷰👨‍🍳],구매리즘,"스텐 절대 구입하지 마세요.
청소 진짜 힘듭니다.
기름이 있는 음식은(삼겹살. 생선. 치킨등등) 고열로 인해 기름이 눌러붙습니다.
문제는 이게 웬만해서 수세미로 밀어도 안닦어요.
이건 스텐의 성질때문에 베이킹소다로 힘들게 밀어야 그나마 없어짐.
스텐으로 된 후라이팬. 냄비또한 똑같습니다.
청소하기 진짜 힘듦.
그냥 테프론 코팅으로 사용하다가 나중에 닳으면 교체만 하면 됩니다.
브랜드가 있는 제품은 따로 팝니다.",19,2024-07-29,XTY9Ftrfk_g
신혼_혼수,신혼 에어프라이어 오븐,&quot;고민할 필요가 없네요&quot; 2024 에어프라이어 오븐형 VS 바스켓형 원픽! [에어프라이어 추천 리뷰👨‍🍳],구매리즘,설명 자세히 해주셔서 도움 되었네용,1,2024-07-13,XTY9Ftrfk_g
신혼_혼수,신혼 에어프라이어 오븐,&quot;고민할 필요가 없네요&quot; 2024 에어프라이어 오븐형 VS 바스켓형 원픽! [에어프라이어 추천 리뷰👨‍🍳],구매리즘,그릴판이 불소수지 코팅인거지요~,2,2024-08-31,XTY9Ftrfk_g
신혼_혼수,신혼 에어프라이어 오븐,&quot;고민할 필요가 없네요&quot; 2024 에어프라이어 오븐형 VS 바스켓형 원픽! [에어프라이어 추천 리뷰👨‍🍳],구매리즘,에어프라이어 바스켓으로사면 피자만들기나 빵만들기는 안되는거죠~?,2,2024-09-25,XTY9Ftrfk_g
신혼_혼수,신혼 에어프라이어 오븐,&quot;고민할 필요가 없네요&quot; 2024 에어프라이어 오븐형 VS 바스켓형 원픽! [에어프라이어 추천 리뷰👨‍🍳],구매리즘,"아이닉 바스켓형 우리집에 있는거임.ㅋㅋ 신기 
이거 속안에 보이고 완전 잘되요",19,2024-05-03,XTY9Ftrfk_g
신혼_혼수,신혼 에어프라이어 오븐,&quot;고민할 필요가 없네요&quot; 2024 에어프라이어 오븐형 VS 바스켓형 원픽! [에어프라이어 추천 리뷰👨‍🍳],구매리즘,"쿠진아트 제품은 외부만 스텐이고 내부는 알루미늄철판에 코팅 제품입니다. (제품 상세페이지에도 나와있는 부분이고요)동영상만 보면 오해의 소지가 있어보이네요.60모델은 트레이도 스텐이 아니고요, 70모델은 트레이가 스텐으로 바뀌었다고하고요. 두 모델 차이가 이 부분이 가장 큰 것 같아요. 내부도 이왕이면 스텐인게 좋지만, 트레이는 직접적으로 음식을 올리고 세척하고 하기때문에 스텐 필수고요. 요즘엔 내부도 전체 스텐인 제품도 많으니 오븐형 구입하시려면 다른제품들도 비교해보시는게 좋을것 같아요.",234,2024-04-29,XTY9Ftrfk_g
신혼_혼수,신혼 에어프라이어 오븐,&quot;고민할 필요가 없네요&quot; 2024 에어프라이어 오븐형 VS 바스켓형 원픽! [에어프라이어 추천 리뷰👨‍🍳],구매리즘,청소가 안되는게 너무 큰단점이네요..,2,2024-04-26,XTY9Ftrfk_g
신혼_혼수,신혼 에어프라이어 오븐,&quot;고민할 필요가 없네요&quot; 2024 에어프라이어 오븐형 VS 바스켓형 원픽! [에어프라이어 추천 리뷰👨‍🍳],구매리즘,닌자제품도 마니쓰던데 같이 비교 해줬음 좋았을텐데 암유발한단해서 선택장애가와 아직못사고있는데...,1,2024-12-22,XTY9Ftrfk_g
신혼_혼수,신혼 에어프라이어 오븐,&quot;고민할 필요가 없네요&quot; 2024 에어프라이어 오븐형 VS 바스켓형 원픽! [에어프라이어 추천 리뷰👨‍🍳],구매리즘,"바삭함은 바스켓을 이길수 없음
오븐형에프는 오븐일 뿐",4,2024-04-27,XTY9Ftrfk_g
신혼_혼수,신혼 에어프라이어 오븐,&quot;고민할 필요가 없네요&quot; 2024 에어프라이어 오븐형 VS 바스켓형 원픽! [에어프라이어 추천 리뷰👨‍🍳],구매리즘,바스켓형 아이닉외 유리창 스텐 다른 것 또 추천하실 것 없을까요?,2,2024-06-03,XTY9Ftrfk_g
신혼_혼수,신혼 에어프라이어 오븐,&quot;고민할 필요가 없네요&quot; 2024 에어프라이어 오븐형 VS 바스켓형 원픽! [에어프라이어 추천 리뷰👨‍🍳],구매리즘,소소 에어프라이어 엄청 잘쓰고 있어요! 용량 큰 올스텐 제품이 좋아요!,2,2024-08-07,XTY9Ftrfk_g
신혼_혼수,신혼 에어프라이어 오븐,&quot;고민할 필요가 없네요&quot; 2024 에어프라이어 오븐형 VS 바스켓형 원픽! [에어프라이어 추천 리뷰👨‍🍳],구매리즘,3차 공구 알림부탁드려요~,0,2024-05-12,XTY9Ftrfk_g
신혼_혼수,신혼 에어프라이어 오븐,새 장난감 언박싱!! #내돈내산 #asmr #언박싱 #unboxingasmr #cuisinart #쿠진 아트에어프라이어오븐 #airfryeroven #newtoy,푸디젠 Foodie Jen,"이사하면서 드디어 바꾼 
새 에프가 배달되서 언박싱 찍어봤어요!

요 제품 제일유명한 올스텐 컬러는 
저는 좀 너무 로보트?같은 느낌이 드는거같아 

화이트로 했는데
너무 예쁘고 만족스러워요!

취향은 각자 나름이니까!

뜯자마자 오일로 연마제 제거작업도 해주고 
공회전 총 세번돌리면서 물수건으로도 닦아주고

아주 새 장난감 생겼다고 
금이야 옥이야 하고있네요......

최근모델은 그릴기능과 함께 그릴판도 같이줘서 
오늘은 거기에 삼겹살도 구워먹어보고

오전엔 치킨너겟도 에프해서 먹었는데 
아니이거 에프기능 왜이리 조용한지

남편이 에어프라이어 되고있는거 맞냐고 
재차 확인할 정도였네요

예전에 쓰던거는 거의 모터돌아가는 소리마냥 
엄청 시끄러웠었는데
세상이 참 좋아졌나봐요..",437,2024-06-30,W7lTyqy7vHY
신혼_혼수,신혼 에어프라이어 오븐,새 장난감 언박싱!! #내돈내산 #asmr #언박싱 #unboxingasmr #cuisinart #쿠진 아트에어프라이어오븐 #airfryeroven #newtoy,푸디젠 Foodie Jen,언뉘 이거 대리석 상판에 올려두고 사용하면 대리석깨지니까 꼭 하부에 실리콘매트같은거라도 까세요..! 저희집도 대리석상판 금갔어요,65,2025-08-13,W7lTyqy7vHY
신혼_혼수,신혼 에어프라이어 오븐,새 장난감 언박싱!! #내돈내산 #asmr #언박싱 #unboxingasmr #cuisinart #쿠진 아트에어프라이어오븐 #airfryeroven #newtoy,푸디젠 Foodie Jen,헉 쿠진아트 스텐 컬러밖에 못봤는데 화이트도 깔끔하니 예쁘네요!,46,2025-02-14,W7lTyqy7vHY
신혼_혼수,신혼 에어프라이어 오븐,새 장난감 언박싱!! #내돈내산 #asmr #언박싱 #unboxingasmr #cuisinart #쿠진 아트에어프라이어오븐 #airfryeroven #newtoy,푸디젠 Foodie Jen,저도 울집꺼 버려버리고 사고싶네요. 야무지게 살림 잘하시네요~ 많이 배우고갑니다~,42,2024-08-19,W7lTyqy7vHY
신혼_혼수,신혼 에어프라이어 오븐,새 장난감 언박싱!! #내돈내산 #asmr #언박싱 #unboxingasmr #cuisinart #쿠진 아트에어프라이어오븐 #airfryeroven #newtoy,푸디젠 Foodie Jen,"큼지막한 에어플라이어!!!!
더 많은 영상 보여주시겠네여.

보는것만으로도 즐겁고 
요리를 무서워했던 저도 푸디젠님 영상으로
요즘은 주방에들어 가면 
용감한 전사되어 두러울게 없답니다.


롸저뎃!!!!",14,2025-02-17,W7lTyqy7vHY
신혼_혼수,신혼 에어프라이어 오븐,새 장난감 언박싱!! #내돈내산 #asmr #언박싱 #unboxingasmr #cuisinart #쿠진 아트에어프라이어오븐 #airfryeroven #newtoy,푸디젠 Foodie Jen,"와~언박싱도 진짜 큰 일ㅋㅋ
근데 새건 항상 영롱하네요",19,2024-11-30,W7lTyqy7vHY
신혼_혼수,신혼 에어프라이어 오븐,새 장난감 언박싱!! #내돈내산 #asmr #언박싱 #unboxingasmr #cuisinart #쿠진 아트에어프라이어오븐 #airfryeroven #newtoy,푸디젠 Foodie Jen,제껀 외관도 올 스덴이었는데 화이트칼라도 있네요~ 더 이뻐보여요~,15,2025-01-09,W7lTyqy7vHY
신혼_혼수,신혼 에어프라이어 오븐,새 장난감 언박싱!! #내돈내산 #asmr #언박싱 #unboxingasmr #cuisinart #쿠진 아트에어프라이어오븐 #airfryeroven #newtoy,푸디젠 Foodie Jen,어머머 안그래도 넘 궁금 했는데!!!❤,17,2024-12-28,W7lTyqy7vHY
신혼_혼수,신혼 에어프라이어 오븐,새 장난감 언박싱!! #내돈내산 #asmr #언박싱 #unboxingasmr #cuisinart #쿠진 아트에어프라이어오븐 #airfryeroven #newtoy,푸디젠 Foodie Jen,저도 샀지요. 이제 잘쓰고있어요 할망이라 첨엔 좀 어려웠어요. 아들이 스티커로 써주고 갔어요 😂,14,2025-04-20,W7lTyqy7vHY
신혼_혼수,신혼 에어프라이어 오븐,새 장난감 언박싱!! #내돈내산 #asmr #언박싱 #unboxingasmr #cuisinart #쿠진 아트에어프라이어오븐 #airfryeroven #newtoy,푸디젠 Foodie Jen,이 언니때문에 나도 구매합니다❤️,10,2025-05-11,W7lTyqy7vHY
신혼_혼수,신혼 에어프라이어 오븐,새 장난감 언박싱!! #내돈내산 #asmr #언박싱 #unboxingasmr #cuisinart #쿠진 아트에어프라이어오븐 #airfryeroven #newtoy,푸디젠 Foodie Jen,"저 계속 보기만하다가 구독누르고가요 ㅋㅋ
오늘부터 팬 하려구요❤❤❤",6,2025-02-17,W7lTyqy7vHY
신혼_혼수,신혼 에어프라이어 오븐,새 장난감 언박싱!! #내돈내산 #asmr #언박싱 #unboxingasmr #cuisinart #쿠진 아트에어프라이어오븐 #airfryeroven #newtoy,푸디젠 Foodie Jen,"물건 들고 올리는 모습
ㅎㅎ 날 보고 있는듯 
너무 똑같아요",9,2024-12-25,W7lTyqy7vHY
신혼_혼수,신혼 에어프라이어 오븐,새 장난감 언박싱!! #내돈내산 #asmr #언박싱 #unboxingasmr #cuisinart #쿠진 아트에어프라이어오븐 #airfryeroven #newtoy,푸디젠 Foodie Jen,오 이거 고민중이였는데 ㅋㅋ 데려와야겠네요 ㅋㅋ,11,2024-12-20,W7lTyqy7vHY
신혼_혼수,신혼 에어프라이어 오븐,새 장난감 언박싱!! #내돈내산 #asmr #언박싱 #unboxingasmr #cuisinart #쿠진 아트에어프라이어오븐 #airfryeroven #newtoy,푸디젠 Foodie Jen,자꾸 쇼츠에 떠서  주방이 너무 익숙하네요~ 새이모님 들여놓으신거 추카^^,2,2025-02-14,W7lTyqy7vHY
신혼_혼수,신혼 에어프라이어 오븐,새 장난감 언박싱!! #내돈내산 #asmr #언박싱 #unboxingasmr #cuisinart #쿠진 아트에어프라이어오븐 #airfryeroven #newtoy,푸디젠 Foodie Jen,"저번것도 엄청 잘활용하시던데
돈아깝게 뽕을 뽑으시더라구요
활용력 짱",5,2025-02-13,W7lTyqy7vHY
신혼_혼수,신혼 에어프라이어 오븐,새 장난감 언박싱!! #내돈내산 #asmr #언박싱 #unboxingasmr #cuisinart #쿠진 아트에어프라이어오븐 #airfryeroven #newtoy,푸디젠 Foodie Jen,"새 장난감 ㅋ ㅋ ㅋ ㅋ ㅋ
진짜 장난감인줄 😆😆😆",4,2025-02-11,W7lTyqy7vHY
신혼_혼수,신혼 에어프라이어 오븐,새 장난감 언박싱!! #내돈내산 #asmr #언박싱 #unboxingasmr #cuisinart #쿠진 아트에어프라이어오븐 #airfryeroven #newtoy,푸디젠 Foodie Jen,사고 싶네요^^ 늘 군침돌게 하는 음식들이 땡!하고 나오는 에어프라이어가!! 이영상을 이제 봣어요.,1,2025-07-22,W7lTyqy7vHY
신혼_혼수,신혼 에어프라이어 오븐,새 장난감 언박싱!! #내돈내산 #asmr #언박싱 #unboxingasmr #cuisinart #쿠진 아트에어프라이어오븐 #airfryeroven #newtoy,푸디젠 Foodie Jen,너무죠아요. 계속해주세요. 영원히~~♡,0,2025-02-03,W7lTyqy7vHY
신혼_혼수,신혼 에어프라이어 오븐,새 장난감 언박싱!! #내돈내산 #asmr #언박싱 #unboxingasmr #cuisinart #쿠진 아트에어프라이어오븐 #airfryeroven #newtoy,푸디젠 Foodie Jen,저두 무얼살까 고민많아는데 이것보구 사야게네요ㅋㅋ 방송잘보구 있네요,0,2025-03-03,W7lTyqy7vHY
신혼_혼수,신혼 에어프라이어 오븐,새 장난감 언박싱!! #내돈내산 #asmr #언박싱 #unboxingasmr #cuisinart #쿠진 아트에어프라이어오븐 #airfryeroven #newtoy,푸디젠 Foodie Jen,천장 청소가 안되요 ㅠㅠ 그물망처럼 막혀있는데 조명 비춰보면 안에 부식된 건 다 보입니다.. 손가락도 안 들어가는데 대체 왜 그렇게 만든건지.... 세번째 에프였는데 부식된 거 보고...넘 충격받아 에프를 인생에서 손절했어요 ㅠㅠㅠㅠ,12,2024-08-19,W7lTyqy7vHY
신혼_혼수,신혼 에어프라이어 오븐,새 장난감 언박싱!! #내돈내산 #asmr #언박싱 #unboxingasmr #cuisinart #쿠진 아트에어프라이어오븐 #airfryeroven #newtoy,푸디젠 Foodie Jen,오오~~~제가 요즘 사고싶어 하는 제품인데~~~으으 부럽다~~~~,3,2025-02-12,W7lTyqy7vHY
신혼_혼수,신혼 에어프라이어 오븐,새 장난감 언박싱!! #내돈내산 #asmr #언박싱 #unboxingasmr #cuisinart #쿠진 아트에어프라이어오븐 #airfryeroven #newtoy,푸디젠 Foodie Jen,너무 두근두근하셨겠다..ㅎㅎ..쿠진아트 활용 잘하시던데 저도 생각중이에요.,1,2025-04-06,W7lTyqy7vHY
신혼_혼수,신혼 에어프라이어 오븐,새 장난감 언박싱!! #내돈내산 #asmr #언박싱 #unboxingasmr #cuisinart #쿠진 아트에어프라이어오븐 #airfryeroven #newtoy,푸디젠 Foodie Jen,"에어프라이어 장인임 ㅋㅋ
툭툭툭 대충이지만 퀄리티 좋음
목소리도 어느새 중독되는거 같음ㅋㅋ",1,2026-01-27,W7lTyqy7vHY
신혼_혼수,신혼 에어프라이어 오븐,새 장난감 언박싱!! #내돈내산 #asmr #언박싱 #unboxingasmr #cuisinart #쿠진 아트에어프라이어오븐 #airfryeroven #newtoy,푸디젠 Foodie Jen,"저랑 똑같은 제품인 듯요!
반가워요 😊",0,2024-12-25,W7lTyqy7vHY
신혼_혼수,신혼 에어프라이어 오븐,새 장난감 언박싱!! #내돈내산 #asmr #언박싱 #unboxingasmr #cuisinart #쿠진 아트에어프라이어오븐 #airfryeroven #newtoy,푸디젠 Foodie Jen,와~ 내가 가지고 싶던거 가지셨네요..부럽~~,0,2025-02-09,W7lTyqy7vHY
신혼_혼수,신혼 에어프라이어 오븐,새 장난감 언박싱!! #내돈내산 #asmr #언박싱 #unboxingasmr #cuisinart #쿠진 아트에어프라이어오븐 #airfryeroven #newtoy,푸디젠 Foodie Jen,그냥 뭘 해도 머져브러~,1,2025-03-15,W7lTyqy7vHY
신혼_혼수,신혼 에어프라이어 오븐,새 장난감 언박싱!! #내돈내산 #asmr #언박싱 #unboxingasmr #cuisinart #쿠진 아트에어프라이어오븐 #airfryeroven #newtoy,푸디젠 Foodie Jen,저도 이번에 쿠진에프 구매하려고 하는데 다 실버던데 화이트는 어디서 구매할 수 있나요?,3,2025-02-16,W7lTyqy7vHY
신혼_혼수,신혼 에어프라이어 오븐,새 장난감 언박싱!! #내돈내산 #asmr #언박싱 #unboxingasmr #cuisinart #쿠진 아트에어프라이어오븐 #airfryeroven #newtoy,푸디젠 Foodie Jen,와~우~~~ 저 영롱한 자태❤,46,2024-12-21,W7lTyqy7vHY
신혼_혼수,신혼 에어프라이어 오븐,새 장난감 언박싱!! #내돈내산 #asmr #언박싱 #unboxingasmr #cuisinart #쿠진 아트에어프라이어오븐 #airfryeroven #newtoy,푸디젠 Foodie Jen,"한국분들~~ 이 화이트 색상 사신분 계세요? 
변압기 어떻게 사용하시나요?ㅠㅠ 흰색 너무 이뻐서 사고 싶은데 변압기에서 막혀 너무 너무 속상합니다... ㅠㅠ 220v 화이트 한국에도 출시해주세요 😢",3,2025-02-19,W7lTyqy7vHY
신혼_혼수,신혼 에어프라이어 오븐,새 장난감 언박싱!! #내돈내산 #asmr #언박싱 #unboxingasmr #cuisinart #쿠진 아트에어프라이어오븐 #airfryeroven #newtoy,푸디젠 Foodie Jen,닌자 제품에 너무 좋다던데 쿠진아트랑 혹시 비교해보셨을까요? 전 둘 중에 너무 고민중이에요. 쿠진은 올스텐인게 좋고 닌자는 뭔가 쿠진보다 더완성도가 높은 느낌?,1,2025-02-16,W7lTyqy7vHY
신혼_혼수,신혼 에어프라이어 오븐,새 장난감 언박싱!! #내돈내산 #asmr #언박싱 #unboxingasmr #cuisinart #쿠진 아트에어프라이어오븐 #airfryeroven #newtoy,푸디젠 Foodie Jen,언박싱도 왤케 잼미지나요 😅,4,2024-12-18,W7lTyqy7vHY
신혼_혼수,신혼 에어프라이어 오븐,새 장난감 언박싱!! #내돈내산 #asmr #언박싱 #unboxingasmr #cuisinart #쿠진 아트에어프라이어오븐 #airfryeroven #newtoy,푸디젠 Foodie Jen,흑ㅜㅜ 공회전안하고 돌려먹었는데..괜찮겠죠? 흰색두 이뿌네요,0,2024-12-25,W7lTyqy7vHY
신혼_혼수,신혼 에어프라이어 오븐,새 장난감 언박싱!! #내돈내산 #asmr #언박싱 #unboxingasmr #cuisinart #쿠진 아트에어프라이어오븐 #airfryeroven #newtoy,푸디젠 Foodie Jen,씩씩해서 마음에 듭니다!,4,2024-12-28,W7lTyqy7vHY
신혼_혼수,신혼 에어프라이어 오븐,새 장난감 언박싱!! #내돈내산 #asmr #언박싱 #unboxingasmr #cuisinart #쿠진 아트에어프라이어오븐 #airfryeroven #newtoy,푸디젠 Foodie Jen,와 편집 박자감👏,1,2025-03-29,W7lTyqy7vHY
신혼_혼수,신혼 에어프라이어 오븐,새 장난감 언박싱!! #내돈내산 #asmr #언박싱 #unboxingasmr #cuisinart #쿠진 아트에어프라이어오븐 #airfryeroven #newtoy,푸디젠 Foodie Jen,꽃게처럼 옮기는 모습 넘 귀엽네요 ㅎㅎㅎ,0,2025-07-06,W7lTyqy7vHY
신혼_혼수,신혼 에어프라이어 오븐,새 장난감 언박싱!! #내돈내산 #asmr #언박싱 #unboxingasmr #cuisinart #쿠진 아트에어프라이어오븐 #airfryeroven #newtoy,푸디젠 Foodie Jen,"영상 늘 잼나게 보고있어요~~😊
에프 용량이 어떻게 되나요?
검색하니 17l라고 돼 있던데 영상으론 용량이 더 커 보이네요~",6,2024-10-15,W7lTyqy7vHY
신혼_혼수,신혼 에어프라이어 오븐,새 장난감 언박싱!! #내돈내산 #asmr #언박싱 #unboxingasmr #cuisinart #쿠진 아트에어프라이어오븐 #airfryeroven #newtoy,푸디젠 Foodie Jen,"비닐은 그냥 힘으로다 북북!^^
멋지다 우리 푸디!",2,2025-04-13,W7lTyqy7vHY
신혼_혼수,신혼 에어프라이어 오븐,새 장난감 언박싱!! #내돈내산 #asmr #언박싱 #unboxingasmr #cuisinart #쿠진 아트에어프라이어오븐 #airfryeroven #newtoy,푸디젠 Foodie Jen,ㅋㅋㅋㅋㅋㅋㅋ 아  귀요미  매력쟁이,0,2025-08-29,W7lTyqy7vHY
신혼_혼수,신혼 에어프라이어 오븐,새 장난감 언박싱!! #내돈내산 #asmr #언박싱 #unboxingasmr #cuisinart #쿠진 아트에어프라이어오븐 #airfryeroven #newtoy,푸디젠 Foodie Jen,이 정도 언박싱이면 쿠진아트에서 광고줘야하는 거 아닌가...,2,2025-11-09,W7lTyqy7vHY
신혼_혼수,신혼 에어프라이어 오븐,새 장난감 언박싱!! #내돈내산 #asmr #언박싱 #unboxingasmr #cuisinart #쿠진 아트에어프라이어오븐 #airfryeroven #newtoy,푸디젠 Foodie Jen,혹시 전자레인지 기능두 되나영??,1,2024-12-29,W7lTyqy7vHY
신혼_혼수,신혼 에어프라이어 오븐,새 장난감 언박싱!! #내돈내산 #asmr #언박싱 #unboxingasmr #cuisinart #쿠진 아트에어프라이어오븐 #airfryeroven #newtoy,푸디젠 Foodie Jen,"헉 1년전 영상..
계속 요리하던 그 에프인거죠?
계속 궁금했는데. 
성공",1,2025-07-23,W7lTyqy7vHY
신혼_혼수,신혼 에어프라이어 오븐,새 장난감 언박싱!! #내돈내산 #asmr #언박싱 #unboxingasmr #cuisinart #쿠진 아트에어프라이어오븐 #airfryeroven #newtoy,푸디젠 Foodie Jen,오...코스트코에서 올스텐보고 고민중인데 원래 화이트도 있었군요^^,4,2025-02-23,W7lTyqy7vHY
신혼_혼수,신혼 에어프라이어 오븐,새 장난감 언박싱!! #내돈내산 #asmr #언박싱 #unboxingasmr #cuisinart #쿠진 아트에어프라이어오븐 #airfryeroven #newtoy,푸디젠 Foodie Jen,요거 살려다 현재 쓰는거 아직 안고장나서 못사고 있었는데 ㅎㅎ,1,2025-01-17,W7lTyqy7vHY
신혼_혼수,신혼 에어프라이어 오븐,새 장난감 언박싱!! #내돈내산 #asmr #언박싱 #unboxingasmr #cuisinart #쿠진 아트에어프라이어오븐 #airfryeroven #newtoy,푸디젠 Foodie Jen,"쿠진아트에프에요?
바로 구매각..
스텐리 후라이펜 오늘 처음 써봣어요.",0,2025-07-23,W7lTyqy7vHY
신혼_혼수,신혼 에어프라이어 오븐,새 장난감 언박싱!! #내돈내산 #asmr #언박싱 #unboxingasmr #cuisinart #쿠진 아트에어프라이어오븐 #airfryeroven #newtoy,푸디젠 Foodie Jen,언니 쓰는거 보고 저희 집에도 하나 들였어요 🤣,2,2024-10-07,W7lTyqy7vHY
신혼_혼수,신혼 에어프라이어 오븐,새 장난감 언박싱!! #내돈내산 #asmr #언박싱 #unboxingasmr #cuisinart #쿠진 아트에어프라이어오븐 #airfryeroven #newtoy,푸디젠 Foodie Jen,이거 청소는 어때요? 어렵다는 애기가 많아서 ㅠㅠ 저도 미국인데 한국 유툽보니 cusinart steamer airfyer 가 있던데 미국엔 없나봐요 ㅠㅠ,0,2025-11-25,W7lTyqy7vHY
신혼_혼수,신혼 에어프라이어 오븐,새 장난감 언박싱!! #내돈내산 #asmr #언박싱 #unboxingasmr #cuisinart #쿠진 아트에어프라이어오븐 #airfryeroven #newtoy,푸디젠 Foodie Jen,구입 축하드려요. 얘는 몇리터 짜리예요?,0,2025-07-18,W7lTyqy7vHY
신혼_혼수,신혼 에어프라이어 오븐,새 장난감 언박싱!! #내돈내산 #asmr #언박싱 #unboxingasmr #cuisinart #쿠진 아트에어프라이어오븐 #airfryeroven #newtoy,푸디젠 Foodie Jen,안녕하세요. 쿠진아트 용량이 얼마나 되나요? 답변주시면 구매에 도움이 될꺼같아요^^,1,2025-12-01,W7lTyqy7vHY
신혼_혼수,신혼 에어프라이어 오븐,새 장난감 언박싱!! #내돈내산 #asmr #언박싱 #unboxingasmr #cuisinart #쿠진 아트에어프라이어오븐 #airfryeroven #newtoy,푸디젠 Foodie Jen,"에프 요리 전혀 관심 없다
영상보고 저도 구매 고민중 입니다
쿠진아트 스팀 구매하려는데 이 제품은
그릴팬이 별도 구매더라구요
에프 요리 많이 해드시던데
그릴팬이나 베이킹팬(깊은거) 많이 사용 하실까요?
지금 구매를 망설이고 있어서 고민 입니다
요린이라 장비가 얼만큼 갖춰져야 하는지
잘 몰라 문의 드립니다😂",0,2025-11-19,W7lTyqy7vHY
신혼_혼수,신혼 에어프라이어 오븐,새 장난감 언박싱!! #내돈내산 #asmr #언박싱 #unboxingasmr #cuisinart #쿠진 아트에어프라이어오븐 #airfryeroven #newtoy,푸디젠 Foodie Jen,"영상 재밌게 잘 보고 있어요.   청소가 안 돼요. 안에도, 황금색 받침대도 황금색으로 변해 버렸어요.",1,2025-04-15,W7lTyqy7vHY
요리입문,자취 요리 시작,자취할때 필요한 양념장 재료 총정리,자취요리신 simple cooking,영상이 도움 되셨으면 좋아요 한번 부탁드립니다👍👍❤❤,83,2022-04-30,z1553yYqO0s
요리입문,자취 요리 시작,자취할때 필요한 양념장 재료 총정리,자취요리신 simple cooking,"1. 고추장

2. 된장
- 찌개류 만들거나 육류의 잡내 잡을 때
- 가장 저렴한 걸로

3. 간장
- 국간장은 짠맛이 강해서 국요리에
- 진간장은 단맛 + 짠맛이라 볶음요리에

4. 설탕
- 색깔 상관없이 아무거나

5. 고춧가루
- 굵은 거 보다는 고운 고춧가루를
- 고운 고춧가루는 떡볶이용 or 고추장
용 고춧가루로 불림

6. 소금
- 맛소금은 msg가 섞인 소금이다
- 육류에 밑간할때 or 국이나 찌개요리
간 맞출때

7. 후추
- 맛이 많이 묻히는 국이나 찌개류 or 양
념장을 만들 때는 순후추로
- 후추향을 즐기고 싶거나 요리가 끝나
고 마지막에 뿌릴 때는 통후추로

8. 식초
- 무침 요리 or 비빔 소스류에
- 사용빈도가 적어 작은 걸로 구매

9. 케찹과 마요네즈
- 둘 다 아무거나 구매

10. 식용유
- 발연점에 따라 종류를 다르게 사용
[2:19] 참고
- 저렴한 걸로

11. 참기름
- 밥비벼먹거나 볶음요리
- 저렴한 걸로

12. 마늘
- 작은 용량을 구매하거나 1스푼 양 정도
로 구분지어서 냉동보관

13. 돈까스 소스 & 스테이크 소스
- 둘이 맛차이는 별로 안 난다.

14. 액젓
- 멸치액젓, 까나리액젓, 참치액이 많이
쓰인다

15. 굴소스
- msg가 들어간 짭짤한 간장느낌
- 저렴한 걸로

16. 소고기 다시다 or 치킨스톡
- 치킨스톡이 더 좋다
- 작은 걸로 

17. 카레가루
- 카레 만들거나 볶음요리에 감칠맛 낼 때
- 작은 걸로

18. 토마토소스
- 돈까스 소스랑 조합하면 맛 좋다
- 저렴하게 대량으로 구매

19. 사골육수(사골곰탕)
- 국이나 찌개요리에 사용
- 사골분말도 좋다

20. 통깨
- 한식에서 음식을 마무리할때 고소한 향을 더해줄때

21. 파슬리
- 음식 마무리할 때
- 오래두기 힘드니 작은 용량으로

22. 스리야차소스
- 새콤매콤한 매운 핫소스 느낌

23. 불고기 양념",15,2025-04-19,z1553yYqO0s
요리입문,자취 요리 시작,자취할때 필요한 양념장 재료 총정리,자취요리신 simple cooking,"된장 , 후추 , 식초 작은거 , 마요네즈 , 돈까스 스테이크 소스 , 참치액 , 굴소스 , 치킨스톡 ,카레가루 ,사골곰탕 , 깨 , 파슬리 , 스리라차소스 매운핫소스 , 불고기양념",9,2024-03-02,z1553yYqO0s
요리입문,자취 요리 시작,자취할때 필요한 양념장 재료 총정리,자취요리신 simple cooking,근데 무땡이형은 솔직히 다 됐고 동깨스소스랑 스테이끼소스가 제일 중요하지 않나요??😂,370,2022-04-29,z1553yYqO0s
요리입문,자취 요리 시작,자취할때 필요한 양념장 재료 총정리,자취요리신 simple cooking,진짜 요리초보 자취생들에게 정말 꼭 필요한 영상이다 ….,84,2022-04-29,z1553yYqO0s
요리입문,자취 요리 시작,자취할때 필요한 양념장 재료 총정리,자취요리신 simple cooking,진짜 무땡이형은 아낌없이 다 주는 형이다 ㅠㅠ,24,2022-04-29,z1553yYqO0s
요리입문,자취 요리 시작,자취할때 필요한 양념장 재료 총정리,자취요리신 simple cooking,"영상에는 요리를 잘 하시는 분이다 보니 종류가 좀 많기는 한데
저 같은 현실 자취 14년차 입장에서는
고추장 된장 진간장 국간장 설탕 소금 후추 다진마늘 참기름 식초 굴소스 다시다
이 정도면 있으면 어지간한 건 다 할 수 있음..

한식을 좋아해 한식 위주로 해먹다 보니 마요네스나 스리라차 소스가 쓸 데가 없는 것도 있긴 하지만
불고기소스는 만들어서 해먹음..

물론 저는 오래 해먹다보니 이것도 필요하네 저것도 필요하네 하고 
경험으로 사게 됐는데 영상은 한번에 알려주시니 좋네요",12,2024-02-08,z1553yYqO0s
요리입문,자취 요리 시작,자취할때 필요한 양념장 재료 총정리,자취요리신 simple cooking,돈까스 소스 사실때 돈카츠 소스라고 된거는 조심하세요. 이건 진짜 일본식 돈까스소스라 신맛이 좀 강해서 원하시는 달달한맛의 돈까스소스랑은 달라가지고 요리할때 쓰는 용으로는 부적합합니다.,16,2022-04-29,z1553yYqO0s
요리입문,자취 요리 시작,자취할때 필요한 양념장 재료 총정리,자취요리신 simple cooking,자취생에게 꿀같은 영상😍,14,2022-04-30,z1553yYqO0s
요리입문,자취 요리 시작,자취할때 필요한 양념장 재료 총정리,자취요리신 simple cooking,"자취요리신 시즌1을 사랑해주셔서 감사합니다.
앞으로도 시즌1은 계속됩니다.",10,2022-04-29,z1553yYqO0s
요리입문,자취 요리 시작,자취할때 필요한 양념장 재료 총정리,자취요리신 simple cooking,"곧 외국으로 가서 공부하게 되는데요 20대 중반까지 완제품만 돌려먹거나 사먹기만 했는데 외국 나가서는 스스로 해먹어야 해서 일주일에 한번정도는 따라하고 있는데 진짜 요리경력단절인 저한테도 너무 유익하고 도움돼요,, 감사합니다 🥺",43,2022-04-29,z1553yYqO0s
요리입문,자취 요리 시작,자취할때 필요한 양념장 재료 총정리,자취요리신 simple cooking,요리시작할때 이런 영상있으면 좋겠다 생각했는데! 드디어!,10,2022-04-30,z1553yYqO0s
요리입문,자취 요리 시작,자취할때 필요한 양념장 재료 총정리,자취요리신 simple cooking,보통 진간장 사면 국이고 소스고 다 쓸 수 있음. 범용성이 좋음. 국간장은 너무 짜서 국에 간맞추는거 외엔 쓸 수가 없고 양조간장은 향이 날라가서 볶음 등 가열요리에 쓸 수가 없음.,13,2024-09-11,z1553yYqO0s
요리입문,자취 요리 시작,자취할때 필요한 양념장 재료 총정리,자취요리신 simple cooking,요세 수업을 듣다보니 썸낼보니까 이부분은 꼭 중요하다면서 다 중요하다고 하는게 우리교수님이 생각난다,3,2022-04-29,z1553yYqO0s
요리입문,자취 요리 시작,자취할때 필요한 양념장 재료 총정리,자취요리신 simple cooking,"돈깨스 소스도 여기보고 샀으니
불고기 양념 시리즈 해줘~~~",4,2022-04-29,z1553yYqO0s
요리입문,자취 요리 시작,자취할때 필요한 양념장 재료 총정리,자취요리신 simple cooking,제가 후추를 참 좋아해서 찐후추를 먹어보자! 하고 그라인더달린 통후추를 샀는데 아 내가좋아한건 순후추였구나를 깨달을 수 있었죠,2,2022-04-30,z1553yYqO0s
요리입문,자취 요리 시작,자취할때 필요한 양념장 재료 총정리,자취요리신 simple cooking,"땡이형~
퇴근길에 소주한잔했네요.
낼 멀쩡한정신에 다시챙겨볼께요.^^
늘 감사~",1,2022-04-29,z1553yYqO0s
요리입문,자취 요리 시작,자취할때 필요한 양념장 재료 총정리,자취요리신 simple cooking,요리는 하고 싶었는데 늘 양념이 없어서 대충 때웠는데 정리해주셔서 너무 감사합니다 !!!!-!-!-!!👍👍,2,2023-03-07,z1553yYqO0s
요리입문,자취 요리 시작,자취할때 필요한 양념장 재료 총정리,자취요리신 simple cooking,와 미쳐따 곧 자취시작해서 이거 정리해둘까 했는데 영상이 있네요 영상 몇번이고 다시 보면서 요리 자주 하겠습니다 감사합니당,6,2022-04-30,z1553yYqO0s
요리입문,자취 요리 시작,자취할때 필요한 양념장 재료 총정리,자취요리신 simple cooking,"백숙, 닭죽 빨간맛으로 맛있게해주세여~~",3,2022-04-29,z1553yYqO0s
요리입문,자취 요리 시작,자취할때 필요한 양념장 재료 총정리,자취요리신 simple cooking,한줄기 빛같은 영상이네요 넘 감사합니다!,1,2022-11-14,z1553yYqO0s
요리입문,자취 요리 시작,자취할때 필요한 양념장 재료 총정리,자취요리신 simple cooking,다른건 다 있고 오늘 스리라차 소스 사러 가겠습니다!! 언제나 감사합니다,1,2022-05-23,z1553yYqO0s
요리입문,자취 요리 시작,자취할때 필요한 양념장 재료 총정리,자취요리신 simple cooking,너무감사합니다 안그래도 찾고있었는데 하나씩 사서 만드시는거 따라해볼게요,0,2024-03-20,z1553yYqO0s
요리입문,자취 요리 시작,자취할때 필요한 양념장 재료 총정리,자취요리신 simple cooking,최고... 이 유튜브 덕분에 돈까스 소스 샀어요ㅋㅋㅋㅋㅋ,4,2022-04-29,z1553yYqO0s
요리입문,자취 요리 시작,자취할때 필요한 양념장 재료 총정리,자취요리신 simple cooking,유익한 영상 감사합니다 !,0,2024-08-20,z1553yYqO0s
요리입문,자취 요리 시작,자취할때 필요한 양념장 재료 총정리,자취요리신 simple cooking,감사합니다 🤗 💜 🍉🍰🍓,1,2022-04-29,z1553yYqO0s
요리입문,자취 요리 시작,자취할때 필요한 양념장 재료 총정리,자취요리신 simple cooking,"돈까스 소스는 제품마다 맛이 달라서 만약에 사용하신다면 영상에서 나온 걸 추천 드립니다. 개인적으론 돈까스를 먹을 땐 청정원 돈까스 소스를 애용하는데, 자취요리신님 제육 레시피대로 따라했다가 신맛이 너무 강해서 별로였던 기억이 있네요",42,2022-05-05,z1553yYqO0s
요리입문,자취 요리 시작,자취할때 필요한 양념장 재료 총정리,자취요리신 simple cooking,오 이번영상 굿👍🏿,1,2022-04-29,z1553yYqO0s
요리입문,자취 요리 시작,자취할때 필요한 양념장 재료 총정리,자취요리신 simple cooking,"된장은 저런 된장말고 파, 마늘, 버섯같은 야채랑 msg 넣은 양념된장이 따로있읍니다. 고기집 된장찌개에 들어가니까 반반씩 넣으면 개굿",2,2022-04-30,z1553yYqO0s
요리입문,자취 요리 시작,자취할때 필요한 양념장 재료 총정리,자취요리신 simple cooking,자취용 재료가 아닌데요 ㄷㄷㄷ 므찌다,1,2022-11-07,z1553yYqO0s
요리입문,자취 요리 시작,자취할때 필요한 양념장 재료 총정리,자취요리신 simple cooking,아니 돈까스 소스 스테이크 소스 2개로 10초짜리 동영상일줄 알았는데,1,2022-04-29,z1553yYqO0s
요리입문,자취 요리 시작,자취할때 필요한 양념장 재료 총정리,자취요리신 simple cooking,"살림하는 아줌마도 오늘부터 구독합니다.
찐!!!현실!!!!",2,2022-06-22,z1553yYqO0s
요리입문,자취 요리 시작,자취할때 필요한 양념장 재료 총정리,자취요리신 simple cooking,오코노미야끼 해주세요 🙌🏻,0,2022-04-30,z1553yYqO0s
요리입문,자취 요리 시작,자취할때 필요한 양념장 재료 총정리,자취요리신 simple cooking,어떤 소스 쓰면 좋냐고 여쭤보려고 했는데 딱 있었네요 ㅎㅎ,0,2023-01-25,z1553yYqO0s
요리입문,자취 요리 시작,자취할때 필요한 양념장 재료 총정리,자취요리신 simple cooking,"치킨파우더는 사놓고 거의 안써서 유통기한 지났어요 ㅠㅠ
이 영상을 이제야보다니 😭",0,2022-10-28,z1553yYqO0s
요리입문,자취 요리 시작,자취할때 필요한 양념장 재료 총정리,자취요리신 simple cooking,진심으로 감사드립니다... 뭐살지 이제 알겠네요!!,0,2024-04-01,z1553yYqO0s
요리입문,자취 요리 시작,자취할때 필요한 양념장 재료 총정리,자취요리신 simple cooking,우리 박무땡형 덕분에 내가 남들앞에서 조금이라도 요리 잘 하는척을 할 수 있게 해줘서 고마워   ㄹㅇ 형은 자취요리의 신같은 존재야,7,2022-04-29,z1553yYqO0s
요리입문,자취 요리 시작,자취할때 필요한 양념장 재료 총정리,자취요리신 simple cooking,역시 한국인의 입맛엔 3대장과 아이들이 네요ㅎㅎ,0,2023-02-21,z1553yYqO0s
요리입문,자취 요리 시작,자취할때 필요한 양념장 재료 총정리,자취요리신 simple cooking,헐..예전에 설문조사할때 소스 정리해달라고했는데 정말 올려주셨네요..! 영상 저장하고갑니다ㅠㅠ 감사합니다!ㅎㅎ,3,2022-04-29,z1553yYqO0s
요리입문,자취 요리 시작,자취할때 필요한 양념장 재료 총정리,자취요리신 simple cooking,요신 짱!!,0,2024-06-03,z1553yYqO0s
요리입문,자취 요리 시작,자취할때 필요한 양념장 재료 총정리,자취요리신 simple cooking,와 마지막 불고기양념 빼고 다있네요!!ㅋㅋㅋㅋ 뭔가 뿌듯🥰,1,2022-04-30,z1553yYqO0s
요리입문,자취 요리 시작,자취할때 필요한 양념장 재료 총정리,자취요리신 simple cooking,여러 요리 유튜브 영상들을 봤지만 자취요리신님이 제일 깔끔하고 재료준비가 쉬운 요리영상들을 게재해주시네요 ^^ㅎㅎ,1,2024-09-22,z1553yYqO0s
요리입문,자취 요리 시작,자취할때 필요한 양념장 재료 총정리,자취요리신 simple cooking,양념 정리 영상 최고다😊,0,2024-05-22,z1553yYqO0s
요리입문,자취 요리 시작,자취할때 필요한 양념장 재료 총정리,자취요리신 simple cooking,마트갈때마다 돈까스 소스보이면 이 사람 생각나고 분식집 창문에 돈까스 붙어있는거 볼때마다 또 생각나고 이거 뭐죠?  ㅅㄹ인가요?,4,2022-04-29,z1553yYqO0s
요리입문,자취 요리 시작,자취할때 필요한 양념장 재료 총정리,자취요리신 simple cooking,너무좋아,0,2023-03-05,z1553yYqO0s
요리입문,자취 요리 시작,자취할때 필요한 양념장 재료 총정리,자취요리신 simple cooking,그는 신이야!!,0,2022-04-30,z1553yYqO0s
요리입문,자취 요리 시작,자취할때 필요한 양념장 재료 총정리,자취요리신 simple cooking,요리계의 떠오르는 샛밸입니다,1,2022-10-27,z1553yYqO0s
요리입문,자취 요리 시작,자취할때 필요한 양념장 재료 총정리,자취요리신 simple cooking,감사합니다,0,2022-04-29,z1553yYqO0s
요리입문,자취 요리 시작,자취할때 필요한 양념장 재료 총정리,자취요리신 simple cooking,해외에서 자취중인데 덕분에 그리운 한식 자주 해먹고 있습니다. ㅠㅠ 감사합니다,2,2022-04-30,z1553yYqO0s
요리입문,자취 요리 시작,자취할때 필요한 양념장 재료 총정리,자취요리신 simple cooking,"형님 영상 잘 시청하고 갑니다~
음식 정말 잘하시네요~❤️
저와는 너무 비교되네요😭😭
자주 소통하며 지내용~",1,2022-04-29,z1553yYqO0s
요리입문,자취 요리 시작,고물가 시대에서 살아남기 -자취입문편-,찬밥식당,"안녕하세요 찬밥식당입니다. 😁
편하게 하실수 있도록 정리해봤습니다.

레시피

제육볶음(두루치기) 2~3인분 
물 200ml 
간장 1스푼 
고추장 3스푼 
다진 마늘 1스푼 
다시다 1/2스푼 
고춧가루 1스푼 
설탕 3스푼(단맛 싫어하시는 분들은 2스푼) 
뒷다리살 500g~600g 
양파 1/2개 
대파 1개 
후춧가루 살짝 
참기름 살짝 

불고기 2~3인분 
물 200ml 
간장 6스푼 (짠 게 좋으신 분들은 7스푼) 
다시다 1/2스푼 
설탕 3스푼(단맛 싫어하시는 분들은 조절) 
다진 마늘 1스푼 
뒷다리살 500g 
양파 1/2개 
대파 1개 
후추살짝 
참 기름 살짝 

닭도리탕2~3인분 
물 250~300ml(물은 상태 보면서 추가) 
간장 1스푼 
설탕 3스푼(단맛 싫어하시는 분들은 2스푼 
다시다 1스푼 
고춧가루 1스푼 
고추장 3스푼 
다진 마늘 1스푼 
닭가슴살 2 덩이 
닭다리살 2 덩이 
감자 1개 
양파 1/2개 
대파 1개 
후춧가루살짤 

카레 
남은 제육볶음 or 남은 닭도리탕 
물 200ml 
카레 3스푼(기호에 맞게 조절) 



그냥 다 넣고 끓이기만 하면 끝낼 수 있게 만들었기 때문에 
제육볶음 이라기보다는 두루치기나 조림에 가깝긴 합니다만. 
제육볶음이라는 게 더 친숙하게 다가오지 않을까 싶어 제육볶음으로 올리게 되었습니다.(like 떡볶이) 
재밌게 봐주시면 감사하겠습니다.",300,2024-11-11,20Vvlu-gHIw
요리입문,자취 요리 시작,고물가 시대에서 살아남기 -자취입문편-,찬밥식당,이거ㅜ보고 뒷다리살 사와서 제육 불고기 해먹었어요 이번 달 생활비 10만원 남아서 밥 김치 카레 대용량으로 살다가 처음으로 음식같은 거 먹네요 감사합니다,514,2025-02-13,20Vvlu-gHIw
요리입문,자취 요리 시작,고물가 시대에서 살아남기 -자취입문편-,찬밥식당,잊지마라 우린 자취생 우린 설거지가 싫다,271,2025-12-24,20Vvlu-gHIw
요리입문,자취 요리 시작,고물가 시대에서 살아남기 -자취입문편-,찬밥식당,"굴소스, 생강분, 맛술, 우동 쯔유, 혼다시 , 치킨스톡 정도가 다음 단계가 아닐까..하네요. ㅋㅋㅋ..정말 요리의 치트키들이죠. 재료만 있으면 대충 요리해도 다 맛이 납니다.",83,2025-01-09,20Vvlu-gHIw
요리입문,자취 요리 시작,고물가 시대에서 살아남기 -자취입문편-,찬밥식당,"분명 돈 아낄려고 밥만들기 시작했는데
글로벌 나이프 사고....
스뎅팬 사고.....
어 음...",58,2024-11-25,20Vvlu-gHIw
요리입문,자취 요리 시작,고물가 시대에서 살아남기 -자취입문편-,찬밥식당,"1:24 제육
2:26 간장불고기
3:11 닭도리탕
4:26 카레",15,2026-02-02,20Vvlu-gHIw
요리입문,자취 요리 시작,고물가 시대에서 살아남기 -자취입문편-,찬밥식당,"집밥 해먹기엔 뭐 부터 사고 만들어먹어야할지 막막했는데 간단하게 먹을수있는 요리들이라 해볼만 한것 같아요., 진짜 빛과소금같으신분...",18,2025-01-07,20Vvlu-gHIw
요리입문,자취 요리 시작,고물가 시대에서 살아남기 -자취입문편-,찬밥식당,"미국산 목전지를 사라.
가성비 짱이다.
뒷다린 넘 퍽퍽하다.",19,2024-11-28,20Vvlu-gHIw
요리입문,자취 요리 시작,고물가 시대에서 살아남기 -자취입문편-,찬밥식당,"요리초본데 무쇠를 써라 스덴을 써라 
칼은 좋은거 써라 이러지좀 마십쇼;
 
그냥 요리를 자주 해먹는게 중요한거지
뭐로 하느냐는 취미 붙이고 나서 
생각하는겁니다 

초짜한테 무쇠솥 길들이기나 
스덴팬 쓰라고 예열 배우라고 하면 
있던 취미도 없어집니다 
그냥 도구 생각말고 다이소든
시장바닥이든 용도에 맞는거 사시고
내가 먹고싶은 요리에 초점을 두십쇼 
배달안시키면 성공인 인생입니다",337,2024-11-27,20Vvlu-gHIw
요리입문,자취 요리 시작,고물가 시대에서 살아남기 -자취입문편-,찬밥식당,"자취 3년차 요리를 거의 매일 해먹고 지내고 있는 자취생입니다
요리에 나름 일가견 있어 이것저것 아는 방구석 고든램지인데 진짜 저보다 훨씬 간단한 방법으로 맛있게 만드시네요
구독하고 꿀팁 많이 얻어갈게요!",40,2025-01-02,20Vvlu-gHIw
요리입문,자취 요리 시작,고물가 시대에서 살아남기 -자취입문편-,찬밥식당,당신이 저를 살렸습니다,180,2025-08-09,20Vvlu-gHIw
요리입문,자취 요리 시작,고물가 시대에서 살아남기 -자취입문편-,찬밥식당,말도 안된다 라면만큼 쉬운 요리가 있다니 나는 자취생을 헛살았다,11,2025-01-03,20Vvlu-gHIw
요리입문,자취 요리 시작,고물가 시대에서 살아남기 -자취입문편-,찬밥식당,남은 양념에 카레라니 이런 실용적인 영상을 원했어요 따봉!,13,2025-02-11,20Vvlu-gHIw
요리입문,자취 요리 시작,고물가 시대에서 살아남기 -자취입문편-,찬밥식당,자취라고해서 고기를 안쓰거나 대체로 하려는곳도 많은데 재료도 최소화하고 조리도 간단해서 좋네요,7,2024-12-30,20Vvlu-gHIw
요리입문,자취 요리 시작,고물가 시대에서 살아남기 -자취입문편-,찬밥식당,아 이런 입문 설명서같은 영상 없나 했는데 구독하고갑니다...,14,2024-12-06,20Vvlu-gHIw
요리입문,자취 요리 시작,고물가 시대에서 살아남기 -자취입문편-,찬밥식당,댓글 안 달 수가 없는 퀄리티네요 ㅎㄷㄷ 지립니다잉,13,2024-12-30,20Vvlu-gHIw
요리입문,자취 요리 시작,고물가 시대에서 살아남기 -자취입문편-,찬밥식당,과자 음료 술보다 고기가 싸다... 아이러니한 현실,347,2024-11-25,20Vvlu-gHIw
요리입문,자취 요리 시작,고물가 시대에서 살아남기 -자취입문편-,찬밥식당,"정말 귀찮을 때 카레가루에 뜨거운 물 풀어서 밥이랑 먹곤 했는데
정말 좋습니다",31,2024-10-29,20Vvlu-gHIw
요리입문,자취 요리 시작,고물가 시대에서 살아남기 -자취입문편-,찬밥식당,"괴기는 미국산 목전지 키로 단위로 사면 키로에 7~8천 내외로 
어짜피 냉동되서 와서 땡땡 얼기전에 소분해서 냉동실에 넣어 놓으면 
날마다 괴기파티",8,2024-12-24,20Vvlu-gHIw
요리입문,자취 요리 시작,고물가 시대에서 살아남기 -자취입문편-,찬밥식당,"진짜 다시다, 미원 이거는 그냥 무조건 필수임 치킨스톡도 있으면 좋고",9,2024-12-23,20Vvlu-gHIw
요리입문,자취 요리 시작,고물가 시대에서 살아남기 -자취입문편-,찬밥식당,"어제는 제육을 해먹었어요 진짜 개존맛입니다
오늘은 돼지불고기 도전합니다
닭가슴살 다리살도 사놨습니다 일주일 로테이션 돌릴 반찬 생겨서 너무 기쁩니다",4,2025-02-26,20Vvlu-gHIw
요리입문,자취 요리 시작,고물가 시대에서 살아남기 -자취입문편-,찬밥식당,"진짜 요리초보 자취생을 겨냥한 레시피네요
여러모로 훌륭한 영상 잘보고가요😊",78,2024-11-04,20Vvlu-gHIw
요리입문,자취 요리 시작,고물가 시대에서 살아남기 -자취입문편-,찬밥식당,"1:25
물200
간장1스푼
고추장2스푼
다진마늘1스푼
다시다 반스푼
고춧가루 1스
설탕3스푼
뒷다리살 500g",3,2026-02-05,20Vvlu-gHIw
요리입문,자취 요리 시작,고물가 시대에서 살아남기 -자취입문편-,찬밥식당,카레 다 먹고 조금 남은 카레에다 라면사리 까지 넣으면 카레라면이 되네요,7,2025-01-04,20Vvlu-gHIw
요리입문,자취 요리 시작,고물가 시대에서 살아남기 -자취입문편-,찬밥식당,이양반은 진짜다... 자취 몇 년 하면서 간신히 익힌 걸 유튜브로 10분 남짓에 알려줘버리네,2,2025-01-12,20Vvlu-gHIw
요리입문,자취 요리 시작,고물가 시대에서 살아남기 -자취입문편-,찬밥식당,2:45 ㅋㅋㅋㅋㅋㅋㅋㅋㅋㅋㅋㅋㅋㅋㅋㅋㅋㅋㅋㅋㅋㅋㅋㅋㅋㅋㅋㅋㅋ,6,2024-12-16,20Vvlu-gHIw
요리입문,자취 요리 시작,고물가 시대에서 살아남기 -자취입문편-,찬밥식당,"자취요리래놓고 조미료 잘쓰지도 않는것 넣는 레시피들 많은데
기본 조미료도 알려주시고 레시피도 간단해서 초보자도 잘 따라할 수 있을 것 같네요
제육 남은거에 카레푸는거에서 감탄하고 갑니다 이게 진정 자취요리지
바로 구독",75,2024-11-26,20Vvlu-gHIw
요리입문,자취 요리 시작,고물가 시대에서 살아남기 -자취입문편-,찬밥식당,"이건 찐이당ㅎㅎㅎ 저도 실제로 이렇게 많이 해먹고, 도시락으로 들고 다닙니다.",3,2025-01-16,20Vvlu-gHIw
요리입문,자취 요리 시작,고물가 시대에서 살아남기 -자취입문편-,찬밥식당,남은 양념에 카레가루는 진짜 해먹어봐야곘어요 오늘도 유용한 영상 감사합니다~,85,2024-10-29,20Vvlu-gHIw
요리입문,자취 요리 시작,고물가 시대에서 살아남기 -자취입문편-,찬밥식당,자취 n년차인데 요즘 움직이기 귀찮았는데 이정도 움직임이면 충분한거같습니다 영상잘봤어요,2,2025-02-12,20Vvlu-gHIw
요리입문,자취 요리 시작,고물가 시대에서 살아남기 -자취입문편-,찬밥식당,저기서 건강 챙기고 싶은 분들은 설탕 말고 알룰로스 사서 쓰세요,5,2024-11-24,20Vvlu-gHIw
요리입문,자취 요리 시작,고물가 시대에서 살아남기 -자취입문편-,찬밥식당,"알고리즘에 떠서 봤는데
간단하고 좋네요",3,2024-12-12,20Vvlu-gHIw
요리입문,자취 요리 시작,고물가 시대에서 살아남기 -자취입문편-,찬밥식당,닭다리살 저도 저렇게 자주 먹는데 진짜 좋아요.. 가격도 저렴하고 다리살이라 질리지도 않고 닭도리탕 양념 찜닭 양념 카레 먹고싶은 양념 넣고 그냥 끓이면 됨 ㅋㅋ,2,2024-11-26,20Vvlu-gHIw
요리입문,자취 요리 시작,고물가 시대에서 살아남기 -자취입문편-,찬밥식당,따라하기 쉬운 요리들 늘 보여주시는거 같아 구독^^ 오늘도 맛있는 영상 잘보고갑니다.,3,2025-03-17,20Vvlu-gHIw
요리입문,자취 요리 시작,고물가 시대에서 살아남기 -자취입문편-,찬밥식당,"이 영상 하나 보고 바로 구독 박았습니다.
감사합니다. 
언재 할지 모를 자취를 위해...!",2,2025-01-25,20Vvlu-gHIw
요리입문,자취 요리 시작,고물가 시대에서 살아남기 -자취입문편-,찬밥식당,자취 오래하시는 분들은 코팅 팬보다 스텐 팬 좋은 거 사서 쓰세요. 스텐팬은 요리할 때 재료손질과 예열을 같이 하면 되고 오래 쓸 수 있어서 좋습니다,25,2025-01-04,20Vvlu-gHIw
요리입문,자취 요리 시작,고물가 시대에서 살아남기 -자취입문편-,찬밥식당,와 레전드로 감사합니다ㅎㅎ 바로 구독,5,2024-11-20,20Vvlu-gHIw
요리입문,자취 요리 시작,고물가 시대에서 살아남기 -자취입문편-,찬밥식당,맛있게 잘먹었습니다 ❤❤❤,1,2026-03-23,20Vvlu-gHIw
요리입문,자취 요리 시작,고물가 시대에서 살아남기 -자취입문편-,찬밥식당,헐 알고리즘 타고 왔는데 진짜 간단하네요...! 복잡한 레시피보다 이게 더 좋다!,3,2024-11-25,20Vvlu-gHIw
요리입문,자취 요리 시작,고물가 시대에서 살아남기 -자취입문편-,찬밥식당,"제육볶음 처음 해보는데 성공했어요😊
레시피 간단해서 따라하기 쉽네요 감사합니다!!",9,2025-01-04,20Vvlu-gHIw
요리입문,자취 요리 시작,고물가 시대에서 살아남기 -자취입문편-,찬밥식당,나중에 자취할거 생각해서 바로 구독 박아버렸습니다 개추!!!,2,2024-11-24,20Vvlu-gHIw
요리입문,자취 요리 시작,고물가 시대에서 살아남기 -자취입문편-,찬밥식당,구독 했습니다 좋은 레시피들 감사합니다,3,2024-12-26,20Vvlu-gHIw
요리입문,자취 요리 시작,고물가 시대에서 살아남기 -자취입문편-,찬밥식당,"선생님, 영상 올려주셔서 감사합니다!

요리를 좋아하지만 귀찮아서 시작하기 어려웠는데, 덕분에 3일째 가족들에게 직접 요리를 대접하고 있습니다. 그대로 따라 해보니 정말 따뜻하고 맛있었어요.

고품질의 영상, 진심으로 감사합니다! :) :)",9,2025-02-12,20Vvlu-gHIw
요리입문,자취 요리 시작,고물가 시대에서 살아남기 -자취입문편-,찬밥식당,최애채널로 등극!! ^^,2,2025-02-15,20Vvlu-gHIw
요리입문,자취 요리 시작,고물가 시대에서 살아남기 -자취입문편-,찬밥식당,임팩트가 상당하네요 구독 박았습니다,2,2025-01-24,20Vvlu-gHIw
요리입문,자취 요리 시작,고물가 시대에서 살아남기 -자취입문편-,찬밥식당,딱 한국인들이 좋아하는 요리들이네요 ㅎㅎ,2,2025-02-19,20Vvlu-gHIw
요리입문,자취 요리 시작,고물가 시대에서 살아남기 -자취입문편-,찬밥식당,카레까지..미쳤다 진짜!!,2,2025-02-15,20Vvlu-gHIw
요리입문,자취 요리 시작,고물가 시대에서 살아남기 -자취입문편-,찬밥식당,와 좋아요 ㅎ 우연히 떠서! 저렴하게 요리할수있어서,3,2024-11-25,20Vvlu-gHIw
요리입문,자취 요리 시작,고물가 시대에서 살아남기 -자취입문편-,찬밥식당,최고의 레시피ㅋㅋㅋㅋㅋㅋ 다른거 보면 맨날 액젓 매실액 이런저런거 엄청 많이 들어가는데 자취생 집에는 그런거 없다구요 ㅠㅠ 레시피 너무 좋습니다,1,2025-09-20,20Vvlu-gHIw
요리입문,자취 요리 시작,고물가 시대에서 살아남기 -자취입문편-,찬밥식당,시켜 먹지 말고 저렇게 만들고 소분하고 냉동실 넣고 데어서 먹고 가끔 상추나 꺳잎 곁들여서 먹고 하면 됨.  마늘은 까서 빻고 냉동실로 소분해서 쓰자. 리얼 마늘이 자취음식 필수템이다.,148,2024-10-30,20Vvlu-gHIw
요리입문,자취 요리 시작,내가 상상했던 자취생 플렉스,난쟁이성현,뭐여 집앞에 유전터짐?,16299,2025-05-03,buD0Ey0FLrM
요리입문,자취 요리 시작,내가 상상했던 자취생 플렉스,난쟁이성현,저 참치캔도 진짜 본가에서 노획해와야함,5413,2025-05-08,buD0Ey0FLrM
요리입문,자취 요리 시작,내가 상상했던 자취생 플렉스,난쟁이성현,이거보니까 엄마아빠가 얼마나 힘든지 알겠다.. 나혼자 먹고살기도 바쁜데 자식들까지 어떻게 먹여 살리냐 .. 감사합니다,4919,2025-05-04,buD0Ey0FLrM
요리입문,자취 요리 시작,내가 상상했던 자취생 플렉스,난쟁이성현,와 스팸이랑 참치를 동시에 깐다고??,13698,2025-05-03,buD0Ey0FLrM
요리입문,자취 요리 시작,내가 상상했던 자취생 플렉스,난쟁이성현,자취생분덜.. 오늘만은 플렉스 하고싶다 하면 대형마트 저녁 세일시간에 가면 초밥 개쌈...ㅠ 퀄도 높은데 초밥집보다 훨 쌈..ㅠㅠ 거기서 사다드세여,2179,2025-05-17,buD0Ey0FLrM
요리입문,자취 요리 시작,내가 상상했던 자취생 플렉스,난쟁이성현,이정도면 영상은 초밥을 먹기 위한 핑계일뿐인거 같은데요....ㅋㅋㅋ,1964,2025-05-03,buD0Ey0FLrM
요리입문,자취 요리 시작,내가 상상했던 자취생 플렉스,난쟁이성현,"내가 한 플렉스: 전등 스위치 끄기. 
..전기는 무료가 아님을 잊지말자...",334,2025-05-04,buD0Ey0FLrM
요리입문,자취 요리 시작,내가 상상했던 자취생 플렉스,난쟁이성현,자취때 참치나 스팸은 거의 명절때 세트로 파는거 말고는 잘 못사먹죠.. 차라리 라면 먹죠 ㅎㅎ,848,2025-05-03,buD0Ey0FLrM
요리입문,자취 요리 시작,내가 상상했던 자취생 플렉스,난쟁이성현,현실에 라따뚜이 생쥐 올려둔 디테일ㅋㅋㅋ,86,2025-05-03,buD0Ey0FLrM
요리입문,자취 요리 시작,내가 상상했던 자취생 플렉스,난쟁이성현,편집까지 잘하셔서 영상이 더 재밌음 ㅋㅋ,349,2025-05-03,buD0Ey0FLrM
요리입문,자취 요리 시작,내가 상상했던 자취생 플렉스,난쟁이성현,동원참치에 런천미트를 동시에 까서 먹다니 플렉스 맞네 ㅎㄷㄷ,27,2025-05-03,buD0Ey0FLrM
요리입문,자취 요리 시작,내가 상상했던 자취생 플렉스,난쟁이성현,"진짜 자취하거나 어른되면 
집에 냉동만두 쌓아두고 
새우튀김 먹을 때 왕창 쌓아서 먹고
육포 왕창 사서 집에 쟁여두고 산처럼 쌓아두고 넷플보면서 먹는 게 내 일생의 소원임",168,2025-05-05,buD0Ey0FLrM
요리입문,자취 요리 시작,내가 상상했던 자취생 플렉스,난쟁이성현,아 반전 진짜 ㅋㅋㅋㅋ 많이 배웁니다 ㅋㅋㅋㅋ 대단하세요!!,10,2025-05-16,buD0Ey0FLrM
요리입문,자취 요리 시작,내가 상상했던 자취생 플렉스,난쟁이성현,난 상상대로사는듯...후  돈아끼자 ㅜ,15,2025-05-06,buD0Ey0FLrM
요리입문,자취 요리 시작,내가 상상했던 자취생 플렉스,난쟁이성현,성현님 영상들 보면 늘 굉장히 잘 찍으려고 노력 하신 게 너무 보임 디테일 좋은 분이실 거 같음,11,2025-05-07,buD0Ey0FLrM
요리입문,자취 요리 시작,내가 상상했던 자취생 플렉스,난쟁이성현,컨텐츠를 위해 합법적으로(?) 고오급 초밥 드시긴했네요..ㅋㅎㅋㅋㅋ,9,2025-05-06,buD0Ey0FLrM
요리입문,자취 요리 시작,내가 상상했던 자취생 플렉스,난쟁이성현,이 집에 살고 있다는게 레전드인데...?,20,2025-05-04,buD0Ey0FLrM
요리입문,자취 요리 시작,내가 상상했던 자취생 플렉스,난쟁이성현,현실은 참치랑 초밥도 비싸서 집에서 보낼줄때 아니면 못먹구 저렇게 안먹음 참치는 찌개용 스팸은 찌개용이나 구이용 ㅠㅠ,5,2025-05-04,buD0Ey0FLrM
요리입문,자취 요리 시작,내가 상상했던 자취생 플렉스,난쟁이성현,"스팸이랑 참치를 동시에 깐다고?!
집앞에 석유라도 터졌어 성현언니?",3,2025-05-03,buD0Ey0FLrM
요리입문,자취 요리 시작,내가 상상했던 자취생 플렉스,난쟁이성현,"현실적인 자취생플렉스 한끼 식단:
햇반(전자밥솥 밥이면 귀족)
계란후라이 2~3개
김
잘구워진 스팸
(통스팸 에어후라이기에 구우면 귀족계층)
김치(물김치 or 갓김치 or 파김치면 귀족계층)",15,2025-05-03,buD0Ey0FLrM
요리입문,자취 요리 시작,내가 상상했던 자취생 플렉스,난쟁이성현,"이야....
난쟁이성현이 참치초밥 음청 묵고 간데이~",14,2025-05-04,buD0Ey0FLrM
요리입문,자취 요리 시작,내가 상상했던 자취생 플렉스,난쟁이성현,일단 쓸데없는거 사고 남은돈으로 밥먹는거까지 찐이네요ㅋㅋㅋㅋ,2,2025-06-24,buD0Ey0FLrM
요리입문,자취 요리 시작,내가 상상했던 자취생 플렉스,난쟁이성현,앞에 상상은 딱 직장인 금요일 혹은 주말😢,3,2025-05-05,buD0Ey0FLrM
요리입문,자취 요리 시작,내가 상상했던 자취생 플렉스,난쟁이성현,"ㅋㅋㅋ⫬ㅋ⫬ㅋ⫬ㅋ⫬ㅋ⫬ㅋ⫬ 사실 배달도 집 도착하는 시간이나 다 씻고 나서 언제쯤 오겠지 계산 후 그 전에 시킵니당,,,, 
내 시간 너무 소중해,,,",1,2025-07-01,buD0Ey0FLrM
요리입문,자취 요리 시작,내가 상상했던 자취생 플렉스,난쟁이성현,"아 안돼안돼 오늘은 밥 해먹어야돼 
어?...... 
라면이 어딨더라...... 
(눙물) 
아니 자취하니 그 안먹던 쌀밥이 귀해졌....",2,2025-05-03,buD0Ey0FLrM
요리입문,자취 요리 시작,내가 상상했던 자취생 플렉스,난쟁이성현,집에서 금전적으로 도와주실 땐 플렉스가 ㄹㅇ 육회나 초밥이였는데 딱 끊기니까 바로 곰곰 김치만두에 밥.. 참치도 비싸서 맘놓고 사기 넘 힘들어요....,0,2025-05-03,buD0Ey0FLrM
요리입문,자취 요리 시작,내가 상상했던 자취생 플렉스,난쟁이성현,진정한 자취생은 참치캔도 아까워서 컵라면으로 때운다는 ㅋㅋㅋ,1,2025-05-05,buD0Ey0FLrM
요리입문,자취 요리 시작,내가 상상했던 자취생 플렉스,난쟁이성현,이야.. 저 참치초밥 마ㅁ맛있겠네요.. 하하..,0,2025-05-06,buD0Ey0FLrM
요리입문,자취 요리 시작,내가 상상했던 자취생 플렉스,난쟁이성현,와.. 먹방해주세요..,0,2025-05-03,buD0Ey0FLrM
요리입문,자취 요리 시작,내가 상상했던 자취생 플렉스,난쟁이성현,자취하면서 가장 사치부린게 이불베게 합쳐서 80짜리 산거임 근데 후회안함 진짜 침대이블 이런것들은 비싼거 사서 서보세요 삶의 질이 올라가는 기분임,1,2025-09-11,buD0Ey0FLrM
요리입문,자취 요리 시작,내가 상상했던 자취생 플렉스,난쟁이성현,언니 근데 진짜… 요즘 옷 개잘입는다 완던 힙해!!!!!! 아주 옷이 착붙임,0,2025-05-03,buD0Ey0FLrM
요리입문,자취 요리 시작,내가 상상했던 자취생 플렉스,난쟁이성현,ㅋㅋㅋㅋㅋㅋㅋㅋㅋㅋㅋㅋㅋㅋㅋㅋㅋ 아 공감 돼요,0,2026-03-05,buD0Ey0FLrM
요리입문,자취 요리 시작,내가 상상했던 자취생 플렉스,난쟁이성현,와 참치 스팸 둘다 까는거 ㄹㅇ 사치인데,1,2025-08-15,buD0Ey0FLrM
요리입문,자취 요리 시작,내가 상상했던 자취생 플렉스,난쟁이성현,역시 디테일 ㄷㄷ 콩밥ㄷㄷ,0,2025-05-06,buD0Ey0FLrM
요리입문,자취 요리 시작,내가 상상했던 자취생 플렉스,난쟁이성현,와 부자다…,1,2026-01-02,buD0Ey0FLrM
요리입문,자취 요리 시작,내가 상상했던 자취생 플렉스,난쟁이성현,"찐 현실; 
와 오늘 레전드로 피곤하네, 눕고싶다 눕고싶다...",1,2025-05-06,buD0Ey0FLrM
요리입문,자취 요리 시작,내가 상상했던 자취생 플렉스,난쟁이성현,10번넘게 봤는데 또 클릭해버렸다ㅋㅋㅋㅋㅋ ㄹㅇ 현실임 ㅋㅋㅋㅋㅋ,0,2026-03-18,buD0Ey0FLrM
요리입문,자취 요리 시작,내가 상상했던 자취생 플렉스,난쟁이성현,성현님 처음부분 바지 정보 알 수 있을까요!,0,2025-05-03,buD0Ey0FLrM
요리입문,자취 요리 시작,내가 상상했던 자취생 플렉스,난쟁이성현,아니ㅋㅋㅋㅋㅋ주먹밥 갖다놓고 초밥이래ㅋㅋㅋㅋㅋㅋㅋㅋㅋㅋ,0,2025-05-03,buD0Ey0FLrM
요리입문,자취 요리 시작,내가 상상했던 자취생 플렉스,난쟁이성현,코디 넘 예쁜데 정보 알수있을까요??,0,2025-05-03,buD0Ey0FLrM
요리입문,자취 요리 시작,내가 상상했던 자취생 플렉스,난쟁이성현,"초밥: 잘 찾으면 만원 초밥대 많음 포장하면 됨
참치 + 런천미트 + 햇반: 핫딜 아니면 6천원 넘음

진짜로 의외로 후자가 매우 비쌈",5,2025-05-12,buD0Ey0FLrM
요리입문,자취 요리 시작,내가 상상했던 자취생 플렉스,난쟁이성현,월급받은 3주정도는 저렇게 먹고싶은거 먹다가 막주는 자린고비처럼 먹는게 저랑 비슷하긴하네요😂,0,2025-05-17,buD0Ey0FLrM
요리입문,자취 요리 시작,내가 상상했던 자취생 플렉스,난쟁이성현,하루에 한두끼만 먹으면서 치킨 피자 카레 땡기는거 다 시켜먹었는데 ㅋㅋㅋㅋ 이러면 다이어트도 됨,1,2026-02-28,buD0Ey0FLrM
요리입문,자취 요리 시작,내가 상상했던 자취생 플렉스,난쟁이성현,심지어 스팸이 아니라 런천미트 아...저게 내 미래인가...?,1,2026-03-24,buD0Ey0FLrM
요리입문,자취 요리 시작,내가 상상했던 자취생 플렉스,난쟁이성현,상상처럼 할 순 있음 대신 돈이 하나도 없음 진심.. 내가 그래... 이렇게 안되려면 일단 배달을 끊어야해 무조건!!!! 밥은 배달보단 스스로 간단하게라도 해먹는 습관을 들이자..ㅜㅜㅜㅜ,0,2025-08-21,buD0Ey0FLrM
요리입문,자취 요리 시작,내가 상상했던 자취생 플렉스,난쟁이성현,참치 스팸 둘다 사서 뜯을 돈이면 돈 살짝 더 보태서 진짜 초밥 먹음,1,2025-05-20,buD0Ey0FLrM
요리입문,자취 요리 시작,내가 상상했던 자취생 플렉스,난쟁이성현,초밥에 버번이라니 취향 존중.....으아 실패,1,2025-05-06,buD0Ey0FLrM
요리입문,자취 요리 시작,내가 상상했던 자취생 플렉스,난쟁이성현,저건 직장인이죠 자취하고 저렇게 시키는건 어지간 한 월급 쟁이 아니면 저 맛 못봅니다,1,2025-09-24,buD0Ey0FLrM
요리입문,자취 요리 시작,내가 상상했던 자취생 플렉스,난쟁이성현,둘다 현실이다.,2,2025-08-21,buD0Ey0FLrM
요리입문,자취 요리 시작,내가 상상했던 자취생 플렉스,난쟁이성현,초밥먹을 명분을 컨텐츠비용으로 경비처리하고 절세하는 꿀팁이,0,2025-05-04,buD0Ey0FLrM
요리입문,자취 요리 시작,이렇게 쌓아두면 한 달은 식비 절약 쌉가능,찬밥식당,"요리초보도 가능한 초간단 밑반찬 레시피 입니다


0:22
만능 간장 소스

간장200g(종이컵 1컵 가득)
미림80g
요리당80g(물엿있으면 물엿100g)
설탕3~4스푼(단게 싫은면 3스푼)
소고기다시다 1스푼
다진 마늘1스푼

0:36
장조림
소고기900g
만능간장 1컵(가득)
물컵3컵 
깐메추리알270g
청양고추2개
후추
참😄기름
참깨

01:27
계란장
반숙란
간장 1컵(가득)
물컵2컵
양파
대파 
청양고추
참기름 
참깨

01:55
어묵볶음
부산어묵2팩
양파반개
청양고추
대파
당근
다진마늘1개
만능간장4스푼
물엿or요리당 살짝
후추
참기름
참깨

03:20
고춧가루 양념 
진간장 200g
까나리액젓4스푼
고춧가루8스푼
설탕8스푼
다진마늘2스푼
소고기다시다1스푼
청양고추3개
대파 2개
참기름3스푼
후추

03:45
두부조림
두부2팩(600g)
물
고춧가루양념

04:19
깻잎찜
깻잎
고춧가루양념

04:38
콩나물무침
콩나물 500g
고춧가루양념 
참기름 
참깨

05:30
소세지 야채볶음
소세지500g
양파1개
다진마늘1스푼
대파 한줌
고추장1스푼 
케첩4스푼
물 살짝
설탕1스푼
굴소스1스푼
다시다 반스푼
참기름
참깨 

06:05
감자채볶음
다진마늘1스푼
대파 한줌
감자 600g
런천미트1개
양파 
청양고추
다시다1스푼
후추 
참기름
참깨

07:28
진미채 오징어 
진매치 400g
마요네즈3바퀴 
고춧가루1.5스푼
고추장1.5스푼
간장 1스푼
물엿 or 요리당 4스푼

08:05
무생채
무채600g
설탕1.5~2스푼
소금1스푼
고춧가루2스푼
대파 살짝 
다진마늘1스푼
식초3스푼
까나리액젓2스푼",249,2025-03-13,nNDexw6QWa8
요리입문,자취 요리 시작,이렇게 쌓아두면 한 달은 식비 절약 쌉가능,찬밥식당,"이 정도 준비하는 것도 엄청난 노력이 필요하다는 것... 재료 버려지고 반찬 버려지다가 이제야 깨달은 저는 나름 사업자인 걸 이용해 직장인 대상 도시락 업체 이용합니다. 매일 새로운 반찬7가지... 사랑합니다. 7찬도시락, 과일샐러드 정말 사랑합니다.",66,2025-07-01,nNDexw6QWa8
요리입문,자취 요리 시작,이렇게 쌓아두면 한 달은 식비 절약 쌉가능,찬밥식당,정말 감사합니다. 지금 미국에서 혼자 살고 있는 대학생입니다.  원래 요리 잘 안해먹다가 찬밥식당님 영상보고 어머니께 부탁드려 한국에서만 구할 수 있는 조미료 얻고 잘 해먹고 있습니다. 오랜 타지 생활에서 가장 맛있는 식사였습니다. 정말 감사합니다.,139,2025-05-11,nNDexw6QWa8
요리입문,자취 요리 시작,이렇게 쌓아두면 한 달은 식비 절약 쌉가능,찬밥식당,"음식 만드느건 길어야 20분, 재료 손질이 1시간. 한식이 귀찮은 이유는 요리 그 자체보다 재료 손질이 진짜 시간이 많이 걸리기 때문이다.",8,2025-12-14,nNDexw6QWa8
요리입문,자취 요리 시작,이렇게 쌓아두면 한 달은 식비 절약 쌉가능,찬밥식당,"어묵 볶음에 양배추 넣어봐!
어묵은 물컹, 양배추는 오독오독 식감이 좋음.",13,2025-05-20,nNDexw6QWa8
요리입문,자취 요리 시작,이렇게 쌓아두면 한 달은 식비 절약 쌉가능,찬밥식당,"소고기 장조림 해봤는데 고기 부위도 다르고 양도 달랐지만 소스 양 조절하니 정말 맛있게 됐어요.
다른것도 맛있게 해먹을께요~~",34,2025-03-21,nNDexw6QWa8
요리입문,자취 요리 시작,이렇게 쌓아두면 한 달은 식비 절약 쌉가능,찬밥식당,자취7년차 화려하고 다양한 유튜버들의 음식보다 냉장실에서 꺼내도 맛이 괜찮고 오래가고 자기 취향에 맞는 집밥반찬들이 최곱니다 어차피 이거하고 저거한다고 재료사면 7할은 버려요. 진짜 먹고싶은건 근처 맛잇는 밥집이나 식당찾아갑시다,14,2025-05-14,nNDexw6QWa8
요리입문,자취 요리 시작,이렇게 쌓아두면 한 달은 식비 절약 쌉가능,찬밥식당,"콩나물 삶은 물은 버리지말고 다시다나 미원, 소금, 후추 조금 넣고 파 좀 썰어넣으면 깔끔한 콩나물국",123,2025-09-05,nNDexw6QWa8
요리입문,자취 요리 시작,이렇게 쌓아두면 한 달은 식비 절약 쌉가능,찬밥식당,양념장만 만들 줄 알아도 반찬이 수십가지 나오겠네요 ㄹㅇ ㅂㄷㄷ,10,2025-10-05,nNDexw6QWa8
요리입문,자취 요리 시작,이렇게 쌓아두면 한 달은 식비 절약 쌉가능,찬밥식당,이건 쌉 저장해뒀다가 주말에 해먹어야겠음 ㅋㅋㅋ 고마워요 도시락싸기 쉬워지겠네,10,2025-09-08,nNDexw6QWa8
요리입문,자취 요리 시작,이렇게 쌓아두면 한 달은 식비 절약 쌉가능,찬밥식당,"며칠전에 부모님이 저희집 오셨는데 본가보다 잘해먹고 산다고 말씀하시고 가셨어요
항상 감사합니다 건강하세요!!",90,2025-03-14,nNDexw6QWa8
요리입문,자취 요리 시작,이렇게 쌓아두면 한 달은 식비 절약 쌉가능,찬밥식당,와.... 전부 내가 좋아하는 메뉴.... 츄릅....,16,2025-05-12,nNDexw6QWa8
요리입문,자취 요리 시작,이렇게 쌓아두면 한 달은 식비 절약 쌉가능,찬밥식당,07:07 감자볶음에 소고기다시다로 간하는거 첨봐요,7,2025-08-21,nNDexw6QWa8
요리입문,자취 요리 시작,이렇게 쌓아두면 한 달은 식비 절약 쌉가능,찬밥식당,"깻잎찜이 이렇게 사람을 움직일 줄이야… 40대 아재가 그릇 사러 다이소 직행했습니다. 너무 맛있어서 나눠주려구요. 이 채널, 그냥 요리 유튜브인 줄 알았는데 사람도 바꿔놓네요. 2025년 인생 채널입니다.",9,2025-04-06,nNDexw6QWa8
요리입문,자취 요리 시작,이렇게 쌓아두면 한 달은 식비 절약 쌉가능,찬밥식당,옆에서 먹는 친구생키 개부럽네 난 요리 잘하는 친구가 없었는데,11,2025-07-24,nNDexw6QWa8
요리입문,자취 요리 시작,이렇게 쌓아두면 한 달은 식비 절약 쌉가능,찬밥식당,저 요린이 인데. 이거 기가 맥히네... 집에 조미료랑 소스들 사놧는데.마트 아줌마한테 요리 할 때 필요한 조미료들 추천 해달라해서.😂 이게 다 필요하네요. 마침 집에 있고. 양파 대파 다진마늘 있으니까네. 고추만 조금 사서 해보면 될거 같네요,5,2025-09-06,nNDexw6QWa8
요리입문,자취 요리 시작,이렇게 쌓아두면 한 달은 식비 절약 쌉가능,찬밥식당,"오케스트라 지휘자의 연주의 듣는것에 비유되네요. 
천재 요리사",3,2025-09-16,nNDexw6QWa8
요리입문,자취 요리 시작,이렇게 쌓아두면 한 달은 식비 절약 쌉가능,찬밥식당,자취생뿐만 아니라 혼자 밥해먹기 힘든 대학생들에게도 정말 꿀같은 레시피네요!! 영상 도움 너무 많이 되었습니다!!,3,2025-07-07,nNDexw6QWa8
요리입문,자취 요리 시작,이렇게 쌓아두면 한 달은 식비 절약 쌉가능,찬밥식당,진짜 이 영상보고 구독했습니다,18,2025-03-27,nNDexw6QWa8
요리입문,자취 요리 시작,이렇게 쌓아두면 한 달은 식비 절약 쌉가능,찬밥식당,와 저 레시피로 두부조림 깻잎이랑 감자채 먹었는데 너무 맛있어서 순삭했어요!!,3,2025-10-17,nNDexw6QWa8
요리입문,자취 요리 시작,이렇게 쌓아두면 한 달은 식비 절약 쌉가능,찬밥식당,가장 무난한 반찬이네요. 감사합니다.,4,2025-07-22,nNDexw6QWa8
요리입문,자취 요리 시작,이렇게 쌓아두면 한 달은 식비 절약 쌉가능,찬밥식당,8:18 ㅋㅋㅋㅋㅋ다다다다다다다다다따다다,26,2025-03-13,nNDexw6QWa8
요리입문,자취 요리 시작,이렇게 쌓아두면 한 달은 식비 절약 쌉가능,찬밥식당,와 이런거 너모좋다 소스돌려쓰기,126,2025-03-16,nNDexw6QWa8
요리입문,자취 요리 시작,이렇게 쌓아두면 한 달은 식비 절약 쌉가능,찬밥식당,"요즘 물가때문에 도시락 싸가지고다니는데 메뉴들이 난이도,맛 모두 굿이네요!! 따라해보겠습니다",4,2025-03-15,nNDexw6QWa8
요리입문,자취 요리 시작,이렇게 쌓아두면 한 달은 식비 절약 쌉가능,찬밥식당,오늘도 영상 잘보고갑니다 👍,9,2025-03-17,nNDexw6QWa8
요리입문,자취 요리 시작,이렇게 쌓아두면 한 달은 식비 절약 쌉가능,찬밥식당,"결론: ""다시다""는 필수다",3,2025-09-21,nNDexw6QWa8
요리입문,자취 요리 시작,이렇게 쌓아두면 한 달은 식비 절약 쌉가능,찬밥식당,와 대박.. 야무지게 해서 먹을게용,11,2025-05-13,nNDexw6QWa8
요리입문,자취 요리 시작,이렇게 쌓아두면 한 달은 식비 절약 쌉가능,찬밥식당,"영상 너무 좋아요ㅎㅎ

다음 영상엔 유통기한 같은것도 알려 주시면 좋을거 같아요!!

하나만들면 오랫동안 못먹어서요 ㅜㅠ",14,2025-03-15,nNDexw6QWa8
요리입문,자취 요리 시작,이렇게 쌓아두면 한 달은 식비 절약 쌉가능,찬밥식당,"진짜 음식 만드는 건 초등학생때부터 있어야한다고 생각
반찬 만드는 것도 음식 만드는 것도 귀찮 ㅠ 
할 일이 너무 많아서 음식 만드는 건 항상 나중",19,2025-10-19,nNDexw6QWa8
요리입문,자취 요리 시작,이렇게 쌓아두면 한 달은 식비 절약 쌉가능,찬밥식당,이렇게 해두면 밥이랑안먹고 술안주로끝남,4,2025-11-30,nNDexw6QWa8
요리입문,자취 요리 시작,이렇게 쌓아두면 한 달은 식비 절약 쌉가능,찬밥식당,깻잎찜은 영상보다 조금 넣었는데 맛있긴한데 엄청 짜네요 따로 소스 덜어서 물넣고 고춧가루 설탕 대파채 넣어서 양 1.5배정도 불리고 영상만큼 넣으면 간딱맞을듯,3,2025-04-07,nNDexw6QWa8
요리입문,자취 요리 시작,이렇게 쌓아두면 한 달은 식비 절약 쌉가능,찬밥식당,"첨보는 채널! 
마약 이럴려다 마왕계란 이래서 맘에듬! 그래서 끝까지 보고 좋아요 누르고 가겠음!감자볶음 난 간장넣는거.좋아는데 이거꼭해보겠음!ㅋ",2,2025-07-11,nNDexw6QWa8
요리입문,자취 요리 시작,이렇게 쌓아두면 한 달은 식비 절약 쌉가능,찬밥식당,반찬 만드는게 이렇게 힙할줄이야 ㅎㅎ  음악과 내레이션 그리고 반찬 퀄  너무 힙함 ㅎㅎㅎ,6,2025-04-14,nNDexw6QWa8
요리입문,자취 요리 시작,이렇게 쌓아두면 한 달은 식비 절약 쌉가능,찬밥식당,만들어보고 싶은 반찬입니다.마음이 든든해지는 영상입니다.😊,3,2025-04-05,nNDexw6QWa8
요리입문,자취 요리 시작,이렇게 쌓아두면 한 달은 식비 절약 쌉가능,찬밥식당,이건진짜유용하다,5,2025-03-20,nNDexw6QWa8
요리입문,자취 요리 시작,이렇게 쌓아두면 한 달은 식비 절약 쌉가능,찬밥식당,두부조림이 너어무 맛있어서 지금 800그램짜리 두부 사서 세번째 먹고있어요. 양념만 미리 만들어두니까 두부 썰어서 부치고 양념만 넣어서 졸이면 되니까 엄청 편하네요~!!,1,2025-10-21,nNDexw6QWa8
요리입문,자취 요리 시작,이렇게 쌓아두면 한 달은 식비 절약 쌉가능,찬밥식당,"알고리즘으로 그냥 몇 번 보다
구독 누름",3,2025-04-04,nNDexw6QWa8
요리입문,자취 요리 시작,이렇게 쌓아두면 한 달은 식비 절약 쌉가능,찬밥식당,좋은 영상 감사합니다,0,2026-06-07,nNDexw6QWa8
요리입문,자취 요리 시작,이렇게 쌓아두면 한 달은 식비 절약 쌉가능,찬밥식당,미국에서 자취중입니다.. 요알못인데 이 채널 보고 소스 하나로 돌려쓰는걸 보고 이정도면 해볼 수 있겠다 싶어서 요리 시작했습니다 ㅎㅎ 덕분에 집밥 잘 해먹고 있어요!!,23,2025-09-01,nNDexw6QWa8
요리입문,자취 요리 시작,이렇게 쌓아두면 한 달은 식비 절약 쌉가능,찬밥식당,"이영상과 돼지갈비영상으로 구독
목소리 좋아요",3,2025-04-27,nNDexw6QWa8
요리입문,자취 요리 시작,이렇게 쌓아두면 한 달은 식비 절약 쌉가능,찬밥식당,소스 이용 간단반찬 좋아요,4,2025-04-06,nNDexw6QWa8
요리입문,자취 요리 시작,이렇게 쌓아두면 한 달은 식비 절약 쌉가능,찬밥식당,"[개인메모용]
1. 간장200 미림80 물엿80 설탕3~4스푼 소고기다시다1스푼 다진마늘1스푼 = 눈대중 비율 대략 5:3:3:3:1:1
양념 이대로 하면 밥이랑 먹기엔 딱 좋은 짭쪼롬함이지만, 장조림만 가볍게 줏어먹고 싶다면 간장을 살짝 줄여봐도?

-깻잎찜의 경우 우리집 레인지로 2분 돌리면 너무 익어서 깻잎이 엄청 쪼그라들고 또 찔겨짐. 다음에는 1분만 돌려볼것.
-장조림은 pork butt roast로도 가능. 근데 돼지고기의 경우는 필히 영상에 나온것처럼 한번 고기 넣어서 끓이고 물을 버려줘야지 안 그러면 너무 느끼할꺼 같음. 꽈리고추 넣을꺼면 고기가 좀 졸여진 다음에 후반에 넣어주는게 꽈리고추의 식감을 살리기에 더 좋은거 같음. 초반부터 같이 졸이면 꽈리고추가 너무 물러짐.

2. 진간장200 액젓4스푼 고추가루8스푼 설탕8스푼 다진마는2스푼 다시다1스푼 청양고추랑 대파 적당히 참기름3스푼 후추",1,2025-08-23,nNDexw6QWa8
요리입문,자취 요리 시작,이렇게 쌓아두면 한 달은 식비 절약 쌉가능,찬밥식당,역대급 쿡방 레전드들 영상 덕지덕지...,2,2025-04-04,nNDexw6QWa8
요리입문,자취 요리 시작,이렇게 쌓아두면 한 달은 식비 절약 쌉가능,찬밥식당,"대박 채널~

저장햬서 할때마다 보면서. 따라하기^^

감사합니다~",7,2025-04-08,nNDexw6QWa8
요리입문,자취 요리 시작,이렇게 쌓아두면 한 달은 식비 절약 쌉가능,찬밥식당,매번 유투브에서 비엔나소시지 레시피 다 따라해봤지만 그냥 그랬는데 이걸로 해보니 맛잇어요 ㅋㅋㅋ이제 이 레시피로 정착. 다른것들도 도장깨야지😊,3,2025-08-11,nNDexw6QWa8
요리입문,자취 요리 시작,이렇게 쌓아두면 한 달은 식비 절약 쌉가능,찬밥식당,"keep posting healthy korean dishes and homemade recipies, good luck",7,2025-03-13,nNDexw6QWa8
요리입문,자취 요리 시작,이렇게 쌓아두면 한 달은 식비 절약 쌉가능,찬밥식당,대박이네요 간단 밑반찬 레시피 찾고있었는데 레시피도 자세하고 따라하기 쉽네요 구독하고 갑니다,0,2025-09-03,nNDexw6QWa8
요리입문,자취 요리 시작,이렇게 쌓아두면 한 달은 식비 절약 쌉가능,찬밥식당,해당 방법대로 해봤는데 오랜만에 집밥먹는거 같고 너무 좋네요 ㅎㅎ 당분간은 밥해먹을수 있을거 같아요.  감사합니다!,0,2025-09-20,nNDexw6QWa8
요리입문,자취 요리 시작,이렇게 쌓아두면 한 달은 식비 절약 쌉가능,찬밥식당,반찬 시리즈 더 햐주세요!!! 넘 맛있게 해먹었어요 :),4,2025-05-15,nNDexw6QWa8
요리입문,자취 요리 시작,이렇게 쌓아두면 한 달은 식비 절약 쌉가능,찬밥식당,소고기 장조림 때깔 미쳤다.. 감사합니다..,0,2026-04-01,nNDexw6QWa8
요리입문,자취 요리 시작,"한끼당 2000원, 고물가 시대에서 살아남기 -자취초보편-",찬밥식당,"안녕하세요👋 찬밥식당입니당
편하게 보시라고 정리한 레시피 입니다.

김치볶음
식용유
뒷다리300g
소금 살짝
김치400g
고춧가루2스푼(1스푼)
설탕1스푼(김치 신맛이 강하면2스푼)
다시다1/2스푼
다진마늘1스푼
대파1대
양파1/2개
참기름 살짝
식초(김치 신맛이 없는 경우 추가)

짜글이
남은김치볶음에 물200ml
식초1스푼(김치 신맛이 적으면 넣음)

된장찌개
물400ml
고춧가루1스푼
된장3스푼(고추장 들어갈경우 된장 2스푼 고추장1스푼 
다진마늘1스푼
소고기다시다 1/2스푼
돼지고기 150g
감자1/2개
양파1/4개
애호박1/4개
새송이1/2개
팽이1/3개
두부 1/3모
대파 1/3개
청양고추1개(기호에 따라)
설탕 1/4스푼(안넣어도 괜찮음)

볶음밥
대파참 1스푼
마늘찹 1스푼
양파찹 1스푼
애호박찹 1스푼
스...런천미트 반개
계란2개
후추 살짝
다시다 1/2스푼
소금1꼬집
밥250g

순두부찌개
돼지고기150~200g
다진마늘1스푼
고춧가루2스푼
양파1/4개
대파1/4개
간장 2~3스푼
물400ml
다시다 1/2~1스푼
우동다시 2스푼(있으면)
후추 살짝
애호박1/4개
순두부 1/2개
계란1개
팽이버섯1/3개
청양고추1개(있으면)
새우젓 1스푼(있으면)",68,2024-11-12,t_SeS1cWvNU
요리입문,자취 요리 시작,"한끼당 2000원, 고물가 시대에서 살아남기 -자취초보편-",찬밥식당,"가성비있게 조리해 먹는 방법인것은 맞지만

이런 영상들 대부분 제일 비싼 재료인 김치는 0 원으로 계산해버림.",19,2025-01-15,t_SeS1cWvNU
요리입문,자취 요리 시작,"한끼당 2000원, 고물가 시대에서 살아남기 -자취초보편-",찬밥식당,몇분끓이란 말이없어서 20분끓엿더니 청국장이 됐네,21,2024-12-29,t_SeS1cWvNU
요리입문,자취 요리 시작,"한끼당 2000원, 고물가 시대에서 살아남기 -자취초보편-",찬밥식당,무조건 뜹니다 잘봤어요,10,2024-11-12,t_SeS1cWvNU
요리입문,자취 요리 시작,"한끼당 2000원, 고물가 시대에서 살아남기 -자취초보편-",찬밥식당,늘 깔끔한 영상. 친절하고 꼭 필요한 설명만 굿!!! 더더더 흥해라~~,26,2024-11-12,t_SeS1cWvNU
요리입문,자취 요리 시작,"한끼당 2000원, 고물가 시대에서 살아남기 -자취초보편-",찬밥식당,야채는 마트서 파는 찌개용 냉동야채 믹스랑 볶음밥용 야채믹스 이렇게 두개 사서 그때 그때 쓰면 넘넘 간편하더군요. 요즘 냉동제품들이 너무 잘나와서 냉동바지락도 많이 안비싸고 필요할때 쓰기 편해서 찌개 끓일 때나 부침개 만들때 짱입니다~ 냉동믹스만으로도 맛있는 된장찌개가 되더라구요~ 참 좋은세상이에요 ㅎㅎ,30,2025-11-14,t_SeS1cWvNU
요리입문,자취 요리 시작,"한끼당 2000원, 고물가 시대에서 살아남기 -자취초보편-",찬밥식당,"된장찌개를 여자친구한테 해준 적이 있었는데 여자친구는 고기 들어간거 안좋아하더라고요.. 고기집 된찌를 진짜 좋아한다는데 고기들어간 된장찌개를 안좋아한다..?? 된장의 종류도 바꿔보고, 고민해볼수록 된찌는 어려운 부분이 많았는데 아무래도 찌개는 개인마다의 스타일이 있다보니 더 그랬던 것 같네요 너무 어렵게만 생각했던 것 같기도 합니다. 그래도 찬밥님 영상 보고 어느정도 답을 찾은 것 같습니다!! 그 외에도 자취생활에 굉장한 꿀팁들을 잘 알려주셨네요 자취 교과서라고 봐도 될정도로 좋은 영상 같습니다👍👍👍",37,2024-12-05,t_SeS1cWvNU
요리입문,자취 요리 시작,"한끼당 2000원, 고물가 시대에서 살아남기 -자취초보편-",찬밥식당,"이미 저녁을 배불리 먹고 왔는데도 영상보니까 군침이 그새 다시 도네요ㅎㅎ
오늘도 너무 잘 봤습니다!",5,2024-11-12,t_SeS1cWvNU
요리입문,자취 요리 시작,"한끼당 2000원, 고물가 시대에서 살아남기 -자취초보편-",찬밥식당,결국에 자취할깨 필요한 요리들이네 감사합니다!,4,2024-11-13,t_SeS1cWvNU
요리입문,자취 요리 시작,"한끼당 2000원, 고물가 시대에서 살아남기 -자취초보편-",찬밥식당,매번 고퀄리티 영상 재밌어요 감사합니다,3,2024-11-13,t_SeS1cWvNU
요리입문,자취 요리 시작,"한끼당 2000원, 고물가 시대에서 살아남기 -자취초보편-",찬밥식당,"진짜... 뒷다리살 신선하면 냄새 안나니 가격 최고 가성비 부위죠. 자취는 안하고 부모님과 같이 살지만 맨날 지겨운 집밥..,  매번 김치찌개... 그래서 동네마트에 정육점이 안에 있는데 진짜 뒷다리살 싸더군요 참! 된장찌개 할때 고추장도 좋지만 쌈장도 좋아요! 그리고 그냥 물에 풀지 않고 한번 기름에 볶는 게 더 맛있더라고요!",23,2024-11-14,t_SeS1cWvNU
요리입문,자취 요리 시작,"한끼당 2000원, 고물가 시대에서 살아남기 -자취초보편-",찬밥식당,진짜 대박나실 것 같아요! 이번 시리즈 계속 해주시면 좋을 것 같아요!,7,2024-11-13,t_SeS1cWvNU
요리입문,자취 요리 시작,"한끼당 2000원, 고물가 시대에서 살아남기 -자취초보편-",찬밥식당,"돈도 없고, 정신 차리고 요리 배우는 중이에요^^ 도대체가 요리가 너무너무 어려운데  완전 초짜에겐  감사한 영상ㅠㅠ",5,2025-02-12,t_SeS1cWvNU
요리입문,자취 요리 시작,"한끼당 2000원, 고물가 시대에서 살아남기 -자취초보편-",찬밥식당,요리 해먹기 시작하니 막막했는데 ㅜㅜ 컨텐츠 너무 좋아서 바로 구독했습니다!,1,2025-03-09,t_SeS1cWvNU
요리입문,자취 요리 시작,"한끼당 2000원, 고물가 시대에서 살아남기 -자취초보편-",찬밥식당,"찬밥식당님 진짜 영상 너무 유용해서 잘 보고있습니다 !!!

자취 관련된거 따로 재생목록 만들면 더 좋을거같아용!!!",1,2025-02-25,t_SeS1cWvNU
요리입문,자취 요리 시작,"한끼당 2000원, 고물가 시대에서 살아남기 -자취초보편-",찬밥식당,영상 구성이 좋아요! 번창하시길..,7,2024-11-13,t_SeS1cWvNU
요리입문,자취 요리 시작,"한끼당 2000원, 고물가 시대에서 살아남기 -자취초보편-",찬밥식당,좋은 영상 만들어 주셔서 감사합니다 ㅠㅠ 앞으로 응원 할게요,4,2024-11-12,t_SeS1cWvNU
요리입문,자취 요리 시작,"한끼당 2000원, 고물가 시대에서 살아남기 -자취초보편-",찬밥식당,다 아는건댕 난 이걸 왜 끝까지 보고 있는걸까?😂,2,2025-01-27,t_SeS1cWvNU
요리입문,자취 요리 시작,"한끼당 2000원, 고물가 시대에서 살아남기 -자취초보편-",찬밥식당,부지런해야 가능한... 대단하네,5,2024-12-28,t_SeS1cWvNU
요리입문,자취 요리 시작,"한끼당 2000원, 고물가 시대에서 살아남기 -자취초보편-",찬밥식당,"영상 보기 디게 좋은 것 같아요
가능하다면 영상에 사용된 제품들도 소개해주시면 좋을 것 같네요~",1,2024-11-13,t_SeS1cWvNU
요리입문,자취 요리 시작,"한끼당 2000원, 고물가 시대에서 살아남기 -자취초보편-",찬밥식당,항상 꿀팁영상 감사합니다,5,2024-11-12,t_SeS1cWvNU
요리입문,자취 요리 시작,"한끼당 2000원, 고물가 시대에서 살아남기 -자취초보편-",찬밥식당,요똥도 간단하게 따라 할 수 있을 것 같아서 좋아요 …🥹🩷👍 찬밥 쨩쨩 !!!,5,2024-11-12,t_SeS1cWvNU
요리입문,자취 요리 시작,"한끼당 2000원, 고물가 시대에서 살아남기 -자취초보편-",찬밥식당,항상 잘 보고 있습니다 꾸준히 올려주셔서 감사합니다,2,2024-11-12,t_SeS1cWvNU
요리입문,자취 요리 시작,"한끼당 2000원, 고물가 시대에서 살아남기 -자취초보편-",찬밥식당,양파는 조리가 끝난 후 먹을만큼만 토핑해서 드시는게 양파 효능을 높일 수 있어요.,1,2025-04-23,t_SeS1cWvNU
요리입문,자취 요리 시작,"한끼당 2000원, 고물가 시대에서 살아남기 -자취초보편-",찬밥식당,볶음밥 할때 햇반쓰시는분들은 전자레인지 돌릴때 뚜껑다까고 돌리고 볶으시면 고슬고슬한 볶음밥이 된답니다룽😋,7,2024-11-12,t_SeS1cWvNU
요리입문,자취 요리 시작,"한끼당 2000원, 고물가 시대에서 살아남기 -자취초보편-",찬밥식당,요리천재,0,2026-01-09,t_SeS1cWvNU
요리입문,자취 요리 시작,"한끼당 2000원, 고물가 시대에서 살아남기 -자취초보편-",찬밥식당,실용적인 영상 베리 굿 찹! 찹! (찹 배워가요 헷vV),3,2024-11-12,t_SeS1cWvNU
요리입문,자취 요리 시작,"한끼당 2000원, 고물가 시대에서 살아남기 -자취초보편-",찬밥식당,오 재료 눌러보니까 쿠팡에서 엄청 싸네요 👏👏👏 감사합니당,2,2024-11-12,t_SeS1cWvNU
요리입문,자취 요리 시작,"한끼당 2000원, 고물가 시대에서 살아남기 -자취초보편-",찬밥식당,잘 봤습니당,2,2024-11-12,t_SeS1cWvNU
요리입문,자취 요리 시작,"한끼당 2000원, 고물가 시대에서 살아남기 -자취초보편-",찬밥식당,감사합니다. 해볼께요,0,2025-11-18,t_SeS1cWvNU
요리입문,자취 요리 시작,"한끼당 2000원, 고물가 시대에서 살아남기 -자취초보편-",찬밥식당,영상 좋아요,1,2024-11-20,t_SeS1cWvNU
요리입문,자취 요리 시작,"한끼당 2000원, 고물가 시대에서 살아남기 -자취초보편-",찬밥식당,4인가족도 식비 너무 들어요ㅠ 오늘도 많이 배우고 갑니다,1,2025-08-14,t_SeS1cWvNU
요리입문,자취 요리 시작,"한끼당 2000원, 고물가 시대에서 살아남기 -자취초보편-",찬밥식당,미쳤다 밥먹었는데 침고이네,1,2024-12-19,t_SeS1cWvNU
요리입문,자취 요리 시작,"한끼당 2000원, 고물가 시대에서 살아남기 -자취초보편-",찬밥식당,"자취할 때 새우젓 구비해두는 게 쉽지가 않은데, 이걸 참치액이 대부분 해결해주는 것 같아요",0,2024-12-27,t_SeS1cWvNU
요리입문,자취 요리 시작,"한끼당 2000원, 고물가 시대에서 살아남기 -자취초보편-",찬밥식당,2천원 들고 마트가서 된장하나 못샀습니다,4,2025-06-08,t_SeS1cWvNU
요리입문,자취 요리 시작,"한끼당 2000원, 고물가 시대에서 살아남기 -자취초보편-",찬밥식당,저번에 보고 제육볶음 맛있게 해먹었어요 ㅜㅜ,1,2024-11-22,t_SeS1cWvNU
요리입문,자취 요리 시작,"한끼당 2000원, 고물가 시대에서 살아남기 -자취초보편-",찬밥식당,볶음밥할때 런천미트도 좋지만 베이컨 크런블도 좋은것같아요,0,2025-08-24,t_SeS1cWvNU
요리입문,자취 요리 시작,"한끼당 2000원, 고물가 시대에서 살아남기 -자취초보편-",찬밥식당,"0:00 필수 제품, 보관법
1:03 김치볶음 (두부김치)
2:10 김치짜글이
2:53 된장찌개
3:45 볶음밥
4:35 순두부찌개",16,2025-01-20,t_SeS1cWvNU
요리입문,자취 요리 시작,"한끼당 2000원, 고물가 시대에서 살아남기 -자취초보편-",찬밥식당,볶음밥 진짜 맛있겠는데 ㅋㅋㅋㅋㅋ,0,2024-12-24,t_SeS1cWvNU
요리입문,자취 요리 시작,"한끼당 2000원, 고물가 시대에서 살아남기 -자취초보편-",찬밥식당,이사람이 진짜다,1,2025-11-28,t_SeS1cWvNU
요리입문,자취 요리 시작,"한끼당 2000원, 고물가 시대에서 살아남기 -자취초보편-",찬밥식당,"두부김치제육 만들어 먹고, 거기에 짜글이를 끓여먹고, 거기에다시 된찌를 끓여먹고, 마지막으로 순두부찌개를 끓여먹고, 설거지하면 되겠군!",2,2024-11-22,t_SeS1cWvNU
요리입문,자취 요리 시작,"한끼당 2000원, 고물가 시대에서 살아남기 -자취초보편-",찬밥식당,형 군대식단 쏘야나 꼬곰도 해줘,1,2024-11-18,t_SeS1cWvNU
요리입문,자취 요리 시작,"한끼당 2000원, 고물가 시대에서 살아남기 -자취초보편-",찬밥식당,"저기 입문편에서 닭도리탕에 
어떤 msg를 넣으면 더 맛있나요?",0,2024-11-17,t_SeS1cWvNU
요리입문,자취 요리 시작,"한끼당 2000원, 고물가 시대에서 살아남기 -자취초보편-",찬밥식당,대파는 냉동보관하면 다시 꺼내쓸 때 물기가 많이 나오더라구요~,0,2025-10-08,t_SeS1cWvNU
요리입문,자취 요리 시작,"한끼당 2000원, 고물가 시대에서 살아남기 -자취초보편-",찬밥식당,ㅋㅋ 요즘은 김치가 비싸서 만들어 먹는것 보다 사먹는게 쌈,1,2025-01-23,t_SeS1cWvNU
요리입문,자취 요리 시작,"한끼당 2000원, 고물가 시대에서 살아남기 -자취초보편-",찬밥식당,Good job,0,2025-02-07,t_SeS1cWvNU
요리입문,자취 요리 시작,"한끼당 2000원, 고물가 시대에서 살아남기 -자취초보편-",찬밥식당,💕😳🫶  ㄱㄱㅑ~~~~❤,2,2024-11-12,t_SeS1cWvNU
요리입문,자취 요리 시작,"한끼당 2000원, 고물가 시대에서 살아남기 -자취초보편-",찬밥식당,순두부찌개가 맛있어보여요 :),1,2025-02-23,t_SeS1cWvNU
요리입문,자취 요리 시작,"한끼당 2000원, 고물가 시대에서 살아남기 -자취초보편-",찬밥식당,런천미트 뭐하나!! 광고안주고,20,2024-11-12,t_SeS1cWvNU
요리입문,자취 요리 시작,"한끼당 2000원, 고물가 시대에서 살아남기 -자취초보편-",찬밥식당,"두부김치 - 가열한팬에 기름 - 고기 300g - 소금 뿌리고 굽다가 익으면 - 김치 400g - 고춧가루 2스푼 - 살짝 볶고 나서 물 50ml씩 살짝 넣으면서(필요한면 추가로)  - 다시다 반스푼 - 설탕 한스푼(반으로 해도 될듯) - 물기 줄어들면 대파양파 +다진마늘 한스푼 + 참기름 살짝       두부는 전자렌지에 2분 30초 돌릴것

김치짜글이   - 두부김치 하고 남은 팬에  두부 모자른 만큼. 취향따라 설탕이나 식초.  설명에는 없지만 물을 살짝 추가해야할듯?  팬 안긁히는 기구로 바닥 긁으면서 케러멜 화된 것들 국물에 우러나오게.",0,2025-12-04,t_SeS1cWvNU
요리입문,오븐 요리 초보,"감자와 두부있으면 이렇게 만들어 보세요~!! 맛도, 영양도 최고! 후라이팬 레시피!",메리니즈부엌Meliniskitchen,"감자와 두부 ,
고명으로 치즈넣고 정말 맛있겠다 나도 해먹어야지",82,2025-06-18,kLT591PuXB4
요리입문,오븐 요리 초보,"감자와 두부있으면 이렇게 만들어 보세요~!! 맛도, 영양도 최고! 후라이팬 레시피!",메리니즈부엌Meliniskitchen,와 이거 뉴가 나좀 해줬으면... ㅋㅋㅋㅋㅋㅋㅋㅋㅋㅋ,317,2024-01-25,kLT591PuXB4
요리입문,오븐 요리 초보,"감자와 두부있으면 이렇게 만들어 보세요~!! 맛도, 영양도 최고! 후라이팬 레시피!",메리니즈부엌Meliniskitchen,감자와 두부의 조합 요리 천상의 요리네요. 판매하셔도 되겠어요 전국구로요,114,2024-02-12,kLT591PuXB4
요리입문,오븐 요리 초보,"감자와 두부있으면 이렇게 만들어 보세요~!! 맛도, 영양도 최고! 후라이팬 레시피!",메리니즈부엌Meliniskitchen,"내가 좋아하는 감자요리 
난 두부없이 감자로만 하는데 
오늘은 두부와 같이 해 봐야겠네 ^.^",54,2025-03-13,kLT591PuXB4
요리입문,오븐 요리 초보,"감자와 두부있으면 이렇게 만들어 보세요~!! 맛도, 영양도 최고! 후라이팬 레시피!",메리니즈부엌Meliniskitchen,맛도있고 간편하고  좋은 레시피 배워갑니다,69,2023-05-02,kLT591PuXB4
요리입문,오븐 요리 초보,"감자와 두부있으면 이렇게 만들어 보세요~!! 맛도, 영양도 최고! 후라이팬 레시피!",메리니즈부엌Meliniskitchen,침흘리며 구경하다가 슈퍼로 갑니다~~,24,2023-04-27,kLT591PuXB4
요리입문,오븐 요리 초보,"감자와 두부있으면 이렇게 만들어 보세요~!! 맛도, 영양도 최고! 후라이팬 레시피!",메리니즈부엌Meliniskitchen,"은퇴한 울남편이 이걸보고
만들어 준대요.
다 준비해놓고 두부가 없다고
이 더위에 두부사러 나갔답니다.
머든 제대로 하는 남편.
인생 후반전 일하는 아내를 위해 요리하는 모습.
수선스럽기는 해도 인정하고
맛있다 해주렵니다.",395,2023-07-29,kLT591PuXB4
요리입문,오븐 요리 초보,"감자와 두부있으면 이렇게 만들어 보세요~!! 맛도, 영양도 최고! 후라이팬 레시피!",메리니즈부엌Meliniskitchen,해먹어봤는데 진짜 저렴하게 맛있게 먹을수 있어서 너무 좋았고 최고입니다 이것만큼 만들기쉽고 먹기좋은 음식 없는거 같아요,26,2023-05-04,kLT591PuXB4
요리입문,오븐 요리 초보,"감자와 두부있으면 이렇게 만들어 보세요~!! 맛도, 영양도 최고! 후라이팬 레시피!",메리니즈부엌Meliniskitchen,"너무 좋아 하는 두부 감자
 치즈  손주들에게
인기 폭팔♥",102,2023-04-22,kLT591PuXB4
요리입문,오븐 요리 초보,"감자와 두부있으면 이렇게 만들어 보세요~!! 맛도, 영양도 최고! 후라이팬 레시피!",메리니즈부엌Meliniskitchen,감자와 두부만 있으면 된대매. 치즈는 왜 나옴.,788,2025-02-13,kLT591PuXB4
요리입문,오븐 요리 초보,"감자와 두부있으면 이렇게 만들어 보세요~!! 맛도, 영양도 최고! 후라이팬 레시피!",메리니즈부엌Meliniskitchen,양파 슬라이스 쳐서 넣어도 좋을듯!,54,2023-04-25,kLT591PuXB4
요리입문,오븐 요리 초보,"감자와 두부있으면 이렇게 만들어 보세요~!! 맛도, 영양도 최고! 후라이팬 레시피!",메리니즈부엌Meliniskitchen,두부와 감자.치즈만으로도 훌륭한 요리가 되네요.,160,2023-04-24,kLT591PuXB4
요리입문,오븐 요리 초보,"감자와 두부있으면 이렇게 만들어 보세요~!! 맛도, 영양도 최고! 후라이팬 레시피!",메리니즈부엌Meliniskitchen,"부두랑 감자 전분 없어두
 맛 있어!! 😊",21,2023-04-26,kLT591PuXB4
요리입문,오븐 요리 초보,"감자와 두부있으면 이렇게 만들어 보세요~!! 맛도, 영양도 최고! 후라이팬 레시피!",메리니즈부엌Meliniskitchen,으아아아아아아아!!!!!!!! 묵꼬잡따아아아아!!!!!!!!,11,2023-04-23,kLT591PuXB4
요리입문,오븐 요리 초보,"감자와 두부있으면 이렇게 만들어 보세요~!! 맛도, 영양도 최고! 후라이팬 레시피!",메리니즈부엌Meliniskitchen,"좋은 음식 알려주셨네요 
이런분이 바로 일류요리사 !",10,2023-05-26,kLT591PuXB4
요리입문,오븐 요리 초보,"감자와 두부있으면 이렇게 만들어 보세요~!! 맛도, 영양도 최고! 후라이팬 레시피!",메리니즈부엌Meliniskitchen,"건강과 맛을 동시에  잡았네요
ㅎㅎ~~
꼭  먹어봐야겠네요❤😊",30,2023-04-23,kLT591PuXB4
요리입문,오븐 요리 초보,"감자와 두부있으면 이렇게 만들어 보세요~!! 맛도, 영양도 최고! 후라이팬 레시피!",메리니즈부엌Meliniskitchen,맛있겠어요 애들도 잘 먹겠어요 우리 손주 해주고 싶어요  고마워요,12,2024-04-23,kLT591PuXB4
요리입문,오븐 요리 초보,"감자와 두부있으면 이렇게 만들어 보세요~!! 맛도, 영양도 최고! 후라이팬 레시피!",메리니즈부엌Meliniskitchen,저 이거 오늘 해먹었어요 ㅎㅎ 진심 엄지척입니다. 치즈가그냥 쭉쭉늘어나며 담백한맛이 최고였어요. 좋고 쉬운 레시피 감사드립니다,171,2023-04-23,kLT591PuXB4
요리입문,오븐 요리 초보,"감자와 두부있으면 이렇게 만들어 보세요~!! 맛도, 영양도 최고! 후라이팬 레시피!",메리니즈부엌Meliniskitchen,"정말 간단하고 
또 맛있을것같아요 
밤고구마로 해봐도 좋을것겉네요 
꼭 해먹을께요 
감사합니다 
❤️👍",8,2023-11-23,kLT591PuXB4
요리입문,오븐 요리 초보,"감자와 두부있으면 이렇게 만들어 보세요~!! 맛도, 영양도 최고! 후라이팬 레시피!",메리니즈부엌Meliniskitchen,"이거 해  먹었어요
저는 느끼할것 같아서 치즈 넣을때 청양고추 두개 썰어 넣었더니 느끼함도 잡아주네요
덕분에 좋은 레시피 가져갑니다~~^^",34,2023-05-14,kLT591PuXB4
요리입문,오븐 요리 초보,"감자와 두부있으면 이렇게 만들어 보세요~!! 맛도, 영양도 최고! 후라이팬 레시피!",메리니즈부엌Meliniskitchen,와~ 정말 맛있어요~ 방법도 쉽고~^^ 방학중 아이들 음식 걱정인데  만들어주니 넘넘 잘먹네요  건강하고 쉽게 먹을수 있는 레시피 고맙습니다^^ 자주 만들어먹어야 겠어요 강추강추🎉,50,2023-08-10,kLT591PuXB4
요리입문,오븐 요리 초보,"감자와 두부있으면 이렇게 만들어 보세요~!! 맛도, 영양도 최고! 후라이팬 레시피!",메리니즈부엌Meliniskitchen,아 내가  좋아하는 두부ㆍ 감자 ㆍ치즈ㆍ 내일 꼭 해봐야겠네요 ^^^^,8,2023-09-30,kLT591PuXB4
요리입문,오븐 요리 초보,"감자와 두부있으면 이렇게 만들어 보세요~!! 맛도, 영양도 최고! 후라이팬 레시피!",메리니즈부엌Meliniskitchen,"휴가 나온 아들 해줘야 겠어요.
진짜 맛있어 보여요.",5,2023-08-05,kLT591PuXB4
요리입문,오븐 요리 초보,"감자와 두부있으면 이렇게 만들어 보세요~!! 맛도, 영양도 최고! 후라이팬 레시피!",메리니즈부엌Meliniskitchen,"해먹어봤는데 너무 맛있어요 !!! 레시피
감사합니당😊",15,2023-08-05,kLT591PuXB4
요리입문,오븐 요리 초보,"감자와 두부있으면 이렇게 만들어 보세요~!! 맛도, 영양도 최고! 후라이팬 레시피!",메리니즈부엌Meliniskitchen,"피자보다 영양가 있는 음식이네요..
고마운 레시피",42,2023-04-26,kLT591PuXB4
요리입문,오븐 요리 초보,"감자와 두부있으면 이렇게 만들어 보세요~!! 맛도, 영양도 최고! 후라이팬 레시피!",메리니즈부엌Meliniskitchen,감자두부조합 너무 좋잖아|!!!!🎉🎉🎉,26,2023-04-23,kLT591PuXB4
요리입문,오븐 요리 초보,"감자와 두부있으면 이렇게 만들어 보세요~!! 맛도, 영양도 최고! 후라이팬 레시피!",메리니즈부엌Meliniskitchen,어쩜 바삭함이 그대로 느껴져요❤,31,2023-04-27,kLT591PuXB4
요리입문,오븐 요리 초보,"감자와 두부있으면 이렇게 만들어 보세요~!! 맛도, 영양도 최고! 후라이팬 레시피!",메리니즈부엌Meliniskitchen,덕분에 손녀한테 해 줄 수 있는 간식 레시피 배워가네요. 감사합니다.,23,2023-04-25,kLT591PuXB4
요리입문,오븐 요리 초보,"감자와 두부있으면 이렇게 만들어 보세요~!! 맛도, 영양도 최고! 후라이팬 레시피!",메리니즈부엌Meliniskitchen,"저두 해볼거예요...
너무 맛있을꺼  같아요.",10,2023-04-24,kLT591PuXB4
요리입문,오븐 요리 초보,"감자와 두부있으면 이렇게 만들어 보세요~!! 맛도, 영양도 최고! 후라이팬 레시피!",메리니즈부엌Meliniskitchen,"우선 Keep해 놓고 해먹어야지!
고마워요!
간편하고 맛있고 영양가
있는 레시피.",18,2023-04-21,kLT591PuXB4
요리입문,오븐 요리 초보,"감자와 두부있으면 이렇게 만들어 보세요~!! 맛도, 영양도 최고! 후라이팬 레시피!",메리니즈부엌Meliniskitchen,"와~~👍
나도 해먹어야겠어요~~😍",9,2023-04-28,kLT591PuXB4
요리입문,오븐 요리 초보,"감자와 두부있으면 이렇게 만들어 보세요~!! 맛도, 영양도 최고! 후라이팬 레시피!",메리니즈부엌Meliniskitchen,꺄악~비도오는데 딱이네요. 감사합니다!!,7,2023-04-25,kLT591PuXB4
요리입문,오븐 요리 초보,"감자와 두부있으면 이렇게 만들어 보세요~!! 맛도, 영양도 최고! 후라이팬 레시피!",메리니즈부엌Meliniskitchen,나한테도 해줬으면 좋겠다,4,2023-07-01,kLT591PuXB4
요리입문,오븐 요리 초보,"감자와 두부있으면 이렇게 만들어 보세요~!! 맛도, 영양도 최고! 후라이팬 레시피!",메리니즈부엌Meliniskitchen,아이들이 좋아할 것 같아요!,5,2025-03-13,kLT591PuXB4
요리입문,오븐 요리 초보,"감자와 두부있으면 이렇게 만들어 보세요~!! 맛도, 영양도 최고! 후라이팬 레시피!",메리니즈부엌Meliniskitchen,"이 동영상을 보면서 정말로 요리에 대한 새로운 시각을 얻은 것 같아요. 단순한 레시피가 아니라, 요리하는 과정에서의 노하우와 팁들을 효과적으로 전달해주셔서 정말 감사합니다.",37,2024-03-10,kLT591PuXB4
요리입문,오븐 요리 초보,"감자와 두부있으면 이렇게 만들어 보세요~!! 맛도, 영양도 최고! 후라이팬 레시피!",메리니즈부엌Meliniskitchen,와우 ~~영양도 맛도   만점 일듯요.. 💯 👍 최고 입니다,6,2023-05-24,kLT591PuXB4
요리입문,오븐 요리 초보,"감자와 두부있으면 이렇게 만들어 보세요~!! 맛도, 영양도 최고! 후라이팬 레시피!",메리니즈부엌Meliniskitchen,오 낼 점심은 이거다 감사합니다 ~😊,6,2023-04-24,kLT591PuXB4
요리입문,오븐 요리 초보,"감자와 두부있으면 이렇게 만들어 보세요~!! 맛도, 영양도 최고! 후라이팬 레시피!",메리니즈부엌Meliniskitchen,감자 아이들이 좋아하지 않는데 이렇게 하면 잘 먹일수 있겠네요 좋아요,12,2023-05-21,kLT591PuXB4
요리입문,오븐 요리 초보,"감자와 두부있으면 이렇게 만들어 보세요~!! 맛도, 영양도 최고! 후라이팬 레시피!",메리니즈부엌Meliniskitchen,"예쁘네요! 맛있어 보이네요, 공유해 주셔서 감사합니다!",24,2023-04-22,kLT591PuXB4
요리입문,오븐 요리 초보,"감자와 두부있으면 이렇게 만들어 보세요~!! 맛도, 영양도 최고! 후라이팬 레시피!",메리니즈부엌Meliniskitchen,"와 맛있겠네요
저도 만들어봐야겠어요🤩👍",9,2023-04-25,kLT591PuXB4
요리입문,오븐 요리 초보,"감자와 두부있으면 이렇게 만들어 보세요~!! 맛도, 영양도 최고! 후라이팬 레시피!",메리니즈부엌Meliniskitchen,"군침도네요~~
나두 해먹어야지~~ㅎㅎ",6,2023-04-24,kLT591PuXB4
요리입문,오븐 요리 초보,"감자와 두부있으면 이렇게 만들어 보세요~!! 맛도, 영양도 최고! 후라이팬 레시피!",메리니즈부엌Meliniskitchen,"감자전만 해먹었는데 요것도 함 해봐야겠어요
치즈가 들어가서 더 맛있을 것 같아요",15,2023-06-07,kLT591PuXB4
요리입문,오븐 요리 초보,"감자와 두부있으면 이렇게 만들어 보세요~!! 맛도, 영양도 최고! 후라이팬 레시피!",메리니즈부엌Meliniskitchen,와슈바 이거보니까 돈까스가 땡기네,5,2023-04-24,kLT591PuXB4
요리입문,오븐 요리 초보,"감자와 두부있으면 이렇게 만들어 보세요~!! 맛도, 영양도 최고! 후라이팬 레시피!",메리니즈부엌Meliniskitchen,👍 👍   대박   진짜 맛나겠어요   꼭 한번 해서 먹어봤겠네요^^♡♡,4,2024-02-02,kLT591PuXB4
요리입문,오븐 요리 초보,"감자와 두부있으면 이렇게 만들어 보세요~!! 맛도, 영양도 최고! 후라이팬 레시피!",메리니즈부엌Meliniskitchen,"주말에 아들오면 만들어야겠어요~~
감사해요💜",4,2023-04-25,kLT591PuXB4
요리입문,오븐 요리 초보,"감자와 두부있으면 이렇게 만들어 보세요~!! 맛도, 영양도 최고! 후라이팬 레시피!",메리니즈부엌Meliniskitchen,"와, 이 레시피 진짜 참신하고 맛있어 보이네요! 😍 감자와 두부를 섞는 건 정말 생각지 못한 조합인데, 영양도 풍부하고 건강에 좋아 보이네요. 꼭 한 번 만들어 먹어봐야겠어요!

이 영화 장면은 정말 감동적이고 마음에 남을 것 같아요. 한 번 봐봐야겠어요. 그런데 이 영화 어때요? 내가 좋아할만한 영화일까요?

그리고 말씀하신 감자와 두부의 조합이 나를 놀라게 했어요. 그렇게 맛있다면, 나도 꼭 만들어 봐야겠어요. 요즘 건강에 신경을 쓰고 있는데, 이 레시피는 정말 유용할 것 같아서 기대돼요.

케토 다이어트를 시작한 지 얼마 되지 않아서 아직은 적응 중이지만, 에너지 수준이 높아지고 체중 감량에도 성공하고 있어. 케토 다이어트에서 너의 건강과 체중 감량에 어떤 변화가 있었나요? 나는 이런 식으로 점점 더 많은 사람들이 건강을 위해 케토 다이어트에 관심을 갖게 되면 좋겠어.

어쨌든, 오늘도 좋은 하루 보내길 바라며, ""케토 다이어트로 풍부한 에너지, 건강한 신체. 오늘도 행복한 하루를 시작하세요!""라는 마음가짐으로 남기겠어요. 😊

그리고 너는 케토 다이어트에서 가장 좋아하는 음식이나 레시피가 있을까요? 나에게 추천해줄 수 있을까요? 🌟",4,2024-01-22,kLT591PuXB4
요리입문,오븐 요리 초보,"감자와 두부있으면 이렇게 만들어 보세요~!! 맛도, 영양도 최고! 후라이팬 레시피!",메리니즈부엌Meliniskitchen,좋은영상 감사합니다👍🍀,6,2023-04-22,kLT591PuXB4
요리입문,오븐 요리 초보,"감자와 두부있으면 이렇게 만들어 보세요~!! 맛도, 영양도 최고! 후라이팬 레시피!",메리니즈부엌Meliniskitchen,와....바삭바삭 소리가 대박ㄷㄷ,1,2026-05-24,kLT591PuXB4
요리입문,오븐 요리 초보,"감자와 두부있으면 이렇게 만들어 보세요~!! 맛도, 영양도 최고! 후라이팬 레시피!",메리니즈부엌Meliniskitchen,바삭하니 너무 맛있어 보여요,5,2024-06-13,kLT591PuXB4
요리입문,오븐 요리 초보,"감자와 두부있으면 이렇게 만들어 보세요~!! 맛도, 영양도 최고! 후라이팬 레시피!",메리니즈부엌Meliniskitchen,내가 해먹어야할 요리는 바로 이거.. 땡큐,1,2026-04-11,kLT591PuXB4
요리입문,오븐 요리 초보,"채소 오븐구이 레시피, 건강과 맛을 동시에! 한 번 먹으면 멈출 수 없는 기가막힌 #채소구이 #다이어트식단",소소일상 Petite jour,종이호일 160도 넘으면 미세플라스틱 나온다고 하던데 괜찮나요...?,1,2026-01-17,yN1fjBlUbiQ
요리입문,오븐 요리 초보,눌러먹는 오븐 감자 구이 oven fried potato #asmr #박자맞추기,Rhythm cook,몇분 찌신거에요?,0,2026-02-23,wAJJlYTp7Bk
요리입문,오븐 요리 초보,눌러먹는 오븐 감자 구이 oven fried potato #asmr #박자맞추기,Rhythm cook,정숙 진짜 착하다…..,0,2026-03-26,wAJJlYTp7Bk
요리입문,오븐 요리 초보,눌러먹는 오븐 감자 구이 oven fried potato #asmr #박자맞추기,Rhythm cook,설탕도 뿌려주세요~🤤,0,2024-05-30,wAJJlYTp7Bk
요리입문,오븐 요리 초보,눌러먹는 오븐 감자 구이 oven fried potato #asmr #박자맞추기,Rhythm cook,I really like potatos cooking content 🗣️🔥,1,2024-04-20,wAJJlYTp7Bk
요리입문,오븐 요리 초보,눌러먹는 오븐 감자 구이 oven fried potato #asmr #박자맞추기,Rhythm cook,New Zealand needs glad wrap (clingfoil/wrap cover) like that!! 😭.. Yum!! 🍞🤤😍✌️,0,2023-11-19,wAJJlYTp7Bk
요리입문,오븐 요리 초보,눌러먹는 오븐 감자 구이 oven fried potato #asmr #박자맞추기,Rhythm cook,이거 뜬다ㄹㅇ,2,2023-09-13,wAJJlYTp7Bk
요리입문,오븐 요리 초보,돈있어도 못먹는 화제의 토스트 #토스트 #간단토스트 #야채토스트,지지미의 집밥,"🥔기본재료
토스트빵, 계란, 양파, 파프리카, 스팸(베이컨도 가능), 모짜렐라치즈, 슬라이스치즈
⠀
⠀
⠀
⠀
⠀
🥔만드는방법
1️⃣ 양파와, 피망(파프리카), 스팸은 잘게 썰어서 준비해주세요
⠀
⠀
2️⃣ 버터 두른팬에 식빵 반으로 잘라 올리고 좌우, 상하 빈공간에 다진양파, 다진피망, 다진스팸 뿌려주세요
⠀
⠀
3️⃣ 식빵은 한번 뒤집어 주시고 계란2-3개 풀어서 얇게 부어주세요(계란2-3개로 2개 만들수 있어요)
⠀
⠀
4️⃣ 계란이 익으면 뒤집어 주시고 모짜렐라치즈, 슬라이스치즈 올려주세요
⠀
⠀
5️⃣ 계란은 안쪽으로 접어주시고 식빵을 반으로 접어서 치즈가 녹도록 조금더 구워주세요
(취향에 따라 가운데 잼 넣으셔도 되셔요)",108,2024-10-26,HGmDxVdqj7Q
요리입문,오븐 요리 초보,돈있어도 못먹는 화제의 토스트 #토스트 #간단토스트 #야채토스트,지지미의 집밥,"자금까지 본 ,ㅗ스트중에 이 영상이 제일 간편하게 만들어 먹기 딱 좋네요 ^^",142,2025-04-25,HGmDxVdqj7Q
요리입문,오븐 요리 초보,돈있어도 못먹는 화제의 토스트 #토스트 #간단토스트 #야채토스트,지지미의 집밥,"여태봐온샌드위치중 젤 좋아요
빵도앞뒤다구워지고 계란도 앞뒤다구워지고 그래서 넘좋아요
나는왜 이런생각을못할까요?ㅋ",84,2024-11-02,HGmDxVdqj7Q
요리입문,오븐 요리 초보,돈있어도 못먹는 화제의 토스트 #토스트 #간단토스트 #야채토스트,지지미의 집밥,"와~ 원팬 토스트 
아침에 딱이네요.
야채 필요하면 양상추나 로메인 
몇 장 빵사이에 끼우면 되니까요. 
굿~",78,2024-11-29,HGmDxVdqj7Q
요리입문,오븐 요리 초보,돈있어도 못먹는 화제의 토스트 #토스트 #간단토스트 #야채토스트,지지미의 집밥,기술 장난아닙니디ㅡ😂,45,2024-11-10,HGmDxVdqj7Q
요리입문,오븐 요리 초보,돈있어도 못먹는 화제의 토스트 #토스트 #간단토스트 #야채토스트,지지미의 집밥,진짜 머리 좋은 분들 많네 ~~,190,2024-11-03,HGmDxVdqj7Q
요리입문,오븐 요리 초보,돈있어도 못먹는 화제의 토스트 #토스트 #간단토스트 #야채토스트,지지미의 집밥,쉬워보여서 만들었는데 모양은 다 헝클어지고 뒷정리가 불감당이네요… 역시 쉽게 하며누어렵다더니 ㅋㅋㅋ 그래도 너무 맛있어요,9,2025-07-13,HGmDxVdqj7Q
요리입문,오븐 요리 초보,돈있어도 못먹는 화제의 토스트 #토스트 #간단토스트 #야채토스트,지지미의 집밥,지금까지 토스트 굽는거중  최고 아이디어 🎉🎉,14,2025-04-28,HGmDxVdqj7Q
요리입문,오븐 요리 초보,돈있어도 못먹는 화제의 토스트 #토스트 #간단토스트 #야채토스트,지지미의 집밥,최고예요👍👍👍👍❤❤,30,2024-11-05,HGmDxVdqj7Q
요리입문,오븐 요리 초보,돈있어도 못먹는 화제의 토스트 #토스트 #간단토스트 #야채토스트,지지미의 집밥,어제보고 아침에 해먹었어요. 너무 감사합니다.😊,12,2025-04-21,HGmDxVdqj7Q
요리입문,오븐 요리 초보,돈있어도 못먹는 화제의 토스트 #토스트 #간단토스트 #야채토스트,지지미의 집밥,멋지네요.  나도 해 봐야 겠어요,10,2024-11-01,HGmDxVdqj7Q
요리입문,오븐 요리 초보,돈있어도 못먹는 화제의 토스트 #토스트 #간단토스트 #야채토스트,지지미의 집밥,굿! 좋아요 아이템 멋짐!❤❤❤,12,2024-11-02,HGmDxVdqj7Q
요리입문,오븐 요리 초보,돈있어도 못먹는 화제의 토스트 #토스트 #간단토스트 #야채토스트,지지미의 집밥,오 이런 더 쉬운 방법이…,0,2026-02-21,HGmDxVdqj7Q
요리입문,오븐 요리 초보,돈있어도 못먹는 화제의 토스트 #토스트 #간단토스트 #야채토스트,지지미의 집밥,"계란이 저렇게 안접히더라구요
보는거랑 다름ㅠㅠ
모양은 안나왔지만 맛있어요",1,2026-04-17,HGmDxVdqj7Q
요리입문,오븐 요리 초보,돈있어도 못먹는 화제의 토스트 #토스트 #간단토스트 #야채토스트,지지미의 집밥,"커피한잔곁들이면
너무맛있겠다
다요트중",10,2024-11-11,HGmDxVdqj7Q
요리입문,오븐 요리 초보,돈있어도 못먹는 화제의 토스트 #토스트 #간단토스트 #야채토스트,지지미의 집밥,이거 좋으네요~,6,2024-11-24,HGmDxVdqj7Q
요리입문,오븐 요리 초보,돈있어도 못먹는 화제의 토스트 #토스트 #간단토스트 #야채토스트,지지미의 집밥,계란 다 익었을 때 뒤집으며 헝클어지고 계란 접을 때 영상처럼 안접혀요ㅋㅋㅋ,1,2026-02-09,HGmDxVdqj7Q
요리입문,오븐 요리 초보,돈있어도 못먹는 화제의 토스트 #토스트 #간단토스트 #야채토스트,지지미의 집밥,따라해볼께요,5,2024-11-30,HGmDxVdqj7Q
요리입문,오븐 요리 초보,돈있어도 못먹는 화제의 토스트 #토스트 #간단토스트 #야채토스트,지지미의 집밥,막상 해보니 어렵네요~,5,2025-02-05,HGmDxVdqj7Q
요리입문,오븐 요리 초보,돈있어도 못먹는 화제의 토스트 #토스트 #간단토스트 #야채토스트,지지미의 집밥,주말에 해 먹어봐야겠어요~ 번거롭지않아 좋네요^^,2,2025-04-23,HGmDxVdqj7Q
요리입문,오븐 요리 초보,돈있어도 못먹는 화제의 토스트 #토스트 #간단토스트 #야채토스트,지지미의 집밥,목소리가 👍👍👍👍👍👍👍😍😍😍,5,2024-12-12,HGmDxVdqj7Q
요리입문,오븐 요리 초보,돈있어도 못먹는 화제의 토스트 #토스트 #간단토스트 #야채토스트,지지미의 집밥,우왕 맛있겠어요,0,2026-01-26,HGmDxVdqj7Q
요리입문,오븐 요리 초보,돈있어도 못먹는 화제의 토스트 #토스트 #간단토스트 #야채토스트,지지미의 집밥,아이 아침밥으로 해볼게요❤,0,2026-01-27,HGmDxVdqj7Q
요리입문,오븐 요리 초보,돈있어도 못먹는 화제의 토스트 #토스트 #간단토스트 #야채토스트,지지미의 집밥,맛있겠네요 좋은정보 감사합니다 꼭 한번 해봐야겠어요😊❤❤❤,1,2025-05-23,HGmDxVdqj7Q
요리입문,오븐 요리 초보,돈있어도 못먹는 화제의 토스트 #토스트 #간단토스트 #야채토스트,지지미의 집밥,아이디어 좋았구 잘배웠어요,2,2025-04-21,HGmDxVdqj7Q
요리입문,오븐 요리 초보,돈있어도 못먹는 화제의 토스트 #토스트 #간단토스트 #야채토스트,지지미의 집밥,진짜 초간단 ❤❤❤좋아요 누름,0,2026-01-03,HGmDxVdqj7Q
요리입문,오븐 요리 초보,돈있어도 못먹는 화제의 토스트 #토스트 #간단토스트 #야채토스트,지지미의 집밥,진짜   간단한데  맛있는 레시피인거  같아요.해먹어야지.😊,1,2025-07-16,HGmDxVdqj7Q
요리입문,오븐 요리 초보,돈있어도 못먹는 화제의 토스트 #토스트 #간단토스트 #야채토스트,지지미의 집밥,내일 먹어야지,0,2026-01-26,HGmDxVdqj7Q
요리입문,오븐 요리 초보,돈있어도 못먹는 화제의 토스트 #토스트 #간단토스트 #야채토스트,지지미의 집밥,오 완전신박해,2,2024-11-23,HGmDxVdqj7Q
요리입문,오븐 요리 초보,돈있어도 못먹는 화제의 토스트 #토스트 #간단토스트 #야채토스트,지지미의 집밥,조리과정도 좋고 치즈 새어나가는 것을 막아주는  큰장점이 최고,2,2025-08-06,HGmDxVdqj7Q
요리입문,오븐 요리 초보,돈있어도 못먹는 화제의 토스트 #토스트 #간단토스트 #야채토스트,지지미의 집밥,버터는 하나만 넣어도 충분해요? 파프리카 대신에 피망도 괜찮을까요?,2,2025-05-10,HGmDxVdqj7Q
요리입문,오븐 요리 초보,돈있어도 못먹는 화제의 토스트 #토스트 #간단토스트 #야채토스트,지지미의 집밥,예쁜 토스트 ㅡ군침ㅡ❤❤❤,2,2024-11-07,HGmDxVdqj7Q
요리입문,오븐 요리 초보,돈있어도 못먹는 화제의 토스트 #토스트 #간단토스트 #야채토스트,지지미의 집밥,"영상감사합니다
점심도시락으로사서갈려는데~
시간지나면모짜렐라치즈식으면굳는데
그대로먹어도될까요?",0,2026-03-23,HGmDxVdqj7Q
요리입문,오븐 요리 초보,돈있어도 못먹는 화제의 토스트 #토스트 #간단토스트 #야채토스트,지지미의 집밥,딸기쨈 바르면 개꿀맛,4,2025-05-02,HGmDxVdqj7Q
요리입문,오븐 요리 초보,돈있어도 못먹는 화제의 토스트 #토스트 #간단토스트 #야채토스트,지지미의 집밥,꼭 해먹어야겠음,0,2025-09-06,HGmDxVdqj7Q
요리입문,오븐 요리 초보,돈있어도 못먹는 화제의 토스트 #토스트 #간단토스트 #야채토스트,지지미의 집밥,맛있어보여요. 집에서 만들어볼게요,0,2025-09-20,HGmDxVdqj7Q
요리입문,오븐 요리 초보,돈있어도 못먹는 화제의 토스트 #토스트 #간단토스트 #야채토스트,지지미의 집밥,우와 너무 간단하면서도 든든한 한끼가 될것같아요😊감사해요,0,2025-06-25,HGmDxVdqj7Q
요리입문,오븐 요리 초보,돈있어도 못먹는 화제의 토스트 #토스트 #간단토스트 #야채토스트,지지미의 집밥,❤❤❤간단하면서 맛나겠네요ㆍ 감사합니다ㆍ,0,2025-12-17,HGmDxVdqj7Q
요리입문,오븐 요리 초보,돈있어도 못먹는 화제의 토스트 #토스트 #간단토스트 #야채토스트,지지미의 집밥,아 감사합니다. 근데 그냥 이대로만 하면 따로 간하지 않아도 되나요? 치즈에 간이 되어 있는건지가 궁금합니다.^^,0,2025-09-07,HGmDxVdqj7Q
요리입문,오븐 요리 초보,돈있어도 못먹는 화제의 토스트 #토스트 #간단토스트 #야채토스트,지지미의 집밥,"쉬울거 같은데 어려워요.
특히 계란 뒤집기가 힘들어요ㅠ
계란을 얇게 
약불로 해야될것 같아요.
그리고 싱거워요ㅠ",0,2026-01-24,HGmDxVdqj7Q
요리입문,오븐 요리 초보,돈있어도 못먹는 화제의 토스트 #토스트 #간단토스트 #야채토스트,지지미의 집밥,심장을 간질간질 하게하는 목소리네요,1,2025-03-15,HGmDxVdqj7Q
요리입문,오븐 요리 초보,돈있어도 못먹는 화제의 토스트 #토스트 #간단토스트 #야채토스트,지지미의 집밥,해볼게요. 간편하고 맛있있어보이고,0,2025-08-29,HGmDxVdqj7Q
요리입문,오븐 요리 초보,돈있어도 못먹는 화제의 토스트 #토스트 #간단토스트 #야채토스트,지지미의 집밥,간단해서 좋네요 ❤  다른건..어렵위서🎉,0,2026-02-11,HGmDxVdqj7Q
요리입문,오븐 요리 초보,돈있어도 못먹는 화제의 토스트 #토스트 #간단토스트 #야채토스트,지지미의 집밥,해봐야겠어요,0,2025-05-10,HGmDxVdqj7Q
요리입문,오븐 요리 초보,돈있어도 못먹는 화제의 토스트 #토스트 #간단토스트 #야채토스트,지지미의 집밥,간편하고 맛날것같아요~,0,2025-05-01,HGmDxVdqj7Q
요리입문,오븐 요리 초보,돈있어도 못먹는 화제의 토스트 #토스트 #간단토스트 #야채토스트,지지미의 집밥,최고..간단❤❤❤,0,2025-06-27,HGmDxVdqj7Q
요리입문,오븐 요리 초보,돈있어도 못먹는 화제의 토스트 #토스트 #간단토스트 #야채토스트,지지미의 집밥,맛있겠어요,0,2025-08-31,HGmDxVdqj7Q
요리입문,오븐 요리 초보,돈있어도 못먹는 화제의 토스트 #토스트 #간단토스트 #야채토스트,지지미의 집밥,맛나게따 😊,1,2025-08-11,HGmDxVdqj7Q
요리입문,오븐 요리 초보,돈있어도 못먹는 화제의 토스트 #토스트 #간단토스트 #야채토스트,지지미의 집밥,이거 뒤집기 엄청힘듬 ㅡㅡ,2,2025-02-06,HGmDxVdqj7Q
요리입문,오븐 요리 초보,돈있어도 못먹는 화제의 토스트 #토스트 #간단토스트 #야채토스트,지지미의 집밥,"맛있겠다
파세요
대박나겠어요",0,2025-05-03,HGmDxVdqj7Q
요리입문,광파오븐 레시피,LG광파오븐 생선구이 최고 #vlog #food #생선구이 #일상 #요리,우당탁탁,4단 구이팬에 하는 거 아닌가요?,3,2026-01-23,szkWAJlXcHg
요리입문,광파오븐 레시피,LG광파오븐 생선구이 최고 #vlog #food #생선구이 #일상 #요리,우당탁탁,혹시 온도 시간 여쭤봐도 될까요?,2,2025-07-30,szkWAJlXcHg
요리입문,광파오븐 레시피,LG광파오븐 생선구이 최고 #vlog #food #생선구이 #일상 #요리,우당탁탁,그릴에 생선이 자꾸 붙어요 팁 좀 알려주세요??,3,2025-10-08,szkWAJlXcHg
요리입문,광파오븐 레시피,오븐 하나로 푸짐한 한상차림 뚝딱 만들기 / 요리가 쉽고 재미있어지는 살림템 추천 / LG디오스 오브제컬렉션 광파오븐,꿀주부 Honeyjubu,"정말 23분37초 동안 집중해서 봤네요.
청결한 집안과 많은 요리들을 하기 위해   매일 매시간 얼마나  많은 수고가 따를지 알기에 영상 볼적 마다 존경하지 않을 수 없네요.",64,2023-06-16,4dQ2isTKHIw
요리입문,광파오븐 레시피,오븐 하나로 푸짐한 한상차림 뚝딱 만들기 / 요리가 쉽고 재미있어지는 살림템 추천 / LG디오스 오브제컬렉션 광파오븐,꿀주부 Honeyjubu,I truly hope her family appreciates her cooking just as much as we appreciate watching,115,2023-06-16,4dQ2isTKHIw
요리입문,광파오븐 레시피,오븐 하나로 푸짐한 한상차림 뚝딱 만들기 / 요리가 쉽고 재미있어지는 살림템 추천 / LG디오스 오브제컬렉션 광파오븐,꿀주부 Honeyjubu,"Hello Honeyjubu! I am always amazed by your cooking and now you have a fantastic new oven that makes it even easier! I’m very jealous!!..😊  We probably don’t get that oven here in Australia. Even your dishwasher is so clever it can open itself!!..😮. I just love seeing Miss Lucy’s beautiful little face. She is so cute and looks like she is a very happy pup, all the time..❤️🐾🐾❤️. I look forward to seeing what interesting ideas or dishes you have for us next time!  Have a lovely week!..❤️",33,2023-06-16,4dQ2isTKHIw
요리입문,광파오븐 레시피,오븐 하나로 푸짐한 한상차림 뚝딱 만들기 / 요리가 쉽고 재미있어지는 살림템 추천 / LG디오스 오브제컬렉션 광파오븐,꿀주부 Honeyjubu,어쩜 이렇게 살림요리 다 잘할수 있으신지 진정 감탄이 나와요,13,2023-06-17,4dQ2isTKHIw
요리입문,광파오븐 레시피,오븐 하나로 푸짐한 한상차림 뚝딱 만들기 / 요리가 쉽고 재미있어지는 살림템 추천 / LG디오스 오브제컬렉션 광파오븐,꿀주부 Honeyjubu,와 애호박전을 이렇게 모양 살려 기름 튀기지 않고 예쁘게 할 수 있다니…! 다른 요리들도 그렇고 정말 만능이네요💛,16,2023-06-17,4dQ2isTKHIw
요리입문,광파오븐 레시피,오븐 하나로 푸짐한 한상차림 뚝딱 만들기 / 요리가 쉽고 재미있어지는 살림템 추천 / LG디오스 오브제컬렉션 광파오븐,꿀주부 Honeyjubu,유튜브에서 본 온갖 ppl중에 진심으로 사고 싶어진 건 이게 처음이에요 와 미쳤다,143,2023-06-16,4dQ2isTKHIw
요리입문,광파오븐 레시피,오븐 하나로 푸짐한 한상차림 뚝딱 만들기 / 요리가 쉽고 재미있어지는 살림템 추천 / LG디오스 오브제컬렉션 광파오븐,꿀주부 Honeyjubu,당신의 클립을 볼 때 당신은 내 하루를 행복하게 만듭니다 아랍어 자막을 넣어 주셔서 감사합니다😊❤,3,2023-06-17,4dQ2isTKHIw
요리입문,광파오븐 레시피,오븐 하나로 푸짐한 한상차림 뚝딱 만들기 / 요리가 쉽고 재미있어지는 살림템 추천 / LG디오스 오브제컬렉션 광파오븐,꿀주부 Honeyjubu,Sigo você já há um tempo e nunca me canso de assistir seus vídeos. Fico me imaginando degustando de tudo o que você faz 😋. E sua casa é uma perfeição!!!,17,2023-06-27,4dQ2isTKHIw
요리입문,광파오븐 레시피,오븐 하나로 푸짐한 한상차림 뚝딱 만들기 / 요리가 쉽고 재미있어지는 살림템 추천 / LG디오스 오브제컬렉션 광파오븐,꿀주부 Honeyjubu,"Honeyjubu, this LG oven is amazing! I’m hoping they will sell this product in the US. You are so lucky to partner with LG, especially with the refrigerator! I joyfully live vicariously in your beautiful smart kitchen! Please keep these videos coming. You are amazing.😁😄😁",7,2023-06-17,4dQ2isTKHIw
요리입문,광파오븐 레시피,오븐 하나로 푸짐한 한상차림 뚝딱 만들기 / 요리가 쉽고 재미있어지는 살림템 추천 / LG디오스 오브제컬렉션 광파오븐,꿀주부 Honeyjubu,영상으론 요리가 뚝딱 되는거처럼 보이지만 재료손질하느라 부지런하게 움직이신 모습이..존경스럽습니다!!❤❤,16,2023-06-18,4dQ2isTKHIw
요리입문,광파오븐 레시피,오븐 하나로 푸짐한 한상차림 뚝딱 만들기 / 요리가 쉽고 재미있어지는 살림템 추천 / LG디오스 오브제컬렉션 광파오븐,꿀주부 Honeyjubu,Zmywarka i odkurzacz bezprzewodowy to najlepsze sprzęty w domu 😂👍,11,2023-06-16,4dQ2isTKHIw
요리입문,광파오븐 레시피,오븐 하나로 푸짐한 한상차림 뚝딱 만들기 / 요리가 쉽고 재미있어지는 살림템 추천 / LG디오스 오브제컬렉션 광파오븐,꿀주부 Honeyjubu,Lucy eating her banana 🍌 so adorable. She enjoys her snacks. The dehydrated fruit looks so pretty and delicious. The food's you cooked all looked so delicious. You're a wonderful cook. I love and appreciate your beautiful videos. Thank you.😊,22,2023-06-17,4dQ2isTKHIw
요리입문,광파오븐 레시피,오븐 하나로 푸짐한 한상차림 뚝딱 만들기 / 요리가 쉽고 재미있어지는 살림템 추천 / LG디오스 오브제컬렉션 광파오븐,꿀주부 Honeyjubu,"Witaj Honeyjubu taki piekarnik to wspaniała rzecz👍🏼... 🤗jesteś znakomitą gospodynią tak wszystko Ci świetnie wychodzi, takie jest smakowite te jedzenie, świetny film...👍🏼Lucy ma fajnego przyjaciela🐶 Pozdrawiam Ewa z Polski❤",9,2023-06-16,4dQ2isTKHIw
요리입문,광파오븐 레시피,오븐 하나로 푸짐한 한상차림 뚝딱 만들기 / 요리가 쉽고 재미있어지는 살림템 추천 / LG디오스 오브제컬렉션 광파오븐,꿀주부 Honeyjubu,언제나 꿀주부님 곁에서 지켜보는 루시 그 표정이 너무 사랑스러워 자꾸 생각나네요,1,2023-06-18,4dQ2isTKHIw
요리입문,광파오븐 레시피,오븐 하나로 푸짐한 한상차림 뚝딱 만들기 / 요리가 쉽고 재미있어지는 살림템 추천 / LG디오스 오브제컬렉션 광파오븐,꿀주부 Honeyjubu,I enjoyed this episode and I love the new LG appliances! I wish they were available here where I live :(,8,2023-06-16,4dQ2isTKHIw
요리입문,광파오븐 레시피,오븐 하나로 푸짐한 한상차림 뚝딱 만들기 / 요리가 쉽고 재미있어지는 살림템 추천 / LG디오스 오브제컬렉션 광파오븐,꿀주부 Honeyjubu,"Que pratos deliciosos. A máquina de lavar é meu sonho de consumo, tenho  visto diversas marcas, bom saber como funcionam antes de comprar. Lucy linda como sempre com seus amigos de brinquedo, um maior que ela. Parabéns pela decoração dos seus pratos.",11,2023-06-17,4dQ2isTKHIw
요리입문,광파오븐 레시피,오븐 하나로 푸짐한 한상차림 뚝딱 만들기 / 요리가 쉽고 재미있어지는 살림템 추천 / LG디오스 오브제컬렉션 광파오븐,꿀주부 Honeyjubu,"Thank you Honeyjubu. The food looks AMAZING and DELICIOUS  as always. Your videos are so very relaxing. I wish I had the kind of energy that u do. I love the new apartment & happy for with all the upgrades. Enjoy. Your videos ready do help‼️🎉
❤",6,2023-06-16,4dQ2isTKHIw
요리입문,광파오븐 레시피,오븐 하나로 푸짐한 한상차림 뚝딱 만들기 / 요리가 쉽고 재미있어지는 살림템 추천 / LG디오스 오브제컬렉션 광파오븐,꿀주부 Honeyjubu,"요리솜씨나 플레이팅, 영상미랑 편집까지 정말 최고세요❤",4,2023-06-17,4dQ2isTKHIw
요리입문,광파오븐 레시피,오븐 하나로 푸짐한 한상차림 뚝딱 만들기 / 요리가 쉽고 재미있어지는 살림템 추천 / LG디오스 오브제컬렉션 광파오븐,꿀주부 Honeyjubu,I was very excited to see how you cleaned the oven. It seems very convenient.,5,2023-06-16,4dQ2isTKHIw
요리입문,광파오븐 레시피,오븐 하나로 푸짐한 한상차림 뚝딱 만들기 / 요리가 쉽고 재미있어지는 살림템 추천 / LG디오스 오브제컬렉션 광파오븐,꿀주부 Honeyjubu,"Me encanta tu canal y la paz que transmite, las recetas que haces y los utensilios, decoración de tu hogar es todo muy cálido y relajado. Felicidades",7,2023-06-16,4dQ2isTKHIw
요리입문,광파오븐 레시피,오븐 하나로 푸짐한 한상차림 뚝딱 만들기 / 요리가 쉽고 재미있어지는 살림템 추천 / LG디오스 오브제컬렉션 광파오븐,꿀주부 Honeyjubu,"Você é excelente no que faz, merece toda felicidade. Está tudo simplesmente perfeito. Parabéns ❤",10,2023-06-16,4dQ2isTKHIw
요리입문,광파오븐 레시피,오븐 하나로 푸짐한 한상차림 뚝딱 만들기 / 요리가 쉽고 재미있어지는 살림템 추천 / LG디오스 오브제컬렉션 광파오븐,꿀주부 Honeyjubu,꿀주부님 솜씨에 오늘도 입이 다물어지지 않네요 🫢👍🏻 23분 영상이 순삭이예요😊 늘 마니 마니 배우고 가요 🫶🏻,3,2023-06-17,4dQ2isTKHIw
요리입문,광파오븐 레시피,오븐 하나로 푸짐한 한상차림 뚝딱 만들기 / 요리가 쉽고 재미있어지는 살림템 추천 / LG디오스 오브제컬렉션 광파오븐,꿀주부 Honeyjubu,"Amo seus vídeos... Fico ansiosa para ver Lucy 🐶❤ Parabéns pelo seu trabalho, ele nos inspira 🥰🥰🥰❤",9,2023-06-16,4dQ2isTKHIw
요리입문,광파오븐 레시피,오븐 하나로 푸짐한 한상차림 뚝딱 만들기 / 요리가 쉽고 재미있어지는 살림템 추천 / LG디오스 오브제컬렉션 광파오븐,꿀주부 Honeyjubu,Que perfeição.....que linda sua casa...que linda a Lucy!tudo muito perfeito!,28,2023-06-16,4dQ2isTKHIw
요리입문,광파오븐 레시피,오븐 하나로 푸짐한 한상차림 뚝딱 만들기 / 요리가 쉽고 재미있어지는 살림템 추천 / LG디오스 오브제컬렉션 광파오븐,꿀주부 Honeyjubu,"love the way you promote,  complete space is given to the food,products,sound and nature😍...",5,2023-06-16,4dQ2isTKHIw
요리입문,광파오븐 레시피,오븐 하나로 푸짐한 한상차림 뚝딱 만들기 / 요리가 쉽고 재미있어지는 살림템 추천 / LG디오스 오브제컬렉션 광파오븐,꿀주부 Honeyjubu,Hi honey as usual so excited to see you again and beautiful beautiful lucy love your new home  the oven looks amazing  your food wow looks amazing thankyou for sharing have a great day much love to family love you lucy 🐶🌹🌹🌹🙏👍🏼👍🏼👍🏼😊,3,2023-06-16,4dQ2isTKHIw
요리입문,광파오븐 레시피,오븐 하나로 푸짐한 한상차림 뚝딱 만들기 / 요리가 쉽고 재미있어지는 살림템 추천 / LG디오스 오브제컬렉션 광파오븐,꿀주부 Honeyjubu,"꿀주부님~~반가워요~
그렇게 자세히 보여줄려니 손이 아플만도 하겠네요.
보는 시청자들은 많은걸 보고 배울수있어 좋지만 혼자할려니 많이 힘들었겠네요! 마음이
안좋네요! 무리하지 않게해요^^ ♡",12,2023-06-16,4dQ2isTKHIw
요리입문,광파오븐 레시피,오븐 하나로 푸짐한 한상차림 뚝딱 만들기 / 요리가 쉽고 재미있어지는 살림템 추천 / LG디오스 오브제컬렉션 광파오븐,꿀주부 Honeyjubu,"hola honeyjubu 
Que alegria al inicio del video aparece la hermosa y tierna lucy❣ y si le encanta salir de paseo y disfrutar de la naturaleza 
eso es un festival de comida 
eres una gran chef a nivel internacional 
la cocina al horno y ha la leña mantienen los nutrientes y su sabor y es cierto que los artefactos están perfeccionándose cada vez más y hacen la vida más fácil
pero verte cocinar parece mucho más fácil hacerlo
que bueno que se reunen N en familia los fines de semana 
porque la familia que come junta siempre permanece unida 
hasta el próximo video
que tengas en familia un fin de semana muy divertido 😘 
gracias, gracias excelente presentación y producción",3,2023-06-16,4dQ2isTKHIw
요리입문,광파오븐 레시피,오븐 하나로 푸짐한 한상차림 뚝딱 만들기 / 요리가 쉽고 재미있어지는 살림템 추천 / LG디오스 오브제컬렉션 광파오븐,꿀주부 Honeyjubu,"너무많은것을 배워감니다
꿀주부님  존경합니다",3,2023-06-19,4dQ2isTKHIw
요리입문,광파오븐 레시피,오븐 하나로 푸짐한 한상차림 뚝딱 만들기 / 요리가 쉽고 재미있어지는 살림템 추천 / LG디오스 오브제컬렉션 광파오븐,꿀주부 Honeyjubu,Thank you for posting. It is interesting to see how your cook so efficiently. I love watching your relaxing videos. Thank you so much for sharing yourself with us!,4,2023-06-16,4dQ2isTKHIw
요리입문,광파오븐 레시피,오븐 하나로 푸짐한 한상차림 뚝딱 만들기 / 요리가 쉽고 재미있어지는 살림템 추천 / LG디오스 오브제컬렉션 광파오븐,꿀주부 Honeyjubu,"Olá querida Honey,esse forno é pratico e maravilhoso,como a máquina de lavar é eficiente.Voce cozinha maravilhosamente bem.E a linda e doce lucy,brilhou bastante hoje. Saudações da sua escrita Brasileira❤😂😍😘🤗🐶🌹🌷",6,2023-06-16,4dQ2isTKHIw
요리입문,광파오븐 레시피,오븐 하나로 푸짐한 한상차림 뚝딱 만들기 / 요리가 쉽고 재미있어지는 살림템 추천 / LG디오스 오브제컬렉션 광파오븐,꿀주부 Honeyjubu,I m a pure veg...but  i dont mind watching u cook any food...U R THE BEST❣,1,2023-06-17,4dQ2isTKHIw
요리입문,광파오븐 레시피,오븐 하나로 푸짐한 한상차림 뚝딱 만들기 / 요리가 쉽고 재미있어지는 살림템 추천 / LG디오스 오브제컬렉션 광파오븐,꿀주부 Honeyjubu,"Honeyjubo your kitchen is very neat and tidy,  each vlog is an inspiration to us, thank you❤❤❤",4,2023-06-17,4dQ2isTKHIw
요리입문,광파오븐 레시피,오븐 하나로 푸짐한 한상차림 뚝딱 만들기 / 요리가 쉽고 재미있어지는 살림템 추천 / LG디오스 오브제컬렉션 광파오븐,꿀주부 Honeyjubu,항상 광고 너무 깔끔하게 실용적이게 영상미있게 잘 해주셔서 좋아요!!! 광고 자주 들어와서 돈 많이 버시고 건강하고 행복하셨으면 좋겠어요🎉❤ 항상 잘 보고있어요 :),9,2023-06-16,4dQ2isTKHIw
요리입문,광파오븐 레시피,오븐 하나로 푸짐한 한상차림 뚝딱 만들기 / 요리가 쉽고 재미있어지는 살림템 추천 / LG디오스 오브제컬렉션 광파오븐,꿀주부 Honeyjubu,The family must be happy that you cook so well even Lucy is happy😊😊😊,2,2023-06-16,4dQ2isTKHIw
요리입문,광파오븐 레시피,오븐 하나로 푸짐한 한상차림 뚝딱 만들기 / 요리가 쉽고 재미있어지는 살림템 추천 / LG디오스 오브제컬렉션 광파오븐,꿀주부 Honeyjubu,"What a great video, I was sad when it was over! Lol.  Your cooking videos and Lucy  ‘s cute face are the best.  🌻🫶🏻",4,2023-06-16,4dQ2isTKHIw
요리입문,광파오븐 레시피,오븐 하나로 푸짐한 한상차림 뚝딱 만들기 / 요리가 쉽고 재미있어지는 살림템 추천 / LG디오스 오브제컬렉션 광파오븐,꿀주부 Honeyjubu,Tu m’as donné le goût de manger du saumon avec du riz et légumes. Bonne journée et soyez bénis 😊,2,2023-06-16,4dQ2isTKHIw
요리입문,광파오븐 레시피,오븐 하나로 푸짐한 한상차림 뚝딱 만들기 / 요리가 쉽고 재미있어지는 살림템 추천 / LG디오스 오브제컬렉션 광파오븐,꿀주부 Honeyjubu,"Bom dia! Desejo que estejam todos bem. Lucy, eu e meus pets, amamos você❤. Sobre seu forno, eu queria um, mas, infelizmente, essa tecnologia não tem aqui, no meu país😢. Desejo-lhe tudo de bom😊",4,2023-06-16,4dQ2isTKHIw
요리입문,광파오븐 레시피,오븐 하나로 푸짐한 한상차림 뚝딱 만들기 / 요리가 쉽고 재미있어지는 살림템 추천 / LG디오스 오브제컬렉션 광파오븐,꿀주부 Honeyjubu,Bonjour je suis impressionnée par le four multifonctions et ces plats m’ont donnés l’eau à la bouche merci j’en apprend beaucoup sur les menus coréens et un gros câlin à Lucy🥰💕🌷🌸bisous de France 😊,3,2023-06-16,4dQ2isTKHIw
요리입문,광파오븐 레시피,오븐 하나로 푸짐한 한상차림 뚝딱 만들기 / 요리가 쉽고 재미있어지는 살림템 추천 / LG디오스 오브제컬렉션 광파오븐,꿀주부 Honeyjubu,Que bom que tem vídeo da honey amooo ❤,6,2023-06-17,4dQ2isTKHIw
요리입문,광파오븐 레시피,오븐 하나로 푸짐한 한상차림 뚝딱 만들기 / 요리가 쉽고 재미있어지는 살림템 추천 / LG디오스 오브제컬렉션 광파오븐,꿀주부 Honeyjubu,"I really like your LG Oven and I especially like your refrigerator. Love, love your LUCY 🥰. Continued blessings to you and ohana. God Bless Honeyjubu.",3,2023-06-16,4dQ2isTKHIw
요리입문,광파오븐 레시피,오븐 하나로 푸짐한 한상차림 뚝딱 만들기 / 요리가 쉽고 재미있어지는 살림템 추천 / LG디오스 오브제컬렉션 광파오븐,꿀주부 Honeyjubu,A senhora é uma boa cozinheira e com a Lucy sempre atenta obrigado,4,2023-06-16,4dQ2isTKHIw
요리입문,광파오븐 레시피,오븐 하나로 푸짐한 한상차림 뚝딱 만들기 / 요리가 쉽고 재미있어지는 살림템 추천 / LG디오스 오브제컬렉션 광파오븐,꿀주부 Honeyjubu,Hello Honeyjubu and community. I loved today's video. What food delights. Lucy is beautiful!!!😍🐶❤,2,2023-06-16,4dQ2isTKHIw
요리입문,광파오븐 레시피,오븐 하나로 푸짐한 한상차림 뚝딱 만들기 / 요리가 쉽고 재미있어지는 살림템 추천 / LG디오스 오브제컬렉션 광파오븐,꿀주부 Honeyjubu,늘 편안한 마음으로 보게 되어요🥰,1,2023-06-16,4dQ2isTKHIw
요리입문,광파오븐 레시피,오븐 하나로 푸짐한 한상차림 뚝딱 만들기 / 요리가 쉽고 재미있어지는 살림템 추천 / LG디오스 오브제컬렉션 광파오븐,꿀주부 Honeyjubu,꿀주부님 리스펙이에요 굿밤되세용!!,9,2023-06-16,4dQ2isTKHIw
요리입문,광파오븐 레시피,오븐 하나로 푸짐한 한상차림 뚝딱 만들기 / 요리가 쉽고 재미있어지는 살림템 추천 / LG디오스 오브제컬렉션 광파오븐,꿀주부 Honeyjubu,Hola Honeyjubu Que maravilla tus comidas Siempre tan bien acompañada por Lucy Un placer mirarte Un abrazo fuerte para ti y tú familia que tengas un excelente fin de semana ♥️🌹🏵️🌸🌺💐🏵️,3,2023-06-16,4dQ2isTKHIw
요리입문,광파오븐 레시피,오븐 하나로 푸짐한 한상차림 뚝딱 만들기 / 요리가 쉽고 재미있어지는 살림템 추천 / LG디오스 오브제컬렉션 광파오븐,꿀주부 Honeyjubu,Me encantan tus videos!!! Saludos desde Colombia 🇨🇴,3,2023-06-16,4dQ2isTKHIw
요리입문,광파오븐 레시피,오븐 하나로 푸짐한 한상차림 뚝딱 만들기 / 요리가 쉽고 재미있어지는 살림템 추천 / LG디오스 오브제컬렉션 광파오븐,꿀주부 Honeyjubu,"Bonjour Honeyjubu, merci pour votre vidéo enrichissante. Vous êtes bien équipée avec votre nouveau four 👍💚🏡humm que de bons plats. 🍲💓Lucy est magnifique avec sa coupe d'été 🐕💖💙💚Bon week-end à vous et à votre adorable famille 😘",2,2023-06-17,4dQ2isTKHIw
요리입문,광파오븐 레시피,오븐 하나로 푸짐한 한상차림 뚝딱 만들기 / 요리가 쉽고 재미있어지는 살림템 추천 / LG디오스 오브제컬렉션 광파오븐,꿀주부 Honeyjubu,완벽한 ppl의 정석,5,2023-08-11,4dQ2isTKHIw
요리입문,광파오븐 레시피,오븐 하나로 푸짐한 한상차림 뚝딱 만들기 / 요리가 쉽고 재미있어지는 살림템 추천 / LG디오스 오브제컬렉션 광파오븐,꿀주부 Honeyjubu,늘 기다리는 영상을 보는 재미   주말이 기다려지네요~,1,2023-06-16,4dQ2isTKHIw
요리입문,광파오븐 레시피,SUB) 광파오븐으로 완성하는 연말 파티 요리 11가지,헤이메이데이 heymayday,"안녕하세요. 헤이메이데이 구독자 여러분❤
이제 곧 있으면 2024년이에요! 
올 한 해 보내주신 관심과 사랑에 깊이 감사드립니다.

다가오는 새해에는 더 행복하고 즐거운 일들만 가득하시길 
바라며 늘 건강하세요^^ 

Hello. heymayday subscribers❤
It's almost 2024!
Thank you very much for your interest and love this year.

I hope the new coming year will be filled with happier and more enjoyable things and stay healthy always^^

Happy new year! 🙏🏻",28,2023-12-29,ue7aaGltKbQ
요리입문,광파오븐 레시피,SUB) 광파오븐으로 완성하는 연말 파티 요리 11가지,헤이메이데이 heymayday,너무나 예쁜 가족입니다 그 중심엔 엄마라는 큰 사랑이 있네요 항상 건강하시고 새해 복 많이 받으세요!❤,1,2024-01-14,ue7aaGltKbQ
요리입문,광파오븐 레시피,SUB) 광파오븐으로 완성하는 연말 파티 요리 11가지,헤이메이데이 heymayday,"역쉬
LG네요(이쁜가족을더빚나게해주는)
너무이쁜영상오늘도잘보고가요
넘부지런해서...손목아픔잘챙기시구요♡",7,2023-12-29,ue7aaGltKbQ
요리입문,광파오븐 레시피,SUB) 광파오븐으로 완성하는 연말 파티 요리 11가지,헤이메이데이 heymayday,"광파오븐렌지
그동안
사용못하고있었는데
이영상보고
자신감얻어갑니다

감사합니다~~!!",0,2024-03-29,ue7aaGltKbQ
요리입문,광파오븐 레시피,SUB) 광파오븐으로 완성하는 연말 파티 요리 11가지,헤이메이데이 heymayday,That basque cheesecake looks so good!,0,2024-01-22,ue7aaGltKbQ
요리입문,광파오븐 레시피,SUB) 광파오븐으로 완성하는 연말 파티 요리 11가지,헤이메이데이 heymayday,ㅋㅋㅋ 같은 광파오븐인데 나랑은 차원이 다른 사용법!! 언제나 그렇듯이...리스펙!!!😊,1,2024-01-20,ue7aaGltKbQ
요리입문,광파오븐 레시피,SUB) 광파오븐으로 완성하는 연말 파티 요리 11가지,헤이메이데이 heymayday,"고급 식당이나 디저트카페에서나 볼만한 음식을 뚝딱뚝딱 만드시는거 진심 경이롭네요. 물론 편집의 힘 이라고 해도 정말 솜씨 좋으세요.  가족분들 감사하게 드셔야 할 듯요.😂

마치 동화 속 에서나 나올 행복한 가족 이야기 같아요.

요즘은 다들 외식이나 배달 음식인데 웰빙식단의 향연을 보고 있으니 제가 다 건강해지는 느낌입니다.",6,2023-12-30,ue7aaGltKbQ
요리입문,광파오븐 레시피,SUB) 광파오븐으로 완성하는 연말 파티 요리 11가지,헤이메이데이 heymayday,The best channel at all for me,1,2024-02-26,ue7aaGltKbQ
요리입문,광파오븐 레시피,SUB) 광파오븐으로 완성하는 연말 파티 요리 11가지,헤이메이데이 heymayday,"헤이메이데이님 덕분에 한해 즐겁고 행복했습니다.
건강 잘 챙기시고,
새해에는 좋은 일들로만 가득한 한해되길 바랍니다.",3,2023-12-30,ue7aaGltKbQ
요리입문,광파오븐 레시피,SUB) 광파오븐으로 완성하는 연말 파티 요리 11가지,헤이메이데이 heymayday,"올 한 해 헤이메이데이님 영상들 덕분에 잔잔하게 행복하고 또 위로 받았답니다 
지칠 때, 슬플 때, 살림하기 싫을 때^^
헤이메이데이님 영상 보면 슬그머니 힘이 났거든요 
‘나두 우리 남편에게 우리 아이들에게 잘 해줘야지!!’ 하는 마음이 불끈!! ㅎㅎ
올 한 해 감사했습니다 ^^
새해에도 건강하시고 행복하세요",3,2023-12-30,ue7aaGltKbQ
요리입문,광파오븐 레시피,SUB) 광파오븐으로 완성하는 연말 파티 요리 11가지,헤이메이데이 heymayday,I need this oven in my life.,0,2024-01-22,ue7aaGltKbQ
요리입문,광파오븐 레시피,SUB) 광파오븐으로 완성하는 연말 파티 요리 11가지,헤이메이데이 heymayday,"I noticed that you’re cooking almost everything on the top half of new machine, is that because it’s recommended or just your own preference?
It’s an interesting looking machine.",0,2023-12-29,ue7aaGltKbQ
요리입문,광파오븐 레시피,SUB) 광파오븐으로 완성하는 연말 파티 요리 11가지,헤이메이데이 heymayday,"Happiness, joy and health in the coming 2024.  💖💖💖
 P.S. My son really liked all the dishes you prepared.  He is 1.5 years old.😅",0,2024-01-11,ue7aaGltKbQ
요리입문,광파오븐 레시피,SUB) 광파오븐으로 완성하는 연말 파티 요리 11가지,헤이메이데이 heymayday,"저도 올한해 헤이메이데이 채널덕분에 많이 배웠고 즐거웠습니다.
내년에도 행복한 영상 기대하며 항상 건강하세요❤❤❤",2,2023-12-29,ue7aaGltKbQ
요리입문,광파오븐 레시피,SUB) 광파오븐으로 완성하는 연말 파티 요리 11가지,헤이메이데이 heymayday,"헤이메이데이님!
반가워요.
아우.요리찜~과자까지~
멋진요리대단하세요~
영상만봐도넘맛있게먹었서요😊🎉~~
귀여운따님~
넘예쁘네요!
새해에는가족모두들건강하시고행복하세요!
좋은영상또기대할께요
(갑진년)새해복많이받으세요",5,2023-12-29,ue7aaGltKbQ
요리입문,광파오븐 레시피,SUB) 광파오븐으로 완성하는 연말 파티 요리 11가지,헤이메이데이 heymayday,우앙 눈을 못떼고봤어요! 늦었지만 헤이메이데이님 가족분들 모두 새해 건강하시고 복도 사랑도 넘치게  많이많이받으세요!🌟,0,2024-01-04,ue7aaGltKbQ
요리입문,광파오븐 레시피,SUB) 광파오븐으로 완성하는 연말 파티 요리 11가지,헤이메이데이 heymayday,"새해복많이받으셔요 ❤❤❤❤
또띠아피자도 땡기네요 😂😢
저도 오랜만에 대게 먹고싶네요 😅😢대게 남은거에 다가 볶음밥은 필수죠❤❤❤❤
2024년 파란용띠해에도 맛있는 음식들
보여주세요😊",1,2023-12-29,ue7aaGltKbQ
요리입문,광파오븐 레시피,SUB) 광파오븐으로 완성하는 연말 파티 요리 11가지,헤이메이데이 heymayday,헤이메이데이 가족분 모두 새해 복많이 받으시고 더욱 건강하세요^^ 광파오븐으로 너무 다양한메뉴 골고루 선보여주셔서 감사해요♡♡ 저두 새해에 용기내서 도전해보겠습니다.❤,0,2024-01-06,ue7aaGltKbQ
요리입문,광파오븐 레시피,SUB) 광파오븐으로 완성하는 연말 파티 요리 11가지,헤이메이데이 heymayday,"가정의 소중함 그리고 집밥의 힘을 보여준 멋진 영상...❤ 
저도 오래된 엘지 광파오븐으로 뭔가 만들어봐야겠습니다. 
가전은 엘지죠 ㅎ",3,2023-12-30,ue7aaGltKbQ
요리입문,광파오븐 레시피,SUB) 광파오븐으로 완성하는 연말 파티 요리 11가지,헤이메이데이 heymayday,Pratos  deliciosos  e faceis❤,1,2023-12-29,ue7aaGltKbQ
요리입문,광파오븐 레시피,SUB) 광파오븐으로 완성하는 연말 파티 요리 11가지,헤이메이데이 heymayday,계속 보고 있는데 진짜 멋져요~~^^  대단하신거 같아요 손목이 아프다는데 넘 무리하시지는 마세요 ~~  보는 입장은 대리만족 최고에요 ㅎ ㅎ ^^  새해 복 많이 받으세요 ~~^^,1,2024-01-03,ue7aaGltKbQ
요리입문,광파오븐 레시피,SUB) 광파오븐으로 완성하는 연말 파티 요리 11가지,헤이메이데이 heymayday,I really enjoyed the food you cooked. You have taken good care of your family. Happy New Year! 🥰,0,2023-12-29,ue7aaGltKbQ
요리입문,광파오븐 레시피,SUB) 광파오븐으로 완성하는 연말 파티 요리 11가지,헤이메이데이 heymayday,"Saludos te deseo todo lo mejor para ti y tu familia, feliz año nuevo, aunque sea un poco tarde",0,2024-01-12,ue7aaGltKbQ
요리입문,광파오븐 레시피,SUB) 광파오븐으로 완성하는 연말 파티 요리 11가지,헤이메이데이 heymayday,한해동안 멋진 동영상 감사합니다♡내년에도 멋진 동영상 기대하겠습니다.진심으로 행복을 기원합니다♡,1,2023-12-30,ue7aaGltKbQ
요리입문,광파오븐 레시피,SUB) 광파오븐으로 완성하는 연말 파티 요리 11가지,헤이메이데이 heymayday,"Happy new year 🎉
You are making Korean tea in the video, where can I buy this pot? Would you kindly teach me, please. Thank you.",0,2024-01-18,ue7aaGltKbQ
요리입문,광파오븐 레시피,SUB) 광파오븐으로 완성하는 연말 파티 요리 11가지,헤이메이데이 heymayday,Yummy 🤤. Happy New year 🎉🎉,0,2023-12-30,ue7aaGltKbQ
요리입문,광파오븐 레시피,SUB) 광파오븐으로 완성하는 연말 파티 요리 11가지,헤이메이데이 heymayday,즐거운 연말 되세요,0,2023-12-29,ue7aaGltKbQ
요리입문,광파오븐 레시피,SUB) 광파오븐으로 완성하는 연말 파티 요리 11가지,헤이메이데이 heymayday,"Watching your video this first day of the year. Thank you for another amazing content, eonni! Everything looks scrumptious and I can't wait to try a couple of the recipes you shared! Thank you for all the content you published in 2023 🫶 I can't even remember when I started watching your videos but what I do remember and won't forget is how comforting they all are. When days are long and stress is deep in my bones, I can always chill and watch your videos and they never fail to lighten my mood!! You kept me company, without you even knowing, during my toughest days in 2023--thank you! I wish you more success in 2024 and the best of health for you and your entire family. May 2024 bring you lots of days where your heart is filled with joy and peace. Looking forward to all your new content this 2024! Happy New Year, eonni!~~^^♡",2,2024-01-01,ue7aaGltKbQ
요리입문,광파오븐 레시피,SUB) 광파오븐으로 완성하는 연말 파티 요리 11가지,헤이메이데이 heymayday,"가족들을 사랑하는 마음이 영상으로  그대로 전달이 됩니다^^
늦었지만 2024년에도 행복하고 건강하시길 진심으로 기원하고 축복합니다❤",0,2024-01-20,ue7aaGltKbQ
요리입문,광파오븐 레시피,SUB) 광파오븐으로 완성하는 연말 파티 요리 11가지,헤이메이데이 heymayday,Onni beautiful your daughter happy New years,0,2024-01-04,ue7aaGltKbQ
요리입문,광파오븐 레시피,SUB) 광파오븐으로 완성하는 연말 파티 요리 11가지,헤이메이데이 heymayday,🤗👍❄️,0,2025-11-28,ue7aaGltKbQ
요리입문,광파오븐 레시피,SUB) 광파오븐으로 완성하는 연말 파티 요리 11가지,헤이메이데이 heymayday,Feliz ano novo para todos nós 🎉 vamos ser felizes juntos ❤️.,3,2023-12-29,ue7aaGltKbQ
요리입문,광파오븐 레시피,SUB) 광파오븐으로 완성하는 연말 파티 요리 11가지,헤이메이데이 heymayday,소금호추 그라인더 스텐드 사이즈 너무 잘 맞아서 귀엽네요 혹시 제품 정보 부탁드려도 될까요? 그라인더 링크 찾았는데 스텐드가 없어서요,0,2024-01-25,ue7aaGltKbQ
요리입문,광파오븐 레시피,SUB) 광파오븐으로 완성하는 연말 파티 요리 11가지,헤이메이데이 heymayday,❤❤❤,0,2023-12-29,ue7aaGltKbQ
요리입문,광파오븐 레시피,SUB) 광파오븐으로 완성하는 연말 파티 요리 11가지,헤이메이데이 heymayday,Precioso vídeo . Todas las recetas buenísimas y el horno y mil funciones genial. Feliz año 2024 .,0,2023-12-29,ue7aaGltKbQ
요리입문,광파오븐 레시피,SUB) 광파오븐으로 완성하는 연말 파티 요리 11가지,헤이메이데이 heymayday,watching this video made me hungry 😋 Looks tempting & delicious💯 Will try it soon❤❤,1,2024-01-03,ue7aaGltKbQ
요리입문,광파오븐 레시피,SUB) 광파오븐으로 완성하는 연말 파티 요리 11가지,헤이메이데이 heymayday,Gracias y Feliz Año Nuevo 🇪🇦,0,2024-01-04,ue7aaGltKbQ
요리입문,광파오븐 레시피,SUB) 광파오븐으로 완성하는 연말 파티 요리 11가지,헤이메이데이 heymayday,"WOW💯👍, thank`s.
I wish you a happy new year!",1,2023-12-30,ue7aaGltKbQ
요리입문,광파오븐 레시피,SUB) 광파오븐으로 완성하는 연말 파티 요리 11가지,헤이메이데이 heymayday,너무 퍼팩트하신거아닌가요?? 굳이 외식을하지않아도 훌륭한 홈파티 그자체이세요 😋😋🥳💯,1,2024-01-05,ue7aaGltKbQ
요리입문,광파오븐 레시피,SUB) 광파오븐으로 완성하는 연말 파티 요리 11가지,헤이메이데이 heymayday,Qué tengan un próspero año 2024 ☺️ Bendiciones 🙏🏻,0,2023-12-29,ue7aaGltKbQ
요리입문,광파오븐 레시피,SUB) 광파오븐으로 완성하는 연말 파티 요리 11가지,헤이메이데이 heymayday,"안녕하세요 
1등 인가요^^~
1년동안  잘보고 배우고 응원했어요 나이 먹어도 살림은 계속 배워야겠다 생각했어요 비법들이 계속 진화해요 😂😅",1,2023-12-29,ue7aaGltKbQ
요리입문,광파오븐 레시피,SUB) 광파오븐으로 완성하는 연말 파티 요리 11가지,헤이메이데이 heymayday,Happy Holidays to you and your family ❤️👍🙏🏾,0,2023-12-29,ue7aaGltKbQ
요리입문,광파오븐 레시피,SUB) 광파오븐으로 완성하는 연말 파티 요리 11가지,헤이메이데이 heymayday,❤😊,0,2023-12-29,ue7aaGltKbQ
요리입문,광파오븐 레시피,SUB) 광파오븐으로 완성하는 연말 파티 요리 11가지,헤이메이데이 heymayday,"저도 주전자 따라 샀는데 연마작업을 못해서 사용. 못하고 있어요
어떻게 하나요.",0,2024-01-25,ue7aaGltKbQ
요리입문,광파오븐 레시피,SUB) 광파오븐으로 완성하는 연말 파티 요리 11가지,헤이메이데이 heymayday,Feliz año 2024...🎉🎉🎉,0,2023-12-29,ue7aaGltKbQ
요리입문,광파오븐 레시피,SUB) 광파오븐으로 완성하는 연말 파티 요리 11가지,헤이메이데이 heymayday,Que rico todo,1,2023-12-29,ue7aaGltKbQ
요리입문,광파오븐 레시피,SUB) 광파오븐으로 완성하는 연말 파티 요리 11가지,헤이메이데이 heymayday,광파오븐쓸때 음식뒤집어줘야하나요 ??오븐청소때 위에 열선있는부분안쪽은 청소어떻게하셔요? 엘지광파사려고하는데 열선이 있어서 고민되더라구요,0,2024-10-19,ue7aaGltKbQ
요리입문,광파오븐 레시피,SUB) 광파오븐으로 완성하는 연말 파티 요리 11가지,헤이메이데이 heymayday,祝你和家人身体健康，健康平安，新的一年别太累了❤❤❤,0,2024-01-02,ue7aaGltKbQ
요리입문,광파오븐 레시피,SUB) 광파오븐으로 완성하는 연말 파티 요리 11가지,헤이메이데이 heymayday,"Wishing you and your family a very HAPPY HEALTHY New Year 2024

Stay safe and well

Keep more inspiring videos 

🎉🎉🎉",2,2023-12-30,ue7aaGltKbQ
요리입문,광파오븐 레시피,SUB) 광파오븐으로 완성하는 연말 파티 요리 11가지,헤이메이데이 heymayday,De onde é o seu purificador de água ? ( bebedouro),0,2024-02-10,ue7aaGltKbQ
요리입문,광파오븐 레시피,에어프라이어 광파오븐 추천 비교 사용기 제품리뷰,펀팩 funfac,광파오븐의 문제점은 저 등의 내구성입니다. 시간이 지나면 등이 수명을 다하는지 고장이 나버리는데 그러고 나면 그냥 싼거 하나 더 사는게 낫다 할정도임,13,2020-03-21,-fSpS_rqFJ4
요리입문,광파오븐 레시피,에어프라이어 광파오븐 추천 비교 사용기 제품리뷰,펀팩 funfac,"으잉? 어제 집에 묵혀둔 광파오븐을 처음 쓸 일이 생겨서 유튭 검색하다 이 영상을 봤고
오늘은 모션그래픽 관련된 정보가 필요해서 어떤영상을 봤는데 또 이 채널이네요 ㅋㅋㅋㅋ 신기",5,2020-10-04,-fSpS_rqFJ4
요리입문,광파오븐 레시피,에어프라이어 광파오븐 추천 비교 사용기 제품리뷰,펀팩 funfac,"최근 그 어떤 영상중에서도 정보가 알찬 리뷰네요.
진심 잘봤습니다. 이런게 가성비 영상 ㅋ",7,2020-12-20,-fSpS_rqFJ4
요리입문,광파오븐 레시피,에어프라이어 광파오븐 추천 비교 사용기 제품리뷰,펀팩 funfac,나 이영상 보기전 같은 이유로 한경희 광파오븐 샀는데 장점을 이렇게 조리있게 말씀해 주시니 갑자기 뿌듯해졌음.,15,2020-12-30,-fSpS_rqFJ4
요리입문,광파오븐 레시피,에어프라이어 광파오븐 추천 비교 사용기 제품리뷰,펀팩 funfac,에어프라이어 살까 고민하다가 좋은정보 얻고갑니다^^,0,2020-12-12,-fSpS_rqFJ4
요리입문,광파오븐 레시피,에어프라이어 광파오븐 추천 비교 사용기 제품리뷰,펀팩 funfac,이햐~이분 저랑 똑같네요. 성격이 꼼꼼하신지? 이거 여름 에는 사용못하고 겨울에 난로대용으로 가능합니다. 저도 에어프라이어 검색하고 오븐으로 살까 하다 LG광파오븐 원리를 보니 창고에 밖혀 있던 사은품으로 받은 BSW광파 오븐이 생각 났어요. 한번도 음식은 안해 봤는데 혹시 이게 에어프라이어 기능도 되지 않을까 하고 찾어보니 여기 있네요.ㅎㅎㅎ 창고에서 꺼내서 사용해봐야 겠어요.ㅎ,4,2021-10-15,-fSpS_rqFJ4
요리입문,광파오븐 레시피,에어프라이어 광파오븐 추천 비교 사용기 제품리뷰,펀팩 funfac,정보감사합니다,1,2020-03-13,-fSpS_rqFJ4
요리입문,광파오븐 레시피,에어프라이어 광파오븐 추천 비교 사용기 제품리뷰,펀팩 funfac,"광파오븐 뚜껑 녹슬어요.
저도 좋아하는데 두개째 쓰다가 뚜껑 녹에 이젠 안씁니다.",26,2020-04-14,-fSpS_rqFJ4
요리입문,광파오븐 레시피,에어프라이어 광파오븐 추천 비교 사용기 제품리뷰,펀팩 funfac,광파오븐 써야겠어요  ㅎ,0,2021-02-15,-fSpS_rqFJ4
요리입문,광파오븐 레시피,에어프라이어 광파오븐 추천 비교 사용기 제품리뷰,펀팩 funfac,다양한 요리법을 알려주세요,1,2025-10-08,-fSpS_rqFJ4
요리입문,광파오븐 레시피,에어프라이어 광파오븐 추천 비교 사용기 제품리뷰,펀팩 funfac,"세척방법 찾다가 들어왔네요
광파오븐 거의 20년가까이 쓰다 고장나서
에어프라이살까 하다 새로 다시샀어요
뚜껑 분리세척은 이제 첨 알았네요 감사해요",14,2020-04-15,-fSpS_rqFJ4
요리입문,광파오븐 레시피,에어프라이어 광파오븐 추천 비교 사용기 제품리뷰,펀팩 funfac,펀팩님 영상 보고 구입했는데 나사 분리가 온전히 분리 되지 않아서 난감하네요,3,2021-02-18,-fSpS_rqFJ4
요리입문,광파오븐 레시피,에어프라이어 광파오븐 추천 비교 사용기 제품리뷰,펀팩 funfac,영상 잘보았습니다 그런데 음식 종류마다 조리시간 온도가 궁금하네요 그것이 어렵답니다 감사합니다 ㅎㅎ 부탁드려요 꼭옥 알려주세요,0,2021-10-25,-fSpS_rqFJ4
요리입문,광파오븐 레시피,에어프라이어 광파오븐 추천 비교 사용기 제품리뷰,펀팩 funfac,저도 대웅꺼 있는데 청소는 간편하지만 유리용기가 넘 무거운게 흠~,3,2020-05-29,-fSpS_rqFJ4
요리입문,광파오븐 레시피,에어프라이어 광파오븐 추천 비교 사용기 제품리뷰,펀팩 funfac,아주 옛날 초창기에 광파오븐 나왔을때 엄마가 잘 쓰셨던 기억이 있어요^^그때도 꺼내는데 무거웠던 기억이 있어요^^;; 투명해서 요리가 되는 과정이 보이는데 신기해서 한참을 보고있던 꼬맹이가 이젠 줌마가 되서 오븐 사겠다고 알아보고 있네요^^,1,2025-11-11,-fSpS_rqFJ4
요리입문,광파오븐 레시피,에어프라이어 광파오븐 추천 비교 사용기 제품리뷰,펀팩 funfac,이건 혹시 플라스틱 타는 냄새같은거 안 나나요? 에어프라이기는 냄새가 좀 난다고 해서요..냄새에 좀 민감합니다,1,2020-06-17,-fSpS_rqFJ4
요리입문,광파오븐 레시피,에어프라이어 광파오븐 추천 비교 사용기 제품리뷰,펀팩 funfac,아 엄마가 쓰는게 광파오븐이었군요!!? 저는 엘지 광파오븐을 샀는데 검색하다 들어왔네용ㅎㅎ,1,2023-12-09,-fSpS_rqFJ4
요리입문,광파오븐 레시피,에어프라이어 광파오븐 추천 비교 사용기 제품리뷰,펀팩 funfac,청소때문에 써보려고요 식세기와 분해해서 닦는게 좋겠더라고요,0,2021-12-10,-fSpS_rqFJ4
요리입문,광파오븐 레시피,에어프라이어 광파오븐 추천 비교 사용기 제품리뷰,펀팩 funfac,뚜껑부분 세척하실때 뿌리는건 어떤 세정제인가요? 저부분 내부가 전자제품이라 청소하기 불안하던데 저렇게 해도 문제 없을까요?,0,2022-08-20,-fSpS_rqFJ4
요리입문,광파오븐 레시피,에어프라이어 광파오븐 추천 비교 사용기 제품리뷰,펀팩 funfac,저는 한경희광파오븐쓰는데 너무 윗면만 익고 (피자하면 빵은 하얗고 위에만 익음) 엄청 음식이 말라서 비추드립니다 맛이 없어요 ..,22,2020-05-20,-fSpS_rqFJ4
요리입문,광파오븐 레시피,에어프라이어 광파오븐 추천 비교 사용기 제품리뷰,펀팩 funfac,키친아트 광파 오븐으로도 시중에 내동 치킨등이 조리가 가능한지 여쭤 볼 수 있을까요?,2,2022-07-24,-fSpS_rqFJ4
요리입문,광파오븐 레시피,에어프라이어 광파오븐 추천 비교 사용기 제품리뷰,펀팩 funfac,"오늘 중고거래에서 새상품 bsw인가하는 광파오븐 1만원에 샀어요
우선고등어 구워봤습니다
낼은 목살예정",0,2021-01-21,-fSpS_rqFJ4
요리입문,광파오븐 레시피,에어프라이어 광파오븐 추천 비교 사용기 제품리뷰,펀팩 funfac,혹시 삼겹살 굽는데 시간이 어느정도 걸리는지 알 수 있을까요?,1,2020-05-24,-fSpS_rqFJ4
요리입문,광파오븐 레시피,에어프라이어 광파오븐 추천 비교 사용기 제품리뷰,펀팩 funfac,무거운거 빼고는 좋아요.,6,2020-06-26,-fSpS_rqFJ4
요리입문,광파오븐 레시피,에어프라이어 광파오븐 추천 비교 사용기 제품리뷰,펀팩 funfac,한경희광파오븐 같은 유리로 된 광파오븐 요즘 잘 안쓰는 것 같은데 냉동 튀김류도 잘되나요,1,2022-07-22,-fSpS_rqFJ4
요리입문,광파오븐 레시피,에어프라이어 광파오븐 추천 비교 사용기 제품리뷰,펀팩 funfac,창고에 처박아놨는데  사용해봐야겠네요  음식에 수분감이 있게 하려면  유리그릇에 물을  넣는건가요?물의 파동  ~이런 내용이,0,2024-08-31,-fSpS_rqFJ4
요리입문,광파오븐 레시피,에어프라이어 광파오븐 추천 비교 사용기 제품리뷰,펀팩 funfac,생선요리도 가능한거죠?,0,2020-07-24,-fSpS_rqFJ4
요리입문,광파오븐 레시피,에어프라이어 광파오븐 추천 비교 사용기 제품리뷰,펀팩 funfac,빵도 직접 만들 수 있나요?,1,2022-08-19,-fSpS_rqFJ4
요리입문,광파오븐 레시피,에어프라이어 광파오븐 추천 비교 사용기 제품리뷰,펀팩 funfac,"광파오븐과 에어프라이어 두개 다 있는데... 구조는 거의 비슷한데 에어프라이어가 더 수분배출을 잘하는거 같아요.
에어프라이어 작동시 외부배출구로 바람이 꽤 나오거든요. 즉 에어프라이어 좀 더 바삭하게 조리되는 느낌
에어프라이어가 청소가 편하지만 바스켓 코팅은 정말 약해서 몇달쓰면 코팅 다 손상되죠.
광파오븐이 무거워서 간단한 냉동식품 조리는 에어프라이어로 하고 고구마 구울때 광파오븐써요.",12,2020-06-12,-fSpS_rqFJ4
요리입문,광파오븐 레시피,에어프라이어 광파오븐 추천 비교 사용기 제품리뷰,펀팩 funfac,쓸데없이 50만원 정도 하는 오븐 살 필요가 없겠네요 ㅋ 막상 사면 그리많이쓸거 같지도 않고 ㅋㅋㅋ,2,2020-02-29,-fSpS_rqFJ4
요리입문,광파오븐 레시피,에어프라이어 광파오븐 추천 비교 사용기 제품리뷰,펀팩 funfac,"고구마 익혀 드셔 보세요.
엄청 맛있어요.",1,2021-08-16,-fSpS_rqFJ4
요리입문,광파오븐 레시피,에어프라이어 광파오븐 추천 비교 사용기 제품리뷰,펀팩 funfac,광파나 오븐이나 에어프라이나 효과는 다똑같아요...,14,2020-06-10,-fSpS_rqFJ4
요리입문,광파오븐 레시피,에어프라이어 광파오븐 추천 비교 사용기 제품리뷰,펀팩 funfac,팬션 놀러갈때 뚜껑만 들고 가서 얼추맞는 스텐냄비에 덮어서 사용할수 있어요,13,2022-03-08,-fSpS_rqFJ4
요리입문,광파오븐 레시피,에어프라이어 광파오븐 추천 비교 사용기 제품리뷰,펀팩 funfac,냉장고는 삼성 615리터가 좋겠네요 가성비가 좋아 보여요,0,2021-06-26,-fSpS_rqFJ4
요리입문,광파오븐 레시피,에어프라이어 광파오븐 추천 비교 사용기 제품리뷰,펀팩 funfac,씨트람 CKF-3UD 모델 뚜껑이 너무 더러워서 청소하려고 분해했는데.. 조립방법이 좀 헷갈려서요... 혹시 아시는 분 있나요..?,0,2022-08-01,-fSpS_rqFJ4
요리입문,광파오븐 레시피,에어프라이어 광파오븐 추천 비교 사용기 제품리뷰,펀팩 funfac,안쓰는 광파 오븐을 어떻게 사용해볼까 했는데 좋은 영상 감사합니다. 뚜껑 부분 청소가 무척 어렵겠구나 싶었는데 영상을 보니 뭐 그럭저럭 할 수 있겠구나.. 싶네요!,3,2020-02-16,-fSpS_rqFJ4
요리입문,광파오븐 레시피,에어프라이어 광파오븐 추천 비교 사용기 제품리뷰,펀팩 funfac,조리중에 뚜껑 열어도되나요?,0,2021-09-04,-fSpS_rqFJ4
요리입문,광파오븐 레시피,에어프라이어 광파오븐 추천 비교 사용기 제품리뷰,펀팩 funfac,"오오,,,, 좋은 정보 감사합니다:)",0,2020-02-13,-fSpS_rqFJ4
요리입문,광파오븐 레시피,에어프라이어 광파오븐 추천 비교 사용기 제품리뷰,펀팩 funfac,저도 광파 뽕뽑아서 에이프라이어 딱히 생각없어요 맛있닭 한끼탕수육 추천드려요(다이어트용 아니고 맛있어서 먹습니다 ㅋㅋ),6,2020-02-16,-fSpS_rqFJ4
요리입문,광파오븐 레시피,에어프라이어 광파오븐 추천 비교 사용기 제품리뷰,펀팩 funfac,"팬 달린 오븐(컨벡션 오븐) 광파오븐 에어프라이어 다 비슷한 것들이예요
광파오븐도 지금 에어플라이어 만큼은 아니라도 한때 꽤 유행했었어요",19,2020-05-12,-fSpS_rqFJ4
요리입문,광파오븐 레시피,에어프라이어 광파오븐 추천 비교 사용기 제품리뷰,펀팩 funfac,아래 삼발이 따로 구입할수ㅈ있을까요?,0,2026-02-04,-fSpS_rqFJ4
요리입문,광파오븐 레시피,에어프라이어 광파오븐 추천 비교 사용기 제품리뷰,펀팩 funfac,"이거 보구 중고로 지름신 오셨습니다 ㅎㅎㅎ 
저도 12L 냉동 피자 한판 끝장 ㅋㅋㅋ
에어프라이어 7L도 있는데 피자 잘라 넣어야해서 
싸게 업어 왔습니다 근데 놀 자리가 없네요 인덕션 사용안하면 그 위에서 사용해야 갔네여
방에서는 냄새날거 같아서 환풍기 있는 인덕션위에서 해야 겠네요 ^^;
CU에서 냉동피자 구워주면 6.5원인데 
노브랜드 냉동피자 구입해서 몇번 해먹으면 광파오븐 값 바로 나오겠네요 ㅎㅎㅎ",3,2020-03-18,-fSpS_rqFJ4
요리입문,광파오븐 레시피,에어프라이어 광파오븐 추천 비교 사용기 제품리뷰,펀팩 funfac,"어디서  구입했나요
싸고 싶어요
10년쓰고 고장나서^^",0,2020-12-10,-fSpS_rqFJ4
요리입문,광파오븐 레시피,에어프라이어 광파오븐 추천 비교 사용기 제품리뷰,펀팩 funfac,오 작고 저렴한 광파오븐도 있네요 ㅎㅎ lg 광파오븐 크기가 너무 커서 이사오고 못쓰고있음 ㅠ,0,2023-01-16,-fSpS_rqFJ4
요리입문,광파오븐 레시피,에어프라이어 광파오븐 추천 비교 사용기 제품리뷰,펀팩 funfac,이런것도 좋고 오븐형 에어프라이어기도 좋고 근데 왜 오븐형 에어프라이어기라 하는지 몰겠네 미니 오븐같던데,0,2020-06-09,-fSpS_rqFJ4
요리입문,광파오븐 레시피,에어프라이어 광파오븐 추천 비교 사용기 제품리뷰,펀팩 funfac,이걸로 삼겹살 꿔먹으면 진짜 추천!!!!  기름 쫙빠지고 그런데도 속은 야들야들 부드럽고 겉은 바삭하고,0,2020-06-06,-fSpS_rqFJ4
요리입문,광파오븐 레시피,에어프라이어 광파오븐 추천 비교 사용기 제품리뷰,펀팩 funfac,진짜 에어프라이어 상술이 너무 심해요.. 다 이전에 싸게 팔던 것들인데.. 요즘엔 또 올스테인리스 핑계로 엄청 받아먹더라구요..,3,2021-01-31,-fSpS_rqFJ4
요리입문,광파오븐 레시피,에어프라이어 광파오븐 추천 비교 사용기 제품리뷰,펀팩 funfac,"주방기기를 살때 저는 가장 중요시하는게 세척입니다
세척이 어려우면 아무리 좋은거라도 손이안가더라구요 ㅠㅠ 에어프라이기 살까하다가 광파오븐이 더 괜찮아보여 찾아봤네요 ㅎㅎ",10,2020-03-06,-fSpS_rqFJ4
요리입문,광파오븐 레시피,에어프라이어 광파오븐 추천 비교 사용기 제품리뷰,펀팩 funfac,무겁고 시간오래걸림 최대로 올려도생선 굽는데40분걸림,2,2021-06-22,-fSpS_rqFJ4
요리입문,광파오븐 레시피,에어프라이어 광파오븐 추천 비교 사용기 제품리뷰,펀팩 funfac,이거 혹시,0,2020-07-18,-fSpS_rqFJ4
요리입문,오븐 처음 사용법,스테나 오븐에어프라이어 사용 전 첫 세척방법 #살림,쓸모집_쓸모 있는 살림 모음Zip,"👉🏻좌하단 프로필 사진 클릭 > 게시물 탭 클릭 > 구매 링크 클릭하시면 최저가 링크 있어요!


스테나 오븐에어프라이어 잘 받아보고 계신가요😇
사용 전 첫 세척방법🫧 영상으로 담아왔어요!

✔️
제품은 1차 연마제 제거가 되어 있고
딱 하나, [열선]만 연마제 제거 해주시면 됩니다.

1️⃣먼저 에프모드 <200도에서 20분 공회전을 2회>돌려주세요
공회전은 공정 과정에서 생긴 먼지나 이물질을태워주는 단계라 꼭 필요합니다

2️⃣콘센트를 뽑고 열기가 식은 후
키친타올에 식용유를 묻혀서 열선을 닦아주세요
⚠️내부가 아직 뜨거울 수 있으니 꼭 장갑 껴주세요

3️⃣행주에 식초를 묻혀서 열선에 남아 있는 기름을 모두 닦아주세요

4️⃣함께 받은 부품들도 1차 연마제 제거 되어 있으니 가볍게 세척만 해주세요

저는 처음 스테나 에어프라이어 받았을 때
퇴근하고 사용할 생각에 엄청 설레더라고요😊

여러분들도 얼른 첫 세척 마치시고
즐거운 에프요리 많이 해드세요🩵
🌰🍕🍠🍖🥩🐟🍗❤️",5,2025-08-12,xljcHcFp-2g
요리입문,오븐 처음 사용법,스테나 오븐에어프라이어 사용 전 첫 세척방법 #살림,쓸모집_쓸모 있는 살림 모음Zip,와우 감사합니다,0,2026-02-27,xljcHcFp-2g
요리입문,오븐 처음 사용법,스테나 오븐에어프라이어 사용 전 첫 세척방법 #살림,쓸모집_쓸모 있는 살림 모음Zip,"사용후 기름때낀 천장청소는 어떻게 해야할까요?
열선때문에 속까지는 닦을수 있을지가..
이것때문에 고민중이에요ㅜㅜ",2,2025-08-13,xljcHcFp-2g
요리입문,오븐 처음 사용법,스테나 오븐에어프라이어 사용 전 첫 세척방법 #살림,쓸모집_쓸모 있는 살림 모음Zip,혹시 # 모양 냄비받침대는 어디서 구매할수있나요..? ❤,0,2025-09-03,xljcHcFp-2g
요리입문,오븐 처음 사용법,스테나 오븐에어프라이어 사용 전 첫 세척방법 #살림,쓸모집_쓸모 있는 살림 모음Zip,그매할려면 어떻게하나요 가격과함께,0,2025-08-13,xljcHcFp-2g
요리입문,오븐 처음 사용법,"쿠진아트 에어프라이어 사용전, 꼭 보셔야합니다~!! #쿠진아트 #에어프라이어 #세척 #살림꿀팁",로그아웃키친,왜 칼슘파우더일까요?  칼슘파우더 과일세척할때 썼는데...,0,2026-06-12,Q6LEv5JZfpg
요리입문,오븐 처음 사용법,쿠진아트 에어프라이어 그릴 오븐 TOA-70KR 처음세척방법,역마살낀 민갱이,"쿠진아트 에어프라이어 그릴 오븐 TOA-70KR 내돈내산 💸

사용전 청소 타임!!!
연마제 제거 작업은 안해도 된다고해서
젖은 수건 / 물티슈 / 세제 /청소용 물티슈 준비했어요
젖은 행주로 겉면 닦아줍니다
주방세제 묻혀 전체적으로 닦아줍니다
물티슈로도 닦아줍니다
깨끗이 빤 헹주로 또 닦아줍니다
청소 끝~~
이제 공회전 시작합니다
에어프라이어 모드 200도 20분⭐️ 
반복 3번 돌려줍니다 
⭐️열 식혀줍니다
반복 3번 그럼 끝

#내돈내산 #후기 #에어프라이어 #TOA70KR #쿠진아트 #쿠진아트TOA70KR #쿠진아트오븐 #쿠진아트에프 #쿠진아트그릴 #에어프라이어추천 #청소방법 #세척방법 #처음사용 #에어프라이어처음 #고구마 #브런치 #요리 #활용",1,2024-12-26,bK4TnUNY8AA
요리입문,오븐 처음 사용법,쿠진아트 에어프라이어 그릴 오븐 TOA-70KR 처음세척방법,역마살낀 민갱이,얼마전 쿠진아트 에어프라이기 구매해서 공회전을 해야하나 말아야하나 고민하다가 쿠진아트 직원분께 문의하니 공회전해도 된다고 하셨어요. 찝찝?하신분들은 안하셔도 되지만 전 하려고해요^^,0,2026-02-22,bK4TnUNY8AA
요리입문,오븐 처음 사용법,쿠진아트 에어프라이어 그릴 오븐 TOA-70KR 처음세척방법,역마살낀 민갱이,공회전을 왜해.. 세균 죽일라고?ㅋㅋㅋㅋㅋ,1,2025-03-13,bK4TnUNY8AA
요리입문,오븐 처음 사용법,쿠진아트 에어프라이어 그릴 오븐 TOA-70KR 처음세척방법,역마살낀 민갱이,공회전은 왜하나요?,0,2025-01-18,bK4TnUNY8AA
요리입문,오븐 처음 사용법,쿠진아트 에어프라이어 그릴 오븐 TOA-70KR 처음세척방법,역마살낀 민갱이,회사에서말하길 공회전하면 고장의원인이된답니다. 따라하지마세요.,11,2025-02-19,bK4TnUNY8AA
요리입문,오븐 처음 사용법,커피마마 오븐사용법 🖥 카페 알바생이 알려주는 오븐레인지 사용법/초보카페알바/카페꿀팁/베이커리/해동/엘지디오스오븐/LG DIOS ML32사용법 /CAFE VLOG,레몬가이드 Lemon Guide,🙃❤❤😍,3,2021-12-09,AVlmZ80f04M
요리입문,오븐 처음 사용법,커피마마 오븐사용법 🖥 카페 알바생이 알려주는 오븐레인지 사용법/초보카페알바/카페꿀팁/베이커리/해동/엘지디오스오븐/LG DIOS ML32사용법 /CAFE VLOG,레몬가이드 Lemon Guide,빵주문 여러개 들어왓을땐 시간대가 어떻게 되나요 ?,1,2022-09-23,AVlmZ80f04M
요리입문,오븐 처음 사용법,커피마마 오븐사용법 🖥 카페 알바생이 알려주는 오븐레인지 사용법/초보카페알바/카페꿀팁/베이커리/해동/엘지디오스오븐/LG DIOS ML32사용법 /CAFE VLOG,레몬가이드 Lemon Guide,"냉동인데 오븐예열없이 가능한가요?
제가 냉동빵 디저트를 해볼려고 컨벡션 오븐 30리터짜리를 구입해서
기능에
컨벡션.오븐.그릴 등 있던데 
시험삼아 해보는데(크로크 무슈.. 허니버터 브레드)
예열이180도 가는데  적외선 온도계로 측정해봤는데 30분이 넘어도 100도가 안올라가요
시간이 걸리더라도 해보긴 했는데 집에서는 먹을수 있겠으나  매장에서 조리하는시간이 너무오래걸려서
이렇게 되면 매장에서 판매하려고 한게 잘못된듯 해서 걱정입니다.
무엇이 잘못된지 모르겠네요",0,2022-11-06,AVlmZ80f04M
요리입문,오븐 처음 사용법,커피마마 오븐사용법 🖥 카페 알바생이 알려주는 오븐레인지 사용법/초보카페알바/카페꿀팁/베이커리/해동/엘지디오스오븐/LG DIOS ML32사용법 /CAFE VLOG,레몬가이드 Lemon Guide,오븐에 메주말려도 될까요,0,2024-10-31,AVlmZ80f04M
요리입문,혼밥 오븐 요리,올해 안에 꼭 먹어야 해,유지만 yuziman,"구독자님들 덕분에 지금의 유지만이 있다고 생각해요.
여러분들의 한 끼가 더 맛있게 채워질 수 있도록 앞으로도 꾸준히 나아갈게요!
모두 2023년 수고 많으셨어요♥",392,2023-12-30,8vuxIXbeKnw
요리입문,혼밥 오븐 요리,올해 안에 꼭 먹어야 해,유지만 yuziman,빨리올리라는 아버님 귀여우심,2278,2023-12-30,8vuxIXbeKnw
요리입문,혼밥 오븐 요리,올해 안에 꼭 먹어야 해,유지만 yuziman,"빨리올리라 이거 ㅋㅋㅋㅋㅋㅋ
아부지 넘 사랑스러우심",796,2023-12-30,8vuxIXbeKnw
요리입문,혼밥 오븐 요리,올해 안에 꼭 먹어야 해,유지만 yuziman,저 오늘 이거 했자나여...!!!! 결과는 우주대성공!!! 마녀스푸랑 결이 비슷한데 한 5배 더 맛있는..?! 마지막 15분 끓이기전까진 소스가 너무 짜서 어? 망했네 싶었는데 15분 끓이니까 야채에서 물이나와서 간이 기가막히게 맞더러고요 결론 유지만 없이 못살아,145,2024-01-05,8vuxIXbeKnw
요리입문,혼밥 오븐 요리,올해 안에 꼭 먹어야 해,유지만 yuziman,빨리 올리라는 아버님 덕분에 저희가 빨리 이 영상을 보는건가여... 감사합니다❤,111,2023-12-31,8vuxIXbeKnw
요리입문,혼밥 오븐 요리,올해 안에 꼭 먹어야 해,유지만 yuziman,경상도 아버지의 다급한 말투...이 레시피는 찐이다,446,2023-12-31,8vuxIXbeKnw
요리입문,혼밥 오븐 요리,올해 안에 꼭 먹어야 해,유지만 yuziman,저 이거 오늘 해서 먹었는데 너무너무너무너무너무 맛있어요😢 .... 저는 소고기로 넣었고 20분 뚜껑닫고 10분 뚜껑 열고 보글보글 졸였어요. 채수 많이 나오길래 밍밍하면 어떡하지 했는데 간 딱 맞더라고요!! 좋은 레시피 알려주셔서 감사해요 ㅠㅠ 여러가지 라따뚜이 레시피중에서 젤 성공한 레시피...,20,2024-04-09,8vuxIXbeKnw
요리입문,혼밥 오븐 요리,올해 안에 꼭 먹어야 해,유지만 yuziman,"우울증이 심해서 밤마다 배달음식으로 야식 먹는게 습관이였는데 유지만님 레시피 따라하면서 밥 제때 챙겨 먹다보니까 돈도 아끼고 건강도 챙기고 있어요.
정말 신기하게 모든 레시피가 맛있어요
감사합니다. 한국 요리 유튜버 원탑이신것같아요 진심으로!! 간단한 레시피에서 어떻게 이런맛이 나오는지 매번 감탄하고있습니다",25,2025-06-24,8vuxIXbeKnw
요리입문,혼밥 오븐 요리,올해 안에 꼭 먹어야 해,유지만 yuziman,엄마아빠도 복많이 받으시고  따님도  맛난거 많이 올려주세요~~^^,101,2023-12-31,8vuxIXbeKnw
요리입문,혼밥 오븐 요리,올해 안에 꼭 먹어야 해,유지만 yuziman,주말 술안주는 이걸로 정했다!! 감사합니다 ㅋㅋ,6,2024-02-28,8vuxIXbeKnw
요리입문,혼밥 오븐 요리,올해 안에 꼭 먹어야 해,유지만 yuziman,유지만님 덕분에 집밥 잘해먹고 있어요. 늘 감사드려요! 새해복 많이 받으세요😊,34,2023-12-30,8vuxIXbeKnw
요리입문,혼밥 오븐 요리,올해 안에 꼭 먹어야 해,유지만 yuziman,"꺅 지만씨 ㅠㅠㅠ 지만씨 덕분에 엄청 잘 해먹고 살고 있어요!! 아부지가 빨리 올리라고 하신만큼 해 바뀌기 전에 꼭 해먹을게유 ❤
내 백종원 유지만,, 오래오래 맛있게 유튭 해주세요 >< 해피뉴이어 ~",31,2023-12-30,8vuxIXbeKnw
요리입문,혼밥 오븐 요리,올해 안에 꼭 먹어야 해,유지만 yuziman,내년에도 모두 건강합시다➰🤍,63,2023-12-30,8vuxIXbeKnw
요리입문,혼밥 오븐 요리,올해 안에 꼭 먹어야 해,유지만 yuziman,이거 진짜 찐찐찐존맛... 근데 조금 아쉬운 점이 있다면 닭가슴살이 너무 질겨서 돼지 앞다리살 같은 부위 넣어먹으면 다이어트에 너무 좋을 것 같아요... 다이어트가 아니라면 삼겹살로 먹으면 진짜... 맛있을 것 같아요,285,2024-02-17,8vuxIXbeKnw
요리입문,혼밥 오븐 요리,올해 안에 꼭 먹어야 해,유지만 yuziman,아버님 왠지 웃기실것 같아요ㅋㅋㅋㅋ,5,2023-12-30,8vuxIXbeKnw
요리입문,혼밥 오븐 요리,올해 안에 꼭 먹어야 해,유지만 yuziman,"경상도 언니~ 천재 인것 같아요
새해 복 많이 받으세요 😊❤",5,2023-12-30,8vuxIXbeKnw
요리입문,혼밥 오븐 요리,올해 안에 꼭 먹어야 해,유지만 yuziman,와 저 요리 똥손인데 이레시피대로 만들었더니 너무 맛있게 됐어요😮 남편이 싹싹 긁어먹었답니다 감사해요❤,0,2026-06-11,8vuxIXbeKnw
요리입문,혼밥 오븐 요리,올해 안에 꼭 먹어야 해,유지만 yuziman,올해 유지만님을 알게 된 게 제 복이에요 새해에도 또 천재만재 영상 많이 찍어주세요❤ 새해복 많이받으세요!,6,2023-12-30,8vuxIXbeKnw
요리입문,혼밥 오븐 요리,올해 안에 꼭 먹어야 해,유지만 yuziman,유지만님 덕분에 새해에도 좋은 기운 얻고 갑니다! 새해 복 많이 받으세요! :),8,2023-12-30,8vuxIXbeKnw
요리입문,혼밥 오븐 요리,올해 안에 꼭 먹어야 해,유지만 yuziman,고기랑 페스토랑 모짜렐라 들어가는 것부터 뇌내 혼란ㅋㅋㅋ 저렇게 헤비하지 않았던것 같은데,2,2024-01-24,8vuxIXbeKnw
요리입문,혼밥 오븐 요리,올해 안에 꼭 먹어야 해,유지만 yuziman,배우신분 복 많이 받으셔요,33,2023-12-30,8vuxIXbeKnw
요리입문,혼밥 오븐 요리,올해 안에 꼭 먹어야 해,유지만 yuziman,유지만님 덕분에 한해가 풍성했습니다🤍,7,2023-12-30,8vuxIXbeKnw
요리입문,혼밥 오븐 요리,올해 안에 꼭 먹어야 해,유지만 yuziman,"아주 도움이 됬습니다! 미리 야채를 순서대로 줄 세워지는것! 치즈는 야채위에 뿌리는것!! 다른 사람 레시피 보고 치즈를 먼저 소스위에 뿌리고 야채를 줄 세워지기 시작했더니 시간이 오래걸려서 치즈가 바닥에서 타버리고 말았어요ㅜㅜ 
고맙습니다 ~다음에는 이 레시피로 만들게요!",11,2024-07-20,8vuxIXbeKnw
요리입문,혼밥 오븐 요리,올해 안에 꼭 먹어야 해,유지만 yuziman,맛있어보여요. 해먹어볼게요,4,2024-01-02,8vuxIXbeKnw
요리입문,혼밥 오븐 요리,올해 안에 꼭 먹어야 해,유지만 yuziman,바로 만들어 먹었습니다!! 너무너무 맛있어요ㅠㅠ 저는 고기맛을 느끼고 싶어서 닭가슴살을 편으로 썰어 야채랑 같이 넣었어요!! 존맛 레시피 감사합니다🥹,3,2023-12-31,8vuxIXbeKnw
요리입문,혼밥 오븐 요리,올해 안에 꼭 먹어야 해,유지만 yuziman,레시피 다 좋아여 새해 복 많이받으세요🧡🍀,2,2023-12-31,8vuxIXbeKnw
요리입문,혼밥 오븐 요리,올해 안에 꼭 먹어야 해,유지만 yuziman,오븐 없는 사람으로서 너무 반가운 레시피네요❤,3,2024-05-26,8vuxIXbeKnw
요리입문,혼밥 오븐 요리,올해 안에 꼭 먹어야 해,유지만 yuziman,이거 오늘 드디어 해먹어 봤는데 진짜 맛있네요!! 부모님 양식 싫어하시는데 먹고 갑자기 눈 동그레지셔서 거짓말 치는 줄 알았어용,2,2024-04-19,8vuxIXbeKnw
요리입문,혼밥 오븐 요리,올해 안에 꼭 먹어야 해,유지만 yuziman,지만이형 내일도 모레도 맛있는 레시피 많이많이 올려줄거지??? 맛있는 음식 많이 먹고 건강하자!!,1,2023-12-30,8vuxIXbeKnw
요리입문,혼밥 오븐 요리,올해 안에 꼭 먹어야 해,유지만 yuziman,저 소고기 다짐육 넣고 레시피 그대로 했는데 진짜 너무너무너무 맛있었어요 ㅜㅜ 건강에도 좋고 맛있고 최고에요 너무 감사해요❤,1,2025-05-13,8vuxIXbeKnw
요리입문,혼밥 오븐 요리,올해 안에 꼭 먹어야 해,유지만 yuziman,"오... 요즘 라따뚜이 해먹을까 싶었는데 너무좋아요 새해에 꼭 해먹어볼게요!
유지만님 덕분에 조금더 건강한 한 해 보낼 수 있었던 거 같아요! 감사합니다😊 새해복 많이받으세요❤",0,2023-12-30,8vuxIXbeKnw
요리입문,혼밥 오븐 요리,올해 안에 꼭 먹어야 해,유지만 yuziman,맛있겠다  잘 보고 9독 좋아요 꾹,2,2025-03-16,8vuxIXbeKnw
요리입문,혼밥 오븐 요리,올해 안에 꼭 먹어야 해,유지만 yuziman,따라해봐야겠어요ㅎㅎ,2,2024-01-01,8vuxIXbeKnw
요리입문,혼밥 오븐 요리,올해 안에 꼭 먹어야 해,유지만 yuziman,빨리올리라는 아버님😂😂❤덕분에 구독눌러요 나중에 아버님이 요리해주시는거 보고파요ㅋ,0,2025-02-10,8vuxIXbeKnw
요리입문,혼밥 오븐 요리,올해 안에 꼭 먹어야 해,유지만 yuziman,"와 저 야채 싫어하는데 이건 먹을 수 있을거 같아요 
새해복 많이 받으세요😊",0,2024-01-01,8vuxIXbeKnw
요리입문,혼밥 오븐 요리,올해 안에 꼭 먹어야 해,유지만 yuziman,이런 댓글 처음 달아봐요 너무 맛있게 잘 먹었습니다. 요리 곰손인데 덕분에 잘 먹고 지냅니다. 감사합니다.,1,2024-05-09,8vuxIXbeKnw
요리입문,혼밥 오븐 요리,올해 안에 꼭 먹어야 해,유지만 yuziman,너무너무 맛있을거 같아요! 건강한 재료들이 진짜 뜸뿍이라 저도 부모님 만들어 드리고 싶네요😊,0,2024-10-22,8vuxIXbeKnw
요리입문,혼밥 오븐 요리,올해 안에 꼭 먹어야 해,유지만 yuziman,아버님 빨리올리라는거 왜케 귀엽고 웃기시지 ㅋㅋㅋㅋㅋㅋㅋㅋㅋㅋㅋㅌㅋㅋㅋ,11,2024-01-06,8vuxIXbeKnw
요리입문,혼밥 오븐 요리,올해 안에 꼭 먹어야 해,유지만 yuziman,이거너무맛잇어용!!! 남편도 먹어보더니 맛잇다구 채널 구독햇어욤 하나씩 도장깨기 재밌네여 ㅎㅎ,0,2024-07-09,8vuxIXbeKnw
요리입문,혼밥 오븐 요리,올해 안에 꼭 먹어야 해,유지만 yuziman,가능하면 얇게 썰어주면 맛있습니다.,6,2024-07-06,8vuxIXbeKnw
요리입문,혼밥 오븐 요리,올해 안에 꼭 먹어야 해,유지만 yuziman,"올해는 유지만님 알게되어서 집에서 썩어가는 오트밀도 맛있게 먹었고 따라만들면서 건강하게 맛있게 만들 수 있게되어 넘 감사한 한 해 였습니다❤ 내년에도 맛있는 레시피 많이많이 부탁드려요!!!🎉


유지만님 버전 스팸요리 기원 3일차",1,2023-12-30,8vuxIXbeKnw
요리입문,혼밥 오븐 요리,올해 안에 꼭 먹어야 해,유지만 yuziman,요리천재탄생! 주말메뉴로 해봐야겠어요. 매번감사해요!,0,2024-04-18,8vuxIXbeKnw
요리입문,혼밥 오븐 요리,올해 안에 꼭 먹어야 해,유지만 yuziman,빨리 올려라 😂 왜 이렇게 이 부분이 웃긴지.. 정말 맛있으셨나봐요,0,2024-09-28,8vuxIXbeKnw
요리입문,혼밥 오븐 요리,올해 안에 꼭 먹어야 해,유지만 yuziman,구독 좋아요 꾹 누르구 맛있는 레시피 고마워염^^,1,2024-01-03,8vuxIXbeKnw
요리입문,혼밥 오븐 요리,올해 안에 꼭 먹어야 해,유지만 yuziman,유지만님 덕분에 다이어트가 즐거워요 2024년도 다이어트 례시피 잘 부탁해요❤,1,2023-12-30,8vuxIXbeKnw
요리입문,혼밥 오븐 요리,올해 안에 꼭 먹어야 해,유지만 yuziman,안그래도 요새 라따뚜이가 너무 해먹고 싶었는데 마침 올려주셨어여 찌찌뽕!!!,0,2023-12-30,8vuxIXbeKnw
요리입문,혼밥 오븐 요리,올해 안에 꼭 먹어야 해,유지만 yuziman,라따뚜이 진짜 맛있어요 진짜...이거도 자주 해먹는 요리 👍🏻👍🏻,0,2023-12-30,8vuxIXbeKnw
요리입문,혼밥 오븐 요리,올해 안에 꼭 먹어야 해,유지만 yuziman,유지만 선생님 오늘 이거 해먹었습니다. 선생님 소리가 절로 나오는 맛입니다 감사합니다,1,2023-12-31,8vuxIXbeKnw
요리입문,혼밥 오븐 요리,올해 안에 꼭 먹어야 해,유지만 yuziman,이거 진짜맛있음 라따뚜이 내가 가지를 먹을수있을줄 몰랐음,1,2024-09-08,8vuxIXbeKnw
요리입문,혼밥 오븐 요리,올해 안에 꼭 먹어야 해,유지만 yuziman,만들어줬더니 와이프가 넘 맘에들어하네요😊,13,2024-01-07,8vuxIXbeKnw
요리입문,혼밥 오븐 요리,누워서도 가능한 요리,랜덤토랑 Randomtaurant,방금 누워서 해 봤는데 진짜로 되네요,6053,2021-08-26,YQZn6dQV0xg
요리입문,혼밥 오븐 요리,누워서도 가능한 요리,랜덤토랑 Randomtaurant,와..이렇게 간단하고 대충 만들수있는 요리 많이 영상 만들어주시면 안될까요ㅠㅠㅠ 너무 유용해요!!!!,1572,2021-08-28,YQZn6dQV0xg
요리입문,혼밥 오븐 요리,누워서도 가능한 요리,랜덤토랑 Randomtaurant,리얼 개밥 레시피 ㅋㅋㅋ,538,2022-03-08,YQZn6dQV0xg
요리입문,혼밥 오븐 요리,누워서도 가능한 요리,랜덤토랑 Randomtaurant,슥 던지고 바뀌는 편집 너무 좋음 ㅋㅋㅋ,428,2021-08-27,YQZn6dQV0xg
요리입문,혼밥 오븐 요리,누워서도 가능한 요리,랜덤토랑 Randomtaurant,간단하고 좋네요👍,59,2021-08-26,YQZn6dQV0xg
요리입문,혼밥 오븐 요리,누워서도 가능한 요리,랜덤토랑 Randomtaurant,기숙사에서도 일회용 전자레인지 용기로 해먹을 수 있다는 장점아 너무 좋네요,429,2021-09-25,YQZn6dQV0xg
요리입문,혼밥 오븐 요리,누워서도 가능한 요리,랜덤토랑 Randomtaurant,자취생들한텐 진짜좋네 스팸이 짜니 간도맞고,29,2021-09-28,YQZn6dQV0xg
요리입문,혼밥 오븐 요리,누워서도 가능한 요리,랜덤토랑 Randomtaurant,누렁아~ 밥먹자~,317,2021-08-29,YQZn6dQV0xg
요리입문,혼밥 오븐 요리,누워서도 가능한 요리,랜덤토랑 Randomtaurant,너무 배고파서 해먹었더니 우리집 초코가 너무 좋아하네요~,7,2023-01-08,YQZn6dQV0xg
요리입문,혼밥 오븐 요리,누워서도 가능한 요리,랜덤토랑 Randomtaurant,대박 ㅋㅋㅋㅋㅋ,12,2021-08-29,YQZn6dQV0xg
요리입문,혼밥 오븐 요리,누워서도 가능한 요리,랜덤토랑 Randomtaurant,항상 스팸 깔때 마지막에 찌끔 남았을때가 제일 쫄려...,17,2021-08-28,YQZn6dQV0xg
요리입문,혼밥 오븐 요리,누워서도 가능한 요리,랜덤토랑 Randomtaurant,자취인들한테 딱 좋은 컨셉 ㅠㅠ,3,2021-10-23,YQZn6dQV0xg
요리입문,혼밥 오븐 요리,누워서도 가능한 요리,랜덤토랑 Randomtaurant,이거 진짜 괜찮네요! 좋은 영상 감사합니다!,3,2022-07-05,YQZn6dQV0xg
요리입문,혼밥 오븐 요리,누워서도 가능한 요리,랜덤토랑 Randomtaurant,안녕하세요 전 4학년 입니다 지금 현재 저는 4 학년이고요. 제 동생의 3 학년입니다. 근데 제 저희가 너무 배 아파가지고 이거를 찾아봤는데 엄청 쉽게 만들 수 있더라고요. 감사합니다❤,19,2024-10-01,YQZn6dQV0xg
요리입문,혼밥 오븐 요리,누워서도 가능한 요리,랜덤토랑 Randomtaurant,"1.계란2개 깨서 넣는다(휘젓고)
2.스팸 숟가락으로 잘라서 
3.김치 잘라서 넣음
4.데우지 않은 즉석밥 넣고 섞는다
5.계란 익을때까지 전자레인지에서 익힌다",103,2021-09-16,YQZn6dQV0xg
요리입문,혼밥 오븐 요리,누워서도 가능한 요리,랜덤토랑 Randomtaurant,간단하고 맛있어보이는 레시피라 학교갈때 배는고픈데 시간없을때 해보도록할게요😆😆,0,2021-11-07,YQZn6dQV0xg
요리입문,혼밥 오븐 요리,누워서도 가능한 요리,랜덤토랑 Randomtaurant,누렁아 밥묵자~~,172,2021-08-29,YQZn6dQV0xg
요리입문,혼밥 오븐 요리,누워서도 가능한 요리,랜덤토랑 Randomtaurant,누워서했더니 침대에 익히기만 하면 에그스크램블 되는 상태를 만들었네요. 감사합니다.,2,2021-11-01,YQZn6dQV0xg
요리입문,혼밥 오븐 요리,누워서도 가능한 요리,랜덤토랑 Randomtaurant,덕분에 초딩인데 방학때 점심 혼자 잘~해먹었습니다! 감삼돠!,106,2024-01-11,YQZn6dQV0xg
요리입문,혼밥 오븐 요리,누워서도 가능한 요리,랜덤토랑 Randomtaurant,"와~ 이런방법이....ㄷㄷ
랜토님 어재 1500원으로 15000원 맛이나는 요리와 식빵팝콘 맛있게 먹었습니다~ 감사합니다!",12,2021-08-26,YQZn6dQV0xg
요리입문,혼밥 오븐 요리,누워서도 가능한 요리,랜덤토랑 Randomtaurant,"마니 늦었지만지금 해보고있어용 너무 간단하고 좋아요!
이러케 집에 꼭 있을만한 재료로 요리 영상 만들어주시면 좋은것같아용",0,2022-09-18,YQZn6dQV0xg
요리입문,혼밥 오븐 요리,누워서도 가능한 요리,랜덤토랑 Randomtaurant,몇분 정도 해야하나요??,6,2024-03-23,YQZn6dQV0xg
요리입문,혼밥 오븐 요리,누워서도 가능한 요리,랜덤토랑 Randomtaurant,와 구독하고 저장해놨다가 해먹어야지😋😊,1,2024-12-06,YQZn6dQV0xg
요리입문,혼밥 오븐 요리,누워서도 가능한 요리,랜덤토랑 Randomtaurant,"재료:있음
그릇:있음
가져올 생각:없음",18,2023-06-06,YQZn6dQV0xg
요리입문,혼밥 오븐 요리,누워서도 가능한 요리,랜덤토랑 Randomtaurant,보자마자만들언는데 진~~~~~~~짜 맛있어요 다음해도해도됄 것 같아요!,0,2021-10-16,YQZn6dQV0xg
요리입문,혼밥 오븐 요리,누워서도 가능한 요리,랜덤토랑 Randomtaurant,와 햄통에서 햄 안 꺼내고 그냥 거기서 숟가락으로 슥슥 자르다니.. 생각도 몬했는데 설거지 안 해도 돼서 짱 좋네요..,82,2021-09-08,YQZn6dQV0xg
요리입문,혼밥 오븐 요리,누워서도 가능한 요리,랜덤토랑 Randomtaurant,맛잇게 먹겠습니다 ㅠㅠ,1,2025-03-02,YQZn6dQV0xg
요리입문,혼밥 오븐 요리,누워서도 가능한 요리,랜덤토랑 Randomtaurant,맛있겠다ㅏ~~,3,2021-08-26,YQZn6dQV0xg
요리입문,혼밥 오븐 요리,누워서도 가능한 요리,랜덤토랑 Randomtaurant,맛있네요!!♡♡비록 엄마몰래 해먹다가 생난리를 쳐놓은 제 미래의 등짝은...그래도 입은 살았다!♡ㅋㅋㅋㅋ,4,2021-10-08,YQZn6dQV0xg
요리입문,혼밥 오븐 요리,누워서도 가능한 요리,랜덤토랑 Randomtaurant,요리잘하시네여 목소리도 짱좋아여♡구독하고 갑니댜,1,2021-08-29,YQZn6dQV0xg
요리입문,혼밥 오븐 요리,누워서도 가능한 요리,랜덤토랑 Randomtaurant,"계란 익을때 꺼지가 몇분인가요 
돌릴때는 봉지에 넣어사 해야하나요?
하고 남은 햄은 어따두나요?",7,2021-10-20,YQZn6dQV0xg
요리입문,혼밥 오븐 요리,누워서도 가능한 요리,랜덤토랑 Randomtaurant,김치도 숟가락으로 자르셨나요??,11,2021-08-28,YQZn6dQV0xg
요리입문,혼밥 오븐 요리,누워서도 가능한 요리,랜덤토랑 Randomtaurant,"진짜하봤는데....
간단하고 너무맞있어요!^^",0,2021-11-24,YQZn6dQV0xg
요리입문,혼밥 오븐 요리,누워서도 가능한 요리,랜덤토랑 Randomtaurant,너무 어려워요 ㅠㅠㅠㅠㅠ,8,2021-11-06,YQZn6dQV0xg
요리입문,혼밥 오븐 요리,누워서도 가능한 요리,랜덤토랑 Randomtaurant,전자레인지만 손닿는 거리에 있으면 진짜 누워서 되네요!,1,2021-11-07,YQZn6dQV0xg
요리입문,혼밥 오븐 요리,누워서도 가능한 요리,랜덤토랑 Randomtaurant,평가:맛없는게 이상한 레시피,3,2021-08-30,YQZn6dQV0xg
요리입문,혼밥 오븐 요리,누워서도 가능한 요리,랜덤토랑 Randomtaurant,했는데 진짜 누렁아 밥먹자 비쥬얼이네,2,2024-05-01,YQZn6dQV0xg
요리입문,혼밥 오븐 요리,누워서도 가능한 요리,랜덤토랑 Randomtaurant,개밥,3,2025-04-11,YQZn6dQV0xg
요리입문,혼밥 오븐 요리,누워서도 가능한 요리,랜덤토랑 Randomtaurant,누워서 요리하는법:누워서 동생을부른뒤 1000원을 쥐어 주고 요리시킨다,2,2022-02-01,YQZn6dQV0xg
요리입문,혼밥 오븐 요리,누워서도 가능한 요리,랜덤토랑 Randomtaurant,진짜 되긴되는데...전자레인지 몇분인지..1분인지 몇분인지 모르겠네요,5,2023-11-18,YQZn6dQV0xg
요리입문,혼밥 오븐 요리,누워서도 가능한 요리,랜덤토랑 Randomtaurant,ㅋㅋㅋㅋ 간단하니 꿀맛 비주얼,1,2023-02-28,YQZn6dQV0xg
요리입문,혼밥 오븐 요리,누워서도 가능한 요리,랜덤토랑 Randomtaurant,맛있는 개밥🧡,7,2021-10-08,YQZn6dQV0xg
요리입문,혼밥 오븐 요리,누워서도 가능한 요리,랜덤토랑 Randomtaurant,유튜브 대박날거에요~~~,1,2021-08-28,YQZn6dQV0xg
요리입문,혼밥 오븐 요리,누워서도 가능한 요리,랜덤토랑 Randomtaurant,이거 전자렌지에 계란 익을때 까지라 하셨는데 시간으로 하자면 얼마나 걸렸죠?,10,2021-12-21,YQZn6dQV0xg
요리입문,혼밥 오븐 요리,누워서도 가능한 요리,랜덤토랑 Randomtaurant,와 방금 따라 했는데 진짜 맛있네요 👍,1,2022-01-18,YQZn6dQV0xg
요리입문,혼밥 오븐 요리,누워서도 가능한 요리,랜덤토랑 Randomtaurant,역시 음식은 정성이 들어가야 된다는 걸 다시 한 번 깨닳게 해주는 비주얼이네,6,2022-02-06,YQZn6dQV0xg
요리입문,혼밥 오븐 요리,누워서도 가능한 요리,랜덤토랑 Randomtaurant,보통 몇분 돌리나요?,5,2023-10-13,YQZn6dQV0xg
요리입문,혼밥 오븐 요리,누워서도 가능한 요리,랜덤토랑 Randomtaurant,앜ㅋㅋㅋㅋ칼로리대폭발..맛있겠다...,0,2022-02-21,YQZn6dQV0xg
요리입문,혼밥 오븐 요리,누워서도 가능한 요리,랜덤토랑 Randomtaurant,세상 그 무엇보다 맛있내요❤❤,2,2023-03-27,YQZn6dQV0xg
요리입문,혼밥 오븐 요리,누워서도 가능한 요리,랜덤토랑 Randomtaurant,짬?,1,2021-09-02,YQZn6dQV0xg
요리입문,혼밥 오븐 요리,스팸계란밥🐷개꿀레시피👌초간단 한끼해결 #간단한요리 #전자레인지요리 #쉬운요리,두리특식,주말에 밥 하기 귀찮을 때 좋을 듯요,1,2026-03-18,uFymi4a4dUU
요리입문,혼밥 오븐 요리,스팸계란밥🐷개꿀레시피👌초간단 한끼해결 #간단한요리 #전자레인지요리 #쉬운요리,두리특식,오 해봐야지,1,2025-02-12,uFymi4a4dUU
요리입문,혼밥 오븐 요리,스팸계란밥🐷개꿀레시피👌초간단 한끼해결 #간단한요리 #전자레인지요리 #쉬운요리,두리특식,넘맛잇엇어요 감사합니다,4,2025-06-10,uFymi4a4dUU
요리입문,혼밥 오븐 요리,스팸계란밥🐷개꿀레시피👌초간단 한끼해결 #간단한요리 #전자레인지요리 #쉬운요리,두리특식,❤,1,2026-03-17,uFymi4a4dUU
요리입문,혼밥 오븐 요리,스팸계란밥🐷개꿀레시피👌초간단 한끼해결 #간단한요리 #전자레인지요리 #쉬운요리,두리특식,"왠 음식에ㅡ
코풀기ㅡ비유람
왝ㅡ비위상하게",0,2026-06-03,uFymi4a4dUU
요리입문,혼밥 오븐 요리,스팸계란밥🐷개꿀레시피👌초간단 한끼해결 #간단한요리 #전자레인지요리 #쉬운요리,두리특식,와우,1,2026-01-03,uFymi4a4dUU
요리입문,혼밥 오븐 요리,스팸계란밥🐷개꿀레시피👌초간단 한끼해결 #간단한요리 #전자레인지요리 #쉬운요리,두리특식,자취생이.... 한끼에 스팸한통을 넣는다고요..?,0,2026-05-05,uFymi4a4dUU
요리입문,혼밥 오븐 요리,스팸계란밥🐷개꿀레시피👌초간단 한끼해결 #간단한요리 #전자레인지요리 #쉬운요리,두리특식,전자레인지 몇분 돌리나요?,0,2025-06-15,uFymi4a4dUU
요리입문,혼밥 오븐 요리,스팸계란밥🐷개꿀레시피👌초간단 한끼해결 #간단한요리 #전자레인지요리 #쉬운요리,두리특식,조금이란 도대체 뭘까...,5,2026-01-13,uFymi4a4dUU
요리입문,혼밥 오븐 요리,스팸계란밥🐷개꿀레시피👌초간단 한끼해결 #간단한요리 #전자레인지요리 #쉬운요리,두리특식,1빠!!❤,1,2024-09-21,uFymi4a4dUU
요리입문,혼밥 오븐 요리,스팸계란밥🐷개꿀레시피👌초간단 한끼해결 #간단한요리 #전자레인지요리 #쉬운요리,두리특식,❤❤😂😂😂😂,0,2025-08-12,uFymi4a4dUU
요리입문,혼밥 오븐 요리,스팸계란밥🐷개꿀레시피👌초간단 한끼해결 #간단한요리 #전자레인지요리 #쉬운요리,두리특식,손 안대고 코풀기는 아주 쉽다는 뜻이군여.. 근데 어려워여,0,2025-09-03,uFymi4a4dUU
요리입문,혼밥 오븐 요리,스팸계란밥🐷개꿀레시피👌초간단 한끼해결 #간단한요리 #전자레인지요리 #쉬운요리,두리특식,담에 이거한다.,2,2025-02-17,uFymi4a4dUU
요리입문,혼밥 오븐 요리,스팸계란밥🐷개꿀레시피👌초간단 한끼해결 #간단한요리 #전자레인지요리 #쉬운요리,두리특식,코는  밥 먹을땐 풀지마,0,2025-12-07,uFymi4a4dUU
요리입문,혼밥 오븐 요리,스팸계란밥🐷개꿀레시피👌초간단 한끼해결 #간단한요리 #전자레인지요리 #쉬운요리,두리특식,도그 라이스다.,0,2026-01-14,uFymi4a4dUU
요리입문,혼밥 오븐 요리,스팸계란밥🐷개꿀레시피👌초간단 한끼해결 #간단한요리 #전자레인지요리 #쉬운요리,두리특식,스팸: 칼 필요 없음 캔 뚜껑이 칼만큼 날카로워서 그거로 자르면 된,3,2026-01-03,uFymi4a4dUU
요리입문,혼밥 오븐 요리,스팸계란밥🐷개꿀레시피👌초간단 한끼해결 #간단한요리 #전자레인지요리 #쉬운요리,두리특식,일단 스팸이 너무 비싸네요ㅋ,2,2025-12-02,uFymi4a4dUU
요리입문,혼밥 오븐 요리,스팸계란밥🐷개꿀레시피👌초간단 한끼해결 #간단한요리 #전자레인지요리 #쉬운요리,두리특식,전자렌지 몇분돌리는지 말을안해주녀,4,2025-09-23,uFymi4a4dUU
요리입문,혼밥 오븐 요리,스팸계란밥🐷개꿀레시피👌초간단 한끼해결 #간단한요리 #전자레인지요리 #쉬운요리,두리특식,얘들아 부지런히 좀 살아라,0,2025-11-16,uFymi4a4dUU
요리입문,혼밥 오븐 요리,스팸계란밥🐷개꿀레시피👌초간단 한끼해결 #간단한요리 #전자레인지요리 #쉬운요리,두리특식,게을러요,0,2026-03-06,uFymi4a4dUU
요리입문,혼밥 오븐 요리,스팸계란밥🐷개꿀레시피👌초간단 한끼해결 #간단한요리 #전자레인지요리 #쉬운요리,두리특식,손안대고 코프는건 어려운뜻인데 이거 어렵다는 건가요?ㅋㅋ,1,2025-11-03,uFymi4a4dUU
요리입문,혼밥 오븐 요리,스팸계란밥🐷개꿀레시피👌초간단 한끼해결 #간단한요리 #전자레인지요리 #쉬운요리,두리특식,먹을 거 얘기하면서 코푼다는 표현 쓰니 밥맛 떨어져요 😂,3,2026-02-27,uFymi4a4dUU
요리입문,혼밥 오븐 요리,스팸계란밥🐷개꿀레시피👌초간단 한끼해결 #간단한요리 #전자레인지요리 #쉬운요리,두리특식,혈관 막힌다.,0,2025-03-14,uFymi4a4dUU
요리입문,혼밥 오븐 요리,스팸계란밥🐷개꿀레시피👌초간단 한끼해결 #간단한요리 #전자레인지요리 #쉬운요리,두리특식,맛없고 계란 비린내 남,1,2026-01-04,uFymi4a4dUU
요리입문,혼밥 오븐 요리,역대급 원팬 크림파스타 레시피,요리하는 과장 요과장,"- 원팬 파스타 레시피는 이거로 끝 -
1. 식용유 2,3바퀴 두르고
2. 양파 반개 썬거
3. 다진마늘 한스푼
4. 베이컨 4조각 넣고 볶아주다가
5. 우유 200ml
6. 물 500ml
7. 치즈 2장
8. 양송이버섯 3개 썬거
9. 소금 반스푼
10. 파스타면 500원만큼 넣고
11. 면 풀어주고 꾸덕해질때까지 졸여주면 완성!!
요새끼님의 크림파스타 레시피입니다!🙏",170,2024-09-25,1ZKn_CaqX1A
요리입문,혼밥 오븐 요리,역대급 원팬 크림파스타 레시피,요리하는 과장 요과장,물조절이 개 핵심임. 파스타가 익을 정도에 딱 졸여지게 해야해서 처음부터 때려부으면 다시는 원팬파스타 안하게됨ㅋㅋ,97,2025-10-01,1ZKn_CaqX1A
요리입문,혼밥 오븐 요리,역대급 원팬 크림파스타 레시피,요리하는 과장 요과장,고등학생인데 재료도 간단해서 해먹었어요! 부모님것도 만들어드렸는데 고맙다구 맛있다구 좋아하시고 동네방네 자랑하셨어요 ㅎㅎ 감사합니다!,232,2024-12-16,1ZKn_CaqX1A
요리입문,혼밥 오븐 요리,역대급 원팬 크림파스타 레시피,요리하는 과장 요과장,2인분 기준 물 500ml 맞다. 1인분 400ml 정도 넣으면 될듯. 10~12분 끓이면 조려짐,41,2025-11-29,1ZKn_CaqX1A
요리입문,혼밥 오븐 요리,역대급 원팬 크림파스타 레시피,요리하는 과장 요과장,감사합니다!! 저녁 맛있게 먹었어요😍,5,2025-08-01,1ZKn_CaqX1A
요리입문,혼밥 오븐 요리,역대급 원팬 크림파스타 레시피,요리하는 과장 요과장,"파스타 자주 해먹는데 
먹고싶다요👍👍👍👍👍👍",4,2024-10-26,1ZKn_CaqX1A
요리입문,혼밥 오븐 요리,역대급 원팬 크림파스타 레시피,요리하는 과장 요과장,방금 만들었는데 너무 맛있어서 순식간에 다먹어버렸어요! 감사합니다~,1,2026-03-04,1ZKn_CaqX1A
요리입문,혼밥 오븐 요리,역대급 원팬 크림파스타 레시피,요리하는 과장 요과장,물 500ml 넣엇은데 언제 졸여지노 ㅋㅋㅋㅋㅋ망함 ㅋㅋㅋㅋㅋ,37,2025-09-22,1ZKn_CaqX1A
요리입문,혼밥 오븐 요리,역대급 원팬 크림파스타 레시피,요리하는 과장 요과장,간단하고 빨리 맛있게 해먹을수 있었어요. 감사합니다,0,2026-04-08,1ZKn_CaqX1A
요리입문,혼밥 오븐 요리,역대급 원팬 크림파스타 레시피,요리하는 과장 요과장,너무 맛있네요 전 마지막에 참치액 1숟갈 넣어줬어요,3,2026-01-09,1ZKn_CaqX1A
요리입문,혼밥 오븐 요리,역대급 원팬 크림파스타 레시피,요리하는 과장 요과장,혹시 폰타나같은 시판소스로하면그냥 우유붓는 그단계에서 부으면되나용?,0,2025-04-28,1ZKn_CaqX1A
요리입문,혼밥 오븐 요리,역대급 원팬 크림파스타 레시피,요리하는 과장 요과장,여기에 땡초하나 넣으니까 안느끼하고 최고 👍,2,2025-11-26,1ZKn_CaqX1A
요리입문,혼밥 오븐 요리,역대급 원팬 크림파스타 레시피,요리하는 과장 요과장,면 양을 늘릴려면 면만 더 넣어도 괜찮은가요?,0,2025-03-26,1ZKn_CaqX1A
요리입문,혼밥 오븐 요리,역대급 원팬 크림파스타 레시피,요리하는 과장 요과장,물이 많다는 댓글들이 많은데 혹시 가스레인지 불 기준으로 하면 강불로 졸여도 될까요??,0,2025-11-01,1ZKn_CaqX1A
요리입문,혼밥 오븐 요리,역대급 원팬 크림파스타 레시피,요리하는 과장 요과장,올리브오일 써도되나요?,9,2025-01-16,1ZKn_CaqX1A
요리입문,혼밥 오븐 요리,역대급 원팬 크림파스타 레시피,요리하는 과장 요과장,1인분 기준 우유300에 물 150넣고 15분간 중약불 하니 딱 좋으네여 너무 꾸덕하지두 않고 촉촉해요 소스 충분해서 남은 소스에 리조또까지 쌉가넝,1,2026-05-10,1ZKn_CaqX1A
요리입문,혼밥 오븐 요리,역대급 원팬 크림파스타 레시피,요리하는 과장 요과장,우유대신 생크림(액체) 으로 하면 맛있나요?,0,2025-10-19,1ZKn_CaqX1A
요리입문,혼밥 오븐 요리,역대급 원팬 크림파스타 레시피,요리하는 과장 요과장,짱이에요 여기에 저는 참치액 조금 굴소스 조금 넣어서 간해요 존맛 간편,1,2026-04-21,1ZKn_CaqX1A
요리입문,혼밥 오븐 요리,역대급 원팬 크림파스타 레시피,요리하는 과장 요과장,스파게티 면으로 해도 되나요??😢,0,2025-09-06,1ZKn_CaqX1A
요리입문,혼밥 오븐 요리,역대급 원팬 크림파스타 레시피,요리하는 과장 요과장,"3인분은 물, 우유, 치즈 얼마나 넣어야 할까요?",0,2025-08-21,1ZKn_CaqX1A
요리입문,혼밥 오븐 요리,역대급 원팬 크림파스타 레시피,요리하는 과장 요과장,베이컨 없어도 돼나요?소세지로 대체햐도 되나..,2,2025-02-10,1ZKn_CaqX1A
요리입문,혼밥 오븐 요리,역대급 원팬 크림파스타 레시피,요리하는 과장 요과장,면을따로익히면 물이랑소금 안넣어도 되는거네요?,0,2026-03-28,1ZKn_CaqX1A
요리입문,혼밥 오븐 요리,역대급 원팬 크림파스타 레시피,요리하는 과장 요과장,"주인장분이 설명이 빠진게있네요 
500미리면 불조절해서 하면 상관없는대 
불 조절이 어려우시면 물을 200~300 조금씩 넣으시면서 면 익힘정도와 꾸덕함 상태 보면서 조절해서 넣으시면 되고 익힘정도는 
좋은대 물이 남아있다면 센불로 조려주세요",50,2025-12-08,1ZKn_CaqX1A
요리입문,혼밥 오븐 요리,역대급 원팬 크림파스타 레시피,요리하는 과장 요과장,아 ㅈㄴ배부르게 잘먹엇다 준내맛잇네,1,2025-10-11,1ZKn_CaqX1A
요리입문,혼밥 오븐 요리,역대급 원팬 크림파스타 레시피,요리하는 과장 요과장,"제가 유당 분해 능력이 약해 우유 마시면 자기 전에 배탈이 나는데, 우유말고 대체할만한 재료 있나요?",4,2025-05-11,1ZKn_CaqX1A
요리입문,혼밥 오븐 요리,역대급 원팬 크림파스타 레시피,요리하는 과장 요과장,양송이 안 넣어도 돼나요?,3,2025-01-27,1ZKn_CaqX1A
요리입문,혼밥 오븐 요리,역대급 원팬 크림파스타 레시피,요리하는 과장 요과장,베이컨많은데 요거 아침메뉴로당첨😊👍👍👍,1,2024-09-25,1ZKn_CaqX1A
요리입문,혼밥 오븐 요리,역대급 원팬 크림파스타 레시피,요리하는 과장 요과장,영상이 안끝나요 ! !,1,2025-10-17,1ZKn_CaqX1A
요리입문,혼밥 오븐 요리,역대급 원팬 크림파스타 레시피,요리하는 과장 요과장,버섯을 넣다 마네...,3,2025-07-06,1ZKn_CaqX1A
요리입문,혼밥 오븐 요리,역대급 원팬 크림파스타 레시피,요리하는 과장 요과장,식초 간장 초고추장 쌈장 된장 김치 물에 넣고 꾸덕해질때까지 저어주면 김치찌개,0,2026-01-14,1ZKn_CaqX1A
요리입문,혼밥 오븐 요리,역대급 원팬 크림파스타 레시피,요리하는 과장 요과장,우유 + 물 합쳐서 500ml하세요 물 너무 많아서 지금도 졸이는 중이라 못 먹고 있아요,8,2025-09-17,1ZKn_CaqX1A
요리입문,혼밥 오븐 요리,역대급 원팬 크림파스타 레시피,요리하는 과장 요과장,마법의 굴소스도 포함,13,2025-03-24,1ZKn_CaqX1A
요리입문,혼밥 오븐 요리,역대급 원팬 크림파스타 레시피,요리하는 과장 요과장,"이게 팬마다 또 다름
코팅팬은 물도 잘 안끓기도 하고 집 화구마다 다른거라 원팬은 첨에 적당히 넣고 조절해야함",0,2026-03-28,1ZKn_CaqX1A
요리입문,혼밥 오븐 요리,역대급 원팬 크림파스타 레시피,요리하는 과장 요과장,이게 2인분인가요 1인분인가요?,2,2025-03-15,1ZKn_CaqX1A
요리입문,혼밥 오븐 요리,역대급 원팬 크림파스타 레시피,요리하는 과장 요과장,"이거 2~3인분 이상 만드시는 분들 물 500ml 여러번 넣지 마세요
(물 저대로 넣으면 오래 졸여야 함)
면 충분히 잠길정도까지만 넣으시면 됩니다.
부족하다싶으면 보다가 조금씩만 추가하시는게 좋아요",37,2025-07-16,1ZKn_CaqX1A
요리입문,혼밥 오븐 요리,역대급 원팬 크림파스타 레시피,요리하는 과장 요과장,1인분인가요????,5,2025-07-03,1ZKn_CaqX1A
요리입문,혼밥 오븐 요리,역대급 원팬 크림파스타 레시피,요리하는 과장 요과장,그냥 불조절없이 강불로 하면 물양 딱 맞아요,0,2026-01-14,1ZKn_CaqX1A
요리입문,혼밥 오븐 요리,역대급 원팬 크림파스타 레시피,요리하는 과장 요과장,와 이것도 귀찮은거 자취병 말기인가 고딩도 했다는데,15,2025-12-18,1ZKn_CaqX1A
요리입문,혼밥 오븐 요리,역대급 원팬 크림파스타 레시피,요리하는 과장 요과장,불 쎄기는 어떻게해요?!,0,2025-09-09,1ZKn_CaqX1A
요리입문,혼밥 오븐 요리,역대급 원팬 크림파스타 레시피,요리하는 과장 요과장,아니 소금 반스푼 넣지 말고 한 꼬집 넣으세요 짜서 죽는 줄 앎,1,2025-07-04,1ZKn_CaqX1A
요리입문,혼밥 오븐 요리,역대급 원팬 크림파스타 레시피,요리하는 과장 요과장,물 500 안쫄아져;;;;;,1,2025-12-01,1ZKn_CaqX1A
요리입문,혼밥 오븐 요리,역대급 원팬 크림파스타 레시피,요리하는 과장 요과장,"너무 물이 많은것 같아요
쪼릴라면 시간 걸리네요
만드는중입니다",1,2025-05-27,1ZKn_CaqX1A
요리입문,혼밥 오븐 요리,역대급 원팬 크림파스타 레시피,요리하는 과장 요과장,체다치즈 대신 크림치즈 넣어도 되나요?,1,2025-06-25,1ZKn_CaqX1A
요리입문,혼밥 오븐 요리,역대급 원팬 크림파스타 레시피,요리하는 과장 요과장,물 500미틴 와 안쫄여진다 씨,103,2025-11-28,1ZKn_CaqX1A
요리입문,혼밥 오븐 요리,역대급 원팬 크림파스타 레시피,요리하는 과장 요과장,요거 3인분 할려면 이거 3배로 하면 되나요??,1,2025-02-10,1ZKn_CaqX1A
요리입문,혼밥 오븐 요리,역대급 원팬 크림파스타 레시피,요리하는 과장 요과장,"물은 금방 조려지는데, 간이 약해서 소금 무지쳐야했나봅니다.",0,2026-04-12,1ZKn_CaqX1A
요리입문,혼밥 오븐 요리,역대급 원팬 크림파스타 레시피,요리하는 과장 요과장,머쉬드포테이토..온리 삶아으깬감자만..넣음 꾸덕하니더맛나요,2,2024-09-25,1ZKn_CaqX1A
요리입문,혼밥 오븐 요리,역대급 원팬 크림파스타 레시피,요리하는 과장 요과장,2인분할려면 물 우유 2배로 넣음되나요?,6,2024-10-06,1ZKn_CaqX1A
요리입문,혼밥 오븐 요리,역대급 원팬 크림파스타 레시피,요리하는 과장 요과장,물 너무 많아요,0,2025-09-28,1ZKn_CaqX1A
요리입문,혼밥 오븐 요리,역대급 원팬 크림파스타 레시피,요리하는 과장 요과장,몇 센치 짜리 팬 쓰라는 얘기는 이 악물고 안함 어휴,1,2025-12-06,1ZKn_CaqX1A
요리입문,혼밥 오븐 요리,명절에도 박수받는애호박전 이렇게! #애호박만두 #애호박전 #애호박전레시피 #명절전부치기 #명절전레시피 #애호박 #집밥 #혼밥 #간식 #주말간식 #안주 #내가먹는게나,Richcook,"레시피는 요기👇

❤구독, 좋아요, 알림설정,
공유 감사합니다🫶

애호박 1개를 알차게 먹을 수
있는 식이섬유 듬뿍 담긴
레시피라 추천드리구요:)

살캉한 맛 애호박전 
안좋아하신다면
무조건 추천드려요🤗

《당면 애호박전 재료》
■ 애호박 1개
■ 당면 50g
■ 홍고추 1개
■ 대파 1/2대
■ 달걀 3개 
■ 참기름 1큰술
■ 굴소스 1큰술
■ 소금 1/2 큰술
■ 후추 약간

《당면 애호박전 레시피》
1️⃣당면은 따뜻한 물에 
30분~1시간 정도 미리 불려주고

2️⃣애호박은 채썰어 소금에 
10분 정도 절여두어요.

3️⃣대파와 홍고추는 다져
준비하세요.

4️⃣불린 당면은 가위나 칼로
1cm 정도 길이로 잘라주세요.

5️⃣절여진 애호박은 물기를
꼭짜주고

6️⃣썰어 둔 재료들과 양념,
달걀을 넣어 섞어주세요:)

7️⃣팬에 기름 두르고 8cm 정도
크기로 반죽을 올려 굽다가

8️⃣밑면이 노릇하게 익으면
반 접어 앞뒤로 속이 익을 때까지
구워주세요:)

그냥 심심하게 드셔도 좋고
초간장에 찍어 드셔도 좋아요:)

✅️만두피 없이 만두 맛이 나서
놀라웠는데요,
이렇게 드시면 애호박 2-3개도
순삭할거 같아요.

✅️굴소스 잘 안쓰는데
이 전엔 굴소스 들어간게
더 맛있더라구요😅

✅️새우 넣어주면 더 고급진맛 
애호박 전이 될거 같구요.

✅️청양고추 1개 넣어주시면
칼칼한 어른맛으로 좋구요,",320,2024-09-13,7yBGELEmWlU
요리입문,혼밥 오븐 요리,명절에도 박수받는애호박전 이렇게! #애호박만두 #애호박전 #애호박전레시피 #명절전부치기 #명절전레시피 #애호박 #집밥 #혼밥 #간식 #주말간식 #안주 #내가먹는게나,Richcook,훌륭합니다.   만들어 봐야겠네요. 👍 👍 👍 🎉❤,34,2024-09-17,7yBGELEmWlU
요리입문,혼밥 오븐 요리,명절에도 박수받는애호박전 이렇게! #애호박만두 #애호박전 #애호박전레시피 #명절전부치기 #명절전레시피 #애호박 #집밥 #혼밥 #간식 #주말간식 #안주 #내가먹는게나,Richcook,호박 부침개 맛나게 보여요 최고 👍 입니다 해봐야 겠네요 ❣️ 좋아요 😅😅최고 입니다,15,2024-09-19,7yBGELEmWlU
요리입문,혼밥 오븐 요리,명절에도 박수받는애호박전 이렇게! #애호박만두 #애호박전 #애호박전레시피 #명절전부치기 #명절전레시피 #애호박 #집밥 #혼밥 #간식 #주말간식 #안주 #내가먹는게나,Richcook,두부넣어도 맛나유😊😊,24,2024-09-17,7yBGELEmWlU
요리입문,혼밥 오븐 요리,명절에도 박수받는애호박전 이렇게! #애호박만두 #애호박전 #애호박전레시피 #명절전부치기 #명절전레시피 #애호박 #집밥 #혼밥 #간식 #주말간식 #안주 #내가먹는게나,Richcook,보기만해도 맛이 남니다. 감사합니다,7,2024-09-24,7yBGELEmWlU
요리입문,혼밥 오븐 요리,명절에도 박수받는애호박전 이렇게! #애호박만두 #애호박전 #애호박전레시피 #명절전부치기 #명절전레시피 #애호박 #집밥 #혼밥 #간식 #주말간식 #안주 #내가먹는게나,Richcook,맛있겠네요  오늘  저녁에는 꼭 산번 붙여봐야겠어요 감사하네요,6,2024-09-27,7yBGELEmWlU
요리입문,혼밥 오븐 요리,명절에도 박수받는애호박전 이렇게! #애호박만두 #애호박전 #애호박전레시피 #명절전부치기 #명절전레시피 #애호박 #집밥 #혼밥 #간식 #주말간식 #안주 #내가먹는게나,Richcook,와  당면도 넣는거보니 어릴때 먹었던 야채 호떡 생각나네요😊,10,2024-11-10,7yBGELEmWlU
요리입문,혼밥 오븐 요리,명절에도 박수받는애호박전 이렇게! #애호박만두 #애호박전 #애호박전레시피 #명절전부치기 #명절전레시피 #애호박 #집밥 #혼밥 #간식 #주말간식 #안주 #내가먹는게나,Richcook,목소리가 너무 좋아요 쇼츠 넘기다가 멈추게하는 매력이 있으시네요.,14,2024-09-23,7yBGELEmWlU
요리입문,혼밥 오븐 요리,명절에도 박수받는애호박전 이렇게! #애호박만두 #애호박전 #애호박전레시피 #명절전부치기 #명절전레시피 #애호박 #집밥 #혼밥 #간식 #주말간식 #안주 #내가먹는게나,Richcook,"목소리가. 너무 예쁘셔서 애호박전도. 맛있게 보여요
꼭. 해먹을께요❤",3,2024-10-05,7yBGELEmWlU
요리입문,혼밥 오븐 요리,명절에도 박수받는애호박전 이렇게! #애호박만두 #애호박전 #애호박전레시피 #명절전부치기 #명절전레시피 #애호박 #집밥 #혼밥 #간식 #주말간식 #안주 #내가먹는게나,Richcook,맛있겠어요 해볼게요. 오늘은 애호박전.해먹었어요.,1,2024-09-23,7yBGELEmWlU
요리입문,혼밥 오븐 요리,명절에도 박수받는애호박전 이렇게! #애호박만두 #애호박전 #애호박전레시피 #명절전부치기 #명절전레시피 #애호박 #집밥 #혼밥 #간식 #주말간식 #안주 #내가먹는게나,Richcook,채칼제품 문의에는 의도적으로 답글안다시나요.......  공구하신 후라이팬 제품은 답변을 다시면서요,14,2024-09-26,7yBGELEmWlU
요리입문,혼밥 오븐 요리,명절에도 박수받는애호박전 이렇게! #애호박만두 #애호박전 #애호박전레시피 #명절전부치기 #명절전레시피 #애호박 #집밥 #혼밥 #간식 #주말간식 #안주 #내가먹는게나,Richcook,꼭  해볼게 요  찐자  좋은맛알려주서감사합니다❤❤❤,2,2025-01-25,7yBGELEmWlU
요리입문,혼밥 오븐 요리,명절에도 박수받는애호박전 이렇게! #애호박만두 #애호박전 #애호박전레시피 #명절전부치기 #명절전레시피 #애호박 #집밥 #혼밥 #간식 #주말간식 #안주 #내가먹는게나,Richcook,정말 고급진 아이템입니다^^,3,2024-09-28,7yBGELEmWlU
요리입문,혼밥 오븐 요리,명절에도 박수받는애호박전 이렇게! #애호박만두 #애호박전 #애호박전레시피 #명절전부치기 #명절전레시피 #애호박 #집밥 #혼밥 #간식 #주말간식 #안주 #내가먹는게나,Richcook,동내마트 호박 세일해서    새우젓넣고 볶음 했는데  낼은  저두 부침으로😊,3,2024-09-24,7yBGELEmWlU
요리입문,혼밥 오븐 요리,명절에도 박수받는애호박전 이렇게! #애호박만두 #애호박전 #애호박전레시피 #명절전부치기 #명절전레시피 #애호박 #집밥 #혼밥 #간식 #주말간식 #안주 #내가먹는게나,Richcook,"와~우~ 이거 뭐죠?
눈이 번쩍 뜨여요 ㅋㅋㅋ",1,2024-09-20,7yBGELEmWlU
요리입문,혼밥 오븐 요리,명절에도 박수받는애호박전 이렇게! #애호박만두 #애호박전 #애호박전레시피 #명절전부치기 #명절전레시피 #애호박 #집밥 #혼밥 #간식 #주말간식 #안주 #내가먹는게나,Richcook,"레시피도 좋지만
더보기 댓글에 상세한 내역 써주셔서
너무 좋아요
오늘 준비중입니다
감사드려요
목소리 말투 음식 다 이뻐요😍😍",8,2025-01-20,7yBGELEmWlU
요리입문,혼밥 오븐 요리,명절에도 박수받는애호박전 이렇게! #애호박만두 #애호박전 #애호박전레시피 #명절전부치기 #명절전레시피 #애호박 #집밥 #혼밥 #간식 #주말간식 #안주 #내가먹는게나,Richcook,맛있겠어요~~^^😂,1,2024-09-25,7yBGELEmWlU
요리입문,혼밥 오븐 요리,명절에도 박수받는애호박전 이렇게! #애호박만두 #애호박전 #애호박전레시피 #명절전부치기 #명절전레시피 #애호박 #집밥 #혼밥 #간식 #주말간식 #안주 #내가먹는게나,Richcook,"애호박의 색다른 요리 맛있겠어요
 레시피 감사해요

소금이 1/2큰술 맞나요?",2,2024-09-27,7yBGELEmWlU
요리입문,혼밥 오븐 요리,명절에도 박수받는애호박전 이렇게! #애호박만두 #애호박전 #애호박전레시피 #명절전부치기 #명절전레시피 #애호박 #집밥 #혼밥 #간식 #주말간식 #안주 #내가먹는게나,Richcook,채칼 정보즘주세요 ~^^,6,2024-09-18,7yBGELEmWlU
요리입문,혼밥 오븐 요리,명절에도 박수받는애호박전 이렇게! #애호박만두 #애호박전 #애호박전레시피 #명절전부치기 #명절전레시피 #애호박 #집밥 #혼밥 #간식 #주말간식 #안주 #내가먹는게나,Richcook,"감사합니다 
맛나게해먹을게요❤❤❤",1,2025-09-29,7yBGELEmWlU
요리입문,혼밥 오븐 요리,명절에도 박수받는애호박전 이렇게! #애호박만두 #애호박전 #애호박전레시피 #명절전부치기 #명절전레시피 #애호박 #집밥 #혼밥 #간식 #주말간식 #안주 #내가먹는게나,Richcook,"맛있겠어요. 당면을
넣어서 더더더",1,2024-09-23,7yBGELEmWlU
요리입문,혼밥 오븐 요리,명절에도 박수받는애호박전 이렇게! #애호박만두 #애호박전 #애호박전레시피 #명절전부치기 #명절전레시피 #애호박 #집밥 #혼밥 #간식 #주말간식 #안주 #내가먹는게나,Richcook,멋진사람이네요 ❤❤❤🎉,4,2024-09-17,7yBGELEmWlU
요리입문,혼밥 오븐 요리,명절에도 박수받는애호박전 이렇게! #애호박만두 #애호박전 #애호박전레시피 #명절전부치기 #명절전레시피 #애호박 #집밥 #혼밥 #간식 #주말간식 #안주 #내가먹는게나,Richcook,괜찮아요 좋아요,3,2024-09-19,7yBGELEmWlU
요리입문,혼밥 오븐 요리,명절에도 박수받는애호박전 이렇게! #애호박만두 #애호박전 #애호박전레시피 #명절전부치기 #명절전레시피 #애호박 #집밥 #혼밥 #간식 #주말간식 #안주 #내가먹는게나,Richcook,"와우
바로 따라합니다ㆍ
감사합니다",1,2025-10-01,7yBGELEmWlU
요리입문,혼밥 오븐 요리,명절에도 박수받는애호박전 이렇게! #애호박만두 #애호박전 #애호박전레시피 #명절전부치기 #명절전레시피 #애호박 #집밥 #혼밥 #간식 #주말간식 #안주 #내가먹는게나,Richcook,후라이팬 정보좀요~,0,2026-02-15,7yBGELEmWlU
요리입문,혼밥 오븐 요리,명절에도 박수받는애호박전 이렇게! #애호박만두 #애호박전 #애호박전레시피 #명절전부치기 #명절전레시피 #애호박 #집밥 #혼밥 #간식 #주말간식 #안주 #내가먹는게나,Richcook,"굿~♡
❤",1,2024-09-27,7yBGELEmWlU
요리입문,혼밥 오븐 요리,명절에도 박수받는애호박전 이렇게! #애호박만두 #애호박전 #애호박전레시피 #명절전부치기 #명절전레시피 #애호박 #집밥 #혼밥 #간식 #주말간식 #안주 #내가먹는게나,Richcook,"애호박, 야채 찐러버인데~!! 해볼게요오!! 맛있겠다! 진짜루~~",0,2025-06-21,7yBGELEmWlU
요리입문,혼밥 오븐 요리,명절에도 박수받는애호박전 이렇게! #애호박만두 #애호박전 #애호박전레시피 #명절전부치기 #명절전레시피 #애호박 #집밥 #혼밥 #간식 #주말간식 #안주 #내가먹는게나,Richcook,채칼 어디꺼예요?,2,2024-10-19,7yBGELEmWlU
요리입문,혼밥 오븐 요리,명절에도 박수받는애호박전 이렇게! #애호박만두 #애호박전 #애호박전레시피 #명절전부치기 #명절전레시피 #애호박 #집밥 #혼밥 #간식 #주말간식 #안주 #내가먹는게나,Richcook,채칼정보좀 알려주셔요,2,2024-10-11,7yBGELEmWlU
요리입문,혼밥 오븐 요리,명절에도 박수받는애호박전 이렇게! #애호박만두 #애호박전 #애호박전레시피 #명절전부치기 #명절전레시피 #애호박 #집밥 #혼밥 #간식 #주말간식 #안주 #내가먹는게나,Richcook,저는 스텐팬쓰기가 너무 힘들어요. 시키는대로 다 했는데도 두부부침 다 들러붙고 쓸수록 더 들러붙어요,2,2024-10-06,7yBGELEmWlU
요리입문,혼밥 오븐 요리,명절에도 박수받는애호박전 이렇게! #애호박만두 #애호박전 #애호박전레시피 #명절전부치기 #명절전레시피 #애호박 #집밥 #혼밥 #간식 #주말간식 #안주 #내가먹는게나,Richcook,"만이드실고  ~~모두 뱃살로 바로 직행
괜찮으신지요???",1,2024-10-28,7yBGELEmWlU
요리입문,혼밥 오븐 요리,명절에도 박수받는애호박전 이렇게! #애호박만두 #애호박전 #애호박전레시피 #명절전부치기 #명절전레시피 #애호박 #집밥 #혼밥 #간식 #주말간식 #안주 #내가먹는게나,Richcook,한번 해볼게요. 감사합니다. 그런데 우시는줄 알았어요 ㅠㅠㅠㅠ,2,2024-09-27,7yBGELEmWlU
요리입문,혼밥 오븐 요리,명절에도 박수받는애호박전 이렇게! #애호박만두 #애호박전 #애호박전레시피 #명절전부치기 #명절전레시피 #애호박 #집밥 #혼밥 #간식 #주말간식 #안주 #내가먹는게나,Richcook,"따라해보고싶네요.
요리를 너무 예쁘게 하시네요^^",0,2026-04-29,7yBGELEmWlU
요리입문,혼밥 오븐 요리,명절에도 박수받는애호박전 이렇게! #애호박만두 #애호박전 #애호박전레시피 #명절전부치기 #명절전레시피 #애호박 #집밥 #혼밥 #간식 #주말간식 #안주 #내가먹는게나,Richcook,"저는 잡채 남는 거 잘게 다져서 달걀 넣고
전을 부쳐 먹어요. 
이리 뒹굴 저리 뒹굴거리는 잡채전 정말 
맛나요!!!!",50,2024-09-21,7yBGELEmWlU
요리입문,혼밥 오븐 요리,명절에도 박수받는애호박전 이렇게! #애호박만두 #애호박전 #애호박전레시피 #명절전부치기 #명절전레시피 #애호박 #집밥 #혼밥 #간식 #주말간식 #안주 #내가먹는게나,Richcook,간단해서 좋네요,0,2026-02-16,7yBGELEmWlU
요리입문,혼밥 오븐 요리,명절에도 박수받는애호박전 이렇게! #애호박만두 #애호박전 #애호박전레시피 #명절전부치기 #명절전레시피 #애호박 #집밥 #혼밥 #간식 #주말간식 #안주 #내가먹는게나,Richcook,후라이팬 어디건가요?,1,2024-09-25,7yBGELEmWlU
요리입문,혼밥 오븐 요리,명절에도 박수받는애호박전 이렇게! #애호박만두 #애호박전 #애호박전레시피 #명절전부치기 #명절전레시피 #애호박 #집밥 #혼밥 #간식 #주말간식 #안주 #내가먹는게나,Richcook,올 구정 전은 색다른 호박전으로 해볼께요 전 러버~~,1,2026-01-21,7yBGELEmWlU
요리입문,혼밥 오븐 요리,명절에도 박수받는애호박전 이렇게! #애호박만두 #애호박전 #애호박전레시피 #명절전부치기 #명절전레시피 #애호박 #집밥 #혼밥 #간식 #주말간식 #안주 #내가먹는게나,Richcook,참치캔을 넣어도 맛있어요...,5,2024-09-18,7yBGELEmWlU
요리입문,혼밥 오븐 요리,명절에도 박수받는애호박전 이렇게! #애호박만두 #애호박전 #애호박전레시피 #명절전부치기 #명절전레시피 #애호박 #집밥 #혼밥 #간식 #주말간식 #안주 #내가먹는게나,Richcook,저두 명절때마다 합니다^^,1,2024-09-26,7yBGELEmWlU
요리입문,혼밥 오븐 요리,명절에도 박수받는애호박전 이렇게! #애호박만두 #애호박전 #애호박전레시피 #명절전부치기 #명절전레시피 #애호박 #집밥 #혼밥 #간식 #주말간식 #안주 #내가먹는게나,Richcook,채칼정보좀요,2,2024-09-22,7yBGELEmWlU
요리입문,혼밥 오븐 요리,명절에도 박수받는애호박전 이렇게! #애호박만두 #애호박전 #애호박전레시피 #명절전부치기 #명절전레시피 #애호박 #집밥 #혼밥 #간식 #주말간식 #안주 #내가먹는게나,Richcook,채칼정보 부탁드립니다,2,2024-09-24,7yBGELEmWlU
요리입문,혼밥 오븐 요리,명절에도 박수받는애호박전 이렇게! #애호박만두 #애호박전 #애호박전레시피 #명절전부치기 #명절전레시피 #애호박 #집밥 #혼밥 #간식 #주말간식 #안주 #내가먹는게나,Richcook,잘 먹겠습니다,0,2025-12-12,7yBGELEmWlU
요리입문,혼밥 오븐 요리,명절에도 박수받는애호박전 이렇게! #애호박만두 #애호박전 #애호박전레시피 #명절전부치기 #명절전레시피 #애호박 #집밥 #혼밥 #간식 #주말간식 #안주 #내가먹는게나,Richcook,당면이 두꺼웠나 반쪽으로 안접혀서 전분가루 조금넣었어요 엄청맛있네용~~😅,0,2026-01-07,7yBGELEmWlU
요리입문,혼밥 오븐 요리,명절에도 박수받는애호박전 이렇게! #애호박만두 #애호박전 #애호박전레시피 #명절전부치기 #명절전레시피 #애호박 #집밥 #혼밥 #간식 #주말간식 #안주 #내가먹는게나,Richcook,다 좋은데 기름을 사용하지 않는 방법은 없을까요? 전은 활용도가 ... 부탁합니다❤❤❤❤❤,1,2024-09-24,7yBGELEmWlU
요리입문,혼밥 오븐 요리,명절에도 박수받는애호박전 이렇게! #애호박만두 #애호박전 #애호박전레시피 #명절전부치기 #명절전레시피 #애호박 #집밥 #혼밥 #간식 #주말간식 #안주 #내가먹는게나,Richcook,看這簡單又清爽，我也來試試,3,2024-10-11,7yBGELEmWlU
요리입문,혼밥 오븐 요리,명절에도 박수받는애호박전 이렇게! #애호박만두 #애호박전 #애호박전레시피 #명절전부치기 #명절전레시피 #애호박 #집밥 #혼밥 #간식 #주말간식 #안주 #내가먹는게나,Richcook,"여기에 니오는 정사각형 모양의 음식 담든 용기요, 상표가 어떻게 됐는지요?
또 어디서 구매를 힐수 있을까요?",0,2025-06-22,7yBGELEmWlU
요리입문,혼밥 오븐 요리,명절에도 박수받는애호박전 이렇게! #애호박만두 #애호박전 #애호박전레시피 #명절전부치기 #명절전레시피 #애호박 #집밥 #혼밥 #간식 #주말간식 #안주 #내가먹는게나,Richcook,뒤집는 손길 보니까 요리에 매우 능숙하신 분이신 게 보여짐.,9,2024-10-08,7yBGELEmWlU
요리입문,혼밥 오븐 요리,명절에도 박수받는애호박전 이렇게! #애호박만두 #애호박전 #애호박전레시피 #명절전부치기 #명절전레시피 #애호박 #집밥 #혼밥 #간식 #주말간식 #안주 #내가먹는게나,Richcook,접어도 다 익어요?,0,2025-09-17,7yBGELEmWlU
요리입문,혼밥 오븐 요리,명절에도 박수받는애호박전 이렇게! #애호박만두 #애호박전 #애호박전레시피 #명절전부치기 #명절전레시피 #애호박 #집밥 #혼밥 #간식 #주말간식 #안주 #내가먹는게나,Richcook,밀가루가 안 들어가서 좋아요 ㅎ,1,2024-09-19,7yBGELEmWlU
요리입문,혼밥 오븐 요리,명절에도 박수받는애호박전 이렇게! #애호박만두 #애호박전 #애호박전레시피 #명절전부치기 #명절전레시피 #애호박 #집밥 #혼밥 #간식 #주말간식 #안주 #내가먹는게나,Richcook,재료가뭐드러가는지자세이 알려주세요?,1,2024-09-22,7yBGELEmWlU
